Timestamp,Weather,Time of Day,Mask White Ratio,Lane Quality Score,Lane Error,Processing Time (ms),Mode
1767943565488,Sunny,Day,0.10199652777777778,100.0,-13.0,435.25657500003945,manual
1767943565823,Sunny,Day,0.10203993055555556,100.0,-13.0,5.087533000278199,manual
1767943565852,Sunny,Day,0.1017795138888889,100.0,-13.0,2.95037100022455,manual
1767943565865,Sunny,Day,0.10225694444444444,100.0,-13.0,7.720568999957322,manual
1767943565895,Sunny,Day,0.1017795138888889,100.0,-13.0,25.06368200010911,manual
1767943565927,Sunny,Day,0.10199652777777778,100.0,-13.0,27.185696000287862,manual
1767943565959,Sunny,Day,0.1017795138888889,100.0,-13.0,26.793563999945036,manual
1767943565990,Sunny,Day,0.10190972222222222,100.0,-13.0,25.547851999817794,manual
1767943566022,Sunny,Day,0.10203993055555556,100.0,-13.0,26.546135999979015,manual
1767943566053,Sunny,Day,0.10130208333333333,100.0,-13.0,26.225819000046613,manual
1767943566083,Sunny,Day,0.10182291666666667,100.0,-13.0,24.8382920003678,manual
1767943566114,Sunny,Day,0.1015625,100.0,-13.0,26.755433999824163,manual
1767943566146,Sunny,Day,0.10190972222222222,100.0,-13.0,27.014084000256844,manual
1767943566177,Sunny,Day,0.10164930555555556,100.0,-13.0,26.847711999835155,manual
1767943566209,Sunny,Day,0.1013454861111111,100.0,-13.0,26.76654500010045,manual
1767943566240,Sunny,Day,0.10143229166666666,100.0,-13.0,26.395709000098577,manual
1767943566271,Sunny,Day,0.1013454861111111,100.0,-13.0,26.764248999825213,manual
1767943566303,Sunny,Day,0.10099826388888888,100.0,-13.0,26.81956300011734,manual
1767943566335,Sunny,Day,0.10182291666666667,100.0,-13.0,27.516085999650386,manual
1767943566366,Sunny,Day,0.1015625,100.0,-13.0,26.795284999934665,manual
1767943566397,Sunny,Day,0.1015625,100.0,-13.0,26.554858000054082,manual
1767943566429,Sunny,Day,0.10164930555555556,100.0,-13.0,27.181380999991234,manual
1767943566460,Sunny,Day,0.10130208333333333,100.0,-13.0,26.772544999857928,manual
1767943566491,Sunny,Day,0.10138888888888889,100.0,-13.0,26.888193999639043,manual
1767943566522,Sunny,Day,0.10125868055555555,100.0,-13.0,26.839823000045726,manual
1767943566554,Sunny,Day,0.1017795138888889,100.0,-13.0,26.943045999814785,manual
1767943566585,Sunny,Day,0.10143229166666666,100.0,-13.0,26.832525999907375,manual
1767943566617,Sunny,Day,0.10130208333333333,100.0,-13.0,26.87763800031462,manual
1767943566648,Sunny,Day,0.10147569444444444,100.0,-13.0,27.21954700018614,manual
1767943566679,Sunny,Day,0.10130208333333333,100.0,-13.0,26.572394999675453,manual
1767943566711,Sunny,Day,0.1013454861111111,100.0,-13.0,24.640845999783778,manual
1767943566744,Sunny,Day,0.10138888888888889,100.0,-13.0,28.380259000186925,manual
1767943566774,Sunny,Day,0.10143229166666666,100.0,-13.0,23.864100000082544,manual
1767943566805,Sunny,Day,0.10164930555555556,100.0,-13.0,26.77576800033421,manual
1767943566836,Sunny,Day,0.10121527777777778,100.0,-13.0,26.615821999712352,manual
1767943566868,Sunny,Day,0.10099826388888888,100.0,-13.0,27.016749999802414,manual
1767943566899,Sunny,Day,0.10143229166666666,100.0,-13.0,26.669396000215784,manual
1767943566931,Sunny,Day,0.10151909722222222,100.0,-13.0,27.123787999698834,manual
1767943566963,Sunny,Day,0.10143229166666666,100.0,-13.0,27.118714000152977,manual
1767943566996,Sunny,Day,0.10108506944444444,100.0,-13.0,28.635982999730913,manual
1767943567025,Sunny,Day,0.10147569444444444,100.0,-13.0,24.570567000409937,manual
1767943567056,Sunny,Day,0.10130208333333333,100.0,-13.0,26.90989799975796,manual
1767943567088,Sunny,Day,0.10138888888888889,100.0,-13.0,26.787266999690473,manual
1767943567119,Sunny,Day,0.101171875,100.0,-13.0,22.61098100007075,manual
1767943567152,Sunny,Day,0.10130208333333333,100.0,-13.0,28.024683000239747,manual
1767943567182,Sunny,Day,0.10130208333333333,100.0,-13.0,25.68144500037306,manual
1767943567213,Sunny,Day,0.1015625,100.0,-13.0,26.644545000181097,manual
1767943567246,Sunny,Day,0.1015625,100.0,-13.0,28.432871000404702,manual
1767943567276,Sunny,Day,0.10112847222222222,100.0,-13.0,24.272510000173497,manual
1767943567310,Sunny,Day,0.10130208333333333,100.0,-13.0,28.991670999857888,manual
1767943567339,Sunny,Day,0.10125868055555555,100.0,-13.0,24.77997599999071,manual
1767943567370,Sunny,Day,0.10143229166666666,100.0,-13.0,26.659933000246383,manual
1767943567402,Sunny,Day,0.10121527777777778,100.0,-13.0,27.073140000084095,manual
1767943567433,Sunny,Day,0.10130208333333333,100.0,-13.0,26.857138000195846,manual
1767943567465,Sunny,Day,0.10182291666666667,100.0,-13.0,27.25621499985209,manual
1767943567497,Sunny,Day,0.10125868055555555,100.0,-13.0,27.313771000081033,manual
1767943567527,Sunny,Day,0.10125868055555555,100.0,-13.0,25.66759399996954,manual
1767943567560,Sunny,Day,0.10125868055555555,100.0,-13.0,27.602736000062578,manual
1767943567590,Sunny,Day,0.10130208333333333,100.0,-13.0,25.619816000016726,manual
1767943567624,Sunny,Day,0.10147569444444444,100.0,-13.0,29.169246000037674,manual
1767943567655,Sunny,Day,0.10130208333333333,100.0,-13.0,21.598899999844434,manual
1767943567684,Sunny,Day,0.10104166666666667,100.0,-12.0,13.295457999902283,manual
1767943567716,Sunny,Day,0.10138888888888889,100.0,-13.0,26.8690829998377,manual
1767943567748,Sunny,Day,0.10173611111111111,100.0,-13.0,27.23391899962735,manual
1767943567779,Sunny,Day,0.10147569444444444,100.0,-13.0,22.15927399993234,manual
1767943567810,Sunny,Day,0.10125868055555555,100.0,-13.0,26.981898000030924,manual
1767943567842,Sunny,Day,0.10112847222222222,100.0,-12.0,27.038899000217498,manual
1767943567873,Sunny,Day,0.1013454861111111,100.0,-13.0,21.28586099979657,manual
1767943567907,Sunny,Day,0.10138888888888889,100.0,-13.0,21.062210999843956,manual
1767943567939,Sunny,Day,0.10121527777777778,100.0,-13.0,22.454090999872278,manual
1767943567971,Sunny,Day,0.101171875,100.0,-13.0,25.283406000198738,manual
1767943568000,Sunny,Day,0.101171875,100.0,-13.0,22.187015999861615,manual
1767943568030,Sunny,Day,0.101171875,100.0,-13.0,24.536420000004,manual
1767943568065,Sunny,Day,0.10130208333333333,100.0,-13.0,29.624951999721816,manual
1767943568097,Sunny,Day,0.10112847222222222,100.0,-13.0,24.996089000069333,manual
1767943568127,Sunny,Day,0.10099826388888888,100.0,-13.0,24.28939999981594,manual
1767943568160,Sunny,Day,0.10108506944444444,100.0,-13.0,27.71762599968497,manual
1767943568191,Sunny,Day,0.10125868055555555,100.0,-13.0,24.561845999869547,manual
1767943568221,Sunny,Day,0.10112847222222222,100.0,-13.0,24.86790300008579,manual
1767943568253,Sunny,Day,0.10112847222222222,100.0,-13.0,25.683927000045514,manual
1767943568285,Sunny,Day,0.10108506944444444,100.0,-13.0,25.409128999854147,manual
1767943568316,Sunny,Day,0.10125868055555555,100.0,-13.0,25.56251899977724,manual
1767943568346,Sunny,Day,0.10108506944444444,100.0,-13.0,25.275813000007474,manual
1767943568380,Sunny,Day,0.10104166666666667,100.0,-13.0,27.511661000062304,manual
1767943568410,Sunny,Day,0.10147569444444444,100.0,-13.0,24.13263900007223,manual
1767943568441,Sunny,Day,0.10121527777777778,100.0,-13.0,25.3279990001829,manual
1767943568473,Sunny,Day,0.10095486111111111,100.0,-13.0,26.543025000137277,manual
1767943568505,Sunny,Day,0.10130208333333333,100.0,-13.0,24.00678699996206,manual
1767943568536,Sunny,Day,0.10121527777777778,100.0,-13.0,22.528851000060968,manual
1767943568569,Sunny,Day,0.101171875,100.0,-13.0,27.110807000099157,manual
1767943568600,Sunny,Day,0.10121527777777778,100.0,-13.0,13.212400999691454,manual
1767943568639,Sunny,Day,0.10147569444444444,100.0,-13.0,3.6438580000321963,manual
1767943568661,Sunny,Day,0.101171875,100.0,-13.0,15.41263799981607,manual
1767943568689,Sunny,Day,0.10130208333333333,100.0,-13.0,22.90033500003119,manual
1767943568721,Sunny,Day,0.10143229166666666,100.0,-13.0,18.875919000038266,manual
1767943568752,Sunny,Day,0.10130208333333333,100.0,-13.0,16.636775999813835,manual
1767943568785,Sunny,Day,0.10125868055555555,100.0,-13.0,28.029498000250896,manual
1767943568815,Sunny,Day,0.1013454861111111,100.0,-13.0,23.439152999799262,manual
1767943568846,Sunny,Day,0.1017795138888889,100.0,-13.0,24.10067600021648,manual
1767943568879,Sunny,Day,0.1013454861111111,100.0,-13.0,27.37223400026778,manual
1767943568909,Sunny,Day,0.10112847222222222,100.0,-13.0,22.834389999843552,manual
1767943568942,Sunny,Day,0.10121527777777778,100.0,-13.0,25.65950200005318,manual
1767943568972,Sunny,Day,0.10138888888888889,100.0,-13.0,23.494635000133712,manual
1767943569005,Sunny,Day,0.10125868055555555,100.0,-13.0,25.943743999960134,manual
1767943569035,Sunny,Day,0.101171875,100.0,-13.0,20.908302999941952,manual
1767943569066,Sunny,Day,0.10112847222222222,100.0,-13.0,24.973516000045493,manual
1767943569098,Sunny,Day,0.10125868055555555,100.0,-13.0,26.928267999664968,manual
1767943569130,Sunny,Day,0.1013454861111111,100.0,-13.0,26.444284000262996,manual
1767943569160,Sunny,Day,0.10138888888888889,100.0,-13.0,23.911675000363175,manual
1767943569194,Sunny,Day,0.10151909722222222,100.0,-13.0,28.462982999826636,manual
1767943569223,Sunny,Day,0.10138888888888889,100.0,-13.0,21.081563999814534,manual
1767943569255,Sunny,Day,0.10147569444444444,100.0,-13.0,25.53070400017532,manual
1767943569286,Sunny,Day,0.1017795138888889,100.0,-13.0,25.69251999966582,manual
1767943569318,Sunny,Day,0.10125868055555555,100.0,-13.0,25.034571000105643,manual
1767943569349,Sunny,Day,0.10130208333333333,100.0,-13.0,23.388559999602876,manual
1767943569384,Sunny,Day,0.10121527777777778,100.0,-13.0,29.85473299986552,manual
1767943569412,Sunny,Day,0.10138888888888889,100.0,-13.0,23.121965999962413,manual
1767943569443,Sunny,Day,0.10121527777777778,100.0,-13.0,25.490221999916685,manual
1767943569474,Sunny,Day,0.10099826388888888,100.0,-13.0,26.080004000050394,manual
1767943569506,Sunny,Day,0.101171875,100.0,-13.0,16.710979999970732,manual
1767943569540,Sunny,Day,0.10125868055555555,100.0,-13.0,27.66344100018614,manual
1767943569568,Sunny,Day,0.10108506944444444,100.0,-13.0,23.220447999847238,manual
1767943569604,Sunny,Day,0.10104166666666667,100.0,-13.0,30.556830000023183,manual
1767943569632,Sunny,Day,0.1013454861111111,100.0,-13.0,21.993700000166427,manual
1767943569664,Sunny,Day,0.101171875,100.0,-13.0,25.73564999966038,manual
1767943569694,Sunny,Day,0.10112847222222222,100.0,-13.0,19.762147000164987,manual
1767943569729,Sunny,Day,0.10095486111111111,100.0,-13.0,25.31785100018169,manual
1767943569757,Sunny,Day,0.10112847222222222,100.0,-13.0,18.30987900029868,manual
1767943569789,Sunny,Day,0.10108506944444444,100.0,-13.0,20.89702600005694,manual
1767943569820,Sunny,Day,0.10108506944444444,100.0,-13.0,20.139317000030132,manual
1767943569853,Sunny,Day,0.10108506944444444,100.0,-13.0,23.028872999930172,manual
1767943569882,Sunny,Day,0.10082465277777777,100.0,-13.0,17.704634999972768,manual
1767943569914,Sunny,Day,0.10121527777777778,100.0,-13.0,24.666994999734015,manual
1767943569945,Sunny,Day,0.10112847222222222,100.0,-13.0,25.16138700002557,manual
1767943569977,Sunny,Day,0.10121527777777778,100.0,-13.0,24.058082999999897,manual
1767943570010,Sunny,Day,0.10104166666666667,100.0,-13.0,27.01280700011921,manual
1767943570040,Sunny,Day,0.10108506944444444,100.0,-13.0,23.695340999893233,manual
1767943570071,Sunny,Day,0.101171875,100.0,-13.0,22.75355599977047,manual
1767943570103,Sunny,Day,0.10112847222222222,100.0,-13.0,26.23776500013264,manual
1767943570137,Sunny,Day,0.10082465277777777,100.0,-12.0,27.57773699977406,manual
1767943570165,Sunny,Day,0.10108506944444444,100.0,-12.0,21.00167499975214,manual
1767943570196,Sunny,Day,0.10121527777777778,100.0,-13.0,25.011683000229823,manual
1767943570229,Sunny,Day,0.10104166666666667,100.0,-13.0,26.62158199973419,manual
1767943570259,Sunny,Day,0.10112847222222222,100.0,-13.0,21.165268999993714,manual
1767943570291,Sunny,Day,0.10108506944444444,100.0,-13.0,18.78154899986839,manual
1767943570324,Sunny,Day,0.10104166666666667,100.0,-12.0,26.53760000021066,manual
1767943570354,Sunny,Day,0.10091145833333333,100.0,-13.0,22.4148319998676,manual
1767943570385,Sunny,Day,0.10104166666666667,100.0,-13.0,24.389251999764383,manual
1767943570418,Sunny,Day,0.10104166666666667,100.0,-12.0,26.81204600003184,manual
1767943570448,Sunny,Day,0.10108506944444444,100.0,-13.0,23.490282999773626,manual
1767943570479,Sunny,Day,0.10095486111111111,100.0,-12.0,22.852668999803427,manual
1767943570510,Sunny,Day,0.10099826388888888,100.0,-13.0,25.077738000163663,manual
1767943570542,Sunny,Day,0.10091145833333333,100.0,-13.0,17.48798500011617,manual
1767943570575,Sunny,Day,0.10121527777777778,100.0,-13.0,26.37350700024399,manual
1767943570605,Sunny,Day,0.10104166666666667,100.0,-12.0,23.468227999728697,manual
1767943570637,Sunny,Day,0.101171875,100.0,-13.0,25.226776000181417,manual
1767943570669,Sunny,Day,0.10108506944444444,100.0,-13.0,25.734798000030423,manual
1767943570699,Sunny,Day,0.10112847222222222,100.0,-13.0,22.561498999948526,manual
1767943570732,Sunny,Day,0.10104166666666667,100.0,-13.0,26.936918000046717,manual
1767943570764,Sunny,Day,0.10099826388888888,100.0,-13.0,24.34495599982256,manual
1767943570793,Sunny,Day,0.10104166666666667,100.0,-13.0,25.21207299969319,manual
1767943570826,Sunny,Day,0.10104166666666667,100.0,-13.0,24.357771000268258,manual
1767943570857,Sunny,Day,0.101171875,100.0,-13.0,24.25727000036204,manual
1767943570887,Sunny,Day,0.10121527777777778,100.0,-13.0,22.71466699994562,manual
1767943570920,Sunny,Day,0.10104166666666667,100.0,-13.0,26.027170000361366,manual
1767943570952,Sunny,Day,0.10082465277777777,100.0,-13.0,25.270331999763584,manual
1767943570981,Sunny,Day,0.10121527777777778,100.0,-13.0,25.42305499991926,manual
1767943571014,Sunny,Day,0.10121527777777778,100.0,-13.0,24.10776899978373,manual
1767943571045,Sunny,Day,0.09761284722222222,100.0,-14.0,23.06035499987047,manual
1767943571076,Sunny,Day,0.09622395833333333,100.0,-16.0,20.825451999826328,manual
1767943571107,Sunny,Day,0.09739583333333333,100.0,-18.0,24.108398999942438,manual
1767943571138,Sunny,Day,0.09370659722222222,100.0,-20.0,24.9099589996149,manual
1767943571173,Sunny,Day,0.09448784722222223,100.0,-22.0,27.77414599995609,manual
1767943571201,Sunny,Day,0.09105902777777777,100.0,-24.0,20.99108199990951,manual
1767943571236,Sunny,Day,0.08967013888888889,100.0,-26.0,28.60163300010754,manual
1767943571265,Sunny,Day,0.0876736111111111,100.0,-29.0,22.180423000008886,manual
1767943571296,Sunny,Day,0.08836805555555556,100.0,-31.0,24.033343000155583,manual
1767943571327,Sunny,Day,0.08745659722222222,100.0,-35.0,23.904582999875856,manual
1767943571360,Sunny,Day,0.08550347222222222,100.0,-37.0,26.76943400001619,manual
1767943571390,Sunny,Day,0.08328993055555556,100.0,-40.0,22.45770299987271,manual
1767943571422,Sunny,Day,0.08459201388888889,100.0,-14.0,18.550529000094684,manual
1767943571453,Sunny,Day,0.08446180555555556,100.0,-17.0,23.061632000008103,manual
1767943571485,Sunny,Day,0.08402777777777778,100.0,-19.0,28.918392999912612,manual
1767943571515,Sunny,Day,0.08333333333333333,100.0,-20.0,15.056894999815995,manual
1767943571549,Sunny,Day,0.0828125,100.0,-22.0,30.216919999929814,manual
1767943571578,Sunny,Day,0.08272569444444444,100.0,-24.0,22.40583200000401,manual
1767943571611,Sunny,Day,0.08372395833333333,100.0,-25.0,26.920824999706383,manual
1767943571643,Sunny,Day,0.08328993055555556,100.0,-26.0,24.75734800009377,manual
1767943571675,Sunny,Day,0.082421875,100.0,-27.0,23.269060000075115,manual
1767943571704,Sunny,Day,0.082421875,100.0,-29.0,21.84845800002222,manual
1767943571735,Sunny,Day,0.08203125,100.0,-31.0,26.224506000289693,manual
1767943571769,Sunny,Day,0.08216145833333334,100.0,-32.0,28.591649999725632,manual
1767943571798,Sunny,Day,0.0796875,100.0,-34.0,24.791514999833453,manual
1767943571830,Sunny,Day,0.080859375,100.0,-36.0,26.847176000046602,manual
1767943571862,Sunny,Day,0.07942708333333333,100.0,-37.0,28.28075900015392,manual
1767943571892,Sunny,Day,0.07829861111111111,100.0,-39.0,26.725731000169617,manual
1767943571925,Sunny,Day,0.08020833333333334,100.0,-41.0,24.78658900008668,manual
1767943571955,Sunny,Day,0.07973090277777778,100.0,-44.0,20.003704999908223,manual
1767943571987,Sunny,Day,0.07881944444444444,100.0,-47.0,24.66958800005159,manual
1767943572018,Sunny,Day,0.07786458333333333,100.0,-50.0,21.291009999913513,manual
1767943572051,Sunny,Day,0.07738715277777777,100.0,-53.0,24.561401999562804,manual
1767943572083,Sunny,Day,0.0763888888888889,100.0,-56.0,28.057314000307088,manual
1767943572114,Sunny,Day,0.07604166666666666,100.0,-60.0,24.62229100001423,manual
1767943572144,Sunny,Day,0.07643229166666667,100.0,-65.0,21.436549000100058,manual
1767943572177,Sunny,Day,0.07703993055555555,100.0,-69.0,24.363123000057385,manual
1767943572206,Sunny,Day,0.07751736111111111,100.0,-74.0,24.091362000035588,manual
1767943572238,Sunny,Day,0.07921006944444445,100.0,-78.0,14.976468999975623,manual
1767943572269,Sunny,Day,0.079296875,100.0,78.0,27.05780699989191,manual
1767943572301,Sunny,Day,0.07951388888888888,100.0,73.0,26.446858999861433,manual
1767943572333,Sunny,Day,0.08055555555555556,100.0,69.0,26.83576900017215,manual
1767943572364,Sunny,Day,0.07873263888888889,100.0,64.0,24.741125000218744,manual
1767943572397,Sunny,Day,0.07769097222222222,100.0,60.0,28.00340599969786,manual
1767943572427,Sunny,Day,0.07829861111111111,100.0,56.0,25.732817000061914,manual
1767943572459,Sunny,Day,0.076953125,100.0,53.0,26.98971400013761,manual
1767943572489,Sunny,Day,0.07825520833333334,100.0,49.0,24.757458999829396,manual
1767943572520,Sunny,Day,0.07782118055555555,100.0,45.0,22.96641000020827,manual
1767943572554,Sunny,Day,0.07816840277777778,100.0,46.0,26.947139999720093,manual
1767943572583,Sunny,Day,0.0779079861111111,100.0,47.0,19.65094399974987,manual
1767943572615,Sunny,Day,0.07842881944444445,100.0,50.0,24.44584599970767,manual
1767943572648,Sunny,Day,0.07842881944444445,100.0,52.0,25.354944999889995,manual
1767943572677,Sunny,Day,0.07907986111111111,100.0,54.0,23.081503999947017,manual
1767943572709,Sunny,Day,0.07925347222222222,100.0,56.0,23.930619999646296,manual
1767943572740,Sunny,Day,0.0802951388888889,100.0,58.0,25.164073000269127,manual
1767943572771,Sunny,Day,0.080859375,100.0,60.0,24.518254000213346,manual
1767943572805,Sunny,Day,0.07999131944444444,100.0,62.0,27.239696999913576,manual
1767943572834,Sunny,Day,0.08125,100.0,65.0,21.892995999678533,manual
1767943572866,Sunny,Day,0.08138020833333333,100.0,68.0,25.960855999983323,manual
1767943572898,Sunny,Day,0.0818142361111111,100.0,70.0,25.317555999663455,manual
1767943572930,Sunny,Day,0.08246527777777778,100.0,72.0,25.433482000153163,manual
1767943572960,Sunny,Day,0.083203125,100.0,75.0,20.417837999957555,manual
1767943572991,Sunny,Day,0.08272569444444444,100.0,78.0,24.7028290000344,manual
1767943573023,Sunny,Day,0.08307291666666666,100.0,-80.0,25.61940900022819,manual
1767943573054,Sunny,Day,0.08337673611111111,100.0,-77.0,27.294622999761486,manual
1767943573085,Sunny,Day,0.08385416666666666,100.0,-74.0,26.100171000052796,manual
1767943573117,Sunny,Day,0.083984375,100.0,-71.0,23.007206999864138,manual
1767943573151,Sunny,Day,0.08524305555555556,100.0,-69.0,31.04307500007053,manual
1767943573180,Sunny,Day,0.08528645833333333,100.0,-66.0,19.993502000033914,manual
1767943573214,Sunny,Day,0.08598090277777778,100.0,-63.0,30.53594199991494,manual
1767943573245,Sunny,Day,0.0861545138888889,100.0,-60.0,25.659872999767686,manual
1767943573276,Sunny,Day,0.08702256944444445,100.0,-56.0,24.82118200032346,manual
1767943573306,Sunny,Day,0.08780381944444444,100.0,-54.0,22.844760999760183,manual
1767943573336,Sunny,Day,0.0881076388888889,100.0,-51.0,21.605771999929857,manual
1767943573370,Sunny,Day,0.09001736111111111,100.0,-48.0,30.12027200020384,manual
1767943573400,Sunny,Day,0.08997395833333334,100.0,-45.0,19.545999000001757,manual
1767943573431,Sunny,Day,0.09110243055555556,100.0,-42.0,22.750724000161426,manual
1767943573463,Sunny,Day,0.09118923611111111,100.0,-38.0,25.0596470000346,manual
1767943573493,Sunny,Day,0.09214409722222222,100.0,-35.0,26.66578699972888,manual
1767943573525,Sunny,Day,0.09227430555555556,100.0,-31.0,20.12059600019711,manual
1767943573556,Sunny,Day,0.09357638888888889,100.0,-28.0,23.95910199993523,manual
1767943573589,Sunny,Day,0.09440104166666667,100.0,-25.0,26.459137000074406,manual
1767943573619,Sunny,Day,0.09444444444444444,100.0,-21.0,23.65896999981487,manual
1767943573651,Sunny,Day,0.09505208333333333,100.0,-17.0,24.38416099994356,manual
1767943573685,Sunny,Day,0.09574652777777778,100.0,-13.0,25.90937400009352,manual
1767943573718,Sunny,Day,0.096875,100.0,-10.0,22.77039099999456,manual
1767943573752,Sunny,Day,0.09796006944444445,100.0,-6.0,21.384178000062093,manual
1767943573779,Sunny,Day,0.0984375,100.0,-2.0,16.544052999961423,manual
1767943573809,Sunny,Day,0.09861111111111111,100.0,1.0,22.335054999985005,manual
1767943573842,Sunny,Day,0.09921875,100.0,3.0,26.71250899993538,manual
1767943573873,Sunny,Day,0.09752604166666666,100.0,5.0,26.738268999906722,manual
1767943573905,Sunny,Day,0.09678819444444445,100.0,6.0,14.595078000184003,manual
1767943573935,Sunny,Day,0.09574652777777778,100.0,7.0,21.499382000001788,manual
1767943573966,Sunny,Day,0.1013454861111111,100.0,3.0,22.929910000129894,manual
1767943573998,Sunny,Day,0.10355902777777778,100.0,1.0,24.161196000022755,manual
1767943574029,Sunny,Day,0.10421006944444444,100.0,-3.0,21.65130900039003,manual
1767943574063,Sunny,Day,0.10555555555555556,100.0,-7.0,25.525872000343952,manual
1767943574095,Sunny,Day,0.10707465277777778,100.0,-10.0,24.418771999989985,manual
1767943574125,Sunny,Day,0.10776909722222222,100.0,-12.0,20.19402199994147,manual
1767943574157,Sunny,Day,0.10850694444444445,100.0,-15.0,20.95893400019122,manual
1767943574186,Sunny,Day,0.10950520833333334,100.0,-17.0,19.303089999993972,manual
1767943574218,Sunny,Day,0.11002604166666667,100.0,-20.0,22.886927999934414,manual
1767943574254,Sunny,Day,0.11215277777777778,100.0,-24.0,23.878860999957396,manual
1767943574280,Sunny,Day,0.11167534722222222,100.0,-27.0,12.723620999622653,manual
1767943574315,Sunny,Day,0.11076388888888888,100.0,-31.0,25.942356000086875,manual
1767943574344,Sunny,Day,0.11380208333333333,100.0,-36.0,19.966002000273875,manual
1767943574375,Sunny,Day,0.110546875,100.0,-39.0,27.383753999856708,manual
1767943574410,Sunny,Day,0.11332465277777778,100.0,-43.0,24.307881999902747,manual
1767943574438,Sunny,Day,0.11371527777777778,100.0,-47.0,22.834243000033894,manual
1767943574471,Sunny,Day,0.1134982638888889,100.0,-49.0,20.536524999897665,manual
1767943574504,Sunny,Day,0.11493055555555555,100.0,-52.0,28.225055999882898,manual
1767943574533,Sunny,Day,0.113671875,100.0,-52.0,21.565123000073072,manual
1767943574565,Sunny,Day,0.11371527777777778,100.0,-53.0,24.70616299979156,manual
1767943574595,Sunny,Day,0.11341145833333334,100.0,-55.0,18.77834500010067,manual
1767943574629,Sunny,Day,0.11401909722222223,100.0,-57.0,26.048134999655304,manual
1767943574657,Sunny,Day,0.11410590277777778,100.0,-60.0,24.157047999779024,manual
1767943574690,Sunny,Day,0.11427951388888889,100.0,-64.0,21.834402999957092,manual
1767943574721,Sunny,Day,0.11536458333333334,100.0,-68.0,19.922020000194607,manual
1767943574753,Sunny,Day,0.11701388888888889,100.0,-73.0,24.717513999803487,manual
1767943574785,Sunny,Day,0.119140625,100.0,-77.0,13.962592000098084,manual
1767943574814,Sunny,Day,0.11870659722222222,100.0,79.0,23.823823999919114,manual
1767943574849,Sunny,Day,0.12052951388888888,100.0,74.0,26.824175999990985,manual
1767943574880,Sunny,Day,0.11931423611111111,100.0,71.0,23.746229999687785,manual
1767943574909,Sunny,Day,0.1228298611111111,100.0,66.0,22.377035999852524,manual
1767943574941,Sunny,Day,0.12452256944444444,100.0,66.0,25.694355000268843,manual
1767943574972,Sunny,Day,0.12725694444444444,100.0,63.0,23.556284999813215,manual
1767943575003,Sunny,Day,0.12821180555555556,100.0,61.0,25.192499000240787,manual
1767943575035,Sunny,Day,0.13038194444444445,100.0,58.0,18.289120999725128,manual
1767943575065,Sunny,Day,0.13094618055555557,100.0,55.0,19.968261000030907,manual
1767943575097,Sunny,Day,0.13315972222222222,100.0,52.0,22.50201900005777,manual
1767943575129,Sunny,Day,0.13077256944444443,100.0,48.0,22.080645999722037,manual
1767943575161,Sunny,Day,0.130078125,100.0,45.0,23.407079999742564,manual
1767943575193,Sunny,Day,0.12921006944444444,100.0,41.0,23.590803999923082,manual
1767943575222,Sunny,Day,0.12877604166666667,100.0,38.0,19.115958999918803,manual
1767943575255,Sunny,Day,0.12964409722222223,100.0,35.0,29.191099000399845,manual
1767943575287,Sunny,Day,0.13168402777777777,100.0,32.0,23.293431000183773,manual
1767943575319,Sunny,Day,0.13402777777777777,100.0,30.0,19.044366999878548,manual
1767943575348,Sunny,Day,0.13502604166666668,100.0,28.0,25.163813999824924,manual
1767943575381,Sunny,Day,0.13919270833333333,100.0,26.0,25.045849999969505,manual
1767943575411,Sunny,Day,0.13875868055555557,100.0,23.0,23.21961600000577,manual
1767943575445,Sunny,Day,0.1412326388888889,100.0,21.0,26.75723199990898,manual
1767943575476,Sunny,Day,0.14383680555555556,100.0,19.0,24.026768999647174,manual
1767943575505,Sunny,Day,0.14448784722222222,100.0,17.0,20.12479999984862,manual
1767943575537,Sunny,Day,0.14448784722222222,100.0,14.0,24.543957999867416,manual
1767943575568,Sunny,Day,0.1427517361111111,100.0,12.0,20.61404300002323,manual
1767943575600,Sunny,Day,0.14075520833333333,100.0,9.0,25.097331999859307,manual
1767943575631,Sunny,Day,0.1382378472222222,100.0,7.0,24.78912600008698,manual
1767943575662,Sunny,Day,0.13463541666666667,100.0,4.0,25.522001000354066,manual
1767943575694,Sunny,Day,0.12986111111111112,100.0,1.0,25.727113999892026,manual
1767943575726,Sunny,Day,0.12721354166666668,100.0,-2.0,24.88803400001416,manual
1767943575757,Sunny,Day,0.12269965277777778,100.0,-5.0,24.46695800017551,manual
1767943575790,Sunny,Day,0.11922743055555556,100.0,-8.0,25.86416999974972,manual
1767943575819,Sunny,Day,0.11432291666666666,100.0,-11.0,16.790091999610013,manual
1767943575852,Sunny,Day,0.10972222222222222,100.0,-13.0,28.583614000126545,manual
1767943575882,Sunny,Day,0.10438368055555555,100.0,-16.0,21.16658400018423,manual
1767943575915,Sunny,Day,0.10065104166666666,100.0,-19.0,21.678235000308632,manual
1767943575945,Sunny,Day,0.0954861111111111,100.0,-22.0,22.639464000349108,manual
1767943575977,Sunny,Day,0.09092881944444445,100.0,-25.0,23.275968999769248,manual
1767943576008,Sunny,Day,0.08528645833333333,100.0,-27.0,26.132802000120137,manual
1767943576040,Sunny,Day,0.0798611111111111,100.0,13.0,19.114533999982086,manual
1767943576073,Sunny,Day,0.07612847222222222,100.0,10.0,20.836841000345885,manual
1767943576103,Sunny,Day,0.07317708333333334,100.0,8.0,18.968846999996458,manual
1767943576135,Sunny,Day,0.07144097222222222,100.0,5.0,20.433950000096957,manual
1767943576165,Sunny,Day,0.07126736111111111,100.0,2.0,18.699234999985492,manual
1767943576196,Sunny,Day,0.07092013888888889,100.0,-2.0,24.948795000000246,manual
1767943576227,Sunny,Day,0.07122395833333334,100.0,-5.0,19.814038000276923,manual
1767943576262,Sunny,Day,0.07174479166666667,100.0,-8.0,26.351524999881804,manual
1767943576294,Sunny,Day,0.07196180555555555,100.0,-11.0,26.58373099984601,manual
1767943576322,Sunny,Day,0.07300347222222223,100.0,-13.0,20.414746000369632,manual
1767943576353,Sunny,Day,0.07326388888888889,100.0,-14.0,16.56597999999576,manual
1767943576386,Sunny,Day,0.07352430555555556,100.0,-16.0,28.94472800016956,manual
1767943576419,Sunny,Day,0.07369791666666667,100.0,-17.0,24.04938100016807,manual
1767943576448,Sunny,Day,0.07404513888888889,100.0,-19.0,19.01257000008627,manual
1767943576480,Sunny,Day,0.07426215277777778,100.0,-19.0,26.568193999992218,manual
1767943576511,Sunny,Day,0.07426215277777778,100.0,-21.0,20.71152600001369,manual
1767943576542,Sunny,Day,0.07408854166666666,100.0,-23.0,18.303527999705693,manual
1767943576573,Sunny,Day,0.07447916666666667,100.0,-24.0,24.432160999822372,manual
1767943576605,Sunny,Day,0.074609375,100.0,-27.0,19.685463000314485,manual
1767943576636,Sunny,Day,0.07369791666666667,100.0,-29.0,22.36074099982943,manual
1767943576668,Sunny,Day,0.073828125,100.0,-31.0,23.743046000163304,manual
1767943576698,Sunny,Day,0.07356770833333333,100.0,-34.0,16.320274000008794,manual
1767943576731,Sunny,Day,0.075390625,100.0,-37.0,25.16136899976118,manual
1767943576761,Sunny,Day,0.075,100.0,-40.0,21.623532000376144,manual
1767943576793,Sunny,Day,0.0744357638888889,100.0,-43.0,22.98341099958634,manual
1767943576827,Sunny,Day,0.07513020833333334,100.0,-45.0,24.31821599975592,manual
1767943576856,Sunny,Day,0.07491319444444444,100.0,-48.0,18.270213000050717,manual
1767943576887,Sunny,Day,0.07491319444444444,100.0,-51.0,21.797663000143075,manual
1767943576919,Sunny,Day,0.0744357638888889,100.0,-54.0,23.67169399985869,manual
1767943576951,Sunny,Day,0.07504340277777778,100.0,-57.0,24.213771000177076,manual
1767943576984,Sunny,Day,0.07486979166666667,100.0,-61.0,24.818422999942413,manual
1767943577013,Sunny,Day,0.07517361111111111,100.0,-64.0,18.65410400023393,manual
1767943577045,Sunny,Day,0.07513020833333334,100.0,-67.0,18.647586000042793,manual
1767943577076,Sunny,Day,0.07621527777777778,100.0,-70.0,16.117883999868354,manual
1767943577106,Sunny,Day,0.07556423611111111,100.0,-73.0,20.478913000260945,manual
1767943577140,Sunny,Day,0.075390625,100.0,-76.0,28.96419099988634,manual
1767943577169,Sunny,Day,0.07491319444444444,100.0,-79.0,13.537923000058072,manual
1767943577202,Sunny,Day,0.07677951388888889,100.0,77.0,24.472032000176114,manual
1767943577232,Sunny,Day,0.07643229166666667,100.0,73.0,22.52729699966949,manual
1767943577264,Sunny,Day,0.07751736111111111,100.0,70.0,19.925391000015225,manual
1767943577298,Sunny,Day,0.0783420138888889,100.0,66.0,24.694662999991124,manual
1767943577326,Sunny,Day,0.07712673611111111,100.0,62.0,19.46451799994975,manual
1767943577359,Sunny,Day,0.07673611111111112,100.0,58.0,24.260456999854796,manual
1767943577394,Sunny,Day,0.0765625,100.0,55.0,27.500867000071594,manual
1767943577421,Sunny,Day,0.07491319444444444,100.0,51.0,13.635165000323468,manual
1767943577453,Sunny,Day,0.075,100.0,47.0,22.731223999926442,manual
1767943577486,Sunny,Day,0.0740017361111111,100.0,44.0,24.450717000036093,manual
1767943577515,Sunny,Day,0.07239583333333334,100.0,41.0,19.3219049997424,manual
1767943577546,Sunny,Day,0.07296006944444444,100.0,38.0,22.217481000097905,manual
1767943577580,Sunny,Day,0.07239583333333334,100.0,35.0,23.4019139998054,manual
1767943577609,Sunny,Day,0.07335069444444445,100.0,32.0,17.838284999925236,manual
1767943577641,Sunny,Day,0.07408854166666666,100.0,28.0,23.33120899993446,manual
1767943577672,Sunny,Day,0.07517361111111111,100.0,25.0,23.15885600000911,manual
1767943577707,Sunny,Day,0.07682291666666667,100.0,22.0,17.943173999810824,manual
1767943577736,Sunny,Day,0.077734375,100.0,18.0,19.734926000182895,manual
1767943577769,Sunny,Day,0.07730034722222222,100.0,15.0,24.518459000319126,manual
1767943577798,Sunny,Day,0.0802951388888889,100.0,12.0,12.518878999799199,manual
1767943577828,Sunny,Day,0.08046875,100.0,9.0,20.604821000233642,manual
1767943577860,Sunny,Day,0.08077256944444444,100.0,6.0,23.426191999988077,manual
1767943577895,Sunny,Day,0.07999131944444444,100.0,3.0,26.956586000324023,manual
1767943577923,Sunny,Day,0.080859375,100.0,33.0,19.640536999759206,manual
1767943577955,Sunny,Day,0.08159722222222222,100.0,31.0,23.454433000097197,manual
1767943577988,Sunny,Day,0.08250868055555556,100.0,29.0,24.627181999676395,manual
1767943578018,Sunny,Day,0.08493923611111111,100.0,26.0,18.045453000013367,manual
1767943578050,Sunny,Day,0.08467881944444444,100.0,24.0,14.903505999882327,manual
1767943578080,Sunny,Day,0.08758680555555555,100.0,22.0,21.967015999962314,manual
1767943578112,Sunny,Day,0.08980034722222222,100.0,20.0,27.04960500022935,auto
1767943578144,Sunny,Day,0.08971354166666666,100.0,18.0,19.413851000081195,auto
1767943578175,Sunny,Day,0.09236111111111112,100.0,17.0,22.374851999757084,auto
1767943578206,Sunny,Day,0.09175347222222222,100.0,14.0,22.52959399993415,auto
1767943578237,Sunny,Day,0.0920138888888889,100.0,13.0,23.003466999853117,auto
1767943578271,Sunny,Day,0.09761284722222222,100.0,11.0,25.460204999944835,auto
1767943578301,Sunny,Day,0.09830729166666667,100.0,9.0,20.88306499990722,auto
1767943578332,Sunny,Day,0.09930555555555555,100.0,7.0,22.00996099963959,auto
1767943578364,Sunny,Day,0.10078125,100.0,7.0,23.567619000004925,auto
1767943578395,Sunny,Day,0.098828125,100.0,5.0,21.304159999999683,auto
1767943578426,Sunny,Day,0.09765625,100.0,5.0,22.2757950000414,auto
1767943578458,Sunny,Day,0.10243055555555555,100.0,3.0,22.761446999993495,auto
1767943578489,Sunny,Day,0.10364583333333334,100.0,2.0,22.489685999971698,auto
1767943578521,Sunny,Day,0.10512152777777778,100.0,1.0,22.821372999715095,auto
1767943578552,Sunny,Day,0.10598958333333333,100.0,0.0,22.33842600026037,auto
1767943578586,Sunny,Day,0.10551215277777778,100.0,0.0,24.905443000079686,auto
1767943578614,Sunny,Day,0.10759548611111111,100.0,0.0,19.786723999914102,auto
1767943578648,Sunny,Day,0.10802951388888889,100.0,-1.0,24.398087000008672,auto
1767943578677,Sunny,Day,0.1072048611111111,100.0,-1.0,19.749092999973072,auto
1767943578708,Sunny,Day,0.10785590277777778,100.0,-1.0,22.18642399975579,auto
1767943578739,Sunny,Day,0.10811631944444444,100.0,-1.0,23.111968000193883,auto
1767943578772,Sunny,Day,0.10859375,100.0,-1.0,24.496347999956924,auto
1767943578803,Sunny,Day,0.10837673611111111,100.0,-1.0,21.478530999957,auto
1767943578835,Sunny,Day,0.10928819444444444,100.0,-1.0,23.293061000003945,auto
1767943578866,Sunny,Day,0.10941840277777778,100.0,-1.0,19.10855299956893,auto
1767943578897,Sunny,Day,0.10980902777777778,100.0,-1.0,21.915551999882155,auto
1767943578928,Sunny,Day,0.10980902777777778,100.0,-1.0,19.36933200022395,auto
1767943578961,Sunny,Day,0.10989583333333333,100.0,-1.0,23.121246000300744,auto
1767943578991,Sunny,Day,0.10963541666666667,100.0,-1.0,20.466376000058517,auto
1767943579024,Sunny,Day,0.10967881944444445,100.0,-1.0,23.628712000117957,auto
1767943579054,Sunny,Day,0.11006944444444444,100.0,-1.0,21.313844999895082,auto
1767943579086,Sunny,Day,0.11041666666666666,100.0,-1.0,24.059047999799077,auto
1767943579116,Sunny,Day,0.1109375,100.0,-1.0,21.474326999850746,auto
1767943579148,Sunny,Day,0.11102430555555555,100.0,-1.0,22.76165100010985,auto
1767943579179,Sunny,Day,0.11184895833333333,100.0,-1.0,22.681187999751273,auto
1767943579212,Sunny,Day,0.11150173611111111,100.0,-2.0,24.674905000210856,auto
1767943579242,Sunny,Day,0.11215277777777778,100.0,-2.0,21.017434999976103,auto
1767943579273,Sunny,Day,0.11254340277777777,100.0,-2.0,22.899262999999337,auto
1767943579305,Sunny,Day,0.11328125,100.0,-2.0,17.52335699984542,auto
1767943579336,Sunny,Day,0.11449652777777777,100.0,-2.0,23.11813499954951,auto
1767943579367,Sunny,Day,0.11462673611111111,100.0,-2.0,22.873355000228912,auto
1767943579402,Sunny,Day,0.11597222222222223,100.0,-2.0,26.202248000117834,auto
1767943579430,Sunny,Day,0.1169704861111111,100.0,-2.0,19.64555599988671,auto
1767943579462,Sunny,Day,0.11762152777777778,100.0,-2.0,23.6299709999912,auto
1767943579496,Sunny,Day,0.11818576388888889,100.0,-2.0,25.40676100034034,auto
1767943579525,Sunny,Day,0.11970486111111112,100.0,-2.0,20.409042999744997,auto
1767943579557,Sunny,Day,0.12000868055555555,100.0,-3.0,23.362100000213104,auto
1767943579588,Sunny,Day,0.12026909722222222,100.0,-3.0,21.575347000180045,auto
1767943579619,Sunny,Day,0.12118055555555556,100.0,-3.0,22.973874999934196,auto
1767943579651,Sunny,Day,0.12174479166666667,100.0,-3.0,22.16144300018641,auto
1767943579682,Sunny,Day,0.121484375,100.0,-4.0,21.77620000020397,auto
1767943579713,Sunny,Day,0.12135416666666667,100.0,-4.0,21.435253000163357,auto
1767943579744,Sunny,Day,0.12100694444444444,100.0,-4.0,23.757750000186206,auto
1767943579775,Sunny,Day,0.12061631944444444,100.0,-4.0,19.39720300015324,auto
1767943579807,Sunny,Day,0.12126736111111111,100.0,-4.0,23.67634199981694,auto
1767943579840,Sunny,Day,0.12065972222222222,100.0,-4.0,24.38590200017643,auto
1767943579872,Sunny,Day,0.1203125,100.0,-4.0,23.19965400010915,auto
1767943579905,Sunny,Day,0.11966145833333333,100.0,-4.0,22.24188799982585,auto
1767943579933,Sunny,Day,0.11861979166666667,100.0,-4.0,19.26710899988393,auto
1767943579965,Sunny,Day,0.11940104166666667,100.0,-4.0,15.872439000304439,auto
1767943579997,Sunny,Day,0.11779513888888889,100.0,-4.0,23.51685900021039,auto
1767943580027,Sunny,Day,0.11727430555555556,100.0,-4.0,21.754496000085055,auto
1767943580058,Sunny,Day,0.11640625,100.0,-3.0,22.66350199988665,auto
1767943580091,Sunny,Day,0.11566840277777778,100.0,-4.0,23.810620999938692,auto
1767943580122,Sunny,Day,0.1154513888888889,100.0,-4.0,17.462004000208253,auto
1767943580153,Sunny,Day,0.11519097222222222,100.0,-4.0,22.663576000013563,auto
1767943580190,Sunny,Day,0.11427951388888889,100.0,-4.0,27.855165999881137,auto
1767943580215,Sunny,Day,0.11362847222222222,100.0,-4.0,15.970865999861417,auto
1767943580247,Sunny,Day,0.11223958333333334,100.0,-5.0,23.532915000032517,auto
1767943580278,Sunny,Day,0.11232638888888889,100.0,-5.0,19.707242000094993,auto
1767943580310,Sunny,Day,0.11158854166666667,100.0,-5.0,22.191999000369833,auto
1767943580341,Sunny,Day,0.11145833333333334,100.0,-5.0,22.352296999997634,auto
1767943580373,Sunny,Day,0.11006944444444444,100.0,-5.0,24.033993000102782,auto
1767943580405,Sunny,Day,0.11006944444444444,100.0,-5.0,23.753639000005933,auto
1767943580435,Sunny,Day,0.10911458333333333,100.0,-5.0,20.407356999839976,auto
1767943580466,Sunny,Day,0.1072048611111111,100.0,-5.0,22.773428999698808,auto
1767943580499,Sunny,Day,0.10698784722222222,100.0,-5.0,24.770830999841564,auto
1767943580530,Sunny,Day,0.10559895833333334,100.0,-5.0,19.86194599976443,auto
1767943580560,Sunny,Day,0.10434027777777778,100.0,-6.0,22.134146000098553,auto
1767943580592,Sunny,Day,0.10243055555555555,100.0,-6.0,22.078424000028463,auto
1767943580623,Sunny,Day,0.10004340277777778,100.0,-6.0,22.95361500000581,auto
1767943580655,Sunny,Day,0.09874131944444445,100.0,-7.0,22.76637299974027,auto
1767943580687,Sunny,Day,0.09696180555555556,100.0,-7.0,24.013992000163853,auto
1767943580718,Sunny,Day,0.09305555555555556,100.0,-7.0,20.412135999777092,auto
1767943580749,Sunny,Day,0.09244791666666667,100.0,-7.0,23.282451000341098,auto
1767943580781,Sunny,Day,0.09149305555555555,100.0,-7.0,22.62424299988197,auto
1767943580813,Sunny,Day,0.0890625,100.0,-7.0,23.725212999579526,auto
1767943580846,Sunny,Day,0.08763020833333333,100.0,-8.0,22.20603600017057,auto
1767943580875,Sunny,Day,0.0859375,100.0,-7.0,16.695055000127468,auto
1767943580907,Sunny,Day,0.08363715277777778,100.0,-7.0,23.465100999601418,auto
1767943580937,Sunny,Day,0.08233506944444445,100.0,-8.0,22.474000999864074,auto
1767943580969,Sunny,Day,0.07942708333333333,100.0,-8.0,22.56698300016069,auto
1767943581005,Sunny,Day,0.0783420138888889,100.0,-8.0,28.226891000031173,auto
1767943581032,Sunny,Day,0.07677951388888889,100.0,-8.0,16.47273899970969,auto
1767943581063,Sunny,Day,0.07612847222222222,100.0,-10.0,22.53340900006151,auto
1767943581095,Sunny,Day,0.07408854166666666,100.0,-10.0,21.964089999983116,auto
1767943581128,Sunny,Day,0.07213541666666666,100.0,-10.0,24.30125399996541,auto
1767943581158,Sunny,Day,0.06987847222222222,100.0,-10.0,22.078573000271717,auto
1767943581188,Sunny,Day,0.069140625,100.0,-10.0,20.56065500028126,auto
1767943581223,Sunny,Day,0.06753472222222222,100.0,-10.0,26.736603999779618,auto
1767943581252,Sunny,Day,0.06623263888888889,100.0,-10.0,19.62102000015875,auto
1767943581283,Sunny,Day,0.06532118055555555,100.0,-9.0,22.89968900004169,auto
1767943581314,Sunny,Day,0.06453993055555556,100.0,-9.0,23.05139399959444,auto
1767943581346,Sunny,Day,0.062890625,100.0,-9.0,17.50904199980141,auto
1767943581377,Sunny,Day,0.061197916666666664,100.0,-9.0,22.66818800035253,auto
1767943581410,Sunny,Day,0.05959201388888889,100.0,-9.0,24.279865000153222,auto
1767943581440,Sunny,Day,0.058333333333333334,100.0,-9.0,19.868354000209365,auto
1767943581473,Sunny,Day,0.05703125,100.0,-10.0,24.682626999947388,auto
1767943581503,Sunny,Day,0.055338541666666664,100.0,-10.0,19.611296999755723,auto
1767943581534,Sunny,Day,0.052821180555555555,100.0,-10.0,23.763528000017686,auto
1767943581566,Sunny,Day,0.05060763888888889,100.0,-10.0,23.06333899969104,auto
1767943581596,Sunny,Day,0.047699652777777775,95.39930555555554,-11.0,22.352684999987105,auto
1767943581630,Sunny,Day,0.04565972222222222,91.31944444444444,-11.0,25.57744800014916,auto
1767943581660,Sunny,Day,0.042881944444444445,85.76388888888889,-11.0,21.016694999616448,auto
1767943581695,Sunny,Day,0.040581597222222224,81.16319444444444,-11.0,25.75419000004331,auto
1767943581723,Sunny,Day,0.038975694444444445,77.95138888888889,-11.0,17.76828399988517,auto
1767943581754,Sunny,Day,0.03715277777777778,74.30555555555556,-11.0,23.192635000214068,auto
1767943581790,Sunny,Day,0.03519965277777778,70.39930555555556,-11.0,23.979215000053955,auto
1767943581817,Sunny,Day,0.033637152777777776,67.27430555555556,53.0,17.430300999876636,auto
1767943581848,Sunny,Day,0.03181423611111111,63.62847222222222,55.0,21.364845000334753,auto
1767943581882,Sunny,Day,0.030772569444444446,61.54513888888889,55.0,24.45040299971879,auto
1767943581911,Sunny,Day,0.02829861111111111,56.59722222222222,54.0,12.187100000119244,auto
1767943581943,Sunny,Day,0.026605902777777777,53.21180555555556,50.0,23.972622999735904,auto
1767943581974,Sunny,Day,0.02894965277777778,57.89930555555556,48.0,21.730088999902364,auto
1767943582005,Sunny,Day,0.03177083333333333,63.541666666666664,46.0,22.01457199998913,auto
1767943582037,Sunny,Day,0.03381076388888889,67.62152777777777,44.0,22.58350200008863,auto
1767943582068,Sunny,Day,0.03342013888888889,66.84027777777777,43.0,23.02743099971849,auto
1767943582105,Sunny,Day,0.036328125,72.65625,42.0,27.454294000108348,auto
1767943582130,Sunny,Day,0.03537326388888889,70.74652777777777,41.0,16.816092999761167,auto
1767943582162,Sunny,Day,0.03927951388888889,78.55902777777777,39.0,22.809355000390497,auto
1767943582194,Sunny,Day,0.041015625,82.03125,38.0,24.36016199999358,auto
1767943582226,Sunny,Day,0.04309895833333333,86.19791666666667,36.0,22.78520700019726,auto
1767943582257,Sunny,Day,0.045355902777777776,90.71180555555556,35.0,21.988331000102335,auto
1767943582288,Sunny,Day,0.04778645833333333,95.57291666666666,33.0,22.73209599979964,auto
1767943582321,Sunny,Day,0.05091145833333333,100.0,31.0,23.421896999934688,auto
1767943582351,Sunny,Day,0.05360243055555555,100.0,29.0,14.875617000143393,auto
1767943582383,Sunny,Day,0.05607638888888889,100.0,28.0,23.5505830000875,auto
1767943582414,Sunny,Day,0.06019965277777778,100.0,26.0,22.682168999835994,auto
1767943582445,Sunny,Day,0.06788194444444444,100.0,23.0,22.23651800022708,auto
1767943582476,Sunny,Day,0.07365451388888888,100.0,21.0,23.004245000265655,auto
1767943582508,Sunny,Day,0.07747395833333333,100.0,19.0,22.92420799994943,auto
1767943582539,Sunny,Day,0.08255208333333333,100.0,16.0,22.485261000383616,auto
1767943582570,Sunny,Day,0.08654513888888889,100.0,12.0,22.675279999930353,auto
1767943582602,Sunny,Day,0.09079861111111111,100.0,8.0,22.86685499984742,auto
1767943582633,Sunny,Day,0.09635416666666667,100.0,3.0,22.957949000101507,auto
1767943582665,Sunny,Day,0.10112847222222222,100.0,-2.0,20.703878000404075,auto
1767943582696,Sunny,Day,0.10303819444444444,100.0,-6.0,20.69348999975773,auto
1767943582730,Sunny,Day,0.10737847222222222,100.0,-11.0,13.38623700030439,auto
1767943582759,Sunny,Day,0.109765625,100.0,14.0,19.401535999804764,auto
1767943582791,Sunny,Day,0.1125,100.0,12.0,18.875440000101662,auto
1767943582822,Sunny,Day,0.11293402777777778,100.0,12.0,17.185207000238734,auto
1767943582852,Sunny,Day,0.11245659722222222,100.0,10.0,20.271153999601665,auto
1767943582885,Sunny,Day,0.11375868055555556,100.0,4.0,22.914856000170403,auto
1767943582916,Sunny,Day,0.11618923611111111,100.0,-3.0,23.18648700020276,auto
1767943582947,Sunny,Day,0.11814236111111111,100.0,-9.0,22.397093000108725,auto
1767943582979,Sunny,Day,0.11775173611111112,100.0,-14.0,22.832652000033704,auto
1767943583012,Sunny,Day,0.11974826388888889,100.0,-17.0,24.593310999989626,auto
1767943583042,Sunny,Day,0.11987847222222223,100.0,-74.0,20.976583999981813,auto
1767943583074,Sunny,Day,0.12074652777777778,100.0,-18.0,22.404555999855802,auto
1767943583105,Sunny,Day,0.11953125,100.0,-77.0,21.93225699966206,auto
1767943583136,Sunny,Day,0.11853298611111111,100.0,-75.0,21.13889999964158,auto
1767943583169,Sunny,Day,0.117578125,100.0,-72.0,22.42750100003832,auto
1767943583198,Sunny,Day,0.11805555555555555,100.0,-1.0,17.19196700014436,auto
1767943583231,Sunny,Day,0.11909722222222222,100.0,-63.0,23.850288999710756,auto
1767943583262,Sunny,Day,0.11449652777777777,100.0,-55.0,21.879033999994135,auto
1767943583294,Sunny,Day,0.11223958333333334,100.0,-54.0,20.941564999702678,auto
1767943583326,Sunny,Day,0.11276041666666667,100.0,-47.0,22.734687999673042,auto
1767943583356,Sunny,Day,0.109765625,100.0,-42.0,19.867096000325546,auto
1767943583390,Sunny,Day,0.10855034722222222,100.0,-35.0,19.015719999970315,auto
1767943583420,Sunny,Day,0.10572916666666667,100.0,-27.0,19.312888000058592,auto
1767943583449,Sunny,Day,0.10290798611111111,100.0,-20.0,20.874917000128335,auto
1767943583485,Sunny,Day,0.10091145833333333,100.0,-16.0,26.748956000119506,auto
1767943583512,Sunny,Day,0.09800347222222222,100.0,-11.0,17.959434000204055,auto
1767943583544,Sunny,Day,0.10091145833333333,100.0,-56.0,23.364656000012474,auto
1767943583577,Sunny,Day,0.10021701388888889,100.0,-52.0,24.874055000054796,auto
1767943583607,Sunny,Day,0.09891493055555556,100.0,-49.0,20.422394999968674,auto
1767943583640,Sunny,Day,0.0959201388888889,100.0,-7.0,24.56668200011336,auto
1767943583671,Sunny,Day,0.09249131944444444,100.0,-5.0,13.40221800001018,auto
1767943583701,Sunny,Day,0.08967013888888889,100.0,-5.0,19.90372499994919,auto
1767943583733,Sunny,Day,0.08715277777777777,100.0,-30.0,26.290340999821638,auto
1767943583766,Sunny,Day,0.09136284722222222,100.0,-30.0,23.068948999934946,auto
1767943583796,Sunny,Day,0.08645833333333333,100.0,-28.0,16.00808800003506,auto
1767943583826,Sunny,Day,0.08728298611111111,100.0,-9.0,21.28530799973305,auto
1767943583858,Sunny,Day,0.08311631944444445,100.0,-19.0,24.306421999881422,auto
1767943583891,Sunny,Day,0.08107638888888889,100.0,-11.0,23.39315600011105,auto
1767943583920,Sunny,Day,0.08159722222222222,100.0,-13.0,18.889069999659114,auto
1767943583952,Sunny,Day,0.08315972222222222,100.0,-11.0,23.240858000008302,auto
1767943583985,Sunny,Day,0.087109375,100.0,-10.0,16.498407000199222,auto
1767943584015,Sunny,Day,0.08880208333333334,100.0,-9.0,20.685989999947196,auto
1767943584049,Sunny,Day,0.0900607638888889,100.0,-9.0,25.183946000197466,auto
1767943584078,Sunny,Day,0.09327256944444444,100.0,-9.0,19.41435199978514,auto
1767943584110,Sunny,Day,0.09370659722222222,100.0,-9.0,13.391329999649315,auto
1767943584140,Sunny,Day,0.09513888888888888,100.0,-10.0,21.649717999935092,auto
1767943584172,Sunny,Day,0.09752604166666666,100.0,-10.0,22.422983000069507,auto
1767943584206,Sunny,Day,0.10017361111111112,100.0,-11.0,23.838566999984323,auto
1767943584235,Sunny,Day,0.09978298611111111,100.0,-12.0,19.18033199990532,auto
1767943584268,Sunny,Day,0.10277777777777777,100.0,-12.0,25.703744999646005,auto
1767943584299,Sunny,Day,0.10381944444444445,100.0,-11.0,22.536669000146503,auto
1767943584329,Sunny,Day,0.10394965277777778,100.0,-13.0,19.06994199998735,auto
1767943584360,Sunny,Day,0.10729166666666666,100.0,-12.0,23.648268999750144,auto
1767943584392,Sunny,Day,0.10703125,100.0,-13.0,24.69538700006524,auto
1767943584425,Sunny,Day,0.10963541666666667,100.0,-13.0,24.457903999973496,auto
1767943584458,Sunny,Day,0.10911458333333333,100.0,-14.0,22.632057999999233,auto
1767943584487,Sunny,Day,0.11050347222222222,100.0,-13.0,18.09380599979704,auto
1767943584518,Sunny,Day,0.1095920138888889,100.0,-13.0,18.95023699989906,auto
1767943584549,Sunny,Day,0.10894097222222222,100.0,-13.0,18.741347000286623,auto
1767943584581,Sunny,Day,0.108203125,100.0,-14.0,24.48121900033584,auto
1767943584612,Sunny,Day,0.10711805555555555,100.0,-15.0,18.945885999983147,auto
1767943584644,Sunny,Day,0.10611979166666667,100.0,-15.0,24.37536600018575,auto
1767943584674,Sunny,Day,0.10516493055555555,100.0,-15.0,20.851546000358212,auto
1767943584708,Sunny,Day,0.10642361111111111,100.0,-15.0,25.480095999682817,auto
1767943584737,Sunny,Day,0.10295138888888888,100.0,-17.0,20.148635000168724,auto
1767943584770,Sunny,Day,0.10234375,100.0,-17.0,21.427216999654775,auto
1767943584800,Sunny,Day,0.1,100.0,-14.0,17.90769299987005,auto
1767943584832,Sunny,Day,0.09943576388888889,100.0,-12.0,22.88678200011418,auto
1767943584864,Sunny,Day,0.09756944444444444,100.0,-10.0,23.27620999994906,auto
1767943584896,Sunny,Day,0.09652777777777778,100.0,-10.0,19.12014600020484,auto
1767943584929,Sunny,Day,0.09496527777777777,100.0,-9.0,17.82185899992328,auto
1767943584956,Sunny,Day,0.09470486111111111,100.0,-8.0,17.86526799969579,auto
1767943584989,Sunny,Day,0.09500868055555556,100.0,-8.0,20.5084330000318,auto
1767943585019,Sunny,Day,0.09236111111111112,100.0,-8.0,19.810003000202414,auto
1767943585051,Sunny,Day,0.09305555555555556,100.0,-7.0,23.736585000278865,auto
1767943585082,Sunny,Day,0.0921875,100.0,-7.0,22.90644999993674,auto
1767943585117,Sunny,Day,0.09053819444444444,100.0,-8.0,26.336045999869384,auto
1767943585146,Sunny,Day,0.09053819444444444,100.0,-8.0,19.758002000344277,auto
1767943585177,Sunny,Day,0.08932291666666667,100.0,-9.0,22.662632999981724,auto
1767943585211,Sunny,Day,0.08797743055555556,100.0,-10.0,23.82708499999353,auto
1767943585239,Sunny,Day,0.08836805555555556,100.0,-10.0,16.749018999689724,auto
1767943585270,Sunny,Day,0.0881076388888889,100.0,-10.0,23.628694000308315,auto
1767943585303,Sunny,Day,0.08693576388888889,100.0,-10.0,25.98767300014515,auto
1767943585334,Sunny,Day,0.0859375,100.0,-11.0,21.670922999874165,auto
1767943585366,Sunny,Day,0.08671875,100.0,-10.0,22.116000000096392,auto
1767943585399,Sunny,Day,0.08606770833333334,100.0,-9.0,24.000697000246873,auto
1767943585433,Sunny,Day,0.08407118055555556,100.0,-8.0,24.372939999921073,auto
1767943585459,Sunny,Day,0.08463541666666667,100.0,-7.0,17.426579000130005,auto
1767943585493,Sunny,Day,0.08207465277777778,100.0,-6.0,22.776152000005823,auto
1767943585523,Sunny,Day,0.08289930555555555,100.0,-6.0,18.124971999895934,auto
1767943585555,Sunny,Day,0.08302951388888889,100.0,-7.0,17.086095999729878,auto
1767943585584,Sunny,Day,0.08194444444444444,100.0,-7.0,19.92033700025786,auto
1767943585618,Sunny,Day,0.08146701388888888,100.0,-7.0,24.463700000069366,auto
1767943585647,Sunny,Day,0.08120659722222222,100.0,-8.0,20.299506000355905,auto
1767943585678,Sunny,Day,0.08142361111111111,100.0,-8.0,22.536168999977235,auto
1767943585711,Sunny,Day,0.08016493055555556,100.0,-9.0,22.642706999704387,auto
1767943585742,Sunny,Day,0.07977430555555555,100.0,-8.0,17.14594799977931,auto
1767943585774,Sunny,Day,0.07912326388888889,100.0,-8.0,23.17309899990505,auto
1767943585808,Sunny,Day,0.07947048611111111,100.0,-8.0,24.809703000300942,auto
1767943585838,Sunny,Day,0.07894965277777778,100.0,-7.0,17.32324599970525,auto
1767943585872,Sunny,Day,0.07864583333333333,100.0,-6.0,22.990005999872665,auto
1767943585899,Sunny,Day,0.07847222222222222,100.0,-5.0,17.637747999742714,auto
1767943585937,Sunny,Day,0.07864583333333333,100.0,-5.0,29.067490000215912,auto
1767943585963,Sunny,Day,0.07964409722222222,100.0,-6.0,13.225143999989086,auto
1767943585994,Sunny,Day,0.07890625,100.0,-6.0,21.727422999902046,auto
1767943586025,Sunny,Day,0.07847222222222222,100.0,-7.0,22.156518999963737,auto
1767943586056,Sunny,Day,0.07777777777777778,100.0,-7.0,22.591706000184786,auto
1767943586087,Sunny,Day,0.07751736111111111,100.0,-7.0,22.790392999922915,auto
1767943586119,Sunny,Day,0.07738715277777777,100.0,-7.0,23.14865500011365,auto
1767943586150,Sunny,Day,0.07703993055555555,100.0,-7.0,23.1235060000472,auto
1767943586184,Sunny,Day,0.07712673611111111,100.0,-7.0,23.30363699957161,auto
1767943586213,Sunny,Day,0.07747395833333333,100.0,-6.0,17.506986999705987,auto
1767943586250,Sunny,Day,0.07730034722222222,100.0,-6.0,26.77691999997478,auto
1767943586276,Sunny,Day,0.07712673611111111,100.0,-6.0,13.85685100012779,auto
1767943586307,Sunny,Day,0.07725694444444445,100.0,-5.0,22.948523000195564,auto
1767943586339,Sunny,Day,0.07730034722222222,100.0,-4.0,17.97073099987756,auto
1767943586370,Sunny,Day,0.07842881944444445,100.0,-4.0,22.105221999936475,auto
1767943586403,Sunny,Day,0.07717013888888889,100.0,-4.0,23.837233999984164,auto
1767943586435,Sunny,Day,0.07717013888888889,100.0,-4.0,21.618922000016028,auto
1767943586465,Sunny,Day,0.07829861111111111,100.0,-4.0,17.707247999624087,auto
1767943586496,Sunny,Day,0.07756076388888888,100.0,-5.0,17.988990000048943,auto
1767943586528,Sunny,Day,0.07777777777777778,100.0,-5.0,24.00054900044779,auto
1767943586558,Sunny,Day,0.077734375,100.0,-5.0,20.545433000279445,auto
1767943586589,Sunny,Day,0.07782118055555555,100.0,-6.0,23.598305999712466,auto
1767943586620,Sunny,Day,0.07782118055555555,100.0,-5.0,23.764047999975446,auto
1767943586654,Sunny,Day,0.07829861111111111,100.0,-5.0,25.89635900039866,auto
1767943586686,Sunny,Day,0.07786458333333333,100.0,-5.0,23.069765999935044,auto
1767943586715,Sunny,Day,0.07886284722222223,100.0,-5.0,17.713692000143055,auto
1767943586747,Sunny,Day,0.07847222222222222,100.0,-4.0,22.69020699986868,auto
1767943586779,Sunny,Day,0.07860243055555556,100.0,-4.0,23.735047999707604,auto
1767943586811,Sunny,Day,0.07912326388888889,100.0,-4.0,15.565844999855472,auto
1767943586841,Sunny,Day,0.07899305555555555,100.0,-3.0,21.353143000396813,auto
1767943586872,Sunny,Day,0.07899305555555555,100.0,-4.0,22.437150000314432,auto
1767943586905,Sunny,Day,0.07890625,100.0,-4.0,24.351624999781052,auto
1767943586936,Sunny,Day,0.07894965277777778,100.0,-4.0,21.314493999852857,auto
1767943586968,Sunny,Day,0.07860243055555556,100.0,-4.0,14.900413999839657,auto
1767943586998,Sunny,Day,0.07942708333333333,100.0,-4.0,19.382647999918845,auto
1767943587031,Sunny,Day,0.07925347222222222,100.0,-4.0,24.212161999912496,auto
1767943587064,Sunny,Day,0.07916666666666666,100.0,-4.0,21.545624999816937,auto
1767943587092,Sunny,Day,0.07942708333333333,100.0,-3.0,12.071989000105532,auto
1767943587124,Sunny,Day,0.07907986111111111,100.0,-3.0,22.772781999719882,auto
1767943587157,Sunny,Day,0.079296875,100.0,-3.0,24.494588999914413,auto
1767943587186,Sunny,Day,0.07977430555555555,100.0,-36.0,19.813521999822115,auto
1767943587217,Sunny,Day,0.07934027777777777,100.0,-36.0,22.12199999985387,auto
1767943587251,Sunny,Day,0.07868923611111112,100.0,-36.0,25.566448999597924,auto
1767943587280,Sunny,Day,0.07751736111111111,100.0,-33.0,19.94881800010262,auto
1767943587312,Sunny,Day,0.07964409722222222,100.0,-30.0,23.202728999876854,auto
1767943587343,Sunny,Day,0.08289930555555555,100.0,-25.0,20.346506999885605,auto
1767943587375,Sunny,Day,0.08363715277777778,100.0,-21.0,21.775867999622278,auto
1767943587406,Sunny,Day,0.08654513888888889,100.0,-18.0,22.647947000223212,auto
1767943587440,Sunny,Day,0.09019097222222222,100.0,-14.0,23.407341999700293,auto
1767943587474,Sunny,Day,0.092578125,100.0,-12.0,25.54381900017688,auto
1767943587500,Sunny,Day,0.09644097222222223,100.0,-9.0,17.274042000281042,auto
1767943587532,Sunny,Day,0.09683159722222222,100.0,-5.0,20.780120999916107,auto
1767943587564,Sunny,Day,0.09874131944444445,100.0,-3.0,19.126683000195044,auto
1767943587595,Sunny,Day,0.10108506944444444,100.0,0.0,18.043435999970825,auto
1767943587626,Sunny,Day,0.10538194444444444,100.0,1.0,20.453600000109873,auto
1767943587657,Sunny,Day,0.10451388888888889,100.0,2.0,21.743366999999125,auto
1767943587688,Sunny,Day,0.10147569444444444,100.0,2.0,22.375853000085044,auto
1767943587720,Sunny,Day,0.10130208333333333,100.0,2.0,23.643879999781348,auto
1767943587752,Sunny,Day,0.09913194444444444,100.0,1.0,23.34300800021083,auto
1767943587784,Sunny,Day,0.09956597222222222,100.0,1.0,23.615546000200993,auto
1767943587814,Sunny,Day,0.09895833333333333,100.0,1.0,21.715794000101596,auto
1767943587847,Sunny,Day,0.09930555555555555,100.0,1.0,24.356960000204708,auto
1767943587880,Sunny,Day,0.0998263888888889,100.0,1.0,23.391323999931046,auto
1767943587909,Sunny,Day,0.10095486111111111,100.0,0.0,16.306369000176346,auto
1767943587942,Sunny,Day,0.10099826388888888,100.0,0.0,24.204976999953942,auto
1767943587974,Sunny,Day,0.10065104166666666,100.0,0.0,21.698034000110056,auto
1767943588003,Sunny,Day,0.10004340277777778,100.0,0.0,18.517717000122502,auto
1767943588034,Sunny,Day,0.09943576388888889,100.0,0.0,22.897393999755877,auto
1767943588066,Sunny,Day,0.10026041666666667,100.0,0.0,18.168418000186648,auto
1767943588098,Sunny,Day,0.10004340277777778,100.0,0.0,23.674880000271514,auto
1767943588128,Sunny,Day,0.10147569444444444,100.0,0.0,21.59342300001299,auto
1767943588160,Sunny,Day,0.1017795138888889,100.0,0.0,22.31559300025765,auto
1767943588192,Sunny,Day,0.10091145833333333,100.0,0.0,23.404490000302758,auto
1767943588222,Sunny,Day,0.10060763888888889,100.0,0.0,22.00736999975561,auto
1767943588254,Sunny,Day,0.10004340277777778,100.0,0.0,23.48713899982613,auto
1767943588287,Sunny,Day,0.09913194444444444,100.0,0.0,27.477850999730435,auto
1767943588316,Sunny,Day,0.09865451388888889,100.0,0.0,17.388913000104367,auto
1767943588351,Sunny,Day,0.09904513888888888,100.0,0.0,25.83541400008471,auto
1767943588380,Sunny,Day,0.0993923611111111,100.0,0.0,18.34225199991124,auto
1767943588412,Sunny,Day,0.09926215277777778,100.0,0.0,21.55829299999823,auto
1767943588443,Sunny,Day,0.09874131944444445,100.0,0.0,20.91475099996387,auto
1767943588474,Sunny,Day,0.09865451388888889,100.0,0.0,14.062816000205203,auto
1767943588507,Sunny,Day,0.098828125,100.0,0.0,24.42027400002189,auto
1767943588536,Sunny,Day,0.09934895833333333,100.0,0.0,20.034653000038816,auto
1767943588569,Sunny,Day,0.09891493055555556,100.0,0.0,22.716411000146763,auto
1767943588600,Sunny,Day,0.09921875,100.0,0.0,22.28588999969361,auto
1767943588630,Sunny,Day,0.09926215277777778,100.0,0.0,17.964712999855692,auto
1767943588661,Sunny,Day,0.09952256944444444,100.0,0.0,22.736356000223168,auto
1767943588695,Sunny,Day,0.09917534722222222,100.0,0.0,25.42174400014119,auto
1767943588724,Sunny,Day,0.09917534722222222,100.0,0.0,21.383457999945676,auto
1767943588756,Sunny,Day,0.09891493055555556,100.0,0.0,23.83006700029,auto
1767943588789,Sunny,Day,0.09865451388888889,100.0,0.0,24.041198000304576,auto
1767943588819,Sunny,Day,0.09856770833333334,100.0,0.0,20.03078200004893,auto
1767943588853,Sunny,Day,0.09817708333333333,100.0,0.0,25.697561000015412,auto
1767943588883,Sunny,Day,0.09800347222222222,100.0,0.0,19.521796999924845,auto
1767943588918,Sunny,Day,0.0978732638888889,100.0,0.0,27.13351500005956,auto
1767943588946,Sunny,Day,0.098046875,100.0,0.0,18.115807000413042,auto
1767943588977,Sunny,Day,0.09809027777777778,100.0,0.0,22.961839000345208,auto
1767943589010,Sunny,Day,0.09796006944444445,100.0,0.0,24.116903000049206,auto
1767943589039,Sunny,Day,0.09796006944444445,100.0,0.0,20.68889800011675,auto
1767943589070,Sunny,Day,0.09822048611111112,100.0,0.0,22.762263999993593,auto
1767943589104,Sunny,Day,0.09800347222222222,100.0,0.0,25.878710000142746,auto
1767943589133,Sunny,Day,0.09830729166666667,100.0,-1.0,19.996023000203422,auto
1767943589166,Sunny,Day,0.09800347222222222,100.0,-1.0,23.548787999970955,auto
1767943589197,Sunny,Day,0.09835069444444444,100.0,-1.0,21.5138480002679,auto
1767943589228,Sunny,Day,0.09830729166666667,100.0,-1.0,18.848293000246485,auto
1767943589258,Sunny,Day,0.0978732638888889,100.0,-1.0,21.726348999891343,auto
1767943589293,Sunny,Day,0.09835069444444444,100.0,0.0,26.642807999905926,auto
1767943589323,Sunny,Day,0.09830729166666667,100.0,0.0,19.775448000018514,auto
1767943589355,Sunny,Day,0.0984375,100.0,0.0,24.461794000217196,auto
1767943589385,Sunny,Day,0.09835069444444444,100.0,0.0,20.651249999900756,auto
1767943589417,Sunny,Day,0.09835069444444444,100.0,0.0,23.57312100002673,auto
1767943589447,Sunny,Day,0.09782986111111111,100.0,0.0,20.44398900034139,auto
1767943589478,Sunny,Day,0.09830729166666667,100.0,0.0,22.658429999864893,auto
1767943589512,Sunny,Day,0.09839409722222223,100.0,0.0,26.410362000206078,auto
1767943589541,Sunny,Day,0.09856770833333334,100.0,0.0,19.83905799988861,auto
1767943589575,Sunny,Day,0.09852430555555555,100.0,0.0,24.796111000341625,auto
1767943589605,Sunny,Day,0.098828125,100.0,0.0,20.608897999863984,auto
1767943589637,Sunny,Day,0.09865451388888889,100.0,0.0,22.766653000417136,auto
1767943589667,Sunny,Day,0.09908854166666667,100.0,0.0,20.960048000233655,auto
1767943589699,Sunny,Day,0.09861111111111111,100.0,0.0,23.375341999781085,auto
1767943589731,Sunny,Day,0.09930555555555555,100.0,0.0,23.38891599993076,auto
1767943589761,Sunny,Day,0.09900173611111111,100.0,0.0,20.772584000042116,auto
1767943589793,Sunny,Day,0.09904513888888888,100.0,0.0,22.671447999982774,auto
1767943589826,Sunny,Day,0.09895833333333333,100.0,0.0,24.437866999960534,auto
1767943589855,Sunny,Day,0.09865451388888889,100.0,0.0,19.42844499990315,auto
1767943589887,Sunny,Day,0.09874131944444445,100.0,0.0,22.44707699992432,auto
1767943589920,Sunny,Day,0.09835069444444444,100.0,0.0,24.30066299984901,auto
1767943589951,Sunny,Day,0.09891493055555556,100.0,0.0,22.406131999559875,auto
1767943589982,Sunny,Day,0.09900173611111111,100.0,0.0,20.949029000348673,auto
1767943590014,Sunny,Day,0.09904513888888888,100.0,0.0,22.625263000009,auto
1767943590044,Sunny,Day,0.09908854166666667,100.0,0.0,20.96221500005413,auto
1767943590075,Sunny,Day,0.09900173611111111,100.0,0.0,23.610251000263816,auto
1767943590107,Sunny,Day,0.0993923611111111,100.0,0.0,23.863624000114214,auto
1767943590139,Sunny,Day,0.09969618055555556,100.0,0.0,22.81396800026414,auto
1767943590169,Sunny,Day,0.09956597222222222,100.0,0.0,21.44419900014327,auto
1767943590203,Sunny,Day,0.09956597222222222,100.0,0.0,24.954759999673115,auto
1767943590232,Sunny,Day,0.09986979166666667,100.0,1.0,20.350673999928404,auto
1767943590265,Sunny,Day,0.10013020833333333,100.0,1.0,22.58231900032115,auto
1767943590297,Sunny,Day,0.100390625,100.0,1.0,23.75758499965741,auto
1767943590330,Sunny,Day,0.10086805555555556,100.0,1.0,23.915827000109857,auto
1767943590357,Sunny,Day,0.10073784722222222,100.0,1.0,16.829241999857913,auto
1767943590388,Sunny,Day,0.10060763888888889,100.0,0.0,23.284859999876062,auto
1767943590421,Sunny,Day,0.101171875,100.0,0.0,23.91741999963415,auto
1767943590454,Sunny,Day,0.10143229166666666,100.0,0.0,24.671276999924885,auto
1767943590483,Sunny,Day,0.10095486111111111,100.0,0.0,20.549601000311668,auto
1767943590516,Sunny,Day,0.10091145833333333,100.0,0.0,24.69937000023492,auto
1767943590547,Sunny,Day,0.10147569444444444,100.0,0.0,20.61119400013922,auto
1767943590577,Sunny,Day,0.10151909722222222,100.0,0.0,18.743311000434915,auto
1767943590609,Sunny,Day,0.10130208333333333,100.0,0.0,22.520131999954174,auto
1767943590640,Sunny,Day,0.1017795138888889,100.0,0.0,23.03245099983542,auto
1767943590671,Sunny,Day,0.10217013888888889,100.0,0.0,17.3830049998287,auto
1767943590704,Sunny,Day,0.10225694444444444,100.0,0.0,24.80485200021576,auto
1767943590738,Sunny,Day,0.10221354166666667,100.0,0.0,22.803930999998556,auto
1767943590767,Sunny,Day,0.102734375,100.0,0.0,18.383400999937294,auto
1767943590797,Sunny,Day,0.10342881944444444,100.0,1.0,22.187279000263516,auto
1767943590829,Sunny,Day,0.10407986111111112,100.0,1.0,23.368398000002344,auto
1767943590861,Sunny,Day,0.10421006944444444,100.0,1.0,23.707640999873547,auto
1767943590892,Sunny,Day,0.10455729166666666,100.0,1.0,21.49312600022313,auto
1767943590924,Sunny,Day,0.10486111111111111,100.0,0.0,23.174934000053327,auto
1767943590955,Sunny,Day,0.10546875,100.0,0.0,22.185814999829745,auto
1767943590985,Sunny,Day,0.10555555555555556,100.0,0.0,20.993288999761717,auto
1767943591017,Sunny,Day,0.10594618055555556,100.0,0.0,22.854857000311313,auto
1767943591049,Sunny,Day,0.10646701388888889,100.0,0.0,22.546615000010206,auto
1767943591080,Sunny,Day,0.10690104166666667,100.0,1.0,22.538948000146775,auto
1767943591112,Sunny,Day,0.10729166666666666,100.0,1.0,23.551324999971257,auto
1767943591144,Sunny,Day,0.10746527777777778,100.0,1.0,19.372629999907076,auto
1767943591176,Sunny,Day,0.1078125,100.0,2.0,22.9604510000172,auto
1767943591207,Sunny,Day,0.10785590277777778,100.0,2.0,20.853233000252658,auto
1767943591237,Sunny,Day,0.10824652777777778,100.0,2.0,20.783936000043468,auto
1767943591269,Sunny,Day,0.10802951388888889,100.0,2.0,15.640419999726873,auto
1767943591300,Sunny,Day,0.10842013888888889,100.0,2.0,22.355705999871134,auto
1767943591332,Sunny,Day,0.10811631944444444,100.0,2.0,23.828733999835094,auto
1767943591363,Sunny,Day,0.10824652777777778,100.0,2.0,22.00811100010469,auto
1767943591393,Sunny,Day,0.10828993055555555,100.0,1.0,21.81896100000813,auto
1767943591426,Sunny,Day,0.10772569444444445,100.0,1.0,24.539886999718874,auto
1767943591458,Sunny,Day,0.10798611111111112,100.0,1.0,23.464805999992677,auto
1767943591488,Sunny,Day,0.10794270833333333,100.0,2.0,20.71587999989788,auto
1767943591521,Sunny,Day,0.10859375,100.0,2.0,24.764073999904213,auto
1767943591554,Sunny,Day,0.10846354166666666,100.0,3.0,23.913772000014433,auto
1767943591582,Sunny,Day,0.10850694444444445,100.0,3.0,18.491310000172234,auto
1767943591613,Sunny,Day,0.10872395833333333,100.0,3.0,23.011488000065583,auto
1767943591646,Sunny,Day,0.10859375,100.0,3.0,24.119365999922593,auto
1767943591678,Sunny,Day,0.10837673611111111,100.0,3.0,23.559269000088534,auto
1767943591708,Sunny,Day,0.10811631944444444,100.0,3.0,21.827368999765895,auto
1767943591741,Sunny,Day,0.1076388888888889,100.0,4.0,24.55910899971059,auto
1767943591772,Sunny,Day,0.1072048611111111,100.0,4.0,22.710301000188338,auto
1767943591802,Sunny,Day,0.10638020833333334,100.0,4.0,21.29414299997734,auto
1767943591834,Sunny,Day,0.10529513888888889,100.0,4.0,23.225230000207375,auto
1767943591865,Sunny,Day,0.10464409722222222,100.0,4.0,22.557243999926868,auto
1767943591896,Sunny,Day,0.10403645833333333,100.0,4.0,22.692096999890055,auto
1767943591929,Sunny,Day,0.10325520833333333,100.0,4.0,24.482405000071594,auto
1767943591961,Sunny,Day,0.10264756944444445,100.0,4.0,21.90738799981773,auto
1767943591991,Sunny,Day,0.10125868055555555,100.0,4.0,19.96441200026311,auto
1767943592022,Sunny,Day,0.10078125,100.0,4.0,22.083036999902106,auto
1767943592053,Sunny,Day,0.10065104166666666,100.0,5.0,22.206111999821587,auto
1767943592085,Sunny,Day,0.09943576388888889,100.0,5.0,22.284909000063635,auto
1767943592118,Sunny,Day,0.09891493055555556,100.0,6.0,23.247396999977354,auto
1767943592148,Sunny,Day,0.09904513888888888,100.0,6.0,18.30140099991695,auto
1767943592180,Sunny,Day,0.09730902777777778,100.0,7.0,23.100988999885885,auto
1767943592210,Sunny,Day,0.09748263888888889,100.0,7.0,20.49687900034769,auto
1767943592243,Sunny,Day,0.09587673611111111,100.0,7.0,24.750685000071826,auto
1767943592273,Sunny,Day,0.09557291666666666,100.0,8.0,18.662921999748505,auto
1767943592304,Sunny,Day,0.09505208333333333,100.0,8.0,21.46405199982837,auto
1767943592336,Sunny,Day,0.09409722222222222,100.0,9.0,23.175192999588035,auto
1767943592372,Sunny,Day,0.09348958333333333,100.0,10.0,27.600462999998854,auto
1767943592399,Sunny,Day,0.09340277777777778,100.0,10.0,17.65132199989239,auto
1767943592431,Sunny,Day,0.09231770833333333,100.0,11.0,22.39878000000317,auto
1767943592463,Sunny,Day,0.09184027777777778,100.0,10.0,23.022636000405328,auto
1767943592495,Sunny,Day,0.09053819444444444,100.0,10.0,22.62328200004049,auto
1767943592524,Sunny,Day,0.09027777777777778,100.0,10.0,20.646786999805045,auto
1767943592556,Sunny,Day,0.08967013888888889,100.0,10.0,22.984395000094082,auto
1767943592587,Sunny,Day,0.0890625,100.0,10.0,22.764115999962087,auto
1767943592619,Sunny,Day,0.088671875,100.0,10.0,21.73220200029391,auto
1767943592652,Sunny,Day,0.087890625,100.0,10.0,24.590369000179635,auto
1767943592682,Sunny,Day,0.08728298611111111,100.0,9.0,20.88653000009799,auto
1767943592713,Sunny,Day,0.08650173611111112,100.0,9.0,22.206871999969735,auto
1767943592744,Sunny,Day,0.0857204861111111,100.0,8.0,23.364379000213376,auto
1767943592779,Sunny,Day,0.08528645833333333,100.0,8.0,25.983655999880284,auto
1767943592808,Sunny,Day,0.08489583333333334,100.0,8.0,20.343785000022763,auto
1767943592838,Sunny,Day,0.08415798611111111,100.0,7.0,21.97120300024835,auto
1767943592872,Sunny,Day,0.08337673611111111,100.0,8.0,25.580931000149576,auto
1767943592904,Sunny,Day,0.08294270833333334,100.0,8.0,21.971240999846486,auto
1767943592933,Sunny,Day,0.08185763888888889,100.0,8.0,19.53594599990538,auto
1767943592964,Sunny,Day,0.08172743055555555,100.0,7.0,22.1585940003024,auto
1767943592997,Sunny,Day,0.08090277777777778,100.0,7.0,24.701906999780476,auto
1767943593027,Sunny,Day,0.08025173611111111,100.0,8.0,21.17755000017496,auto
1767943593061,Sunny,Day,0.080078125,100.0,8.0,25.401023000085843,auto
1767943593094,Sunny,Day,0.07951388888888888,100.0,8.0,17.574191999756295,auto
1767943593121,Sunny,Day,0.07899305555555555,100.0,8.0,17.57439599987265,auto
1767943593154,Sunny,Day,0.07829861111111111,100.0,8.0,23.256545000094775,auto
1767943593186,Sunny,Day,0.07699652777777778,100.0,8.0,22.504317999846535,auto
1767943593215,Sunny,Day,0.07673611111111112,100.0,9.0,20.791937000012695,auto
1767943593246,Sunny,Day,0.07604166666666666,100.0,9.0,23.940383000081056,auto
1767943593279,Sunny,Day,0.07508680555555555,100.0,9.0,18.722125999829586,auto
1767943593313,Sunny,Day,0.07469618055555556,100.0,9.0,24.179496000215295,auto
1767943593342,Sunny,Day,0.07434895833333334,100.0,9.0,19.0554990003875,auto
1767943593372,Sunny,Day,0.07404513888888889,100.0,9.0,21.065901000383747,auto
1767943593403,Sunny,Day,0.07322048611111111,100.0,9.0,23.14132299989069,auto
1767943593435,Sunny,Day,0.07165798611111111,100.0,9.0,18.73903399973642,auto
1767943593467,Sunny,Day,0.07118055555555555,100.0,9.0,23.935272000016994,auto
1767943593502,Sunny,Day,0.07109375,100.0,9.0,26.523474999976315,auto
1767943593529,Sunny,Day,0.067578125,100.0,8.0,18.62832899996647,auto
1767943593562,Sunny,Day,0.066015625,100.0,9.0,24.021772999731184,auto
1767943593594,Sunny,Day,0.06232638888888889,100.0,9.0,22.209131000181515,auto
1767943593624,Sunny,Day,0.06050347222222222,100.0,9.0,20.797158000277705,auto
1767943593655,Sunny,Day,0.057291666666666664,100.0,10.0,21.69049800022549,auto
1767943593688,Sunny,Day,0.05373263888888889,100.0,10.0,24.295183000049292,auto
1767943593718,Sunny,Day,0.04787326388888889,95.74652777777779,-37.0,20.350043999769696,auto
1767943593749,Sunny,Day,0.043619791666666664,87.23958333333333,-37.0,22.815986999830784,auto
1767943593781,Sunny,Day,0.04079861111111111,81.59722222222223,-37.0,14.847395999822766,auto
1767943593812,Sunny,Day,0.041102430555555555,82.20486111111111,-37.0,21.585441999832256,auto
1767943593843,Sunny,Day,0.04578993055555555,91.5798611111111,-32.0,22.86896900022839,auto
1767943593876,Sunny,Day,0.05026041666666667,100.0,-29.0,23.271768000086013,auto
1767943593906,Sunny,Day,0.055164930555555554,100.0,-26.0,21.79355399994165,auto
1767943593937,Sunny,Day,0.05920138888888889,100.0,-22.0,22.121777999927872,auto
1767943593970,Sunny,Day,0.06414930555555555,100.0,-17.0,23.91282799999317,auto
1767943594006,Sunny,Day,0.07065972222222222,100.0,-13.0,26.384195999980875,auto
1767943594033,Sunny,Day,0.07643229166666667,100.0,-9.0,16.729576000216184,auto
1767943594068,Sunny,Day,0.08194444444444444,100.0,-7.0,20.814399999835587,auto
1767943594096,Sunny,Day,0.08793402777777778,100.0,-3.0,17.171393999888096,auto
1767943594130,Sunny,Day,0.09361979166666666,100.0,0.0,26.332289000038145,auto
1767943594157,Sunny,Day,0.0984375,100.0,3.0,16.53464899982282,auto
1767943594188,Sunny,Day,0.10199652777777778,100.0,4.0,23.1473589997222,auto
1767943594220,Sunny,Day,0.10494791666666667,100.0,5.0,22.3439840001447,auto
1767943594252,Sunny,Day,0.10755208333333334,100.0,6.0,13.184459000058268,auto
1767943594283,Sunny,Day,0.10972222222222222,100.0,7.0,20.68093600018983,auto
1767943594314,Sunny,Day,0.1115451388888889,100.0,8.0,22.336835999794857,auto
1767943594347,Sunny,Day,0.11336805555555556,100.0,8.0,18.912182999883953,auto
1767943594377,Sunny,Day,0.11427951388888889,100.0,8.0,20.210673000292445,auto
1767943594410,Sunny,Day,0.11514756944444444,100.0,8.0,24.87242699999115,auto
1767943594440,Sunny,Day,0.11584201388888889,100.0,7.0,21.145865000107733,auto
1767943594472,Sunny,Day,0.11666666666666667,100.0,7.0,26.520290000007662,auto
1767943594506,Sunny,Day,0.11657986111111111,100.0,6.0,25.275875000261294,auto
1767943594537,Sunny,Day,0.11818576388888889,100.0,6.0,20.416951999777666,auto
1767943594568,Sunny,Day,0.11979166666666667,100.0,6.0,16.21677599996474,auto
1767943594602,Sunny,Day,0.12105034722222222,100.0,5.0,25.989527000092494,auto
1767943594628,Sunny,Day,0.12248263888888888,100.0,6.0,17.650952000167308,auto
1767943594661,Sunny,Day,0.12421875,100.0,6.0,23.12287799986734,auto
1767943594692,Sunny,Day,0.13246527777777778,100.0,6.0,22.768431999793393,auto
1767943594724,Sunny,Day,0.13615451388888888,100.0,7.0,23.87719800026389,auto
1767943594754,Sunny,Day,0.14322916666666666,100.0,7.0,20.490361000156554,auto
1767943594785,Sunny,Day,0.148046875,100.0,7.0,23.199656000087998,auto
1767943594820,Sunny,Day,0.15373263888888888,100.0,34.0,28.167505000055826,auto
1767943594848,Sunny,Day,0.15733506944444445,100.0,38.0,14.400003999980981,auto
1767943594881,Sunny,Day,0.16111111111111112,100.0,40.0,25.600097999813443,auto
1767943594911,Sunny,Day,0.16410590277777778,100.0,42.0,19.959726999786653,auto
1767943594946,Sunny,Day,0.16341145833333334,100.0,41.0,25.873637000131566,auto
1767943594977,Sunny,Day,0.162890625,100.0,36.0,13.930557000094268,auto
1767943595007,Sunny,Day,0.15824652777777778,100.0,35.0,22.423039999921457,auto
1767943595037,Sunny,Day,0.1536892361111111,100.0,30.0,19.9773570002435,auto
1767943595070,Sunny,Day,0.1482638888888889,100.0,31.0,20.847325999966415,auto
1767943595099,Sunny,Day,0.1440972222222222,100.0,27.0,18.508679999740707,auto
1767943595133,Sunny,Day,0.14262152777777778,100.0,30.0,25.76671199994962,auto
1767943595162,Sunny,Day,0.14049479166666667,100.0,27.0,19.20468499974959,auto
1767943595194,Sunny,Day,0.135546875,100.0,25.0,24.64607399997476,auto
1767943595225,Sunny,Day,0.1334201388888889,100.0,25.0,20.12934000003952,auto
1767943595260,Sunny,Day,0.13289930555555557,100.0,26.0,27.010479000182386,auto
1767943595289,Sunny,Day,0.12977430555555555,100.0,24.0,18.83722000002308,auto
1767943595320,Sunny,Day,0.12942708333333333,100.0,25.0,18.62386599987076,auto
1767943595353,Sunny,Day,0.1293402777777778,100.0,25.0,17.345394999665587,auto
1767943595381,Sunny,Day,0.12890625,100.0,28.0,12.524029000360315,auto
1767943595414,Sunny,Day,0.12751736111111112,100.0,28.0,24.184737000268797,auto
1767943595444,Sunny,Day,0.12994791666666666,100.0,29.0,19.588668999858783,auto
1767943595476,Sunny,Day,0.12834201388888888,100.0,30.0,23.744920000353886,auto
1767943595508,Sunny,Day,0.12625868055555556,100.0,30.0,23.854384000060236,auto
1767943595539,Sunny,Day,0.12556423611111112,100.0,30.0,14.860026999940601,auto
1767943595572,Sunny,Day,0.12530381944444444,100.0,30.0,21.91596300008314,auto
1767943595602,Sunny,Day,0.12387152777777778,100.0,30.0,19.201018999865482,auto
1767943595636,Sunny,Day,0.12126736111111111,100.0,30.0,23.74617900022713,auto
1767943595665,Sunny,Day,0.11966145833333333,100.0,30.0,20.76652899995679,auto
1767943595696,Sunny,Day,0.11970486111111112,100.0,30.0,16.828761999931885,auto
1767943595728,Sunny,Day,0.11727430555555556,100.0,30.0,22.32813199998418,auto
1767943595760,Sunny,Day,0.11666666666666667,100.0,30.0,23.949976999574574,auto
1767943595790,Sunny,Day,0.11532118055555556,100.0,29.0,18.059862999962206,auto
1767943595821,Sunny,Day,0.11397569444444444,100.0,29.0,20.352841000203625,auto
1767943595852,Sunny,Day,0.11046006944444445,100.0,28.0,26.29493700032981,auto
1767943595885,Sunny,Day,0.11263020833333333,100.0,30.0,20.55804600013289,auto
1767943595918,Sunny,Day,0.10989583333333333,100.0,29.0,21.407847999853402,auto
1767943595950,Sunny,Day,0.11176215277777778,100.0,30.0,14.029816999936884,auto
1767943595978,Sunny,Day,0.110546875,100.0,30.0,18.242901000121492,auto
1767943596010,Sunny,Day,0.10855034722222222,100.0,30.0,22.393633000319824,auto
1767943596043,Sunny,Day,0.10455729166666666,100.0,30.0,24.224293999850488,auto
1767943596075,Sunny,Day,0.10421006944444444,100.0,31.0,23.255453999809106,auto
1767943596104,Sunny,Day,0.10360243055555556,100.0,31.0,19.730744000298728,auto
1767943596135,Sunny,Day,0.10321180555555555,100.0,30.0,22.497818999909214,auto
1767943596167,Sunny,Day,0.10342881944444444,100.0,28.0,22.755487999802426,auto
1767943596198,Sunny,Day,0.10399305555555556,100.0,26.0,22.553633999905287,auto
1767943596230,Sunny,Day,0.10238715277777778,100.0,25.0,22.341929000049277,auto
1767943596262,Sunny,Day,0.10130208333333333,100.0,24.0,22.98915599976681,auto
1767943596292,Sunny,Day,0.09995659722222222,100.0,22.0,19.501890999890747,auto
1767943596325,Sunny,Day,0.09952256944444444,100.0,22.0,25.16261500022665,auto
1767943596355,Sunny,Day,0.09895833333333333,100.0,21.0,18.628384999828995,auto
1767943596390,Sunny,Day,0.09822048611111112,100.0,21.0,26.429733999975724,auto
1767943596418,Sunny,Day,0.09874131944444445,100.0,20.0,18.259846000091784,auto
1767943596451,Sunny,Day,0.09856770833333334,100.0,20.0,23.5944930000187,auto
1767943596482,Sunny,Day,0.09813368055555556,100.0,18.0,20.548102000248036,auto
1767943596513,Sunny,Day,0.0984375,100.0,17.0,21.723516999827552,auto
1767943596544,Sunny,Day,0.09717881944444444,100.0,16.0,22.22650200019416,auto
1767943596577,Sunny,Day,0.09678819444444445,100.0,16.0,22.876081000049453,auto
1767943596607,Sunny,Day,0.09596354166666667,100.0,15.0,20.922548999806168,auto
1767943596641,Sunny,Day,0.096875,100.0,16.0,25.263929999709944,auto
1767943596670,Sunny,Day,0.09639756944444444,100.0,15.0,19.51190999989194,auto
1767943596700,Sunny,Day,0.09401041666666667,100.0,13.0,20.85658499981946,auto
1767943596735,Sunny,Day,0.09205729166666667,100.0,11.0,23.765624000134267,auto
1767943596763,Sunny,Day,0.09171006944444444,100.0,10.0,17.74582299958638,auto
1767943596796,Sunny,Day,0.09192708333333334,100.0,10.0,23.938217000250006,auto
1767943596828,Sunny,Day,0.09162326388888889,100.0,10.0,23.77110499992341,auto
1767943596862,Sunny,Day,0.09223090277777778,100.0,9.0,21.55721999997695,auto
1767943596888,Sunny,Day,0.09240451388888889,100.0,8.0,17.95443700029864,auto
1767943596922,Sunny,Day,0.09322916666666667,100.0,8.0,19.79341199967166,auto
1767943596951,Sunny,Day,0.09305555555555556,100.0,7.0,20.32556400035901,auto
1767943596984,Sunny,Day,0.09361979166666666,100.0,8.0,23.124229999666568,auto
1767943597015,Sunny,Day,0.09448784722222223,100.0,7.0,18.95899900000586,auto
1767943597047,Sunny,Day,0.09513888888888888,100.0,7.0,25.841304000095988,auto
1767943597078,Sunny,Day,0.09578993055555556,100.0,6.0,22.4920599998768,auto
1767943597110,Sunny,Day,0.09631076388888889,100.0,6.0,22.396336999918276,auto
1767943597143,Sunny,Day,0.09704861111111111,100.0,6.0,24.22331200023109,auto
1767943597172,Sunny,Day,0.09782986111111111,100.0,6.0,19.705947999682394,auto
1767943597204,Sunny,Day,0.09861111111111111,100.0,6.0,19.213945000046806,auto
1767943597234,Sunny,Day,0.1,100.0,6.0,19.2185559999416,auto
1767943597267,Sunny,Day,0.10138888888888889,100.0,5.0,24.33373899975777,auto
1767943597297,Sunny,Day,0.10260416666666666,100.0,5.0,22.35768900027324,auto
1767943597328,Sunny,Day,0.10403645833333333,100.0,5.0,23.024395999982517,auto
1767943597363,Sunny,Day,0.10516493055555555,100.0,6.0,26.085547000093356,auto
1767943597392,Sunny,Day,0.10512152777777778,100.0,6.0,19.981691000339197,auto
1767943597425,Sunny,Day,0.10581597222222222,100.0,7.0,23.34154599975591,auto
1767943597458,Sunny,Day,0.10598958333333333,100.0,7.0,22.878303000197775,auto
1767943597487,Sunny,Day,0.10577256944444445,100.0,7.0,20.672453999850404,auto
1767943597517,Sunny,Day,0.10564236111111111,100.0,8.0,20.671251000294433,auto
1767943597551,Sunny,Day,0.10551215277777778,100.0,7.0,26.072436000049493,auto
1767943597580,Sunny,Day,0.10520833333333333,100.0,8.0,19.428020999839646,auto
1767943597615,Sunny,Day,0.10481770833333333,100.0,8.0,26.20419499999116,auto
1767943597643,Sunny,Day,0.10403645833333333,100.0,7.0,17.9856770000697,auto
1767943597679,Sunny,Day,0.103515625,100.0,7.0,27.187535999928514,auto
1767943597706,Sunny,Day,0.10256076388888889,100.0,7.0,16.65937200004919,auto
1767943597739,Sunny,Day,0.1015625,100.0,7.0,22.815005999746063,auto
1767943597770,Sunny,Day,0.10095486111111111,100.0,7.0,18.517476999932114,auto
1767943597799,Sunny,Day,0.10013020833333333,100.0,6.0,12.856605999786552,auto
1767943597832,Sunny,Day,0.09943576388888889,100.0,7.0,9.369767000407592,auto
1767943597863,Sunny,Day,0.09895833333333333,100.0,7.0,20.136433000061515,auto
1767943597894,Sunny,Day,0.09800347222222222,100.0,7.0,22.702116999880673,auto
1767943597925,Sunny,Day,0.0978732638888889,100.0,7.0,23.002414999609755,auto
1767943597958,Sunny,Day,0.09761284722222222,100.0,7.0,25.838601000032213,auto
1767943597988,Sunny,Day,0.09635416666666667,100.0,7.0,20.890920000056212,auto
1767943598021,Sunny,Day,0.09544270833333333,100.0,7.0,22.516893000101845,auto
1767943598051,Sunny,Day,0.09448784722222223,100.0,7.0,18.0562519999512,auto
1767943598084,Sunny,Day,0.09448784722222223,100.0,7.0,24.993225000343955,auto
1767943598115,Sunny,Day,0.09366319444444444,100.0,7.0,21.312478000254487,auto
1767943598145,Sunny,Day,0.09344618055555555,100.0,7.0,20.911956999952963,auto
1767943598179,Sunny,Day,0.09292534722222222,100.0,6.0,25.237671000013506,auto
1767943598207,Sunny,Day,0.09340277777777778,100.0,6.0,19.345186000009562,auto
1767943598240,Sunny,Day,0.09344618055555555,100.0,6.0,23.667994000334147,auto
1767943598270,Sunny,Day,0.09227430555555556,100.0,5.0,20.424785999693995,auto
1767943598302,Sunny,Day,0.09105902777777777,100.0,5.0,23.352862000137975,auto
1767943598333,Sunny,Day,0.09114583333333333,100.0,5.0,22.924506999970617,auto
1767943598367,Sunny,Day,0.09092881944444445,100.0,5.0,25.488894999853073,auto
1767943598397,Sunny,Day,0.09066840277777778,100.0,6.0,20.770011999957205,auto
1767943598432,Sunny,Day,0.09019097222222222,100.0,6.0,25.7846000004065,auto
1767943598460,Sunny,Day,0.09001736111111111,100.0,7.0,17.25076499997158,auto
1767943598493,Sunny,Day,0.08923611111111111,100.0,7.0,23.04239700015387,auto
1767943598523,Sunny,Day,0.089453125,100.0,7.0,20.21484099986992,auto
1767943598554,Sunny,Day,0.08880208333333334,100.0,7.0,15.441679000105069,auto
1767943598585,Sunny,Day,0.08858506944444444,100.0,8.0,22.398744999918563,auto
1767943598616,Sunny,Day,0.08784722222222222,100.0,8.0,23.280602000340878,auto
1767943598648,Sunny,Day,0.0881076388888889,100.0,8.0,14.930490000097052,auto
1767943598679,Sunny,Day,0.0875,100.0,7.0,21.97124199983591,auto
1767943598710,Sunny,Day,0.08728298611111111,100.0,7.0,22.89359999986118,auto
1767943598742,Sunny,Day,0.08706597222222222,100.0,6.0,21.73377700000856,auto
1767943598773,Sunny,Day,0.08680555555555555,100.0,5.0,20.7656960001259,auto
1767943598805,Sunny,Day,0.08715277777777777,100.0,5.0,22.665838999728294,auto
1767943598837,Sunny,Day,0.08723958333333333,100.0,4.0,23.691272000178287,auto
1767943598872,Sunny,Day,0.086328125,100.0,5.0,21.940408000318712,auto
1767943598898,Sunny,Day,0.08654513888888889,100.0,5.0,17.373914000017976,auto
1767943598930,Sunny,Day,0.08702256944444445,100.0,5.0,25.99500899987106,auto
1767943598961,Sunny,Day,0.08689236111111111,100.0,6.0,22.786524999901303,auto
1767943598993,Sunny,Day,0.08624131944444445,100.0,7.0,23.081285999978718,auto
1767943599024,Sunny,Day,0.086328125,100.0,7.0,22.258002999933524,auto
1767943599056,Sunny,Day,0.08611111111111111,100.0,7.0,22.967136999795912,auto
1767943599087,Sunny,Day,0.08702256944444445,100.0,7.0,22.680634999687754,auto
1767943599123,Sunny,Day,0.0861545138888889,100.0,8.0,27.755373000218242,auto
1767943599150,Sunny,Day,0.08619791666666667,100.0,8.0,17.647934000251553,auto
1767943599181,Sunny,Day,0.08641493055555556,100.0,8.0,23.422325999945315,auto
1767943599212,Sunny,Day,0.08589409722222222,100.0,7.0,22.19681699989451,auto
1767943599244,Sunny,Day,0.08702256944444445,100.0,7.0,22.83896900007676,auto
1767943599277,Sunny,Day,0.0876736111111111,100.0,6.0,13.973113999782072,auto
1767943599307,Sunny,Day,0.08815104166666667,100.0,6.0,21.624608999900374,auto
1767943599340,Sunny,Day,0.08806423611111111,100.0,5.0,21.592442999917694,auto
1767943599370,Sunny,Day,0.08637152777777778,100.0,5.0,21.58599799986405,auto
1767943599402,Sunny,Day,0.08693576388888889,100.0,4.0,22.977860000082728,auto
1767943599432,Sunny,Day,0.08693576388888889,100.0,4.0,21.845684999789228,auto
1767943599465,Sunny,Day,0.08806423611111111,100.0,3.0,23.380177000035474,auto
1767943599495,Sunny,Day,0.08823784722222222,100.0,3.0,21.116012999755185,auto
1767943599526,Sunny,Day,0.08758680555555555,100.0,3.0,23.440196000137803,auto
1767943599559,Sunny,Day,0.08763020833333333,100.0,4.0,24.724000999867712,auto
1767943599589,Sunny,Day,0.087109375,100.0,4.0,21.79251799998383,auto
1767943599622,Sunny,Day,0.08732638888888888,100.0,4.0,24.25140500008638,auto
1767943599653,Sunny,Day,0.08741319444444444,100.0,4.0,14.706062999721325,auto
1767943599686,Sunny,Day,0.08758680555555555,100.0,5.0,22.673468999983015,auto
1767943599719,Sunny,Day,0.0876736111111111,100.0,4.0,23.12524899980417,auto
1767943599747,Sunny,Day,0.08771701388888889,100.0,4.0,17.378821999955107,auto
1767943599777,Sunny,Day,0.08832465277777778,100.0,4.0,22.170723999806796,auto
1767943599810,Sunny,Day,0.08802083333333334,100.0,5.0,24.496093000379915,auto
1767943599841,Sunny,Day,0.08776041666666666,100.0,5.0,22.30207699994935,auto
1767943599872,Sunny,Day,0.08758680555555555,100.0,5.0,23.070619000009174,auto
1767943599906,Sunny,Day,0.08780381944444444,100.0,5.0,25.36970899973312,auto
1767943599935,Sunny,Day,0.08802083333333334,100.0,5.0,19.041906999973435,auto
1767943599967,Sunny,Day,0.08754340277777778,100.0,6.0,22.359041000072466,auto
1767943599999,Sunny,Day,0.0881076388888889,100.0,5.0,23.119211999983236,auto
1767943600029,Sunny,Day,0.08823784722222222,100.0,5.0,17.82273200024065,auto
1767943600061,Sunny,Day,0.0890625,100.0,5.0,24.654112000007444,auto
1767943600091,Sunny,Day,0.08919270833333333,100.0,37.0,17.955898999844067,auto
1767943600123,Sunny,Day,0.08910590277777777,100.0,37.0,23.52530799998931,auto
1767943600156,Sunny,Day,0.09375,100.0,37.0,24.646630000006553,auto
1767943600185,Sunny,Day,0.09422743055555556,100.0,34.0,20.54313999997248,auto
1767943600217,Sunny,Day,0.10277777777777777,100.0,31.0,23.501918999954796,auto
1767943600250,Sunny,Day,0.10013020833333333,100.0,26.0,24.7018529998968,auto
1767943600282,Sunny,Day,0.10772569444444445,100.0,24.0,22.690488000080222,auto
1767943600312,Sunny,Day,0.10859375,100.0,21.0,21.23827400009759,auto
1767943600343,Sunny,Day,0.10950520833333334,100.0,20.0,22.24805900004867,auto
1767943600375,Sunny,Day,0.10737847222222222,100.0,19.0,23.933848000069702,auto
1767943600406,Sunny,Day,0.10863715277777777,100.0,18.0,22.02744599981088,auto
1767943600438,Sunny,Day,0.11193576388888889,100.0,16.0,22.35024500032523,auto
1767943600470,Sunny,Day,0.115234375,100.0,14.0,24.11868199988021,auto
1767943600500,Sunny,Day,0.11805555555555555,100.0,12.0,19.99441400039359,auto
1767943600531,Sunny,Day,0.11736111111111111,100.0,10.0,22.884617999807233,auto
1767943600563,Sunny,Day,0.11879340277777778,100.0,8.0,23.161972000252717,auto
1767943600595,Sunny,Day,0.11875,100.0,6.0,23.138768000080745,auto
1767943600627,Sunny,Day,0.11827256944444445,100.0,5.0,20.23022999992463,auto
1767943600659,Sunny,Day,0.119140625,100.0,4.0,23.51243799967051,auto
1767943600690,Sunny,Day,0.11736111111111111,100.0,3.0,15.811959000075149,auto
1767943600720,Sunny,Day,0.117578125,100.0,2.0,21.249422999972012,auto
1767943600753,Sunny,Day,0.11705729166666666,100.0,1.0,24.753243000304792,auto
1767943600784,Sunny,Day,0.11644965277777777,100.0,0.0,18.39612499998111,auto
1767943600814,Sunny,Day,0.11644965277777777,100.0,0.0,15.75253300006807,auto
1767943600845,Sunny,Day,0.11714409722222222,100.0,-1.0,21.942778999800794,auto
1767943600878,Sunny,Day,0.11749131944444445,100.0,-1.0,23.558288999993238,auto
1767943600910,Sunny,Day,0.11736111111111111,100.0,-1.0,23.068119999607006,auto
1767943600941,Sunny,Day,0.11753472222222222,100.0,0.0,22.58820899987768,auto
1767943600970,Sunny,Day,0.11818576388888889,100.0,0.0,19.244797000283143,auto
1767943601002,Sunny,Day,0.11840277777777777,100.0,0.0,19.021666000298865,auto
1767943601034,Sunny,Day,0.11879340277777778,100.0,0.0,22.458893000020907,auto
1767943601065,Sunny,Day,0.11918402777777778,100.0,0.0,22.74604400008684,auto
1767943601099,Sunny,Day,0.11996527777777778,100.0,0.0,25.25581999998394,auto
1767943601130,Sunny,Day,0.12035590277777777,100.0,0.0,22.405633999824204,auto
1767943601160,Sunny,Day,0.12092013888888889,100.0,1.0,20.829086000048846,auto
1767943601191,Sunny,Day,0.12170138888888889,100.0,1.0,22.47530100021322,auto
1767943601225,Sunny,Day,0.12191840277777778,100.0,1.0,25.395857999683358,auto
1767943601256,Sunny,Day,0.12291666666666666,100.0,0.0,21.924055999988923,auto
1767943601286,Sunny,Day,0.12356770833333333,100.0,0.0,21.292162999998254,auto
1767943601316,Sunny,Day,0.12408854166666666,100.0,0.0,19.75113499975123,auto
1767943601348,Sunny,Day,0.12426215277777777,100.0,0.0,23.48034499982532,auto
1767943601381,Sunny,Day,0.12573784722222223,100.0,0.0,24.81463200001599,auto
1767943601410,Sunny,Day,0.12595486111111112,100.0,0.0,19.61672599964004,auto
1767943601442,Sunny,Day,0.12686631944444443,100.0,-1.0,22.537949999787088,auto
1767943601474,Sunny,Day,0.1275607638888889,100.0,-1.0,21.113291999881767,auto
1767943601507,Sunny,Day,0.12894965277777778,100.0,-1.0,23.941940999975486,auto
1767943601537,Sunny,Day,0.12938368055555555,100.0,-2.0,20.894920000046113,auto
1767943601569,Sunny,Day,0.12964409722222223,100.0,-2.0,20.39741699991282,auto
1767943601601,Sunny,Day,0.12981770833333334,100.0,-2.0,19.68291200000749,auto
1767943601630,Sunny,Day,0.13077256944444443,100.0,-2.0,19.564911000088614,auto
1767943601661,Sunny,Day,0.131640625,100.0,-2.0,23.45541900012904,auto
1767943601692,Sunny,Day,0.13185763888888888,100.0,-2.0,22.733469999820954,auto
1767943601725,Sunny,Day,0.13168402777777777,100.0,-2.0,23.819532999823423,auto
1767943601757,Sunny,Day,0.13185763888888888,100.0,-1.0,22.41507899998396,auto
1767943601789,Sunny,Day,0.1312934027777778,100.0,-2.0,23.028508000152215,auto
1767943601818,Sunny,Day,0.1310763888888889,100.0,-2.0,19.20825999968656,auto
1767943601852,Sunny,Day,0.13051215277777778,100.0,-1.0,25.007984000239958,auto
1767943601881,Sunny,Day,0.13003472222222223,100.0,-2.0,20.03728499994395,auto
1767943601914,Sunny,Day,0.12999131944444445,100.0,-1.0,24.896244000046863,auto
1767943601944,Sunny,Day,0.1296875,100.0,-1.0,17.71741699985796,auto
1767943601976,Sunny,Day,0.12916666666666668,100.0,-1.0,21.74359300033757,auto
1767943602007,Sunny,Day,0.12903645833333333,100.0,-1.0,22.401597000225593,auto
1767943602038,Sunny,Day,0.12916666666666668,100.0,-1.0,22.132170000077167,auto
1767943602071,Sunny,Day,0.12795138888888888,100.0,-1.0,25.55293300019912,auto
1767943602101,Sunny,Day,0.1271267361111111,100.0,-1.0,20.902623999973002,auto
1767943602133,Sunny,Day,0.12608506944444445,100.0,-2.0,22.918545000266022,auto
1767943602164,Sunny,Day,0.12604166666666666,100.0,-1.0,22.479745000055118,auto
1767943602196,Sunny,Day,0.12482638888888889,100.0,-2.0,20.984291000331723,auto
1767943602227,Sunny,Day,0.12378472222222223,100.0,-2.0,22.127299000203493,auto
1767943602258,Sunny,Day,0.12265625,100.0,-2.0,24.071478999758256,auto
1767943602290,Sunny,Day,0.12213541666666666,100.0,-3.0,19.909580000330607,auto
1767943602324,Sunny,Day,0.12105034722222222,100.0,-2.0,26.027029000033508,auto
1767943602353,Sunny,Day,0.12009548611111111,100.0,-3.0,20.405416999892623,auto
1767943602385,Sunny,Day,0.11861979166666667,100.0,-2.0,22.772247999910178,auto
1767943602416,Sunny,Day,0.11736111111111111,100.0,-3.0,17.352396000205772,auto
1767943602447,Sunny,Day,0.11614583333333334,100.0,-3.0,22.020947000328306,auto
1767943602479,Sunny,Day,0.11488715277777778,100.0,-3.0,19.869820000167238,auto
1767943602511,Sunny,Day,0.11223958333333334,100.0,-4.0,19.576893000248674,auto
1767943602540,Sunny,Day,0.11085069444444444,100.0,-3.0,20.607547000054183,auto
1767943602573,Sunny,Day,0.10911458333333333,100.0,-4.0,23.83827400035443,auto
1767943602603,Sunny,Day,0.10759548611111111,100.0,-4.0,21.314441000413353,auto
1767943602635,Sunny,Day,0.10421006944444444,100.0,-4.0,22.901803999957338,auto
1767943602668,Sunny,Day,0.10243055555555555,100.0,-5.0,25.184615999933158,auto
1767943602698,Sunny,Day,0.10143229166666666,100.0,-5.0,20.08728400005566,auto
1767943602730,Sunny,Day,0.10021701388888889,100.0,-6.0,24.269072999686614,auto
1767943602761,Sunny,Day,0.10026041666666667,100.0,-7.0,19.660855999973137,auto
1767943602792,Sunny,Day,0.09800347222222222,100.0,-7.0,21.7404439999882,auto
1767943602823,Sunny,Day,0.0974392361111111,100.0,-8.0,22.39004200009731,auto
1767943602855,Sunny,Day,0.09670138888888889,100.0,-9.0,23.404380999636487,auto
1767943602887,Sunny,Day,0.094921875,100.0,-10.0,23.589567999806604,auto
1767943602918,Sunny,Day,0.09322916666666667,100.0,-10.0,22.08207700005005,auto
1767943602949,Sunny,Day,0.09019097222222222,100.0,-11.0,22.762858999612945,auto
1767943602980,Sunny,Day,0.08771701388888889,100.0,-11.0,23.01286000010805,auto
1767943603012,Sunny,Day,0.08576388888888889,100.0,-12.0,23.465808000310062,auto
1767943603045,Sunny,Day,0.08355034722222222,100.0,-13.0,24.095719999877474,auto
1767943603075,Sunny,Day,0.07977430555555555,100.0,-14.0,19.624245000159135,auto
1767943603107,Sunny,Day,0.0779079861111111,100.0,-15.0,22.74797000018225,auto
1767943603138,Sunny,Day,0.074609375,100.0,-15.0,22.617098999944574,auto
1767943603169,Sunny,Day,0.07291666666666667,100.0,-16.0,22.406690000025264,auto
1767943603201,Sunny,Day,0.07087673611111112,100.0,-17.0,22.08035400008157,auto
1767943603232,Sunny,Day,0.06901041666666667,100.0,-17.0,22.237467000195466,auto
1767943603263,Sunny,Day,0.06879340277777778,100.0,-15.0,22.780007000164915,auto
1767943603294,Sunny,Day,0.06888020833333333,100.0,-15.0,22.85211900016293,auto
1767943603327,Sunny,Day,0.06948784722222222,100.0,-14.0,24.368536000110907,auto
1767943603358,Sunny,Day,0.069140625,100.0,-12.0,22.27850400004172,auto
1767943603389,Sunny,Day,0.06948784722222222,100.0,-11.0,22.535691000030056,auto
1767943603421,Sunny,Day,0.07039930555555556,100.0,-10.0,22.698431999742752,auto
1767943603456,Sunny,Day,0.06979166666666667,100.0,-9.0,20.191136999983428,auto
1767943603484,Sunny,Day,0.06970486111111111,100.0,-8.0,14.764731000013853,auto
1767943603515,Sunny,Day,0.06996527777777778,100.0,-7.0,21.6563510002743,auto
1767943603546,Sunny,Day,0.07018229166666666,100.0,-7.0,22.296503999768902,auto
1767943603578,Sunny,Day,0.06979166666666667,100.0,-7.0,18.08558599987009,auto
1767943603609,Sunny,Day,0.06783854166666667,100.0,-7.0,22.50391200004742,auto
1767943603641,Sunny,Day,0.06827256944444444,100.0,-7.0,24.293073000080767,auto
1767943603671,Sunny,Day,0.06753472222222222,100.0,-7.0,21.29416300022058,auto
1767943603704,Sunny,Day,0.06684027777777778,100.0,-7.0,24.27796199981458,auto
1767943603737,Sunny,Day,0.06614583333333333,100.0,-8.0,21.916834999956336,auto
1767943603766,Sunny,Day,0.06540798611111111,100.0,-9.0,21.777610999833996,auto
1767943603796,Sunny,Day,0.06453993055555556,100.0,-8.0,21.37097900003937,auto
1767943603828,Sunny,Day,0.06414930555555555,100.0,-9.0,23.931237000397232,auto
1767943603860,Sunny,Day,0.06258680555555556,100.0,-8.0,19.28714999985459,auto
1767943603891,Sunny,Day,0.06267361111111111,100.0,-8.0,22.58193099987693,auto
1767943603923,Sunny,Day,0.06072048611111111,100.0,-8.0,23.475937999592134,auto
1767943603954,Sunny,Day,0.059722222222222225,100.0,-8.0,21.37321999998676,auto
1767943603986,Sunny,Day,0.058680555555555555,100.0,-9.0,22.839360000034503,auto
1767943604018,Sunny,Day,0.05559895833333333,100.0,-8.0,17.767399000149453,auto
1767943604049,Sunny,Day,0.053559027777777775,100.0,-9.0,22.290688999873964,auto
1767943604080,Sunny,Day,0.050303819444444446,100.0,-9.0,22.54530199979854,auto
1767943604113,Sunny,Day,0.045703125,91.40625,-10.0,24.067312000170205,auto
1767943604143,Sunny,Day,0.041493055555555554,82.98611111111111,-10.0,21.05995800002347,auto
1767943604175,Sunny,Day,0.03819444444444445,76.3888888888889,43.0,22.69872899978509,auto
1767943604206,Sunny,Day,0.034375,68.75,44.0,18.19353200016849,auto
1767943604237,Sunny,Day,0.031640625,63.28125,45.0,20.819901999857393,auto
1767943604269,Sunny,Day,0.02990451388888889,59.80902777777778,44.0,24.075033999906736,auto
1767943604301,Sunny,Day,0.02834201388888889,56.68402777777778,41.0,17.188136000186205,auto
1767943604330,Sunny,Day,0.03177083333333333,63.541666666666664,37.0,20.27108300035252,auto
1767943604364,Sunny,Day,0.03923611111111111,78.47222222222221,33.0,25.568638000095234,auto
1767943604395,Sunny,Day,0.04162326388888889,83.24652777777777,27.0,18.670515999929194,auto
1767943604425,Sunny,Day,0.046614583333333334,93.22916666666667,23.0,22.011539000232005,auto
1767943604458,Sunny,Day,0.05464409722222222,100.0,18.0,22.827433999736968,auto
1767943604488,Sunny,Day,0.05859375,100.0,16.0,18.399348000002647,auto
1767943604521,Sunny,Day,0.06436631944444444,100.0,12.0,24.49757399972441,auto
1767943604553,Sunny,Day,0.06822916666666666,100.0,11.0,22.754433000045537,auto
1767943604583,Sunny,Day,0.06979166666666667,100.0,9.0,18.152050000026065,auto
1767943604614,Sunny,Day,0.07369791666666667,100.0,8.0,21.804871000313142,auto
1767943604646,Sunny,Day,0.07703993055555555,100.0,7.0,24.053255999660905,auto
1767943604676,Sunny,Day,0.07651909722222222,100.0,6.0,21.603591999792116,auto
1767943604708,Sunny,Day,0.081640625,100.0,3.0,20.480213999690022,auto
1767943604740,Sunny,Day,0.08776041666666666,100.0,1.0,20.543343000099412,auto
1767943604773,Sunny,Day,0.088671875,100.0,1.0,21.062236000034318,auto
1767943604802,Sunny,Day,0.09331597222222222,100.0,-1.0,14.641247999861662,auto
1767943604833,Sunny,Day,0.098046875,100.0,-3.0,22.65287599993826,auto
1767943604865,Sunny,Day,0.09934895833333333,100.0,-3.0,23.487196999667503,auto
1767943604895,Sunny,Day,0.10143229166666666,100.0,-5.0,22.35957899983987,auto
1767943604929,Sunny,Day,0.10403645833333333,100.0,-6.0,26.100493000285496,auto
1767943604959,Sunny,Day,0.10247395833333334,100.0,-7.0,19.317890999900555,auto
1767943604992,Sunny,Day,0.105078125,100.0,-9.0,20.862956999735616,auto
1767943605023,Sunny,Day,0.10286458333333333,100.0,-10.0,18.62510899991321,auto
1767943605052,Sunny,Day,0.10512152777777778,100.0,-13.0,20.61741899979097,auto
1767943605085,Sunny,Day,0.10755208333333334,100.0,-14.0,18.534942000314913,auto
1767943605116,Sunny,Day,0.10546875,100.0,-15.0,22.058077000110643,auto
1767943605150,Sunny,Day,0.10681423611111111,100.0,-15.0,26.321050000206014,auto
1767943605179,Sunny,Day,0.10603298611111112,100.0,-15.0,19.59367099971132,auto
1767943605211,Sunny,Day,0.10321180555555555,100.0,-14.0,23.169083999619033,auto
1767943605243,Sunny,Day,0.10316840277777778,100.0,-13.0,22.514672999932372,auto
1767943605273,Sunny,Day,0.10538194444444444,100.0,-13.0,18.73879400000078,auto
1767943605305,Sunny,Day,0.1091579861111111,100.0,-13.0,23.379900999771053,auto
1767943605338,Sunny,Day,0.10842013888888889,100.0,-23.0,21.445831000164617,auto
1767943605368,Sunny,Day,0.11258680555555556,100.0,-19.0,19.014222999885533,auto
1767943605398,Sunny,Day,0.11067708333333333,100.0,-16.0,20.72699299969827,auto
1767943605434,Sunny,Day,0.11098090277777778,100.0,-14.0,27.31502000006003,auto
1767943605461,Sunny,Day,0.11814236111111111,100.0,-9.0,17.848548000074516,auto
1767943605493,Sunny,Day,0.11909722222222222,100.0,-7.0,23.28658499982339,auto
1767943605524,Sunny,Day,0.1228298611111111,100.0,-47.0,22.4810240001716,auto
1767943605556,Sunny,Day,0.12235243055555556,100.0,-48.0,21.72040699997524,auto
1767943605587,Sunny,Day,0.12764756944444444,100.0,-53.0,18.547497000326985,auto
1767943605622,Sunny,Day,0.12547743055555555,100.0,-49.0,25.982102999932977,auto
1767943605650,Sunny,Day,0.12682291666666667,100.0,-46.0,16.125851000197144,auto
1767943605681,Sunny,Day,0.12703993055555557,100.0,-46.0,20.654085999922245,auto
1767943605713,Sunny,Day,0.12903645833333333,100.0,-45.0,22.55330200023309,auto
1767943605745,Sunny,Day,0.12751736111111112,100.0,-49.0,24.472888999753195,auto
1767943605779,Sunny,Day,0.12039930555555556,100.0,-49.0,18.759758000214788,auto
1767943605810,Sunny,Day,0.12495659722222222,100.0,-48.0,21.011068999996496,auto
1767943605838,Sunny,Day,0.12135416666666667,100.0,-46.0,16.917096999804926,auto
1767943605871,Sunny,Day,0.11271701388888888,100.0,-51.0,21.38762799995675,auto
1767943605901,Sunny,Day,0.11098090277777778,100.0,-46.0,19.577838000259362,auto
1767943605932,Sunny,Day,0.10021701388888889,100.0,-47.0,23.41740000019854,auto
1767943605966,Sunny,Day,0.09479166666666666,100.0,-46.0,24.832521000007546,auto
1767943605995,Sunny,Day,0.09327256944444444,100.0,-43.0,20.240230999661435,auto
1767943606028,Sunny,Day,0.08324652777777777,100.0,-43.0,23.677811000197835,auto
1767943606059,Sunny,Day,0.07647569444444445,100.0,-42.0,21.177553000143234,auto
1767943606090,Sunny,Day,0.074609375,100.0,-36.0,17.037486999925022,auto
1767943606120,Sunny,Day,0.07161458333333333,100.0,-36.0,22.699266000017815,auto
1767943606156,Sunny,Day,0.06875,100.0,-31.0,27.176333999705093,auto
1767943606184,Sunny,Day,0.06753472222222222,100.0,-30.0,17.220895999798813,auto
1767943606215,Sunny,Day,0.060460069444444445,100.0,-31.0,22.634359000221593,auto
1767943606248,Sunny,Day,0.06280381944444445,100.0,-26.0,25.1492090001193,auto
1767943606279,Sunny,Day,0.061675347222222225,100.0,-24.0,17.85795500018139,auto
1767943606309,Sunny,Day,0.06215277777777778,100.0,-21.0,20.3311020000001,auto
1767943606340,Sunny,Day,0.06141493055555555,100.0,-19.0,23.187603000224044,auto
1767943606374,Sunny,Day,0.061848958333333336,100.0,-20.0,21.36970100036706,auto
1767943606403,Sunny,Day,0.06280381944444445,100.0,-16.0,16.740892000143504,auto
1767943606435,Sunny,Day,0.06032986111111111,100.0,-18.0,16.887337999833107,auto
1767943606466,Sunny,Day,0.06128472222222222,100.0,-18.0,22.690637000323477,auto
1767943606498,Sunny,Day,0.06193576388888889,100.0,-16.0,23.779292000199348,auto
1767943606530,Sunny,Day,0.06501736111111112,100.0,-13.0,22.38893100002315,auto
1767943606563,Sunny,Day,0.06605902777777778,100.0,-14.0,23.270900000170514,auto
1767943606591,Sunny,Day,0.06684027777777778,100.0,-13.0,17.408564000106708,auto
1767943606625,Sunny,Day,0.06714409722222223,100.0,-14.0,24.928041000293888,auto
1767943606654,Sunny,Day,0.0720486111111111,100.0,-12.0,19.18039099973612,auto
1767943606685,Sunny,Day,0.06896701388888889,100.0,-13.0,23.19312200006607,auto
1767943606717,Sunny,Day,0.0724826388888889,100.0,-11.0,22.962786999869422,auto
1767943606749,Sunny,Day,0.07326388888888889,100.0,-11.0,23.69658799989338,auto
1767943606781,Sunny,Day,0.073828125,100.0,-9.0,23.1071210000664,auto
1767943606811,Sunny,Day,0.07439236111111111,100.0,-12.0,19.459244000245235,auto
1767943606843,Sunny,Day,0.07274305555555556,100.0,-9.0,22.26117100008196,auto
1767943606875,Sunny,Day,0.07660590277777778,100.0,-10.0,23.66971699984788,auto
1767943606906,Sunny,Day,0.07955729166666667,100.0,-10.0,19.563485000162473,auto
1767943606938,Sunny,Day,0.07960069444444444,100.0,-11.0,23.899848999917594,auto
1767943606970,Sunny,Day,0.08042534722222222,100.0,-10.0,22.57704300018304,auto
1767943607001,Sunny,Day,0.07899305555555555,100.0,-11.0,22.950731000037194,auto
1767943607032,Sunny,Day,0.08328993055555556,100.0,-9.0,20.39193600012368,auto
1767943607063,Sunny,Day,0.08272569444444444,100.0,-8.0,12.21782400034499,auto
1767943607094,Sunny,Day,0.08502604166666666,100.0,-10.0,19.49846700017588,auto
1767943607126,Sunny,Day,0.08467881944444444,100.0,-10.0,22.971416000018507,auto
1767943607156,Sunny,Day,0.08936631944444444,100.0,-9.0,21.226108000064414,auto
1767943607191,Sunny,Day,0.08919270833333333,100.0,-10.0,25.856065999960265,auto
1767943607220,Sunny,Day,0.089453125,100.0,-11.0,16.492278999976406,auto
1767943607253,Sunny,Day,0.09036458333333333,100.0,-11.0,16.93885600025169,auto
1767943607282,Sunny,Day,0.08910590277777777,100.0,-10.0,20.165470999927493,auto
1767943607314,Sunny,Day,0.09331597222222222,100.0,-12.0,21.080663000248023,auto
1767943607347,Sunny,Day,0.09448784722222223,100.0,-10.0,21.351589999994758,auto
1767943607378,Sunny,Day,0.09518229166666667,100.0,-12.0,19.045925999762403,auto
1767943607408,Sunny,Day,0.094921875,100.0,-10.0,21.8044270000064,auto
1767943607439,Sunny,Day,0.09852430555555555,100.0,-10.0,21.584443999927316,auto
1767943607470,Sunny,Day,0.09674479166666666,100.0,-12.0,23.05313999977443,auto
1767943607503,Sunny,Day,0.09583333333333334,100.0,-12.0,23.36338200029786,auto
1767943607534,Sunny,Day,0.09483506944444445,100.0,-11.0,22.887953000008565,auto
1767943607566,Sunny,Day,0.09383680555555556,100.0,-11.0,21.163384999908885,auto
1767943607598,Sunny,Day,0.09322916666666667,100.0,-11.0,20.48276999994414,auto
1767943607630,Sunny,Day,0.09192708333333334,100.0,-12.0,17.042969000158337,auto
1767943607659,Sunny,Day,0.09032118055555556,100.0,-11.0,19.9820070001806,auto
1767943607690,Sunny,Day,0.09171006944444444,100.0,-11.0,22.566729000118357,auto
1767943607723,Sunny,Day,0.09136284722222222,100.0,-12.0,16.046128000198223,auto
1767943607755,Sunny,Day,0.09019097222222222,100.0,-15.0,23.625106000054075,auto
1767943607786,Sunny,Day,0.08871527777777778,100.0,-16.0,18.324385000141774,auto
1767943607816,Sunny,Day,0.08823784722222222,100.0,-17.0,20.26997199982361,auto
1767943607849,Sunny,Day,0.08793402777777778,100.0,-17.0,25.30902500029697,auto
1767943607880,Sunny,Day,0.08780381944444444,100.0,-17.0,16.055627999776334,auto
1767943607911,Sunny,Day,0.08498263888888889,100.0,-17.0,23.235252000176843,auto
1767943607942,Sunny,Day,0.08350694444444444,100.0,-17.0,21.235682999758865,auto
1767943607973,Sunny,Day,0.08515625,100.0,-15.0,22.590932000184694,auto
1767943608005,Sunny,Day,0.08546006944444444,100.0,-15.0,23.332622999987507,auto
1767943608037,Sunny,Day,0.08450520833333333,100.0,-14.0,23.25201100029517,auto
1767943608071,Sunny,Day,0.08815104166666667,100.0,-13.0,23.932664000312798,auto
1767943608100,Sunny,Day,0.08741319444444444,100.0,-12.0,17.07969100016271,auto
1767943608133,Sunny,Day,0.08836805555555556,100.0,-12.0,24.51350100000127,auto
1767943608162,Sunny,Day,0.08828125,100.0,-11.0,15.965128000061668,auto
1767943608197,Sunny,Day,0.08897569444444445,100.0,-11.0,26.32106900000508,auto
1767943608225,Sunny,Day,0.08910590277777777,100.0,-10.0,16.118221999931848,auto
1767943608255,Sunny,Day,0.08932291666666667,100.0,-10.0,22.849730999951134,auto
1767943608285,Sunny,Day,0.08897569444444445,100.0,-10.0,19.74530200004665,auto
1767943608316,Sunny,Day,0.08745659722222222,100.0,-9.0,24.55909399986922,auto
1767943608348,Sunny,Day,0.08927951388888888,100.0,-8.0,24.756891999913933,auto
1767943608379,Sunny,Day,0.0881076388888889,100.0,-8.0,24.936152000009315,auto
1767943608412,Sunny,Day,0.09001736111111111,100.0,-7.0,26.215642999886768,auto
1767943608443,Sunny,Day,0.09092881944444445,100.0,-7.0,23.886996999863186,auto
1767943608473,Sunny,Day,0.09049479166666667,100.0,-6.0,23.638753999875917,auto
1767943608507,Sunny,Day,0.093359375,100.0,-7.0,26.38718099979087,auto
1767943608536,Sunny,Day,0.0954861111111111,100.0,-7.0,20.547029000226757,auto
1767943608571,Sunny,Day,0.09474826388888889,100.0,-5.0,28.115082000113034,auto
1767943608601,Sunny,Day,0.09700520833333333,100.0,-7.0,19.12257599997247,auto
1767943608630,Sunny,Day,0.09709201388888888,100.0,-7.0,21.90757600010329,auto
1767943608662,Sunny,Day,0.09913194444444444,100.0,-8.0,24.10973899986857,auto
1767943608693,Sunny,Day,0.10108506944444444,100.0,-9.0,24.317537000115408,auto
1767943608725,Sunny,Day,0.10243055555555555,100.0,-9.0,24.325943999883748,auto
1767943608758,Sunny,Day,0.10138888888888889,100.0,-8.0,26.321495000047435,auto
1767943608787,Sunny,Day,0.103125,100.0,-8.0,18.673739999940153,auto
1767943608821,Sunny,Day,0.1052517361111111,100.0,-8.0,26.233439999941766,auto
1767943608850,Sunny,Day,0.10733506944444444,100.0,-7.0,18.287477999820112,auto
1767943608883,Sunny,Day,0.10746527777777778,100.0,-6.0,26.11504900005457,auto
1767943608913,Sunny,Day,0.10855034722222222,100.0,-5.0,20.547622999856685,auto
1767943608944,Sunny,Day,0.10833333333333334,100.0,-4.0,24.387742000271828,auto
1767943608976,Sunny,Day,0.11141493055555556,100.0,-4.0,24.499833999925613,auto
1767943609009,Sunny,Day,0.11267361111111111,100.0,-5.0,19.488671000090108,auto
1767943609039,Sunny,Day,0.11271701388888888,100.0,-4.0,22.105188999830716,auto
1767943609070,Sunny,Day,0.11484375,100.0,-5.0,17.019394999806536,auto
1767943609104,Sunny,Day,0.11532118055555556,100.0,-5.0,24.06375800001115,auto
1767943609133,Sunny,Day,0.11566840277777778,100.0,-6.0,21.132108000074368,auto
1767943609166,Sunny,Day,0.11749131944444445,100.0,-7.0,26.400792000004003,auto
1767943609196,Sunny,Day,0.116796875,100.0,-7.0,22.47228299984272,auto
1767943609229,Sunny,Day,0.11770833333333333,100.0,-8.0,25.635342999976274,auto
1767943609258,Sunny,Day,0.11705729166666666,100.0,-8.0,21.29223900010402,auto
1767943609290,Sunny,Day,0.11649305555555556,100.0,-8.0,21.453461999954015,auto
1767943609323,Sunny,Day,0.11701388888888889,100.0,-8.0,24.372278000100778,auto
1767943609355,Sunny,Day,0.11666666666666667,100.0,-8.0,21.68320400005541,auto
1767943609384,Sunny,Day,0.1150173611111111,100.0,-8.0,20.97145800007638,auto
1767943609417,Sunny,Day,0.11436631944444445,100.0,-8.0,26.80566600020029,auto
1767943609448,Sunny,Day,0.11427951388888889,100.0,-8.0,24.491889999808336,auto
1767943609478,Sunny,Day,0.11432291666666666,100.0,-8.0,23.256918999777554,auto
1767943609510,Sunny,Day,0.111328125,100.0,-7.0,25.26359900002717,auto
1767943609541,Sunny,Day,0.11241319444444445,100.0,-8.0,23.320715999943786,auto
1767943609574,Sunny,Day,0.11228298611111111,100.0,-8.0,25.720676999753778,auto
1767943609604,Sunny,Day,0.11323784722222222,100.0,-8.0,20.750215999669308,auto
1767943609635,Sunny,Day,0.11345486111111111,100.0,-8.0,24.765633000242815,auto
1767943609667,Sunny,Day,0.11254340277777777,100.0,-8.0,25.10744999972303,auto
1767943609700,Sunny,Day,0.11228298611111111,100.0,-7.0,26.907240000127786,auto
1767943609730,Sunny,Day,0.11280381944444444,100.0,-7.0,21.279776000028505,auto
1767943609761,Sunny,Day,0.11202256944444444,100.0,-6.0,22.22355999992942,auto
1767943609794,Sunny,Day,0.1130642361111111,100.0,-6.0,23.008824000044115,auto
1767943609826,Sunny,Day,0.11263020833333333,100.0,-6.0,22.06348399977287,auto
1767943609858,Sunny,Day,0.11232638888888889,100.0,-39.0,25.85480700008702,auto
1767943609886,Sunny,Day,0.11271701388888888,100.0,-39.0,20.38908399981665,auto
1767943609918,Sunny,Day,0.11254340277777777,100.0,-38.0,24.49033499988218,auto
1767943609949,Sunny,Day,0.11028645833333334,100.0,-36.0,24.900911999793607,auto
1767943609981,Sunny,Day,0.11119791666666666,100.0,-32.0,24.435001000256307,auto
1767943610012,Sunny,Day,0.11536458333333334,100.0,-29.0,24.58309499979805,auto
1767943610043,Sunny,Day,0.11749131944444445,100.0,-25.0,23.059584999828076,auto
1767943610077,Sunny,Day,0.12213541666666666,100.0,-22.0,26.709053000104177,auto
1767943610108,Sunny,Day,0.1267361111111111,100.0,-19.0,22.23352300006809,auto
1767943610138,Sunny,Day,0.13029513888888888,100.0,-16.0,21.31859099972644,auto
1767943610169,Sunny,Day,0.13524305555555555,100.0,-14.0,24.82763399984833,auto
1767943610200,Sunny,Day,0.1375,100.0,-11.0,19.459671000277012,auto
1767943610234,Sunny,Day,0.140234375,100.0,-9.0,26.646405000064988,auto
1767943610263,Sunny,Day,0.14114583333333333,100.0,-7.0,22.62580300021,auto
1767943610295,Sunny,Day,0.14401041666666667,100.0,-6.0,25.31056299994816,auto
1767943610326,Sunny,Day,0.14309895833333333,100.0,-4.0,23.94096099988019,auto
1767943610357,Sunny,Day,0.1421440972222222,100.0,-3.0,25.084598999910668,auto
1767943610390,Sunny,Day,0.14075520833333333,100.0,-2.0,25.74821400003202,auto
1767943610421,Sunny,Day,0.14118923611111112,100.0,-2.0,23.717440999917017,auto
1767943610451,Sunny,Day,0.14136284722222223,100.0,-1.0,23.9292569999634,auto
1767943610483,Sunny,Day,0.14153645833333334,100.0,-1.0,25.074449999920034,auto
1767943610514,Sunny,Day,0.14210069444444445,100.0,-1.0,21.30164699974557,auto
1767943610546,Sunny,Day,0.14244791666666667,100.0,-1.0,24.8145040000054,auto
1767943610577,Sunny,Day,0.14140625,100.0,-1.0,24.321279000105278,auto
1767943610609,Sunny,Day,0.1410590277777778,100.0,-2.0,25.478249000116193,auto
1767943610641,Sunny,Day,0.1408420138888889,100.0,-1.0,25.08109800010061,auto
1767943610671,Sunny,Day,0.14127604166666666,100.0,-2.0,20.099212000332045,auto
1767943610703,Sunny,Day,0.14110243055555555,100.0,-2.0,24.99489399997401,auto
1767943610734,Sunny,Day,0.1410590277777778,100.0,-2.0,24.262036999971315,auto
1767943610766,Sunny,Day,0.14075520833333333,100.0,-2.0,26.916036999864446,auto
1767943610798,Sunny,Day,0.14136284722222223,100.0,-1.0,26.030826999885903,auto
1767943610828,Sunny,Day,0.141796875,100.0,-1.0,22.494284000003972,auto
1767943610860,Sunny,Day,0.14153645833333334,100.0,-1.0,25.400600000011764,auto
1767943610891,Sunny,Day,0.1408420138888889,100.0,-1.0,24.31861100012611,auto
1767943610923,Sunny,Day,0.1410590277777778,100.0,-1.0,25.50637900003494,auto
1767943610954,Sunny,Day,0.14136284722222223,100.0,-1.0,24.30696400006127,auto
1767943610991,Sunny,Day,0.1407986111111111,100.0,-1.0,29.36749799982863,auto
1767943611017,Sunny,Day,0.14144965277777777,100.0,-1.0,15.361086999746476,auto
1767943611050,Sunny,Day,0.1404513888888889,100.0,-2.0,25.99669699975493,auto
1767943611079,Sunny,Day,0.14118923611111112,100.0,-1.0,21.4302949998455,auto
1767943611113,Sunny,Day,0.13997395833333334,100.0,-2.0,26.542349999999715,auto
1767943611142,Sunny,Day,0.14032118055555556,100.0,-1.0,22.215319000224554,auto
1767943611176,Sunny,Day,0.1410590277777778,100.0,-1.0,27.150019999680808,auto
1767943611205,Sunny,Day,0.14131944444444444,100.0,-1.0,21.663149000232806,auto
1767943611237,Sunny,Day,0.14149305555555555,100.0,-1.0,25.892697000017506,auto
1767943611268,Sunny,Day,0.14114583333333333,100.0,-1.0,23.93581299975267,auto
1767943611299,Sunny,Day,0.14092881944444444,100.0,-1.0,25.03361599974596,auto
1767943611331,Sunny,Day,0.14131944444444444,100.0,-1.0,24.284443999931682,auto
1767943611362,Sunny,Day,0.14192708333333334,100.0,-1.0,24.709411000003456,auto
1767943611394,Sunny,Day,0.14157986111111112,100.0,-1.0,24.93796699991435,auto
1767943611425,Sunny,Day,0.14157986111111112,100.0,-1.0,24.628076999761106,auto
1767943611457,Sunny,Day,0.14058159722222222,100.0,-1.0,26.00166000001991,auto
1767943611488,Sunny,Day,0.1408420138888889,100.0,-1.0,23.007842999959394,auto
1767943611520,Sunny,Day,0.14171006944444445,100.0,0.0,25.60588000005737,auto
1767943611551,Sunny,Day,0.14092881944444444,100.0,0.0,23.608292000062647,auto
1767943611582,Sunny,Day,0.13988715277777777,100.0,0.0,24.48324200031493,auto
1767943611613,Sunny,Day,0.14049479166666667,100.0,0.0,24.277797000195278,auto
1767943611645,Sunny,Day,0.1412326388888889,100.0,0.0,24.908393999794498,auto
1767943611676,Sunny,Day,0.14032118055555556,100.0,0.0,24.753799999871262,auto
1767943611708,Sunny,Day,0.14114583333333333,100.0,0.0,23.153788999934477,auto
1767943611740,Sunny,Day,0.14053819444444443,100.0,0.0,25.932512000053975,auto
1767943611771,Sunny,Day,0.14092881944444444,100.0,0.0,23.156530000051134,auto
1767943611802,Sunny,Day,0.1408420138888889,100.0,0.0,24.368074999983946,auto
1767943611833,Sunny,Day,0.1407986111111111,100.0,0.0,24.46672399992167,auto
1767943611865,Sunny,Day,0.14053819444444443,100.0,-1.0,25.48243499995806,auto
1767943611897,Sunny,Day,0.14071180555555557,100.0,-1.0,25.200710000262916,auto
1767943611927,Sunny,Day,0.14075520833333333,100.0,-1.0,21.201200999712455,auto
1767943611959,Sunny,Day,0.1407986111111111,100.0,-1.0,23.71866300018155,auto
1767943611990,Sunny,Day,0.140625,100.0,-1.0,24.869356000181142,auto
1767943612023,Sunny,Day,0.14075520833333333,100.0,-1.0,25.688566000098945,auto
1767943612053,Sunny,Day,0.14071180555555557,100.0,-1.0,23.331309000241163,auto
1767943612084,Sunny,Day,0.1408420138888889,100.0,-1.0,24.131795999892347,auto
1767943612116,Sunny,Day,0.1404513888888889,100.0,-1.0,24.676947999978438,auto
1767943612149,Sunny,Day,0.14032118055555556,100.0,0.0,26.448533999882784,auto
1767943612179,Sunny,Day,0.1404079861111111,100.0,0.0,22.001502999955846,auto
1767943612210,Sunny,Day,0.14032118055555556,100.0,0.0,24.354055999992852,auto
1767943612242,Sunny,Day,0.13962673611111112,100.0,0.0,24.762281999755942,auto
1767943612273,Sunny,Day,0.14006076388888888,100.0,-1.0,25.211043999661342,auto
1767943612306,Sunny,Day,0.1404513888888889,100.0,-1.0,25.207469999713794,auto
1767943612336,Sunny,Day,0.1404513888888889,100.0,-1.0,22.471431999747438,auto
1767943612367,Sunny,Day,0.140234375,100.0,-1.0,24.681984000380908,auto
1767943612398,Sunny,Day,0.140234375,100.0,-1.0,24.145351000242954,auto
1767943612430,Sunny,Day,0.14058159722222222,100.0,-1.0,23.90577599999233,auto
1767943612463,Sunny,Day,0.14049479166666667,100.0,0.0,26.37881100008599,auto
1767943612492,Sunny,Day,0.140625,100.0,0.0,22.813490999851638,auto
1767943612527,Sunny,Day,0.1408420138888889,100.0,-1.0,27.372280999770737,auto
1767943612557,Sunny,Day,0.14075520833333333,100.0,-1.0,22.851823999644694,auto
1767943612587,Sunny,Day,0.1408420138888889,100.0,-1.0,22.954769000079978,auto
1767943612621,Sunny,Day,0.1404079861111111,100.0,-1.0,26.681739000196103,auto
1767943612650,Sunny,Day,0.14027777777777778,100.0,-1.0,22.289116999672842,auto
1767943612683,Sunny,Day,0.1404079861111111,100.0,0.0,24.382205000165413,auto
1767943612712,Sunny,Day,0.14010416666666667,100.0,-1.0,23.260197000126936,auto
1767943612744,Sunny,Day,0.14014756944444445,100.0,-1.0,23.897034999663447,auto
1767943612775,Sunny,Day,0.14071180555555557,100.0,-1.0,24.973875999876327,auto
1767943612807,Sunny,Day,0.14010416666666667,100.0,-1.0,24.66620699988198,auto
1767943612838,Sunny,Day,0.14006076388888888,100.0,0.0,23.96003500007282,auto
1767943612871,Sunny,Day,0.1401909722222222,100.0,0.0,24.47263100020791,auto
1767943612901,Sunny,Day,0.13949652777777777,100.0,-1.0,22.432247000324423,auto
1767943612932,Sunny,Day,0.13901909722222222,100.0,-1.0,24.957671999800368,auto
1767943612967,Sunny,Day,0.1390625,100.0,0.0,28.71088299980329,auto
1767943612995,Sunny,Day,0.1382378472222222,100.0,-1.0,20.301695999933145,auto
1767943613026,Sunny,Day,0.13810763888888888,100.0,-1.0,24.950468000042747,auto
1767943613058,Sunny,Day,0.13745659722222223,100.0,-1.0,25.308526000117126,auto
1767943613090,Sunny,Day,0.13641493055555556,100.0,-1.0,25.702066000121704,auto
1767943613122,Sunny,Day,0.13645833333333332,100.0,-1.0,25.316896000276756,auto
1767943613152,Sunny,Day,0.13645833333333332,100.0,-1.0,22.35095000014553,auto
1767943613184,Sunny,Day,0.13580729166666666,100.0,-1.0,25.16341399996236,auto
1767943613215,Sunny,Day,0.13511284722222222,100.0,-1.0,24.42322399974728,auto
1767943613250,Sunny,Day,0.1351996527777778,100.0,-1.0,28.095859999666573,auto
1767943613281,Sunny,Day,0.13472222222222222,100.0,-1.0,22.161616000175854,auto
1767943613314,Sunny,Day,0.13407118055555556,100.0,-1.0,23.194400000193127,auto
1767943613343,Sunny,Day,0.13333333333333333,100.0,-1.0,17.099210000196763,auto
1767943613374,Sunny,Day,0.13289930555555557,100.0,-1.0,21.083349000036833,auto
1767943613407,Sunny,Day,0.13229166666666667,100.0,-1.0,18.528608999986318,auto
1767943613438,Sunny,Day,0.13151041666666666,100.0,-1.0,20.07685999979003,auto
1767943613469,Sunny,Day,0.13125,100.0,-1.0,16.31905700014613,auto
1767943613501,Sunny,Day,0.1306857638888889,100.0,-1.0,22.487284999897383,auto
1767943613535,Sunny,Day,0.12977430555555555,100.0,-1.0,24.325741999746242,auto
1767943613564,Sunny,Day,0.12860243055555556,100.0,-2.0,20.466344999931607,auto
1767943613594,Sunny,Day,0.12834201388888888,100.0,-2.0,20.530049000171857,auto
1767943613625,Sunny,Day,0.1284722222222222,100.0,-2.0,22.88697299991327,auto
1767943613657,Sunny,Day,0.12769097222222223,100.0,-2.0,23.388975999750983,auto
1767943613689,Sunny,Day,0.12725694444444444,100.0,-2.0,21.046701000159374,auto
1767943613720,Sunny,Day,0.12578125,100.0,-3.0,21.81179900026109,auto
1767943613752,Sunny,Day,0.12365451388888889,100.0,-2.0,22.757916000045952,auto
1767943613783,Sunny,Day,0.12239583333333333,100.0,-3.0,23.42727199993533,auto
1767943613814,Sunny,Day,0.1203125,100.0,-3.0,16.96891300025527,auto
1767943613845,Sunny,Day,0.11866319444444444,100.0,-3.0,20.022359999984474,auto
1767943613876,Sunny,Day,0.11827256944444445,100.0,-3.0,20.620178999706695,auto
1767943613908,Sunny,Day,0.11623263888888889,100.0,-3.0,22.992861999682646,auto
1767943613940,Sunny,Day,0.11458333333333333,100.0,-4.0,24.442056999760098,auto
1767943613970,Sunny,Day,0.1125,100.0,20.0,20.866144000137865,auto
1767943614002,Sunny,Day,0.11024305555555555,100.0,19.0,17.77075199970568,auto
1767943614033,Sunny,Day,0.10807291666666667,100.0,19.0,22.373987999799283,auto
1767943614065,Sunny,Day,0.10807291666666667,100.0,18.0,18.911353000021336,auto
1767943614097,Sunny,Day,0.10724826388888889,100.0,15.0,23.60268200027349,auto
1767943614128,Sunny,Day,0.10946180555555556,100.0,12.0,21.459426000092208,auto
1767943614159,Sunny,Day,0.10928819444444444,100.0,8.0,22.065041000132624,auto
1767943614190,Sunny,Day,0.11193576388888889,100.0,5.0,22.789138999996794,auto
1767943614222,Sunny,Day,0.11380208333333333,100.0,2.0,22.658081999907154,auto
1767943614253,Sunny,Day,0.11579861111111112,100.0,1.0,22.9263810001612,auto
1767943614286,Sunny,Day,0.11888020833333333,100.0,-1.0,24.98904300000504,auto
1767943614317,Sunny,Day,0.12000868055555555,100.0,-2.0,20.900050999898667,auto
1767943614348,Sunny,Day,0.12065972222222222,100.0,-3.0,22.951287999603665,auto
1767943614379,Sunny,Day,0.121484375,100.0,-4.0,19.976563999989594,auto
1767943614412,Sunny,Day,0.12235243055555556,100.0,-4.0,23.599459000251954,auto
1767943614443,Sunny,Day,0.12239583333333333,100.0,-4.0,21.40883299989582,auto
1767943614474,Sunny,Day,0.12222222222222222,100.0,-4.0,22.712064000188548,auto
1767943614505,Sunny,Day,0.12274305555555555,100.0,-5.0,21.309425000254123,auto
1767943614536,Sunny,Day,0.12261284722222222,100.0,-5.0,19.473245999961364,auto
1767943614567,Sunny,Day,0.122265625,100.0,-5.0,22.571359000266966,auto
1767943614599,Sunny,Day,0.12309027777777778,100.0,-5.0,23.764941999615985,auto
1767943614630,Sunny,Day,0.12209201388888889,100.0,-5.0,20.81206899993049,auto
1767943614663,Sunny,Day,0.12217881944444445,100.0,-5.0,23.898515999917436,auto
1767943614693,Sunny,Day,0.12100694444444444,100.0,-4.0,21.26077599996279,auto
1767943614726,Sunny,Day,0.12274305555555555,100.0,-5.0,24.532094999813125,auto
1767943614756,Sunny,Day,0.12252604166666667,100.0,-4.0,18.38575600004333,auto
1767943614786,Sunny,Day,0.12421875,100.0,-4.0,21.534666999741603,auto
1767943614818,Sunny,Day,0.12465277777777778,100.0,-4.0,23.926239000047644,auto
1767943614851,Sunny,Day,0.12608506944444445,100.0,-3.0,25.411785999949643,auto
1767943614881,Sunny,Day,0.12782118055555555,100.0,-3.0,20.157101999757288,auto
1767943614912,Sunny,Day,0.12894965277777778,100.0,-3.0,22.668508000151633,auto
1767943614947,Sunny,Day,0.13133680555555555,100.0,-2.0,26.148216999899887,auto
1767943614976,Sunny,Day,0.13151041666666666,100.0,-1.0,19.390708000173618,auto
1767943615008,Sunny,Day,0.13307291666666668,100.0,-1.0,23.143586000060168,auto
1767943615039,Sunny,Day,0.13376736111111112,100.0,-1.0,21.503501000097458,auto
1767943615070,Sunny,Day,0.13411458333333334,100.0,-1.0,22.97441800010347,auto
1767943615101,Sunny,Day,0.1341579861111111,100.0,-1.0,22.830843000065215,auto
1767943615133,Sunny,Day,0.13489583333333333,100.0,-1.0,23.72931200034145,auto
1767943615164,Sunny,Day,0.13502604166666668,100.0,-1.0,22.97188099964842,auto
1767943615195,Sunny,Day,0.1353732638888889,100.0,-1.0,22.0697449999534,auto
1767943615228,Sunny,Day,0.1353732638888889,100.0,-1.0,23.981294999884994,auto
1767943615258,Sunny,Day,0.13567708333333334,100.0,-1.0,20.495438000125432,auto
1767943615289,Sunny,Day,0.13580729166666666,100.0,-1.0,22.97175099965898,auto
1767943615322,Sunny,Day,0.13745659722222223,100.0,-1.0,24.50979900004313,auto
1767943615353,Sunny,Day,0.1375,100.0,-1.0,20.17563999970662,auto
1767943615384,Sunny,Day,0.13802083333333334,100.0,-1.0,22.75132400018265,auto
1767943615417,Sunny,Day,0.1392795138888889,100.0,-1.0,22.984028999871953,auto
1767943615448,Sunny,Day,0.13988715277777777,100.0,-1.0,20.40815999998813,auto
1767943615478,Sunny,Day,0.13993055555555556,100.0,-2.0,20.9407000002102,auto
1767943615509,Sunny,Day,0.140234375,100.0,-2.0,22.46667300005356,auto
1767943615543,Sunny,Day,0.14188368055555556,100.0,-2.0,25.767030000224622,auto
1767943615572,Sunny,Day,0.14253472222222222,100.0,-2.0,20.849015000294457,auto
1767943615605,Sunny,Day,0.14370659722222223,100.0,-2.0,23.482532999878458,auto
1767943615635,Sunny,Day,0.14314236111111112,100.0,-2.0,21.105405000071187,auto
1767943615667,Sunny,Day,0.14405381944444445,100.0,-3.0,23.572828999931517,auto
1767943615699,Sunny,Day,0.14353298611111112,100.0,-3.0,21.621315999709623,auto
1767943615730,Sunny,Day,0.144140625,100.0,-3.0,22.4015810003948,auto
1767943615760,Sunny,Day,0.14357638888888888,100.0,-3.0,18.28590399964014,auto
1767943615791,Sunny,Day,0.143359375,100.0,-3.0,22.186486999999033,auto
1767943615823,Sunny,Day,0.14379340277777777,100.0,-3.0,23.448124999958964,auto
1767943615856,Sunny,Day,0.14375,100.0,-3.0,25.348211999698833,auto
1767943615886,Sunny,Day,0.14353298611111112,100.0,-3.0,21.952521999992314,auto
1767943615917,Sunny,Day,0.14375,100.0,-2.0,20.061601999714185,auto
1767943615951,Sunny,Day,0.14375,100.0,-3.0,25.56263900032718,auto
1767943615982,Sunny,Day,0.14288194444444444,100.0,-2.0,22.041263000119216,auto
1767943616012,Sunny,Day,0.14327256944444444,100.0,-2.0,20.17930600004547,auto
1767943616046,Sunny,Day,0.14175347222222223,100.0,-2.0,24.427799000022787,auto
1767943616075,Sunny,Day,0.1404079861111111,100.0,-1.0,19.90680499966402,auto
1767943616107,Sunny,Day,0.13953993055555555,100.0,-1.0,22.33163600021726,auto
1767943616139,Sunny,Day,0.13880208333333333,100.0,0.0,22.450637000019924,auto
1767943616168,Sunny,Day,0.1365017361111111,100.0,0.0,19.623302000127296,auto
1767943616201,Sunny,Day,0.13576388888888888,100.0,0.0,25.113933000284305,auto
1767943616231,Sunny,Day,0.13328993055555555,100.0,0.0,20.841940000082104,auto
1767943616263,Sunny,Day,0.13229166666666667,100.0,0.0,19.81195199959984,auto
1767943616295,Sunny,Day,0.13125,100.0,0.0,23.567644000195287,auto
1767943616330,Sunny,Day,0.13038194444444445,100.0,1.0,26.437498000177584,auto
1767943616359,Sunny,Day,0.12864583333333332,100.0,1.0,19.899786000223685,auto
1767943616388,Sunny,Day,0.12834201388888888,100.0,1.0,20.38582699969993,auto
1767943616422,Sunny,Day,0.1273871527777778,100.0,1.0,24.850579000030848,auto
1767943616453,Sunny,Day,0.1265190972222222,100.0,1.0,22.152782999910414,auto
1767943616483,Sunny,Day,0.12591145833333334,100.0,1.0,20.04830599980778,auto
1767943616514,Sunny,Day,0.12886284722222222,100.0,0.0,22.619415000008303,auto
1767943616546,Sunny,Day,0.1287326388888889,100.0,-1.0,23.883387000296352,auto
1767943616576,Sunny,Day,0.1296875,100.0,-1.0,22.089486999902874,auto
1767943616608,Sunny,Day,0.13051215277777778,100.0,-2.0,23.455365999780042,auto
1767943616641,Sunny,Day,0.1332465277777778,100.0,-2.0,23.722312000245438,auto
1767943616674,Sunny,Day,0.134765625,100.0,-2.0,23.77910899986091,auto
1767943616702,Sunny,Day,0.13619791666666667,100.0,-2.0,20.12265799976376,auto
1767943616734,Sunny,Day,0.13736979166666666,100.0,-3.0,22.617841999817756,auto
1767943616768,Sunny,Day,0.13819444444444445,100.0,-2.0,24.793134999981703,auto
1767943616797,Sunny,Day,0.13997395833333334,100.0,-2.0,20.457864000036352,auto
1767943616829,Sunny,Day,0.13836805555555556,100.0,-2.0,24.004018000141514,auto
1767943616860,Sunny,Day,0.13589409722222223,100.0,-1.0,22.692526999890106,auto
1767943616891,Sunny,Day,0.13815104166666667,100.0,-1.0,22.170097999605787,auto
1767943616924,Sunny,Day,0.1382378472222222,100.0,0.0,24.234556999999768,auto
1767943616955,Sunny,Day,0.13736979166666666,100.0,0.0,22.171172000071238,auto
1767943616985,Sunny,Day,0.13745659722222223,100.0,0.0,19.70517400013705,auto
1767943617016,Sunny,Day,0.13758680555555555,100.0,0.0,22.83367600011843,auto
1767943617048,Sunny,Day,0.1362847222222222,100.0,1.0,23.85524000010264,auto
1767943617080,Sunny,Day,0.13585069444444445,100.0,0.0,23.106956999981776,auto
1767943617110,Sunny,Day,0.13524305555555555,100.0,0.0,21.471073999691725,auto
1767943617142,Sunny,Day,0.13441840277777778,100.0,0.0,22.77741700027036,auto
1767943617175,Sunny,Day,0.13376736111111112,100.0,0.0,24.69076400029735,auto
1767943617204,Sunny,Day,0.13272569444444443,100.0,0.0,19.748100000015256,auto
1767943617236,Sunny,Day,0.13081597222222222,100.0,1.0,22.771102000206156,auto
1767943617268,Sunny,Day,0.13072916666666667,100.0,1.0,22.889233000114473,auto
1767943617299,Sunny,Day,0.12955729166666666,100.0,1.0,22.87280600012309,auto
1767943617331,Sunny,Day,0.12842881944444445,100.0,1.0,23.54710800000248,auto
1767943617363,Sunny,Day,0.12777777777777777,100.0,1.0,22.18404199993529,auto
1767943617393,Sunny,Day,0.12638888888888888,100.0,1.0,19.634599000255548,auto
1767943617425,Sunny,Day,0.1254340277777778,100.0,1.0,22.79406499974357,auto
1767943617456,Sunny,Day,0.12421875,100.0,1.0,20.067267999820615,auto
1767943617487,Sunny,Day,0.1232638888888889,100.0,1.0,21.333017999950243,auto
1767943617519,Sunny,Day,0.12222222222222222,100.0,1.0,23.014197000065906,auto
1767943617551,Sunny,Day,0.12048611111111111,100.0,1.0,23.35593899988453,auto
1767943617584,Sunny,Day,0.11814236111111111,100.0,1.0,21.38472200022079,auto
1767943617613,Sunny,Day,0.11640625,100.0,1.0,17.443842999909975,auto
1767943617644,Sunny,Day,0.11462673611111111,100.0,1.0,23.48993999976301,auto
1767943617676,Sunny,Day,0.11336805555555556,100.0,1.0,23.8250910001625,auto
1767943617708,Sunny,Day,0.11167534722222222,100.0,2.0,18.060588000025746,auto
1767943617739,Sunny,Day,0.10855034722222222,100.0,1.0,21.748187000412145,auto
1767943617770,Sunny,Day,0.10542534722222222,100.0,1.0,22.880473999975948,auto
1767943617802,Sunny,Day,0.10282118055555556,100.0,1.0,22.547952999957488,auto
1767943617834,Sunny,Day,0.0998263888888889,100.0,1.0,23.840628000016295,auto
1767943617865,Sunny,Day,0.09639756944444444,100.0,1.0,22.483562999696005,auto
1767943617896,Sunny,Day,0.09270833333333334,100.0,1.0,22.443451000071946,auto
1767943617930,Sunny,Day,0.09032118055555556,100.0,1.0,25.193396999839024,auto
1767943617959,Sunny,Day,0.08797743055555556,100.0,1.0,18.798147999859793,auto
1767943617992,Sunny,Day,0.08611111111111111,100.0,1.0,24.535855000067386,auto
1767943618022,Sunny,Day,0.08498263888888889,100.0,1.0,19.79935999997906,auto
1767943618053,Sunny,Day,0.08641493055555556,100.0,1.0,22.73532500021247,auto
1767943618084,Sunny,Day,0.08776041666666666,100.0,1.0,17.509918000087055,auto
1767943618115,Sunny,Day,0.08914930555555556,100.0,1.0,21.620742000322934,auto
1767943618147,Sunny,Day,0.08997395833333334,100.0,1.0,22.560934000011912,auto
1767943618178,Sunny,Day,0.09322916666666667,100.0,1.0,22.37509999986287,auto
1767943618209,Sunny,Day,0.095703125,100.0,1.0,20.464271000037115,auto
1767943618241,Sunny,Day,0.09835069444444444,100.0,1.0,22.91304799973659,auto
1767943618274,Sunny,Day,0.103515625,100.0,1.0,25.352990000101272,auto
1767943618305,Sunny,Day,0.10698784722222222,100.0,1.0,21.339906999855884,auto
1767943618336,Sunny,Day,0.11002604166666667,100.0,1.0,22.234543000195117,auto
1767943618368,Sunny,Day,0.11319444444444444,100.0,1.0,20.888034000108746,auto
1767943618399,Sunny,Day,0.11792534722222223,100.0,2.0,22.936287999982596,auto
1767943618429,Sunny,Day,0.12178819444444444,100.0,2.0,21.569333999650553,auto
1767943618464,Sunny,Day,0.12300347222222222,100.0,1.0,27.72128500009785,auto
1767943618496,Sunny,Day,0.12504340277777778,100.0,1.0,20.90034899993043,auto
1767943618526,Sunny,Day,0.1251736111111111,100.0,1.0,17.874326999844925,auto
1767943618556,Sunny,Day,0.12582465277777777,100.0,1.0,21.366351999859035,auto
1767943618587,Sunny,Day,0.12595486111111112,100.0,1.0,14.687638000395964,auto
1767943618617,Sunny,Day,0.12504340277777778,100.0,1.0,21.488797000074555,auto
1767943618650,Sunny,Day,0.12612847222222223,100.0,0.0,24.373558000206685,auto
1767943618682,Sunny,Day,0.12569444444444444,100.0,0.0,24.266908999834413,auto
1767943618712,Sunny,Day,0.12599826388888888,100.0,0.0,20.584327999586094,auto
1767943618745,Sunny,Day,0.125,100.0,0.0,24.705670999992435,auto
1767943618776,Sunny,Day,0.1265190972222222,100.0,1.0,21.70331700017414,auto
1767943618813,Sunny,Day,0.12816840277777777,100.0,1.0,28.412251999725413,auto
1767943618837,Sunny,Day,0.1284722222222222,100.0,1.0,14.936603000023752,auto
1767943618875,Sunny,Day,0.12881944444444443,100.0,1.0,29.62587199999689,auto
1767943618901,Sunny,Day,0.12921006944444444,100.0,1.0,17.201749000378186,auto
1767943618932,Sunny,Day,0.12925347222222222,100.0,0.0,19.646525000098336,auto
1767943618966,Sunny,Day,0.12999131944444445,100.0,0.0,25.437897999836423,auto
1767943618995,Sunny,Day,0.13016493055555556,100.0,0.0,18.973927999923035,auto
1767943619030,Sunny,Day,0.13051215277777778,100.0,0.0,25.634215000081895,auto
1767943619058,Sunny,Day,0.13055555555555556,100.0,0.0,19.3332079998072,auto
1767943619090,Sunny,Day,0.13077256944444443,100.0,0.0,22.349598999880982,auto
1767943619122,Sunny,Day,0.130078125,100.0,0.0,20.033138999679068,auto
1767943619151,Sunny,Day,0.12990451388888888,100.0,0.0,20.050860999617726,auto
1767943619184,Sunny,Day,0.1293402777777778,100.0,0.0,23.554867000257218,auto
1767943619217,Sunny,Day,0.1295138888888889,100.0,0.0,24.904024000079517,auto
1767943619245,Sunny,Day,0.12925347222222222,100.0,0.0,18.99998399994729,auto
1767943619279,Sunny,Day,0.1282986111111111,100.0,0.0,25.135636999948474,auto
1767943619311,Sunny,Day,0.12816840277777777,100.0,0.0,21.720020999964618,auto
1767943619340,Sunny,Day,0.12808159722222223,100.0,0.0,19.904952999695524,auto
1767943619371,Sunny,Day,0.1286892361111111,100.0,0.0,22.114078999948106,auto
1767943619402,Sunny,Day,0.12799479166666666,100.0,0.0,22.769436000089627,auto
1767943619435,Sunny,Day,0.1273871527777778,100.0,0.0,24.37226100028056,auto
1767943619466,Sunny,Day,0.12734375,100.0,0.0,20.962794000297436,auto
1767943619497,Sunny,Day,0.12669270833333332,100.0,0.0,17.776049000076455,auto
1767943619528,Sunny,Day,0.12578125,100.0,0.0,22.504193000258965,auto
1767943619562,Sunny,Day,0.12473958333333333,100.0,0.0,24.821393999900465,auto
1767943619591,Sunny,Day,0.12456597222222222,100.0,0.0,19.473893999929714,auto
1767943619626,Sunny,Day,0.12408854166666666,100.0,1.0,25.48967700022331,auto
1767943619655,Sunny,Day,0.12430555555555556,100.0,1.0,18.457035000210453,auto
1767943619685,Sunny,Day,0.12408854166666666,100.0,1.0,21.35372200018537,auto
1767943619716,Sunny,Day,0.12378472222222223,100.0,2.0,23.034234000078868,auto
1767943619748,Sunny,Day,0.123828125,100.0,2.0,22.933826000098634,auto
1767943619781,Sunny,Day,0.12335069444444445,100.0,2.0,25.27174900023965,auto
1767943619812,Sunny,Day,0.12239583333333333,100.0,2.0,21.536333999847557,auto
1767943619843,Sunny,Day,0.12183159722222223,100.0,2.0,22.106024000095204,auto
1767943619875,Sunny,Day,0.12152777777777778,100.0,2.0,22.682454000005237,auto
1767943619907,Sunny,Day,0.12191840277777778,100.0,2.0,22.39084000029834,auto
1767943619937,Sunny,Day,0.12074652777777778,100.0,1.0,21.36135099999592,auto
1767943619968,Sunny,Day,0.12113715277777778,100.0,1.0,22.304228999928455,auto
1767943620000,Sunny,Day,0.12074652777777778,100.0,1.0,22.64839800000118,auto
1767943620035,Sunny,Day,0.12061631944444444,100.0,1.0,26.266422999924544,auto
1767943620063,Sunny,Day,0.11961805555555556,100.0,1.0,18.254553000133455,auto
1767943620094,Sunny,Day,0.119140625,100.0,1.0,22.634695000306237,auto
1767943620126,Sunny,Day,0.11822916666666666,100.0,1.0,23.764368999763974,auto
1767943620156,Sunny,Day,0.11766493055555556,100.0,1.0,21.620891000111442,auto
1767943620188,Sunny,Day,0.1174045138888889,100.0,1.0,22.358821999659995,auto
1767943620219,Sunny,Day,0.11657986111111111,100.0,1.0,22.970975000134786,auto
1767943620250,Sunny,Day,0.11610243055555555,100.0,1.0,23.44814400021278,auto
1767943620285,Sunny,Day,0.11688368055555555,100.0,1.0,26.61437000006117,auto
1767943620314,Sunny,Day,0.11736111111111111,100.0,1.0,19.229115000143793,auto
1767943620345,Sunny,Day,0.116796875,100.0,1.0,22.22937600026853,auto
1767943620377,Sunny,Day,0.11671006944444444,100.0,1.0,23.230920000059996,auto
1767943620409,Sunny,Day,0.11714409722222222,100.0,1.0,14.202802999989217,auto
1767943620442,Sunny,Day,0.1174045138888889,100.0,1.0,24.905783999656705,auto
1767943620470,Sunny,Day,0.116796875,100.0,0.0,19.364745000075345,auto
1767943620503,Sunny,Day,0.11731770833333334,100.0,1.0,25.10617400002957,auto
1767943620533,Sunny,Day,0.1171875,100.0,0.0,20.944126999893342,auto
1767943620564,Sunny,Day,0.11675347222222222,100.0,0.0,22.944121999898925,auto
1767943620597,Sunny,Day,0.11692708333333333,100.0,0.0,24.822672000027524,auto
1767943620628,Sunny,Day,0.11671006944444444,100.0,0.0,22.532787000272947,auto
1767943620659,Sunny,Day,0.11753472222222222,100.0,0.0,22.62163800014605,auto
1767943620690,Sunny,Day,0.11753472222222222,100.0,0.0,21.468037999966327,auto
1767943620722,Sunny,Day,0.11770833333333333,100.0,0.0,24.18248300000414,auto
1767943620753,Sunny,Day,0.11762152777777778,100.0,0.0,22.325674000057916,auto
1767943620784,Sunny,Day,0.1171875,100.0,0.0,23.67596100020819,auto
1767943620816,Sunny,Day,0.11814236111111111,100.0,1.0,20.375493000301503,auto
1767943620848,Sunny,Day,0.11853298611111111,100.0,1.0,23.701591000190092,auto
1767943620879,Sunny,Day,0.11814236111111111,100.0,0.0,22.298265999779687,auto
1767943620910,Sunny,Day,0.117578125,100.0,0.0,23.233514000366995,auto
1767943620941,Sunny,Day,0.11875,100.0,1.0,22.921380999832763,auto
1767943620977,Sunny,Day,0.119140625,100.0,1.0,27.289485999972385,auto
1767943621005,Sunny,Day,0.11953125,100.0,1.0,19.58354299995335,auto
1767943621036,Sunny,Day,0.11861979166666667,100.0,1.0,21.60848299990903,auto
1767943621069,Sunny,Day,0.1193576388888889,100.0,1.0,24.643338000259973,auto
1767943621098,Sunny,Day,0.11927083333333334,100.0,1.0,20.29047400037598,auto
1767943621130,Sunny,Day,0.12013888888888889,100.0,1.0,23.499460000039107,auto
1767943621161,Sunny,Day,0.12009548611111111,100.0,1.0,19.669785000132833,auto
1767943621194,Sunny,Day,0.12035590277777777,100.0,1.0,24.351558000034856,auto
1767943621224,Sunny,Day,0.12039930555555556,100.0,0.0,19.26496699979907,auto
1767943621258,Sunny,Day,0.12078993055555555,100.0,0.0,25.515955000173562,auto
1767943621286,Sunny,Day,0.1203125,100.0,0.0,20.04136200002904,auto
1767943621320,Sunny,Day,0.1208767361111111,100.0,0.0,20.609866000086186,auto
1767943621350,Sunny,Day,0.12100694444444444,100.0,1.0,19.293633999950544,auto
1767943621381,Sunny,Day,0.12078993055555555,100.0,0.0,18.539092000082746,auto
1767943621414,Sunny,Day,0.12092013888888889,100.0,0.0,24.150593999820558,auto
1767943621444,Sunny,Day,0.12100694444444444,100.0,0.0,21.03540600000997,auto
1767943621476,Sunny,Day,0.12152777777777778,100.0,1.0,23.837443000047642,auto
1767943621507,Sunny,Day,0.1208767361111111,100.0,1.0,22.122931000012613,auto
1767943621538,Sunny,Day,0.12118055555555556,100.0,1.0,23.184049999599665,auto
1767943621571,Sunny,Day,0.12122395833333334,100.0,1.0,25.000563000048714,auto
1767943621601,Sunny,Day,0.121875,100.0,1.0,20.554253999762295,auto
1767943621632,Sunny,Day,0.12209201388888889,100.0,1.0,23.31610700002784,auto
1767943621665,Sunny,Day,0.12230902777777777,100.0,1.0,24.085037000077136,auto
1767943621695,Sunny,Day,0.12230902777777777,100.0,0.0,20.9060900001532,auto
1767943621728,Sunny,Day,0.12265625,100.0,0.0,24.582873999861476,auto
1767943621758,Sunny,Day,0.12278645833333333,100.0,0.0,20.82834799966804,auto
1767943621790,Sunny,Day,0.12361111111111112,100.0,0.0,23.38484799975049,auto
1767943621820,Sunny,Day,0.12356770833333333,100.0,0.0,21.20555500005139,auto
1767943621852,Sunny,Day,0.12365451388888889,100.0,1.0,23.478682000131812,auto
1767943621884,Sunny,Day,0.12274305555555555,100.0,1.0,23.348087999693234,auto
1767943621915,Sunny,Day,0.12356770833333333,100.0,1.0,22.29356199995891,auto
1767943621949,Sunny,Day,0.12348090277777778,100.0,1.0,25.471602999914467,auto
1767943621978,Sunny,Day,0.123828125,100.0,0.0,15.860740000334772,auto
1767943622009,Sunny,Day,0.12309027777777778,100.0,0.0,22.300692000044364,auto
1767943622042,Sunny,Day,0.12287326388888889,100.0,0.0,25.32110299989654,auto
1767943622073,Sunny,Day,0.12330729166666667,100.0,0.0,21.39251999960834,auto
1767943622103,Sunny,Day,0.123828125,100.0,0.0,20.829107999816188,auto
1767943622135,Sunny,Day,0.12352430555555556,100.0,0.0,22.950419000153488,auto
1767943622167,Sunny,Day,0.12309027777777778,100.0,-1.0,23.6238129996309,auto
1767943622197,Sunny,Day,0.12313368055555556,100.0,-1.0,20.861922999756644,auto
1767943622230,Sunny,Day,0.12278645833333333,100.0,-1.0,24.13403800028391,auto
1767943622260,Sunny,Day,0.12269965277777778,100.0,-1.0,20.920312000271224,auto
1767943622293,Sunny,Day,0.12252604166666667,100.0,-1.0,22.757232999992993,auto
1767943622324,Sunny,Day,0.12230902777777777,100.0,-1.0,19.44691300013801,auto
1767943622355,Sunny,Day,0.12213541666666666,100.0,-1.0,21.53459400005886,auto
1767943622387,Sunny,Day,0.121484375,100.0,-1.0,23.33860699991419,auto
1767943622417,Sunny,Day,0.12118055555555556,100.0,-2.0,21.962616000109847,auto
1767943622450,Sunny,Day,0.12191840277777778,100.0,-1.0,23.971314999926108,auto
1767943622481,Sunny,Day,0.12217881944444445,100.0,-2.0,22.335358999953314,auto
1767943622511,Sunny,Day,0.12139756944444445,100.0,-2.0,19.249764000051073,auto
1767943622543,Sunny,Day,0.12092013888888889,100.0,-2.0,23.232661000292865,auto
1767943622574,Sunny,Day,0.12013888888888889,100.0,-3.0,23.025567000331648,auto
1767943622607,Sunny,Day,0.12083333333333333,100.0,-3.0,24.5286340000348,auto
1767943622637,Sunny,Day,0.12000868055555555,100.0,-3.0,21.801651999794558,auto
1767943622670,Sunny,Day,0.11953125,100.0,-3.0,24.477965999722073,auto
1767943622700,Sunny,Day,0.11957465277777778,100.0,-3.0,20.201788999656856,auto
1767943622731,Sunny,Day,0.11931423611111111,100.0,-3.0,23.046549999889976,auto
1767943622763,Sunny,Day,0.11840277777777777,100.0,-3.0,20.634161999623757,auto
1767943622794,Sunny,Day,0.11749131944444445,100.0,-3.0,22.826306999832013,auto
1767943622825,Sunny,Day,0.11666666666666667,100.0,-3.0,22.944104000089283,auto
1767943622857,Sunny,Day,0.11649305555555556,100.0,-3.0,19.247374999849853,auto
1767943622888,Sunny,Day,0.11549479166666667,100.0,-3.0,23.142883000218717,auto
1767943622919,Sunny,Day,0.11462673611111111,100.0,-3.0,22.932067000056122,auto
1767943622953,Sunny,Day,0.11358506944444445,100.0,-4.0,24.69331999964197,auto
1767943622984,Sunny,Day,0.1130642361111111,100.0,-3.0,22.405247999813582,auto
1767943623014,Sunny,Day,0.11271701388888888,100.0,-4.0,20.646292000037647,auto
1767943623046,Sunny,Day,0.11284722222222222,100.0,-4.0,24.45259599971905,auto
1767943623077,Sunny,Day,0.11297743055555555,100.0,-4.0,20.964369000012084,auto
1767943623108,Sunny,Day,0.11137152777777778,100.0,-5.0,23.194884000076854,auto
1767943623140,Sunny,Day,0.11388888888888889,100.0,-5.0,23.677386999679584,auto
1767943623171,Sunny,Day,0.11019965277777778,100.0,-6.0,20.927813000071183,auto
1767943623205,Sunny,Day,0.1109375,100.0,-6.0,21.824615000241465,auto
1767943623234,Sunny,Day,0.10911458333333333,100.0,-6.0,19.032744000014645,auto
1767943623269,Sunny,Day,0.10989583333333333,100.0,-7.0,22.505767999973614,auto
1767943623296,Sunny,Day,0.10768229166666667,100.0,-7.0,17.354510000131995,auto
1767943623327,Sunny,Day,0.107421875,100.0,-8.0,22.190192000380193,auto
1767943623359,Sunny,Day,0.10434027777777778,100.0,-8.0,23.22960600031365,auto
1767943623392,Sunny,Day,0.10360243055555556,100.0,-9.0,25.792698000259406,auto
1767943623422,Sunny,Day,0.10208333333333333,100.0,-9.0,20.613440000033734,auto
1767943623455,Sunny,Day,0.09926215277777778,100.0,-10.0,23.48060800022722,auto
1767943623485,Sunny,Day,0.09674479166666666,100.0,-10.0,21.337722999760445,auto
1767943623518,Sunny,Day,0.09613715277777778,100.0,-11.0,24.36176199989859,auto
1767943623547,Sunny,Day,0.09314236111111111,100.0,-12.0,20.49849400009407,auto
1767943623579,Sunny,Day,0.09188368055555556,100.0,-13.0,23.178642999937438,auto
1767943623611,Sunny,Day,0.09032118055555556,100.0,-13.0,20.221269999638025,auto
1767943623642,Sunny,Day,0.08923611111111111,100.0,-14.0,19.828805000088323,auto
1767943623673,Sunny,Day,0.089453125,100.0,-14.0,22.811973999978363,auto
1767943623704,Sunny,Day,0.08823784722222222,100.0,-13.0,22.50580500003707,auto
1767943623735,Sunny,Day,0.09040798611111112,100.0,-13.0,18.517017999784002,auto
1767943623767,Sunny,Day,0.08884548611111111,100.0,-11.0,24.072574999991048,auto
1767943623801,Sunny,Day,0.09036458333333333,100.0,-11.0,24.640615999942383,auto
1767943623832,Sunny,Day,0.09136284722222222,100.0,-10.0,22.201229000074818,auto
1767943623863,Sunny,Day,0.09136284722222222,100.0,-9.0,21.616096000343532,auto
1767943623893,Sunny,Day,0.09105902777777777,100.0,-9.0,21.649225000146544,auto
1767943623924,Sunny,Day,0.09127604166666667,100.0,-9.0,22.530731000188098,auto
1767943623956,Sunny,Day,0.09136284722222222,100.0,-8.0,23.062197999934142,auto
1767943623987,Sunny,Day,0.093359375,100.0,-8.0,18.76522299971839,auto
1767943624019,Sunny,Day,0.09279513888888889,100.0,-9.0,22.99499399987326,auto
1767943624050,Sunny,Day,0.09331597222222222,100.0,-9.0,23.38066299989805,auto
1767943624081,Sunny,Day,0.09388020833333334,100.0,-8.0,22.490286000447668,auto
1767943624114,Sunny,Day,0.09383680555555556,100.0,-8.0,23.700405999989016,auto
1767943624145,Sunny,Day,0.09440104166666667,100.0,-8.0,21.46638999965944,auto
1767943624177,Sunny,Day,0.09474826388888889,100.0,-8.0,20.860831000391045,auto
1767943624208,Sunny,Day,0.09587673611111111,100.0,-8.0,23.043179000069358,auto
1767943624239,Sunny,Day,0.09622395833333333,100.0,-7.0,19.825286000013875,auto
1767943624270,Sunny,Day,0.09552951388888889,100.0,-7.0,22.88217800014536,auto
1767943624301,Sunny,Day,0.09561631944444444,100.0,-7.0,23.09288300011758,auto
1767943624333,Sunny,Day,0.09652777777777778,100.0,-7.0,23.229513999922347,auto
1767943624364,Sunny,Day,0.09639756944444444,100.0,-7.0,21.920246000263433,auto
1767943624396,Sunny,Day,0.09661458333333334,100.0,-7.0,23.275791999822104,auto
1767943624427,Sunny,Day,0.09700520833333333,100.0,-7.0,22.271932999956334,auto
1767943624459,Sunny,Day,0.09822048611111112,100.0,-7.0,23.106660999928863,auto
1767943624490,Sunny,Day,0.09856770833333334,100.0,-7.0,22.018209000179922,auto
1767943624522,Sunny,Day,0.09848090277777778,100.0,-7.0,23.903462999896874,auto
1767943624554,Sunny,Day,0.09952256944444444,100.0,-7.0,23.500386999785405,auto
1767943624584,Sunny,Day,0.09913194444444444,100.0,-6.0,20.159214999694086,auto
1767943624615,Sunny,Day,0.09986979166666667,100.0,-6.0,22.692214000016975,auto
1767943624648,Sunny,Day,0.10034722222222223,100.0,-7.0,23.857722000229842,auto
1767943624678,Sunny,Day,0.10052083333333334,100.0,-7.0,19.74093399985577,auto
1767943624710,Sunny,Day,0.09986979166666667,100.0,-7.0,23.46038599989697,auto
1767943624740,Sunny,Day,0.10073784722222222,100.0,-7.0,21.124554999914835,auto
1767943624773,Sunny,Day,0.10104166666666667,100.0,-7.0,18.15979299999526,auto
1767943624805,Sunny,Day,0.10138888888888889,100.0,-7.0,23.323699999764358,auto
1767943624836,Sunny,Day,0.10056423611111111,100.0,-6.0,19.97669499996846,auto
1767943624866,Sunny,Day,0.101171875,100.0,-7.0,21.555021000040142,auto
1767943624898,Sunny,Day,0.1013454861111111,100.0,-7.0,23.001696999926935,auto
1767943624929,Sunny,Day,0.10121527777777778,100.0,-6.0,19.595691999711562,auto
1767943624961,Sunny,Day,0.10060763888888889,100.0,-6.0,22.807936999925005,auto
1767943624992,Sunny,Day,0.10082465277777777,100.0,-6.0,23.184939000202576,auto
1767943625023,Sunny,Day,0.10091145833333333,100.0,-6.0,22.50143500032209,auto
1767943625056,Sunny,Day,0.10221354166666667,100.0,-5.0,24.334873000043444,auto
1767943625088,Sunny,Day,0.10043402777777778,100.0,-5.0,21.342260999972495,auto
1767943625118,Sunny,Day,0.10095486111111111,100.0,-5.0,19.487599000058253,auto
1767943625149,Sunny,Day,0.10138888888888889,100.0,-6.0,19.42665400019905,auto
1767943625181,Sunny,Day,0.10203993055555556,100.0,-6.0,22.74447300032989,auto
1767943625211,Sunny,Day,0.100390625,100.0,-6.0,21.55615099991337,auto
1767943625243,Sunny,Day,0.0998263888888889,100.0,-7.0,23.705572999915603,auto
1767943625274,Sunny,Day,0.10225694444444444,100.0,-6.0,22.979086999839637,auto
1767943625307,Sunny,Day,0.10091145833333333,100.0,-6.0,24.949619000381063,auto
1767943625338,Sunny,Day,0.10125868055555555,100.0,-6.0,20.997628000259283,auto
1767943625370,Sunny,Day,0.10082465277777777,100.0,-5.0,16.75248699984877,auto
1767943625401,Sunny,Day,0.09856770833333334,100.0,-6.0,22.76541899982476,auto
1767943625433,Sunny,Day,0.10034722222222223,100.0,-5.0,21.7791700001726,auto
1767943625465,Sunny,Day,0.10056423611111111,100.0,-5.0,23.021179999886954,auto
1767943625494,Sunny,Day,0.09670138888888889,100.0,-6.0,20.531753999875946,auto
1767943625526,Sunny,Day,0.09835069444444444,100.0,-5.0,23.523126999862143,auto
1767943625559,Sunny,Day,0.09809027777777778,100.0,-5.0,24.673265000274114,auto
1767943625589,Sunny,Day,0.09691840277777777,100.0,-6.0,20.428939000339597,auto
1767943625622,Sunny,Day,0.09644097222222223,100.0,-6.0,24.012242000026163,auto
1767943625652,Sunny,Day,0.09700520833333333,100.0,-5.0,20.66897799977596,auto
1767943625684,Sunny,Day,0.09908854166666667,100.0,-5.0,23.487126999953034,auto
1767943625714,Sunny,Day,0.09544270833333333,100.0,-6.0,21.447428000101354,auto
1767943625746,Sunny,Day,0.09674479166666666,100.0,-5.0,23.215736000111065,auto
1767943625778,Sunny,Day,0.09466145833333334,100.0,-5.0,23.166531999777362,auto
1767943625808,Sunny,Day,0.09583333333333334,100.0,-4.0,20.469327999762754,auto
1767943625839,Sunny,Day,0.09782986111111111,100.0,-3.0,23.267995999958657,auto
1767943625872,Sunny,Day,0.09474826388888889,100.0,-5.0,27.72621199983405,auto
1767943625905,Sunny,Day,0.09496527777777777,100.0,-4.0,20.6571629996688,auto
1767943625935,Sunny,Day,0.09505208333333333,100.0,-4.0,21.16550000027928,auto
1767943625966,Sunny,Day,0.09670138888888889,100.0,-4.0,22.52773200007141,auto
1767943625997,Sunny,Day,0.09644097222222223,100.0,-4.0,22.133080000003247,auto
1767943626030,Sunny,Day,0.09665798611111111,100.0,-4.0,23.70683299977827,auto
1767943626061,Sunny,Day,0.09483506944444445,100.0,-4.0,19.55917400027829,auto
1767943626091,Sunny,Day,0.09622395833333333,100.0,-3.0,20.941757999935362,auto
1767943626126,Sunny,Day,0.09813368055555556,100.0,-3.0,25.859625000066444,auto
1767943626154,Sunny,Day,0.098828125,100.0,-4.0,18.618870999944193,auto
1767943626185,Sunny,Day,0.09574652777777778,100.0,-4.0,22.137821999876905,auto
1767943626219,Sunny,Day,0.09774305555555556,100.0,-4.0,25.59866100000363,auto
1767943626249,Sunny,Day,0.09796006944444445,100.0,-4.0,19.57978499967794,auto
1767943626282,Sunny,Day,0.09782986111111111,100.0,-5.0,24.84011799970176,auto
1767943626311,Sunny,Day,0.09852430555555555,100.0,-4.0,18.79674299971157,auto
1767943626342,Sunny,Day,0.09917534722222222,100.0,-5.0,22.89901199992528,auto
1767943626374,Sunny,Day,0.10026041666666667,100.0,-4.0,23.221513999942545,auto
1767943626409,Sunny,Day,0.09717881944444444,100.0,-6.0,26.300721000097838,auto
1767943626437,Sunny,Day,0.09717881944444444,100.0,-6.0,19.27454199994827,auto
1767943626468,Sunny,Day,0.09765625,100.0,-5.0,22.19347000027483,auto
1767943626500,Sunny,Day,0.09557291666666666,100.0,-5.0,21.878078000099777,auto
1767943626531,Sunny,Day,0.09609375,100.0,-5.0,22.215248000065912,auto
1767943626566,Sunny,Day,0.09392361111111111,100.0,-6.0,25.782661999983247,auto
1767943626593,Sunny,Day,0.09001736111111111,100.0,-7.0,17.994254999848636,auto
1767943626627,Sunny,Day,0.09010416666666667,100.0,-6.0,24.589856999682524,auto
1767943626658,Sunny,Day,0.0939670138888889,100.0,-6.0,21.553984000092896,auto
1767943626688,Sunny,Day,0.09210069444444445,100.0,-6.0,16.586893999829044,auto
1767943626719,Sunny,Day,0.08793402777777778,100.0,-8.0,22.857474000375078,auto
1767943626751,Sunny,Day,0.08880208333333334,100.0,-7.0,22.4253790001967,auto
1767943626784,Sunny,Day,0.09175347222222222,100.0,-6.0,24.116817000049195,auto
1767943626813,Sunny,Day,0.09131944444444444,100.0,-6.0,20.028325999646768,auto
1767943626845,Sunny,Day,0.09188368055555556,100.0,-5.0,23.245255000347242,auto
1767943626877,Sunny,Day,0.09110243055555556,100.0,-5.0,17.458399000133795,auto
1767943626908,Sunny,Day,0.09184027777777778,100.0,-5.0,23.335588999998436,auto
1767943626939,Sunny,Day,0.09066840277777778,100.0,-5.0,21.388224000020273,auto
1767943626972,Sunny,Day,0.09066840277777778,100.0,-5.0,24.964100000033795,auto
1767943627005,Sunny,Day,0.09127604166666667,100.0,-5.0,21.83724499991513,auto
1767943627033,Sunny,Day,0.09175347222222222,100.0,-5.0,18.69816799990076,auto
1767943627065,Sunny,Day,0.09348958333333333,100.0,-5.0,22.67164100021546,auto
1767943627097,Sunny,Day,0.09205729166666667,100.0,-6.0,22.783048000292183,auto
1767943627128,Sunny,Day,0.09296875,100.0,-6.0,17.99747799987017,auto
1767943627159,Sunny,Day,0.0935329861111111,100.0,-7.0,22.464323999884073,auto
1767943627191,Sunny,Day,0.0959201388888889,100.0,-6.0,21.994746000018495,auto
1767943627221,Sunny,Day,0.09600694444444445,100.0,-7.0,21.469836000051146,auto
1767943627253,Sunny,Day,0.09535590277777778,100.0,-7.0,22.970568999880925,auto
1767943627285,Sunny,Day,0.09709201388888888,100.0,-7.0,23.562405000120634,auto
1767943627316,Sunny,Day,0.09765625,100.0,-7.0,21.944172000075923,auto
1767943627348,Sunny,Day,0.10021701388888889,100.0,-7.0,21.891931000027398,auto
1767943627379,Sunny,Day,0.10060763888888889,100.0,-7.0,22.050691999993433,auto
1767943627410,Sunny,Day,0.10147569444444444,100.0,-7.0,22.47126800011756,auto
1767943627442,Sunny,Day,0.102734375,100.0,-7.0,22.54976899985195,auto
1767943627473,Sunny,Day,0.10260416666666666,100.0,-7.0,18.56503699991663,auto
1767943627504,Sunny,Day,0.102734375,100.0,-7.0,22.23985899991021,auto
1767943627535,Sunny,Day,0.10208333333333333,100.0,-7.0,21.7565600000853,auto
1767943627567,Sunny,Day,0.10299479166666667,100.0,-7.0,23.01656899999216,auto
1767943627601,Sunny,Day,0.10238715277777778,100.0,-7.0,25.437732999762375,auto
1767943627630,Sunny,Day,0.10264756944444445,100.0,-7.0,16.997952000110672,auto
1767943627661,Sunny,Day,0.103515625,100.0,-8.0,22.33206400023846,auto
1767943627694,Sunny,Day,0.10316840277777778,100.0,-8.0,23.010808999970322,auto
1767943627724,Sunny,Day,0.10872395833333333,100.0,-6.0,20.414772000094672,auto
1767943627755,Sunny,Day,0.10993923611111112,100.0,-7.0,22.400415999982215,auto
1767943627788,Sunny,Day,0.11128472222222222,100.0,-7.0,24.915563000377006,auto
1767943627820,Sunny,Day,0.11328125,100.0,-6.0,23.13564399992174,auto
1767943627851,Sunny,Day,0.11232638888888889,100.0,-10.0,22.11489499995878,auto
1767943627882,Sunny,Day,0.1111111111111111,100.0,-10.0,20.623626000087825,auto
1767943627913,Sunny,Day,0.10989583333333333,100.0,-10.0,21.326649000002362,auto
1767943627946,Sunny,Day,0.10611979166666667,100.0,-10.0,21.00485099981597,auto
1767943627975,Sunny,Day,0.09830729166666667,100.0,-9.0,20.402197999828786,auto
1767943628007,Sunny,Day,0.09713541666666667,100.0,-8.0,22.00178400016739,auto
1767943628041,Sunny,Day,0.09678819444444445,100.0,-8.0,24.675542999830213,auto
1767943628068,Sunny,Day,0.09513888888888888,100.0,-7.0,19.303153000237216,auto
1767943628100,Sunny,Day,0.09457465277777778,100.0,-7.0,23.449292999885074,auto
1767943628133,Sunny,Day,0.09370659722222222,100.0,-6.0,24.4843939999555,auto
1767943628163,Sunny,Day,0.09422743055555556,100.0,-6.0,21.62018800026999,auto
1767943628195,Sunny,Day,0.09153645833333333,100.0,-6.0,22.66828899973916,auto
1767943628226,Sunny,Day,0.091015625,100.0,-6.0,23.161661999893113,auto
1767943628258,Sunny,Day,0.08988715277777778,100.0,-6.0,22.879011999975774,auto
1767943628289,Sunny,Day,0.08888888888888889,100.0,-6.0,22.638269999788463,auto
1767943628325,Sunny,Day,0.08454861111111112,100.0,-7.0,27.563748999909876,auto
1767943628352,Sunny,Day,0.08428819444444445,100.0,-8.0,17.960181000034936,auto
1767943628384,Sunny,Day,0.07860243055555556,100.0,-8.0,22.663991999706923,auto
1767943628415,Sunny,Day,0.07973090277777778,100.0,-9.0,21.66935499963074,auto
1767943628446,Sunny,Day,0.0763888888888889,100.0,-9.0,22.41076799964503,auto
1767943628477,Sunny,Day,0.07612847222222222,100.0,-8.0,22.79156700024032,auto
1767943628509,Sunny,Day,0.07743055555555556,100.0,-8.0,22.846418999961315,auto
1767943628542,Sunny,Day,0.07717013888888889,100.0,-8.0,24.88667399984479,auto
1767943628572,Sunny,Day,0.07556423611111111,100.0,-7.0,20.318753000083234,auto
1767943628604,Sunny,Day,0.07408854166666666,100.0,-7.0,22.122080999906757,auto
1767943628635,Sunny,Day,0.07530381944444445,100.0,-7.0,21.83665300026405,auto
1767943628666,Sunny,Day,0.07439236111111111,100.0,-7.0,22.684288000164088,auto
1767943628698,Sunny,Day,0.0720486111111111,100.0,-7.0,22.476138999991235,auto
1767943628728,Sunny,Day,0.07291666666666667,100.0,-6.0,21.94846900010816,auto
1767943628760,Sunny,Day,0.07222222222222222,100.0,-7.0,22.535380000135774,auto
1767943628791,Sunny,Day,0.07361111111111111,100.0,-7.0,23.03651300007914,auto
1767943628825,Sunny,Day,0.07261284722222222,100.0,-7.0,25.763088000076095,auto
1767943628855,Sunny,Day,0.073046875,100.0,-7.0,21.509966000394343,auto
1767943628887,Sunny,Day,0.07274305555555556,100.0,-7.0,20.126289000018005,auto
1767943628919,Sunny,Day,0.06692708333333333,100.0,-9.0,14.465323999957036,auto
1767943628948,Sunny,Day,0.07178819444444444,100.0,-8.0,20.128362999912497,auto
1767943628979,Sunny,Day,0.070703125,100.0,-8.0,23.185235999790166,auto
1767943629011,Sunny,Day,0.06770833333333333,100.0,-56.0,23.108976999992592,auto
1767943629047,Sunny,Day,0.06957465277777777,100.0,-56.0,21.674466999684228,auto
1767943629075,Sunny,Day,0.06961805555555556,100.0,-54.0,17.001489999984187,auto
1767943629106,Sunny,Day,0.06640625,100.0,-51.0,22.295508999832236,auto
1767943629137,Sunny,Day,0.06571180555555556,100.0,-44.0,22.009914000136632,auto
1767943629168,Sunny,Day,0.06740451388888889,100.0,-36.0,23.12336500017409,auto
1767943629199,Sunny,Day,0.06744791666666666,100.0,-28.0,21.7798200001198,auto
1767943629231,Sunny,Day,0.07183159722222222,100.0,-19.0,23.09138400005395,auto
1767943629263,Sunny,Day,0.07309027777777778,100.0,-10.0,21.337630999823887,auto
1767943629294,Sunny,Day,0.07135416666666666,100.0,-3.0,22.10674800016932,auto
1767943629326,Sunny,Day,0.07161458333333333,100.0,2.0,23.018847000003007,auto
1767943629358,Sunny,Day,0.07126736111111111,100.0,5.0,22.754455999802303,auto
1767943629388,Sunny,Day,0.07092013888888889,100.0,7.0,20.752830000219546,auto
1767943629422,Sunny,Day,0.07105034722222223,100.0,8.0,23.567664999973204,auto
1767943629451,Sunny,Day,0.07131076388888889,100.0,7.0,19.45141499982128,auto
1767943629482,Sunny,Day,0.07074652777777778,100.0,6.0,23.02747600015209,auto
1767943629515,Sunny,Day,0.07196180555555555,100.0,5.0,22.711122000146133,auto
1767943629545,Sunny,Day,0.07209201388888889,100.0,2.0,20.604329999969195,auto
1767943629576,Sunny,Day,0.07078993055555556,100.0,0.0,23.201014999813196,auto
1767943629607,Sunny,Day,0.07078993055555556,100.0,-2.0,23.624666000159777,auto
1767943629640,Sunny,Day,0.07105034722222223,100.0,-4.0,24.702136000087194,auto
1767943629671,Sunny,Day,0.07005208333333333,100.0,-4.0,21.986265999657917,auto
1767943629703,Sunny,Day,0.06861979166666667,100.0,-4.0,22.550712999873213,auto
1767943629735,Sunny,Day,0.06892361111111112,100.0,-4.0,23.03499399977227,auto
1767943629765,Sunny,Day,0.06892361111111112,100.0,-3.0,22.039636000044993,auto
1767943629796,Sunny,Day,0.06844618055555556,100.0,-3.0,20.241233999968244,auto
1767943629832,Sunny,Day,0.06848958333333334,100.0,-2.0,24.02563099985855,auto
1767943629859,Sunny,Day,0.06892361111111112,100.0,-1.0,17.144843000096444,auto
1767943629890,Sunny,Day,0.06948784722222222,100.0,-1.0,23.02630899976066,auto
1767943629922,Sunny,Day,0.06909722222222223,100.0,0.0,24.644227999942814,auto
1767943629955,Sunny,Day,0.06805555555555555,100.0,0.0,16.804525000225112,auto
1767943629986,Sunny,Day,0.06788194444444444,100.0,0.0,21.770726999875478,auto
1767943630017,Sunny,Day,0.06753472222222222,100.0,0.0,21.448336000048585,auto
1767943630048,Sunny,Day,0.06723090277777778,100.0,1.0,21.973802000047726,auto
1767943630078,Sunny,Day,0.066796875,100.0,0.0,21.168796999972983,auto
1767943630110,Sunny,Day,0.06701388888888889,100.0,0.0,23.68836999994528,auto
1767943630142,Sunny,Day,0.06627604166666666,100.0,0.0,23.559775999729027,auto
1767943630174,Sunny,Day,0.066796875,100.0,-1.0,23.282053000002634,auto
1767943630204,Sunny,Day,0.06597222222222222,100.0,-1.0,17.97286700002587,auto
1767943630236,Sunny,Day,0.06653645833333334,100.0,-1.0,23.776759000156744,auto
1767943630268,Sunny,Day,0.066796875,100.0,-1.0,23.142698999890854,auto
1767943630299,Sunny,Day,0.06527777777777778,100.0,-1.0,23.061199000039778,auto
1767943630332,Sunny,Day,0.06636284722222222,100.0,-2.0,24.32563399997889,auto
1767943630362,Sunny,Day,0.06883680555555556,100.0,-4.0,19.72954499979096,auto
1767943630395,Sunny,Day,0.06705729166666667,100.0,-4.0,23.638610000034532,auto
1767943630425,Sunny,Day,0.06749131944444445,100.0,-4.0,18.857243999718776,auto
1767943630456,Sunny,Day,0.06805555555555555,100.0,-4.0,21.970525000142516,auto
1767943630488,Sunny,Day,0.0681423611111111,100.0,-4.0,24.134299000252213,auto
1767943630518,Sunny,Day,0.06827256944444444,100.0,-3.0,22.074728999996296,auto
1767943630550,Sunny,Day,0.06779513888888888,100.0,-2.0,22.666381999897567,auto
1767943630581,Sunny,Day,0.06935763888888889,100.0,-1.0,22.797049000018887,auto
1767943630612,Sunny,Day,0.06792534722222222,100.0,0.0,23.222329999953217,auto
1767943630645,Sunny,Day,0.06848958333333334,100.0,0.0,26.574870999866107,auto
1767943630676,Sunny,Day,0.06827256944444444,100.0,1.0,22.192230000200652,auto
1767943630707,Sunny,Day,0.06749131944444445,100.0,1.0,22.589011000036407,auto
1767943630739,Sunny,Day,0.06961805555555556,100.0,1.0,22.327620000396564,auto
1767943630771,Sunny,Day,0.06753472222222222,100.0,1.0,20.927350999954797,auto
1767943630801,Sunny,Day,0.06801215277777778,100.0,0.0,20.0955850000355,auto
1767943630834,Sunny,Day,0.06796875,100.0,0.0,24.272207000194612,auto
1767943630869,Sunny,Day,0.06931423611111111,100.0,-1.0,26.062831000217557,auto
1767943630895,Sunny,Day,0.06870659722222222,100.0,-1.0,15.385682000214729,auto
1767943630926,Sunny,Day,0.06788194444444444,100.0,-1.0,23.217939999994996,auto
1767943630959,Sunny,Day,0.0703125,100.0,-1.0,24.17781800022567,auto
1767943630992,Sunny,Day,0.06953125,100.0,-2.0,24.263095999685902,auto
1767943631021,Sunny,Day,0.06983506944444444,100.0,-1.0,19.66191599967715,auto
1767943631053,Sunny,Day,0.07065972222222222,100.0,-1.0,23.16029299981892,auto
1767943631084,Sunny,Day,0.07065972222222222,100.0,-1.0,21.121592999861605,auto
1767943631115,Sunny,Day,0.07105034722222223,100.0,-1.0,22.584417999951256,auto
1767943631146,Sunny,Day,0.07161458333333333,100.0,-1.0,22.437323999838554,auto
1767943631181,Sunny,Day,0.07157118055555556,100.0,-1.0,26.509761000397702,auto
1767943631209,Sunny,Day,0.07087673611111112,100.0,-1.0,20.000917999823287,auto
1767943631241,Sunny,Day,0.07109375,100.0,-1.0,23.338813000009395,auto
1767943631272,Sunny,Day,0.07387152777777778,100.0,-1.0,22.785642000144435,auto
1767943631305,Sunny,Day,0.07191840277777778,100.0,-1.0,23.39786799984722,auto
1767943631335,Sunny,Day,0.07122395833333334,100.0,-1.0,18.36749999984022,auto
1767943631367,Sunny,Day,0.07113715277777778,100.0,-1.0,22.990680000020802,auto
1767943631398,Sunny,Day,0.071875,100.0,-1.0,21.42866900021545,auto
1767943631430,Sunny,Day,0.07165798611111111,100.0,-1.0,20.81159099998331,auto
1767943631460,Sunny,Day,0.07243923611111111,100.0,-1.0,21.848671999578073,auto
1767943631492,Sunny,Day,0.07209201388888889,100.0,-2.0,22.98679199975595,auto
1767943631523,Sunny,Day,0.07361111111111111,100.0,-2.0,23.159162999945693,auto
1767943631556,Sunny,Day,0.0724826388888889,100.0,-2.0,20.25584600005459,auto
1767943631586,Sunny,Day,0.07235243055555556,100.0,-2.0,13.612872999601677,auto
1767943631617,Sunny,Day,0.072265625,100.0,-2.0,22.854252999877644,auto
1767943631649,Sunny,Day,0.07274305555555556,100.0,-2.0,22.520305999933043,auto
1767943631681,Sunny,Day,0.07278645833333333,100.0,-1.0,24.248503999842796,auto
1767943631712,Sunny,Day,0.07256944444444445,100.0,-1.0,19.704750000073545,auto
1767943631743,Sunny,Day,0.0720486111111111,100.0,-1.0,23.61631399980979,auto
1767943631776,Sunny,Day,0.072265625,100.0,-1.0,24.347690000013245,auto
1767943631806,Sunny,Day,0.07200520833333333,100.0,-1.0,21.722542000134126,auto
1767943631840,Sunny,Day,0.07265625,100.0,-1.0,25.786941000205843,auto
1767943631869,Sunny,Day,0.07183159722222222,100.0,-1.0,18.876539999837405,auto
1767943631900,Sunny,Day,0.0734375,100.0,-1.0,21.912135999627935,auto
1767943631933,Sunny,Day,0.07126736111111111,100.0,-1.0,23.60948100022142,auto
1767943631963,Sunny,Day,0.07174479166666667,100.0,-2.0,21.309371999905125,auto
1767943631994,Sunny,Day,0.07217881944444444,100.0,-2.0,22.916457000064838,auto
1767943632029,Sunny,Day,0.07122395833333334,100.0,-2.0,25.438918999952875,auto
1767943632058,Sunny,Day,0.07152777777777777,100.0,-2.0,19.709676000275067,auto
1767943632088,Sunny,Day,0.07209201388888889,100.0,-2.0,17.065990999981295,auto
1767943632121,Sunny,Day,0.07256944444444445,100.0,-3.0,22.83690200010824,auto
1767943632151,Sunny,Day,0.07078993055555556,100.0,-4.0,20.604977999937546,auto
1767943632186,Sunny,Day,0.07209201388888889,100.0,-4.0,26.903966999725526,auto
1767943632214,Sunny,Day,0.07243923611111111,100.0,-4.0,12.871850000010454,auto
1767943632246,Sunny,Day,0.07252604166666667,100.0,-5.0,24.29781900036687,auto
1767943632277,Sunny,Day,0.07183159722222222,100.0,-5.0,22.09756299998844,auto
1767943632310,Sunny,Day,0.07174479166666667,100.0,-6.0,23.458794000362104,auto
1767943632340,Sunny,Day,0.07430555555555556,100.0,-6.0,20.603218999895034,auto
1767943632371,Sunny,Day,0.07209201388888889,100.0,-6.0,22.445732000051066,auto
1767943632402,Sunny,Day,0.07144097222222222,100.0,-6.0,22.84830900043744,auto
1767943632437,Sunny,Day,0.07296006944444444,100.0,-6.0,26.01396099998965,auto
1767943632465,Sunny,Day,0.0720486111111111,100.0,-5.0,19.502896999711083,auto
1767943632496,Sunny,Day,0.07265625,100.0,-5.0,23.37471999999252,auto
1767943632530,Sunny,Day,0.07161458333333333,100.0,-4.0,25.91051499985042,auto
1767943632560,Sunny,Day,0.07139756944444445,100.0,-5.0,20.93883299994559,auto
1767943632593,Sunny,Day,0.07122395833333334,100.0,-5.0,22.986087999925076,auto
1767943632624,Sunny,Day,0.07183159722222222,100.0,-6.0,14.868196999941574,auto
1767943632655,Sunny,Day,0.07118055555555555,100.0,-6.0,18.84363299996039,auto
1767943632688,Sunny,Day,0.07144097222222222,100.0,-7.0,23.37810900007753,auto
1767943632717,Sunny,Day,0.07118055555555555,100.0,-8.0,13.490816999819799,auto
1767943632749,Sunny,Day,0.07096354166666667,100.0,-8.0,23.011383999801183,auto
1767943632779,Sunny,Day,0.07013888888888889,100.0,-9.0,20.29882799979532,auto
1767943632810,Sunny,Day,0.06957465277777777,100.0,-10.0,22.184692999871913,auto
1767943632842,Sunny,Day,0.06974826388888888,100.0,-10.0,23.797056000148586,auto
1767943632873,Sunny,Day,0.06983506944444444,100.0,-10.0,22.083432999806973,auto
1767943632906,Sunny,Day,0.0700954861111111,100.0,-10.0,24.72211799977231,auto
1767943632936,Sunny,Day,0.06979166666666667,100.0,-9.0,15.591979999953764,auto
1767943632970,Sunny,Day,0.06888020833333333,100.0,-9.0,25.125769000169385,auto
1767943633001,Sunny,Day,0.06922743055555555,100.0,-9.0,19.362340000043332,auto
1767943633031,Sunny,Day,0.06996527777777778,100.0,-8.0,20.920277000186616,auto
1767943633062,Sunny,Day,0.06979166666666667,100.0,-8.0,19.585064000239072,auto
1767943633094,Sunny,Day,0.06966145833333333,100.0,-8.0,23.808778999864444,auto
1767943633126,Sunny,Day,0.06970486111111111,100.0,-8.0,23.11007000025711,auto
1767943633156,Sunny,Day,0.07057291666666667,100.0,-8.0,20.32849500028533,auto
1767943633187,Sunny,Day,0.06970486111111111,100.0,-8.0,23.72037100030866,auto
1767943633219,Sunny,Day,0.07065972222222222,100.0,-8.0,12.691108000126405,auto
1767943633252,Sunny,Day,0.06948784722222222,100.0,-7.0,24.915304999922228,auto
1767943633282,Sunny,Day,0.06948784722222222,100.0,-7.0,20.835999000155425,auto
1767943633313,Sunny,Day,0.07035590277777778,100.0,-6.0,22.948995000206196,auto
1767943633346,Sunny,Day,0.07048611111111111,100.0,-6.0,20.152937999682763,auto
1767943633375,Sunny,Day,0.068359375,100.0,-6.0,18.565463999948406,auto
1767943633408,Sunny,Day,0.07039930555555556,100.0,-6.0,24.299244999838265,auto
1767943633438,Sunny,Day,0.07083333333333333,100.0,-6.0,22.45284399987213,auto
1767943633470,Sunny,Day,0.06987847222222222,100.0,-6.0,23.603814000125567,auto
1767943633501,Sunny,Day,0.07005208333333333,100.0,-6.0,23.26334899998983,auto
1767943633533,Sunny,Day,0.07044270833333334,100.0,-6.0,14.8382339998534,auto
1767943633565,Sunny,Day,0.070703125,100.0,-6.0,24.09437300002537,auto
1767943633599,Sunny,Day,0.07026909722222222,100.0,-6.0,22.93729099983466,auto
1767943633629,Sunny,Day,0.07022569444444444,100.0,-6.0,11.145541000132653,auto
1767943633657,Sunny,Day,0.06996527777777778,100.0,-6.0,17.759809999915888,auto
1767943633688,Sunny,Day,0.07000868055555555,100.0,-6.0,24.464708999857976,auto
1767943633719,Sunny,Day,0.071875,100.0,-6.0,24.63504399975136,auto
1767943633751,Sunny,Day,0.07113715277777778,100.0,-5.0,24.652896000134206,auto
1767943633782,Sunny,Day,0.07074652777777778,100.0,-5.0,17.406566999852657,auto
1767943633815,Sunny,Day,0.07235243055555556,100.0,-5.0,25.766089000171633,auto
1767943633845,Sunny,Day,0.07287326388888889,100.0,-5.0,23.008494999885443,auto
1767943633876,Sunny,Day,0.07235243055555556,100.0,-6.0,25.10699200001909,auto
1767943633908,Sunny,Day,0.07261284722222222,100.0,-5.0,25.360956999975315,auto
1767943633939,Sunny,Day,0.07196180555555555,100.0,-5.0,24.39526400030445,auto
1767943633971,Sunny,Day,0.07261284722222222,100.0,-5.0,25.272215000313736,auto
1767943634002,Sunny,Day,0.07265625,100.0,-5.0,23.88470599998982,auto
1767943634033,Sunny,Day,0.07309027777777778,100.0,-5.0,24.512987999969482,auto
1767943634064,Sunny,Day,0.07313368055555555,100.0,-5.0,24.17816999968636,auto
1767943634098,Sunny,Day,0.07313368055555555,100.0,-5.0,26.20059199989555,auto
1767943634127,Sunny,Day,0.07309027777777778,100.0,-5.0,17.47647499996674,auto
1767943634160,Sunny,Day,0.07313368055555555,100.0,-5.0,26.139628999771958,auto
1767943634190,Sunny,Day,0.07287326388888889,100.0,-5.0,22.97890300042127,auto
1767943634223,Sunny,Day,0.07287326388888889,100.0,-5.0,26.148073000058503,auto
1767943634253,Sunny,Day,0.07317708333333334,100.0,-5.0,23.405905999879906,auto
1767943634285,Sunny,Day,0.07391493055555555,100.0,-5.0,24.677506999978505,auto
1767943634316,Sunny,Day,0.0740017361111111,100.0,-5.0,23.34577600004195,auto
1767943634347,Sunny,Day,0.07421875,100.0,-5.0,24.79891500024678,auto
1767943634379,Sunny,Day,0.0734375,100.0,-5.0,24.08283600016148,auto
1767943634410,Sunny,Day,0.07378472222222222,100.0,-5.0,24.708137000288843,auto
1767943634443,Sunny,Day,0.07356770833333333,100.0,-4.0,26.167944000007992,auto
1767943634473,Sunny,Day,0.07274305555555556,100.0,-5.0,22.70075300020835,auto
1767943634504,Sunny,Day,0.07374131944444444,100.0,-5.0,17.239695999705873,auto
1767943634536,Sunny,Day,0.07391493055555555,100.0,-5.0,22.037524999632296,auto
1767943634567,Sunny,Day,0.07374131944444444,100.0,-5.0,22.70232599994415,auto
1767943634599,Sunny,Day,0.07391493055555555,100.0,-5.0,25.19819600001938,auto
1767943634631,Sunny,Day,0.0744357638888889,100.0,-5.0,24.518894999800978,auto
1767943634662,Sunny,Day,0.07447916666666667,100.0,-5.0,24.236503999873094,auto
1767943634693,Sunny,Day,0.07339409722222222,100.0,-5.0,22.160323000207427,auto
1767943634724,Sunny,Day,0.07413194444444444,100.0,-5.0,24.569617999986804,auto
1767943634755,Sunny,Day,0.07430555555555556,100.0,-5.0,24.95639900007518,auto
1767943634787,Sunny,Day,0.07426215277777778,100.0,-5.0,24.722026000290498,auto
1767943634818,Sunny,Day,0.07439236111111111,100.0,-4.0,23.418369000410166,auto
1767943634849,Sunny,Day,0.075,100.0,-4.0,24.680841000190412,auto
1767943634882,Sunny,Day,0.07495659722222223,100.0,-4.0,25.778292999802943,auto
1767943634912,Sunny,Day,0.075390625,100.0,-4.0,22.490455000024667,auto
1767943634944,Sunny,Day,0.07404513888888889,100.0,-4.0,24.437857000066288,auto
1767943634975,Sunny,Day,0.075,100.0,-4.0,24.843416000294383,auto
1767943635006,Sunny,Day,0.07586805555555555,100.0,-4.0,24.4393940001828,auto
1767943635042,Sunny,Day,0.07582465277777778,100.0,-5.0,28.31129200012583,auto
1767943635069,Sunny,Day,0.07491319444444444,100.0,-5.0,15.450350000264734,auto
1767943635101,Sunny,Day,0.07591145833333333,100.0,-5.0,25.48614199986332,auto
1767943635132,Sunny,Day,0.07677951388888889,100.0,-5.0,23.98266899990631,auto
1767943635164,Sunny,Day,0.07682291666666667,100.0,-5.0,24.40885799978787,auto
1767943635195,Sunny,Day,0.07747395833333333,100.0,-5.0,16.45722700004626,auto
1767943635226,Sunny,Day,0.07756076388888888,100.0,-5.0,24.457728000015777,auto
1767943635259,Sunny,Day,0.07795138888888889,100.0,-5.0,25.7762740002363,auto
1767943635289,Sunny,Day,0.078125,100.0,-5.0,16.54596800017316,auto
1767943635321,Sunny,Day,0.07786458333333333,100.0,-5.0,23.524036000253545,auto
1767943635352,Sunny,Day,0.07751736111111111,100.0,-4.0,24.201782000091043,auto
1767943635385,Sunny,Day,0.07730034722222222,100.0,-5.0,26.486891000331525,auto
1767943635415,Sunny,Day,0.07769097222222222,100.0,-4.0,19.677694000165502,auto
1767943635448,Sunny,Day,0.07764756944444444,100.0,-4.0,26.90237500019066,auto
1767943635478,Sunny,Day,0.07721354166666666,100.0,-4.0,21.787079999739944,auto
1767943635509,Sunny,Day,0.077734375,100.0,-4.0,24.3736910001644,auto
1767943635542,Sunny,Day,0.07734375,100.0,-4.0,26.22492599994075,auto
1767943635572,Sunny,Day,0.077734375,100.0,-4.0,20.823776999804977,auto
1767943635606,Sunny,Day,0.07738715277777777,100.0,-4.0,27.468618999591854,auto
1767943635634,Sunny,Day,0.07751736111111111,100.0,-4.0,20.674405000136176,auto
1767943635666,Sunny,Day,0.07743055555555556,100.0,-4.0,25.012103000335628,auto
1767943635697,Sunny,Day,0.07708333333333334,100.0,-4.0,24.078872999780288,auto
1767943635729,Sunny,Day,0.07738715277777777,100.0,-4.0,24.149930000021413,auto
1767943635761,Sunny,Day,0.07699652777777778,100.0,-4.0,25.583642999663425,auto
1767943635792,Sunny,Day,0.07682291666666667,100.0,-4.0,21.755895000296732,auto
1767943635823,Sunny,Day,0.07686631944444444,100.0,-4.0,24.69824800027709,auto
1767943635859,Sunny,Day,0.07599826388888889,100.0,-3.0,31.850484000187862,auto
1767943635886,Sunny,Day,0.07491319444444444,100.0,-3.0,13.667410999914864,auto
1767943635919,Sunny,Day,0.07395833333333333,100.0,-3.0,26.51316899982703,auto
1767943635949,Sunny,Day,0.07256944444444445,100.0,-3.0,22.22582299964415,auto
1767943635980,Sunny,Day,0.07209201388888889,100.0,-3.0,24.93047200005094,auto
1767943636012,Sunny,Day,0.07174479166666667,100.0,-3.0,24.398599000051036,auto
1767943636043,Sunny,Day,0.07105034722222223,100.0,-3.0,24.17659699995056,auto
1767943636077,Sunny,Day,0.07113715277777778,100.0,-3.0,25.583847000234528,auto
1767943636105,Sunny,Day,0.07144097222222222,100.0,-3.0,18.20559099996899,auto
1767943636137,Sunny,Day,0.07209201388888889,100.0,-3.0,24.366339000152948,auto
1767943636169,Sunny,Day,0.07309027777777778,100.0,-3.0,24.42880199987485,auto
1767943636200,Sunny,Day,0.0740017361111111,100.0,-3.0,24.54126600014206,auto
1767943636231,Sunny,Day,0.07504340277777778,100.0,-2.0,24.14385600013702,auto
1767943636264,Sunny,Day,0.07664930555555556,100.0,-2.0,26.662613999633322,auto
1767943636294,Sunny,Day,0.07782118055555555,100.0,-2.0,22.828475999631337,auto
1767943636325,Sunny,Day,0.07881944444444444,100.0,-1.0,24.616785000034724,auto
1767943636358,Sunny,Day,0.08033854166666667,100.0,-1.0,26.249740999901405,auto
1767943636390,Sunny,Day,0.08177083333333333,100.0,-1.0,24.379152999699727,auto
1767943636421,Sunny,Day,0.08302951388888889,100.0,-1.0,20.266865999928996,auto
1767943636451,Sunny,Day,0.08446180555555556,100.0,0.0,23.219367999899987,auto
1767943636484,Sunny,Day,0.0857204861111111,100.0,0.0,26.84396699987701,auto
1767943636514,Sunny,Day,0.08736979166666667,100.0,0.0,22.306416999981593,auto
1767943636545,Sunny,Day,0.08828125,100.0,0.0,21.944303000054788,auto
1767943636576,Sunny,Day,0.08888888888888889,100.0,0.0,23.607073999755812,auto
1767943636609,Sunny,Day,0.08975694444444444,100.0,0.0,26.364871000168932,auto
1767943636639,Sunny,Day,0.09040798611111112,100.0,0.0,14.630992000093102,auto
1767943636673,Sunny,Day,0.09171006944444444,100.0,0.0,26.66609600009906,auto
1767943636704,Sunny,Day,0.09266493055555555,100.0,0.0,24.910101999921608,auto
1767943636737,Sunny,Day,0.09344618055555555,100.0,0.0,26.087184000061825,auto
1767943636765,Sunny,Day,0.09427083333333333,100.0,0.0,20.910296000238304,auto
1767943636796,Sunny,Day,0.09561631944444444,100.0,1.0,22.971216999849275,auto
1767943636827,Sunny,Day,0.09631076388888889,100.0,1.0,24.337764999927458,auto
1767943636859,Sunny,Day,0.09683159722222222,100.0,1.0,24.191651999899477,auto
1767943636891,Sunny,Day,0.09769965277777778,100.0,1.0,24.125392999849282,auto
1767943636922,Sunny,Day,0.09930555555555555,100.0,1.0,24.69469300012861,auto
1767943636953,Sunny,Day,0.09956597222222222,100.0,1.0,24.533136999707494,auto
1767943636985,Sunny,Day,0.10073784722222222,100.0,1.0,24.420283999916137,auto
1767943637021,Sunny,Day,0.10182291666666667,100.0,0.0,27.772289000040473,auto
1767943637047,Sunny,Day,0.102734375,100.0,0.0,18.681725000078586,auto
1767943637081,Sunny,Day,0.10342881944444444,100.0,1.0,26.656485000330576,auto
1767943637111,Sunny,Day,0.10477430555555556,100.0,2.0,22.98623700016833,auto
1767943637142,Sunny,Day,0.10512152777777778,100.0,2.0,23.946632999923168,auto
1767943637173,Sunny,Day,0.10694444444444444,100.0,2.0,24.206929999763815,auto
1767943637204,Sunny,Day,0.10828993055555555,100.0,2.0,24.0172439998787,auto
1767943637236,Sunny,Day,0.10907118055555555,100.0,2.0,24.51232199973674,auto
1767943637267,Sunny,Day,0.11006944444444444,100.0,2.0,24.265115999696718,auto
1767943637299,Sunny,Day,0.11215277777777778,100.0,2.0,24.69915600022432,auto
1767943637332,Sunny,Day,0.11328125,100.0,2.0,26.84713400003602,auto
1767943637361,Sunny,Day,0.11440972222222222,100.0,2.0,17.22006699992562,auto
1767943637393,Sunny,Day,0.11657986111111111,100.0,2.0,25.091343999974924,auto
1767943637426,Sunny,Day,0.11844618055555556,100.0,2.0,26.76576399971964,auto
1767943637456,Sunny,Day,0.1203125,100.0,2.0,22.403566000321007,auto
1767943637489,Sunny,Day,0.12200520833333334,100.0,2.0,26.113943999916955,auto
1767943637519,Sunny,Day,0.12387152777777778,100.0,3.0,22.050210999623232,auto
1767943637553,Sunny,Day,0.12348090277777778,100.0,4.0,27.578787000038574,auto
1767943637581,Sunny,Day,0.12569444444444444,100.0,4.0,20.88372200023514,auto
1767943637613,Sunny,Day,0.12591145833333334,100.0,4.0,24.99784300016472,auto
1767943637646,Sunny,Day,0.125,100.0,5.0,26.433446999817534,auto
1767943637675,Sunny,Day,0.125,100.0,6.0,20.307976999902166,auto
1767943637707,Sunny,Day,0.12565104166666666,100.0,6.0,24.447968999993464,auto
1767943637739,Sunny,Day,0.12374131944444444,100.0,6.0,25.192864000018744,auto
1767943637771,Sunny,Day,0.123828125,100.0,6.0,23.69835299987244,auto
1767943637803,Sunny,Day,0.12239583333333333,100.0,7.0,23.86400199975469,auto
1767943637832,Sunny,Day,0.12170138888888889,100.0,8.0,21.45213399990098,auto
1767943637864,Sunny,Day,0.12222222222222222,100.0,9.0,24.753953000072215,auto
1767943637898,Sunny,Day,0.12074652777777778,100.0,9.0,26.27963099985209,auto
1767943637927,Sunny,Day,0.11666666666666667,100.0,23.0,21.667208999588183,auto
1767943637958,Sunny,Day,0.11302083333333333,100.0,23.0,23.836187000142672,auto
1767943637992,Sunny,Day,0.11032986111111111,100.0,22.0,26.671652000004542,auto
1767943638021,Sunny,Day,0.10685763888888888,100.0,20.0,20.148031000189803,auto
1767943638053,Sunny,Day,0.10299479166666667,100.0,18.0,23.32922100003998,auto
1767943638084,Sunny,Day,0.10078125,100.0,16.0,24.07791099994938,auto
1767943638116,Sunny,Day,0.10238715277777778,100.0,13.0,24.198226999942563,auto
1767943638146,Sunny,Day,0.10043402777777778,100.0,11.0,22.998736999852554,auto
1767943638178,Sunny,Day,0.09765625,100.0,8.0,23.55159300032028,auto
1767943638211,Sunny,Day,0.09609375,100.0,5.0,25.650256000062654,auto
1767943638241,Sunny,Day,0.09375,100.0,3.0,22.51862200000687,auto
1767943638275,Sunny,Day,0.09457465277777778,100.0,2.0,26.34766800019861,auto
1767943638307,Sunny,Day,0.093359375,100.0,2.0,20.72785100017427,auto
1767943638335,Sunny,Day,0.09331597222222222,100.0,1.0,20.558755999900313,auto
1767943638368,Sunny,Day,0.09223090277777778,100.0,2.0,25.00917700035643,auto
1767943638399,Sunny,Day,0.09223090277777778,100.0,2.0,18.12346200040338,auto
1767943638429,Sunny,Day,0.09171006944444444,100.0,3.0,23.846594000133337,auto
1767943638461,Sunny,Day,0.09140625,100.0,4.0,24.70576699988669,auto
1767943638492,Sunny,Day,0.09197048611111111,100.0,5.0,24.49528499982989,auto
1767943638523,Sunny,Day,0.090625,100.0,5.0,23.96359600015785,auto
1767943638555,Sunny,Day,0.091015625,100.0,6.0,22.47140000008585,auto
1767943638587,Sunny,Day,0.09040798611111112,100.0,6.0,25.547031999849423,auto
1767943638618,Sunny,Day,0.090625,100.0,6.0,22.39360300018234,auto
1767943638653,Sunny,Day,0.09088541666666666,100.0,6.0,28.187476999846695,auto
1767943638685,Sunny,Day,0.09097222222222222,100.0,6.0,23.141053000017564,auto
1767943638717,Sunny,Day,0.09040798611111112,100.0,6.0,22.143822999623808,auto
1767943638746,Sunny,Day,0.08967013888888889,100.0,6.0,19.99475299999176,auto
1767943638780,Sunny,Day,0.08997395833333334,100.0,6.0,24.560266999742453,auto
1767943638809,Sunny,Day,0.09418402777777778,100.0,6.0,19.27185800013831,auto
1767943638840,Sunny,Day,0.09657118055555555,100.0,5.0,19.51684200003001,auto
1767943638870,Sunny,Day,0.10104166666666667,100.0,5.0,18.148313999972743,auto
1767943638905,Sunny,Day,0.10004340277777778,100.0,6.0,25.478976000158582,auto
1767943638937,Sunny,Day,0.0993923611111111,100.0,6.0,24.053095999988727,auto
1767943638966,Sunny,Day,0.09835069444444444,100.0,7.0,17.952701000012894,auto
1767943638997,Sunny,Day,0.09965277777777778,100.0,8.0,22.800476000156777,auto
1767943639028,Sunny,Day,0.10230034722222223,100.0,9.0,22.18326899992462,auto
1767943639059,Sunny,Day,0.10203993055555556,100.0,9.0,25.14128900020296,auto
1767943639092,Sunny,Day,0.10151909722222222,100.0,10.0,24.193005000142875,auto
1767943639124,Sunny,Day,0.10151909722222222,100.0,9.0,21.31855900006485,auto
1767943639154,Sunny,Day,0.10169270833333334,100.0,9.0,20.633054000427364,auto
1767943639185,Sunny,Day,0.10381944444444445,100.0,9.0,23.142348999954265,auto
1767943639218,Sunny,Day,0.10646701388888889,100.0,9.0,24.56445200004964,auto
1767943639252,Sunny,Day,0.10746527777777778,100.0,9.0,15.729370999906678,auto
1767943639279,Sunny,Day,0.10920138888888889,100.0,9.0,16.767488999903435,auto
1767943639313,Sunny,Day,0.11067708333333333,100.0,9.0,23.48375900010069,auto
1767943639342,Sunny,Day,0.11328125,100.0,8.0,17.88320100013152,auto
1767943639372,Sunny,Day,0.11701388888888889,100.0,7.0,21.777117000056023,auto
1767943639404,Sunny,Day,0.11888020833333333,100.0,8.0,22.89953300032721,auto
1767943639437,Sunny,Day,0.12174479166666667,100.0,7.0,24.934324999776436,auto
1767943639468,Sunny,Day,0.12135416666666667,100.0,7.0,22.613845000250876,auto
1767943639500,Sunny,Day,0.11983506944444444,100.0,8.0,16.315930000018852,auto
1767943639533,Sunny,Day,0.11783854166666667,100.0,9.0,23.472610999760946,auto
1767943639562,Sunny,Day,0.11861979166666667,100.0,9.0,20.017826999719546,auto
1767943639594,Sunny,Day,0.11974826388888889,100.0,9.0,21.996119000050385,auto
1767943639624,Sunny,Day,0.11844618055555556,100.0,8.0,17.696311000236165,auto
1767943639656,Sunny,Day,0.11532118055555556,100.0,8.0,23.521481999978278,auto
1767943639688,Sunny,Day,0.112109375,100.0,8.0,23.146682999595214,auto
1767943639719,Sunny,Day,0.10980902777777778,100.0,7.0,14.368546000241622,auto
1767943639750,Sunny,Day,0.10789930555555556,100.0,8.0,21.749430999989272,auto
1767943639784,Sunny,Day,0.10759548611111111,100.0,7.0,25.756849000117654,auto
1767943639813,Sunny,Day,0.10551215277777778,100.0,7.0,19.492989999889687,auto
1767943639846,Sunny,Day,0.10334201388888889,100.0,7.0,20.802333000119688,auto
1767943639875,Sunny,Day,0.10460069444444445,100.0,8.0,18.455556999924738,auto
1767943639907,Sunny,Day,0.10342881944444444,100.0,8.0,22.80290299995613,auto
1767943639939,Sunny,Day,0.1037326388888889,100.0,8.0,23.31953600014458,auto
1767943639970,Sunny,Day,0.10542534722222222,100.0,8.0,23.44925899978989,auto
1767943640002,Sunny,Day,0.10642361111111111,100.0,8.0,16.94119400008276,auto
1767943640032,Sunny,Day,0.10733506944444444,100.0,9.0,22.267416999966372,auto
1767943640067,Sunny,Day,0.10789930555555556,100.0,8.0,25.438828999995167,auto
1767943640096,Sunny,Day,0.10681423611111111,100.0,9.0,16.91960200014364,auto
1767943640128,Sunny,Day,0.107421875,100.0,10.0,20.49971899987213,auto
1767943640162,Sunny,Day,0.10837673611111111,100.0,10.0,25.754220000180794,auto
1767943640194,Sunny,Day,0.10833333333333334,100.0,10.0,15.130569999655563,auto
1767943640224,Sunny,Day,0.10794270833333333,100.0,11.0,19.074523999734083,auto
1767943640254,Sunny,Day,0.10807291666666667,100.0,11.0,19.722473999991053,auto
1767943640284,Sunny,Day,0.10737847222222222,100.0,12.0,14.755530000002182,auto
1767943640316,Sunny,Day,0.10872395833333333,100.0,12.0,23.883854999894538,auto
1767943640348,Sunny,Day,0.10694444444444444,100.0,12.0,20.81561100021645,auto
1767943640380,Sunny,Day,0.10772569444444445,100.0,12.0,18.458649999956833,auto
1767943640410,Sunny,Day,0.1072048611111111,100.0,11.0,21.07798300039576,auto
1767943640444,Sunny,Day,0.10724826388888889,100.0,10.0,19.175080999957572,auto
1767943640472,Sunny,Day,0.10638020833333334,100.0,10.0,19.464083000002574,auto
1767943640505,Sunny,Day,0.106640625,100.0,9.0,23.95194700011416,auto
1767943640536,Sunny,Day,0.10776909722222222,100.0,8.0,23.250404999998864,auto
1767943640567,Sunny,Day,0.10737847222222222,100.0,7.0,18.365166999956273,auto
1767943640600,Sunny,Day,0.10677083333333333,100.0,7.0,25.115992999872105,auto
1767943640629,Sunny,Day,0.10668402777777777,100.0,7.0,14.75312299999132,auto
1767943640661,Sunny,Day,0.10716145833333333,100.0,6.0,23.484185000143043,auto
1767943640692,Sunny,Day,0.10685763888888888,100.0,7.0,23.190312000224367,auto
1767943640726,Sunny,Day,0.10625,100.0,8.0,25.314271999832272,auto
1767943640761,Sunny,Day,0.10551215277777778,100.0,9.0,25.676979000309075,auto
1767943640788,Sunny,Day,0.10512152777777778,100.0,9.0,17.30291900003067,auto
1767943640820,Sunny,Day,0.10451388888888889,100.0,10.0,17.153935999886016,auto
1767943640850,Sunny,Day,0.10447048611111111,100.0,11.0,17.268195999804448,auto
1767943640880,Sunny,Day,0.10234375,100.0,11.0,21.500856000329804,auto
1767943640915,Sunny,Day,0.10143229166666666,100.0,12.0,26.32257599998411,auto
1767943640943,Sunny,Day,0.10013020833333333,100.0,12.0,18.976987000314693,auto
1767943640975,Sunny,Day,0.09913194444444444,100.0,12.0,24.036725999849295,auto
1767943641006,Sunny,Day,0.09704861111111111,100.0,12.0,22.52693799982808,auto
1767943641038,Sunny,Day,0.09535590277777778,100.0,12.0,11.68908299996474,auto
1767943641068,Sunny,Day,0.09192708333333334,100.0,13.0,19.21311699970829,auto
1767943641100,Sunny,Day,0.09114583333333333,100.0,13.0,23.450314000001526,auto
1767943641134,Sunny,Day,0.09049479166666667,100.0,14.0,24.144412000168813,auto
1767943641165,Sunny,Day,0.08736979166666667,100.0,12.0,20.258124999600113,auto
1767943641194,Sunny,Day,0.08624131944444445,100.0,11.0,21.429671000078088,auto
1767943641228,Sunny,Day,0.08489583333333334,100.0,9.0,25.778237999929843,auto
1767943641259,Sunny,Day,0.083984375,100.0,8.0,21.33417000004556,auto
1767943641289,Sunny,Day,0.08250868055555556,100.0,7.0,22.15076799984672,auto
1767943641321,Sunny,Day,0.08216145833333334,100.0,6.0,20.80605499986632,auto
1767943641353,Sunny,Day,0.08125,100.0,5.0,20.404274000156875,auto
1767943641383,Sunny,Day,0.08155381944444444,100.0,4.0,20.793888000298466,auto
1767943641418,Sunny,Day,0.08111979166666666,100.0,4.0,22.098211999946216,auto
1767943641447,Sunny,Day,0.08090277777777778,100.0,3.0,22.588993999761442,auto
1767943641477,Sunny,Day,0.08064236111111112,100.0,4.0,21.690321000278345,auto
1767943641510,Sunny,Day,0.0802951388888889,100.0,4.0,24.6144530001402,auto
1767943641540,Sunny,Day,0.08059895833333333,100.0,4.0,19.068801999765128,auto
1767943641573,Sunny,Day,0.08064236111111112,100.0,3.0,16.155948000232456,auto
1767943641605,Sunny,Day,0.08059895833333333,100.0,4.0,22.921404000044276,auto
1767943641634,Sunny,Day,0.08090277777777778,100.0,4.0,18.66111399976944,auto
1767943641666,Sunny,Day,0.07994791666666666,100.0,4.0,23.654261000046972,auto
1767943641698,Sunny,Day,0.08016493055555556,100.0,5.0,23.18095999999059,auto
1767943641729,Sunny,Day,0.08033854166666667,100.0,5.0,20.084605000192823,auto
1767943641762,Sunny,Day,0.0798611111111111,100.0,5.0,24.20835700013413,auto
1767943641791,Sunny,Day,0.07999131944444444,100.0,4.0,19.338155000241386,auto
1767943641823,Sunny,Day,0.07990451388888889,100.0,4.0,22.979033999945386,auto
1767943641858,Sunny,Day,0.07977430555555555,100.0,4.0,25.66455299984227,auto
1767943641885,Sunny,Day,0.07938368055555556,100.0,3.0,16.362042000309884,auto
1767943641917,Sunny,Day,0.07925347222222222,100.0,3.0,23.448054999789747,auto
1767943641951,Sunny,Day,0.07938368055555556,100.0,3.0,25.632071000018186,auto
1767943641981,Sunny,Day,0.07960069444444444,100.0,2.0,21.148297999843635,auto
1767943642011,Sunny,Day,0.08025173611111111,100.0,2.0,21.22491000000082,auto
1767943642043,Sunny,Day,0.08003472222222222,100.0,3.0,21.633949999795732,auto
1767943642075,Sunny,Day,0.08025173611111111,100.0,3.0,20.224755000072037,auto
1767943642109,Sunny,Day,0.08129340277777777,100.0,4.0,25.302199000179826,auto
1767943642137,Sunny,Day,0.08138020833333333,100.0,4.0,15.386406000288844,auto
1767943642169,Sunny,Day,0.08081597222222223,100.0,5.0,23.38348099965515,auto
1767943642199,Sunny,Day,0.08146701388888888,100.0,5.0,20.420368000031885,auto
1767943642230,Sunny,Day,0.0822482638888889,100.0,5.0,25.30869900010657,auto
1767943642265,Sunny,Day,0.0818142361111111,100.0,5.0,25.320569000086834,auto
1767943642294,Sunny,Day,0.08216145833333334,100.0,4.0,15.313033999973413,auto
1767943642326,Sunny,Day,0.08411458333333334,100.0,4.0,23.26899899981072,auto
1767943642358,Sunny,Day,0.08446180555555556,100.0,4.0,10.811743999965984,auto
1767943642390,Sunny,Day,0.08602430555555556,100.0,4.0,22.715587000220694,auto
1767943642420,Sunny,Day,0.08446180555555556,100.0,4.0,13.777968999875156,auto
1767943642450,Sunny,Day,0.08802083333333334,100.0,4.0,22.25476900002832,auto
1767943642481,Sunny,Day,0.08828125,100.0,3.0,21.72026599964738,auto
1767943642513,Sunny,Day,0.08893229166666666,100.0,3.0,22.56847500029835,auto
1767943642545,Sunny,Day,0.09058159722222223,100.0,2.0,24.036004000208777,auto
1767943642577,Sunny,Day,0.09175347222222222,100.0,2.0,23.52318600014769,auto
1767943642608,Sunny,Day,0.09127604166666667,100.0,1.0,21.82202599988159,auto
1767943642644,Sunny,Day,0.09266493055555555,100.0,1.0,27.6918630002001,auto
1767943642673,Sunny,Day,0.09253472222222223,100.0,1.0,20.357773999876372,auto
1767943642702,Sunny,Day,0.09388020833333334,100.0,0.0,20.363941000141494,auto
1767943642737,Sunny,Day,0.09322916666666667,100.0,0.0,27.48513999995339,auto
1767943642765,Sunny,Day,0.09340277777777778,100.0,0.0,19.132172999889008,auto
1767943642798,Sunny,Day,0.092578125,100.0,0.0,18.8300969998636,auto
1767943642833,Sunny,Day,0.09184027777777778,100.0,0.0,24.759824000284425,auto
1767943642858,Sunny,Day,0.09344618055555555,100.0,-1.0,14.392843000223365,auto
1767943642890,Sunny,Day,0.09144965277777778,100.0,-1.0,22.95858900015446,auto
1767943642923,Sunny,Day,0.09348958333333333,100.0,-2.0,24.120486999891,auto
1767943642953,Sunny,Day,0.090234375,100.0,-2.0,21.189706999848568,auto
1767943642986,Sunny,Day,0.09036458333333333,100.0,-2.0,24.987881000015477,auto
1767943643015,Sunny,Day,0.09296875,100.0,-3.0,18.55776100001094,auto
1767943643049,Sunny,Day,0.09296875,100.0,-4.0,25.704997000048024,auto
1767943643078,Sunny,Day,0.09270833333333334,100.0,-4.0,18.396537999706197,auto
1767943643109,Sunny,Day,0.09184027777777778,100.0,-5.0,23.10042399994927,auto
1767943643141,Sunny,Day,0.091015625,100.0,-6.0,23.246573000051285,auto
1767943643173,Sunny,Day,0.08953993055555555,100.0,-6.0,24.48084099978587,auto
1767943643208,Sunny,Day,0.09027777777777778,100.0,-7.0,24.363357999845903,auto
1767943643236,Sunny,Day,0.08949652777777778,100.0,-7.0,19.651417000204674,auto
1767943643268,Sunny,Day,0.090234375,100.0,-8.0,22.232472999803576,auto
1767943643296,Sunny,Day,0.08980034722222222,100.0,-8.0,19.719120999980078,auto
1767943643328,Sunny,Day,0.08936631944444444,100.0,-8.0,24.438080999971135,auto
1767943643360,Sunny,Day,0.09014756944444445,100.0,-7.0,25.62647900003867,auto
1767943643390,Sunny,Day,0.090234375,100.0,-7.0,23.422093000135646,auto
1767943643424,Sunny,Day,0.08927951388888888,100.0,-7.0,27.21295299988924,auto
1767943643453,Sunny,Day,0.08971354166666666,100.0,-7.0,21.17929899986848,auto
1767943643486,Sunny,Day,0.08888888888888889,100.0,-7.0,26.159389999975247,auto
1767943643516,Sunny,Day,0.09014756944444445,100.0,-7.0,22.88879200023075,auto
1767943643549,Sunny,Day,0.08975694444444444,100.0,-7.0,26.56568900010825,auto
1767943643579,Sunny,Day,0.09019097222222222,100.0,-7.0,21.486577999894507,auto
1767943643610,Sunny,Day,0.08971354166666666,100.0,-7.0,25.20142000003034,auto
1767943643641,Sunny,Day,0.08862847222222223,100.0,-7.0,24.1246539999338,auto
1767943643674,Sunny,Day,0.08897569444444445,100.0,-7.0,25.24858700007826,auto
1767943643706,Sunny,Day,0.08880208333333334,100.0,-8.0,25.534551999953692,auto
1767943643736,Sunny,Day,0.08875868055555555,100.0,-8.0,21.874712000226282,auto
1767943643771,Sunny,Day,0.088671875,100.0,-8.0,28.451332000258844,auto
1767943643799,Sunny,Day,0.08932291666666667,100.0,-9.0,18.126906999896164,auto
1767943643834,Sunny,Day,0.09040798611111112,100.0,-9.0,26.508262999868748,auto
1767943643861,Sunny,Day,0.09001736111111111,100.0,-10.0,19.73260399972787,auto
1767943643893,Sunny,Day,0.09019097222222222,100.0,-10.0,25.00488099985887,auto
1767943643926,Sunny,Day,0.09110243055555556,100.0,-11.0,25.853351000023395,auto
1767943643957,Sunny,Day,0.09088541666666666,100.0,-11.0,22.196325000095385,auto
1767943643987,Sunny,Day,0.09114583333333333,100.0,-11.0,18.549280000115687,auto
1767943644018,Sunny,Day,0.09231770833333333,100.0,-11.0,22.91445900027611,auto
1767943644051,Sunny,Day,0.092578125,100.0,-12.0,25.754646000223147,auto
1767943644081,Sunny,Day,0.0915798611111111,100.0,-14.0,15.152959999795712,auto
1767943644113,Sunny,Day,0.09032118055555556,100.0,-14.0,25.262439000016457,auto
1767943644144,Sunny,Day,0.08763020833333333,100.0,-16.0,23.72233599999163,auto
1767943644175,Sunny,Day,0.08559027777777778,100.0,-18.0,24.5818970001892,auto
1767943644208,Sunny,Day,0.08346354166666667,100.0,-20.0,25.337883999782207,auto
1767943644238,Sunny,Day,0.0779079861111111,100.0,-23.0,22.394196999812266,auto
1767943644269,Sunny,Day,0.07621527777777778,100.0,-22.0,24.4231189999482,auto
1767943644301,Sunny,Day,0.07599826388888889,100.0,-21.0,24.133116000029986,auto
1767943644338,Sunny,Day,0.075390625,100.0,-20.0,29.575044000011985,auto
1767943644364,Sunny,Day,0.075,100.0,-19.0,16.777248999915173,auto
1767943644396,Sunny,Day,0.07478298611111112,100.0,-18.0,25.573756000085268,auto
1767943644426,Sunny,Day,0.075,100.0,-16.0,23.853983999742923,auto
1767943644458,Sunny,Day,0.07456597222222222,100.0,-16.0,24.392376999912813,auto
1767943644492,Sunny,Day,0.07482638888888889,100.0,-14.0,26.83657999978095,auto
1767943644521,Sunny,Day,0.07486979166666667,100.0,-13.0,20.739907000006497,auto
1767943644552,Sunny,Day,0.07447916666666667,100.0,-12.0,24.440747999960877,auto
1767943644584,Sunny,Day,0.07565104166666667,100.0,-11.0,22.74497700000211,auto
1767943644617,Sunny,Day,0.07534722222222222,100.0,-10.0,27.0269519996873,auto
1767943644646,Sunny,Day,0.07556423611111111,100.0,-9.0,20.024976000058814,auto
1767943644681,Sunny,Day,0.07365451388888888,100.0,-8.0,27.960773999893718,auto
1767943644709,Sunny,Day,0.075390625,100.0,-8.0,20.54568299990933,auto
1767943644740,Sunny,Day,0.07643229166666667,100.0,-7.0,24.470100000144157,auto
1767943644774,Sunny,Day,0.0759548611111111,100.0,-7.0,26.975506999860954,auto
1767943644803,Sunny,Day,0.07651909722222222,100.0,-7.0,21.333374999812804,auto
1767943644835,Sunny,Day,0.07526041666666666,100.0,-8.0,24.636231000386033,auto
1767943644868,Sunny,Day,0.07552083333333333,100.0,-8.0,26.24339099975259,auto
1767943644898,Sunny,Day,0.07569444444444444,100.0,-9.0,13.229854000201158,auto
1767943644931,Sunny,Day,0.07573784722222222,100.0,-9.0,25.705813000058697,auto
1767943644960,Sunny,Day,0.07543402777777777,100.0,-10.0,20.77898199968331,auto
1767943644993,Sunny,Day,0.07578125,100.0,-10.0,25.812257999859867,auto
1767943645026,Sunny,Day,0.07612847222222222,100.0,-10.0,26.3002060000872,auto
1767943645054,Sunny,Day,0.07625868055555556,100.0,-11.0,21.183799000027648,auto
1767943645088,Sunny,Day,0.076171875,100.0,-11.0,25.760775999970065,auto
1767943645117,Sunny,Day,0.07547743055555556,100.0,-10.0,20.254828999895835,auto
1767943645149,Sunny,Day,0.07699652777777778,100.0,-10.0,23.47344500003601,auto
1767943645180,Sunny,Day,0.07630208333333334,100.0,-10.0,24.20287599989024,auto
1767943645211,Sunny,Day,0.07686631944444444,100.0,-9.0,24.80658400008906,auto
1767943645243,Sunny,Day,0.07690972222222223,100.0,-9.0,23.78057699979763,auto
1767943645274,Sunny,Day,0.07690972222222223,100.0,-9.0,24.528675000055955,auto
1767943645306,Sunny,Day,0.07747395833333333,100.0,-9.0,24.77026999986265,auto
1767943645337,Sunny,Day,0.077734375,100.0,-9.0,23.9582449999034,auto
1767943645370,Sunny,Day,0.07725694444444445,100.0,-9.0,23.70355799985191,auto
1767943645401,Sunny,Day,0.077734375,100.0,-9.0,23.24773999998797,auto
1767943645431,Sunny,Day,0.07799479166666666,100.0,-9.0,22.687699000016437,auto
1767943645463,Sunny,Day,0.07769097222222222,100.0,-9.0,25.058807999812416,auto
1767943645498,Sunny,Day,0.07730034722222222,100.0,-8.0,28.044607000083488,auto
1767943645525,Sunny,Day,0.07734375,100.0,-8.0,20.496405999892886,auto
1767943645557,Sunny,Day,0.0779079861111111,100.0,-8.0,25.341272999867215,auto
1767943645588,Sunny,Day,0.07743055555555556,100.0,-8.0,24.14859800001068,auto
1767943645620,Sunny,Day,0.07673611111111112,100.0,-8.0,24.130023999987316,auto
1767943645651,Sunny,Day,0.07478298611111112,100.0,-8.0,24.57750900020983,auto
1767943645682,Sunny,Day,0.07556423611111111,100.0,-8.0,24.328932999651443,auto
1767943645715,Sunny,Day,0.07534722222222222,100.0,-8.0,25.439848999667447,auto
1767943645745,Sunny,Day,0.07517361111111111,100.0,-8.0,24.176264999823616,auto
1767943645777,Sunny,Day,0.07413194444444444,100.0,-8.0,25.04606699994838,auto
1767943645809,Sunny,Day,0.07408854166666666,100.0,-8.0,25.3356809998877,auto
1767943645842,Sunny,Day,0.07478298611111112,100.0,-7.0,22.2943439998744,auto
1767943645872,Sunny,Day,0.07465277777777778,100.0,-7.0,23.529778000010992,auto
1767943645902,Sunny,Day,0.07447916666666667,100.0,-7.0,19.79286300002059,auto
1767943645934,Sunny,Day,0.07426215277777778,100.0,-6.0,25.48027499960881,auto
1767943645965,Sunny,Day,0.07478298611111112,100.0,-7.0,17.2849559999122,auto
1767943645996,Sunny,Day,0.07517361111111111,100.0,-6.0,24.613898000097834,auto
1767943646028,Sunny,Day,0.07426215277777778,100.0,-6.0,24.43767399972785,auto
1767943646059,Sunny,Day,0.07291666666666667,100.0,-6.0,23.563353000099596,auto
1767943646091,Sunny,Day,0.074609375,100.0,-6.0,24.560341999858792,auto
1767943646124,Sunny,Day,0.07439236111111111,100.0,-6.0,25.613256999804435,auto
1767943646154,Sunny,Day,0.07426215277777778,100.0,-6.0,22.8428300001724,auto
1767943646185,Sunny,Day,0.07486979166666667,100.0,-7.0,24.7997330002363,auto
1767943646218,Sunny,Day,0.0744357638888889,100.0,-7.0,25.754423999842402,auto
1767943646252,Sunny,Day,0.07552083333333333,100.0,-7.0,27.711532000012085,auto
1767943646279,Sunny,Day,0.07521701388888889,100.0,-7.0,19.492139000249153,auto
1767943646311,Sunny,Day,0.07469618055555556,100.0,-7.0,24.58497099996748,auto
1767943646343,Sunny,Day,0.07560763888888888,100.0,-7.0,25.90224000005037,auto
1767943646373,Sunny,Day,0.07625868055555556,100.0,-7.0,17.103380999742512,auto
1767943646405,Sunny,Day,0.07552083333333333,100.0,-7.0,24.832639999658568,auto
1767943646437,Sunny,Day,0.07530381944444445,100.0,-7.0,18.173387999922852,auto
1767943646468,Sunny,Day,0.075390625,100.0,-6.0,23.58148399980564,auto
1767943646500,Sunny,Day,0.07634548611111111,100.0,-6.0,25.6675170003291,auto
1767943646530,Sunny,Day,0.07669270833333333,100.0,-6.0,18.1701480000811,auto
1767943646564,Sunny,Day,0.07643229166666667,100.0,-6.0,26.833932000045024,auto
1767943646593,Sunny,Day,0.07682291666666667,100.0,-6.0,21.666098999958194,auto
1767943646624,Sunny,Day,0.076171875,100.0,-6.0,23.640853999950195,auto
1767943646656,Sunny,Day,0.07647569444444445,100.0,-6.0,24.69369500022367,auto
1767943646687,Sunny,Day,0.07634548611111111,100.0,-6.0,24.690453999937745,auto
1767943646719,Sunny,Day,0.07673611111111112,100.0,-6.0,16.554209999867453,auto
1767943646754,Sunny,Day,0.07621527777777778,100.0,-6.0,27.965922000021237,auto
1767943646782,Sunny,Day,0.07734375,100.0,-6.0,18.698465999932523,auto
1767943646813,Sunny,Day,0.07747395833333333,100.0,-6.0,21.47196799978701,auto
1767943646844,Sunny,Day,0.07673611111111112,100.0,-6.0,24.083617000087543,auto
1767943646878,Sunny,Day,0.07738715277777777,100.0,-6.0,26.628189999883034,auto
1767943646907,Sunny,Day,0.07608506944444444,100.0,-6.0,22.298696000234486,auto
1767943646941,Sunny,Day,0.07634548611111111,100.0,-5.0,27.02650800029005,auto
1767943646970,Sunny,Day,0.07686631944444444,100.0,-6.0,21.779618999971717,auto
1767943647001,Sunny,Day,0.07751736111111111,100.0,-5.0,24.992269999984273,auto
1767943647033,Sunny,Day,0.07782118055555555,100.0,-6.0,25.535683000271092,auto
1767943647066,Sunny,Day,0.07747395833333333,100.0,-6.0,25.820240000030026,auto
1767943647096,Sunny,Day,0.07760416666666667,100.0,-6.0,21.526265000375133,auto
1767943647127,Sunny,Day,0.07743055555555556,100.0,-6.0,24.465173999942635,auto
1767943647158,Sunny,Day,0.07777777777777778,100.0,-6.0,14.409622000130184,auto
1767943647191,Sunny,Day,0.07764756944444444,100.0,-6.0,25.715406000017538,auto
1767943647221,Sunny,Day,0.07777777777777778,100.0,-7.0,24.118098000144528,auto
1767943647252,Sunny,Day,0.07756076388888888,100.0,-6.0,24.56984199989165,auto
1767943647285,Sunny,Day,0.07799479166666666,100.0,-7.0,25.582719999874826,auto
1767943647315,Sunny,Day,0.07860243055555556,100.0,-6.0,23.85528200011322,auto
1767943647349,Sunny,Day,0.07934027777777777,100.0,-7.0,26.66455999997197,auto
1767943647378,Sunny,Day,0.07894965277777778,100.0,-6.0,19.617472999925667,auto
1767943647412,Sunny,Day,0.07899305555555555,100.0,-6.0,26.886822000051325,auto
1767943647441,Sunny,Day,0.07912326388888889,100.0,-6.0,18.333445999815012,auto
1767943647474,Sunny,Day,0.07942708333333333,100.0,-6.0,26.304705999791622,auto
1767943647504,Sunny,Day,0.07999131944444444,100.0,-6.0,21.956731000045693,auto
1767943647537,Sunny,Day,0.07916666666666666,100.0,-6.0,26.5305409998291,auto
1767943647566,Sunny,Day,0.07960069444444444,100.0,-6.0,22.270362000199384,auto
1767943647599,Sunny,Day,0.07990451388888889,100.0,-6.0,25.184623999848554,auto
1767943647629,Sunny,Day,0.07990451388888889,100.0,-6.0,22.22540000002482,auto
1767943647661,Sunny,Day,0.07973090277777778,100.0,-6.0,24.547027999687998,auto
1767943647693,Sunny,Day,0.07934027777777777,100.0,-7.0,25.53121899973121,auto
1767943647724,Sunny,Day,0.07981770833333333,100.0,-7.0,20.53299799990782,auto
1767943647755,Sunny,Day,0.07947048611111111,100.0,-7.0,23.377074000109133,auto
1767943647788,Sunny,Day,0.07947048611111111,100.0,-7.0,25.94766599986542,auto
1767943647818,Sunny,Day,0.07912326388888889,100.0,-7.0,19.252156000220566,auto
1767943647849,Sunny,Day,0.07938368055555556,100.0,-7.0,23.853799999869807,auto
1767943647882,Sunny,Day,0.07877604166666667,100.0,-7.0,26.474077999864676,auto
1767943647912,Sunny,Day,0.078125,100.0,-8.0,18.996043000242935,auto
1767943647943,Sunny,Day,0.07730034722222222,100.0,-8.0,24.443879000045854,auto
1767943647977,Sunny,Day,0.07643229166666667,100.0,-8.0,26.75817299996197,auto
1767943648006,Sunny,Day,0.07565104166666667,100.0,-8.0,22.109306000402285,auto
1767943648039,Sunny,Day,0.07521701388888889,100.0,-9.0,25.833981000232598,auto
1767943648069,Sunny,Day,0.07387152777777778,100.0,-9.0,19.812270999864268,auto
1767943648101,Sunny,Day,0.07417534722222222,100.0,-9.0,24.190488000385812,auto
1767943648132,Sunny,Day,0.07426215277777778,100.0,-9.0,22.820273999968776,auto
1767943648163,Sunny,Day,0.07395833333333333,100.0,-8.0,24.84388199991372,auto
1767943648198,Sunny,Day,0.07391493055555555,100.0,-8.0,27.383306000047014,auto
1767943648226,Sunny,Day,0.07421875,100.0,-7.0,21.13639199978934,auto
1767943648257,Sunny,Day,0.07313368055555555,100.0,-7.0,24.66382499960673,auto
1767943648293,Sunny,Day,0.07309027777777778,100.0,-7.0,28.633445000195934,auto
1767943648323,Sunny,Day,0.07296006944444444,100.0,-7.0,19.225896000079956,auto
1767943648355,Sunny,Day,0.07291666666666667,100.0,-7.0,22.627550999914092,auto
1767943648385,Sunny,Day,0.07317708333333334,100.0,-7.0,20.41029400015759,auto
1767943648419,Sunny,Day,0.07339409722222222,100.0,-6.0,24.24695099989549,auto
1767943648448,Sunny,Day,0.07313368055555555,100.0,-7.0,20.007421000173053,auto
1767943648480,Sunny,Day,0.07330729166666666,100.0,-7.0,23.368148999907135,auto
1767943648511,Sunny,Day,0.07352430555555556,100.0,-7.0,22.445216000051005,auto
1767943648542,Sunny,Day,0.0734375,100.0,-7.0,22.53792000010435,auto
1767943648575,Sunny,Day,0.07287326388888889,100.0,-7.0,24.248173000160023,auto
1767943648607,Sunny,Day,0.07335069444444445,100.0,-7.0,23.133776000122452,auto
1767943648638,Sunny,Day,0.07356770833333333,100.0,-7.0,21.413912999832974,auto
1767943648669,Sunny,Day,0.07317708333333334,100.0,-7.0,18.771208000089246,auto
1767943648699,Sunny,Day,0.07378472222222222,100.0,-7.0,17.68890499988629,auto
1767943648731,Sunny,Day,0.073828125,100.0,-7.0,23.89074500024435,auto
1767943648762,Sunny,Day,0.07378472222222222,100.0,-7.0,23.428538000189292,auto
1767943648794,Sunny,Day,0.07395833333333333,100.0,-7.0,21.693080999739323,auto
1767943648825,Sunny,Day,0.07430555555555556,100.0,-7.0,22.60847699972146,auto
1767943648858,Sunny,Day,0.07426215277777778,100.0,-6.0,24.796788999992714,auto
1767943648888,Sunny,Day,0.07434895833333334,100.0,-6.0,16.10622600037459,auto
1767943648920,Sunny,Day,0.07478298611111112,100.0,-6.0,23.330556000018987,auto
1767943648951,Sunny,Day,0.07426215277777778,100.0,-6.0,20.79953700012993,auto
1767943648982,Sunny,Day,0.074609375,100.0,-6.0,22.812570000041887,auto
1767943649016,Sunny,Day,0.07486979166666667,100.0,-6.0,25.26269999998476,auto
1767943649045,Sunny,Day,0.07508680555555555,100.0,-6.0,19.948365000345802,auto
1767943649076,Sunny,Day,0.07530381944444445,100.0,-6.0,23.379129999739234,auto
1767943649108,Sunny,Day,0.07508680555555555,100.0,-6.0,23.76104099994336,auto
1767943649140,Sunny,Day,0.075390625,100.0,-6.0,17.016194999996515,auto
1767943649173,Sunny,Day,0.07504340277777778,100.0,-6.0,22.849274999771296,auto
1767943649203,Sunny,Day,0.07465277777777778,100.0,-6.0,20.87065000023358,auto
1767943649234,Sunny,Day,0.07543402777777777,100.0,-7.0,18.55707800041273,auto
1767943649266,Sunny,Day,0.07582465277777778,100.0,-7.0,23.39755699995294,auto
1767943649296,Sunny,Day,0.07569444444444444,100.0,-6.0,12.992185999792127,auto
1767943649327,Sunny,Day,0.07565104166666667,100.0,-6.0,22.53227200026231,auto
1767943649358,Sunny,Day,0.07569444444444444,100.0,-6.0,22.60280900009093,auto
1767943649391,Sunny,Day,0.07578125,100.0,-6.0,23.89705999985381,auto
1767943649422,Sunny,Day,0.07534722222222222,100.0,-6.0,20.784499999990658,auto
1767943649455,Sunny,Day,0.07552083333333333,100.0,-6.0,15.300128000035329,auto
1767943649484,Sunny,Day,0.07591145833333333,100.0,27.0,20.386461000271083,auto
1767943649515,Sunny,Day,0.07582465277777778,100.0,-6.0,23.40979700011303,auto
1767943649549,Sunny,Day,0.07556423611111111,100.0,27.0,23.51333499973407,auto
1767943649580,Sunny,Day,0.0763888888888889,100.0,25.0,23.5515569997915,auto
1767943649614,Sunny,Day,0.07894965277777778,100.0,23.0,20.104532999994262,auto
1767943649641,Sunny,Day,0.08307291666666666,100.0,19.0,17.892090999794164,auto
1767943649675,Sunny,Day,0.0842013888888889,100.0,15.0,24.463526999625174,auto
1767943649704,Sunny,Day,0.08454861111111112,100.0,10.0,19.32524999983798,auto
1767943649737,Sunny,Day,0.08463541666666667,100.0,7.0,24.92514100003973,auto
1767943649769,Sunny,Day,0.08485243055555555,100.0,4.0,22.618162000071607,auto
1767943649801,Sunny,Day,0.08741319444444444,100.0,1.0,23.976393999873835,auto
1767943649831,Sunny,Day,0.08637152777777778,100.0,-1.0,21.108132999870577,auto
1767943649861,Sunny,Day,0.08723958333333333,100.0,-3.0,20.755038000061177,auto
1767943649894,Sunny,Day,0.08671875,100.0,-4.0,24.094784000226355,auto
1767943649924,Sunny,Day,0.08732638888888888,100.0,-5.0,19.549714000277163,auto
1767943649956,Sunny,Day,0.0881076388888889,100.0,-6.0,21.901063999848702,auto
1767943649987,Sunny,Day,0.0881076388888889,100.0,-7.0,23.078016999988904,auto
1767943650018,Sunny,Day,0.08914930555555556,100.0,-7.0,22.553088000222488,auto
1767943650050,Sunny,Day,0.0896267361111111,100.0,-8.0,23.39883500008,auto
1767943650082,Sunny,Day,0.08932291666666667,100.0,-8.0,22.98335000023144,auto
1767943650113,Sunny,Day,0.08949652777777778,100.0,-7.0,21.483376000105636,auto
1767943650145,Sunny,Day,0.09032118055555556,100.0,-7.0,23.563520000152494,auto
1767943650176,Sunny,Day,0.09014756944444445,100.0,-7.0,21.170466000057786,auto
1767943650206,Sunny,Day,0.08984375,100.0,-7.0,21.708359000058408,auto
1767943650239,Sunny,Day,0.0900607638888889,100.0,-7.0,24.18654399980369,auto
1767943650269,Sunny,Day,0.09066840277777778,100.0,-7.0,21.66754400013815,auto
1767943650300,Sunny,Day,0.09118923611111111,100.0,-7.0,22.413252999740507,auto
1767943650332,Sunny,Day,0.09131944444444444,100.0,-7.0,24.48537899999792,auto
1767943650363,Sunny,Day,0.09288194444444445,100.0,-7.0,22.443604999807576,auto
1767943650395,Sunny,Day,0.09197048611111111,100.0,-7.0,23.519835000115563,auto
1767943650426,Sunny,Day,0.09123263888888888,100.0,-7.0,22.377790000064124,auto
1767943650457,Sunny,Day,0.09175347222222222,100.0,-7.0,22.385863999716094,auto
1767943650490,Sunny,Day,0.09210069444444445,100.0,-7.0,23.95187500042084,auto
1767943650520,Sunny,Day,0.09188368055555556,100.0,-6.0,20.612352000171086,auto
1767943650555,Sunny,Day,0.09192708333333334,100.0,-6.0,23.463649999939662,auto
1767943650583,Sunny,Day,0.09149305555555555,100.0,-6.0,16.26280099981159,auto
1767943650615,Sunny,Day,0.09210069444444445,100.0,-6.0,23.23275900016597,auto
1767943650646,Sunny,Day,0.09184027777777778,100.0,-6.0,15.168608000294626,auto
1767943650677,Sunny,Day,0.092578125,100.0,-6.0,22.568290999970486,auto
1767943650709,Sunny,Day,0.09314236111111111,100.0,-6.0,23.06340600034673,auto
1767943650740,Sunny,Day,0.09331597222222222,100.0,-6.0,22.892403999776434,auto
1767943650772,Sunny,Day,0.09348958333333333,100.0,-6.0,23.909688999992795,auto
1767943650803,Sunny,Day,0.09379340277777778,100.0,-5.0,22.794866999902297,auto
1767943650835,Sunny,Day,0.09418402777777778,100.0,-5.0,22.990368999671773,auto
1767943650866,Sunny,Day,0.09409722222222222,100.0,-5.0,22.08084299991242,auto
1767943650897,Sunny,Day,0.09409722222222222,100.0,-5.0,22.18323299985059,auto
1767943650928,Sunny,Day,0.09552951388888889,100.0,-5.0,23.16442500023186,auto
1767943650960,Sunny,Day,0.0939670138888889,100.0,-4.0,23.2716860000437,auto
1767943650995,Sunny,Day,0.09457465277777778,100.0,-4.0,26.350948000072094,auto
1767943651025,Sunny,Day,0.09513888888888888,100.0,-5.0,20.516813999620354,auto
1767943651056,Sunny,Day,0.09574652777777778,100.0,-4.0,21.65228500007288,auto
1767943651085,Sunny,Day,0.09622395833333333,100.0,-5.0,18.01968500012663,auto
1767943651117,Sunny,Day,0.09696180555555556,100.0,-5.0,23.455039000054967,auto
1767943651150,Sunny,Day,0.09657118055555555,100.0,-5.0,24.808325999856606,auto
1767943651183,Sunny,Day,0.09796006944444445,100.0,-5.0,24.02494999978444,auto
1767943651211,Sunny,Day,0.09796006944444445,100.0,-5.0,19.173230999967927,auto
1767943651243,Sunny,Day,0.09830729166666667,100.0,-4.0,22.818478999852232,auto
1767943651275,Sunny,Day,0.09904513888888888,100.0,-5.0,22.703273999923113,auto
1767943651305,Sunny,Day,0.10065104166666666,100.0,-4.0,22.132992000024387,auto
1767943651337,Sunny,Day,0.10164930555555556,100.0,-4.0,22.82899699957852,auto
1767943651369,Sunny,Day,0.10321180555555555,100.0,-4.0,23.675578000165842,auto
1767943651400,Sunny,Day,0.10368923611111111,100.0,-4.0,21.87924899999416,auto
1767943651431,Sunny,Day,0.10512152777777778,100.0,-4.0,22.151806999772816,auto
1767943651463,Sunny,Day,0.10551215277777778,100.0,-4.0,17.835628000284487,auto
1767943651495,Sunny,Day,0.10729166666666666,100.0,-5.0,19.97312499997861,auto
1767943651526,Sunny,Day,0.10850694444444445,100.0,-4.0,21.3568569997733,auto
1767943651559,Sunny,Day,0.11124131944444444,100.0,-4.0,23.02748000010979,auto
1767943651589,Sunny,Day,0.1134982638888889,100.0,-4.0,20.644388999699004,auto
1767943651621,Sunny,Day,0.11497395833333333,100.0,-4.0,23.008943000149884,auto
1767943651651,Sunny,Day,0.11610243055555555,100.0,-4.0,18.697615999826667,auto
1767943651684,Sunny,Day,0.11840277777777777,100.0,-4.0,23.685243999807426,auto
1767943651714,Sunny,Day,0.11922743055555556,100.0,-4.0,18.66196699984357,auto
1767943651747,Sunny,Day,0.11944444444444445,100.0,-4.0,22.697828999753256,auto
1767943651777,Sunny,Day,0.1213107638888889,100.0,-4.0,20.85598299981939,auto
1767943651807,Sunny,Day,0.12204861111111111,100.0,-4.0,20.995113000026322,auto
1767943651839,Sunny,Day,0.12313368055555556,100.0,-4.0,23.16868500020064,auto
1767943651870,Sunny,Day,0.12287326388888889,100.0,-4.0,23.87309699997786,auto
1767943651901,Sunny,Day,0.12426215277777777,100.0,-3.0,23.000572999990254,auto
1767943651934,Sunny,Day,0.12387152777777778,100.0,-3.0,23.632187999737653,auto
1767943651964,Sunny,Day,0.12434895833333333,100.0,-3.0,21.912971999881847,auto
1767943651997,Sunny,Day,0.12582465277777777,100.0,-3.0,24.461008999878686,auto
1767943652027,Sunny,Day,0.12361111111111112,100.0,-3.0,21.94917599990731,auto
1767943652059,Sunny,Day,0.12239583333333333,100.0,-3.0,22.379215999990265,auto
1767943652091,Sunny,Day,0.12261284722222222,100.0,-3.0,24.37587899976279,auto
1767943652122,Sunny,Day,0.12204861111111111,100.0,4.0,21.86606400027813,auto
1767943652153,Sunny,Day,0.12356770833333333,100.0,5.0,20.63937100001567,auto
1767943652186,Sunny,Day,0.12395833333333334,100.0,5.0,24.667583999871567,auto
1767943652216,Sunny,Day,0.1256076388888889,100.0,4.0,20.494016999691667,auto
1767943652248,Sunny,Day,0.1271267361111111,100.0,3.0,23.642373999791744,auto
1767943652280,Sunny,Day,0.13016493055555556,100.0,3.0,22.741719000350713,auto
1767943652310,Sunny,Day,0.1306423611111111,100.0,2.0,21.225227000286395,auto
1767943652342,Sunny,Day,0.1312934027777778,100.0,0.0,23.258574999999837,auto
1767943652374,Sunny,Day,0.13081597222222222,100.0,-1.0,23.378149999643938,auto
1767943652404,Sunny,Day,0.13255208333333332,100.0,-2.0,21.81689799999731,auto
1767943652437,Sunny,Day,0.13337673611111112,100.0,-3.0,21.030132000305457,auto
1767943652467,Sunny,Day,0.13402777777777777,100.0,-3.0,17.19184600005974,auto
1767943652499,Sunny,Day,0.13420138888888888,100.0,-4.0,23.21905600001628,auto
1767943652531,Sunny,Day,0.134375,100.0,-4.0,22.42993900017609,auto
1767943652562,Sunny,Day,0.13420138888888888,100.0,-4.0,20.338182999694254,auto
1767943652597,Sunny,Day,0.13407118055555556,100.0,-5.0,26.625469000009616,auto
1767943652626,Sunny,Day,0.1334201388888889,100.0,-4.0,19.525102999978117,auto
1767943652657,Sunny,Day,0.1310763888888889,100.0,-7.0,22.24427100009052,auto
1767943652689,Sunny,Day,0.1312934027777778,100.0,-7.0,23.298351999983424,auto
1767943652719,Sunny,Day,0.13051215277777778,100.0,-7.0,20.875909000096726,auto
1767943652751,Sunny,Day,0.13216145833333334,100.0,-6.0,22.841331000108767,auto
1767943652783,Sunny,Day,0.12877604166666667,100.0,-6.0,21.10328099979597,auto
1767943652812,Sunny,Day,0.12903645833333333,100.0,-5.0,22.842607999791653,auto
1767943652845,Sunny,Day,0.13029513888888888,100.0,-5.0,25.518293999994057,auto
1767943652875,Sunny,Day,0.1291232638888889,100.0,-4.0,21.745897000073455,auto
1767943652908,Sunny,Day,0.13081597222222222,100.0,-4.0,25.47058999971341,auto
1767943652939,Sunny,Day,0.12925347222222222,100.0,-4.0,20.878722999896127,auto
1767943652970,Sunny,Day,0.13051215277777778,100.0,-4.0,22.406031000173243,auto
1767943653002,Sunny,Day,0.13055555555555556,100.0,-4.0,22.813441999915085,auto
1767943653033,Sunny,Day,0.12964409722222223,100.0,-4.0,21.502616999896418,auto
1767943653064,Sunny,Day,0.12760416666666666,100.0,-4.0,22.572606999801792,auto
1767943653096,Sunny,Day,0.12834201388888888,100.0,-4.0,23.08477699989453,auto
1767943653128,Sunny,Day,0.12799479166666666,100.0,-4.0,23.18696300017109,auto
1767943653158,Sunny,Day,0.12204861111111111,100.0,-4.0,21.735803999945347,auto
1767943653191,Sunny,Day,0.11610243055555555,100.0,-4.0,23.386686999856465,auto
1767943653221,Sunny,Day,0.11245659722222222,100.0,0.0,20.096774000194273,auto
1767943653253,Sunny,Day,0.1111111111111111,100.0,-4.0,22.89614600022105,auto
1767943653284,Sunny,Day,0.11176215277777778,100.0,0.0,20.928650999849197,auto
1767943653316,Sunny,Day,0.10941840277777778,100.0,0.0,22.745107999980974,auto
1767943653346,Sunny,Day,0.10598958333333333,100.0,0.0,20.567480999943655,auto
1767943653380,Sunny,Day,0.10412326388888889,100.0,0.0,14.141880000352103,auto
1767943653414,Sunny,Day,0.10125868055555555,100.0,1.0,25.464424000347208,auto
1767943653440,Sunny,Day,0.10013020833333333,100.0,1.0,17.277900999943085,auto
1767943653471,Sunny,Day,0.09908854166666667,100.0,2.0,23.382611999750225,auto
1767943653504,Sunny,Day,0.09696180555555556,100.0,2.0,24.867585999800212,auto
1767943653535,Sunny,Day,0.095703125,100.0,4.0,21.359616000154347,auto
1767943653567,Sunny,Day,0.09383680555555556,100.0,4.0,22.68449699977282,auto
1767943653599,Sunny,Day,0.09114583333333333,100.0,6.0,20.136775000082707,auto
1767943653630,Sunny,Day,0.09049479166666667,100.0,6.0,22.415993999857164,auto
1767943653663,Sunny,Day,0.08923611111111111,100.0,6.0,24.01824700018551,auto
1767943653692,Sunny,Day,0.08828125,100.0,6.0,19.411675999890576,auto
1767943653724,Sunny,Day,0.08480902777777778,100.0,5.0,22.583513999961724,auto
1767943653755,Sunny,Day,0.08237847222222222,100.0,5.0,21.196430000145483,auto
1767943653788,Sunny,Day,0.08328993055555556,100.0,3.0,22.6239590001569,auto
1767943653818,Sunny,Day,0.08446180555555556,100.0,2.0,19.07167399986065,auto
1767943653849,Sunny,Day,0.08454861111111112,100.0,1.0,21.88423099960346,auto
1767943653880,Sunny,Day,0.08546006944444444,100.0,0.0,22.32853100031207,auto
1767943653912,Sunny,Day,0.08641493055555556,100.0,-1.0,17.342032000215113,auto
1767943653943,Sunny,Day,0.08637152777777778,100.0,-2.0,22.46895799999038,auto
1767943653975,Sunny,Day,0.0896267361111111,100.0,-3.0,24.409193999872514,auto
1767943654007,Sunny,Day,0.08953993055555555,100.0,-3.0,23.26079700014816,auto
1767943654040,Sunny,Day,0.08980034722222222,100.0,-4.0,23.75965199962593,auto
1767943654069,Sunny,Day,0.09014756944444445,100.0,-5.0,19.19313799999145,auto
1767943654101,Sunny,Day,0.08802083333333334,100.0,-6.0,22.445846000209713,auto
1767943654132,Sunny,Day,0.08897569444444445,100.0,-6.0,22.64568100008546,auto
1767943654163,Sunny,Day,0.08971354166666666,100.0,-8.0,21.696933999919565,auto
1767943654196,Sunny,Day,0.08901909722222222,100.0,-7.0,24.167284999748517,auto
1767943654226,Sunny,Day,0.09136284722222222,100.0,-8.0,20.837260999996943,auto
1767943654257,Sunny,Day,0.09131944444444444,100.0,-7.0,17.350568999972893,auto
1767943654289,Sunny,Day,0.08984375,100.0,-7.0,23.258205000274756,auto
1767943654320,Sunny,Day,0.09205729166666667,100.0,-7.0,17.422124999939115,auto
1767943654351,Sunny,Day,0.09136284722222222,100.0,-7.0,21.406024000043544,auto
1767943654382,Sunny,Day,0.0920138888888889,100.0,-6.0,22.40532699988762,auto
1767943654413,Sunny,Day,0.09461805555555555,100.0,-6.0,22.631440000168368,auto
1767943654445,Sunny,Day,0.09479166666666666,100.0,-5.0,24.036209999849234,auto
1767943654476,Sunny,Day,0.09587673611111111,100.0,-5.0,22.48936500018317,auto
1767943654509,Sunny,Day,0.09765625,100.0,-5.0,22.93048000001363,auto
1767943654541,Sunny,Day,0.09891493055555556,100.0,-4.0,22.49114300002475,auto
1767943654571,Sunny,Day,0.09991319444444445,100.0,-4.0,20.711686000140617,auto
1767943654605,Sunny,Day,0.10021701388888889,100.0,-3.0,19.94290299990098,auto
1767943654634,Sunny,Day,0.10221354166666667,100.0,-3.0,20.4938880001464,auto
1767943654665,Sunny,Day,0.10247395833333334,100.0,-3.0,22.947942999962834,auto
1767943654698,Sunny,Day,0.10368923611111111,100.0,-3.0,23.842690000037692,auto
1767943654729,Sunny,Day,0.10494791666666667,100.0,-3.0,22.34625400024015,auto
1767943654760,Sunny,Day,0.10572916666666667,100.0,-3.0,22.743533999801002,auto
1767943654793,Sunny,Day,0.10711805555555555,100.0,-3.0,22.824849999778962,auto
1767943654823,Sunny,Day,0.10868055555555556,100.0,-3.0,20.157885999651626,auto
1767943654854,Sunny,Day,0.109765625,100.0,-3.0,22.556477000307495,auto
1767943654886,Sunny,Day,0.11137152777777778,100.0,-3.0,22.18453000023146,auto
1767943654921,Sunny,Day,0.11401909722222223,100.0,-2.0,25.845760000265727,auto
1767943654948,Sunny,Day,0.11571180555555556,100.0,-2.0,17.2379020000335,auto
1767943654979,Sunny,Day,0.1171875,100.0,-2.0,22.312346000035177,auto
1767943655010,Sunny,Day,0.12018229166666666,100.0,-2.0,22.602440000355273,auto
1767943655042,Sunny,Day,0.12105034722222222,100.0,-2.0,23.26005599979908,auto
1767943655073,Sunny,Day,0.122265625,100.0,-2.0,23.15485200006151,auto
1767943655105,Sunny,Day,0.12000868055555555,100.0,-1.0,23.738430000321387,auto
1767943655137,Sunny,Day,0.12100694444444444,100.0,-1.0,22.744330000023183,auto
1767943655168,Sunny,Day,0.12261284722222222,100.0,-2.0,22.209456000382488,auto
1767943655199,Sunny,Day,0.12625868055555556,100.0,-2.0,22.559310999895388,auto
1767943655231,Sunny,Day,0.12547743055555555,100.0,-3.0,22.593737000079273,auto
1767943655263,Sunny,Day,0.12808159722222223,100.0,-3.0,20.77731600002153,auto
1767943655294,Sunny,Day,0.1295138888888889,100.0,-3.0,22.18128999993496,auto
1767943655325,Sunny,Day,0.13090277777777778,100.0,-3.0,22.40790299993023,auto
1767943655357,Sunny,Day,0.13211805555555556,100.0,-3.0,24.314879000030487,auto
1767943655387,Sunny,Day,0.1341579861111111,100.0,-3.0,21.4661539998815,auto
1767943655422,Sunny,Day,0.1361111111111111,100.0,-3.0,26.281855999968684,auto
1767943655451,Sunny,Day,0.13702256944444444,100.0,-3.0,20.258830999864585,auto
1767943655482,Sunny,Day,0.13810763888888888,100.0,-3.0,21.84658300029696,auto
1767943655513,Sunny,Day,0.13832465277777778,100.0,-3.0,21.968435999951907,auto
1767943655544,Sunny,Day,0.13993055555555556,100.0,-2.0,17.57286700012628,auto
1767943655578,Sunny,Day,0.1404513888888889,100.0,-2.0,24.862697000116896,auto
1767943655607,Sunny,Day,0.1404079861111111,100.0,-2.0,19.84034699989934,auto
1767943655638,Sunny,Day,0.13810763888888888,100.0,-1.0,22.71173799999815,auto
1767943655671,Sunny,Day,0.13563368055555555,100.0,-1.0,23.905709000246134,auto
1767943655701,Sunny,Day,0.13376736111111112,100.0,-1.0,21.089615000164486,auto
1767943655733,Sunny,Day,0.13211805555555556,100.0,-1.0,22.90031300026385,auto
1767943655765,Sunny,Day,0.12921006944444444,100.0,-1.0,23.874097999851074,auto
1767943655796,Sunny,Day,0.12703993055555557,100.0,-1.0,20.07781200018144,auto
1767943655829,Sunny,Day,0.12313368055555556,100.0,-1.0,24.429953999970166,auto
1767943655859,Sunny,Day,0.11844618055555556,100.0,-1.0,23.96672800023225,auto
1767943655891,Sunny,Day,0.11597222222222223,100.0,-1.0,14.854883999760204,auto
1767943655920,Sunny,Day,0.11688368055555555,100.0,-1.0,19.831532000353036,auto
1767943655952,Sunny,Day,0.11640625,100.0,-1.0,22.14354799980356,auto
1767943655983,Sunny,Day,0.11566840277777778,100.0,0.0,22.427938999953767,auto
1767943656016,Sunny,Day,0.11432291666666666,100.0,-1.0,24.699103999864747,auto
1767943656047,Sunny,Day,0.11414930555555555,100.0,-1.0,22.013121000327374,auto
1767943656079,Sunny,Day,0.11393229166666667,100.0,0.0,23.294629999782046,auto
1767943656111,Sunny,Day,0.11302083333333333,100.0,0.0,20.210330999816506,auto
1767943656141,Sunny,Day,0.11302083333333333,100.0,0.0,21.016485000018292,auto
1767943656173,Sunny,Day,0.112890625,100.0,-1.0,23.891857000307937,auto
1767943656206,Sunny,Day,0.11280381944444444,100.0,-1.0,21.41711799959012,auto
1767943656236,Sunny,Day,0.11323784722222222,100.0,-1.0,20.673464000083186,auto
1767943656268,Sunny,Day,0.11293402777777778,100.0,-1.0,23.79309700017984,auto
1767943656298,Sunny,Day,0.11293402777777778,100.0,-1.0,21.05889200038291,auto
1767943656329,Sunny,Day,0.11241319444444445,100.0,-1.0,22.35103099974367,auto
1767943656360,Sunny,Day,0.11267361111111111,100.0,-1.0,23.201630000130535,auto
1767943656393,Sunny,Day,0.11245659722222222,100.0,-1.0,25.250070999845775,auto
1767943656424,Sunny,Day,0.11232638888888889,100.0,-1.0,22.020195999630232,auto
1767943656455,Sunny,Day,0.11184895833333333,100.0,-1.0,22.277716000189685,auto
1767943656487,Sunny,Day,0.11258680555555556,100.0,-1.0,23.2114460000048,auto
1767943656518,Sunny,Day,0.11271701388888888,100.0,-1.0,22.047196000130498,auto
1767943656551,Sunny,Day,0.11293402777777778,100.0,-1.0,24.41875100021207,auto
1767943656583,Sunny,Day,0.11310763888888889,100.0,-1.0,22.24319699962507,auto
1767943656614,Sunny,Day,0.11215277777777778,100.0,0.0,19.84003199959261,auto
1767943656643,Sunny,Day,0.11293402777777778,100.0,0.0,20.909188000132417,auto
1767943656674,Sunny,Day,0.11271701388888888,100.0,0.0,22.888868999871192,auto
1767943656706,Sunny,Day,0.11206597222222223,100.0,0.0,23.97459899975729,auto
1767943656738,Sunny,Day,0.11115451388888889,100.0,0.0,22.841368000172224,auto
1767943656770,Sunny,Day,0.11106770833333333,100.0,0.0,22.83275699983278,auto
1767943656801,Sunny,Day,0.11024305555555555,100.0,0.0,21.354505999624962,auto
1767943656832,Sunny,Day,0.10794270833333333,100.0,0.0,21.792731000005006,auto
1767943656863,Sunny,Day,0.10642361111111111,100.0,0.0,22.161381999922014,auto
1767943656894,Sunny,Day,0.1056857638888889,100.0,0.0,22.571902999970916,auto
1767943656926,Sunny,Day,0.10460069444444445,100.0,0.0,22.777885999857972,auto
1767943656959,Sunny,Day,0.10251736111111111,100.0,0.0,23.616337000021304,auto
1767943656990,Sunny,Day,0.10164930555555556,100.0,0.0,21.164170999782073,auto
1767943657021,Sunny,Day,0.10073784722222222,100.0,0.0,22.563071000149648,auto
1767943657053,Sunny,Day,0.10047743055555555,100.0,0.0,23.036665999825345,auto
1767943657084,Sunny,Day,0.10065104166666666,100.0,0.0,21.111967000251752,auto
1767943657116,Sunny,Day,0.10208333333333333,100.0,0.0,22.99435099985203,auto
1767943657147,Sunny,Day,0.1037326388888889,100.0,0.0,21.143707999726757,auto
1767943657177,Sunny,Day,0.10386284722222222,100.0,0.0,21.748859999661363,auto
1767943657208,Sunny,Day,0.1046875,100.0,0.0,22.437940000145318,auto
1767943657240,Sunny,Day,0.10512152777777778,100.0,-1.0,23.493464999774005,auto
1767943657271,Sunny,Day,0.10455729166666666,100.0,-1.0,19.500549000440515,auto
1767943657303,Sunny,Day,0.105859375,100.0,-1.0,23.64231799992922,auto
1767943657334,Sunny,Day,0.10850694444444445,100.0,-1.0,21.883991999857244,auto
1767943657367,Sunny,Day,0.10889756944444444,100.0,-1.0,24.68540000018038,auto
1767943657399,Sunny,Day,0.10859375,100.0,-1.0,21.855472999959602,auto
1767943657430,Sunny,Day,0.10889756944444444,100.0,-1.0,21.981658000186144,auto
1767943657460,Sunny,Day,0.10911458333333333,100.0,-1.0,21.3856170003055,auto
1767943657494,Sunny,Day,0.10881076388888888,100.0,-1.0,24.40680500012604,auto
1767943657522,Sunny,Day,0.11028645833333334,100.0,-1.0,18.28328000010515,auto
1767943657554,Sunny,Day,0.11015625,100.0,-1.0,22.926368999833358,auto
1767943657587,Sunny,Day,0.10985243055555556,100.0,-1.0,23.870282999723713,auto
1767943657617,Sunny,Day,0.10998263888888889,100.0,0.0,21.46489599999768,auto
1767943657648,Sunny,Day,0.11063368055555556,100.0,-1.0,23.09801800038258,auto
1767943657681,Sunny,Day,0.11015625,100.0,0.0,24.4706580001548,auto
1767943657711,Sunny,Day,0.10985243055555556,100.0,0.0,21.268191000217485,auto
1767943657743,Sunny,Day,0.11006944444444444,100.0,0.0,19.791291000274214,auto
1767943657775,Sunny,Day,0.11032986111111111,100.0,0.0,22.938240000257792,auto
1767943657807,Sunny,Day,0.10998263888888889,100.0,0.0,23.18642699992779,auto
1767943657837,Sunny,Day,0.10989583333333333,100.0,0.0,21.045115000106307,auto
1767943657868,Sunny,Day,0.10980902777777778,100.0,0.0,22.310364000077243,auto
1767943657899,Sunny,Day,0.10998263888888889,100.0,0.0,23.302983000121458,auto
1767943657933,Sunny,Day,0.10989583333333333,100.0,0.0,24.9989219996678,auto
1767943657963,Sunny,Day,0.10963541666666667,100.0,0.0,20.411963000242395,auto
1767943657994,Sunny,Day,0.10993923611111112,100.0,0.0,22.712644999955955,auto
1767943658030,Sunny,Day,0.109765625,100.0,0.0,26.774156000101357,auto
1767943658056,Sunny,Day,0.11032986111111111,100.0,0.0,18.0431110002246,auto
1767943658089,Sunny,Day,0.11032986111111111,100.0,0.0,21.983621999879688,auto
1767943658123,Sunny,Day,0.11059027777777777,100.0,0.0,24.398934999680932,auto
1767943658151,Sunny,Day,0.11046006944444445,100.0,0.0,17.376052000145137,auto
1767943658183,Sunny,Day,0.11011284722222223,100.0,0.0,22.225363999950787,auto
1767943658215,Sunny,Day,0.11006944444444444,100.0,0.0,23.557226000320952,auto
1767943658245,Sunny,Day,0.10993923611111112,100.0,0.0,20.592093000232126,auto
1767943658276,Sunny,Day,0.11037326388888889,100.0,0.0,22.489532999770745,auto
1767943658307,Sunny,Day,0.11028645833333334,100.0,0.0,20.705260000340786,auto
1767943658340,Sunny,Day,0.11067708333333333,100.0,0.0,24.25286000016058,auto
1767943658371,Sunny,Day,0.11085069444444444,100.0,0.0,21.554321999701642,auto
1767943658401,Sunny,Day,0.11124131944444444,100.0,0.0,22.01280700001007,auto
1767943658435,Sunny,Day,0.11176215277777778,100.0,0.0,25.458184000399342,auto
1767943658465,Sunny,Day,0.11184895833333333,100.0,0.0,20.39564699998664,auto
1767943658496,Sunny,Day,0.112109375,100.0,0.0,23.01694400011911,auto
1767943658528,Sunny,Day,0.112109375,100.0,0.0,23.17418600023302,auto
1767943658559,Sunny,Day,0.11202256944444444,100.0,0.0,18.993599999703292,auto
1767943658591,Sunny,Day,0.11219618055555555,100.0,0.0,22.775034999995114,auto
1767943658625,Sunny,Day,0.11206597222222223,100.0,0.0,25.33184899994012,auto
1767943658654,Sunny,Day,0.11193576388888889,100.0,0.0,18.800431999807188,auto
1767943658685,Sunny,Day,0.11193576388888889,100.0,0.0,22.37449500034927,auto
1767943658716,Sunny,Day,0.11219618055555555,100.0,0.0,22.55618199978926,auto
1767943658749,Sunny,Day,0.11197916666666667,100.0,0.0,23.022536000098626,auto
1767943658779,Sunny,Day,0.11189236111111112,100.0,0.0,21.45363699992231,auto
1767943658811,Sunny,Day,0.11276041666666667,100.0,0.0,23.12446399992041,auto
1767943658840,Sunny,Day,0.11271701388888888,100.0,-1.0,19.44967800000086,auto
1767943658872,Sunny,Day,0.11284722222222222,100.0,-1.0,22.85514699997293,auto
1767943658903,Sunny,Day,0.11241319444444445,100.0,-1.0,23.48207699969862,auto
1767943658935,Sunny,Day,0.11223958333333334,100.0,-1.0,24.32048999980907,auto
1767943658967,Sunny,Day,0.11254340277777777,100.0,-1.0,22.78679499977443,auto
1767943658999,Sunny,Day,0.11254340277777777,100.0,-1.0,23.153018999892083,auto
1767943659031,Sunny,Day,0.11271701388888888,100.0,0.0,21.61808299979384,auto
1767943659062,Sunny,Day,0.11245659722222222,100.0,0.0,21.292468999945413,auto
1767943659092,Sunny,Day,0.11228298611111111,100.0,0.0,22.08828899983928,auto
1767943659124,Sunny,Day,0.11254340277777777,100.0,0.0,22.992258000158472,auto
1767943659156,Sunny,Day,0.11245659722222222,100.0,0.0,23.78498699999909,auto
1767943659187,Sunny,Day,0.11241319444444445,100.0,0.0,19.95038499990187,auto
1767943659218,Sunny,Day,0.11232638888888889,100.0,0.0,22.496014999887848,auto
1767943659250,Sunny,Day,0.11271701388888888,100.0,0.0,20.585704000041005,auto
1767943659281,Sunny,Day,0.11276041666666667,100.0,-1.0,24.44102900017242,auto
1767943659313,Sunny,Day,0.11280381944444444,100.0,-1.0,23.13894499957314,auto
1767943659343,Sunny,Day,0.11328125,100.0,-1.0,21.010280999689712,auto
1767943659376,Sunny,Day,0.11315104166666666,100.0,-1.0,24.539324999750534,auto
1767943659406,Sunny,Day,0.11341145833333334,100.0,0.0,21.90023299999666,auto
1767943659440,Sunny,Day,0.11323784722222222,100.0,0.0,26.637841000137996,auto
1767943659470,Sunny,Day,0.1130642361111111,100.0,0.0,21.015726000314316,auto
1767943659502,Sunny,Day,0.11332465277777778,100.0,0.0,23.067110999818397,auto
1767943659534,Sunny,Day,0.11375868055555556,100.0,0.0,22.2222529996543,auto
1767943659565,Sunny,Day,0.113671875,100.0,0.0,21.589286000107677,auto
1767943659595,Sunny,Day,0.11336805555555556,100.0,0.0,19.222953999815218,auto
1767943659628,Sunny,Day,0.11323784722222222,100.0,0.0,23.384854000141786,auto
1767943659658,Sunny,Day,0.11341145833333334,100.0,-1.0,19.838143000015407,auto
1767943659689,Sunny,Day,0.11362847222222222,100.0,-1.0,22.60496000008061,auto
1767943659722,Sunny,Day,0.11345486111111111,100.0,-1.0,24.022433000027377,auto
1767943659752,Sunny,Day,0.11336805555555556,100.0,-1.0,21.50163700025587,auto
1767943659783,Sunny,Day,0.11354166666666667,100.0,-2.0,21.355116999984602,auto
1767943659815,Sunny,Day,0.11362847222222222,100.0,-1.0,22.89083200003006,auto
1767943659849,Sunny,Day,0.11371527777777778,100.0,-1.0,26.42163599966807,auto
1767943659879,Sunny,Day,0.112890625,100.0,-1.0,20.83828100012397,auto
1767943659909,Sunny,Day,0.11293402777777778,100.0,-1.0,20.64400100016428,auto
1767943659940,Sunny,Day,0.112890625,100.0,-1.0,22.835035999833053,auto
1767943659973,Sunny,Day,0.11293402777777778,100.0,-1.0,23.164425999766536,auto
1767943660003,Sunny,Day,0.11263020833333333,100.0,-1.0,20.23129400004109,auto
1767943660034,Sunny,Day,0.11258680555555556,100.0,-1.0,23.047184999995807,auto
1767943660066,Sunny,Day,0.11215277777777778,100.0,-2.0,23.332854000273073,auto
1767943660097,Sunny,Day,0.112109375,100.0,-2.0,14.911830000073678,auto
1767943660131,Sunny,Day,0.11206597222222223,100.0,-2.0,25.244312999802787,auto
1767943660160,Sunny,Day,0.112109375,100.0,-2.0,20.421887999873434,auto
1767943660192,Sunny,Day,0.11202256944444444,100.0,-2.0,23.041555999952834,auto
1767943660223,Sunny,Day,0.11215277777777778,100.0,-2.0,21.9282140001269,auto
1767943660256,Sunny,Day,0.11137152777777778,100.0,-2.0,24.091545000374026,auto
1767943660286,Sunny,Day,0.11163194444444445,100.0,-2.0,21.64910100009365,auto
1767943660317,Sunny,Day,0.11119791666666666,100.0,-2.0,22.20443799978966,auto
1767943660348,Sunny,Day,0.1109375,100.0,-2.0,22.989573999893764,auto
1767943660383,Sunny,Day,0.11072048611111111,100.0,-2.0,26.150596999741538,auto
1767943660411,Sunny,Day,0.11002604166666667,100.0,-2.0,19.36084299995855,auto
1767943660443,Sunny,Day,0.10972222222222222,100.0,-2.0,22.850481000205036,auto
1767943660474,Sunny,Day,0.10985243055555556,100.0,-2.0,22.612514999764244,auto
1767943660505,Sunny,Day,0.10924479166666666,100.0,-2.0,22.631534000083775,auto
1767943660537,Sunny,Day,0.10894097222222222,100.0,-2.0,23.479374000089592,auto
1767943660569,Sunny,Day,0.10876736111111111,100.0,-2.0,23.311130999900342,auto
1767943660599,Sunny,Day,0.10824652777777778,100.0,-3.0,21.686434999992343,auto
1767943660632,Sunny,Day,0.10768229166666667,100.0,-2.0,24.281693999910203,auto
1767943660664,Sunny,Day,0.10694444444444444,100.0,-3.0,23.490632000175538,auto
1767943660693,Sunny,Day,0.10672743055555556,100.0,-3.0,21.859251000023505,auto
1767943660725,Sunny,Day,0.10655381944444445,100.0,-3.0,23.55572599981315,auto
1767943660757,Sunny,Day,0.10564236111111111,100.0,-3.0,19.148508999933256,auto
1767943660788,Sunny,Day,0.10494791666666667,100.0,-3.0,21.978177000164578,auto
1767943660820,Sunny,Day,0.10416666666666667,100.0,-3.0,22.433976999764127,auto
1767943660851,Sunny,Day,0.1037326388888889,100.0,-3.0,16.70491699997001,auto
1767943660882,Sunny,Day,0.10338541666666666,100.0,-4.0,22.79677599972274,auto
1767943660915,Sunny,Day,0.10282118055555556,100.0,-4.0,21.752527999979065,auto
1767943660945,Sunny,Day,0.10208333333333333,100.0,-4.0,21.736878999945475,auto
1767943660976,Sunny,Day,0.10264756944444445,100.0,-5.0,23.25214899974526,auto
1767943661008,Sunny,Day,0.10238715277777778,100.0,-5.0,23.687746000177867,auto
1767943661042,Sunny,Day,0.10247395833333334,100.0,-6.0,26.220042000204558,auto
1767943661074,Sunny,Day,0.10138888888888889,100.0,-7.0,23.08022199986226,auto
1767943661103,Sunny,Day,0.10143229166666666,100.0,-8.0,13.617709999834915,auto
1767943661134,Sunny,Day,0.10026041666666667,100.0,-8.0,21.65984200019011,auto
1767943661165,Sunny,Day,0.10052083333333334,100.0,-9.0,22.344439999869792,auto
1767943661197,Sunny,Day,0.09891493055555556,100.0,-10.0,22.07103000000643,auto
1767943661228,Sunny,Day,0.09826388888888889,100.0,-10.0,18.292780999672686,auto
1767943661259,Sunny,Day,0.09657118055555555,100.0,-11.0,21.36056200015446,auto
1767943661290,Sunny,Day,0.09479166666666666,100.0,-11.0,22.707090000039898,auto
1767943661322,Sunny,Day,0.09275173611111111,100.0,-12.0,24.190008000005037,auto
1767943661354,Sunny,Day,0.09079861111111111,100.0,-12.0,22.864591000143264,auto
1767943661385,Sunny,Day,0.08854166666666667,100.0,-12.0,21.17678300010084,auto
1767943661416,Sunny,Day,0.08706597222222222,100.0,-13.0,21.282875999986572,auto
1767943661449,Sunny,Day,0.0859375,100.0,-13.0,24.34386100003394,auto
1767943661481,Sunny,Day,0.08567708333333333,100.0,-14.0,22.046290000162116,auto
1767943661511,Sunny,Day,0.08489583333333334,100.0,-15.0,20.384722000017064,auto
1767943661542,Sunny,Day,0.08498263888888889,100.0,-14.0,22.610903999975562,auto
1767943661574,Sunny,Day,0.087109375,100.0,-14.0,21.624729999984993,auto
1767943661605,Sunny,Day,0.08528645833333333,100.0,-13.0,22.32106900009967,auto
1767943661637,Sunny,Day,0.08541666666666667,100.0,-13.0,22.113844999694265,auto
1767943661672,Sunny,Day,0.08702256944444445,100.0,-13.0,24.96762500004479,auto
1767943661700,Sunny,Day,0.08745659722222222,100.0,-12.0,17.631127000186098,auto
1767943661732,Sunny,Day,0.08658854166666667,100.0,-11.0,22.5523119997888,auto
1767943661762,Sunny,Day,0.08706597222222222,100.0,-11.0,21.085745999698702,auto
1767943661793,Sunny,Day,0.08823784722222222,100.0,-10.0,22.638126999936503,auto
1767943661826,Sunny,Day,0.08819444444444445,100.0,-9.0,24.3444359998648,auto
1767943661857,Sunny,Day,0.0876736111111111,100.0,-8.0,18.46930000010616,auto
1767943661889,Sunny,Day,0.08693576388888889,100.0,-8.0,23.266372999842133,auto
1767943661919,Sunny,Day,0.08754340277777778,100.0,-7.0,21.096338000006654,auto
1767943661950,Sunny,Day,0.08754340277777778,100.0,-7.0,23.078666999936104,auto
1767943661982,Sunny,Day,0.08771701388888889,100.0,-7.0,23.867598999913753,auto
1767943662013,Sunny,Day,0.08728298611111111,100.0,-7.0,21.39154399992549,auto
1767943662047,Sunny,Day,0.08802083333333334,100.0,-7.0,25.361516999964806,auto
1767943662078,Sunny,Day,0.08823784722222222,100.0,-6.0,21.69500899981358,auto
1767943662108,Sunny,Day,0.08815104166666667,100.0,-6.0,19.46378899992851,auto
1767943662139,Sunny,Day,0.08836805555555556,100.0,-6.0,22.261105999859865,auto
1767943662170,Sunny,Day,0.08888888888888889,100.0,-6.0,22.872369000197068,auto
1767943662201,Sunny,Day,0.08888888888888889,100.0,-7.0,22.887925000304676,auto
1767943662232,Sunny,Day,0.08953993055555555,100.0,-6.0,23.430392000136635,auto
1767943662264,Sunny,Day,0.08971354166666666,100.0,-7.0,23.71663499980059,auto
1767943662298,Sunny,Day,0.08984375,100.0,-7.0,25.668278000011924,auto
1767943662327,Sunny,Day,0.08971354166666666,100.0,-7.0,20.218535999902087,auto
1767943662360,Sunny,Day,0.09040798611111112,100.0,-7.0,24.996013999952993,auto
1767943662390,Sunny,Day,0.09010416666666667,100.0,-7.0,19.75184699995225,auto
1767943662422,Sunny,Day,0.09058159722222223,100.0,-7.0,19.753994999973656,auto
1767943662452,Sunny,Day,0.09088541666666666,100.0,-6.0,21.646711999892432,auto
1767943662484,Sunny,Day,0.09092881944444445,100.0,-6.0,19.381048000013834,auto
1767943662516,Sunny,Day,0.091796875,100.0,-6.0,23.297113999888097,auto
1767943662548,Sunny,Day,0.09088541666666666,100.0,-6.0,21.095967999826826,auto
1767943662578,Sunny,Day,0.09118923611111111,100.0,-6.0,20.858151000084035,auto
1767943662609,Sunny,Day,0.09166666666666666,100.0,-6.0,22.64349699999002,auto
1767943662641,Sunny,Day,0.09175347222222222,100.0,-6.0,19.42697499998758,auto
1767943662672,Sunny,Day,0.09205729166666667,100.0,-6.0,22.8740369998377,auto
1767943662707,Sunny,Day,0.09205729166666667,100.0,-6.0,26.408358000026055,auto
1767943662735,Sunny,Day,0.09266493055555555,100.0,-6.0,16.953993000242917,auto
1767943662769,Sunny,Day,0.0935329861111111,100.0,-6.0,25.10436700003993,auto
1767943662800,Sunny,Day,0.09270833333333334,100.0,-6.0,15.403723000417813,auto
1767943662829,Sunny,Day,0.09301215277777777,100.0,-6.0,17.053178999958618,auto
1767943662861,Sunny,Day,0.09296875,100.0,-6.0,21.905862000039633,auto
1767943662891,Sunny,Day,0.09366319444444444,100.0,-6.0,21.52072999979282,auto
1767943662924,Sunny,Day,0.0939670138888889,100.0,-6.0,23.89380299973709,auto
1767943662955,Sunny,Day,0.09340277777777778,100.0,-6.0,22.960072999921977,auto
1767943662987,Sunny,Day,0.09388020833333334,100.0,-5.0,22.33232800017504,auto
1767943663018,Sunny,Day,0.0935329861111111,100.0,-4.0,19.24451000013505,auto
1767943663052,Sunny,Day,0.09327256944444444,100.0,-4.0,24.18380500012063,auto
1767943663080,Sunny,Day,0.09440104166666667,100.0,-4.0,19.831143999908818,auto
1767943663115,Sunny,Day,0.09379340277777778,100.0,-4.0,26.610415000050125,auto
1767943663143,Sunny,Day,0.09405381944444445,100.0,-4.0,19.2386210001132,auto
1767943663174,Sunny,Day,0.09479166666666666,100.0,-4.0,19.234602999858907,auto
1767943663206,Sunny,Day,0.09509548611111111,100.0,-4.0,22.699571999964974,auto
1767943663237,Sunny,Day,0.09596354166666667,100.0,-5.0,22.69086799969955,auto
1767943663269,Sunny,Day,0.0959201388888889,100.0,-5.0,18.442892999701144,auto
1767943663300,Sunny,Day,0.09661458333333334,100.0,-5.0,22.49645900019459,auto
1767943663331,Sunny,Day,0.09670138888888889,100.0,-5.0,22.551367000232858,auto
1767943663363,Sunny,Day,0.09717881944444444,100.0,-5.0,23.425780999787094,auto
1767943663395,Sunny,Day,0.09722222222222222,100.0,-5.0,22.276125000189495,auto
1767943663429,Sunny,Day,0.09696180555555556,100.0,-4.0,24.814457999582373,auto
1767943663457,Sunny,Day,0.09739583333333333,100.0,-4.0,18.873617999815906,auto
1767943663488,Sunny,Day,0.0984375,100.0,-4.0,22.356754999691475,auto
1767943663522,Sunny,Day,0.09817708333333333,100.0,-5.0,24.928643999828637,auto
1767943663556,Sunny,Day,0.09952256944444444,100.0,-4.0,25.61542700004793,auto
1767943663583,Sunny,Day,0.09943576388888889,100.0,-4.0,17.375162999996974,auto
1767943663615,Sunny,Day,0.09930555555555555,100.0,-4.0,22.369587999946816,auto
1767943663646,Sunny,Day,0.10013020833333333,100.0,-4.0,22.627886999998736,auto
1767943663677,Sunny,Day,0.10017361111111112,100.0,-4.0,17.973723000068276,auto
1767943663709,Sunny,Day,0.10082465277777777,100.0,-4.0,23.653060000015103,auto
1767943663741,Sunny,Day,0.10108506944444444,100.0,-4.0,21.526897000057943,auto
1767943663771,Sunny,Day,0.10164930555555556,100.0,-4.0,21.664509000402177,auto
1767943663805,Sunny,Day,0.10355902777777778,100.0,-4.0,23.838097999941965,auto
1767943663835,Sunny,Day,0.10460069444444445,100.0,-4.0,19.80901399974755,auto
1767943663867,Sunny,Day,0.10620659722222223,100.0,-5.0,23.640930999590637,auto
1767943663897,Sunny,Day,0.1072048611111111,100.0,-5.0,20.264386999770068,auto
1767943663930,Sunny,Day,0.10850694444444445,100.0,-5.0,24.70006800012925,auto
1767943663959,Sunny,Day,0.109375,100.0,-5.0,21.0879119999845,auto
1767943663991,Sunny,Day,0.11059027777777777,100.0,-5.0,22.52371900021899,auto
1767943664023,Sunny,Day,0.11119791666666666,100.0,-5.0,23.699969000062993,auto
1767943664055,Sunny,Day,0.11206597222222223,100.0,-5.0,23.118668000279285,auto
1767943664090,Sunny,Day,0.11258680555555556,100.0,-5.0,25.670279000223672,auto
1767943664117,Sunny,Day,0.11284722222222222,100.0,-5.0,18.686450000132027,auto
1767943664149,Sunny,Day,0.11341145833333334,100.0,-5.0,22.21434600005523,auto
1767943664181,Sunny,Day,0.11358506944444445,100.0,-5.0,20.25601800005461,auto
1767943664211,Sunny,Day,0.11297743055555555,100.0,-5.0,21.436821999941458,auto
1767943664244,Sunny,Day,0.11315104166666666,100.0,-5.0,24.8066059998564,auto
1767943664274,Sunny,Day,0.11293402777777778,100.0,-5.0,20.219294000071386,auto
1767943664305,Sunny,Day,0.11245659722222222,100.0,-5.0,22.655904999737686,auto
1767943664342,Sunny,Day,0.11215277777777778,100.0,-5.0,27.974017999895295,auto
1767943664368,Sunny,Day,0.11219618055555555,100.0,-4.0,17.46058999970046,auto
1767943664400,Sunny,Day,0.11167534722222222,100.0,-4.0,22.456200999840803,auto
1767943664431,Sunny,Day,0.11176215277777778,100.0,-4.0,22.339514000123017,auto
1767943664462,Sunny,Day,0.1111111111111111,100.0,-4.0,21.919158999935462,auto
1767943664495,Sunny,Day,0.1109375,100.0,-4.0,24.771402000169473,auto
1767943664525,Sunny,Day,0.11085069444444444,100.0,-4.0,21.253987999898527,auto
1767943664556,Sunny,Day,0.11041666666666666,100.0,-5.0,23.303558999941743,auto
1767943664588,Sunny,Day,0.10980902777777778,100.0,-5.0,22.778610000386834,auto
1767943664619,Sunny,Day,0.11011284722222223,100.0,-5.0,22.44429200027298,auto
1767943664652,Sunny,Day,0.109375,100.0,-4.0,23.571078999793826,auto
1767943664682,Sunny,Day,0.1091579861111111,100.0,-4.0,19.588160999774118,auto
1767943664713,Sunny,Day,0.10828993055555555,100.0,-5.0,19.791051000083826,auto
1767943664745,Sunny,Day,0.10785590277777778,100.0,-5.0,22.669386999950802,auto
1767943664778,Sunny,Day,0.10815972222222223,100.0,-5.0,24.07097099967359,auto
1767943664808,Sunny,Day,0.10724826388888889,100.0,-4.0,20.91067000037583,auto
1767943664839,Sunny,Day,0.10685763888888888,100.0,-4.0,22.359846999734145,auto
1767943664871,Sunny,Day,0.10564236111111111,100.0,-5.0,23.73146900026768,auto
1767943664903,Sunny,Day,0.10477430555555556,100.0,-5.0,23.555670999940048,auto
1767943664935,Sunny,Day,0.10473090277777777,100.0,-5.0,22.19005000006291,auto
1767943664965,Sunny,Day,0.10386284722222222,100.0,-5.0,21.554268000272714,auto
1767943664996,Sunny,Day,0.10299479166666667,100.0,-5.0,22.48742299980222,auto
1767943665028,Sunny,Day,0.10234375,100.0,-5.0,22.23303200025839,auto
1767943665059,Sunny,Day,0.1017795138888889,100.0,-5.0,21.6498060003687,auto
1767943665090,Sunny,Day,0.10056423611111111,100.0,-5.0,22.21069899997019,auto
1767943665122,Sunny,Day,0.09913194444444444,100.0,-5.0,22.344421000070724,auto
1767943665155,Sunny,Day,0.09835069444444444,100.0,-5.0,24.6336599998358,auto
1767943665186,Sunny,Day,0.09748263888888889,100.0,-6.0,22.26773599977605,auto
1767943665215,Sunny,Day,0.097265625,100.0,-6.0,23.54226399984327,auto
1767943665247,Sunny,Day,0.09583333333333334,100.0,-6.0,23.107130999960646,auto
1767943665279,Sunny,Day,0.09340277777777778,100.0,-6.0,23.50874500007194,auto
1767943665311,Sunny,Day,0.09214409722222222,100.0,-6.0,22.875592000218603,auto
1767943665342,Sunny,Day,0.09036458333333333,100.0,-7.0,22.233142999994016,auto
1767943665375,Sunny,Day,0.08910590277777777,100.0,-7.0,24.301973000092403,auto
1767943665404,Sunny,Day,0.0875,100.0,-8.0,20.251665999694524,auto
1767943665436,Sunny,Day,0.08611111111111111,100.0,-8.0,20.83444799973222,auto
1767943665467,Sunny,Day,0.08563368055555555,100.0,-8.0,21.750898999925994,auto
1767943665499,Sunny,Day,0.08407118055555556,100.0,-8.0,22.016104999693198,auto
1767943665530,Sunny,Day,0.08272569444444444,100.0,-8.0,22.41973699983646,auto
1767943665564,Sunny,Day,0.08103298611111111,100.0,-9.0,24.55090100011148,auto
1767943665593,Sunny,Day,0.07977430555555555,100.0,-9.0,19.86082900020847,auto
1767943665625,Sunny,Day,0.07886284722222223,100.0,-9.0,21.662971999830916,auto
1767943665655,Sunny,Day,0.0765625,100.0,-8.0,21.786492000046564,auto
1767943665687,Sunny,Day,0.07582465277777778,100.0,-8.0,27.405809999891062,manual
1767943665719,Sunny,Day,0.07369791666666667,100.0,-8.0,12.938759999997274,manual
1767943665749,Sunny,Day,0.07322048611111111,100.0,-9.0,22.445292999691446,manual
1767943665781,Sunny,Day,0.07395833333333333,100.0,-9.0,27.655830000185233,manual
1767943665812,Sunny,Day,0.07326388888888889,100.0,-8.0,17.173402000025817,manual
1767943665844,Sunny,Day,0.07356770833333333,100.0,-9.0,19.40773399974205,manual
1767943665876,Sunny,Day,0.07387152777777778,100.0,-8.0,21.12583899997844,manual
1767943665910,Sunny,Day,0.07404513888888889,100.0,-9.0,25.28564699969138,manual
1767943665937,Sunny,Day,0.07387152777777778,100.0,-9.0,19.104546000107803,manual
1767943665970,Sunny,Day,0.07335069444444445,100.0,-9.0,24.75462400025208,manual
1767943666000,Sunny,Day,0.07408854166666666,100.0,-9.0,21.29889599973467,manual
1767943666032,Sunny,Day,0.0740017361111111,100.0,-9.0,22.471904000212817,manual
1767943666065,Sunny,Day,0.07391493055555555,100.0,-9.0,25.244256999940262,manual
1767943666095,Sunny,Day,0.07365451388888888,100.0,-9.0,17.035809999924822,manual
1767943666127,Sunny,Day,0.07413194444444444,100.0,-8.0,22.04405000020415,manual
1767943666158,Sunny,Day,0.07413194444444444,100.0,-9.0,22.561182999652374,manual
1767943666189,Sunny,Day,0.07408854166666666,100.0,-9.0,22.145884000110527,manual
1767943666220,Sunny,Day,0.07395833333333333,100.0,-9.0,22.58816499988825,manual
1767943666252,Sunny,Day,0.0734375,100.0,-8.0,22.169495000071038,manual
1767943666285,Sunny,Day,0.07361111111111111,100.0,-9.0,21.45922999989125,manual
1767943666316,Sunny,Day,0.07395833333333333,100.0,-9.0,22.88640699998723,manual
1767943666346,Sunny,Day,0.073828125,100.0,-9.0,21.38873000012609,manual
1767943666378,Sunny,Day,0.07378472222222222,100.0,-9.0,24.04300800026249,manual
1767943666408,Sunny,Day,0.07378472222222222,100.0,-9.0,22.081660999901942,manual
1767943666440,Sunny,Day,0.07413194444444444,100.0,-9.0,23.535857000297256,manual
1767943666472,Sunny,Day,0.07387152777777778,100.0,-9.0,24.009471000226768,manual
1767943666503,Sunny,Day,0.07361111111111111,100.0,-9.0,21.582915999715624,manual
1767943666537,Sunny,Day,0.07387152777777778,100.0,-8.0,24.487417999807803,manual
1767943666568,Sunny,Day,0.07387152777777778,100.0,-8.0,20.536464000088017,manual
1767943666597,Sunny,Day,0.07374131944444444,100.0,-9.0,16.15582100021129,manual
1767943666629,Sunny,Day,0.07361111111111111,100.0,-9.0,23.633541999970475,manual
1767943666660,Sunny,Day,0.07365451388888888,100.0,-9.0,21.39728500014826,manual
1767943666692,Sunny,Day,0.0740017361111111,100.0,-9.0,23.85011799970016,manual
1767947154181,Sunny,Day,0.06480034722222222,100.0,-17.0,514.4577500000196,manual
1767947157645,Sunny,Day,0.06532118055555555,100.0,-17.0,2.9214900000624766,manual
1767947157659,Sunny,Day,0.06527777777777778,100.0,-18.0,3.240615000095204,manual
1767947157678,Sunny,Day,0.06458333333333334,100.0,-17.0,13.283377999869117,manual
1767947157710,Sunny,Day,0.06519097222222223,100.0,-18.0,27.256244999989576,manual
1767947157740,Sunny,Day,0.06506076388888889,100.0,-17.0,25.363275000017893,manual
1767947157772,Sunny,Day,0.06488715277777778,100.0,-17.0,25.947431999838955,manual
1767947157804,Sunny,Day,0.06519097222222223,100.0,-18.0,27.455963999955202,manual
1767947157836,Sunny,Day,0.06436631944444444,100.0,-18.0,25.933839999879638,manual
1767947157866,Sunny,Day,0.06514756944444444,100.0,-17.0,25.012465999907363,manual
1767947157899,Sunny,Day,0.06532118055555555,100.0,-17.0,29.166120999889245,manual
1767947157929,Sunny,Day,0.06514756944444444,100.0,-18.0,25.061205999918457,manual
1767947157960,Sunny,Day,0.06480034722222222,100.0,-18.0,25.80525000007583,manual
1767947157992,Sunny,Day,0.064453125,100.0,-17.0,26.753864000056637,manual
1767947158025,Sunny,Day,0.06493055555555556,100.0,-17.0,28.943679999883898,manual
1767947158054,Sunny,Day,0.06484375,100.0,-18.0,23.51426900008846,manual
1767947158085,Sunny,Day,0.064453125,100.0,-17.0,26.440035999939937,manual
1767947158117,Sunny,Day,0.06501736111111112,100.0,-17.0,26.866473000154656,manual
1767947158149,Sunny,Day,0.06497395833333333,100.0,-17.0,26.396739999881902,manual
1767947158181,Sunny,Day,0.06553819444444445,100.0,-18.0,27.93454900006509,manual
1767947158211,Sunny,Day,0.06527777777777778,100.0,-18.0,24.99905900003796,manual
1767947158244,Sunny,Day,0.06506076388888889,100.0,-18.0,28.383097999949314,manual
1767947158274,Sunny,Day,0.06488715277777778,100.0,-17.0,25.110150000045905,manual
1767947158306,Sunny,Day,0.06536458333333334,100.0,-17.0,27.724384999828544,manual
1767947158337,Sunny,Day,0.06549479166666666,100.0,-18.0,26.805827000089266,manual
1767947158368,Sunny,Day,0.06484375,100.0,-17.0,26.061764000132825,manual
1767947158399,Sunny,Day,0.06497395833333333,100.0,-17.0,26.75704900002529,manual
1767947158431,Sunny,Day,0.065234375,100.0,-17.0,27.016434000188383,manual
1767947158462,Sunny,Day,0.06566840277777777,100.0,-18.0,27.289633000009417,manual
1767947158494,Sunny,Day,0.06510416666666667,100.0,-18.0,26.615347999950245,manual
1767947158525,Sunny,Day,0.06501736111111112,100.0,-17.0,25.311424999927112,manual
1767947158557,Sunny,Day,0.06553819444444445,100.0,-17.0,27.25209699997322,manual
1767947158589,Sunny,Day,0.06549479166666666,100.0,-18.0,27.161449999994147,manual
1767947158620,Sunny,Day,0.06553819444444445,100.0,-18.0,26.671161999956894,manual
1767947158651,Sunny,Day,0.06458333333333334,100.0,-18.0,26.467645999900924,manual
1767947158682,Sunny,Day,0.06558159722222222,100.0,-17.0,26.668235999977696,manual
1767947158713,Sunny,Day,0.06553819444444445,100.0,-18.0,26.861806999932014,manual
1767947158746,Sunny,Day,0.065625,100.0,-17.0,26.952471999948102,manual
1767947158778,Sunny,Day,0.06519097222222223,100.0,-18.0,27.714607999996588,manual
1767947158809,Sunny,Day,0.06497395833333333,100.0,-18.0,25.755731999879572,manual
1767947158841,Sunny,Day,0.06558159722222222,100.0,-18.0,24.557585000138715,manual
1767947158871,Sunny,Day,0.06540798611111111,100.0,-17.0,25.808787000187294,manual
1767947158901,Sunny,Day,0.06488715277777778,100.0,-18.0,25.51623599993036,manual
1767947158933,Sunny,Day,0.06527777777777778,100.0,-17.0,27.270096999927773,manual
1767947158965,Sunny,Day,0.065234375,100.0,-17.0,27.136931999848457,manual
1767947158997,Sunny,Day,0.06571180555555556,100.0,-17.0,27.176895000138757,manual
1767947159027,Sunny,Day,0.06532118055555555,100.0,-18.0,26.21905799992419,manual
1767947159059,Sunny,Day,0.06510416666666667,100.0,-18.0,27.336114000036105,manual
1767947159090,Sunny,Day,0.06540798611111111,100.0,-18.0,26.344760000029055,manual
1767947159122,Sunny,Day,0.06566840277777777,100.0,-17.0,27.148155000077168,manual
1767947159154,Sunny,Day,0.06519097222222223,100.0,-17.0,24.58967699999448,manual
1767947159185,Sunny,Day,0.06471354166666667,100.0,-18.0,25.877767999872958,manual
1767947159216,Sunny,Day,0.06506076388888889,100.0,-17.0,26.124818999960553,manual
1767947159247,Sunny,Day,0.06519097222222223,100.0,-17.0,26.867288999937955,manual
1767947159280,Sunny,Day,0.06532118055555555,100.0,-18.0,27.64866500001517,manual
1767947159310,Sunny,Day,0.06449652777777778,100.0,-18.0,25.15366800002994,manual
1767947159343,Sunny,Day,0.06458333333333334,100.0,-17.0,29.10890099997232,manual
1767947159373,Sunny,Day,0.065234375,100.0,-17.0,24.998559000096066,manual
1767947159406,Sunny,Day,0.06540798611111111,100.0,-18.0,28.070157999991352,manual
1767947159435,Sunny,Day,0.06527777777777778,100.0,-18.0,25.287814000193976,manual
1767947159467,Sunny,Day,0.06527777777777778,100.0,-17.0,25.965951999978643,manual
1767947159498,Sunny,Day,0.06536458333333334,100.0,-18.0,26.785142000107953,manual
1767947159530,Sunny,Day,0.06553819444444445,100.0,-18.0,26.830140999891228,manual
1767947159563,Sunny,Day,0.06532118055555555,100.0,-18.0,24.08442599994487,manual
1767947159593,Sunny,Day,0.06536458333333334,100.0,-18.0,25.922989000036978,manual
1767947159624,Sunny,Day,0.06536458333333334,100.0,-18.0,26.37813000001188,manual
1767947159655,Sunny,Day,0.06584201388888888,100.0,-17.0,26.914268999917113,manual
1767947159687,Sunny,Day,0.06579861111111111,100.0,-18.0,27.278671000203758,manual
1767947159718,Sunny,Day,0.06566840277777777,100.0,-18.0,26.30513099984455,manual
1767947159750,Sunny,Day,0.06527777777777778,100.0,-18.0,26.905213999953048,manual
1767947159781,Sunny,Day,0.06605902777777778,100.0,-17.0,26.99071200004255,manual
1767947159814,Sunny,Day,0.06584201388888888,100.0,-18.0,28.193564000048355,manual
1767947159845,Sunny,Day,0.06532118055555555,100.0,-18.0,27.3500220000642,manual
1767947159875,Sunny,Day,0.06540798611111111,100.0,-17.0,25.26140800000576,manual
1767947159907,Sunny,Day,0.06571180555555556,100.0,-17.0,26.243910000175674,manual
1767947159940,Sunny,Day,0.065234375,100.0,-18.0,28.48424400008298,manual
1767947159970,Sunny,Day,0.06579861111111111,100.0,-18.0,26.049616999898717,manual
1767947160001,Sunny,Day,0.06549479166666666,100.0,-18.0,25.631808000071032,manual
1767947160032,Sunny,Day,0.06480034722222222,100.0,-18.0,27.218430999937482,manual
1767947160064,Sunny,Day,0.06532118055555555,100.0,-17.0,26.60840399994413,manual
1767947160095,Sunny,Day,0.06536458333333334,100.0,-18.0,26.841529999956037,manual
1767947160126,Sunny,Day,0.06527777777777778,100.0,-18.0,26.741920999938884,manual
1767947160158,Sunny,Day,0.06510416666666667,100.0,-18.0,27.144803000055617,manual
1767947160189,Sunny,Day,0.065625,100.0,-17.0,24.832563000018126,manual
1767947160222,Sunny,Day,0.06584201388888888,100.0,-17.0,28.393191000077422,manual
1767947160252,Sunny,Day,0.06497395833333333,100.0,-18.0,23.46793699985028,manual
1767947160283,Sunny,Day,0.06532118055555555,100.0,-18.0,26.409389000036754,manual
1767947160318,Sunny,Day,0.06540798611111111,100.0,-18.0,3.5980350000954786,auto
1767947160347,Sunny,Day,0.065234375,100.0,-17.0,8.286718000135807,auto
1767947160378,Sunny,Day,0.06462673611111111,100.0,-17.0,10.024041999940891,auto
1767947160411,Sunny,Day,0.06393229166666667,100.0,-17.0,9.252702999901885,auto
1767947160440,Sunny,Day,0.062890625,100.0,-16.0,8.104906999960804,auto
1767947160472,Sunny,Day,0.062890625,100.0,-16.0,17.65845599993554,auto
1767947160503,Sunny,Day,0.0625,100.0,-14.0,15.219013999967501,auto
1767947160534,Sunny,Day,0.06163194444444445,100.0,-13.0,11.680459999979576,auto
1767947160567,Sunny,Day,0.06276041666666667,100.0,-12.0,18.717421000019385,auto
1767947160598,Sunny,Day,0.06236979166666667,100.0,-11.0,17.103909000070416,auto
1767947160632,Sunny,Day,0.0627170138888889,100.0,-10.0,20.076786999879914,auto
1767947160662,Sunny,Day,0.06158854166666667,100.0,-9.0,16.890745999944556,auto
1767947160693,Sunny,Day,0.062239583333333334,100.0,-8.0,17.629827000064324,auto
1767947160724,Sunny,Day,0.06171875,100.0,-8.0,17.473311000003378,auto
1767947160756,Sunny,Day,0.061197916666666664,100.0,-8.0,19.267411000100765,auto
1767947160788,Sunny,Day,0.059071180555555554,100.0,-8.0,17.021039999917775,auto
1767947160818,Sunny,Day,0.05755208333333333,100.0,-8.0,16.683731000057378,auto
1767947160851,Sunny,Day,0.05559895833333333,100.0,-8.0,19.299300000056974,auto
1767947160881,Sunny,Day,0.05290798611111111,100.0,-8.0,17.11798299993461,auto
1767947160912,Sunny,Day,0.04969618055555555,99.3923611111111,-9.0,17.30862799990973,auto
1767947160943,Sunny,Day,0.04722222222222222,94.44444444444444,-9.0,17.60306800019862,auto
1767947160974,Sunny,Day,0.045399305555555554,90.79861111111111,-10.0,17.836676000115403,auto
1767947161006,Sunny,Day,0.04353298611111111,87.06597222222221,-9.0,16.554121999888594,auto
1767947161038,Sunny,Day,0.040928819444444445,81.85763888888889,-10.0,11.002859999962311,auto
1767947161069,Sunny,Day,0.038975694444444445,77.95138888888889,-10.0,16.432549999990442,auto
1767947161100,Sunny,Day,0.03715277777777778,74.30555555555556,-9.0,16.92539400005444,auto
1767947161131,Sunny,Day,0.035069444444444445,70.13888888888889,-10.0,15.786189999971612,auto
1767947161163,Sunny,Day,0.03259548611111111,65.19097222222223,-9.0,17.781881000018984,auto
1767947161195,Sunny,Day,0.03177083333333333,63.541666666666664,-9.0,8.840949999921577,auto
1767947161227,Sunny,Day,0.030164930555555556,60.329861111111114,57.0,15.004368999825601,auto
1767947161258,Sunny,Day,0.02816840277777778,56.33680555555556,58.0,10.12444800016965,auto
1767947161291,Sunny,Day,0.026605902777777777,53.21180555555556,60.0,14.335398999946847,auto
1767947161320,Sunny,Day,0.024522569444444444,49.045138888888886,60.0,6.003606999911426,auto
1767947161351,Sunny,Day,0.021571180555555555,43.14236111111111,57.0,9.130093999829114,auto
1767947161384,Sunny,Day,0.023046875,46.09375,53.0,19.10235900004409,auto
1767947161415,Sunny,Day,0.028993055555555557,57.986111111111114,50.0,5.5600769999273325,auto
1767947161448,Sunny,Day,0.033680555555555554,67.36111111111111,45.0,8.321236000028875,auto
1767947161479,Sunny,Day,0.04045138888888889,80.90277777777779,40.0,8.546546999923521,auto
1767947161510,Sunny,Day,0.04765625,95.3125,37.0,5.986589000031017,auto
1767947161542,Sunny,Day,0.053515625,100.0,32.0,3.9569000000483356,auto
1767947161574,Sunny,Day,0.06163194444444445,100.0,28.0,5.525577999833331,auto
1767947161603,Sunny,Day,0.06710069444444444,100.0,25.0,7.26156800010358,auto
1767947161634,Sunny,Day,0.07447916666666667,100.0,22.0,12.974532000043837,auto
1767947161665,Sunny,Day,0.08098958333333334,100.0,19.0,11.452168000005258,auto
1767947161696,Sunny,Day,0.08680555555555555,100.0,16.0,11.42870400008178,auto
1767947161728,Sunny,Day,0.092578125,100.0,13.0,10.114151999914611,auto
1767947161759,Sunny,Day,0.09748263888888889,100.0,9.0,11.502129999826138,auto
1767947161791,Sunny,Day,0.10034722222222223,100.0,6.0,10.961009000084232,auto
1767947161822,Sunny,Day,0.10407986111111112,100.0,29.0,15.983317000063835,auto
1767947161855,Sunny,Day,0.10759548611111111,100.0,23.0,14.243474999830141,auto
1767947161885,Sunny,Day,0.11028645833333334,100.0,19.0,10.025172000041493,auto
1767947161917,Sunny,Day,0.12105034722222222,100.0,13.0,13.87466599999243,auto
1767947161947,Sunny,Day,0.12078993055555555,100.0,3.0,11.820049999869298,auto
1767947161979,Sunny,Day,0.11979166666666667,100.0,-4.0,18.33024199981992,auto
1767947162010,Sunny,Day,0.12100694444444444,100.0,-11.0,18.31066800014014,auto
1767947162042,Sunny,Day,0.12191840277777778,100.0,-15.0,13.301841999918906,auto
1767947162074,Sunny,Day,0.12248263888888888,100.0,-18.0,19.14828399981161,auto
1767947162106,Sunny,Day,0.12287326388888889,100.0,-19.0,16.036093999900913,auto
1767947162136,Sunny,Day,0.12269965277777778,100.0,-77.0,16.404717000114033,auto
1767947162168,Sunny,Day,0.120703125,100.0,-17.0,17.365258000154427,auto
1767947162200,Sunny,Day,0.1208767361111111,100.0,-75.0,18.188226000120267,auto
1767947162233,Sunny,Day,0.11987847222222223,100.0,-71.0,9.682955000016591,auto
1767947162264,Sunny,Day,0.11909722222222222,100.0,-3.0,6.313378999948327,auto
1767947162296,Sunny,Day,0.11861979166666667,100.0,-68.0,13.560411999833377,auto
1767947162330,Sunny,Day,0.11827256944444445,100.0,-60.0,9.94254300007924,auto
1767947162363,Sunny,Day,0.11623263888888889,100.0,11.0,6.202843999972174,auto
1767947162387,Sunny,Day,0.1154513888888889,100.0,-57.0,9.247222000112743,auto
1767947162419,Sunny,Day,0.11458333333333333,100.0,-49.0,7.4473610000040935,auto
1767947162452,Sunny,Day,0.10998263888888889,100.0,26.0,9.59714200007511,auto
1767947162483,Sunny,Day,0.11059027777777777,100.0,28.0,14.338305999899603,auto
1767947162513,Sunny,Day,0.11028645833333334,100.0,35.0,16.551344999925277,auto
1767947162544,Sunny,Day,0.10911458333333333,100.0,35.0,5.7497960001455795,auto
1767947162576,Sunny,Day,0.10933159722222222,100.0,33.0,11.534944000004543,auto
1767947162607,Sunny,Day,0.11979166666666667,100.0,25.0,11.705255999913788,auto
1767947162638,Sunny,Day,0.12092013888888889,100.0,16.0,11.879918999966321,auto
1767947162672,Sunny,Day,0.12413194444444445,100.0,-79.0,12.178618999996615,auto
1767947162702,Sunny,Day,0.12430555555555556,100.0,0.0,9.455940999941959,auto
1767947162735,Sunny,Day,0.122265625,100.0,-5.0,6.729483999833974,auto
1767947162764,Sunny,Day,0.1263454861111111,100.0,-6.0,15.359383000031812,auto
1767947162796,Sunny,Day,0.12664930555555556,100.0,66.0,18.246132999820475,auto
1767947162827,Sunny,Day,0.12825520833333334,100.0,-4.0,15.85391100002198,auto
1767947162858,Sunny,Day,0.12552083333333333,100.0,-3.0,16.155296000079034,auto
1767947162889,Sunny,Day,0.1293402777777778,100.0,58.0,9.708250999892698,auto
1767947162921,Sunny,Day,0.1314670138888889,100.0,-12.0,6.713243000149305,auto
1767947162952,Sunny,Day,0.12703993055555557,100.0,-12.0,10.284890000093583,auto
1767947162984,Sunny,Day,0.12721354166666668,100.0,47.0,11.508685000080732,auto
1767947163016,Sunny,Day,0.12565104166666666,100.0,-18.0,16.92237599991131,auto
1767947163049,Sunny,Day,0.12751736111111112,100.0,41.0,11.524314000098457,auto
1767947163081,Sunny,Day,0.13624131944444445,100.0,36.0,7.676154000137103,auto
1767947163110,Sunny,Day,0.12647569444444445,100.0,32.0,13.496320000058404,auto
1767947163141,Sunny,Day,0.12669270833333332,100.0,-24.0,6.217734000074415,auto
1767947163173,Sunny,Day,0.1254340277777778,100.0,26.0,7.80598600022131,auto
1767947163203,Sunny,Day,0.12404513888888889,100.0,-33.0,14.176716000065426,auto
1767947163235,Sunny,Day,0.12404513888888889,100.0,19.0,17.647308000050543,auto
1767947163268,Sunny,Day,0.12378472222222223,100.0,18.0,10.318445999928372,auto
1767947163298,Sunny,Day,0.12491319444444444,100.0,16.0,9.710491999840087,auto
1767947163329,Sunny,Day,0.12608506944444445,100.0,-35.0,9.119002000034016,auto
1767947163360,Sunny,Day,0.12408854166666666,100.0,-37.0,8.088943999837284,auto
1767947163392,Sunny,Day,0.12443576388888888,100.0,7.0,11.662423999950988,auto
1767947163424,Sunny,Day,0.12092013888888889,100.0,3.0,12.815959999898041,auto
1767947163457,Sunny,Day,0.12573784722222223,100.0,4.0,9.236815000122078,auto
1767947163488,Sunny,Day,0.12426215277777777,100.0,3.0,11.369576999868514,auto
1767947163518,Sunny,Day,0.12239583333333333,100.0,-3.0,10.51131200006239,auto
1767947163549,Sunny,Day,0.117578125,100.0,-4.0,15.140237999958117,auto
1767947163581,Sunny,Day,0.11653645833333333,100.0,-6.0,10.528257000032681,auto
1767947163612,Sunny,Day,0.11480034722222222,100.0,-9.0,10.633237000092777,auto
1767947163643,Sunny,Day,0.11002604166666667,100.0,-12.0,9.20461200007594,auto
1767947163675,Sunny,Day,0.10256076388888889,100.0,-17.0,8.945504000166693,auto
1767947163707,Sunny,Day,0.09613715277777778,100.0,-23.0,5.198231000122178,auto
1767947163738,Sunny,Day,0.08723958333333333,100.0,-29.0,11.682201000212444,auto
1767947163770,Sunny,Day,0.08055555555555556,100.0,-34.0,17.180946000053154,auto
1767947163802,Sunny,Day,0.07473958333333333,100.0,-37.0,15.364234999879045,auto
1767947163832,Sunny,Day,0.07330729166666666,100.0,-39.0,16.471124000190684,auto
1767947163864,Sunny,Day,0.07161458333333333,100.0,-39.0,5.547873999830699,auto
1767947163897,Sunny,Day,0.07178819444444444,100.0,-39.0,8.911448999924687,auto
1767947163926,Sunny,Day,0.07118055555555555,100.0,-39.0,11.924492999924041,auto
1767947163958,Sunny,Day,0.07243923611111111,100.0,-38.0,14.887185999896246,auto
1767947163990,Sunny,Day,0.07395833333333333,100.0,-38.0,11.4508899998782,auto
1767947164020,Sunny,Day,0.07604166666666666,100.0,-36.0,5.648483999948439,auto
1767947164054,Sunny,Day,0.07795138888888889,100.0,-35.0,14.02779299996837,auto
1767947164085,Sunny,Day,0.07921006944444445,100.0,-33.0,8.023093000019799,auto
1767947164115,Sunny,Day,0.08168402777777778,100.0,-31.0,5.549484999846754,auto
1767947164146,Sunny,Day,0.08459201388888889,100.0,-29.0,10.062783000194031,auto
1767947164179,Sunny,Day,0.08728298611111111,100.0,-27.0,13.101548999884471,auto
1767947164210,Sunny,Day,0.08806423611111111,100.0,-25.0,6.702187999962916,auto
1767947164240,Sunny,Day,0.08880208333333334,100.0,-23.0,8.008019000044442,auto
1767947164273,Sunny,Day,0.08997395833333334,100.0,-21.0,12.041140000064843,auto
1767947164307,Sunny,Day,0.08641493055555556,100.0,-20.0,11.739978000150586,auto
1767947164334,Sunny,Day,0.08441840277777778,100.0,-20.0,12.8898670000126,auto
1767947164368,Sunny,Day,0.08394097222222222,100.0,-20.0,5.874016000007032,auto
1767947164398,Sunny,Day,0.08263888888888889,100.0,-19.0,5.239248999941992,auto
1767947164429,Sunny,Day,0.08237847222222222,100.0,-18.0,13.402322000047207,auto
1767947164460,Sunny,Day,0.08151041666666667,100.0,-17.0,8.791543999905116,auto
1767947164491,Sunny,Day,0.08116319444444445,100.0,-15.0,17.46355299997049,auto
1767947164522,Sunny,Day,0.08120659722222222,100.0,-14.0,8.545861999891713,auto
1767947164555,Sunny,Day,0.08077256944444444,100.0,-13.0,14.516970999920886,auto
1767947164585,Sunny,Day,0.08042534722222222,100.0,-12.0,6.7839099999673635,auto
1767947164620,Sunny,Day,0.07921006944444445,100.0,-10.0,3.0102849998456804,auto
1767947164648,Sunny,Day,0.07912326388888889,100.0,-9.0,8.263145000000804,auto
1767947164681,Sunny,Day,0.08003472222222222,100.0,-8.0,13.739611999881163,auto
1767947164719,Sunny,Day,0.07981770833333333,100.0,-7.0,14.106569999967178,auto
1767947164746,Sunny,Day,0.07894965277777778,100.0,-6.0,5.521541000007346,auto
1767947164778,Sunny,Day,0.07912326388888889,100.0,-6.0,6.598783000072217,auto
1767947164811,Sunny,Day,0.07847222222222222,100.0,-7.0,8.435698000084813,auto
1767947164836,Sunny,Day,0.07734375,100.0,-8.0,9.820935000107056,auto
1767947164868,Sunny,Day,0.07586805555555555,100.0,-9.0,14.573025999879974,auto
1767947164900,Sunny,Day,0.075,100.0,-10.0,7.905076999804805,auto
1767947164931,Sunny,Day,0.07486979166666667,100.0,-11.0,4.699979999941206,auto
1767947164962,Sunny,Day,0.07387152777777778,100.0,-12.0,8.951597000077527,auto
1767947164995,Sunny,Day,0.07374131944444444,100.0,-13.0,10.592365999855247,auto
1767947165027,Sunny,Day,0.07365451388888888,100.0,-13.0,9.829824000007648,auto
1767947165056,Sunny,Day,0.07339409722222222,100.0,-12.0,10.304926999879171,auto
1767947165089,Sunny,Day,0.072265625,100.0,-12.0,8.509623000009015,auto
1767947165123,Sunny,Day,0.07096354166666667,100.0,-11.0,9.649752999848715,auto
1767947165151,Sunny,Day,0.070703125,100.0,-10.0,7.029609000028358,auto
1767947165183,Sunny,Day,0.07039930555555556,100.0,-9.0,7.74454199995489,auto
1767947165214,Sunny,Day,0.07157118055555556,100.0,-8.0,6.126308999910179,auto
1767947165245,Sunny,Day,0.07096354166666667,100.0,-7.0,7.363826000073459,auto
1767947165278,Sunny,Day,0.07200520833333333,100.0,-6.0,11.742775000129768,auto
1767947165310,Sunny,Day,0.07230902777777778,100.0,-6.0,5.826313999932609,auto
1767947165339,Sunny,Day,0.07118055555555555,100.0,-7.0,9.83911999992415,auto
1767947165370,Sunny,Day,0.070703125,100.0,-7.0,14.950240999951347,auto
1767947165402,Sunny,Day,0.07005208333333333,100.0,-8.0,15.222495999978491,auto
1767947165433,Sunny,Day,0.06870659722222222,100.0,-9.0,11.272468000015579,auto
1767947165464,Sunny,Day,0.06892361111111112,100.0,-9.0,11.630850000074133,auto
1767947165496,Sunny,Day,0.0685763888888889,100.0,-10.0,17.65788300008353,auto
1767947165529,Sunny,Day,0.068359375,100.0,-10.0,12.713537000081487,auto
1767947165559,Sunny,Day,0.06775173611111111,100.0,-10.0,9.369553000169617,auto
1767947165590,Sunny,Day,0.06762152777777777,100.0,-10.0,8.99587399999291,auto
1767947165622,Sunny,Day,0.06766493055555556,100.0,-9.0,8.442382999874098,auto
1767947165654,Sunny,Day,0.06723090277777778,100.0,-9.0,10.034190999931525,auto
1767947165688,Sunny,Day,0.06675347222222222,100.0,-9.0,14.763892000019041,auto
1767947165718,Sunny,Day,0.06692708333333333,100.0,-8.0,8.406809999996767,auto
1767947165747,Sunny,Day,0.06688368055555556,100.0,-7.0,11.135081000020364,auto
1767947165780,Sunny,Day,0.066796875,100.0,-7.0,19.10715600001822,auto
1767947165812,Sunny,Day,0.06623263888888889,100.0,-6.0,11.050006999994366,auto
1767947165843,Sunny,Day,0.06614583333333333,100.0,-6.0,3.793050000012954,auto
1767947165873,Sunny,Day,0.066015625,100.0,-6.0,7.0633130001169775,auto
1767947165905,Sunny,Day,0.065625,100.0,-6.0,13.600912000129028,auto
1767947165937,Sunny,Day,0.06514756944444444,100.0,-7.0,16.62284400003955,auto
1767947165967,Sunny,Day,0.06484375,100.0,-7.0,9.718233000057808,auto
1767947165999,Sunny,Day,0.06458333333333334,100.0,-7.0,5.069197000011627,auto
1767947166031,Sunny,Day,0.06432291666666666,100.0,-7.0,7.1505519999846,auto
1767947166063,Sunny,Day,0.06419270833333333,100.0,-7.0,12.337376000004951,auto
1767947166096,Sunny,Day,0.06393229166666667,100.0,-7.0,5.478652999954647,auto
1767947166126,Sunny,Day,0.06388888888888888,100.0,-7.0,4.249432000051456,auto
1767947166155,Sunny,Day,0.06380208333333333,100.0,-6.0,8.121759000005113,auto
1767947166188,Sunny,Day,0.06319444444444444,100.0,-7.0,11.160894999875381,auto
1767947166219,Sunny,Day,0.06341145833333334,100.0,-7.0,10.224112999821955,auto
1767947166252,Sunny,Day,0.06328125,100.0,-7.0,14.498822999939875,auto
1767947166283,Sunny,Day,0.06297743055555556,100.0,-7.0,9.334961999911684,auto
1767947166314,Sunny,Day,0.06336805555555555,100.0,-7.0,6.241215000045486,auto
1767947166348,Sunny,Day,0.06306423611111112,100.0,-6.0,9.307536000051186,auto
1767947166376,Sunny,Day,0.06315104166666667,100.0,-6.0,8.946597999965888,auto
1767947166409,Sunny,Day,0.06284722222222222,100.0,-6.0,8.719804000065778,auto
1767947166440,Sunny,Day,0.06302083333333333,100.0,-6.0,12.159750000137137,auto
1767947166469,Sunny,Day,0.06328125,100.0,-6.0,9.465810999927271,auto
1767947166501,Sunny,Day,0.06228298611111111,100.0,-6.0,12.836441999979797,auto
1767947166532,Sunny,Day,0.06293402777777778,100.0,-6.0,8.872042999882979,auto
1767947166564,Sunny,Day,0.06310763888888889,100.0,-6.0,7.286012999884406,auto
1767947166595,Sunny,Day,0.06323784722222223,100.0,-6.0,15.433604000008927,auto
1767947166628,Sunny,Day,0.06315104166666667,100.0,-5.0,6.748261999973693,auto
1767947166662,Sunny,Day,0.06332465277777778,100.0,-5.0,4.461891000119067,auto
1767947166690,Sunny,Day,0.06310763888888889,100.0,-5.0,3.485573999796543,auto
1767947166721,Sunny,Day,0.06254340277777778,100.0,-5.0,8.782581000104983,auto
1767947166754,Sunny,Day,0.06263020833333334,100.0,-5.0,12.001899999859234,auto
1767947166783,Sunny,Day,0.06297743055555556,100.0,-5.0,9.292868999864368,auto
1767947166815,Sunny,Day,0.06293402777777778,100.0,-5.0,10.05528299992875,auto
1767947166846,Sunny,Day,0.0627170138888889,100.0,-5.0,9.981470000184345,auto
1767947166877,Sunny,Day,0.0627170138888889,100.0,-5.0,17.926138999882824,auto
1767947166911,Sunny,Day,0.06245659722222222,100.0,-5.0,13.160436999896774,auto
1767947166943,Sunny,Day,0.06215277777777778,100.0,-5.0,3.475444000059724,auto
1767947166972,Sunny,Day,0.06245659722222222,100.0,-5.0,6.9834810001339065,auto
1767947167003,Sunny,Day,0.062065972222222224,100.0,-5.0,15.035276999924463,auto
1767947167038,Sunny,Day,0.06189236111111111,100.0,-5.0,14.286770999888176,auto
1767947167067,Sunny,Day,0.062065972222222224,100.0,-6.0,12.425375000020722,auto
1767947167097,Sunny,Day,0.06189236111111111,100.0,-6.0,16.726047000020117,auto
1767947167131,Sunny,Day,0.06150173611111111,100.0,-6.0,19.807442000001174,auto
1767947167162,Sunny,Day,0.0625,100.0,-5.0,12.516262999952232,auto
1767947167191,Sunny,Day,0.06236979166666667,100.0,-5.0,7.795300999987376,auto
1767947167228,Sunny,Day,0.06176215277777778,100.0,-5.0,19.799979000026724,auto
1767947167260,Sunny,Day,0.06150173611111111,100.0,-5.0,9.349332000056165,auto
1767947167286,Sunny,Day,0.06219618055555556,100.0,-5.0,6.998629000008805,auto
1767947167318,Sunny,Day,0.06254340277777778,100.0,-5.0,10.110448999967048,auto
1767947167348,Sunny,Day,0.06228298611111111,100.0,-5.0,14.980667999907382,auto
1767947167381,Sunny,Day,0.06232638888888889,100.0,-5.0,18.164894999927128,auto
1767947167412,Sunny,Day,0.06263020833333334,100.0,-5.0,14.076867000085258,auto
1767947167446,Sunny,Day,0.06258680555555556,100.0,-5.0,4.978123999990203,auto
1767947167478,Sunny,Day,0.06276041666666667,100.0,-5.0,5.9013499999309715,auto
1767947167505,Sunny,Day,0.06276041666666667,100.0,-5.0,7.203144000186512,auto
1767947167537,Sunny,Day,0.06306423611111112,100.0,-4.0,13.300342000093224,auto
1767947167572,Sunny,Day,0.06310763888888889,100.0,-4.0,10.899307000045155,auto
1767947167604,Sunny,Day,0.06332465277777778,100.0,-4.0,6.13012400003754,auto
1767947167634,Sunny,Day,0.06362847222222222,100.0,-4.0,7.100292999894009,auto
1767947167663,Sunny,Day,0.06371527777777777,100.0,-4.0,9.92743300002985,auto
1767947167694,Sunny,Day,0.06384548611111111,100.0,-4.0,7.569785999976375,auto
1767947167728,Sunny,Day,0.06384548611111111,100.0,-4.0,9.361256999909529,auto
1767947167758,Sunny,Day,0.06410590277777778,100.0,-4.0,7.2207549999347975,auto
1767947167789,Sunny,Day,0.06414930555555555,100.0,-5.0,9.728085000006104,auto
1767947167819,Sunny,Day,0.0642361111111111,100.0,-4.0,16.416773999935685,auto
1767947167851,Sunny,Day,0.0642361111111111,100.0,-4.0,15.604287000087425,auto
1767947167882,Sunny,Day,0.06427951388888889,100.0,-4.0,11.666164999951434,auto
1767947167913,Sunny,Day,0.06462673611111111,100.0,-4.0,9.523513999965871,auto
1767947167947,Sunny,Day,0.06436631944444444,100.0,-4.0,11.311688999967373,auto
1767947167981,Sunny,Day,0.06440972222222222,100.0,-4.0,13.80377899999985,auto
1767947168008,Sunny,Day,0.06458333333333334,100.0,-4.0,7.386030000134269,auto
1767947168039,Sunny,Day,0.06453993055555556,100.0,-4.0,17.936620999989827,auto
1767947168073,Sunny,Day,0.06440972222222222,100.0,-4.0,20.800648999966143,auto
1767947168102,Sunny,Day,0.06493055555555556,100.0,-4.0,6.715337000059662,auto
1767947168134,Sunny,Day,0.06462673611111111,100.0,-4.0,16.277129000172863,auto
1767947168168,Sunny,Day,0.06480034722222222,100.0,-4.0,13.948165999863704,auto
1767947168198,Sunny,Day,0.06493055555555556,100.0,-4.0,6.469841000125598,auto
1767947168227,Sunny,Day,0.0646701388888889,100.0,-4.0,12.195453000003909,auto
1767947168259,Sunny,Day,0.06458333333333334,100.0,-4.0,8.82837699987249,auto
1767947168291,Sunny,Day,0.06414930555555555,100.0,-4.0,9.615345999918645,auto
1767947168322,Sunny,Day,0.06410590277777778,100.0,-4.0,9.215519000008499,auto
1767947168353,Sunny,Day,0.06384548611111111,100.0,-4.0,13.701373999992938,auto
1767947168385,Sunny,Day,0.06358506944444445,100.0,-4.0,8.57658499990066,auto
1767947168416,Sunny,Day,0.06319444444444444,100.0,-3.0,9.647346000065227,auto
1767947168447,Sunny,Day,0.06323784722222223,100.0,-3.0,17.920120000098905,auto
1767947168479,Sunny,Day,0.06328125,100.0,-3.0,8.715860999927827,auto
1767947168510,Sunny,Day,0.06319444444444444,100.0,-3.0,4.854755999986082,auto
1767947168541,Sunny,Day,0.06315104166666667,100.0,-3.0,11.274670999910086,auto
1767947168575,Sunny,Day,0.06315104166666667,100.0,-4.0,9.659771000087858,auto
1767947168604,Sunny,Day,0.06297743055555556,100.0,-4.0,10.521184000026551,auto
1767947168636,Sunny,Day,0.062890625,100.0,-4.0,10.136431000091761,auto
1767947168669,Sunny,Day,0.06258680555555556,100.0,-4.0,7.438918000161721,auto
1767947168704,Sunny,Day,0.06258680555555556,100.0,-3.0,8.234072000050219,auto
1767947168730,Sunny,Day,0.06267361111111111,100.0,-3.0,5.736279000075228,auto
1767947168765,Sunny,Day,0.06276041666666667,100.0,-3.0,20.50152300012087,auto
1767947168795,Sunny,Day,0.06258680555555556,100.0,-3.0,15.101980000054027,auto
1767947168824,Sunny,Day,0.06245659722222222,100.0,-3.0,14.200531999904342,auto
1767947168856,Sunny,Day,0.06267361111111111,100.0,-3.0,16.54571699987173,auto
1767947168888,Sunny,Day,0.06236979166666667,100.0,-3.0,16.312108999954944,auto
1767947168918,Sunny,Day,0.06236979166666667,100.0,-3.0,9.195889000011448,auto
1767947168952,Sunny,Day,0.06280381944444445,100.0,-3.0,10.791493000169794,auto
1767947168983,Sunny,Day,0.062065972222222224,100.0,-3.0,17.117465999945125,auto
1767947169015,Sunny,Day,0.062109375,100.0,-2.0,18.17004199983785,auto
1767947169044,Sunny,Day,0.06232638888888889,100.0,-2.0,14.016293999929985,auto
1767947169077,Sunny,Day,0.06258680555555556,100.0,-2.0,12.925682000059169,auto
1767947169109,Sunny,Day,0.062065972222222224,100.0,-2.0,12.150491000056718,auto
1767947169138,Sunny,Day,0.06180555555555556,100.0,-2.0,13.941257999931622,auto
1767947169173,Sunny,Day,0.06180555555555556,100.0,-2.0,20.9242030000496,auto
1767947169203,Sunny,Day,0.06158854166666667,100.0,-2.0,16.059242999972412,auto
1767947169232,Sunny,Day,0.06171875,100.0,-2.0,8.83791499995823,auto
1767947169264,Sunny,Day,0.06145833333333333,100.0,-2.0,9.949397000127647,auto
1767947169296,Sunny,Day,0.06145833333333333,100.0,-3.0,15.451141999847096,auto
1767947169327,Sunny,Day,0.06141493055555555,100.0,-3.0,6.552802999976848,auto
1767947169360,Sunny,Day,0.06128472222222222,100.0,-3.0,11.17543200007276,auto
1767947169389,Sunny,Day,0.06145833333333333,100.0,-3.0,8.417329000167229,auto
1767947169423,Sunny,Day,0.06145833333333333,100.0,-3.0,11.524648999966303,auto
1767947169452,Sunny,Day,0.06145833333333333,100.0,-2.0,14.097626000193486,auto
1767947169483,Sunny,Day,0.06124131944444444,100.0,-2.0,6.708392999826174,auto
1767947169517,Sunny,Day,0.06128472222222222,100.0,-2.0,6.362843000033536,auto
1767947169551,Sunny,Day,0.06115451388888889,100.0,-2.0,8.242015999940122,auto
1767947169578,Sunny,Day,0.06163194444444445,100.0,-2.0,6.047680999927252,auto
1767947169612,Sunny,Day,0.06128472222222222,100.0,-2.0,21.457342000076096,auto
1767947169640,Sunny,Day,0.06145833333333333,100.0,-2.0,14.346084999942832,auto
1767947169672,Sunny,Day,0.061197916666666664,100.0,-2.0,8.073685999988811,auto
1767947169707,Sunny,Day,0.061197916666666664,100.0,-2.0,5.065363000085199,auto
1767947169736,Sunny,Day,0.061328125,100.0,-2.0,5.143898999904195,auto
1767947169767,Sunny,Day,0.06128472222222222,100.0,-2.0,10.46353700007785,auto
1767947169803,Sunny,Day,0.061371527777777775,100.0,-2.0,7.537749999983134,auto
1767947169831,Sunny,Day,0.06158854166666667,100.0,-2.0,9.566958000050363,auto
1767947169860,Sunny,Day,0.06128472222222222,100.0,-3.0,7.70293200002925,auto
1767947169893,Sunny,Day,0.06141493055555555,100.0,-3.0,8.634694999955173,auto
1767947169927,Sunny,Day,0.061328125,100.0,-3.0,11.146841000027052,auto
1767947169954,Sunny,Day,0.061328125,100.0,-3.0,6.888963999927,auto
1767947169986,Sunny,Day,0.06163194444444445,100.0,-3.0,17.904324000028282,auto
1767947170018,Sunny,Day,0.06189236111111111,100.0,-3.0,8.938931000102457,auto
1767947170051,Sunny,Day,0.06171875,100.0,-3.0,14.605860000074244,auto
1767947170082,Sunny,Day,0.062065972222222224,100.0,-3.0,8.993467999971472,auto
1767947170111,Sunny,Day,0.062065972222222224,100.0,-3.0,9.281648000069254,auto
1767947170143,Sunny,Day,0.06193576388888889,100.0,-3.0,13.601411999843549,auto
1767947170176,Sunny,Day,0.062239583333333334,100.0,-3.0,11.04615700000977,auto
1767947170206,Sunny,Day,0.06219618055555556,100.0,-3.0,6.517730000041411,auto
1767947170237,Sunny,Day,0.06236979166666667,100.0,-3.0,17.792104000136533,auto
1767947170269,Sunny,Day,0.06232638888888889,100.0,-3.0,18.082211000091775,auto
1767947170300,Sunny,Day,0.06258680555555556,100.0,-3.0,6.480896000084613,auto
1767947170332,Sunny,Day,0.062413194444444445,100.0,-3.0,6.518378000009761,auto
1767947170363,Sunny,Day,0.06258680555555556,100.0,-3.0,9.403553000083775,auto
1767947170395,Sunny,Day,0.062413194444444445,100.0,-3.0,9.573921000082919,auto
1767947170426,Sunny,Day,0.062239583333333334,100.0,-2.0,10.062783999956082,auto
1767947170458,Sunny,Day,0.062413194444444445,100.0,-2.0,5.165195000017775,auto
1767947170488,Sunny,Day,0.0625,100.0,-3.0,8.630732000028729,auto
1767947170521,Sunny,Day,0.062413194444444445,100.0,-3.0,5.146659000047293,auto
1767947170551,Sunny,Day,0.0627170138888889,100.0,-3.0,6.739169999946171,auto
1767947170583,Sunny,Day,0.06219618055555556,100.0,-3.0,9.16761299981772,auto
1767947170616,Sunny,Day,0.06232638888888889,100.0,-3.0,12.294859000121505,auto
1767947170645,Sunny,Day,0.062413194444444445,100.0,-2.0,13.326231000064581,auto
1767947170677,Sunny,Day,0.0625,100.0,-2.0,8.98596699994414,auto
1767947170708,Sunny,Day,0.06258680555555556,100.0,-2.0,9.275350999814691,auto
1767947170740,Sunny,Day,0.0627170138888889,100.0,-2.0,10.379279000062525,auto
1767947170771,Sunny,Day,0.06263020833333334,100.0,-2.0,9.52073600001313,auto
1767947170804,Sunny,Day,0.06280381944444445,100.0,-2.0,11.910717000091608,auto
1767947170835,Sunny,Day,0.06284722222222222,100.0,-2.0,5.887332000156675,auto
1767947170866,Sunny,Day,0.06297743055555556,100.0,-2.0,6.176030999995419,auto
1767947170897,Sunny,Day,0.06297743055555556,100.0,-2.0,11.724905999926705,auto
1767947170933,Sunny,Day,0.06310763888888889,100.0,-2.0,3.983992000030412,auto
1767947170961,Sunny,Day,0.06310763888888889,100.0,-2.0,6.813984000018536,auto
1767947170994,Sunny,Day,0.06280381944444445,100.0,-2.0,18.26315300013448,auto
1767947171024,Sunny,Day,0.06319444444444444,100.0,-2.0,11.758460000010018,auto
1767947171053,Sunny,Day,0.06306423611111112,100.0,-2.0,6.855408999854262,auto
1767947171085,Sunny,Day,0.06323784722222223,100.0,-2.0,17.229169999836813,auto
1767947171119,Sunny,Day,0.06341145833333334,100.0,-2.0,7.04636900013611,auto
1767947171152,Sunny,Day,0.06362847222222222,100.0,-2.0,10.353983000186417,auto
1767947171181,Sunny,Day,0.063671875,100.0,-2.0,4.677369999853909,auto
1767947171212,Sunny,Day,0.06388888888888888,100.0,-2.0,6.020717999945191,auto
1767947171242,Sunny,Day,0.06393229166666667,100.0,-2.0,7.479250999949727,auto
1767947171273,Sunny,Day,0.06410590277777778,100.0,-2.0,6.655726999952094,auto
1767947171305,Sunny,Day,0.0640625,100.0,-2.0,18.17759899995508,auto
1767947171338,Sunny,Day,0.06410590277777778,100.0,-2.0,7.2727730000679,auto
1767947171372,Sunny,Day,0.06401909722222222,100.0,-1.0,11.520427000050404,auto
1767947171399,Sunny,Day,0.06401909722222222,100.0,-1.0,6.728133000024172,auto
1767947171431,Sunny,Day,0.06427951388888889,100.0,-1.0,12.88021999994271,auto
1767947171462,Sunny,Day,0.06462673611111111,100.0,-1.0,5.631354999877658,auto
1767947171496,Sunny,Day,0.065234375,100.0,0.0,9.16614900006607,auto
1767947171527,Sunny,Day,0.06575520833333333,100.0,0.0,7.332808999990448,auto
1767947171560,Sunny,Day,0.06627604166666666,100.0,1.0,5.879499000002397,auto
1767947171588,Sunny,Day,0.066796875,100.0,1.0,7.649081999943519,auto
1767947171619,Sunny,Day,0.06736111111111111,100.0,2.0,15.796137000052113,auto
1767947171651,Sunny,Day,0.06901041666666667,100.0,2.0,6.095384999980524,auto
1767947171683,Sunny,Day,0.07230902777777778,100.0,3.0,6.797650999942562,auto
1767947171715,Sunny,Day,0.07513020833333334,100.0,3.0,12.958866999952079,auto
1767947171745,Sunny,Day,0.076953125,100.0,3.0,13.840279000078226,auto
1767947171777,Sunny,Day,0.08298611111111111,100.0,3.0,12.151249999988067,auto
1767947171807,Sunny,Day,0.08480902777777778,100.0,3.0,17.01693199993315,auto
1767947171840,Sunny,Day,0.08832465277777778,100.0,8.0,4.677240000091842,auto
1767947171870,Sunny,Day,0.09357638888888889,100.0,7.0,9.687549000091167,auto
1767947171901,Sunny,Day,0.09722222222222222,100.0,5.0,15.010000999836848,auto
1767947171933,Sunny,Day,0.101171875,100.0,3.0,18.467186999941987,auto
1767947171964,Sunny,Day,0.10230034722222223,100.0,1.0,15.748470000062298,auto
1767947171995,Sunny,Day,0.10473090277777777,100.0,0.0,16.999413999883473,auto
1767947172028,Sunny,Day,0.10776909722222222,100.0,-1.0,19.823517000077118,auto
1767947172058,Sunny,Day,0.1115451388888889,100.0,-1.0,16.144093999855613,auto
1767947172090,Sunny,Day,0.11510416666666666,100.0,54.0,16.06194700002561,auto
1767947172121,Sunny,Day,0.11636284722222222,100.0,56.0,9.336739999980637,auto
1767947172160,Sunny,Day,0.11853298611111111,100.0,57.0,6.88903900004334,auto
1767947172190,Sunny,Day,0.12434895833333333,100.0,54.0,5.657019999944168,auto
1767947172217,Sunny,Day,0.12795138888888888,100.0,50.0,4.3624120000913535,auto
1767947172252,Sunny,Day,0.12508680555555557,100.0,45.0,11.23961700000109,auto
1767947172280,Sunny,Day,0.12513020833333333,100.0,40.0,4.94206899998062,auto
1767947172311,Sunny,Day,0.11944444444444445,100.0,36.0,12.614742999858208,auto
1767947172343,Sunny,Day,0.11206597222222223,100.0,27.0,9.666938000009395,auto
1767947172376,Sunny,Day,0.11024305555555555,100.0,22.0,15.604455000129747,auto
1767947172404,Sunny,Day,0.10703125,100.0,19.0,6.121364999899015,auto
1767947172436,Sunny,Day,0.10733506944444444,100.0,23.0,10.176689999980226,auto
1767947172468,Sunny,Day,0.10460069444444445,100.0,19.0,5.111122000016621,auto
1767947172502,Sunny,Day,0.10082465277777777,100.0,19.0,2.9244899999412155,auto
1767947172535,Sunny,Day,0.09622395833333333,100.0,19.0,5.4476159998557705,auto
1767947172572,Sunny,Day,0.0954861111111111,100.0,29.0,3.453167000088797,auto
1767947172599,Sunny,Day,0.09609375,100.0,33.0,9.920379000050161,auto
1767947172624,Sunny,Day,0.09505208333333333,100.0,39.0,6.388269000126456,auto
1767947172658,Sunny,Day,0.09236111111111112,100.0,42.0,4.301080000004731,auto
1767947172689,Sunny,Day,0.08993055555555556,100.0,45.0,7.423178000180997,auto
1767947172718,Sunny,Day,0.08585069444444444,100.0,45.0,15.20375699988108,auto
1767947172752,Sunny,Day,0.08324652777777777,100.0,45.0,13.48019200008821,auto
1767947172785,Sunny,Day,0.07808159722222222,100.0,44.0,9.020300999964093,auto
1767947172814,Sunny,Day,0.0759548611111111,100.0,43.0,7.394473999966067,auto
1767947172845,Sunny,Day,0.0763888888888889,100.0,41.0,13.831557000003158,auto
1767947172876,Sunny,Day,0.07521701388888889,100.0,39.0,10.555091000014727,auto
1767947172906,Sunny,Day,0.07230902777777778,100.0,37.0,16.583105999870895,auto
1767947172938,Sunny,Day,0.06801215277777778,100.0,33.0,11.064823999959117,auto
1767947172969,Sunny,Day,0.07404513888888889,100.0,37.0,11.355819000073097,auto
1767947173003,Sunny,Day,0.06697048611111112,100.0,31.0,4.540223999811133,auto
1767947173031,Sunny,Day,0.06818576388888889,100.0,30.0,14.319400999966092,auto
1767947173064,Sunny,Day,0.06540798611111111,100.0,28.0,9.823455000059766,auto
1767947173095,Sunny,Day,0.06866319444444445,100.0,30.0,6.804707000128474,auto
1767947173126,Sunny,Day,0.06744791666666666,100.0,29.0,6.702523000058136,auto
1767947173160,Sunny,Day,0.06319444444444444,100.0,27.0,12.224175000028481,auto
1767947173191,Sunny,Day,0.060546875,100.0,24.0,8.77739699990343,auto
1767947173220,Sunny,Day,0.06332465277777778,100.0,23.0,8.063205000098606,auto
1767947173253,Sunny,Day,0.065625,100.0,26.0,12.624225000081424,auto
1767947173284,Sunny,Day,0.066015625,100.0,27.0,12.402487000144902,auto
1767947173315,Sunny,Day,0.06701388888888889,100.0,28.0,12.151787999982844,auto
1767947173346,Sunny,Day,0.06749131944444445,100.0,27.0,17.887141000073825,auto
1767947173377,Sunny,Day,0.06822916666666666,100.0,26.0,17.335001999981614,auto
1767947173409,Sunny,Day,0.06822916666666666,100.0,27.0,4.999235000013869,auto
1767947173440,Sunny,Day,0.06375868055555556,100.0,28.0,8.105518999855121,auto
1767947173471,Sunny,Day,0.0640625,100.0,28.0,11.049786000057793,auto
1767947173506,Sunny,Day,0.06336805555555555,100.0,25.0,10.013099999923725,auto
1767947173534,Sunny,Day,0.06388888888888888,100.0,25.0,7.458399999904941,auto
1767947173566,Sunny,Day,0.06640625,100.0,24.0,17.721364999943034,auto
1767947173599,Sunny,Day,0.06944444444444445,100.0,24.0,11.979772000131561,auto
1767947173629,Sunny,Day,0.06927083333333334,100.0,25.0,6.226271000059569,auto
1767947173660,Sunny,Day,0.07026909722222222,100.0,24.0,16.428201000053377,auto
1767947173693,Sunny,Day,0.06779513888888888,100.0,23.0,17.122133999919242,auto
1767947173722,Sunny,Day,0.071484375,100.0,22.0,13.786336000066512,auto
1767947173754,Sunny,Day,0.073046875,100.0,22.0,13.86109299983218,auto
1767947173788,Sunny,Day,0.07209201388888889,100.0,21.0,5.104621999862502,auto
1767947173819,Sunny,Day,0.07317708333333334,100.0,20.0,6.868427999961568,auto
1767947173848,Sunny,Day,0.07261284722222222,100.0,17.0,6.927019999920958,auto
1767947173879,Sunny,Day,0.07335069444444445,100.0,16.0,11.414724999895043,auto
1767947173911,Sunny,Day,0.0734375,100.0,15.0,7.162422999954288,auto
1767947173943,Sunny,Day,0.0740017361111111,100.0,13.0,6.517247999909159,auto
1767947173974,Sunny,Day,0.0740017361111111,100.0,11.0,9.141095000131827,auto
1767947174008,Sunny,Day,0.07434895833333334,100.0,9.0,18.087229999991905,auto
1767947174036,Sunny,Day,0.07395833333333333,100.0,8.0,9.874991000060618,auto
1767947174068,Sunny,Day,0.075,100.0,8.0,10.36081600000216,auto
1767947174101,Sunny,Day,0.07621527777777778,100.0,8.0,9.704475000035018,auto
1767947174134,Sunny,Day,0.07738715277777777,100.0,8.0,6.896890000007261,auto
1767947174163,Sunny,Day,0.07942708333333333,100.0,7.0,3.1133020002016565,auto
1767947174196,Sunny,Day,0.08059895833333333,100.0,8.0,5.103252000026259,auto
1767947174227,Sunny,Day,0.082421875,100.0,7.0,6.158512999945742,auto
1767947174256,Sunny,Day,0.08368055555555555,100.0,7.0,8.913894999977856,auto
1767947174289,Sunny,Day,0.08537326388888888,100.0,8.0,19.926035000025877,auto
1767947174321,Sunny,Day,0.08845486111111112,100.0,8.0,17.004136999958064,auto
1767947174350,Sunny,Day,0.08919270833333333,100.0,8.0,15.968116000067312,auto
1767947174382,Sunny,Day,0.09123263888888888,100.0,8.0,11.069268000028387,auto
1767947174413,Sunny,Day,0.09205729166666667,100.0,8.0,7.608470999912242,auto
1767947174446,Sunny,Day,0.09327256944444444,100.0,8.0,8.554901000024984,auto
1767947174478,Sunny,Day,0.09431423611111112,100.0,8.0,11.133433999930276,auto
1767947174512,Sunny,Day,0.09565972222222222,100.0,8.0,10.85697500002425,auto
1767947174542,Sunny,Day,0.09813368055555556,100.0,8.0,13.719430000037391,auto
1767947174570,Sunny,Day,0.09878472222222222,100.0,8.0,14.868282000179533,auto
1767947174602,Sunny,Day,0.10047743055555555,100.0,7.0,8.518715999798587,auto
1767947174633,Sunny,Day,0.10151909722222222,100.0,7.0,8.584603999906903,auto
1767947174666,Sunny,Day,0.10108506944444444,100.0,7.0,10.500944000114032,auto
1767947174698,Sunny,Day,0.10299479166666667,100.0,7.0,14.762282999981835,auto
1767947174729,Sunny,Day,0.10611979166666667,100.0,8.0,5.7008350001979124,auto
1767947174761,Sunny,Day,0.1056857638888889,100.0,7.0,8.162648000052286,auto
1767947174790,Sunny,Day,0.10629340277777778,100.0,7.0,9.653827999954956,auto
1767947174823,Sunny,Day,0.10815972222222223,100.0,7.0,16.30096200005937,auto
1767947174853,Sunny,Day,0.11076388888888888,100.0,7.0,8.119038000131695,auto
1767947174884,Sunny,Day,0.11041666666666666,100.0,7.0,15.551455999911923,auto
1767947174916,Sunny,Day,0.11176215277777778,100.0,7.0,9.907416000032754,auto
1767947174948,Sunny,Day,0.1140625,100.0,7.0,18.833810999922207,auto
1767947174978,Sunny,Day,0.11597222222222223,100.0,7.0,7.980465999935404,auto
1767947175010,Sunny,Day,0.11896701388888889,100.0,8.0,7.322475999899325,auto
1767947175041,Sunny,Day,0.11779513888888889,100.0,8.0,8.168018000105803,auto
1767947175073,Sunny,Day,0.11996527777777778,100.0,9.0,11.007325000036872,auto
1767947175104,Sunny,Day,0.1213107638888889,100.0,10.0,10.79214299988962,auto
1767947175138,Sunny,Day,0.1189236111111111,100.0,10.0,4.496261999975104,auto
1767947175168,Sunny,Day,0.12048611111111111,100.0,12.0,5.47432000007575,auto
1767947175199,Sunny,Day,0.122265625,100.0,12.0,10.946603000093091,auto
1767947175231,Sunny,Day,0.119921875,100.0,13.0,5.065715000000637,auto
1767947175261,Sunny,Day,0.12022569444444445,100.0,14.0,7.017517999884149,auto
1767947175292,Sunny,Day,0.11631944444444445,100.0,15.0,12.0873630000915,auto
1767947175329,Sunny,Day,0.11302083333333333,100.0,16.0,17.576998000095045,auto
1767947175358,Sunny,Day,0.11176215277777778,100.0,17.0,6.257271000094988,auto
1767947175387,Sunny,Day,0.10659722222222222,100.0,19.0,8.835118999968472,auto
1767947175420,Sunny,Day,0.09995659722222222,100.0,21.0,19.301507000136553,auto
1767947175450,Sunny,Day,0.10013020833333333,100.0,20.0,17.192652000176167,auto
1767947175481,Sunny,Day,0.0974392361111111,100.0,18.0,10.7802359998459,auto
1767947175513,Sunny,Day,0.09813368055555556,100.0,17.0,14.453120999860403,auto
1767947175544,Sunny,Day,0.09848090277777778,100.0,14.0,12.473580000005313,auto
1767947175576,Sunny,Day,0.0939670138888889,100.0,12.0,14.245106999851487,auto
1767947175607,Sunny,Day,0.09249131944444444,100.0,12.0,6.4736930000890425,auto
1767947175641,Sunny,Day,0.09140625,100.0,10.0,7.604935000017576,auto
1767947175675,Sunny,Day,0.09197048611111111,100.0,9.0,7.574769000029846,auto
1767947175702,Sunny,Day,0.09105902777777777,100.0,8.0,12.318841000023895,auto
1767947175733,Sunny,Day,0.09188368055555556,100.0,5.0,8.310035000022253,auto
1767947175764,Sunny,Day,0.08975694444444444,100.0,4.0,14.20753299998978,auto
1767947175795,Sunny,Day,0.09019097222222222,100.0,3.0,15.589936999958809,auto
1767947175829,Sunny,Day,0.08771701388888889,100.0,5.0,5.209860999912053,auto
1767947175862,Sunny,Day,0.08754340277777778,100.0,6.0,17.74477300000399,auto
1767947175889,Sunny,Day,0.0857204861111111,100.0,7.0,12.801073999980872,auto
1767947175921,Sunny,Day,0.08619791666666667,100.0,8.0,11.701313999992635,auto
1767947175952,Sunny,Day,0.08606770833333334,100.0,9.0,5.516690000149538,auto
1767947175983,Sunny,Day,0.08502604166666666,100.0,11.0,10.499332999870603,auto
1767947176017,Sunny,Day,0.0842013888888889,100.0,12.0,20.831410000027972,auto
1767947176047,Sunny,Day,0.08324652777777777,100.0,11.0,13.2178640001257,auto
1767947176077,Sunny,Day,0.08198784722222222,100.0,11.0,9.929323000051227,auto
1767947176109,Sunny,Day,0.08172743055555555,100.0,9.0,11.582277999877988,auto
1767947176140,Sunny,Day,0.08116319444444445,100.0,9.0,8.473272000173893,auto
1767947176174,Sunny,Day,0.08120659722222222,100.0,8.0,9.131688000024951,auto
1767947176203,Sunny,Day,0.08125,100.0,7.0,26.48172700014584,manual
1767947176234,Sunny,Day,0.0818142361111111,100.0,6.0,26.59520700012763,manual
1767947176267,Sunny,Day,0.07999131944444444,100.0,5.0,27.582209000001967,manual
1767947176298,Sunny,Day,0.07964409722222222,100.0,5.0,26.527023000198824,manual
1767947176331,Sunny,Day,0.07960069444444444,100.0,5.0,29.069871000046987,manual
1767947176361,Sunny,Day,0.07964409722222222,100.0,5.0,24.68493999981547,manual
1767947176391,Sunny,Day,0.07960069444444444,100.0,5.0,20.886130999997476,manual
1767947176423,Sunny,Day,0.07955729166666667,100.0,5.0,25.871625000036147,manual
1767947176455,Sunny,Day,0.07947048611111111,100.0,5.0,27.593098000124883,manual
1767947176487,Sunny,Day,0.07960069444444444,100.0,5.0,26.728574000117078,manual
1767947176517,Sunny,Day,0.08068576388888889,100.0,6.0,23.638753999875917,manual
1767947176549,Sunny,Day,0.08381076388888889,100.0,8.0,29.345607999857748,manual
1767947176580,Sunny,Day,0.08502604166666666,100.0,11.0,25.811477999923227,manual
1767947176611,Sunny,Day,0.08328993055555556,100.0,13.0,25.932105999800115,manual
1767947176642,Sunny,Day,0.08311631944444445,100.0,15.0,26.625558000205274,manual
1767947176674,Sunny,Day,0.08311631944444445,100.0,16.0,26.437876000045435,manual
1767947176705,Sunny,Day,0.08216145833333334,100.0,17.0,26.65463199991791,manual
1767947176738,Sunny,Day,0.08368055555555555,100.0,19.0,27.586894000023676,manual
1767947176768,Sunny,Day,0.08328993055555556,100.0,21.0,25.453114000129062,manual
1767947176801,Sunny,Day,0.08307291666666666,100.0,22.0,27.952295999966736,manual
1767947176831,Sunny,Day,0.08368055555555555,100.0,24.0,24.394000999791388,manual
1767947176866,Sunny,Day,0.08411458333333334,100.0,26.0,31.140579000066282,manual
1767947176896,Sunny,Day,0.08402777777777778,100.0,28.0,24.15009700007431,manual
1767947176927,Sunny,Day,0.08498263888888889,100.0,30.0,24.694792999980564,manual
1767947176957,Sunny,Day,0.08415798611111111,100.0,31.0,23.28627800011418,manual
1767947176988,Sunny,Day,0.08480902777777778,100.0,33.0,26.13301000019419,manual
1767947177019,Sunny,Day,0.08433159722222222,100.0,35.0,26.462911999942662,manual
1767947177051,Sunny,Day,0.08454861111111112,100.0,37.0,26.21334300010858,manual
1767947177084,Sunny,Day,0.08480902777777778,100.0,38.0,28.66308099987691,manual
1767947177114,Sunny,Day,0.08498263888888889,100.0,40.0,22.77369400007956,manual
1767947177147,Sunny,Day,0.08585069444444444,100.0,42.0,27.295491999893784,manual
1767947177179,Sunny,Day,0.0861545138888889,100.0,44.0,25.012898999875688,manual
1767947177208,Sunny,Day,0.08645833333333333,100.0,46.0,23.20977900012622,manual
1767947177239,Sunny,Day,0.08585069444444444,100.0,47.0,25.89123699999618,manual
1767947177272,Sunny,Day,0.08697916666666666,100.0,49.0,28.407956000137347,manual
1767947177304,Sunny,Day,0.086328125,100.0,52.0,22.169796000071074,manual
1767947177333,Sunny,Day,0.08702256944444445,100.0,54.0,21.390216000099826,manual
1767947177365,Sunny,Day,0.08598090277777778,100.0,56.0,20.728410999936386,manual
1767947177396,Sunny,Day,0.08784722222222222,100.0,59.0,26.322155000116254,manual
1767947177429,Sunny,Day,0.08980034722222222,100.0,62.0,28.144811999936792,manual
1767947177461,Sunny,Day,0.08953993055555555,100.0,69.0,23.92024899995704,manual
1767947177491,Sunny,Day,0.09066840277777778,100.0,73.0,24.96088099996996,manual
1767947177522,Sunny,Day,0.08980034722222222,100.0,78.0,26.373377000027176,manual
1767947177556,Sunny,Day,0.09019097222222222,100.0,-76.0,28.698878000113837,manual
1767947177587,Sunny,Day,0.09084201388888889,100.0,-71.0,26.38511799978005,manual
1767947177620,Sunny,Day,0.08997395833333334,100.0,-65.0,27.893185999801062,manual
1767947177652,Sunny,Day,0.09079861111111111,100.0,-61.0,25.924050999947212,manual
1767947177684,Sunny,Day,0.08988715277777778,100.0,-56.0,25.127655999995113,manual
1767947177712,Sunny,Day,0.08927951388888888,100.0,-51.0,22.95400499997413,manual
1767947177742,Sunny,Day,0.09019097222222222,100.0,-46.0,24.85577200013722,manual
1767947177773,Sunny,Day,0.08953993055555555,100.0,-42.0,26.292470999806028,manual
1767947177807,Sunny,Day,0.089453125,100.0,-37.0,23.505107999881147,manual
1767947177836,Sunny,Day,0.08910590277777777,100.0,-32.0,23.433887000010145,manual
1767947177869,Sunny,Day,0.08910590277777777,100.0,-27.0,28.161756000145033,manual
1767947177903,Sunny,Day,0.088671875,100.0,-22.0,28.929392000009102,manual
1767947177930,Sunny,Day,0.08763020833333333,100.0,-17.0,21.54686199992284,manual
1767947177962,Sunny,Day,0.08736979166666667,100.0,-12.0,27.385934999983874,manual
1767947177994,Sunny,Day,0.08728298611111111,100.0,-8.0,21.507732000145552,manual
1767947178024,Sunny,Day,0.08567708333333333,100.0,-3.0,23.302999999941676,manual
1767947178057,Sunny,Day,0.08489583333333334,100.0,2.0,28.686933000017234,manual
1767947178090,Sunny,Day,0.085546875,100.0,6.0,27.908279000030234,manual
1767947178118,Sunny,Day,0.08459201388888889,100.0,11.0,23.140113999943424,manual
1767947178150,Sunny,Day,0.084765625,100.0,14.0,27.060051999796997,manual
1767947178181,Sunny,Day,0.08337673611111111,100.0,19.0,26.622540000062145,manual
1767947178215,Sunny,Day,0.08263888888888889,100.0,23.0,27.410269000029075,manual
1767947178244,Sunny,Day,0.08250868055555556,100.0,28.0,24.698682000007466,manual
1767947178276,Sunny,Day,0.08259548611111112,100.0,-7.0,26.933331000009275,manual
1767947178307,Sunny,Day,0.0828125,100.0,-3.0,26.038531000040166,manual
1767947178338,Sunny,Day,0.08368055555555555,100.0,-1.0,26.61617000012484,manual
1767947178371,Sunny,Day,0.08389756944444444,100.0,1.0,27.99487000015688,manual
1767947178401,Sunny,Day,0.08433159722222222,100.0,4.0,25.43635600000016,manual
1767947178432,Sunny,Day,0.08368055555555555,100.0,6.0,26.496764000057738,manual
1767947178463,Sunny,Day,0.08328993055555556,100.0,8.0,26.8177589998686,manual
1767947178496,Sunny,Day,0.08285590277777778,100.0,10.0,28.077313000039794,manual
1767947178526,Sunny,Day,0.08307291666666666,100.0,12.0,25.511371999982657,manual
1767947178560,Sunny,Day,0.08194444444444444,100.0,15.0,28.802523999956975,manual
1767947178590,Sunny,Day,0.08064236111111112,100.0,17.0,25.137655999969866,manual
1767947178623,Sunny,Day,0.07717013888888889,100.0,19.0,27.138032000038947,manual
1767947178653,Sunny,Day,0.07556423611111111,100.0,21.0,24.94019699997807,manual
1767947178684,Sunny,Day,0.07256944444444445,100.0,23.0,25.92886599995836,manual
1767947178715,Sunny,Day,0.06853298611111111,100.0,24.0,25.967568999931245,manual
1767947178746,Sunny,Day,0.06471354166666667,100.0,26.0,26.55635600012829,manual
1767947178777,Sunny,Day,0.06358506944444445,100.0,28.0,26.619632999882015,manual
1767947178809,Sunny,Day,0.05959201388888889,100.0,30.0,27.06414399995083,manual
1767947178841,Sunny,Day,0.05177951388888889,100.0,-9.0,27.299677999963023,manual
1767947178872,Sunny,Day,0.047309027777777776,94.61805555555556,-8.0,23.40460899995378,manual
1767947178905,Sunny,Day,0.04943576388888889,98.87152777777777,-7.0,28.851652999946964,manual
1767947178937,Sunny,Day,0.04487847222222222,89.75694444444444,-6.0,10.184986000012941,auto
1767947178966,Sunny,Day,0.04583333333333333,91.66666666666666,-6.0,9.709438000072623,auto
1767947178999,Sunny,Day,0.04652777777777778,93.05555555555556,-6.0,15.956524000102945,auto
1767947179029,Sunny,Day,0.047526041666666664,95.05208333333333,-4.0,10.732607999898391,auto
1767947179060,Sunny,Day,0.04986979166666667,99.73958333333334,-3.0,18.078397999943263,auto
1767947179092,Sunny,Day,0.05169270833333333,100.0,-2.0,8.975747000022238,auto
1767947179123,Sunny,Day,0.05377604166666667,100.0,-2.0,12.022846999798276,auto
1767947179157,Sunny,Day,0.05542534722222222,100.0,0.0,11.093823999999586,auto
1767947179186,Sunny,Day,0.05681423611111111,100.0,1.0,7.76178399996752,auto
1767947179217,Sunny,Day,0.05894097222222222,100.0,2.0,13.448046000121394,auto
1767947179249,Sunny,Day,0.05998263888888889,100.0,2.0,16.563459999815677,auto
1767947179282,Sunny,Day,0.061197916666666664,100.0,3.0,13.128625000035754,auto
1767947179316,Sunny,Day,0.06284722222222222,100.0,3.0,10.435797000127423,auto
1767947179344,Sunny,Day,0.06427951388888889,100.0,4.0,4.763258000139103,auto
1767947179374,Sunny,Day,0.06571180555555556,100.0,4.0,12.633133000008456,auto
1767947179407,Sunny,Day,0.066796875,100.0,4.0,17.159728000024188,auto
1767947179440,Sunny,Day,0.06796875,100.0,5.0,6.852835000017876,auto
1767947179468,Sunny,Day,0.06918402777777778,100.0,4.0,11.419817999922088,auto
1767947179500,Sunny,Day,0.07061631944444445,100.0,4.0,12.267842000028395,auto
1767947179531,Sunny,Day,0.07230902777777778,100.0,3.0,11.826831000007587,auto
1767947179567,Sunny,Day,0.07317708333333334,100.0,4.0,3.169598000113183,auto
1767947179594,Sunny,Day,0.07495659722222223,100.0,3.0,12.434524999889618,auto
1767947179626,Sunny,Day,0.07586805555555555,100.0,3.0,14.221571000007316,auto
1767947179660,Sunny,Day,0.07699652777777778,100.0,3.0,10.133617000064987,auto
1767947179689,Sunny,Day,0.07864583333333333,100.0,2.0,6.229771000107576,auto
1767947179723,Sunny,Day,0.0798611111111111,100.0,2.0,12.949980000030337,auto
1767947179757,Sunny,Day,0.08307291666666666,100.0,1.0,7.225126000093951,auto
1767947179783,Sunny,Day,0.08589409722222222,100.0,2.0,10.863771999993332,auto
1767947179816,Sunny,Day,0.08684895833333334,100.0,2.0,10.975807000022542,auto
1767947179849,Sunny,Day,0.08936631944444444,100.0,2.0,11.969329000066864,auto
1767947179876,Sunny,Day,0.09188368055555556,100.0,1.0,7.803171999967162,auto
1767947179908,Sunny,Day,0.09292534722222222,100.0,2.0,17.931530000169005,auto
1767947179943,Sunny,Day,0.09639756944444444,100.0,2.0,2.7656600000227627,auto
1767947179973,Sunny,Day,0.09626736111111112,100.0,2.0,9.579311000152302,auto
1767947180002,Sunny,Day,0.10056423611111111,100.0,2.0,6.391435999830719,auto
1767947180035,Sunny,Day,0.10334201388888889,100.0,1.0,12.72753900002499,auto
1767947180065,Sunny,Day,0.105078125,100.0,2.0,7.363215999930617,auto
1767947180099,Sunny,Day,0.10690104166666667,100.0,1.0,11.971958000003724,auto
1767947180128,Sunny,Day,0.10980902777777778,100.0,1.0,8.402236999927482,auto
1767947180160,Sunny,Day,0.11380208333333333,100.0,1.0,8.6949909998566,auto
1767947180191,Sunny,Day,0.11558159722222222,100.0,1.0,6.287084999939907,auto
1767947180222,Sunny,Day,0.11883680555555555,100.0,0.0,16.51166400006332,auto
1767947180255,Sunny,Day,0.12183159722222223,100.0,1.0,13.786411000182852,auto
1767947180285,Sunny,Day,0.12339409722222222,100.0,3.0,12.602910999930828,auto
1767947180318,Sunny,Day,0.1232638888888889,100.0,5.0,15.77404599993315,auto
1767947180348,Sunny,Day,0.121484375,100.0,6.0,8.349701000042842,auto
1767947180380,Sunny,Day,0.11853298611111111,100.0,8.0,8.749824000005901,auto
1767947180411,Sunny,Day,0.115625,100.0,11.0,7.852375999846117,auto
1767947180445,Sunny,Day,0.10972222222222222,100.0,12.0,5.4273399998692184,auto
1767947180476,Sunny,Day,0.101953125,100.0,13.0,4.0252139999665815,auto
1767947180505,Sunny,Day,0.09739583333333333,100.0,12.0,6.680153999923277,auto
1767947180541,Sunny,Day,0.09444444444444444,100.0,10.0,15.530291000004581,auto
1767947180571,Sunny,Day,0.0935329861111111,100.0,6.0,3.450444999998581,auto
1767947180599,Sunny,Day,0.09227430555555556,100.0,2.0,7.55365800000618,auto
1767947180632,Sunny,Day,0.09296875,100.0,-3.0,19.26802800016958,auto
1767947180661,Sunny,Day,0.09240451388888889,100.0,25.0,15.44653299993115,auto
1767947180693,Sunny,Day,0.09127604166666667,100.0,23.0,9.097559999872828,auto
1767947180724,Sunny,Day,0.09370659722222222,100.0,22.0,11.57479800008332,auto
1767947180757,Sunny,Day,0.09340277777777778,100.0,21.0,18.622261000018625,auto
1767947180788,Sunny,Day,0.09388020833333334,100.0,18.0,16.044060000012905,auto
1767947180819,Sunny,Day,0.09453125,100.0,14.0,17.15500599993902,auto
1767947180851,Sunny,Day,0.09605034722222222,100.0,11.0,18.37619100001575,auto
1767947180884,Sunny,Day,0.09401041666666667,100.0,8.0,19.318305000069813,auto
1767947180913,Sunny,Day,0.09292534722222222,100.0,5.0,15.357164000079138,auto
1767947180950,Sunny,Day,0.09171006944444444,100.0,1.0,24.058450999973502,auto
1767947180978,Sunny,Day,0.09097222222222222,100.0,0.0,14.88513399999647,auto
1767947181007,Sunny,Day,0.09088541666666666,100.0,-2.0,14.490862999991805,auto
1767947181038,Sunny,Day,0.09227430555555556,100.0,-5.0,17.92752999995173,auto
1767947181071,Sunny,Day,0.09270833333333334,100.0,-6.0,18.65703799990115,auto
1767947181101,Sunny,Day,0.09262152777777778,100.0,-6.0,16.64288500001021,auto
1767947181135,Sunny,Day,0.09288194444444445,100.0,-6.0,18.74185200017564,auto
1767947181164,Sunny,Day,0.09231770833333333,100.0,-7.0,14.862837999999101,auto
1767947181195,Sunny,Day,0.09197048611111111,100.0,-7.0,10.99501099997724,auto
1767947181227,Sunny,Day,0.09140625,100.0,-7.0,18.067862000179957,auto
1767947181259,Sunny,Day,0.09136284722222222,100.0,-7.0,19.370507999838082,auto
1767947181290,Sunny,Day,0.0900607638888889,100.0,-7.0,10.065285000109725,auto
1767947181321,Sunny,Day,0.08919270833333333,100.0,-6.0,16.437720999874728,auto
1767947181353,Sunny,Day,0.08884548611111111,100.0,-6.0,15.605623000055857,auto
1767947181384,Sunny,Day,0.08828125,100.0,-5.0,11.43472700005077,auto
1767947181415,Sunny,Day,0.08693576388888889,100.0,-5.0,6.93051899997954,auto
1767947181447,Sunny,Day,0.08650173611111112,100.0,-5.0,8.805435000112993,auto
1767947181480,Sunny,Day,0.08550347222222222,100.0,-5.0,11.534762000110277,auto
1767947181509,Sunny,Day,0.08472222222222223,100.0,-5.0,14.936632999933863,auto
1767947181541,Sunny,Day,0.08359375,100.0,-5.0,17.886865000036778,auto
1767947181572,Sunny,Day,0.08268229166666667,100.0,-5.0,9.500201000037123,auto
1767947181604,Sunny,Day,0.08120659722222222,100.0,-5.0,13.8932790000581,auto
1767947181635,Sunny,Day,0.08064236111111112,100.0,-5.0,11.327524000080302,auto
1767947181666,Sunny,Day,0.07907986111111111,100.0,-6.0,18.17484200000763,auto
1767947181699,Sunny,Day,0.07703993055555555,100.0,-6.0,19.084309000163557,auto
1767947181729,Sunny,Day,0.07682291666666667,100.0,-6.0,17.35629900008462,auto
1767947181760,Sunny,Day,0.07552083333333333,100.0,-7.0,18.23393299991949,auto
1767947181793,Sunny,Day,0.07439236111111111,100.0,-6.0,18.991180000057284,auto
1767947181823,Sunny,Day,0.07265625,100.0,-7.0,16.70930899990708,auto
1767947181855,Sunny,Day,0.07083333333333333,100.0,-7.0,18.475207000165028,auto
1767947181886,Sunny,Day,0.069140625,100.0,-7.0,17.197485999986384,auto
1767947181918,Sunny,Day,0.067578125,100.0,-7.0,17.567461999988154,auto
1767947181949,Sunny,Day,0.06558159722222222,100.0,-7.0,17.88290199988296,auto
1767947181980,Sunny,Day,0.06302083333333333,100.0,-7.0,17.70234899981915,auto
1767947182013,Sunny,Day,0.06124131944444444,100.0,-7.0,19.711317000201234,auto
1767947182043,Sunny,Day,0.05928819444444444,100.0,-7.0,16.236446999982945,auto
1767947182075,Sunny,Day,0.05681423611111111,100.0,-7.0,17.315502999963428,auto
1767947182106,Sunny,Day,0.054427083333333334,100.0,-7.0,18.70925899993381,auto
1767947182137,Sunny,Day,0.050868055555555555,100.0,-8.0,17.491852999910407,auto
1767947182173,Sunny,Day,0.04921875,98.4375,-8.0,21.60737999997764,auto
1767947182200,Sunny,Day,0.04596354166666667,91.92708333333334,-9.0,13.307789999998931,auto
1767947182232,Sunny,Day,0.04348958333333333,86.97916666666666,-9.0,18.190692999951352,auto
1767947182263,Sunny,Day,0.04027777777777778,80.55555555555556,-9.0,18.166212999858544,auto
1767947182299,Sunny,Day,0.03732638888888889,74.65277777777777,54.0,21.292903999892587,auto
1767947182329,Sunny,Day,0.034027777777777775,68.05555555555554,54.0,6.471934999808582,auto
1767947182357,Sunny,Day,0.03220486111111111,64.40972222222221,55.0,13.908076000006986,auto
1767947182389,Sunny,Day,0.02795138888888889,55.90277777777778,55.0,10.556518000157666,auto
1767947182421,Sunny,Day,0.025260416666666667,50.520833333333336,54.0,10.731867000004058,auto
1767947182451,Sunny,Day,0.026692708333333332,53.385416666666664,49.0,14.5089929999358,auto
1767947182483,Sunny,Day,0.033680555555555554,67.36111111111111,47.0,9.710327999982837,auto
1767947182516,Sunny,Day,0.03962673611111111,79.25347222222221,42.0,16.320963999987725,auto
1767947182546,Sunny,Day,0.04561631944444444,91.23263888888889,37.0,16.790734999858614,auto
1767947182577,Sunny,Day,0.055164930555555554,100.0,35.0,17.191968999895835,auto
1767947182609,Sunny,Day,0.061197916666666664,100.0,32.0,15.472032000161562,auto
1767947182641,Sunny,Day,0.06345486111111111,100.0,29.0,8.354664000080447,auto
1767947182671,Sunny,Day,0.06909722222222223,100.0,25.0,8.416589000034946,auto
1767947182705,Sunny,Day,0.07217881944444444,100.0,20.0,8.906859000035183,auto
1767947182737,Sunny,Day,0.07300347222222223,100.0,13.0,14.183423999838851,auto
1767947182770,Sunny,Day,0.075,100.0,7.0,16.69432800008508,auto
1767947182800,Sunny,Day,0.07534722222222222,100.0,2.0,4.506928999944648,auto
1767947182829,Sunny,Day,0.07556423611111111,100.0,-3.0,8.132575000217912,auto
1767947182862,Sunny,Day,0.07660590277777778,100.0,-8.0,12.994794999940495,auto
1767947182891,Sunny,Day,0.07977430555555555,100.0,-11.0,6.731764000051044,auto
1767947182922,Sunny,Day,0.07916666666666666,100.0,-14.0,7.713248000072781,auto
1767947182954,Sunny,Day,0.08211805555555556,100.0,-15.0,18.18765699999858,auto
1767947182989,Sunny,Day,0.083984375,100.0,-15.0,21.25575599984586,auto
1767947183017,Sunny,Day,0.08919270833333333,100.0,-15.0,12.973998000006759,auto
1767947183049,Sunny,Day,0.08971354166666666,100.0,-13.0,13.594618000070113,auto
1767947183079,Sunny,Day,0.09071180555555555,100.0,-26.0,10.687478999898303,auto
1767947183111,Sunny,Day,0.09214409722222222,100.0,-23.0,12.617966999869168,auto
1767947183143,Sunny,Day,0.09049479166666667,100.0,-24.0,4.311283999868465,auto
1767947183174,Sunny,Day,0.09565972222222222,100.0,-27.0,5.873851999922408,auto
1767947183205,Sunny,Day,0.09678819444444445,100.0,-27.0,8.78017600007297,auto
1767947183237,Sunny,Day,0.09683159722222222,100.0,-23.0,4.778460999887102,auto
1767947183268,Sunny,Day,0.09830729166666667,100.0,-21.0,7.853728000100091,auto
1767947183300,Sunny,Day,0.09557291666666666,100.0,-17.0,9.443534999945769,auto
1767947183332,Sunny,Day,0.09813368055555556,100.0,-17.0,9.516164000160643,auto
1767947183362,Sunny,Day,0.09457465277777778,100.0,-15.0,11.971513999924355,auto
1767947183394,Sunny,Day,0.09691840277777777,100.0,-17.0,17.182747000106247,auto
1767947183428,Sunny,Day,0.09505208333333333,100.0,-17.0,13.25934600004075,auto
1767947183456,Sunny,Day,0.09500868055555556,100.0,-19.0,7.138331000078324,auto
1767947183491,Sunny,Day,0.09392361111111111,100.0,-20.0,11.671667999962665,auto
1767947183520,Sunny,Day,0.0959201388888889,100.0,-18.0,5.482209000092553,auto
1767947183550,Sunny,Day,0.09322916666666667,100.0,-21.0,9.974435000003723,auto
1767947183582,Sunny,Day,0.09162326388888889,100.0,-24.0,13.650636000193117,auto
1767947183615,Sunny,Day,0.08927951388888888,100.0,-27.0,20.265938999955324,auto
1767947183645,Sunny,Day,0.08845486111111112,100.0,-29.0,5.940536000025531,auto
1767947183680,Sunny,Day,0.08854166666666667,100.0,-30.0,21.492696999985128,auto
1767947183712,Sunny,Day,0.0890625,100.0,-32.0,17.26941199990506,auto
1767947183741,Sunny,Day,0.08702256944444445,100.0,-37.0,14.855190999924162,auto
1767947183770,Sunny,Day,0.08368055555555555,100.0,-39.0,8.330515999887211,auto
1767947183804,Sunny,Day,0.08637152777777778,100.0,-37.0,10.541128999875582,auto
1767947183835,Sunny,Day,0.087109375,100.0,-35.0,9.8336040000504,auto
1767947183866,Sunny,Day,0.08511284722222222,100.0,-33.0,9.234243000037168,auto
1767947183896,Sunny,Day,0.08198784722222222,100.0,-33.0,15.416903999948772,auto
1767947183929,Sunny,Day,0.08177083333333333,100.0,-29.0,6.8297440000151255,auto
1767947183962,Sunny,Day,0.083984375,100.0,-28.0,3.6966259999644535,auto
1767947183990,Sunny,Day,0.08524305555555556,100.0,-29.0,7.978892999972231,auto
1767947184023,Sunny,Day,0.07795138888888889,100.0,-26.0,7.9512080001222785,auto
1767947184057,Sunny,Day,0.07894965277777778,100.0,-23.0,7.4398449999080185,auto
1767947184084,Sunny,Day,0.07934027777777777,100.0,-20.0,4.680388999986462,auto
1767947184116,Sunny,Day,0.07747395833333333,100.0,-19.0,17.69470099998216,auto
1767947184152,Sunny,Day,0.0765625,100.0,-17.0,22.650086000112424,auto
1767947184179,Sunny,Day,0.07751736111111111,100.0,-15.0,13.249438000002556,auto
1767947184210,Sunny,Day,0.07947048611111111,100.0,-13.0,9.504256999889549,auto
1767947184242,Sunny,Day,0.07881944444444444,100.0,-17.0,8.908247999897867,auto
1767947184274,Sunny,Day,0.08098958333333334,100.0,-16.0,6.33995600014714,auto
1767947184304,Sunny,Day,0.07994791666666666,100.0,-16.0,12.439636999943104,auto
1767947184337,Sunny,Day,0.08250868055555556,100.0,-14.0,19.32560199998079,auto
1767947184367,Sunny,Day,0.08289930555555555,100.0,-14.0,16.909324999915043,auto
1767947184398,Sunny,Day,0.08229166666666667,100.0,-14.0,17.804219000026933,auto
1767947184430,Sunny,Day,0.084765625,100.0,-12.0,9.754939000004015,auto
1767947184462,Sunny,Day,0.08693576388888889,100.0,-12.0,8.596122999961153,auto
1767947184492,Sunny,Day,0.09131944444444444,100.0,-10.0,10.872606000020824,auto
1767947184525,Sunny,Day,0.091796875,100.0,-11.0,17.278503999932582,auto
1767947184557,Sunny,Day,0.09253472222222223,100.0,-12.0,9.921416999986832,auto
1767947184587,Sunny,Day,0.09162326388888889,100.0,-10.0,7.177331000093545,auto
1767947184620,Sunny,Day,0.09097222222222222,100.0,-9.0,8.937006999985897,auto
1767947184653,Sunny,Day,0.09583333333333334,100.0,-10.0,18.57540999981211,auto
1767947184682,Sunny,Day,0.09509548611111111,100.0,-9.0,7.603861000006873,auto
1767947184714,Sunny,Day,0.09427083333333333,100.0,-10.0,12.997404999850914,auto
1767947184744,Sunny,Day,0.09613715277777778,100.0,-7.0,5.870037000022421,auto
1767947184776,Sunny,Day,0.09848090277777778,100.0,-6.0,9.852343999909863,auto
1767947184807,Sunny,Day,0.09700520833333333,100.0,-8.0,13.070570999843767,auto
1767947184838,Sunny,Day,0.09913194444444444,100.0,-9.0,9.868935999975292,auto
1767947184870,Sunny,Day,0.10112847222222222,100.0,-8.0,2.4486279999109684,auto
1767947184900,Sunny,Day,0.10247395833333334,100.0,-11.0,9.340629999996963,auto
1767947184933,Sunny,Day,0.10381944444444445,100.0,-11.0,8.322387000134768,auto
1767947184965,Sunny,Day,0.10030381944444444,100.0,-12.0,12.103770999829067,auto
1767947184995,Sunny,Day,0.10303819444444444,100.0,-10.0,5.473209999991013,auto
1767947185027,Sunny,Day,0.09978298611111111,100.0,-11.0,12.374229999977615,auto
1767947185057,Sunny,Day,0.100390625,100.0,-13.0,15.012874000149168,auto
1767947185089,Sunny,Day,0.09704861111111111,100.0,-12.0,8.912154999961786,auto
1767947185123,Sunny,Day,0.09826388888888889,100.0,-15.0,11.165360999939367,auto
1767947185152,Sunny,Day,0.09565972222222222,100.0,-12.0,15.29510999989725,auto
1767947185185,Sunny,Day,0.095703125,100.0,-15.0,11.797350999813716,auto
1767947185215,Sunny,Day,0.09383680555555556,100.0,-14.0,6.7191159998856165,auto
1767947185246,Sunny,Day,0.09118923611111111,100.0,-14.0,8.331960999839794,auto
1767947185280,Sunny,Day,0.08802083333333334,100.0,-13.0,15.527420999887909,auto
1767947185310,Sunny,Day,0.08684895833333334,100.0,-12.0,5.454617999930633,auto
1767947185344,Sunny,Day,0.08502604166666666,100.0,-11.0,12.951573000009375,auto
1767947185373,Sunny,Day,0.08315972222222222,100.0,-11.0,4.75051699982032,auto
1767947185405,Sunny,Day,0.08203125,100.0,-10.0,6.250382999951398,auto
1767947185435,Sunny,Day,0.08263888888888889,100.0,-10.0,9.770290000005843,auto
1767947185468,Sunny,Day,0.08003472222222222,100.0,-9.0,12.870296000073722,auto
1767947185497,Sunny,Day,0.08098958333333334,100.0,-8.0,6.416529000034643,auto
1767947185530,Sunny,Day,0.07934027777777777,100.0,-8.0,18.81410999999389,auto
1767947185562,Sunny,Day,0.07964409722222222,100.0,-8.0,5.139622999877247,auto
1767947185593,Sunny,Day,0.079296875,100.0,-8.0,16.95082499986711,auto
1767947185623,Sunny,Day,0.07881944444444444,100.0,-8.0,8.732492000035563,auto
1767947185659,Sunny,Day,0.07842881944444445,100.0,-8.0,20.58474900013607,auto
1767947185689,Sunny,Day,0.07942708333333333,100.0,-8.0,5.8432040000298,auto
1767947185718,Sunny,Day,0.07877604166666667,100.0,-8.0,5.946831999835922,auto
1767947185750,Sunny,Day,0.07890625,100.0,-8.0,17.88203300020541,auto
1767947185781,Sunny,Day,0.07864583333333333,100.0,-8.0,5.335194000053889,auto
1767947185813,Sunny,Day,0.07916666666666666,100.0,-8.0,11.247341000171218,auto
1767947185843,Sunny,Day,0.079296875,100.0,-7.0,14.660713000012038,auto
1767947185876,Sunny,Day,0.08046875,100.0,-8.0,16.95584300000519,auto
1767947185905,Sunny,Day,0.08059895833333333,100.0,-7.0,7.969576999812489,auto
1767947185937,Sunny,Day,0.08142361111111111,100.0,-7.0,13.493175999883533,auto
1767947185968,Sunny,Day,0.08159722222222222,100.0,-6.0,17.588259000149264,auto
1767947186001,Sunny,Day,0.08216145833333334,100.0,-7.0,4.829386999972485,auto
1767947186031,Sunny,Day,0.08229166666666667,100.0,-8.0,16.96323299984215,auto
1767947186063,Sunny,Day,0.08229166666666667,100.0,-8.0,17.608426000151667,auto
1767947186099,Sunny,Day,0.08190104166666666,100.0,-9.0,2.5935520000075485,auto
1767947186126,Sunny,Day,0.08198784722222222,100.0,-9.0,4.938273999869125,auto
1767947186159,Sunny,Day,0.08250868055555556,100.0,-9.0,6.6955610000150045,auto
1767947186191,Sunny,Day,0.08285590277777778,100.0,-9.0,7.071148000022731,auto
1767947186222,Sunny,Day,0.08272569444444444,100.0,-9.0,4.502817999991748,auto
1767947186251,Sunny,Day,0.08350694444444444,100.0,-8.0,14.745267000080275,auto
1767947186282,Sunny,Day,0.08355034722222222,100.0,-8.0,11.567428000034852,auto
1767947186314,Sunny,Day,0.08342013888888888,100.0,-8.0,16.634162999935143,auto
1767947186345,Sunny,Day,0.08441840277777778,100.0,-8.0,11.976014000083524,auto
1767947186378,Sunny,Day,0.08489583333333334,100.0,-7.0,14.5944360001522,auto
1767947186409,Sunny,Day,0.08585069444444444,100.0,-7.0,12.277694999966116,auto
1767947186439,Sunny,Day,0.08641493055555556,100.0,-7.0,12.895685000103185,auto
1767947186471,Sunny,Day,0.08728298611111111,100.0,-7.0,13.486435999993773,auto
1767947186504,Sunny,Day,0.08763020833333333,100.0,-7.0,18.14406600010443,auto
1767947186533,Sunny,Day,0.08858506944444444,100.0,-7.0,8.428551999941192,auto
1767947186565,Sunny,Day,0.08984375,100.0,-7.0,14.955931000031342,auto
1767947186597,Sunny,Day,0.0900607638888889,100.0,-7.0,8.233240999970803,auto
1767947186630,Sunny,Day,0.09049479166666667,100.0,-6.0,7.48375200009832,auto
1767947186659,Sunny,Day,0.09210069444444445,100.0,-6.0,7.220719000088138,auto
1767947186695,Sunny,Day,0.09262152777777778,100.0,-6.0,21.96046800008844,auto
1767947186727,Sunny,Day,0.09305555555555556,100.0,-5.0,3.9084380000531382,auto
1767947186755,Sunny,Day,0.0939670138888889,100.0,-5.0,3.442242000119222,auto
1767947186787,Sunny,Day,0.09535590277777778,100.0,-5.0,5.250398000043788,auto
1767947186818,Sunny,Day,0.09769965277777778,100.0,-5.0,7.36056899995674,auto
1767947186848,Sunny,Day,0.09774305555555556,100.0,-5.0,8.812564999971073,auto
1767947186882,Sunny,Day,0.09887152777777777,100.0,-5.0,21.052556000086042,auto
1767947186913,Sunny,Day,0.10086805555555556,100.0,-6.0,8.175333000053797,auto
1767947186943,Sunny,Day,0.101953125,100.0,-6.0,5.72992799993699,auto
1767947186974,Sunny,Day,0.10355902777777778,100.0,-7.0,11.920089000113876,auto
1767947187004,Sunny,Day,0.10516493055555555,100.0,-7.0,6.4247320001413755,auto
1767947187037,Sunny,Day,0.10625,100.0,-7.0,14.597269999967466,auto
1767947187067,Sunny,Day,0.10802951388888889,100.0,-7.0,11.6064279998227,auto
1767947187100,Sunny,Day,0.10876736111111111,100.0,-7.0,19.766539999864108,auto
1767947187130,Sunny,Day,0.10954861111111111,100.0,-7.0,5.5050789999313565,auto
1767947187163,Sunny,Day,0.1109375,100.0,-6.0,11.725463000175296,auto
1767947187193,Sunny,Day,0.11141493055555556,100.0,-6.0,7.734266999932515,auto
1767947187225,Sunny,Day,0.11202256944444444,100.0,-6.0,8.569642000111344,auto
1767947187256,Sunny,Day,0.11380208333333333,100.0,-6.0,11.774869999953808,auto
1767947187287,Sunny,Day,0.11328125,100.0,-6.0,14.884191999954055,auto
1767947187320,Sunny,Day,0.113671875,100.0,-7.0,18.704482999964966,auto
1767947187352,Sunny,Day,0.11332465277777778,100.0,-8.0,17.729461000044466,auto
1767947187381,Sunny,Day,0.11284722222222222,100.0,-8.0,14.22457199987548,auto
1767947187414,Sunny,Day,0.11232638888888889,100.0,-9.0,12.32508299995061,auto
1767947187445,Sunny,Day,0.11276041666666667,100.0,-9.0,15.405664000127217,auto
1767947187475,Sunny,Day,0.11297743055555555,100.0,-9.0,5.882630000087374,auto
1767947187508,Sunny,Day,0.11267361111111111,100.0,-9.0,10.24556099991969,auto
1767947187541,Sunny,Day,0.11223958333333334,100.0,-8.0,14.667842999870118,auto
1767947187570,Sunny,Day,0.11258680555555556,100.0,-7.0,15.203833999976268,auto
1767947187603,Sunny,Day,0.11271701388888888,100.0,-7.0,19.679171000007045,auto
1767947187635,Sunny,Day,0.11223958333333334,100.0,-7.0,17.41657699994903,auto
1767947187664,Sunny,Day,0.112890625,100.0,-6.0,6.153457999971579,auto
1767947187695,Sunny,Day,0.112890625,100.0,-39.0,9.554683000033037,auto
1767947187728,Sunny,Day,0.11263020833333333,100.0,-39.0,2.921676000141815,auto
1767947187758,Sunny,Day,0.11336805555555556,100.0,-39.0,10.632461999875886,auto
1767947187792,Sunny,Day,0.10941840277777778,100.0,-38.0,19.281899000134217,auto
1767947187824,Sunny,Day,0.11145833333333334,100.0,-34.0,16.638866999983293,auto
1767947187854,Sunny,Day,0.11623263888888889,100.0,-30.0,11.638594000032754,auto
1767947187884,Sunny,Day,0.11974826388888889,100.0,-25.0,7.120628999928158,auto
1767947187915,Sunny,Day,0.1263454861111111,100.0,-21.0,16.70410700012326,auto
1767947187948,Sunny,Day,0.13177083333333334,100.0,-17.0,18.79155599999649,auto
1767947187978,Sunny,Day,0.13359375,100.0,-14.0,16.797438999901715,auto
1767947188009,Sunny,Day,0.13676215277777778,100.0,-12.0,18.006808999871282,auto
1767947188041,Sunny,Day,0.1380642361111111,100.0,-10.0,17.025490999913018,auto
1767947188072,Sunny,Day,0.14253472222222222,100.0,-9.0,18.069122000042626,auto
1767947188104,Sunny,Day,0.14457465277777778,100.0,-7.0,18.045289999918168,auto
1767947188136,Sunny,Day,0.14526909722222223,100.0,-6.0,18.944164000004093,auto
1767947188167,Sunny,Day,0.14522569444444444,100.0,-5.0,17.25604300008854,auto
1767947188198,Sunny,Day,0.1443576388888889,100.0,-4.0,17.211970000062138,auto
1767947188229,Sunny,Day,0.14375,100.0,-3.0,12.304880000101548,auto
1767947188260,Sunny,Day,0.14322916666666666,100.0,-3.0,9.777697000117769,auto
1767947188292,Sunny,Day,0.14361979166666666,100.0,-2.0,11.684390000027634,auto
1767947188325,Sunny,Day,0.14327256944444444,100.0,-2.0,19.055773999980374,auto
1767947188356,Sunny,Day,0.14357638888888888,100.0,-2.0,17.713980000053198,auto
1767947188386,Sunny,Day,0.14305555555555555,100.0,-2.0,10.220395000033022,auto
1767947188418,Sunny,Day,0.14357638888888888,100.0,-2.0,18.546651999940877,auto
1767947188450,Sunny,Day,0.14305555555555555,100.0,-2.0,17.47511299981852,auto
1767947188480,Sunny,Day,0.14266493055555557,100.0,-2.0,11.786611000161429,auto
1767947188513,Sunny,Day,0.1421440972222222,100.0,-2.0,19.63715399983812,auto
1767947188543,Sunny,Day,0.1419704861111111,100.0,-2.0,10.358059000054709,auto
1767947188574,Sunny,Day,0.1423611111111111,100.0,-2.0,12.866370999972787,auto
1767947188606,Sunny,Day,0.142578125,100.0,-2.0,12.961851000000024,auto
1767947188637,Sunny,Day,0.14162326388888888,100.0,-2.0,12.111568999898736,auto
1767947188669,Sunny,Day,0.14144965277777777,100.0,-2.0,6.05710799982262,auto
1767947188700,Sunny,Day,0.14136284722222223,100.0,-2.0,15.230519000169807,auto
1767947188735,Sunny,Day,0.14049479166666667,100.0,-2.0,21.779638999987583,auto
1767947188765,Sunny,Day,0.14088541666666668,100.0,-2.0,14.821932999893761,auto
1767947188794,Sunny,Day,0.1410590277777778,100.0,-2.0,9.120264000102907,auto
1767947188827,Sunny,Day,0.14157986111111112,100.0,-2.0,19.605671999897822,auto
1767947188859,Sunny,Day,0.141796875,100.0,-1.0,16.658607999943342,auto
1767947188888,Sunny,Day,0.14027777777777778,100.0,-2.0,14.881858000080683,auto
1767947188923,Sunny,Day,0.1410590277777778,100.0,-1.0,16.706903999875067,auto
1767947188951,Sunny,Day,0.14114583333333333,100.0,-1.0,14.020630999993955,auto
1767947188982,Sunny,Day,0.14092881944444444,100.0,-1.0,9.090486999866698,auto
1767947189018,Sunny,Day,0.1412326388888889,100.0,-2.0,22.31813000003058,auto
1767947189045,Sunny,Day,0.13971354166666666,100.0,-2.0,13.072720000081972,auto
1767947189076,Sunny,Day,0.139453125,100.0,-2.0,6.371324999918215,auto
1767947189108,Sunny,Day,0.13997395833333334,100.0,-2.0,17.7272210000865,auto
1767947189139,Sunny,Day,0.13936631944444444,100.0,-2.0,14.064463000067917,auto
1767947189172,Sunny,Day,0.139453125,100.0,-2.0,19.586025000080554,auto
1767947189203,Sunny,Day,0.139453125,100.0,-2.0,17.730406000055154,auto
1767947189233,Sunny,Day,0.14066840277777778,100.0,-2.0,16.964974000075017,auto
1767947189265,Sunny,Day,0.14166666666666666,100.0,-1.0,17.979994999905102,auto
1767947189296,Sunny,Day,0.1407986111111111,100.0,-1.0,18.104658999845924,auto
1767947189328,Sunny,Day,0.14071180555555557,100.0,-1.0,17.06458300009217,auto
1767947189361,Sunny,Day,0.14118923611111112,100.0,-1.0,19.550636000076338,auto
1767947189391,Sunny,Day,0.14127604166666666,100.0,-1.0,15.265500999930737,auto
1767947189423,Sunny,Day,0.14192708333333334,100.0,-1.0,18.823295999936818,auto
1767947189454,Sunny,Day,0.14114583333333333,100.0,-1.0,18.018586000152936,auto
1767947189485,Sunny,Day,0.14092881944444444,100.0,-1.0,8.434090000037031,auto
1767947189518,Sunny,Day,0.14140625,100.0,-1.0,14.382550999926025,auto
1767947189548,Sunny,Day,0.14157986111111112,100.0,-1.0,14.08540800002811,auto
1767947189581,Sunny,Day,0.1410590277777778,100.0,-1.0,6.321178000007421,auto
1767947189612,Sunny,Day,0.14140625,100.0,-1.0,4.413596999938818,auto
1767947189644,Sunny,Day,0.14184027777777777,100.0,-1.0,18.489986000076897,auto
1767947189673,Sunny,Day,0.14140625,100.0,-1.0,15.02207799990174,auto
1767947189704,Sunny,Day,0.13997395833333334,100.0,-1.0,8.423682000056942,auto
1767947189738,Sunny,Day,0.14157986111111112,100.0,0.0,13.448899000195524,auto
1767947189767,Sunny,Day,0.14149305555555555,100.0,0.0,15.366981000170199,auto
1767947189799,Sunny,Day,0.1419704861111111,100.0,0.0,18.2926929999212,auto
1767947189834,Sunny,Day,0.14175347222222223,100.0,0.0,22.183187000109683,auto
1767947189862,Sunny,Day,0.14153645833333334,100.0,0.0,14.204609999978857,auto
1767947189893,Sunny,Day,0.1419704861111111,100.0,0.0,17.677499000001262,auto
1767947189924,Sunny,Day,0.14171006944444445,100.0,-1.0,11.645076000149857,auto
1767947189956,Sunny,Day,0.14171006944444445,100.0,-1.0,10.534537000012278,auto
1767947189988,Sunny,Day,0.14110243055555555,100.0,-1.0,18.318100999977105,auto
1767947190019,Sunny,Day,0.1412326388888889,100.0,-1.0,17.512224000029164,auto
1767947190051,Sunny,Day,0.14131944444444444,100.0,-1.0,18.859072999930504,auto
1767947190081,Sunny,Day,0.14153645833333334,100.0,-1.0,17.28746900016631,auto
1767947190113,Sunny,Day,0.14140625,100.0,-1.0,18.01906900004724,auto
1767947190145,Sunny,Day,0.14049479166666667,100.0,0.0,18.868573999952787,auto
1767947190175,Sunny,Day,0.14097222222222222,100.0,0.0,17.30930200005787,auto
1767947190207,Sunny,Day,0.141015625,100.0,0.0,13.00696200019047,auto
1767947190240,Sunny,Day,0.14088541666666668,100.0,0.0,14.330849000089074,auto
1767947190270,Sunny,Day,0.14058159722222222,100.0,0.0,16.64705200005301,auto
1767947190301,Sunny,Day,0.14049479166666667,100.0,0.0,14.372291999961817,auto
1767947190332,Sunny,Day,0.1407986111111111,100.0,0.0,9.686476999831939,auto
1767947190364,Sunny,Day,0.14027777777777778,100.0,0.0,10.390041000164274,auto
1767947190398,Sunny,Day,0.13980034722222223,100.0,0.0,11.70692699997744,auto
1767947190427,Sunny,Day,0.14032118055555556,100.0,0.0,14.16979500004345,auto
1767947190460,Sunny,Day,0.13967013888888888,100.0,0.0,20.11962799997491,auto
1767947190490,Sunny,Day,0.13919270833333333,100.0,0.0,5.975258000034955,auto
1767947190521,Sunny,Day,0.13893229166666668,100.0,0.0,9.427147999986119,auto
1767947190552,Sunny,Day,0.1392795138888889,100.0,0.0,11.038547999987713,auto
1767947190584,Sunny,Day,0.13875868055555557,100.0,-1.0,13.9156699999603,auto
1767947190615,Sunny,Day,0.13919270833333333,100.0,-1.0,17.893034000053376,auto
1767947190648,Sunny,Day,0.1388454861111111,100.0,-1.0,19.133107000016025,auto
1767947190678,Sunny,Day,0.13932291666666666,100.0,-1.0,17.41694799989091,auto
1767947190709,Sunny,Day,0.13962673611111112,100.0,-1.0,18.07390099997974,auto
1767947190741,Sunny,Day,0.13984375,100.0,-1.0,18.364692999966792,auto
1767947190772,Sunny,Day,0.1392795138888889,100.0,-1.0,17.663722000179405,auto
1767947190803,Sunny,Day,0.13875868055555557,100.0,-1.0,11.218267999993259,auto
1767947190835,Sunny,Day,0.13914930555555555,100.0,-1.0,8.12637200010613,auto
1767947190866,Sunny,Day,0.1391059027777778,100.0,-1.0,11.400451000099565,auto
1767947190899,Sunny,Day,0.13901909722222222,100.0,-1.0,13.365177999958178,auto
1767947190931,Sunny,Day,0.1388888888888889,100.0,-1.0,5.471598999974958,auto
1767947190960,Sunny,Day,0.1391059027777778,100.0,-1.0,10.129673999927036,auto
1767947190992,Sunny,Day,0.13901909722222222,100.0,-1.0,18.895294999992984,auto
1767947191023,Sunny,Day,0.13893229166666668,100.0,-1.0,9.220891999802916,auto
1767947191057,Sunny,Day,0.13967013888888888,100.0,0.0,13.562824000018736,auto
1767947191087,Sunny,Day,0.13932291666666666,100.0,-1.0,11.601836999943771,auto
1767947191118,Sunny,Day,0.13953993055555555,100.0,-1.0,17.80233100021178,auto
1767947191149,Sunny,Day,0.13962673611111112,100.0,-1.0,17.4468180000531,auto
1767947191182,Sunny,Day,0.13958333333333334,100.0,-1.0,19.621451000148227,auto
1767947191212,Sunny,Day,0.13953993055555555,100.0,0.0,17.61516700003085,auto
1767947191243,Sunny,Day,0.138671875,100.0,-1.0,8.759751000070537,auto
1767947191274,Sunny,Day,0.13862847222222222,100.0,-1.0,18.16012199992656,auto
1767947191306,Sunny,Day,0.1388888888888889,100.0,-1.0,17.130711999925552,auto
1767947191337,Sunny,Day,0.1384982638888889,100.0,0.0,17.85725599984289,auto
1767947191369,Sunny,Day,0.13784722222222223,100.0,0.0,18.29952699995374,auto
1767947191401,Sunny,Day,0.1375,100.0,0.0,18.71039100001326,auto
1767947191433,Sunny,Day,0.1375,100.0,-1.0,10.531037999953696,auto
1767947191465,Sunny,Day,0.137109375,100.0,0.0,18.179325000119206,auto
1767947191496,Sunny,Day,0.1369357638888889,100.0,0.0,16.436759999805872,auto
1767947191527,Sunny,Day,0.13667534722222222,100.0,-1.0,17.32385700006489,auto
1767947191557,Sunny,Day,0.13663194444444443,100.0,-1.0,7.019242000069426,auto
1767947191588,Sunny,Day,0.13606770833333334,100.0,-1.0,11.935533999803738,auto
1767947191620,Sunny,Day,0.13546006944444444,100.0,-1.0,18.618800000012925,auto
1767947191651,Sunny,Day,0.13485243055555557,100.0,-1.0,8.163111999920147,auto
1767947191683,Sunny,Day,0.1345920138888889,100.0,-1.0,17.603222999923673,auto
1767947191715,Sunny,Day,0.13411458333333334,100.0,-1.0,11.441320000130872,auto
1767947191746,Sunny,Day,0.13385416666666666,100.0,-1.0,16.59298000004128,auto
1767947191777,Sunny,Day,0.13294270833333333,100.0,-1.0,17.570872000078452,auto
1767947191808,Sunny,Day,0.1330295138888889,100.0,-1.0,18.396155000118597,auto
1767947191841,Sunny,Day,0.13233506944444445,100.0,-1.0,19.027163999908225,auto
1767947191873,Sunny,Day,0.13120659722222222,100.0,-1.0,18.94849899986184,auto
1767947191903,Sunny,Day,0.13046875,100.0,-1.0,16.26907700006086,auto
1767947191936,Sunny,Day,0.13012152777777777,100.0,-1.0,19.631542999832163,auto
1767947191966,Sunny,Day,0.13038194444444445,100.0,-1.0,10.56040799994662,auto
1767947191997,Sunny,Day,0.12942708333333333,100.0,-1.0,11.041696999882333,auto
1767947192029,Sunny,Day,0.12964409722222223,100.0,-1.0,13.867801000060354,auto
1767947192059,Sunny,Day,0.12938368055555555,100.0,-2.0,16.51401899994198,auto
1767947192093,Sunny,Day,0.12825520833333334,100.0,-2.0,20.115368999995553,auto
1767947192122,Sunny,Day,0.12799479166666666,100.0,-2.0,9.967991999928927,auto
1767947192154,Sunny,Day,0.1271267361111111,100.0,-2.0,9.292669000160458,auto
1767947192185,Sunny,Day,0.12625868055555556,100.0,-3.0,9.824234999996406,auto
1767947192217,Sunny,Day,0.12434895833333333,100.0,-3.0,18.168863000028068,auto
1767947192248,Sunny,Day,0.12391493055555555,100.0,-3.0,16.550664999840592,auto
1767947192281,Sunny,Day,0.12222222222222222,100.0,-3.0,19.845372999952815,auto
1767947192311,Sunny,Day,0.11996527777777778,100.0,-3.0,16.500463000056698,auto
1767947192342,Sunny,Day,0.117578125,100.0,-4.0,16.59631300003639,auto
1767947192373,Sunny,Day,0.11710069444444444,100.0,-4.0,11.330266999948435,auto
1767947192407,Sunny,Day,0.11549479166666667,100.0,20.0,20.19059000008383,auto
1767947192436,Sunny,Day,0.11228298611111111,100.0,20.0,10.228876000155651,auto
1767947192468,Sunny,Day,0.11232638888888889,100.0,19.0,12.887204999969981,auto
1767947192499,Sunny,Day,0.11158854166666667,100.0,19.0,9.701736000124583,auto
1767947192531,Sunny,Day,0.11124131944444444,100.0,1.0,14.900284999839641,auto
1767947192562,Sunny,Day,0.11145833333333334,100.0,12.0,18.3253599998352,auto
1767947192593,Sunny,Day,0.11106770833333333,100.0,9.0,18.034587000101965,auto
1767947192627,Sunny,Day,0.11401909722222223,100.0,7.0,20.12499900001785,auto
1767947192656,Sunny,Day,0.11271701388888888,100.0,6.0,14.559531000031711,auto
1767947192689,Sunny,Day,0.11467013888888888,100.0,3.0,19.975129999920682,auto
1767947192719,Sunny,Day,0.11614583333333334,100.0,1.0,16.254226000000926,auto
1767947192750,Sunny,Day,0.11762152777777778,100.0,0.0,15.159299000060855,auto
1767947192782,Sunny,Day,0.12000868055555555,100.0,-2.0,18.157454999936817,auto
1767947192813,Sunny,Day,0.11996527777777778,100.0,-2.0,18.27926800001478,auto
1767947192845,Sunny,Day,0.11966145833333333,100.0,-3.0,18.911462000005486,auto
1767947192880,Sunny,Day,0.12144097222222222,100.0,-3.0,21.148409000034007,auto
1767947192909,Sunny,Day,0.12200520833333334,100.0,-4.0,11.829628999976194,auto
1767947192942,Sunny,Day,0.12122395833333334,100.0,-4.0,16.548499999998967,auto
1767947192972,Sunny,Day,0.12183159722222223,100.0,-4.0,8.883712999931959,auto
1767947193001,Sunny,Day,0.12235243055555556,100.0,-4.0,15.95247099999142,auto
1767947193035,Sunny,Day,0.12256944444444444,100.0,-5.0,19.758116000048176,auto
1767947193066,Sunny,Day,0.12322048611111111,100.0,-5.0,15.625254000042332,auto
1767947193098,Sunny,Day,0.12404513888888889,100.0,-5.0,16.867974999968283,auto
1767947193127,Sunny,Day,0.12291666666666666,100.0,-5.0,15.353776999972979,auto
1767947193160,Sunny,Day,0.12165798611111112,100.0,-5.0,13.275327999963338,auto
1767947193190,Sunny,Day,0.12165798611111112,100.0,-5.0,16.084876999912012,auto
1767947193223,Sunny,Day,0.12183159722222223,100.0,-5.0,19.798690000015995,auto
1767947193254,Sunny,Day,0.11909722222222222,100.0,-4.0,17.88988600014818,auto
1767947193284,Sunny,Day,0.11888020833333333,100.0,-4.0,15.381258999923375,auto
1767947193315,Sunny,Day,0.12209201388888889,100.0,-3.0,17.824997999923653,auto
1767947193347,Sunny,Day,0.12065972222222222,100.0,-2.0,18.776742000000013,auto
1767947193379,Sunny,Day,0.12183159722222223,100.0,-2.0,15.686493999965023,auto
1767947193410,Sunny,Day,0.12322048611111111,100.0,-2.0,17.942384999969363,auto
1767947193441,Sunny,Day,0.1271267361111111,100.0,-1.0,17.852719999837063,auto
1767947193474,Sunny,Day,0.12921006944444444,100.0,-1.0,19.56459999996696,auto
1767947193506,Sunny,Day,0.13111979166666668,100.0,-1.0,18.635873999983232,auto
1767947193535,Sunny,Day,0.131640625,100.0,-1.0,15.901435000159836,auto
1767947193567,Sunny,Day,0.13211805555555556,100.0,-1.0,12.195734999977503,auto
1767947193598,Sunny,Day,0.13294270833333333,100.0,-2.0,8.021892000215303,auto
1767947193630,Sunny,Day,0.1325954861111111,100.0,-1.0,12.571654000112176,auto
1767947193662,Sunny,Day,0.1328125,100.0,-1.0,19.70880099997885,auto
1767947193692,Sunny,Day,0.13289930555555557,100.0,-1.0,15.91621300008228,auto
1767947193724,Sunny,Day,0.133203125,100.0,-1.0,18.102013000088846,auto
1767947193755,Sunny,Day,0.13337673611111112,100.0,-1.0,17.405559999815523,auto
1767947193787,Sunny,Day,0.13359375,100.0,-1.0,17.89733000009619,auto
1767947193820,Sunny,Day,0.13394097222222223,100.0,-1.0,19.877761999850918,auto
1767947193849,Sunny,Day,0.13480902777777778,100.0,-1.0,15.891492000037033,auto
1767947193881,Sunny,Day,0.13528645833333333,100.0,-1.0,16.376409000031344,auto
1767947193914,Sunny,Day,0.13641493055555556,100.0,-2.0,20.029871000133426,auto
1767947193943,Sunny,Day,0.13741319444444444,100.0,-1.0,11.235452999926565,auto
1767947193978,Sunny,Day,0.13723958333333333,100.0,-1.0,20.31570000008287,auto
1767947194006,Sunny,Day,0.13754340277777777,100.0,-1.0,15.097650999905454,auto
1767947194038,Sunny,Day,0.13784722222222223,100.0,-2.0,17.1204900000248,auto
1767947194069,Sunny,Day,0.1388454861111111,100.0,-2.0,18.477191999863862,auto
1767947194101,Sunny,Day,0.139453125,100.0,-2.0,18.049808999876404,auto
1767947194132,Sunny,Day,0.14032118055555556,100.0,-3.0,18.06136499999411,auto
1767947194163,Sunny,Day,0.14049479166666667,100.0,-3.0,18.442265999965457,auto
1767947194195,Sunny,Day,0.141015625,100.0,-3.0,16.78047800010063,auto
1767947194226,Sunny,Day,0.14162326388888888,100.0,-3.0,18.269101999976556,auto
1767947194257,Sunny,Day,0.14210069444444445,100.0,-4.0,18.20526999995309,auto
1767947194289,Sunny,Day,0.1421440972222222,100.0,-4.0,15.234501000122691,auto
1767947194322,Sunny,Day,0.14210069444444445,100.0,-4.0,18.453098999998474,auto
1767947194352,Sunny,Day,0.14162326388888888,100.0,-4.0,16.00928500010923,auto
1767947194383,Sunny,Day,0.14253472222222222,100.0,-4.0,17.33735700008765,auto
1767947194415,Sunny,Day,0.1430121527777778,100.0,-3.0,17.278950999980225,auto
1767947194447,Sunny,Day,0.14340277777777777,100.0,-3.0,18.844555999976365,auto
1767947194477,Sunny,Day,0.1443142361111111,100.0,-3.0,11.150899000085701,auto
1767947194508,Sunny,Day,0.14357638888888888,100.0,-3.0,17.883719000110432,auto
1767947194541,Sunny,Day,0.144140625,100.0,-2.0,19.537359999958426,auto
1767947194572,Sunny,Day,0.14440104166666667,100.0,-2.0,9.296223999854192,auto
1767947194603,Sunny,Day,0.14401041666666667,100.0,-2.0,17.93995899993206,auto
1767947194636,Sunny,Day,0.14288194444444444,100.0,-1.0,18.213195000043925,auto
1767947194666,Sunny,Day,0.14327256944444444,100.0,-1.0,11.392431999865948,auto
1767947194698,Sunny,Day,0.14223090277777778,100.0,-1.0,18.48258099994382,auto
1767947194731,Sunny,Day,0.14088541666666668,100.0,-1.0,19.221902000026603,auto
1767947194760,Sunny,Day,0.13967013888888888,100.0,-1.0,15.757697000026383,auto
1767947194792,Sunny,Day,0.13706597222222222,100.0,0.0,9.692181999980676,auto
1767947194823,Sunny,Day,0.13728298611111112,100.0,-1.0,12.28684400007296,auto
1767947194854,Sunny,Day,0.13480902777777778,100.0,0.0,13.315032000036808,auto
1767947194887,Sunny,Day,0.13420138888888888,100.0,0.0,18.979608999870834,auto
1767947194917,Sunny,Day,0.1322048611111111,100.0,0.0,8.389071999999942,auto
1767947194948,Sunny,Day,0.131640625,100.0,0.0,17.720221999979913,auto
1767947194981,Sunny,Day,0.12903645833333333,100.0,1.0,19.670784000027197,auto
1767947195012,Sunny,Day,0.128125,100.0,1.0,15.101504000085697,auto
1767947195042,Sunny,Day,0.12764756944444444,100.0,1.0,16.522685000154524,auto
1767947195075,Sunny,Day,0.12708333333333333,100.0,1.0,17.946737000102075,auto
1767947195106,Sunny,Day,0.12795138888888888,100.0,0.0,10.266153999964445,auto
1767947195138,Sunny,Day,0.13051215277777778,100.0,0.0,9.636905000206752,auto
1767947195168,Sunny,Day,0.13090277777777778,100.0,0.0,11.268768000036289,auto
1767947195200,Sunny,Day,0.13268229166666667,100.0,-1.0,17.732887999954983,auto
1767947195231,Sunny,Day,0.1345920138888889,100.0,-2.0,18.287434999820107,auto
1767947195262,Sunny,Day,0.13485243055555557,100.0,-2.0,17.3388209998393,auto
1767947195294,Sunny,Day,0.13658854166666667,100.0,-2.0,18.05305000016233,auto
1767947195325,Sunny,Day,0.13871527777777778,100.0,-2.0,7.128072999876167,auto
1767947195358,Sunny,Day,0.14118923611111112,100.0,-2.0,15.064300999938496,auto
1767947195389,Sunny,Day,0.14244791666666667,100.0,-2.0,17.437874000052034,auto
1767947195419,Sunny,Day,0.14292534722222222,100.0,-2.0,17.042177000121228,auto
1767947195451,Sunny,Day,0.141015625,100.0,-2.0,18.611578000218287,auto
1767947195483,Sunny,Day,0.13932291666666666,100.0,-1.0,17.532410000058007,auto
1767947195514,Sunny,Day,0.14153645833333334,100.0,0.0,17.014641000059783,auto
1767947195547,Sunny,Day,0.14166666666666666,100.0,0.0,20.0585370000681,auto
1767947195577,Sunny,Day,0.14049479166666667,100.0,0.0,11.044214999856194,auto
1767947195608,Sunny,Day,0.14053819444444443,100.0,0.0,10.31665300001805,auto
1767947195639,Sunny,Day,0.139453125,100.0,-1.0,6.596303999913289,auto
1767947195671,Sunny,Day,0.1384548611111111,100.0,-1.0,12.050348000002487,auto
1767947195702,Sunny,Day,0.13810763888888888,100.0,0.0,17.91020100017704,auto
1767947195734,Sunny,Day,0.13680555555555557,100.0,0.0,18.767668000009508,auto
1767947195765,Sunny,Day,0.13676215277777778,100.0,0.0,17.237044000012247,auto
1767947195796,Sunny,Day,0.13697916666666668,100.0,0.0,18.232787999977518,auto
1767947195828,Sunny,Day,0.13563368055555555,100.0,0.0,17.837738000025638,auto
1767947195859,Sunny,Day,0.13394097222222223,100.0,0.0,17.70435200000975,auto
1767947195892,Sunny,Day,0.13394097222222223,100.0,0.0,19.443676000037158,auto
1767947195924,Sunny,Day,0.13285590277777778,100.0,0.0,16.852309000114474,auto
1767947195955,Sunny,Day,0.13224826388888888,100.0,0.0,16.45081699984985,auto
1767947195985,Sunny,Day,0.13090277777777778,100.0,0.0,16.484796999975515,auto
1767947196016,Sunny,Day,0.12921006944444444,100.0,1.0,9.94958499995846,auto
1767947196047,Sunny,Day,0.12886284722222222,100.0,1.0,12.029256000005262,auto
1767947196079,Sunny,Day,0.12725694444444444,100.0,1.0,11.483635000104186,auto
1767947196112,Sunny,Day,0.126171875,100.0,1.0,19.716950999963956,auto
1767947196141,Sunny,Day,0.12439236111111111,100.0,1.0,9.291390999806026,auto
1767947196173,Sunny,Day,0.12352430555555556,100.0,1.0,13.427085999865085,auto
1767947196204,Sunny,Day,0.12152777777777778,100.0,1.0,10.050527999965198,auto
1767947196238,Sunny,Day,0.11940104166666667,100.0,1.0,8.157019999998738,auto
1767947196267,Sunny,Day,0.116796875,100.0,2.0,9.888696999951208,auto
1767947196303,Sunny,Day,0.11467013888888888,100.0,1.0,18.23360399998819,auto
1767947196331,Sunny,Day,0.11241319444444445,100.0,1.0,6.261049999920942,auto
1767947196362,Sunny,Day,0.11102430555555555,100.0,1.0,7.531751999977132,auto
1767947196393,Sunny,Day,0.108984375,100.0,1.0,12.394638999921881,auto
1767947196426,Sunny,Day,0.10685763888888888,100.0,1.0,19.394974000078946,auto
1767947196456,Sunny,Day,0.10503472222222222,100.0,1.0,7.053370999983599,auto
1767947196487,Sunny,Day,0.10243055555555555,100.0,1.0,17.006584999990082,auto
1767947196519,Sunny,Day,0.09986979166666667,100.0,1.0,19.125440999914645,auto
1767947196551,Sunny,Day,0.09605034722222222,100.0,1.0,19.142663000138782,auto
1767947196581,Sunny,Day,0.09357638888888889,100.0,1.0,9.185337999952026,auto
1767947196612,Sunny,Day,0.09123263888888888,100.0,1.0,12.45104600002378,auto
1767947196644,Sunny,Day,0.08897569444444445,100.0,1.0,11.867554999980712,auto
1767947196675,Sunny,Day,0.08645833333333333,100.0,1.0,11.669781000136936,auto
1767947196706,Sunny,Day,0.0875,100.0,1.0,13.137849000031565,auto
1767947196739,Sunny,Day,0.08884548611111111,100.0,1.0,16.587610999977187,auto
1767947196770,Sunny,Day,0.08914930555555556,100.0,1.0,11.566319000166914,auto
1767947196801,Sunny,Day,0.09032118055555556,100.0,1.0,16.32002199994531,auto
1767947196832,Sunny,Day,0.09210069444444445,100.0,1.0,16.498204000072292,auto
1767947196864,Sunny,Day,0.09487847222222222,100.0,2.0,17.488930000126857,auto
1767947196895,Sunny,Day,0.09717881944444444,100.0,2.0,18.255788000033135,auto
1767947196926,Sunny,Day,0.09891493055555556,100.0,2.0,17.712038000126995,auto
1767947196958,Sunny,Day,0.10308159722222222,100.0,2.0,17.777350999949704,auto
1767947196989,Sunny,Day,0.10594618055555556,100.0,2.0,17.729611000049772,auto
1767947197020,Sunny,Day,0.10794270833333333,100.0,2.0,18.257194999932835,auto
1767947197054,Sunny,Day,0.11206597222222223,100.0,2.0,19.931447999852026,auto
1767947197083,Sunny,Day,0.11571180555555556,100.0,2.0,14.884877999975288,auto
1767947197115,Sunny,Day,0.11940104166666667,100.0,2.0,18.33008299990979,auto
1767947197147,Sunny,Day,0.12052951388888888,100.0,2.0,17.983755000159363,auto
1767947197179,Sunny,Day,0.12313368055555556,100.0,2.0,19.001034999973854,auto
1767947197209,Sunny,Day,0.12296006944444444,100.0,2.0,16.147729000067557,auto
1767947197241,Sunny,Day,0.12296006944444444,100.0,2.0,6.4851950000957,auto
1767947197273,Sunny,Day,0.12269965277777778,100.0,2.0,9.256761999949958,auto
1767947197303,Sunny,Day,0.12291666666666666,100.0,2.0,9.875881999960257,auto
1767947197335,Sunny,Day,0.12348090277777778,100.0,1.0,17.959736999955567,auto
1767947197370,Sunny,Day,0.12269965277777778,100.0,1.0,21.936823000032746,auto
1767947197397,Sunny,Day,0.12330729166666667,100.0,1.0,14.48386499987464,auto
1767947197429,Sunny,Day,0.12374131944444444,100.0,1.0,18.164918999900692,auto
1767947197462,Sunny,Day,0.12395833333333334,100.0,1.0,20.131592000097953,auto
1767947197491,Sunny,Day,0.12365451388888889,100.0,1.0,7.63973200014334,auto
1767947197523,Sunny,Day,0.12348090277777778,100.0,1.0,18.298712999921918,auto
1767947197555,Sunny,Day,0.12335069444444445,100.0,1.0,19.01929500013466,auto
1767947197587,Sunny,Day,0.12356770833333333,100.0,1.0,19.36221599999044,auto
1767947197617,Sunny,Day,0.12309027777777778,100.0,1.0,16.680238999924768,auto
1767947197648,Sunny,Day,0.12287326388888889,100.0,1.0,17.02008500001284,auto
1767947197680,Sunny,Day,0.12395833333333334,100.0,1.0,17.67753800004357,auto
1767947197712,Sunny,Day,0.12348090277777778,100.0,1.0,18.516284000043015,auto
1767947197743,Sunny,Day,0.12296006944444444,100.0,1.0,18.624524000188103,auto
1767947197775,Sunny,Day,0.12339409722222222,100.0,1.0,17.92595999995683,auto
1767947197806,Sunny,Day,0.12365451388888889,100.0,1.0,11.750037999945562,auto
1767947197837,Sunny,Day,0.1232638888888889,100.0,1.0,17.863924000039333,auto
1767947197870,Sunny,Day,0.12365451388888889,100.0,1.0,19.34484500020517,auto
1767947197900,Sunny,Day,0.12339409722222222,100.0,0.0,16.060006999850884,auto
1767947197931,Sunny,Day,0.12230902777777777,100.0,0.0,17.877961000067444,auto
1767947197962,Sunny,Day,0.12421875,100.0,0.0,18.058031999999002,auto
1767947197998,Sunny,Day,0.12243923611111111,100.0,0.0,20.689582999921186,auto
1767947198028,Sunny,Day,0.12317708333333334,100.0,1.0,12.270252000007531,auto
1767947198060,Sunny,Day,0.12248263888888888,100.0,1.0,14.817767999829812,auto
1767947198088,Sunny,Day,0.12248263888888888,100.0,0.0,10.082601000021896,auto
1767947198120,Sunny,Day,0.12252604166666667,100.0,1.0,18.253252000022258,auto
1767947198152,Sunny,Day,0.12269965277777778,100.0,0.0,18.282824999914737,auto
1767947198183,Sunny,Day,0.12170138888888889,100.0,0.0,18.222473999912836,auto
1767947198214,Sunny,Day,0.12256944444444444,100.0,0.0,16.5329080000447,auto
1767947198245,Sunny,Day,0.12213541666666666,100.0,0.0,16.83347700009108,auto
1767947198276,Sunny,Day,0.12252604166666667,100.0,1.0,17.048232999968604,auto
1767947198310,Sunny,Day,0.12239583333333333,100.0,1.0,9.02413699986937,auto
1767947198339,Sunny,Day,0.12161458333333333,100.0,1.0,7.496752999941236,auto
1767947198371,Sunny,Day,0.12222222222222222,100.0,1.0,18.09834599998794,auto
1767947198404,Sunny,Day,0.12217881944444445,100.0,0.0,19.20495900003516,auto
1767947198434,Sunny,Day,0.12209201388888889,100.0,1.0,16.007657000045583,auto
1767947198465,Sunny,Day,0.12243923611111111,100.0,1.0,17.406968999921446,auto
1767947198496,Sunny,Day,0.12256944444444444,100.0,1.0,8.167762000084622,auto
1767947198528,Sunny,Day,0.12296006944444444,100.0,1.0,17.934274999788613,auto
1767947198560,Sunny,Day,0.12204861111111111,100.0,1.0,6.09958900008678,auto
1767947198591,Sunny,Day,0.12217881944444445,100.0,0.0,8.90526799980762,auto
1767947198623,Sunny,Day,0.12252604166666667,100.0,0.0,17.642076000129236,auto
1767947198653,Sunny,Day,0.12274305555555555,100.0,0.0,15.996249000181706,auto
1767947198685,Sunny,Day,0.12330729166666667,100.0,0.0,17.213175000051706,auto
1767947198716,Sunny,Day,0.12243923611111111,100.0,0.0,17.53005899990967,auto
1767947198748,Sunny,Day,0.12269965277777778,100.0,0.0,16.47105699998974,auto
1767947198779,Sunny,Day,0.12352430555555556,100.0,0.0,17.179546000079426,auto
1767947198812,Sunny,Day,0.123046875,100.0,0.0,20.46438299998954,auto
1767947198842,Sunny,Day,0.12313368055555556,100.0,0.0,16.311670999812122,auto
1767947198873,Sunny,Day,0.12261284722222222,100.0,0.0,18.086217000018223,auto
1767947198904,Sunny,Day,0.12313368055555556,100.0,1.0,18.18645599996671,auto
1767947198938,Sunny,Day,0.12352430555555556,100.0,1.0,19.845077999889327,auto
1767947198967,Sunny,Day,0.12356770833333333,100.0,1.0,14.550310000004174,auto
1767947198999,Sunny,Day,0.12335069444444445,100.0,1.0,18.283418000009988,auto
1767947199030,Sunny,Day,0.1232638888888889,100.0,0.0,16.599555000084365,auto
1767947199063,Sunny,Day,0.1234375,100.0,0.0,16.52724199993827,auto
1767947199093,Sunny,Day,0.12348090277777778,100.0,0.0,5.687429999852611,auto
1767947199124,Sunny,Day,0.12291666666666666,100.0,0.0,18.080736000001707,auto
1767947199156,Sunny,Day,0.12300347222222222,100.0,0.0,17.135491000090042,auto
1767947199187,Sunny,Day,0.12356770833333333,100.0,0.0,14.02970699996331,auto
1767947199218,Sunny,Day,0.12300347222222222,100.0,1.0,17.672204999826135,auto
1767947199250,Sunny,Day,0.122265625,100.0,1.0,18.2973989999482,auto
1767947199281,Sunny,Day,0.12183159722222223,100.0,1.0,11.63829999995869,auto
1767947199313,Sunny,Day,0.12191840277777778,100.0,0.0,17.09988099992188,auto
1767947199344,Sunny,Day,0.12161458333333333,100.0,1.0,12.261882000075275,auto
1767947199375,Sunny,Day,0.12170138888888889,100.0,1.0,12.136366000049748,auto
1767947199408,Sunny,Day,0.12165798611111112,100.0,1.0,20.036315999959697,auto
1767947199438,Sunny,Day,0.121484375,100.0,1.0,10.821775000067646,auto
1767947199470,Sunny,Day,0.12161458333333333,100.0,0.0,17.732518999991953,auto
1767947199501,Sunny,Day,0.12191840277777778,100.0,0.0,18.02701400015394,auto
1767947199532,Sunny,Day,0.11901041666666666,100.0,0.0,18.312787000013486,auto
1767947199567,Sunny,Day,0.12126736111111111,100.0,0.0,20.911414000011064,auto
1767947199596,Sunny,Day,0.12200520833333334,100.0,0.0,15.54970099982711,auto
1767947199632,Sunny,Day,0.12092013888888889,100.0,0.0,23.158322999961456,auto
1767947199658,Sunny,Day,0.11857638888888888,100.0,0.0,12.423602000126266,auto
1767947199689,Sunny,Day,0.12065972222222222,100.0,1.0,18.132660999981454,auto
1767947199721,Sunny,Day,0.12083333333333333,100.0,1.0,17.146435000086058,auto
1767947199752,Sunny,Day,0.11996527777777778,100.0,1.0,18.221752000044944,auto
1767947199786,Sunny,Day,0.11957465277777778,100.0,1.0,19.837467000115794,auto
1767947199816,Sunny,Day,0.11957465277777778,100.0,1.0,10.51057600011518,auto
1767947199847,Sunny,Day,0.11901041666666666,100.0,1.0,11.533542000051966,auto
1767947199879,Sunny,Day,0.12035590277777777,100.0,1.0,19.108720000076573,auto
1767947199911,Sunny,Day,0.119921875,100.0,1.0,18.545598999935464,auto
1767947199941,Sunny,Day,0.11896701388888889,100.0,1.0,15.006821000042692,auto
1767947199972,Sunny,Day,0.11996527777777778,100.0,1.0,17.48842999995759,auto
1767947200003,Sunny,Day,0.11987847222222223,100.0,1.0,18.259807000049477,auto
1767947200035,Sunny,Day,0.12044270833333333,100.0,1.0,17.777204000140046,auto
1767947200066,Sunny,Day,0.12052951388888888,100.0,1.0,18.056087999866577,auto
1767947200098,Sunny,Day,0.11974826388888889,100.0,0.0,18.1144390001009,auto
1767947200129,Sunny,Day,0.11944444444444445,100.0,0.0,18.012477000183935,auto
1767947200160,Sunny,Day,0.1208767361111111,100.0,1.0,18.369841999856362,auto
1767947200192,Sunny,Day,0.12035590277777777,100.0,1.0,7.524382999918089,auto
1767947200223,Sunny,Day,0.11931423611111111,100.0,1.0,17.85140600009072,auto
1767947200255,Sunny,Day,0.12000868055555555,100.0,1.0,17.65283500003534,auto
1767947200287,Sunny,Day,0.12044270833333333,100.0,1.0,19.389216000035958,auto
1767947200318,Sunny,Day,0.12035590277777777,100.0,1.0,11.925813999823731,auto
1767947200349,Sunny,Day,0.12009548611111111,100.0,1.0,17.470412999955443,auto
1767947200380,Sunny,Day,0.11966145833333333,100.0,1.0,18.100679999861313,auto
1767947200412,Sunny,Day,0.12044270833333333,100.0,1.0,18.550617999835595,auto
1767947200443,Sunny,Day,0.12083333333333333,100.0,1.0,17.985164000037912,auto
1767947200474,Sunny,Day,0.12044270833333333,100.0,1.0,17.4349130002156,auto
1767947200506,Sunny,Day,0.12078993055555555,100.0,1.0,18.305805999943914,auto
1767947200537,Sunny,Day,0.12135416666666667,100.0,1.0,16.684036000015112,auto
1767947200569,Sunny,Day,0.12170138888888889,100.0,1.0,17.884258000094633,auto
1767947200600,Sunny,Day,0.12052951388888888,100.0,1.0,18.07336599995324,auto
1767947200631,Sunny,Day,0.12157118055555556,100.0,1.0,10.575020000032964,auto
1767947200663,Sunny,Day,0.122265625,100.0,1.0,11.955091000118045,auto
1767947200696,Sunny,Day,0.12170138888888889,100.0,1.0,19.3246609999278,auto
1767947200726,Sunny,Day,0.12204861111111111,100.0,1.0,11.68718799999624,auto
1767947200757,Sunny,Day,0.12183159722222223,100.0,1.0,18.08001399990644,auto
1767947200789,Sunny,Day,0.12204861111111111,100.0,0.0,18.08308800013947,auto
1767947200821,Sunny,Day,0.12213541666666666,100.0,1.0,19.560601999955907,auto
1767947200851,Sunny,Day,0.12204861111111111,100.0,1.0,11.96729499997673,auto
1767947200884,Sunny,Day,0.12191840277777778,100.0,0.0,19.697691999908784,auto
1767947200914,Sunny,Day,0.12248263888888888,100.0,0.0,14.078336000011404,auto
1767947200946,Sunny,Day,0.12256944444444444,100.0,0.0,17.022936999865124,auto
1767947200977,Sunny,Day,0.12222222222222222,100.0,0.0,17.543984999974782,auto
1767947201008,Sunny,Day,0.12248263888888888,100.0,-1.0,17.684964999943986,auto
1767947201039,Sunny,Day,0.12209201388888889,100.0,-1.0,18.108624999968015,auto
1767947201071,Sunny,Day,0.12178819444444444,100.0,-1.0,18.501600000035978,auto
1767947201103,Sunny,Day,0.12209201388888889,100.0,-1.0,18.801446999987093,auto
1767947201134,Sunny,Day,0.12191840277777778,100.0,-1.0,12.773133999871789,auto
1767947201166,Sunny,Day,0.121875,100.0,-1.0,19.030257999929745,auto
1767947201198,Sunny,Day,0.12213541666666666,100.0,-1.0,18.17527200000768,auto
1767947201228,Sunny,Day,0.12239583333333333,100.0,-1.0,16.467428000169093,auto
1767947201260,Sunny,Day,0.12157118055555556,100.0,-1.0,10.80503499997576,auto
1767947201291,Sunny,Day,0.12191840277777778,100.0,-1.0,15.500313000075039,auto
1767947201322,Sunny,Day,0.12126736111111111,100.0,-1.0,17.85881299997527,auto
1767947201353,Sunny,Day,0.12105034722222222,100.0,-2.0,17.78529700004583,auto
1767947201385,Sunny,Day,0.12222222222222222,100.0,-2.0,18.346103000112635,auto
1767947201416,Sunny,Day,0.12135416666666667,100.0,-2.0,8.504367000114144,auto
1767947201448,Sunny,Day,0.12139756944444445,100.0,-2.0,17.9068309998911,auto
1767947201479,Sunny,Day,0.11966145833333333,100.0,-2.0,17.968683000162855,auto
1767947201511,Sunny,Day,0.12135416666666667,100.0,-2.0,18.73667000018031,auto
1767947201542,Sunny,Day,0.12000868055555555,100.0,-2.0,9.375871999964147,auto
1767947201573,Sunny,Day,0.11944444444444445,100.0,-2.0,7.2987750002084795,auto
1767947201605,Sunny,Day,0.11940104166666667,100.0,-2.0,10.393263000196384,auto
1767947201638,Sunny,Day,0.11922743055555556,100.0,-2.0,19.85704200001237,auto
1767947201668,Sunny,Day,0.11866319444444444,100.0,-3.0,16.30337500000678,auto
1767947201699,Sunny,Day,0.11671006944444444,100.0,-3.0,17.849721999937174,auto
1767947201730,Sunny,Day,0.11736111111111111,100.0,-3.0,11.579652999898826,auto
1767947201764,Sunny,Day,0.11540798611111111,100.0,-4.0,20.895228999961546,auto
1767947201793,Sunny,Day,0.11627604166666666,100.0,-3.0,15.328001999932894,auto
1767947201825,Sunny,Day,0.11223958333333334,100.0,-4.0,18.14262399989275,auto
1767947201856,Sunny,Day,0.11167534722222222,100.0,-5.0,17.653354000003674,auto
1767947201890,Sunny,Day,0.11115451388888889,100.0,-4.0,20.779952999873785,auto
1767947201919,Sunny,Day,0.11080729166666667,100.0,-5.0,15.654903000040576,auto
1767947201950,Sunny,Day,0.10993923611111112,100.0,-4.0,18.12708800002838,auto
1767947201985,Sunny,Day,0.10785590277777778,100.0,-4.0,20.67582500012577,auto
1767947202013,Sunny,Day,0.10681423611111111,100.0,-5.0,14.670510999849284,auto
1767947202046,Sunny,Day,0.10855034722222222,100.0,-4.0,19.703433000131554,auto
1767947202079,Sunny,Day,0.10755208333333334,100.0,-5.0,18.355509999992137,auto
1767947202107,Sunny,Day,0.10368923611111111,100.0,-5.0,6.96367000000464,auto
1767947202140,Sunny,Day,0.105859375,100.0,-5.0,16.492169000002832,auto
1767947202171,Sunny,Day,0.10581597222222222,100.0,-5.0,4.057658999954583,auto
1767947202202,Sunny,Day,0.10677083333333333,100.0,-6.0,12.509896999972625,auto
1767947202236,Sunny,Day,0.10442708333333334,100.0,-6.0,21.069375000024593,auto
1767947202266,Sunny,Day,0.10290798611111111,100.0,-7.0,16.427965999810112,auto
1767947202296,Sunny,Day,0.10143229166666666,100.0,-7.0,8.116892000089138,auto
1767947202327,Sunny,Day,0.10234375,100.0,-9.0,18.07281099991087,auto
1767947202360,Sunny,Day,0.10243055555555555,100.0,-9.0,19.853671999953804,auto
1767947202390,Sunny,Day,0.10034722222222223,100.0,-10.0,16.700184000001173,auto
1767947202421,Sunny,Day,0.09809027777777778,100.0,-11.0,17.161953999902835,auto
1767947202453,Sunny,Day,0.09522569444444444,100.0,-12.0,19.077443000014682,auto
1767947202487,Sunny,Day,0.09318576388888888,100.0,-13.0,20.500476000052004,auto
1767947202515,Sunny,Day,0.09275173611111111,100.0,-14.0,14.808897999955661,auto
1767947202548,Sunny,Day,0.08927951388888888,100.0,-14.0,19.463178000023618,auto
1767947202583,Sunny,Day,0.08932291666666667,100.0,-14.0,22.053174999882685,auto
1767947202610,Sunny,Day,0.08819444444444445,100.0,-14.0,13.114055000187363,auto
1767947202642,Sunny,Day,0.08815104166666667,100.0,-14.0,18.817132000094716,auto
1767947202674,Sunny,Day,0.08780381944444444,100.0,-14.0,17.842739999878177,auto
1767947202704,Sunny,Day,0.08888888888888889,100.0,-13.0,16.18158099995526,auto
1767947202735,Sunny,Day,0.09131944444444444,100.0,-13.0,17.35637699994186,auto
1767947202768,Sunny,Day,0.09240451388888889,100.0,-13.0,19.750357999782864,auto
1767947202798,Sunny,Day,0.09192708333333334,100.0,-13.0,8.08050299997376,auto
1767947202833,Sunny,Day,0.09283854166666666,100.0,-12.0,12.039164000043456,auto
1767947202861,Sunny,Day,0.09357638888888889,100.0,-11.0,8.488903999932518,auto
1767947202893,Sunny,Day,0.09370659722222222,100.0,-11.0,15.951231999906668,auto
1767947202924,Sunny,Day,0.09388020833333334,100.0,-10.0,17.762519000143584,auto
1767947202955,Sunny,Day,0.0935329861111111,100.0,-10.0,15.169874000093841,auto
1767947202989,Sunny,Day,0.09383680555555556,100.0,-9.0,17.56328100009341,auto
1767947203019,Sunny,Day,0.09500868055555556,100.0,-9.0,16.19607999987238,auto
1767947203051,Sunny,Day,0.09526909722222222,100.0,-8.0,18.70918999998139,auto
1767947203084,Sunny,Day,0.09496527777777777,100.0,-7.0,18.61122900004375,auto
1767947203119,Sunny,Day,0.0953125,100.0,-7.0,2.956675999939762,auto
1767947203149,Sunny,Day,0.09622395833333333,100.0,-7.0,5.310860999998113,auto
1767947203179,Sunny,Day,0.09665798611111111,100.0,-7.0,12.70698700000139,auto
1767947203208,Sunny,Day,0.09578993055555556,100.0,-7.0,15.049727999894458,auto
1767947203238,Sunny,Day,0.09618055555555556,100.0,-7.0,16.57670400004463,auto
1767947203269,Sunny,Day,0.096484375,100.0,-7.0,18.075681000027544,auto
1767947203301,Sunny,Day,0.09704861111111111,100.0,-7.0,16.021379999983765,auto
1767947203332,Sunny,Day,0.09765625,100.0,-7.0,18.19699399993624,auto
1767947203363,Sunny,Day,0.09626736111111112,100.0,-7.0,11.233436000111396,auto
1767947203396,Sunny,Day,0.09765625,100.0,-6.0,9.66297900004065,auto
1767947203426,Sunny,Day,0.09856770833333334,100.0,-6.0,10.550854000030085,auto
1767947203459,Sunny,Day,0.098828125,100.0,-6.0,17.748407999988558,auto
1767947203491,Sunny,Day,0.09809027777777778,100.0,-6.0,17.888461999973515,auto
1767947203521,Sunny,Day,0.09856770833333334,100.0,-6.0,9.055526000111058,auto
1767947203553,Sunny,Day,0.09839409722222223,100.0,-6.0,18.525487999795587,auto
1767947203583,Sunny,Day,0.09848090277777778,100.0,-6.0,8.313204000160113,auto
1767947203614,Sunny,Day,0.09900173611111111,100.0,-6.0,18.1432719998611,auto
1767947203649,Sunny,Day,0.09835069444444444,100.0,-6.0,21.179502999984834,auto
1767947203677,Sunny,Day,0.09826388888888889,100.0,-6.0,14.757157999838455,auto
1767947203709,Sunny,Day,0.09861111111111111,100.0,-6.0,18.109199000036824,auto
1767947203740,Sunny,Day,0.09921875,100.0,-6.0,14.968173999932333,auto
1767947203772,Sunny,Day,0.098046875,100.0,-7.0,18.168328000001566,auto
1767947203803,Sunny,Day,0.09934895833333333,100.0,-6.0,18.059403000052043,auto
1767947203835,Sunny,Day,0.10013020833333333,100.0,-6.0,18.365231999950993,auto
1767947203866,Sunny,Day,0.09965277777777778,100.0,-6.0,17.668225000079474,auto
1767947203897,Sunny,Day,0.10026041666666667,100.0,-6.0,18.148865000057413,auto
1767947203929,Sunny,Day,0.10073784722222222,100.0,-6.0,19.05246299997998,auto
1767947203960,Sunny,Day,0.1,100.0,-6.0,17.291934000013498,auto
1767947203991,Sunny,Day,0.10221354166666667,100.0,-6.0,18.319621000046027,auto
1767947204024,Sunny,Day,0.10065104166666666,100.0,-7.0,19.84115400000519,auto
1767947204054,Sunny,Day,0.10225694444444444,100.0,-6.0,15.538701999957993,auto
1767947204086,Sunny,Day,0.10151909722222222,100.0,-6.0,18.34821399984321,auto
1767947204117,Sunny,Day,0.10112847222222222,100.0,-7.0,18.285327000057805,auto
1767947204148,Sunny,Day,0.10052083333333334,100.0,-7.0,18.081737000102294,auto
1767947204180,Sunny,Day,0.09956597222222222,100.0,-7.0,16.980420999971102,auto
1767947204211,Sunny,Day,0.09943576388888889,100.0,-7.0,10.935069999959524,auto
1767947204243,Sunny,Day,0.10151909722222222,100.0,-6.0,11.84868599989386,auto
1767947204274,Sunny,Day,0.10034722222222223,100.0,-5.0,18.353733000139982,auto
1767947204306,Sunny,Day,0.09835069444444444,100.0,-6.0,16.220672999907038,auto
1767947204337,Sunny,Day,0.09869791666666666,100.0,-5.0,18.554730000005293,auto
1767947204368,Sunny,Day,0.09835069444444444,100.0,-5.0,17.17958400013231,auto
1767947204399,Sunny,Day,0.09583333333333334,100.0,-7.0,18.04799699993964,auto
1767947204431,Sunny,Day,0.09700520833333333,100.0,-6.0,15.373278999959439,auto
1767947204462,Sunny,Day,0.09817708333333333,100.0,-5.0,11.585134999904767,auto
1767947204494,Sunny,Day,0.09848090277777778,100.0,-5.0,17.952904999901875,auto
1767947204527,Sunny,Day,0.096875,100.0,-6.0,20.493606999934855,auto
1767947204557,Sunny,Day,0.09761284722222222,100.0,-6.0,14.853361000177756,auto
1767947204588,Sunny,Day,0.09409722222222222,100.0,-6.0,17.72064900001169,auto
1767947204620,Sunny,Day,0.09943576388888889,100.0,-5.0,5.672373999914271,auto
1767947204651,Sunny,Day,0.10004340277777778,100.0,-4.0,17.292230999828462,auto
1767947204682,Sunny,Day,0.10169270833333334,100.0,-4.0,16.549889999851075,auto
1767947204714,Sunny,Day,0.09700520833333333,100.0,-5.0,18.2694929999343,auto
1767947204745,Sunny,Day,0.09791666666666667,100.0,-4.0,16.165710999985095,auto
1767947204776,Sunny,Day,0.09969618055555556,100.0,-3.0,18.194974999914848,auto
1767947204810,Sunny,Day,0.10217013888888889,100.0,-3.0,20.0674089999211,auto
1767947204839,Sunny,Day,0.10008680555555556,100.0,-3.0,16.25420999994276,auto
1767947204871,Sunny,Day,0.09583333333333334,100.0,-5.0,17.750575000036406,auto
1767947204902,Sunny,Day,0.10082465277777777,100.0,-4.0,17.27336099997956,auto
1767947204933,Sunny,Day,0.10082465277777777,100.0,-4.0,13.606453999955193,auto
1767947204965,Sunny,Day,0.10130208333333333,100.0,-4.0,12.911947000020518,auto
1767947204996,Sunny,Day,0.1013454861111111,100.0,-4.0,14.765269999998054,auto
1767947205028,Sunny,Day,0.09900173611111111,100.0,-5.0,18.81789200001549,auto
1767947205059,Sunny,Day,0.09947916666666666,100.0,-5.0,16.652870000143594,auto
1767947205090,Sunny,Day,0.10321180555555555,100.0,-4.0,17.984793999858084,auto
1767947205122,Sunny,Day,0.09848090277777778,100.0,-5.0,12.104034000003594,auto
1767947205153,Sunny,Day,0.09778645833333334,100.0,-5.0,17.17714000005799,auto
1767947205184,Sunny,Day,0.10073784722222222,100.0,-5.0,17.045901999836133,auto
1767947205218,Sunny,Day,0.10160590277777778,100.0,-5.0,20.357590000003256,auto
1767947205247,Sunny,Day,0.09670138888888889,100.0,-5.0,15.881955999930142,auto
1767947205279,Sunny,Day,0.09717881944444444,100.0,-5.0,8.54086700019252,auto
1767947205310,Sunny,Day,0.1,100.0,-4.0,18.189605000088704,auto
1767947205343,Sunny,Day,0.101953125,100.0,-4.0,19.385160999945583,auto
1767947205373,Sunny,Day,0.09822048611111112,100.0,-4.0,13.054463999878863,auto
1767947205405,Sunny,Day,0.09887152777777777,100.0,-5.0,17.90944300000774,auto
1767947205436,Sunny,Day,0.09856770833333334,100.0,-5.0,17.780204000018784,auto
1767947205467,Sunny,Day,0.09973958333333334,100.0,-4.0,18.239438000136943,auto
1767947205499,Sunny,Day,0.09544270833333333,100.0,-6.0,19.207997999956206,auto
1767947205530,Sunny,Day,0.09105902777777777,100.0,-6.0,16.694333000032202,auto
1767947205561,Sunny,Day,0.09075520833333334,100.0,-6.0,6.4051039998958,auto
1767947205593,Sunny,Day,0.09340277777777778,100.0,-5.0,17.608595999945464,auto
1767947205624,Sunny,Day,0.093359375,100.0,-5.0,7.632547999946837,auto
1767947205657,Sunny,Day,0.09088541666666666,100.0,-5.0,12.411140000040177,auto
1767947205687,Sunny,Day,0.08949652777777778,100.0,-6.0,11.089994000030856,auto
1767947205718,Sunny,Day,0.09036458333333333,100.0,-6.0,7.592826000063724,auto
1767947205750,Sunny,Day,0.09153645833333333,100.0,-6.0,18.707282999912422,auto
1767947205781,Sunny,Day,0.08914930555555556,100.0,-6.0,17.134288999841374,auto
1767947205814,Sunny,Day,0.09088541666666666,100.0,-5.0,19.16795999977694,auto
1767947205847,Sunny,Day,0.08980034722222222,100.0,-4.0,19.713026000090395,auto
1767947205875,Sunny,Day,0.09079861111111111,100.0,-4.0,6.171588999904998,auto
1767947205907,Sunny,Day,0.08949652777777778,100.0,-4.0,17.577096999957575,auto
1767947205940,Sunny,Day,0.08819444444444445,100.0,-4.0,20.480273999964993,auto
1767947205971,Sunny,Day,0.08802083333333334,100.0,-4.0,16.685832999883132,auto
1767947206001,Sunny,Day,0.08828125,100.0,-4.0,8.81478800010882,auto
1767947206032,Sunny,Day,0.08910590277777777,100.0,-4.0,13.958430999991833,auto
1767947206064,Sunny,Day,0.08567708333333333,100.0,-6.0,18.402528000024176,auto
1767947206095,Sunny,Day,0.08793402777777778,100.0,-5.0,13.011778999953094,auto
1767947206126,Sunny,Day,0.09001736111111111,100.0,-6.0,13.581178000094951,auto
1767947206158,Sunny,Day,0.089453125,100.0,-6.0,18.137661999844568,auto
1767947206189,Sunny,Day,0.08888888888888889,100.0,-7.0,16.166729999895324,auto
1767947206221,Sunny,Day,0.08932291666666667,100.0,-7.0,17.717002000154025,auto
1767947206252,Sunny,Day,0.08806423611111111,100.0,-8.0,17.93409100014287,auto
1767947206284,Sunny,Day,0.08958333333333333,100.0,-7.0,18.513360000042667,auto
1767947206315,Sunny,Day,0.08997395833333334,100.0,-8.0,16.931867000039347,auto
1767947206346,Sunny,Day,0.09175347222222222,100.0,-7.0,18.19236500000443,auto
1767947206379,Sunny,Day,0.09088541666666666,100.0,-9.0,19.56188100007239,auto
1767947206409,Sunny,Day,0.09639756944444444,100.0,-7.0,16.660999999885462,auto
1767947206440,Sunny,Day,0.09596354166666667,100.0,-8.0,18.22808699989764,auto
1767947206475,Sunny,Day,0.09670138888888889,100.0,-7.0,21.245354000029693,auto
1767947206503,Sunny,Day,0.095703125,100.0,-7.0,15.371206000054372,auto
1767947206535,Sunny,Day,0.09878472222222222,100.0,-7.0,17.530338999904416,auto
1767947206566,Sunny,Day,0.10099826388888888,100.0,-6.0,17.58383700007471,auto
1767947206597,Sunny,Day,0.10056423611111111,100.0,-7.0,8.936045999917042,auto
1767947206629,Sunny,Day,0.09908854166666667,100.0,-8.0,13.528900999972393,auto
1767947206663,Sunny,Day,0.10303819444444444,100.0,-6.0,20.55377200008479,auto
1767947206692,Sunny,Day,0.10425347222222223,100.0,-7.0,15.013655000075232,auto
1767947206726,Sunny,Day,0.10512152777777778,100.0,-7.0,20.565067999996245,auto
1767947206754,Sunny,Day,0.10538194444444444,100.0,-7.0,14.188927000077456,auto
1767947206787,Sunny,Day,0.10902777777777778,100.0,-7.0,18.766744999993534,auto
1767947206818,Sunny,Day,0.11232638888888889,100.0,-6.0,17.262602000073457,auto
1767947206849,Sunny,Day,0.115234375,100.0,-5.0,17.4521729998105,auto
1767947206881,Sunny,Day,0.11401909722222223,100.0,-6.0,14.067372999988947,auto
1767947206911,Sunny,Day,0.11462673611111111,100.0,-6.0,8.699753999962923,auto
1767947206943,Sunny,Day,0.11310763888888889,100.0,-6.0,9.594925000101284,auto
1767947206974,Sunny,Day,0.11328125,100.0,-6.0,12.176958000054583,auto
1767947207006,Sunny,Day,0.1095920138888889,100.0,-10.0,17.279657000017323,auto
1767947207037,Sunny,Day,0.10776909722222222,100.0,-10.0,17.46120999996492,auto
1767947207068,Sunny,Day,0.10286458333333333,100.0,-10.0,18.181494999907954,auto
1767947207100,Sunny,Day,0.10099826388888888,100.0,-10.0,8.103947999870798,auto
1767947207132,Sunny,Day,0.09926215277777778,100.0,-9.0,18.85759600008896,auto
1767947207163,Sunny,Day,0.09969618055555556,100.0,-9.0,9.03984000001401,auto
1767947207195,Sunny,Day,0.0978732638888889,100.0,-8.0,16.506780000099752,auto
1767947207226,Sunny,Day,0.09782986111111111,100.0,-7.0,17.077233999998498,auto
1767947207257,Sunny,Day,0.09752604166666666,100.0,-7.0,13.139573999978893,auto
1767947207289,Sunny,Day,0.09704861111111111,100.0,-7.0,9.270243999935701,auto
1767947207320,Sunny,Day,0.09583333333333334,100.0,-7.0,10.571724000101312,auto
1767947207351,Sunny,Day,0.0954861111111111,100.0,-7.0,16.3250230000358,auto
1767947207382,Sunny,Day,0.09301215277777777,100.0,-7.0,10.836702000005971,auto
1767947207415,Sunny,Day,0.09322916666666667,100.0,-7.0,19.377383999881204,auto
1767947207445,Sunny,Day,0.08993055555555556,100.0,-8.0,17.013086999895677,auto
1767947207477,Sunny,Day,0.08684895833333334,100.0,-10.0,16.988179999998465,auto
1767947207509,Sunny,Day,0.08407118055555556,100.0,-10.0,17.69157599983373,auto
1767947207539,Sunny,Day,0.080078125,100.0,-9.0,17.60191100015618,auto
1767947207572,Sunny,Day,0.07660590277777778,100.0,-9.0,19.2267190000166,auto
1767947207604,Sunny,Day,0.07907986111111111,100.0,-8.0,9.575091999977303,auto
1767947207633,Sunny,Day,0.07799479166666666,100.0,-8.0,14.931452999917383,auto
1767947207665,Sunny,Day,0.07821180555555556,100.0,-7.0,18.36301100001947,auto
1767947207697,Sunny,Day,0.07847222222222222,100.0,-7.0,17.60939300015707,auto
1767947207728,Sunny,Day,0.07643229166666667,100.0,-7.0,13.336051999885967,auto
1767947207759,Sunny,Day,0.07682291666666667,100.0,-6.0,11.391619000050923,auto
1767947207791,Sunny,Day,0.07847222222222222,100.0,-6.0,9.355186999982834,auto
1767947207822,Sunny,Day,0.077734375,100.0,-7.0,8.326667000119414,auto
1767947207854,Sunny,Day,0.07625868055555556,100.0,-9.0,13.6036779999813,auto
1767947207887,Sunny,Day,0.07547743055555556,100.0,-8.0,19.41306800017628,auto
1767947207918,Sunny,Day,0.07647569444444445,100.0,-8.0,14.135280000118655,auto
1767947207947,Sunny,Day,0.07673611111111112,100.0,-8.0,14.782326000158719,auto
1767947207979,Sunny,Day,0.07035590277777778,100.0,-11.0,18.600655000000188,auto
1767947208012,Sunny,Day,0.07317708333333334,100.0,-9.0,10.12788000002729,auto
1767947208042,Sunny,Day,0.0703125,100.0,-11.0,9.293040000102337,auto
1767947208073,Sunny,Day,0.07369791666666667,100.0,-8.0,17.513450000024022,auto
1767947208106,Sunny,Day,0.07408854166666666,100.0,-7.0,18.787504000101762,auto
1767947208136,Sunny,Day,0.07378472222222222,100.0,-8.0,15.970289000051707,auto
1767947208170,Sunny,Day,0.07309027777777778,100.0,-8.0,20.91943400000673,auto
1767947208203,Sunny,Day,0.074609375,100.0,-6.0,6.785580000041591,auto
1767947208233,Sunny,Day,0.07213541666666666,100.0,-8.0,12.938187999907313,auto
1767947208264,Sunny,Day,0.07235243055555556,100.0,-7.0,13.106130000096528,auto
1767947208294,Sunny,Day,0.0724826388888889,100.0,-6.0,12.904391999882137,auto
1767947208325,Sunny,Day,0.07243923611111111,100.0,-5.0,17.497208999884606,auto
1767947208356,Sunny,Day,0.07495659722222223,100.0,-4.0,17.382395999902656,auto
1767947208387,Sunny,Day,0.07378472222222222,100.0,-5.0,17.858685999954105,auto
1767947208419,Sunny,Day,0.07361111111111111,100.0,-4.0,18.156792000127098,auto
1767947208450,Sunny,Day,0.07690972222222223,100.0,-3.0,17.05834600011258,auto
1767947208481,Sunny,Day,0.07777777777777778,100.0,-2.0,18.22169800016127,auto
1767947208514,Sunny,Day,0.07630208333333334,100.0,-2.0,19.14520199989056,auto
1767947208544,Sunny,Day,0.0765625,100.0,-2.0,17.2653239999363,auto
1767947208576,Sunny,Day,0.07573784722222222,100.0,-2.0,18.232049000062034,auto
1767947208607,Sunny,Day,0.07699652777777778,100.0,-2.0,17.355785999825457,auto
1767947208639,Sunny,Day,0.07660590277777778,100.0,-3.0,17.229769000095985,auto
1767947208671,Sunny,Day,0.07673611111111112,100.0,-3.0,19.160239000029833,auto
1767947208701,Sunny,Day,0.07690972222222223,100.0,-3.0,16.90110699996694,auto
1767947208733,Sunny,Day,0.07664930555555556,100.0,-3.0,17.842760000121416,auto
1767947208764,Sunny,Day,0.07738715277777777,100.0,-3.0,17.92318399998294,auto
1767947208796,Sunny,Day,0.07760416666666667,100.0,-3.0,18.51321200001621,auto
1767947208827,Sunny,Day,0.07599826388888889,100.0,-3.0,7.600492999927155,auto
1767947208859,Sunny,Day,0.076953125,100.0,-3.0,11.432655999897179,auto
1767947208890,Sunny,Day,0.07868923611111112,100.0,-3.0,17.577153000047474,auto
1767947208922,Sunny,Day,0.078515625,100.0,-3.0,19.645250000166925,auto
1767947208952,Sunny,Day,0.07799479166666666,100.0,-4.0,16.699832999847786,auto
1767947208984,Sunny,Day,0.07673611111111112,100.0,-3.0,18.459452999877612,auto
1767947209015,Sunny,Day,0.078515625,100.0,-3.0,17.805537999947774,auto
1767947209046,Sunny,Day,0.076953125,100.0,-4.0,18.21064299997488,auto
1767947209079,Sunny,Day,0.07899305555555555,100.0,-3.0,19.345552000004318,auto
1767947209109,Sunny,Day,0.07647569444444445,100.0,-5.0,16.076510000175404,auto
1767947209141,Sunny,Day,0.07769097222222222,100.0,-4.0,18.430731999842465,auto
1767947209172,Sunny,Day,0.07938368055555556,100.0,-3.0,9.078396000177236,auto
1767947209203,Sunny,Day,0.0779079861111111,100.0,-4.0,12.701451000111774,auto
1767947209235,Sunny,Day,0.07717013888888889,100.0,-3.0,17.855241000006572,auto
1767947209266,Sunny,Day,0.07842881944444445,100.0,-3.0,18.23805000003631,auto
1767947209298,Sunny,Day,0.07860243055555556,100.0,-3.0,17.86133299992798,auto
1767947209330,Sunny,Day,0.07777777777777778,100.0,-2.0,19.44938299993737,auto
1767947209360,Sunny,Day,0.07378472222222222,100.0,-6.0,16.928404000054798,auto
1767947209393,Sunny,Day,0.07938368055555556,100.0,-3.0,18.35099300001275,auto
1767947209423,Sunny,Day,0.08059895833333333,100.0,-3.0,16.903773999956684,auto
1767947209455,Sunny,Day,0.08116319444444445,100.0,-2.0,18.052793999913774,auto
1767947209486,Sunny,Day,0.08116319444444445,100.0,-2.0,18.309510999870326,auto
1767947209518,Sunny,Day,0.08133680555555556,100.0,-2.0,18.799986000203717,auto
1767947209549,Sunny,Day,0.07725694444444445,100.0,-4.0,9.368836000021474,auto
1767947209580,Sunny,Day,0.08090277777777778,100.0,-1.0,13.632695000069361,auto
1767947209613,Sunny,Day,0.0798611111111111,100.0,-2.0,19.693972000141002,auto
1767947209643,Sunny,Day,0.07873263888888889,100.0,-3.0,16.684443999793075,auto
1767947209674,Sunny,Day,0.08129340277777777,100.0,-2.0,16.159472000026653,auto
1767947209706,Sunny,Day,0.08151041666666667,100.0,-2.0,17.957239999986996,auto
1767947209738,Sunny,Day,0.08116319444444445,100.0,-2.0,18.439936000049784,auto
1767947209769,Sunny,Day,0.08051215277777778,100.0,-2.0,16.13026799986983,auto
1767947209800,Sunny,Day,0.08077256944444444,100.0,-3.0,18.166774000064834,auto
1767947209831,Sunny,Day,0.08263888888888889,100.0,-2.0,18.098849000125483,auto
1767947209863,Sunny,Day,0.081640625,100.0,-1.0,17.5220429998717,auto
1767947209896,Sunny,Day,0.08068576388888889,100.0,-1.0,20.32831300016369,auto
1767947209926,Sunny,Day,0.08072916666666667,100.0,-1.0,14.181354000129431,auto
1767947209957,Sunny,Day,0.08268229166666667,100.0,-1.0,17.57374599992545,auto
1767947209989,Sunny,Day,0.08342013888888888,100.0,-1.0,17.849779000016497,auto
1767947210020,Sunny,Day,0.08020833333333334,100.0,-2.0,17.55876399988665,auto
1767947210051,Sunny,Day,0.07990451388888889,100.0,-3.0,18.482158000097115,auto
1767947210083,Sunny,Day,0.082421875,100.0,-2.0,17.893463000064003,auto
1767947210114,Sunny,Day,0.08177083333333333,100.0,-2.0,8.17642800006979,auto
1767947210147,Sunny,Day,0.08441840277777778,100.0,-2.0,14.479478999874118,auto
1767947210177,Sunny,Day,0.07981770833333333,100.0,-2.0,17.06503100012924,auto
1767947210208,Sunny,Day,0.080859375,100.0,-3.0,18.31436400016173,auto
1767947210242,Sunny,Day,0.08185763888888889,100.0,-2.0,20.414145999893663,auto
1767947210271,Sunny,Day,0.08116319444444445,100.0,-3.0,15.363855000032345,auto
1767947210302,Sunny,Day,0.08098958333333334,100.0,-2.0,18.328716000041823,auto
1767947210334,Sunny,Day,0.08129340277777777,100.0,-3.0,17.28541700003916,auto
1767947210365,Sunny,Day,0.08216145833333334,100.0,-2.0,18.092588999934378,auto
1767947210397,Sunny,Day,0.08294270833333334,100.0,-2.0,17.9331109998202,auto
1767947210428,Sunny,Day,0.08090277777777778,100.0,-3.0,18.47313899997971,auto
1767947210459,Sunny,Day,0.08098958333333334,100.0,-3.0,18.243810000058147,auto
1767947210491,Sunny,Day,0.07725694444444445,100.0,-3.0,18.109589000005144,auto
1767947210522,Sunny,Day,0.08246527777777778,100.0,-2.0,17.90359200003877,auto
1767947210556,Sunny,Day,0.08194444444444444,100.0,-3.0,10.024141000030795,auto
1767947210586,Sunny,Day,0.07625868055555556,100.0,-6.0,13.523159999976997,auto
1767947210617,Sunny,Day,0.07291666666666667,100.0,-45.0,18.00660899994,auto
1767947210648,Sunny,Day,0.08172743055555555,100.0,-2.0,11.431063000145514,auto
1767947210681,Sunny,Day,0.07973090277777778,100.0,-5.0,13.322737999942547,auto
1767947210711,Sunny,Day,0.07534722222222222,100.0,-2.0,9.873901999981172,auto
1767947210742,Sunny,Day,0.07408854166666666,100.0,-40.0,16.595408999819483,auto
1767947210776,Sunny,Day,0.07782118055555555,100.0,0.0,18.665616999896883,auto
1767947210805,Sunny,Day,0.07855902777777778,100.0,3.0,14.803511000081926,auto
1767947210836,Sunny,Day,0.07408854166666666,100.0,-36.0,17.556523999928686,auto
1767947210868,Sunny,Day,0.07434895833333334,100.0,-34.0,13.962672000161547,auto
1767947210899,Sunny,Day,0.07408854166666666,100.0,-34.0,13.619456000014907,auto
1767947210932,Sunny,Day,0.07495659722222223,100.0,-32.0,11.653060000071491,auto
1767947210964,Sunny,Day,0.07677951388888889,100.0,-27.0,6.928374000153781,auto
1767947210995,Sunny,Day,0.07582465277777778,100.0,-21.0,13.655177000146068,auto
1767947211025,Sunny,Day,0.07612847222222222,100.0,-14.0,15.071729000055711,auto
1767947211056,Sunny,Day,0.07669270833333333,100.0,-7.0,16.968978000022616,auto
1767947211089,Sunny,Day,0.07747395833333333,100.0,-1.0,11.037681000061639,auto
1767947211119,Sunny,Day,0.07721354166666666,100.0,5.0,8.25031699991996,auto
1767947211150,Sunny,Day,0.07356770833333333,100.0,8.0,11.83981600001971,auto
1767947211184,Sunny,Day,0.07361111111111111,100.0,11.0,18.391492000091603,auto
1767947211214,Sunny,Day,0.07365451388888888,100.0,11.0,5.7482619999973394,auto
1767947211244,Sunny,Day,0.07261284722222222,100.0,11.0,10.776222000004054,auto
1767947211277,Sunny,Day,0.07230902777777778,100.0,10.0,8.213261000037164,auto
1767947211308,Sunny,Day,0.07348090277777777,100.0,7.0,15.358075999984067,auto
1767947211339,Sunny,Day,0.07131076388888889,100.0,3.0,12.89443000018764,auto
1767947211374,Sunny,Day,0.07278645833333333,100.0,0.0,18.725449999919874,auto
1767947211403,Sunny,Day,0.07157118055555556,100.0,-3.0,5.102716999999757,auto
1767947211433,Sunny,Day,0.07013888888888889,100.0,-5.0,15.190394000001106,auto
1767947211468,Sunny,Day,0.07039930555555556,100.0,-6.0,12.937244000113424,auto
1767947211498,Sunny,Day,0.071875,100.0,-7.0,9.879216999934215,auto
1767947211528,Sunny,Day,0.06966145833333333,100.0,-6.0,4.789722000168695,auto
1767947211560,Sunny,Day,0.07092013888888889,100.0,-6.0,12.636340999961249,auto
1767947211590,Sunny,Day,0.07026909722222222,100.0,-5.0,4.790628999899127,auto
1767947211624,Sunny,Day,0.0703125,100.0,-5.0,6.554101999881823,auto
1767947211653,Sunny,Day,0.06979166666666667,100.0,-4.0,7.432699999981196,auto
1767947211686,Sunny,Day,0.06931423611111111,100.0,-3.0,19.45151299992176,auto
1767947211716,Sunny,Day,0.06979166666666667,100.0,-3.0,15.346410000120159,auto
1767947211747,Sunny,Day,0.06888020833333333,100.0,-3.0,17.04377300006854,auto
1767947211783,Sunny,Day,0.07018229166666666,100.0,-3.0,15.422704999991765,auto
1767947211811,Sunny,Day,0.06818576388888889,100.0,-3.0,8.331925999982559,auto
1767947211841,Sunny,Day,0.06948784722222222,100.0,-4.0,12.206126000137374,auto
1767947211875,Sunny,Day,0.06905381944444444,100.0,-5.0,19.865320999997493,auto
1767947211907,Sunny,Day,0.06966145833333333,100.0,-5.0,9.29520800013961,auto
1767947211936,Sunny,Day,0.06996527777777778,100.0,-6.0,5.402379000088331,auto
1767947211967,Sunny,Day,0.06879340277777778,100.0,-6.0,10.876886999994895,auto
1767947211999,Sunny,Day,0.07057291666666667,100.0,-7.0,16.025139999783278,auto
1767947212030,Sunny,Day,0.07096354166666667,100.0,-7.0,12.018869000030463,auto
1767947212062,Sunny,Day,0.07092013888888889,100.0,-7.0,12.550583999882292,auto
1767947212092,Sunny,Day,0.0700954861111111,100.0,-8.0,13.165962999892145,auto
1767947212125,Sunny,Day,0.069921875,100.0,-8.0,6.568472000026304,auto
1767947212155,Sunny,Day,0.0705295138888889,100.0,-8.0,11.378619999959483,auto
1767947212188,Sunny,Day,0.06970486111111111,100.0,-8.0,12.431102999926225,auto
1767947212220,Sunny,Day,0.06940104166666666,100.0,-8.0,7.092426999861345,auto
1767947212250,Sunny,Day,0.06966145833333333,100.0,-8.0,7.331127000043125,auto
1767947212281,Sunny,Day,0.07026909722222222,100.0,-7.0,11.552136000091195,auto
1767947212313,Sunny,Day,0.06996527777777778,100.0,-7.0,16.63542800019968,auto
1767947212343,Sunny,Day,0.07118055555555555,100.0,-7.0,14.92082400000072,auto
1767947212375,Sunny,Day,0.06974826388888888,100.0,-6.0,11.940908000042327,auto
1767947212408,Sunny,Day,0.07122395833333334,100.0,-6.0,18.2551059999696,auto
1767947212439,Sunny,Day,0.07131076388888889,100.0,-6.0,15.635201999884885,auto
1767947212470,Sunny,Day,0.07018229166666666,100.0,-6.0,13.106296999922051,auto
1767947212501,Sunny,Day,0.07092013888888889,100.0,-6.0,5.823984000016935,auto
1767947212534,Sunny,Day,0.06987847222222222,100.0,-6.0,15.902865000043676,auto
1767947212563,Sunny,Day,0.0703125,100.0,-6.0,6.508620999966297,auto
1767947212598,Sunny,Day,0.07105034722222223,100.0,-6.0,10.808055000097738,auto
1767947212628,Sunny,Day,0.07000868055555555,100.0,-6.0,4.344561999914731,auto
1767947212658,Sunny,Day,0.07044270833333334,100.0,-6.0,15.63088699981563,auto
1767947212689,Sunny,Day,0.07000868055555555,100.0,-6.0,10.89768300016658,auto
1767947212722,Sunny,Day,0.07078993055555556,100.0,-6.0,7.042187000024569,auto
1767947212754,Sunny,Day,0.06996527777777778,100.0,-6.0,12.846633999970436,auto
1767947212785,Sunny,Day,0.07000868055555555,100.0,-6.0,11.677133000148388,auto
1767947212816,Sunny,Day,0.07057291666666667,100.0,-6.0,4.865849999987404,auto
1767947212851,Sunny,Day,0.07005208333333333,100.0,-6.0,12.806708999960392,auto
1767947212879,Sunny,Day,0.06979166666666667,100.0,-6.0,5.471137999847997,auto
1767947212913,Sunny,Day,0.06957465277777777,100.0,-6.0,5.13949500009403,auto
1767947212940,Sunny,Day,0.06940104166666666,100.0,-6.0,10.758629000065412,auto
1767947212971,Sunny,Day,0.07026909722222222,100.0,-5.0,18.1314779999866,auto
1767947213006,Sunny,Day,0.07074652777777778,100.0,-5.0,7.768676000068808,auto
1767947213034,Sunny,Day,0.07026909722222222,100.0,-5.0,8.89813999992839,auto
1767947213066,Sunny,Day,0.07118055555555555,100.0,-5.0,10.90203399985512,auto
1767947213099,Sunny,Day,0.07092013888888889,100.0,-5.0,14.165484000159267,auto
1767947213131,Sunny,Day,0.07191840277777778,100.0,-5.0,13.74767599986626,auto
1767947213160,Sunny,Day,0.07144097222222222,100.0,-5.0,6.341495000015129,auto
1767947213191,Sunny,Day,0.07213541666666666,100.0,-5.0,10.037493000027098,auto
1767947213225,Sunny,Day,0.07096354166666667,100.0,-6.0,16.28063599991947,auto
1767947213255,Sunny,Day,0.07269965277777778,100.0,-6.0,10.161602000152925,auto
1767947213287,Sunny,Day,0.073046875,100.0,-6.0,11.010513999963223,auto
1767947213323,Sunny,Day,0.07170138888888888,100.0,-6.0,6.247217999998611,auto
1767947213360,Sunny,Day,0.07269965277777778,100.0,-7.0,3.7464230001660326,auto
1767947213384,Sunny,Day,0.07282986111111112,100.0,-7.0,2.5067569999919215,auto
1767947213413,Sunny,Day,0.07278645833333333,100.0,-7.0,15.677924000101484,auto
1767947213445,Sunny,Day,0.07200520833333333,100.0,-6.0,5.036366000013004,auto
1767947213474,Sunny,Day,0.07126736111111111,100.0,-6.0,8.184744000118371,auto
1767947213507,Sunny,Day,0.07309027777777778,100.0,-6.0,8.994970999992802,auto
1767947213537,Sunny,Day,0.07317708333333334,100.0,-6.0,9.03728600019349,auto
1767947213569,Sunny,Day,0.07287326388888889,100.0,-6.0,12.090831000023172,auto
1767947213600,Sunny,Day,0.07291666666666667,100.0,-5.0,8.970880000106263,auto
1767947213633,Sunny,Day,0.07235243055555556,100.0,-5.0,19.24401599990233,auto
1767947213662,Sunny,Day,0.07374131944444444,100.0,-4.0,15.532907000078922,auto
1767947213696,Sunny,Day,0.0734375,100.0,-4.0,3.8920140000300307,auto
1767947213726,Sunny,Day,0.07339409722222222,100.0,-4.0,8.364055000129156,auto
1767947213759,Sunny,Day,0.07417534722222222,100.0,-4.0,2.8701969999929133,auto
1767947213788,Sunny,Day,0.07395833333333333,100.0,-4.0,7.6112890001240885,auto
1767947213823,Sunny,Day,0.07374131944444444,100.0,-4.0,10.162769000089611,auto
1767947213852,Sunny,Day,0.07447916666666667,100.0,-4.0,8.036800999889238,auto
1767947213882,Sunny,Day,0.07408854166666666,100.0,-4.0,7.261332000098264,auto
1767947213914,Sunny,Day,0.074609375,100.0,-4.0,17.838223999888214,auto
1767947213946,Sunny,Day,0.07482638888888889,100.0,-5.0,14.658513999847855,auto
1767947213976,Sunny,Day,0.07486979166666667,100.0,-5.0,14.607126000100834,auto
1767947214009,Sunny,Day,0.07309027777777778,100.0,-5.0,8.192927999971289,auto
1767947214043,Sunny,Day,0.07517361111111111,100.0,-5.0,12.770950999993147,auto
1767947214072,Sunny,Day,0.07491319444444444,100.0,-5.0,4.919721000078425,auto
1767947214102,Sunny,Day,0.07526041666666666,100.0,-5.0,6.102794000071299,auto
1767947214136,Sunny,Day,0.075,100.0,-4.0,18.34275299984256,auto
1767947214165,Sunny,Day,0.075,100.0,-4.0,14.668069000208561,auto
1767947214198,Sunny,Day,0.07534722222222222,100.0,-4.0,17.979907000153617,auto
1767947214232,Sunny,Day,0.07508680555555555,100.0,-4.0,7.827138000038758,auto
1767947214260,Sunny,Day,0.07417534722222222,100.0,-4.0,11.629135000021051,auto
1767947214290,Sunny,Day,0.07556423611111111,100.0,-4.0,12.229514999944513,auto
1767947214324,Sunny,Day,0.07521701388888889,100.0,-4.0,19.537567999805106,auto
1767947214357,Sunny,Day,0.07660590277777778,100.0,-4.0,9.71925699991516,auto
1767947214387,Sunny,Day,0.07612847222222222,100.0,-4.0,4.84631399990576,auto
1767947214416,Sunny,Day,0.07677951388888889,100.0,-4.0,13.651657999844247,auto
1767947214450,Sunny,Day,0.07690972222222223,100.0,-4.0,15.86516199995458,auto
1767947214480,Sunny,Day,0.07786458333333333,100.0,-4.0,6.439677999878768,auto
1767947214511,Sunny,Day,0.077734375,100.0,-4.0,7.130778999908216,auto
1767947214545,Sunny,Day,0.07738715277777777,100.0,-4.0,9.387779999997292,auto
1767947214575,Sunny,Day,0.078125,100.0,-4.0,10.163990999899397,auto
1767947214605,Sunny,Day,0.07821180555555556,100.0,-4.0,5.746781999960149,auto
1767947214639,Sunny,Day,0.07799479166666666,100.0,-4.0,18.77754199995252,auto
1767947214670,Sunny,Day,0.07855902777777778,100.0,-5.0,5.3548989999399055,auto
1767947214705,Sunny,Day,0.07838541666666667,100.0,-5.0,2.063912000039636,auto
1767947214731,Sunny,Day,0.07864583333333333,100.0,-4.0,5.332194999937201,auto
1767947214763,Sunny,Day,0.07860243055555556,100.0,-4.0,5.417842000042583,auto
1767947214795,Sunny,Day,0.07899305555555555,100.0,-4.0,8.462925000003452,auto
1767947214824,Sunny,Day,0.07894965277777778,100.0,-4.0,10.262674000159677,auto
1767947214859,Sunny,Day,0.07838541666666667,100.0,-4.0,4.898610000054759,auto
1767947214890,Sunny,Day,0.07886284722222223,100.0,-4.0,17.49541499998486,auto
1767947214919,Sunny,Day,0.07903645833333334,100.0,-4.0,12.392660000159594,auto
1767947214952,Sunny,Day,0.07873263888888889,100.0,-4.0,8.3760740001253,auto
1767947214988,Sunny,Day,0.07873263888888889,100.0,-4.0,8.756863999906273,auto
1767947215015,Sunny,Day,0.07886284722222223,100.0,-4.0,6.237774000055651,auto
1767947215047,Sunny,Day,0.07868923611111112,100.0,-4.0,13.494476000005307,auto
1767947215076,Sunny,Day,0.07877604166666667,100.0,-4.0,7.230258999925354,auto
1767947215107,Sunny,Day,0.07855902777777778,100.0,-3.0,17.75450299987824,auto
1767947215138,Sunny,Day,0.07838541666666667,100.0,-3.0,8.812047999981587,auto
1767947215173,Sunny,Day,0.0783420138888889,100.0,-3.0,13.78743400005078,auto
1767947215201,Sunny,Day,0.07838541666666667,100.0,-3.0,11.938223000015569,auto
1767947215232,Sunny,Day,0.07829861111111111,100.0,-4.0,15.3546510000524,auto
1767947215264,Sunny,Day,0.07803819444444444,100.0,-4.0,11.098661999994874,auto
1767947215295,Sunny,Day,0.07803819444444444,100.0,-4.0,18.128866999859383,auto
1767947215329,Sunny,Day,0.07777777777777778,100.0,-4.0,20.2398159999575,auto
1767947215358,Sunny,Day,0.07725694444444445,100.0,-4.0,14.658495000048788,auto
1767947215390,Sunny,Day,0.07647569444444445,100.0,-5.0,17.73065099996529,auto
1767947215421,Sunny,Day,0.07552083333333333,100.0,-5.0,13.377126000023054,auto
1767947215454,Sunny,Day,0.07456597222222222,100.0,-4.0,16.560151000021506,auto
1767947215486,Sunny,Day,0.07269965277777778,100.0,-5.0,11.079012999971383,auto
1767947215515,Sunny,Day,0.07113715277777778,100.0,-4.0,7.340274999933172,auto
1767947215546,Sunny,Day,0.07065972222222222,100.0,-4.0,17.03264399998261,auto
1767947215578,Sunny,Day,0.07018229166666666,100.0,-4.0,16.642020000062985,auto
1767947215609,Sunny,Day,0.06983506944444444,100.0,-4.0,16.653390000101354,auto
1767947215640,Sunny,Day,0.07035590277777778,100.0,-4.0,12.051647000134835,auto
1767947215672,Sunny,Day,0.07105034722222223,100.0,-3.0,11.663077999855886,auto
1767947215705,Sunny,Day,0.07191840277777778,100.0,-3.0,18.68982199994207,auto
1767947215735,Sunny,Day,0.073046875,100.0,-2.0,7.21623999993426,auto
1767947215768,Sunny,Day,0.07391493055555555,100.0,-2.0,13.286423999943509,auto
1767947215799,Sunny,Day,0.07508680555555555,100.0,-2.0,6.538566000017454,auto
1767947215829,Sunny,Day,0.07612847222222222,100.0,-1.0,13.42151400012881,auto
1767947215865,Sunny,Day,0.07717013888888889,100.0,-1.0,19.695121000040672,auto
1767947215895,Sunny,Day,0.078515625,100.0,0.0,5.371324999941862,auto
1767947215925,Sunny,Day,0.07981770833333333,100.0,-1.0,4.351672999973744,auto
1767947215955,Sunny,Day,0.08094618055555555,100.0,-1.0,7.889247999855797,auto
1767947215988,Sunny,Day,0.08216145833333334,100.0,-1.0,13.387144000034823,auto
1767947216017,Sunny,Day,0.08359375,100.0,-1.0,8.986620000086987,auto
1767947216049,Sunny,Day,0.08428819444444445,100.0,-1.0,12.131702000033329,auto
1767947216080,Sunny,Day,0.08585069444444444,100.0,-1.0,11.149252999985038,auto
1767947216113,Sunny,Day,0.08723958333333333,100.0,0.0,11.112882999896101,auto
1767947216143,Sunny,Day,0.08828125,100.0,0.0,10.002048999922408,auto
1767947216177,Sunny,Day,0.08875868055555555,100.0,0.0,19.396365999909904,auto
1767947216208,Sunny,Day,0.08958333333333333,100.0,0.0,5.259159999923213,auto
1767947216239,Sunny,Day,0.09053819444444444,100.0,0.0,10.45469099994989,auto
1767947216272,Sunny,Day,0.09144965277777778,100.0,0.0,7.429199999933189,auto
1767947216302,Sunny,Day,0.09240451388888889,100.0,1.0,10.630206000087128,auto
1767947216331,Sunny,Day,0.09301215277777777,100.0,1.0,9.734608999906413,auto
1767947216363,Sunny,Day,0.09405381944444445,100.0,1.0,15.924142999892865,auto
1767947216395,Sunny,Day,0.09483506944444445,100.0,1.0,9.395892000156891,auto
1767947216426,Sunny,Day,0.09600694444444445,100.0,1.0,15.760552000074313,auto
1767947216459,Sunny,Day,0.09704861111111111,100.0,1.0,12.895911999976306,auto
1767947216489,Sunny,Day,0.09765625,100.0,1.0,6.255551000094783,auto
1767947216520,Sunny,Day,0.09900173611111111,100.0,1.0,9.92508700005601,auto
1767947216551,Sunny,Day,0.09986979166666667,100.0,0.0,12.19392300004074,auto
1767947216583,Sunny,Day,0.100390625,100.0,1.0,9.537184999999226,auto
1767947216615,Sunny,Day,0.10138888888888889,100.0,1.0,6.019314000013765,auto
1767947216646,Sunny,Day,0.10251736111111111,100.0,1.0,10.50394799995047,auto
1767947216679,Sunny,Day,0.10399305555555556,100.0,1.0,19.507791000023644,auto
1767947216710,Sunny,Day,0.10477430555555556,100.0,2.0,15.375262000134171,auto
1767947216739,Sunny,Day,0.10629340277777778,100.0,2.0,6.756784000117477,auto
1767947216771,Sunny,Day,0.10746527777777778,100.0,2.0,15.128600000025472,auto
1767947216802,Sunny,Day,0.10946180555555556,100.0,3.0,10.805277999907048,auto
1767947216834,Sunny,Day,0.1109375,100.0,3.0,14.393906999885075,auto
1767947216866,Sunny,Day,0.11128472222222222,100.0,3.0,9.961549000081504,auto
1767947216897,Sunny,Day,0.11332465277777778,100.0,3.0,6.572305999952732,auto
1767947216930,Sunny,Day,0.11497395833333333,100.0,3.0,17.101106000154687,auto
1767947216960,Sunny,Day,0.11662326388888888,100.0,3.0,6.312105999995765,auto
1767947216992,Sunny,Day,0.117578125,100.0,3.0,10.396765999985291,auto
1767947217027,Sunny,Day,0.11857638888888888,100.0,3.0,14.42259199984619,auto
1767947217056,Sunny,Day,0.1208767361111111,100.0,3.0,2.4534809999749996,auto
1767947217087,Sunny,Day,0.12243923611111111,100.0,3.0,10.670373000039035,auto
1767947217119,Sunny,Day,0.123046875,100.0,3.0,12.786450000021432,auto
1767947217148,Sunny,Day,0.1265625,100.0,3.0,9.070914999938395,auto
1767947217180,Sunny,Day,0.12730034722222222,100.0,3.0,17.68911600015599,auto
1767947217213,Sunny,Day,0.12855902777777778,100.0,3.0,19.51217999999244,auto
1767947217242,Sunny,Day,0.1296875,100.0,3.0,13.359978999915256,auto
1767947217273,Sunny,Day,0.12881944444444443,100.0,4.0,14.974712000139334,auto
1767947217305,Sunny,Day,0.12986111111111112,100.0,5.0,11.285417999943093,auto
1767947217337,Sunny,Day,0.13033854166666667,100.0,6.0,7.712713999808329,auto
1767947217368,Sunny,Day,0.12886284722222222,100.0,6.0,11.80626200016377,auto
1767947217399,Sunny,Day,0.12842881944444445,100.0,7.0,16.894960999934483,auto
1767947217432,Sunny,Day,0.12790798611111112,100.0,8.0,7.253479999917545,auto
1767947217462,Sunny,Day,0.12708333333333333,100.0,8.0,9.022749999985535,auto
1767947217500,Sunny,Day,0.12682291666666667,100.0,8.0,12.745266000138145,auto
1767947217527,Sunny,Day,0.12621527777777777,100.0,9.0,4.564595999909216,auto
1767947217556,Sunny,Day,0.12374131944444444,100.0,11.0,7.707270000082644,auto
1767947217588,Sunny,Day,0.12039930555555556,100.0,27.0,11.674633999973594,auto
1767947217622,Sunny,Day,0.11948784722222222,100.0,27.0,2.696143999855849,auto
1767947217650,Sunny,Day,0.11571180555555556,100.0,28.0,5.5550619999849005,auto
1767947217682,Sunny,Day,0.11671006944444444,100.0,27.0,6.370937999918169,auto
1767947217716,Sunny,Day,0.11167534722222222,100.0,24.0,11.743076999891855,auto
1767947217749,Sunny,Day,0.10967881944444445,100.0,21.0,5.586968999978126,auto
1767947217776,Sunny,Day,0.10264756944444445,100.0,18.0,7.402995999882478,auto
1767947217810,Sunny,Day,0.10121527777777778,100.0,16.0,18.258754000044064,auto
1767947217839,Sunny,Day,0.09986979166666667,100.0,15.0,6.242182000050889,auto
1767947217870,Sunny,Day,0.10091145833333333,100.0,13.0,7.410273999994388,auto
1767947217904,Sunny,Day,0.10043402777777778,100.0,12.0,10.54294799996569,auto
1767947217933,Sunny,Day,0.09986979166666667,100.0,10.0,9.56761100019321,auto
1767947217967,Sunny,Day,0.09765625,100.0,7.0,12.351252999906137,auto
1767947217996,Sunny,Day,0.09652777777777778,100.0,5.0,9.597591999863653,auto
1767947218027,Sunny,Day,0.0974392361111111,100.0,5.0,17.074051000008694,auto
1767947218058,Sunny,Day,0.09661458333333334,100.0,4.0,15.586296000037692,auto
1767947218091,Sunny,Day,0.09730902777777778,100.0,4.0,19.036298999935752,auto
1767947218122,Sunny,Day,0.09908854166666667,100.0,4.0,16.064937000010104,auto
1767947218153,Sunny,Day,0.09835069444444444,100.0,4.0,12.804376000076445,auto
1767947218187,Sunny,Day,0.09965277777777778,100.0,-15.0,4.369618000055198,auto
1767947218215,Sunny,Day,0.09978298611111111,100.0,-15.0,14.672754999992321,auto
1767947218247,Sunny,Day,0.10043402777777778,100.0,-14.0,18.16764599993803,auto
1767947218278,Sunny,Day,0.10164930555555556,100.0,-12.0,17.70465299978241,auto
1767947218312,Sunny,Day,0.10234375,100.0,11.0,14.679272999956083,auto
1767947218341,Sunny,Day,0.10638020833333334,100.0,-6.0,6.6535829998883855,auto
1767947218372,Sunny,Day,0.10685763888888888,100.0,-2.0,13.146149000021978,auto
1767947218405,Sunny,Day,0.10260416666666666,100.0,0.0,17.378508999854603,auto
1767947218441,Sunny,Day,0.10212673611111112,100.0,26.0,7.437902999981816,auto
1767947218471,Sunny,Day,0.10173611111111111,100.0,29.0,3.6588880000181234,auto
1767947218500,Sunny,Day,0.10034722222222223,100.0,31.0,3.867865999836795,auto
1767947218529,Sunny,Day,0.10086805555555556,100.0,32.0,10.631392000050255,auto
1767947218562,Sunny,Day,0.10668402777777777,100.0,30.0,17.452749000085532,auto
1767947218592,Sunny,Day,0.10464409722222222,100.0,26.0,8.829918999936126,auto
1767947218623,Sunny,Day,0.10394965277777778,100.0,21.0,17.690931000061028,auto
1767947218655,Sunny,Day,0.11119791666666666,100.0,16.0,11.221345999956611,auto
1767947218686,Sunny,Day,0.10842013888888889,100.0,12.0,15.914995000002818,auto
1767947218718,Sunny,Day,0.10533854166666666,100.0,8.0,14.891066000018327,auto
1767947218749,Sunny,Day,0.10325520833333333,100.0,4.0,14.220539000007193,auto
1767947218782,Sunny,Day,0.10104166666666667,100.0,2.0,14.612422000027436,auto
1767947218812,Sunny,Day,0.09917534722222222,100.0,1.0,6.5208810001422535,auto
1767947218843,Sunny,Day,0.09657118055555555,100.0,1.0,18.16192299997965,auto
1767947218876,Sunny,Day,0.09661458333333334,100.0,0.0,18.572749999975713,auto
1767947218906,Sunny,Day,0.09748263888888889,100.0,2.0,15.506316000028164,auto
1767947218938,Sunny,Day,0.09822048611111112,100.0,4.0,9.186838999994507,auto
1767947218970,Sunny,Day,0.10095486111111111,100.0,6.0,6.520509999973001,auto
1767947219000,Sunny,Day,0.10381944444444445,100.0,7.0,8.067838000215488,auto
1767947219032,Sunny,Day,0.10611979166666667,100.0,8.0,10.695260999909806,auto
1767947219065,Sunny,Day,0.10716145833333333,100.0,10.0,13.297758000135218,auto
1767947219096,Sunny,Day,0.1095920138888889,100.0,11.0,3.6520539999855828,auto
1767947219126,Sunny,Day,0.11184895833333333,100.0,12.0,10.305897000080222,auto
1767947219160,Sunny,Day,0.11514756944444444,100.0,12.0,12.763544000108595,auto
1767947219191,Sunny,Day,0.11549479166666667,100.0,11.0,7.737880000149744,auto
1767947219220,Sunny,Day,0.11796875,100.0,11.0,10.636244000124861,auto
1767947219252,Sunny,Day,0.11440972222222222,100.0,10.0,14.628589000039938,auto
1767947219284,Sunny,Day,0.11432291666666666,100.0,9.0,8.88521399997444,auto
1767947219314,Sunny,Day,0.11467013888888888,100.0,9.0,9.69590599993353,auto
1767947219348,Sunny,Day,0.113671875,100.0,10.0,19.436570999914693,auto
1767947219380,Sunny,Day,0.11371527777777778,100.0,11.0,12.938393000013093,auto
1767947219409,Sunny,Day,0.11141493055555556,100.0,12.0,13.026113000023543,auto
1767947219442,Sunny,Day,0.10768229166666667,100.0,11.0,15.900977000001149,auto
1767947219478,Sunny,Day,0.10703125,100.0,11.0,8.333316000062041,auto
1767947219504,Sunny,Day,0.10776909722222222,100.0,11.0,2.525998000010077,auto
1767947219534,Sunny,Day,0.1046875,100.0,11.0,9.166116999949736,auto
1767947219567,Sunny,Day,0.10286458333333333,100.0,10.0,11.01429300001655,auto
1767947219597,Sunny,Day,0.10143229166666666,100.0,9.0,6.900282999822593,auto
1767947219633,Sunny,Day,0.09926215277777778,100.0,9.0,14.337389999809602,auto
1767947219660,Sunny,Day,0.10021701388888889,100.0,8.0,11.917186999880869,auto
1767947219691,Sunny,Day,0.100390625,100.0,8.0,6.633378999822526,auto
1767947219723,Sunny,Day,0.10125868055555555,100.0,7.0,17.991962999985844,auto
1767947219755,Sunny,Day,0.1017795138888889,100.0,6.0,9.725645999878907,auto
1767947219789,Sunny,Day,0.10169270833333334,100.0,7.0,5.772299000000203,auto
1767947219817,Sunny,Day,0.10225694444444444,100.0,8.0,6.046664999985296,auto
1767947219848,Sunny,Day,0.10264756944444445,100.0,7.0,15.810515000111991,auto
1767947219884,Sunny,Day,0.103125,100.0,8.0,4.674150000028021,auto
1767947219911,Sunny,Day,0.10355902777777778,100.0,9.0,6.054813999980979,auto
1767947219948,Sunny,Day,0.10338541666666666,100.0,10.0,14.679291999982524,auto
1767947219980,Sunny,Day,0.10390625,100.0,10.0,10.385969000026307,auto
1767947220007,Sunny,Day,0.10338541666666666,100.0,11.0,8.780530999956682,auto
1767947220036,Sunny,Day,0.10416666666666667,100.0,11.0,8.199613999977373,auto
1767947220070,Sunny,Day,0.10594618055555556,100.0,13.0,7.365220000110639,auto
1767947220099,Sunny,Day,0.10386284722222222,100.0,13.0,11.017497000011645,auto
1767947220131,Sunny,Day,0.10355902777777778,100.0,13.0,15.273727000021609,auto
1767947220164,Sunny,Day,0.10381944444444445,100.0,12.0,9.83047800013992,auto
1767947220193,Sunny,Day,0.10347222222222222,100.0,11.0,12.001259000044229,auto
1767947220225,Sunny,Day,0.10299479166666667,100.0,11.0,12.156293999851187,auto
1767947220257,Sunny,Day,0.10464409722222222,100.0,11.0,8.887696000101641,auto
1767947220290,Sunny,Day,0.1032986111111111,100.0,11.0,8.612014999926032,auto
1767947220319,Sunny,Day,0.1037326388888889,100.0,9.0,7.3529609999241075,auto
1767947220356,Sunny,Day,0.10169270833333334,100.0,10.0,19.82065699985469,auto
1767947220389,Sunny,Day,0.10086805555555556,100.0,9.0,6.277384999975766,auto
1767947220415,Sunny,Day,0.10338541666666666,100.0,7.0,2.9620839998187876,auto
1767947220445,Sunny,Day,0.10308159722222222,100.0,7.0,15.69388699999763,auto
1767947220476,Sunny,Day,0.10221354166666667,100.0,8.0,9.55679699995926,auto
1767947220513,Sunny,Day,0.10238715277777778,100.0,7.0,11.43982300004609,auto
1767947220541,Sunny,Day,0.10199652777777778,100.0,6.0,5.364509999935763,auto
1767947220573,Sunny,Day,0.10212673611111112,100.0,7.0,11.90735299996959,auto
1767947220605,Sunny,Day,0.10104166666666667,100.0,7.0,9.873015000039231,auto
1767947220633,Sunny,Day,0.10030381944444444,100.0,7.0,6.167294000078982,auto
1767947220667,Sunny,Day,0.09995659722222222,100.0,8.0,15.068192999933672,auto
1767947220699,Sunny,Day,0.09921875,100.0,9.0,5.046106999998301,auto
1767947220732,Sunny,Day,0.09852430555555555,100.0,9.0,2.326426999843534,auto
1767947220759,Sunny,Day,0.09756944444444444,100.0,10.0,6.831246999809082,auto
1767947220791,Sunny,Day,0.09609375,100.0,11.0,13.405200000079276,auto
1767947220824,Sunny,Day,0.09565972222222222,100.0,11.0,7.207258999869737,auto
1767947220853,Sunny,Day,0.09613715277777778,100.0,12.0,7.777249999890046,auto
1767947220886,Sunny,Day,0.0935329861111111,100.0,14.0,11.115810000092097,auto
1767947220918,Sunny,Day,0.09036458333333333,100.0,15.0,9.89847600021676,auto
1767947220949,Sunny,Day,0.08858506944444444,100.0,15.0,17.031645000088247,auto
1767947220979,Sunny,Day,0.0875,100.0,15.0,8.05980199993428,auto
1767947221015,Sunny,Day,0.08541666666666667,100.0,13.0,14.9774910000815,auto
1767947221042,Sunny,Day,0.083984375,100.0,11.0,9.892568999930518,auto
1767947221074,Sunny,Day,0.08385416666666666,100.0,9.0,14.12937400004921,auto
1767947221107,Sunny,Day,0.08233506944444445,100.0,7.0,15.147026000022379,auto
1767947221136,Sunny,Day,0.08324652777777777,100.0,6.0,6.880170999920665,auto
1767947221169,Sunny,Day,0.08307291666666666,100.0,4.0,11.967759000071965,auto
1767947221199,Sunny,Day,0.08081597222222223,100.0,3.0,5.087994999939838,auto
1767947221231,Sunny,Day,0.08016493055555556,100.0,2.0,12.536844000123892,auto
1767947221261,Sunny,Day,0.0802951388888889,100.0,1.0,6.247589000167864,auto
1767947221294,Sunny,Day,0.08020833333333334,100.0,1.0,12.106979999998657,auto
1767947221326,Sunny,Day,0.07999131944444444,100.0,1.0,13.546623999900476,auto
1767947221355,Sunny,Day,0.07960069444444444,100.0,2.0,11.763356000074054,auto
1767947221387,Sunny,Day,0.07999131944444444,100.0,3.0,18.200590000105876,auto
1767947221420,Sunny,Day,0.0802951388888889,100.0,4.0,4.112566000003426,auto
1767947221454,Sunny,Day,0.08059895833333333,100.0,4.0,2.132319000111238,auto
1767947221481,Sunny,Day,0.08025173611111111,100.0,6.0,7.809563999899183,auto
1767947221516,Sunny,Day,0.08038194444444445,100.0,6.0,11.246530000107668,auto
1767947221544,Sunny,Day,0.08025173611111111,100.0,7.0,6.898097999965103,auto
1767947221580,Sunny,Day,0.08020833333333334,100.0,6.0,21.35861500005376,auto
1767947221608,Sunny,Day,0.08003472222222222,100.0,6.0,4.367192000017894,auto
1767947221639,Sunny,Day,0.07934027777777777,100.0,5.0,9.87144000009721,auto
1767947221669,Sunny,Day,0.07921006944444445,100.0,4.0,10.810407999997551,auto
1767947221701,Sunny,Day,0.07907986111111111,100.0,4.0,15.413743999943108,auto
1767947221732,Sunny,Day,0.07821180555555556,100.0,3.0,14.318705000050613,auto
1767947221763,Sunny,Day,0.07825520833333334,100.0,3.0,13.009762999899976,auto
1767947221795,Sunny,Day,0.07860243055555556,100.0,2.0,10.596854999903371,auto
1767947221828,Sunny,Day,0.07825520833333334,100.0,2.0,16.730241999994178,auto
1767947221858,Sunny,Day,0.07864583333333333,100.0,3.0,6.577288000016779,auto
1767947221889,Sunny,Day,0.07860243055555556,100.0,3.0,9.268801999951393,auto
1767947221921,Sunny,Day,0.07795138888888889,100.0,4.0,11.3064370000302,auto
1767947221953,Sunny,Day,0.07782118055555555,100.0,4.0,11.589469999989888,auto
1767947221983,Sunny,Day,0.07756076388888888,100.0,4.0,10.853128999997352,auto
1767947222016,Sunny,Day,0.07769097222222222,100.0,4.0,13.125167999987752,auto
1767947222048,Sunny,Day,0.07738715277777777,100.0,4.0,8.053839000012886,auto
1767947222077,Sunny,Day,0.07730034722222222,100.0,4.0,13.674141000137752,auto
1767947222110,Sunny,Day,0.07782118055555555,100.0,3.0,17.46597099986502,auto
1767947222143,Sunny,Day,0.07734375,100.0,3.0,10.22965800007114,auto
1767947222172,Sunny,Day,0.07808159722222222,100.0,3.0,13.204739999991943,auto
1767947222203,Sunny,Day,0.0796875,100.0,3.0,11.572988000125406,auto
1767947222238,Sunny,Day,0.07894965277777778,100.0,3.0,15.910550999933548,auto
1767947222266,Sunny,Day,0.08046875,100.0,3.0,7.295349999822065,auto
1767947222298,Sunny,Day,0.0802951388888889,100.0,3.0,18.143795000014507,auto
1767947222330,Sunny,Day,0.081640625,100.0,2.0,6.272439999975177,auto
1767947222363,Sunny,Day,0.0828125,100.0,2.0,3.9248840000709606,auto
1767947222393,Sunny,Day,0.08324652777777777,100.0,1.0,6.050666000191995,auto
1767947222424,Sunny,Day,0.08541666666666667,100.0,1.0,10.40633999991769,auto
1767947222456,Sunny,Day,0.085546875,100.0,0.0,11.810114000127214,auto
1767947222488,Sunny,Day,0.0857204861111111,100.0,0.0,7.601549999890267,auto
1767947222517,Sunny,Day,0.08758680555555555,100.0,0.0,8.097152999880564,auto
1767947222550,Sunny,Day,0.08693576388888889,100.0,0.0,18.778007000037178,auto
1767947222580,Sunny,Day,0.08871527777777778,100.0,-1.0,14.599349000036455,auto
1767947222611,Sunny,Day,0.08940972222222222,100.0,-1.0,17.3359549999077,auto
1767947222644,Sunny,Day,0.08949652777777778,100.0,-1.0,17.991944000186777,auto
1767947222676,Sunny,Day,0.09283854166666666,100.0,-2.0,3.3088929999394168,auto
1767947222706,Sunny,Day,0.09053819444444444,100.0,-2.0,5.888002000119741,auto
1767947222738,Sunny,Day,0.0890625,100.0,-2.0,12.229329999854599,auto
1767947222770,Sunny,Day,0.09079861111111111,100.0,-2.0,10.004494000213526,auto
1767947222800,Sunny,Day,0.090234375,100.0,-2.0,13.645271000086723,auto
1767947222834,Sunny,Day,0.09010416666666667,100.0,-2.0,13.48501400002533,auto
1767947222865,Sunny,Day,0.08841145833333333,100.0,-3.0,14.966620999985025,auto
1767947222894,Sunny,Day,0.08741319444444444,100.0,-3.0,12.954430000036155,auto
1767947222927,Sunny,Day,0.08732638888888888,100.0,-4.0,14.642310999988695,auto
1767947222959,Sunny,Day,0.08914930555555556,100.0,-5.0,5.663542000093003,auto
1767947222988,Sunny,Day,0.08671875,100.0,-6.0,7.400774999950954,auto
1767947223022,Sunny,Day,0.08580729166666666,100.0,-7.0,20.317594000061945,auto
1767947223051,Sunny,Day,0.08732638888888888,100.0,-8.0,6.897079000054873,auto
1767947223083,Sunny,Day,0.08793402777777778,100.0,-8.0,8.547274999955334,auto
1767947223114,Sunny,Day,0.08763020833333333,100.0,-8.0,14.161652000211689,auto
1767947223145,Sunny,Day,0.08624131944444445,100.0,-8.0,9.032527000044865,auto
1767947223178,Sunny,Day,0.08602430555555556,100.0,-7.0,13.957284999833064,auto
1767947223208,Sunny,Day,0.087109375,100.0,-7.0,12.566787999958251,auto
1767947223241,Sunny,Day,0.08754340277777778,100.0,-7.0,12.252718999889112,auto
1767947223276,Sunny,Day,0.08563368055555555,100.0,-7.0,13.378126999896267,auto
1767947223303,Sunny,Day,0.08532986111111111,100.0,-6.0,3.9888460000838677,auto
1767947223335,Sunny,Day,0.08745659722222222,100.0,-7.0,12.072740000121485,auto
1767947223366,Sunny,Day,0.08862847222222223,100.0,-7.0,4.911794999998165,auto
1767947223398,Sunny,Day,0.0861545138888889,100.0,-7.0,4.6319470000071306,auto
1767947223428,Sunny,Day,0.08658854166666667,100.0,-6.0,16.006217000040124,auto
1767947223462,Sunny,Day,0.08849826388888889,100.0,-6.0,13.065483999980643,auto
1767947223493,Sunny,Day,0.08823784722222222,100.0,-7.0,3.2713020000301185,auto
1767947223524,Sunny,Day,0.08650173611111112,100.0,-7.0,12.53345499981151,auto
1767947223562,Sunny,Day,0.0857204861111111,100.0,-6.0,3.2275430000936467,auto
1767947223592,Sunny,Day,0.085546875,100.0,-7.0,2.5130540000191104,auto
1767947223617,Sunny,Day,0.08676215277777778,100.0,-8.0,5.259253000076569,auto
1767947223650,Sunny,Day,0.08654513888888889,100.0,-8.0,18.839562000039223,auto
1767947223679,Sunny,Day,0.08502604166666666,100.0,-9.0,13.757325999904424,auto
1767947223711,Sunny,Day,0.08493923611111111,100.0,-9.0,10.617799999863564,auto
1767947223743,Sunny,Day,0.08485243055555555,100.0,-9.0,16.513337999867872,auto
1767947223775,Sunny,Day,0.08589409722222222,100.0,-10.0,9.49433499999941,auto
1767947223804,Sunny,Day,0.08511284722222222,100.0,-9.0,9.77357200008555,auto
1767947223838,Sunny,Day,0.08342013888888888,100.0,-9.0,11.510136999959286,auto
1767947223869,Sunny,Day,0.08506944444444445,100.0,-9.0,16.37824699992052,auto
1767947223900,Sunny,Day,0.08684895833333334,100.0,-10.0,5.190271999936158,auto
1767947223930,Sunny,Day,0.08519965277777777,100.0,-11.0,9.176600000046164,auto
1767947223963,Sunny,Day,0.08324652777777777,100.0,-11.0,5.733393999889813,auto
1767947223994,Sunny,Day,0.08298611111111111,100.0,-13.0,8.570349000137867,auto
1767947224024,Sunny,Day,0.0822482638888889,100.0,-14.0,7.567847000018446,auto
1767947224062,Sunny,Day,0.08020833333333334,100.0,-17.0,17.997297000192702,auto
1767947224090,Sunny,Day,0.07760416666666667,100.0,-18.0,7.4949770000785065,auto
1767947224118,Sunny,Day,0.07287326388888889,100.0,-21.0,6.614638999963063,auto
1767947224153,Sunny,Day,0.072265625,100.0,-23.0,20.528998000145293,auto
1767947224181,Sunny,Day,0.07087673611111112,100.0,-23.0,5.642820000048232,auto
1767947224213,Sunny,Day,0.07022569444444444,100.0,-22.0,15.32507899992197,auto
1767947224245,Sunny,Day,0.06966145833333333,100.0,-22.0,12.142738999955327,auto
1767947224278,Sunny,Day,0.07039930555555556,100.0,-21.0,10.285712000040803,auto
1767947224309,Sunny,Day,0.06961805555555556,100.0,-20.0,5.9739999999237625,auto
1767947224340,Sunny,Day,0.06961805555555556,100.0,-18.0,10.189508999928876,auto
1767947224370,Sunny,Day,0.07005208333333333,100.0,-17.0,5.878280000160885,auto
1767947224405,Sunny,Day,0.06944444444444445,100.0,-15.0,7.026206999853457,auto
1767947224434,Sunny,Day,0.06961805555555556,100.0,-14.0,4.752630999973917,auto
1767947224465,Sunny,Day,0.06922743055555555,100.0,-13.0,14.338187000021207,auto
1767947224496,Sunny,Day,0.06792534722222222,100.0,-13.0,14.244873000052394,auto
1767947224527,Sunny,Day,0.06822916666666666,100.0,-11.0,9.642165999821373,auto
1767947224558,Sunny,Day,0.06788194444444444,100.0,-10.0,7.989580999947066,auto
1767947224591,Sunny,Day,0.06736111111111111,100.0,-9.0,8.157115000130943,auto
1767947224621,Sunny,Day,0.0671875,100.0,-8.0,7.286461999910898,auto
1767947224654,Sunny,Day,0.06779513888888888,100.0,-7.0,10.613854999974137,auto
1767947224684,Sunny,Day,0.06770833333333333,100.0,-6.0,8.126412000137861,auto
1767947224715,Sunny,Day,0.06848958333333334,100.0,-6.0,13.476422999929127,auto
1767947224749,Sunny,Day,0.06792534722222222,100.0,-6.0,18.843414000002667,auto
1767947224778,Sunny,Day,0.06731770833333334,100.0,-6.0,7.757917999924757,auto
1767947224811,Sunny,Day,0.06688368055555556,100.0,-8.0,16.147158999956446,auto
1767947224840,Sunny,Day,0.06631944444444444,100.0,-8.0,6.247551999877032,auto
1767947224874,Sunny,Day,0.06675347222222222,100.0,-9.0,18.958318999921175,auto
1767947224910,Sunny,Day,0.06623263888888889,100.0,-10.0,10.123381000084919,auto
1767947224937,Sunny,Day,0.06692708333333333,100.0,-10.0,4.80046300003778,auto
1767947224966,Sunny,Day,0.0666232638888889,100.0,-10.0,10.89079500002299,auto
1767947224998,Sunny,Day,0.06736111111111111,100.0,-10.0,7.148390000111249,auto
1767947225031,Sunny,Day,0.06631944444444444,100.0,-10.0,6.784673000083785,auto
1767947225061,Sunny,Day,0.06631944444444444,100.0,-10.0,6.962429999930464,auto
1767947225092,Sunny,Day,0.06657986111111111,100.0,-10.0,12.0008339999913,auto
1767947225128,Sunny,Day,0.06675347222222222,100.0,-10.0,12.327459000061936,auto
1767947225155,Sunny,Day,0.06736111111111111,100.0,-10.0,11.167717000034827,auto
1767947225189,Sunny,Day,0.06766493055555556,100.0,-9.0,15.362801000037507,auto
1767947225220,Sunny,Day,0.06657986111111111,100.0,-9.0,7.776547000048595,auto
1767947225249,Sunny,Day,0.06775173611111111,100.0,-8.0,7.909396999821183,auto
1767947225280,Sunny,Day,0.06736111111111111,100.0,-8.0,17.480379000062385,auto
1767947225316,Sunny,Day,0.06779513888888888,100.0,-8.0,21.321079000017562,auto
1767947225344,Sunny,Day,0.06744791666666666,100.0,-7.0,5.790762999822618,auto
1767947225375,Sunny,Day,0.06940104166666666,100.0,-7.0,9.991123999952833,auto
1767947225407,Sunny,Day,0.06801215277777778,100.0,-8.0,6.623713000180942,auto
1767947225437,Sunny,Day,0.06888020833333333,100.0,-8.0,11.15032899997459,auto
1767947225473,Sunny,Day,0.06974826388888888,100.0,-8.0,12.80997000003481,auto
1767947225500,Sunny,Day,0.06935763888888889,100.0,-8.0,7.84747099987726,auto
1767947225534,Sunny,Day,0.06853298611111111,100.0,-7.0,19.424886000024344,auto
1767947225563,Sunny,Day,0.06996527777777778,100.0,-7.0,14.90558599994074,auto
1767947225597,Sunny,Day,0.06948784722222222,100.0,-7.0,19.08913199986273,auto
1767947225626,Sunny,Day,0.07065972222222222,100.0,-6.0,8.456888999944567,auto
1767947225657,Sunny,Day,0.0703125,100.0,-6.0,13.652511999907802,auto
1767947225689,Sunny,Day,0.06931423611111111,100.0,-6.0,7.8624719999425,auto
1767947225722,Sunny,Day,0.06927083333333334,100.0,-6.0,18.477122999911444,auto
1767947225751,Sunny,Day,0.07048611111111111,100.0,-6.0,8.124781999867992,auto
1767947225783,Sunny,Day,0.07048611111111111,100.0,-6.0,17.86820600000283,auto
1767947225816,Sunny,Day,0.0700954861111111,100.0,-6.0,19.05585500003326,auto
1767947225846,Sunny,Day,0.070703125,100.0,-6.0,6.666730999995707,auto
1767947225877,Sunny,Day,0.07139756944444445,100.0,-6.0,12.774452000030578,auto
1767947225909,Sunny,Day,0.07165798611111111,100.0,-7.0,5.844947000014145,auto
1767947225944,Sunny,Day,0.07170138888888888,100.0,-7.0,11.536952000142264,auto
1767947225971,Sunny,Day,0.07139756944444445,100.0,-7.0,7.727899999963483,auto
1767947226004,Sunny,Day,0.07109375,100.0,-7.0,11.922649000098318,auto
1767947226034,Sunny,Day,0.07118055555555555,100.0,-7.0,5.043848000013895,auto
1767947226066,Sunny,Day,0.07135416666666666,100.0,-7.0,9.791274999997768,auto
1767947226098,Sunny,Day,0.07282986111111112,100.0,-7.0,9.663999999929729,auto
1767947226130,Sunny,Day,0.07261284722222222,100.0,-7.0,10.930776000122933,auto
1767947226160,Sunny,Day,0.07235243055555556,100.0,-7.0,6.891727000038372,auto
1767947226191,Sunny,Day,0.07361111111111111,100.0,-6.0,17.117643999881693,auto
1767947226224,Sunny,Day,0.073828125,100.0,-6.0,19.448182999894925,auto
1767947226254,Sunny,Day,0.0734375,100.0,-6.0,13.189778999958435,auto
1767947226285,Sunny,Day,0.073828125,100.0,-6.0,17.06157099988559,auto
1767947226318,Sunny,Day,0.07374131944444444,100.0,-6.0,16.765352999982497,auto
1767947226349,Sunny,Day,0.07508680555555555,100.0,-6.0,14.352779000091687,auto
1767947226379,Sunny,Day,0.07569444444444444,100.0,-7.0,10.629687999880844,auto
1767947226413,Sunny,Day,0.07677951388888889,100.0,-7.0,18.014240999946196,auto
1767947226443,Sunny,Day,0.07677951388888889,100.0,-6.0,6.467770999961431,auto
1767947226473,Sunny,Day,0.07664930555555556,100.0,-6.0,9.281560999852445,auto
1767947226506,Sunny,Day,0.07721354166666666,100.0,-6.0,5.99135200013734,auto
1767947226538,Sunny,Day,0.07738715277777777,100.0,-5.0,7.0815019998917705,auto
1767947226568,Sunny,Day,0.07686631944444444,100.0,-6.0,7.9720809999344056,auto
1767947226603,Sunny,Day,0.078125,100.0,-6.0,13.417737999816381,auto
1767947226632,Sunny,Day,0.078515625,100.0,-6.0,9.242821000043477,auto
1767947226664,Sunny,Day,0.0783420138888889,100.0,-6.0,4.516023000178393,auto
1767947226693,Sunny,Day,0.07868923611111112,100.0,-7.0,13.557735999938814,auto
1767947226727,Sunny,Day,0.07868923611111112,100.0,-7.0,8.29324300002554,auto
1767947226758,Sunny,Day,0.07903645833333334,100.0,25.0,4.68185399995491,auto
1767947226788,Sunny,Day,0.07938368055555556,100.0,-7.0,11.850743999957558,auto
1767947226822,Sunny,Day,0.07899305555555555,100.0,25.0,18.527826000081404,auto
1767947226850,Sunny,Day,0.07938368055555556,100.0,24.0,8.75273599990578,auto
1767947226881,Sunny,Day,0.07981770833333333,100.0,23.0,17.806910999979664,auto
1767947226913,Sunny,Day,0.08059895833333333,100.0,20.0,11.935593999851335,auto
1767947226944,Sunny,Day,0.07881944444444444,100.0,14.0,9.690035999938118,auto
1767947226976,Sunny,Day,0.08103298611111111,100.0,11.0,8.106209000061426,auto
1767947227007,Sunny,Day,0.08363715277777778,100.0,8.0,17.81881900001281,auto
1767947227039,Sunny,Day,0.08229166666666667,100.0,4.0,5.286826999963523,auto
1767947227070,Sunny,Day,0.08363715277777778,100.0,3.0,9.082453000019086,auto
1767947227101,Sunny,Day,0.08259548611111112,100.0,1.0,17.47556500004066,auto
1767947227133,Sunny,Day,0.08446180555555556,100.0,-1.0,15.982142999973803,auto
1767947227164,Sunny,Day,0.08198784722222222,100.0,-4.0,18.18551699989257,auto
1767947227198,Sunny,Day,0.08381076388888889,100.0,-4.0,19.488144999968426,auto
1767947227227,Sunny,Day,0.08315972222222222,100.0,-4.0,10.753167999837387,auto
1767947227258,Sunny,Day,0.08515625,100.0,-5.0,10.978275999832476,auto
1767947227290,Sunny,Day,0.08537326388888888,100.0,-5.0,16.527282999959425,auto
1767947227321,Sunny,Day,0.08411458333333334,100.0,-7.0,6.027776999872003,auto
1767947227356,Sunny,Day,0.08515625,100.0,-6.0,17.245623999997406,auto
1767947227384,Sunny,Day,0.08676215277777778,100.0,-6.0,14.10930199995164,auto
1767947227417,Sunny,Day,0.08624131944444445,100.0,-7.0,19.048206999968897,auto
1767947227447,Sunny,Day,0.08684895833333334,100.0,-7.0,16.714651000029335,auto
1767947227478,Sunny,Day,0.08606770833333334,100.0,-6.0,16.990738999993482,auto
1767947227515,Sunny,Day,0.08493923611111111,100.0,-6.0,24.076500000091983,auto
1767947227543,Sunny,Day,0.08736979166666667,100.0,-6.0,13.7905280000723,auto
1767947227572,Sunny,Day,0.0857204861111111,100.0,-5.0,12.931449000006978,auto
1767947227605,Sunny,Day,0.08433159722222222,100.0,-7.0,13.389793999976973,auto
1767947227635,Sunny,Day,0.08337673611111111,100.0,-7.0,16.06745599997339,auto
1767947227668,Sunny,Day,0.08498263888888889,100.0,-6.0,6.6015649999826564,auto
1767947227698,Sunny,Day,0.08315972222222222,100.0,-6.0,14.85399399984999,auto
1767947227731,Sunny,Day,0.08250868055555556,100.0,-7.0,19.63980900018214,auto
1767947227763,Sunny,Day,0.08337673611111111,100.0,-6.0,17.115828999976657,auto
1767947227792,Sunny,Day,0.08203125,100.0,-7.0,14.936882000029073,auto
1767947227823,Sunny,Day,0.08190104166666666,100.0,-7.0,18.066963000137548,auto
1767947227857,Sunny,Day,0.08051215277777778,100.0,-7.0,12.291421999861996,auto
1767947227886,Sunny,Day,0.08042534722222222,100.0,-9.0,15.160451999918223,auto
1767947227920,Sunny,Day,0.08046875,100.0,-7.0,19.47807099986676,auto
1767947227949,Sunny,Day,0.08051215277777778,100.0,-6.0,13.578568999946583,auto
1767947227981,Sunny,Day,0.07816840277777778,100.0,-6.0,17.585932999963916,auto
1767947228013,Sunny,Day,0.07921006944444445,100.0,-6.0,19.1192620000038,auto
1767947228043,Sunny,Day,0.07777777777777778,100.0,-6.0,16.586410999934742,auto
1767947228075,Sunny,Day,0.07894965277777778,100.0,-6.0,12.491418999843518,auto
1767947228106,Sunny,Day,0.079296875,100.0,-5.0,11.01723800002219,auto
1767947228140,Sunny,Day,0.07721354166666666,100.0,-6.0,20.172190000039336,auto
1767947228169,Sunny,Day,0.07777777777777778,100.0,-6.0,14.442630000075951,auto
1767947228201,Sunny,Day,0.07786458333333333,100.0,-6.0,6.23949700002413,auto
1767947228232,Sunny,Day,0.07660590277777778,100.0,-7.0,16.37356300011561,auto
1767947228263,Sunny,Day,0.07717013888888889,100.0,-7.0,10.44771000010769,auto
1767947228295,Sunny,Day,0.07673611111111112,100.0,-8.0,12.088333000065177,auto
1767947228326,Sunny,Day,0.07556423611111111,100.0,-8.0,11.5286569998716,auto
1767947228358,Sunny,Day,0.07721354166666666,100.0,-8.0,12.20484899999974,auto
1767947228389,Sunny,Day,0.07591145833333333,100.0,-9.0,11.043236999967121,auto
1767947228421,Sunny,Day,0.07630208333333334,100.0,-9.0,18.392050999864296,auto
1767947228454,Sunny,Day,0.07690972222222223,100.0,-10.0,19.24551899992366,auto
1767947228483,Sunny,Day,0.0759548611111111,100.0,-10.0,7.152464000000691,auto
1767947228515,Sunny,Day,0.07708333333333334,100.0,-10.0,13.541791999841735,auto
1767947228546,Sunny,Day,0.07651909722222222,100.0,-10.0,10.971794999932172,auto
1767947228579,Sunny,Day,0.07816840277777778,100.0,-11.0,14.689440999973158,auto
1767947228610,Sunny,Day,0.07886284722222223,100.0,-11.0,14.703348000011829,auto
1767947228642,Sunny,Day,0.07903645833333334,100.0,-11.0,16.13199300004453,auto
1767947228674,Sunny,Day,0.07947048611111111,100.0,-12.0,16.38765500001682,auto
1767947228705,Sunny,Day,0.08103298611111111,100.0,-12.0,13.556606000065585,auto
1767947228736,Sunny,Day,0.08055555555555556,100.0,-12.0,15.030492000050799,auto
1767947228767,Sunny,Day,0.08068576388888889,100.0,-12.0,15.387688999908278,auto
1767947228797,Sunny,Day,0.08055555555555556,100.0,-11.0,5.6725239999195765,auto
1767947228831,Sunny,Day,0.08125,100.0,-12.0,19.924933999845962,auto
1767947228860,Sunny,Day,0.08155381944444444,100.0,-12.0,6.782469999961904,auto
1767947228892,Sunny,Day,0.08168402777777778,100.0,-12.0,8.791125000016109,auto
1767947228923,Sunny,Day,0.08142361111111111,100.0,-12.0,6.4436979998845345,auto
1767947228955,Sunny,Day,0.08207465277777778,100.0,-12.0,11.169550999966305,auto
1767947228987,Sunny,Day,0.08237847222222222,100.0,-12.0,7.033446999912485,auto
1767947229017,Sunny,Day,0.08276909722222223,100.0,-12.0,5.09138500001427,auto
1767947229048,Sunny,Day,0.08246527777777778,100.0,-12.0,16.458821000014723,auto
1767947229081,Sunny,Day,0.082421875,100.0,-11.0,11.1427360000107,auto
1767947229111,Sunny,Day,0.08342013888888888,100.0,-10.0,7.775751000053788,auto
1767947229142,Sunny,Day,0.08424479166666667,100.0,-10.0,18.127351999964958,auto
1767947229174,Sunny,Day,0.08394097222222222,100.0,-9.0,16.764612999850215,auto
1767947229206,Sunny,Day,0.08407118055555556,100.0,-8.0,17.44080599996778,auto
1767947229239,Sunny,Day,0.08589409722222222,100.0,-8.0,17.595878000065568,auto
1767947229270,Sunny,Day,0.08706597222222222,100.0,-7.0,17.54810100010218,auto
1767947229299,Sunny,Day,0.08658854166666667,100.0,-7.0,9.495873000105348,auto
1767947229331,Sunny,Day,0.08763020833333333,100.0,-7.0,15.073027999960686,auto
1767947229362,Sunny,Day,0.08819444444444445,100.0,-6.0,11.144885000021532,auto
1767947229394,Sunny,Day,0.08819444444444445,100.0,-6.0,13.155094000012468,auto
1767947229426,Sunny,Day,0.08858506944444444,100.0,-6.0,10.207751000052667,auto
1767947229456,Sunny,Day,0.08823784722222222,100.0,-6.0,11.04266400011511,auto
1767947229488,Sunny,Day,0.08858506944444444,100.0,-5.0,13.233981999974276,auto
1767947229519,Sunny,Day,0.0890625,100.0,-5.0,6.527252000068984,auto
1767947229551,Sunny,Day,0.08914930555555556,100.0,-5.0,18.860357999983535,auto
1767947229584,Sunny,Day,0.08953993055555555,100.0,-6.0,8.840198000143573,auto
1767947229615,Sunny,Day,0.09019097222222222,100.0,-6.0,15.76014700003725,auto
1767947229647,Sunny,Day,0.09014756944444445,100.0,-6.0,10.252528000137318,auto
1767947229676,Sunny,Day,0.091015625,100.0,-6.0,15.641778000144768,auto
1767947229708,Sunny,Day,0.09084201388888889,100.0,-6.0,14.082414000085919,auto
1767947229739,Sunny,Day,0.09153645833333333,100.0,-6.0,10.180677000107607,auto
1767947229770,Sunny,Day,0.09075520833333334,100.0,-6.0,11.466380000001664,auto
1767947229802,Sunny,Day,0.09088541666666666,100.0,-6.0,18.113980999942214,auto
1767947229833,Sunny,Day,0.09123263888888888,100.0,-5.0,12.737304999973276,auto
1767947229864,Sunny,Day,0.09092881944444445,100.0,-6.0,7.514403999948627,auto
1767947229896,Sunny,Day,0.0915798611111111,100.0,-5.0,10.306212000159576,auto
1767947229929,Sunny,Day,0.09144965277777778,100.0,-6.0,10.236805999966236,auto
1767947229959,Sunny,Day,0.09244791666666667,100.0,-6.0,12.041666999948575,auto
1767947229990,Sunny,Day,0.0920138888888889,100.0,-6.0,12.930209000160175,auto
1767947230024,Sunny,Day,0.09283854166666666,100.0,-6.0,14.046043999996982,auto
1767947230055,Sunny,Day,0.09236111111111112,100.0,-6.0,12.304737000022214,auto
1767947230085,Sunny,Day,0.09231770833333333,100.0,-6.0,10.45315400006075,auto
1767947230116,Sunny,Day,0.09418402777777778,100.0,-7.0,10.128011999995579,auto
1767947230147,Sunny,Day,0.09244791666666667,100.0,-6.0,17.219402000137052,auto
1767947230178,Sunny,Day,0.09231770833333333,100.0,-6.0,17.55884099998184,auto
1767947230211,Sunny,Day,0.09457465277777778,100.0,-6.0,18.11875900011728,auto
1767947230243,Sunny,Day,0.093359375,100.0,-6.0,18.352237000044624,auto
1767947230272,Sunny,Day,0.09370659722222222,100.0,-6.0,15.500725000038074,auto
1767947230304,Sunny,Day,0.09401041666666667,100.0,-5.0,18.397274000108155,auto
1767947230336,Sunny,Day,0.09435763888888889,100.0,-5.0,18.064927000068565,auto
1767947230367,Sunny,Day,0.09422743055555556,100.0,-5.0,11.047571000062817,auto
1767947230400,Sunny,Day,0.09544270833333333,100.0,-5.0,17.52885999985665,auto
1767947230430,Sunny,Day,0.09539930555555555,100.0,-5.0,12.266571000054682,auto
1767947230463,Sunny,Day,0.09457465277777778,100.0,-5.0,11.881520999850181,auto
1767947230492,Sunny,Day,0.0954861111111111,100.0,-5.0,16.16690000014387,auto
1767947230524,Sunny,Day,0.09535590277777778,100.0,-5.0,16.781353999931525,auto
1767947230556,Sunny,Day,0.09513888888888888,100.0,-5.0,17.092423000121926,auto
1767947230587,Sunny,Day,0.095703125,100.0,-5.0,17.505304999986038,auto
1767947230619,Sunny,Day,0.09657118055555555,100.0,-5.0,19.37264700018204,auto
1767947230652,Sunny,Day,0.09622395833333333,100.0,-5.0,15.135545000021011,auto
1767947230681,Sunny,Day,0.09674479166666666,100.0,-6.0,13.685252999948716,auto
1767947230714,Sunny,Day,0.09756944444444444,100.0,-6.0,19.872416999987763,auto
1767947230745,Sunny,Day,0.09704861111111111,100.0,-6.0,16.52013599982638,auto
1767947230775,Sunny,Day,0.096875,100.0,-6.0,10.406044000092152,auto
1767947230808,Sunny,Day,0.09717881944444444,100.0,-5.0,19.75108600004205,auto
1767947230838,Sunny,Day,0.09691840277777777,100.0,-5.0,13.963157000034698,auto
1767947230871,Sunny,Day,0.09652777777777778,100.0,-5.0,10.895313999981227,auto
1767947230901,Sunny,Day,0.09748263888888889,100.0,-5.0,15.419152000049507,auto
1767947230932,Sunny,Day,0.09661458333333334,100.0,-4.0,17.93939100002717,auto
1767947230964,Sunny,Day,0.09735243055555555,100.0,-4.0,18.222442000023875,auto
1767947230995,Sunny,Day,0.09748263888888889,100.0,-4.0,17.27616100015439,auto
1767947231026,Sunny,Day,0.09817708333333333,100.0,-4.0,17.658895999829838,auto
1767947231058,Sunny,Day,0.09813368055555556,100.0,-4.0,17.295216999855256,auto
1767947231091,Sunny,Day,0.09900173611111111,100.0,-4.0,20.259430000123757,auto
1767947231122,Sunny,Day,0.10008680555555556,100.0,-5.0,15.759129000116445,auto
1767947231154,Sunny,Day,0.09978298611111111,100.0,-4.0,14.085375999911776,auto
1767947231183,Sunny,Day,0.10030381944444444,100.0,-5.0,14.098468000156572,auto
1767947231216,Sunny,Day,0.10138888888888889,100.0,-5.0,18.988115999945876,auto
1767947231248,Sunny,Day,0.100390625,100.0,-4.0,16.578246000108265,auto
1767947231279,Sunny,Day,0.10095486111111111,100.0,-4.0,12.048463000155607,auto
1767947231309,Sunny,Day,0.10147569444444444,100.0,-4.0,15.624705000163885,auto
1767947231340,Sunny,Day,0.10108506944444444,100.0,-4.0,17.410752000159846,auto
1767947231372,Sunny,Day,0.10230034722222223,100.0,-4.0,16.558504999920842,auto
1767947231403,Sunny,Day,0.10203993055555556,100.0,-4.0,17.62624799994228,auto
1767947231434,Sunny,Day,0.1017795138888889,100.0,-4.0,18.048575000193523,auto
1767947231466,Sunny,Day,0.10212673611111112,100.0,-4.0,17.885745000057796,auto
1767947231497,Sunny,Day,0.10217013888888889,100.0,-3.0,18.18933200001993,auto
1767947231529,Sunny,Day,0.10295138888888888,100.0,-4.0,18.034853000017392,auto
1767947231561,Sunny,Day,0.10247395833333334,100.0,-4.0,19.05191100013326,auto
1767947231591,Sunny,Day,0.10386284722222222,100.0,-4.0,16.56870900001195,auto
1767947231623,Sunny,Day,0.1037326388888889,100.0,-4.0,17.92226199995639,auto
1767947231655,Sunny,Day,0.10447048611111111,100.0,-4.0,10.214066000116873,auto
1767947231688,Sunny,Day,0.10486111111111111,100.0,-4.0,19.44375699986267,auto
1767947231717,Sunny,Day,0.1056857638888889,100.0,-4.0,15.20080299997062,auto
1767947231748,Sunny,Day,0.10733506944444444,100.0,-4.0,17.731710000134626,auto
1767947231780,Sunny,Day,0.10863715277777777,100.0,-4.0,7.981043999961912,auto
1767947231811,Sunny,Day,0.11037326388888889,100.0,-4.0,10.783205000052476,auto
1767947231843,Sunny,Day,0.11145833333333334,100.0,-4.0,18.038445000001957,auto
1767947231876,Sunny,Day,0.11106770833333333,100.0,-3.0,19.873861999940345,auto
1767947231906,Sunny,Day,0.11245659722222222,100.0,-4.0,15.731518000166034,auto
1767947231937,Sunny,Day,0.11319444444444444,100.0,-3.0,17.88407799995184,auto
1767947231968,Sunny,Day,0.11427951388888889,100.0,-4.0,18.035390000022744,auto
1767947232000,Sunny,Day,0.11588541666666667,100.0,-4.0,17.249753999976747,auto
1767947232033,Sunny,Day,0.11588541666666667,100.0,-3.0,19.88130600011573,auto
1767947232062,Sunny,Day,0.11653645833333333,100.0,-4.0,14.82538300001579,auto
1767947232096,Sunny,Day,0.11675347222222222,100.0,-3.0,20.17322800020338,auto
1767947232125,Sunny,Day,0.11688368055555555,100.0,-3.0,15.587723999942682,auto
1767947232157,Sunny,Day,0.11831597222222222,100.0,-3.0,18.073371000127736,auto
1767947232189,Sunny,Day,0.11770833333333333,100.0,-3.0,16.306138999880204,auto
1767947232219,Sunny,Day,0.11814236111111111,100.0,-3.0,16.811148999977377,auto
1767947232253,Sunny,Day,0.11788194444444444,100.0,-3.0,11.52347200013537,auto
1767947232283,Sunny,Day,0.11762152777777778,100.0,-3.0,7.572309999886784,auto
1767947232315,Sunny,Day,0.11801215277777778,100.0,-4.0,6.39445800015892,auto
1767947232348,Sunny,Day,0.11762152777777778,100.0,-4.0,12.72721200007254,auto
1767947232377,Sunny,Day,0.11610243055555555,100.0,-3.0,12.855192000188254,auto
1767947232408,Sunny,Day,0.115625,100.0,-3.0,6.216349999931481,auto
1767947232439,Sunny,Day,0.11588541666666667,100.0,-3.0,17.956390999870564,auto
1767947232471,Sunny,Day,0.11727430555555556,100.0,-3.0,17.973186999824975,auto
1767947232504,Sunny,Day,0.11801215277777778,100.0,-3.0,8.290094999892972,auto
1767947232533,Sunny,Day,0.11888020833333333,100.0,-5.0,9.611500999881173,auto
1767947232567,Sunny,Day,0.12105034722222222,100.0,8.0,12.736174999872674,auto
1767947232596,Sunny,Day,0.12144097222222222,100.0,8.0,15.192766999916785,auto
1767947232628,Sunny,Day,0.12330729166666667,100.0,8.0,17.462751000039134,auto
1767947232659,Sunny,Day,0.12638888888888888,100.0,7.0,17.709857999989254,auto
1767947232691,Sunny,Day,0.12760416666666666,100.0,6.0,13.264185000025464,auto
1767947232722,Sunny,Day,0.13142361111111112,100.0,5.0,11.340474999997241,auto
1767947232753,Sunny,Day,0.13181423611111112,100.0,2.0,11.771560999932262,auto
1767947232786,Sunny,Day,0.13389756944444445,100.0,1.0,4.773981999960597,auto
1767947232816,Sunny,Day,0.1368923611111111,100.0,-1.0,8.735107000120479,auto
1767947232848,Sunny,Day,0.13511284722222222,100.0,-2.0,18.106111999941277,auto
1767947232879,Sunny,Day,0.1345486111111111,100.0,-3.0,11.065830999996251,auto
1767947232912,Sunny,Day,0.13328993055555555,100.0,-4.0,12.436199000148918,auto
1767947232942,Sunny,Day,0.1323784722222222,100.0,-8.0,15.346467999961533,auto
1767947232974,Sunny,Day,0.13272569444444443,100.0,-8.0,18.299644999842712,auto
1767947233006,Sunny,Day,0.13224826388888888,100.0,-8.0,18.088741999918057,auto
1767947233036,Sunny,Day,0.131640625,100.0,-8.0,16.084883000075934,auto
1767947233070,Sunny,Day,0.13216145833333334,100.0,-8.0,20.18978299997798,auto
1767947233099,Sunny,Day,0.13294270833333333,100.0,-7.0,13.34640599998238,auto
1767947233130,Sunny,Day,0.12777777777777777,100.0,-6.0,17.612230000167983,auto
1767947233162,Sunny,Day,0.12973090277777777,100.0,-5.0,11.61922999995113,auto
1767947233193,Sunny,Day,0.12864583333333332,100.0,-4.0,7.5098109998634754,auto
1767947233224,Sunny,Day,0.12473958333333333,100.0,-3.0,12.824469999941357,auto
1767947233256,Sunny,Day,0.12209201388888889,100.0,-3.0,17.813227000033294,auto
1767947233287,Sunny,Day,0.12057291666666667,100.0,-3.0,16.862685999967653,auto
1767947233320,Sunny,Day,0.12074652777777778,100.0,-3.0,19.169021000152497,auto
1767947233350,Sunny,Day,0.1228298611111111,100.0,-3.0,16.22699199992894,auto
1767947233381,Sunny,Day,0.12009548611111111,100.0,-4.0,17.855727000096522,auto
1767947233413,Sunny,Day,0.1213107638888889,100.0,-4.0,10.851149000018268,auto
1767947233444,Sunny,Day,0.12022569444444445,100.0,-4.0,17.45039899992662,auto
1767947233478,Sunny,Day,0.1213107638888889,100.0,-5.0,20.14267300000938,auto
1767947233507,Sunny,Day,0.12274305555555555,100.0,-4.0,14.88618000007591,auto
1767947233538,Sunny,Day,0.12018229166666666,100.0,-4.0,7.508089000111795,auto
1767947233570,Sunny,Day,0.12239583333333333,100.0,-4.0,14.659702000017205,auto
1767947233601,Sunny,Day,0.11792534722222223,100.0,-2.0,17.826282999976684,auto
1767947233632,Sunny,Day,0.11419270833333334,100.0,-2.0,17.406159000074695,auto
1767947233664,Sunny,Day,0.11232638888888889,100.0,-1.0,17.834670999945956,auto
1767947233696,Sunny,Day,0.11137152777777778,100.0,-1.0,14.959993000047689,auto
1767947233728,Sunny,Day,0.11128472222222222,100.0,-1.0,18.42949599995336,auto
1767947233759,Sunny,Day,0.11063368055555556,100.0,-1.0,17.150681999964945,auto
1767947233791,Sunny,Day,0.10993923611111112,100.0,-1.0,14.954474999967715,auto
1767947233823,Sunny,Day,0.10950520833333334,100.0,-1.0,15.058658000043579,auto
1767947233855,Sunny,Day,0.107421875,100.0,-1.0,13.44408999989355,auto
1767947233885,Sunny,Day,0.10603298611111112,100.0,-1.0,11.186699000063527,auto
1767947233917,Sunny,Day,0.10455729166666666,100.0,0.0,16.291990999889094,auto
1767947233948,Sunny,Day,0.10286458333333333,100.0,0.0,15.68790800001807,auto
1767947233979,Sunny,Day,0.09973958333333334,100.0,1.0,15.549298999985695,auto
1767947234012,Sunny,Day,0.09900173611111111,100.0,2.0,16.548930999988443,auto
1767947234042,Sunny,Day,0.09539930555555555,100.0,3.0,13.63990200002263,auto
1767947234073,Sunny,Day,0.09435763888888889,100.0,4.0,15.616705999946134,auto
1767947234105,Sunny,Day,0.09253472222222223,100.0,5.0,7.420497999873987,auto
1767947234136,Sunny,Day,0.08953993055555555,100.0,5.0,14.798681000002034,auto
1767947234169,Sunny,Day,0.08472222222222223,100.0,5.0,19.84371399998963,auto
1767947234197,Sunny,Day,0.08094618055555555,100.0,5.0,14.409519999844633,auto
1767947234229,Sunny,Day,0.07938368055555556,100.0,5.0,17.670506999820645,auto
1767947234260,Sunny,Day,0.08055555555555556,100.0,4.0,17.876133999834565,auto
1767947234293,Sunny,Day,0.08185763888888889,100.0,3.0,18.776675000026444,auto
1767947234323,Sunny,Day,0.08133680555555556,100.0,3.0,10.33598900016841,auto
1767947234354,Sunny,Day,0.08311631944444445,100.0,2.0,17.709933000105593,auto
1767947234386,Sunny,Day,0.08346354166666667,100.0,1.0,17.436936999956743,auto
1767947234420,Sunny,Day,0.084765625,100.0,1.0,18.619751999949585,auto
1767947234449,Sunny,Day,0.08402777777777778,100.0,-1.0,14.08326599994325,auto
1767947234480,Sunny,Day,0.08589409722222222,100.0,-1.0,17.657154999824343,auto
1767947234511,Sunny,Day,0.08684895833333334,100.0,-2.0,18.02911300001142,auto
1767947234545,Sunny,Day,0.08802083333333334,100.0,-3.0,18.90474699985134,auto
1767947234575,Sunny,Day,0.08697916666666666,100.0,-3.0,15.5624839999291,auto
1767947234606,Sunny,Day,0.08815104166666667,100.0,-4.0,17.69754300016757,auto
1767947234637,Sunny,Day,0.08793402777777778,100.0,-4.0,12.691009000036502,auto
1767947234668,Sunny,Day,0.08884548611111111,100.0,-4.0,17.96916900002543,auto
1767947234700,Sunny,Day,0.09027777777777778,100.0,-5.0,9.648759000128848,auto
1767947234733,Sunny,Day,0.09171006944444444,100.0,-6.0,18.742656999847895,auto
1767947234763,Sunny,Day,0.09223090277777778,100.0,-6.0,16.22847399994498,auto
1767947234794,Sunny,Day,0.09253472222222223,100.0,-6.0,18.02322399998957,auto
1767947234829,Sunny,Day,0.093359375,100.0,-5.0,20.673738999903435,auto
1767947234857,Sunny,Day,0.09392361111111111,100.0,-5.0,12.496456999997463,auto
1767947234889,Sunny,Day,0.09383680555555556,100.0,-5.0,12.958709000031376,auto
1767947234920,Sunny,Day,0.094921875,100.0,-5.0,17.527139000094394,auto
1767947234953,Sunny,Day,0.09652777777777778,100.0,-5.0,10.227342999996836,auto
1767947234983,Sunny,Day,0.09631076388888889,100.0,-5.0,11.33647500000734,auto
1767947235014,Sunny,Day,0.09717881944444444,100.0,-4.0,17.022609999912675,auto
1767947235049,Sunny,Day,0.09782986111111111,100.0,-4.0,21.793536000132008,auto
1767947235077,Sunny,Day,0.09947916666666666,100.0,-4.0,10.373656000183473,auto
1767947235108,Sunny,Day,0.09986979166666667,100.0,-3.0,17.286494000018138,auto
1767947235139,Sunny,Day,0.10082465277777777,100.0,-3.0,17.932040000005145,auto
1767947235171,Sunny,Day,0.10086805555555556,100.0,-3.0,17.84372700012682,auto
1767947235203,Sunny,Day,0.10212673611111112,100.0,-3.0,18.869914999868342,auto
1767947235234,Sunny,Day,0.10299479166666667,100.0,-3.0,11.288474999901155,auto
1767947235265,Sunny,Day,0.10355902777777778,100.0,-2.0,8.374315999844839,auto
1767947235297,Sunny,Day,0.10316840277777778,100.0,-3.0,12.182758000108151,auto
1767947235328,Sunny,Day,0.10381944444444445,100.0,-3.0,13.144186999852536,auto
1767947235361,Sunny,Day,0.10481770833333333,100.0,-2.0,19.224445999952877,auto
1767947235391,Sunny,Day,0.10633680555555555,100.0,-2.0,16.602653000063583,auto
1767947235422,Sunny,Day,0.10785590277777778,100.0,-2.0,17.703950999930385,auto
1767947235458,Sunny,Day,0.10967881944444445,100.0,-2.0,13.681697999800235,auto
1767947235485,Sunny,Day,0.11189236111111112,100.0,-2.0,8.160726999904,auto
1767947235516,Sunny,Day,0.11462673611111111,100.0,-2.0,17.54058400001668,auto
1767947235548,Sunny,Day,0.11627604166666666,100.0,-2.0,17.9845390000537,auto
1767947235579,Sunny,Day,0.11909722222222222,100.0,-2.0,17.75644999997894,auto
1767947235611,Sunny,Day,0.11987847222222223,100.0,-2.0,16.720874000156982,auto
1767947235642,Sunny,Day,0.12026909722222222,100.0,-2.0,18.143110999972123,auto
1767947235674,Sunny,Day,0.120703125,100.0,-3.0,5.622914000014134,auto
1767947235705,Sunny,Day,0.12413194444444445,100.0,-3.0,8.522129000084533,auto
1767947235739,Sunny,Day,0.12526041666666668,100.0,-4.0,14.659386999937851,auto
1767947235771,Sunny,Day,0.12734375,100.0,-4.0,16.725466000025335,auto
1767947235799,Sunny,Day,0.12925347222222222,100.0,-4.0,14.151486999935514,auto
1767947235831,Sunny,Day,0.12955729166666666,100.0,-4.0,17.699358999834658,auto
1767947235862,Sunny,Day,0.13116319444444444,100.0,-4.0,17.593508000118163,auto
1767947235893,Sunny,Day,0.132421875,100.0,-3.0,17.544658000133495,auto
1767947235925,Sunny,Day,0.13355034722222223,100.0,-3.0,9.480261999897266,auto
1767947235956,Sunny,Day,0.1349826388888889,100.0,-3.0,17.71459900010086,auto
1767947235988,Sunny,Day,0.13550347222222223,100.0,-3.0,17.052628000101322,auto
1767947236019,Sunny,Day,0.136328125,100.0,-2.0,17.05414700018082,auto
1767947236050,Sunny,Day,0.13841145833333332,100.0,-2.0,17.523047000167935,auto
1767947236083,Sunny,Day,0.13745659722222223,100.0,-2.0,18.526791000113008,auto
1767947236113,Sunny,Day,0.13680555555555557,100.0,-2.0,16.70179999996435,auto
1767947236144,Sunny,Day,0.13702256944444444,100.0,-1.0,17.314532000000327,auto
1767947236178,Sunny,Day,0.1369357638888889,100.0,-1.0,7.926637999844388,auto
1767947236207,Sunny,Day,0.13637152777777778,100.0,-1.0,9.69431499993334,auto
1767947236240,Sunny,Day,0.1353732638888889,100.0,-1.0,19.43153600018377,auto
1767947236270,Sunny,Day,0.13268229166666667,100.0,-1.0,6.943950000049881,auto
1767947236303,Sunny,Day,0.13020833333333334,100.0,-1.0,13.976563999904101,auto
1767947236333,Sunny,Day,0.1271267361111111,100.0,-1.0,14.981437999949776,auto
1767947236364,Sunny,Day,0.12621527777777777,100.0,-1.0,17.469732999870757,auto
1767947236395,Sunny,Day,0.12061631944444444,100.0,-1.0,17.497510000112015,auto
1767947236427,Sunny,Day,0.11610243055555555,100.0,0.0,17.898744999911287,auto
1767947236460,Sunny,Day,0.11319444444444444,100.0,0.0,18.71475100006137,auto
1767947236490,Sunny,Day,0.11341145833333334,100.0,0.0,15.824369000029037,auto
1767947236521,Sunny,Day,0.11328125,100.0,0.0,17.84085600002072,auto
1767947236553,Sunny,Day,0.11223958333333334,100.0,0.0,16.414599999961865,auto
1767947236586,Sunny,Day,0.11193576388888889,100.0,0.0,18.69063999993159,auto
1767947236615,Sunny,Day,0.11206597222222223,100.0,0.0,15.652889999955732,auto
1767947236648,Sunny,Day,0.11124131944444444,100.0,0.0,19.419869999865114,auto
1767947236679,Sunny,Day,0.11184895833333333,100.0,-1.0,13.959155999827999,auto
1767947236710,Sunny,Day,0.11171875,100.0,0.0,6.494307999901139,auto
1767947236741,Sunny,Day,0.11098090277777778,100.0,-1.0,17.764579999948182,auto
1767947236772,Sunny,Day,0.1109375,100.0,-1.0,16.51137699991523,auto
1767947236804,Sunny,Day,0.11076388888888888,100.0,-1.0,17.44045600003119,auto
1767947236835,Sunny,Day,0.11124131944444444,100.0,-1.0,17.581990000053338,auto
1767947236866,Sunny,Day,0.11115451388888889,100.0,-1.0,17.72217300003831,auto
1767947236898,Sunny,Day,0.11167534722222222,100.0,-1.0,10.385933999941699,auto
1767947236929,Sunny,Day,0.11089409722222222,100.0,-1.0,17.36571600008574,auto
1767947236961,Sunny,Day,0.11124131944444444,100.0,-1.0,18.198091999920507,auto
1767947236992,Sunny,Day,0.11137152777777778,100.0,-1.0,17.839949000062916,auto
1767947237023,Sunny,Day,0.11115451388888889,100.0,-1.0,18.076982999900792,auto
1767947237055,Sunny,Day,0.11115451388888889,100.0,0.0,17.094441999915944,auto
1767947237088,Sunny,Day,0.11128472222222222,100.0,0.0,18.32722000017384,auto
1767947237118,Sunny,Day,0.11163194444444445,100.0,-1.0,14.771902999882514,auto
1767947237149,Sunny,Day,0.11184895833333333,100.0,-1.0,17.57821299997886,auto
1767947237180,Sunny,Day,0.11128472222222222,100.0,0.0,10.987758000055692,auto
1767947237212,Sunny,Day,0.11171875,100.0,-1.0,10.508043000072576,auto
1767947237246,Sunny,Day,0.11176215277777778,100.0,0.0,13.91358399996534,auto
1767947237275,Sunny,Day,0.111328125,100.0,0.0,7.153705000064292,auto
1767947237306,Sunny,Day,0.11106770833333333,100.0,0.0,18.010706000040955,auto
1767947237337,Sunny,Day,0.11137152777777778,100.0,0.0,17.598342000155753,auto
1767947237369,Sunny,Day,0.11167534722222222,100.0,0.0,17.993983999986085,auto
1767947237403,Sunny,Day,0.10985243055555556,100.0,0.0,18.858877999946344,auto
1767947237431,Sunny,Day,0.10828993055555555,100.0,0.0,14.997196999956941,auto
1767947237463,Sunny,Day,0.10729166666666666,100.0,0.0,18.372125999803757,auto
1767947237495,Sunny,Day,0.10638020833333334,100.0,1.0,16.93661199988128,auto
1767947237526,Sunny,Day,0.1032986111111111,100.0,0.0,17.604694000056043,auto
1767947237558,Sunny,Day,0.10260416666666666,100.0,1.0,13.862362000054418,auto
1767947237589,Sunny,Day,0.10221354166666667,100.0,0.0,11.646896000002016,auto
1767947237620,Sunny,Day,0.0998263888888889,100.0,0.0,18.046242000082202,auto
1767947237651,Sunny,Day,0.09852430555555555,100.0,0.0,16.58465399987108,auto
1767947237684,Sunny,Day,0.09995659722222222,100.0,0.0,18.953117999899405,auto
1767947237714,Sunny,Day,0.09930555555555555,100.0,0.0,17.183144999989963,auto
1767947237746,Sunny,Day,0.10130208333333333,100.0,0.0,17.97822499997892,auto
1767947237777,Sunny,Day,0.10290798611111111,100.0,0.0,17.466363000039564,auto
1767947237808,Sunny,Day,0.10390625,100.0,0.0,10.467543999993723,auto
1767947237840,Sunny,Day,0.10512152777777778,100.0,0.0,8.295076999957018,auto
1767947237873,Sunny,Day,0.10460069444444445,100.0,0.0,20.217746999833253,auto
1767947237903,Sunny,Day,0.10464409722222222,100.0,-1.0,15.75294400004168,auto
1767947237934,Sunny,Day,0.10364583333333334,100.0,-1.0,17.786190999913742,auto
1767947237968,Sunny,Day,0.10434027777777778,100.0,-1.0,20.529020000140008,auto
1767947237997,Sunny,Day,0.10564236111111111,100.0,0.0,6.578640000043379,auto
1767947238028,Sunny,Day,0.10616319444444444,100.0,-1.0,8.869049999930212,auto
1767947238060,Sunny,Day,0.10642361111111111,100.0,-1.0,17.998281000018324,auto
1767947238091,Sunny,Day,0.10590277777777778,100.0,-1.0,18.21724000001268,auto
1767947238123,Sunny,Day,0.10690104166666667,100.0,-1.0,16.759614999955375,auto
1767947238154,Sunny,Day,0.10598958333333333,100.0,-1.0,17.303939000157698,auto
1767947238186,Sunny,Day,0.10572916666666667,100.0,0.0,17.53832400004285,auto
1767947238219,Sunny,Day,0.10681423611111111,100.0,-1.0,18.752194999933636,auto
1767947238248,Sunny,Day,0.10651041666666666,100.0,-1.0,8.59579500001928,auto
1767947238280,Sunny,Day,0.10529513888888889,100.0,0.0,11.99235400008547,auto
1767947238313,Sunny,Day,0.10564236111111111,100.0,0.0,19.18061400010629,auto
1767947238342,Sunny,Day,0.10538194444444444,100.0,0.0,14.263153000001694,auto
1767947238374,Sunny,Day,0.10564236111111111,100.0,0.0,17.404308000095625,auto
1767947238406,Sunny,Day,0.10572916666666667,100.0,0.0,10.382230999994135,auto
1767947238436,Sunny,Day,0.10555555555555556,100.0,0.0,15.70951899998363,auto
1767947238468,Sunny,Day,0.10620659722222223,100.0,0.0,17.892801000016334,auto
1767947238499,Sunny,Day,0.10638020833333334,100.0,0.0,17.55995400003485,auto
1767947238531,Sunny,Day,0.10651041666666666,100.0,0.0,18.00041000001329,auto
1767947238564,Sunny,Day,0.10629340277777778,100.0,0.0,19.342981999898257,auto
1767947238594,Sunny,Day,0.10685763888888888,100.0,0.0,11.506324000038148,auto
1767947238627,Sunny,Day,0.10685763888888888,100.0,0.0,19.305501000189906,auto
1767947238656,Sunny,Day,0.10681423611111111,100.0,1.0,15.017066000154955,auto
1767947238688,Sunny,Day,0.10672743055555556,100.0,0.0,17.80508000001646,auto
1767947238720,Sunny,Day,0.10694444444444444,100.0,1.0,19.110670999907597,auto
1767947238750,Sunny,Day,0.10685763888888888,100.0,1.0,15.375636000044324,auto
1767947238782,Sunny,Day,0.10711805555555555,100.0,0.0,18.294702000048346,auto
1767947238813,Sunny,Day,0.10698784722222222,100.0,0.0,17.339160999881642,auto
1767947238845,Sunny,Day,0.10750868055555556,100.0,0.0,17.583953999974256,auto
1767947238878,Sunny,Day,0.1076388888888889,100.0,0.0,19.912695999892094,auto
1767947238908,Sunny,Day,0.10811631944444444,100.0,0.0,14.983752000034656,auto
1767947238939,Sunny,Day,0.1078125,100.0,0.0,10.480099000005794,auto
1767947238970,Sunny,Day,0.108203125,100.0,0.0,9.160434000023088,auto
1767947239002,Sunny,Day,0.10807291666666667,100.0,0.0,9.777201999895624,auto
1767947239033,Sunny,Day,0.10911458333333333,100.0,0.0,7.268982000141477,auto
1767947239064,Sunny,Day,0.10876736111111111,100.0,0.0,12.345070999799646,auto
1767947239098,Sunny,Day,0.10902777777777778,100.0,0.0,19.366407999996227,auto
1767947239133,Sunny,Day,0.10924479166666666,100.0,0.0,18.82745300008537,auto
1767947239160,Sunny,Day,0.10946180555555556,100.0,0.0,11.26610599999367,auto
1767947239195,Sunny,Day,0.10998263888888889,100.0,0.0,5.419880000090416,auto
1767947239225,Sunny,Day,0.1095920138888889,100.0,0.0,14.025007999862282,auto
1767947239255,Sunny,Day,0.10989583333333333,100.0,0.0,8.435019999978977,auto
1767947239285,Sunny,Day,0.11015625,100.0,0.0,9.522076999928686,auto
1767947239316,Sunny,Day,0.1095920138888889,100.0,0.0,16.665892999981224,auto
1767947239347,Sunny,Day,0.10967881944444445,100.0,0.0,17.188237000027584,auto
1767947239378,Sunny,Day,0.109375,100.0,0.0,17.518787999961205,auto
1767947239410,Sunny,Day,0.11032986111111111,100.0,0.0,17.817671999864615,auto
1767947239441,Sunny,Day,0.11050347222222222,100.0,0.0,16.352306000044337,auto
1767947239473,Sunny,Day,0.11032986111111111,100.0,0.0,17.637045000128637,auto
1767947239504,Sunny,Day,0.11041666666666666,100.0,0.0,12.32810800001971,auto
1767947239537,Sunny,Day,0.11059027777777777,100.0,0.0,13.703939000151877,auto
1767947239567,Sunny,Day,0.11115451388888889,100.0,0.0,15.154563999885795,auto
1767947239600,Sunny,Day,0.111328125,100.0,0.0,19.539386999895214,auto
1767947239630,Sunny,Day,0.1109375,100.0,0.0,8.844995000117706,auto
1767947239662,Sunny,Day,0.1111111111111111,100.0,0.0,17.459678000022905,auto
1767947239692,Sunny,Day,0.1109375,100.0,0.0,16.608282999868607,auto
1767947239724,Sunny,Day,0.1115451388888889,100.0,0.0,16.777781000200775,auto
1767947239757,Sunny,Day,0.111328125,100.0,0.0,20.198709999931452,auto
1767947239787,Sunny,Day,0.11150173611111111,100.0,0.0,14.889864999986457,auto
1767947239819,Sunny,Day,0.11167534722222222,100.0,-1.0,17.86744900005033,auto
1767947239851,Sunny,Day,0.11184895833333333,100.0,-1.0,18.191278000131206,auto
1767947239881,Sunny,Day,0.11180555555555556,100.0,-1.0,8.453555999949458,auto
1767947239912,Sunny,Day,0.11215277777777778,100.0,-1.0,17.04147999998895,auto
1767947239943,Sunny,Day,0.11219618055555555,100.0,-1.0,17.971391999935804,auto
1767947239975,Sunny,Day,0.11215277777777778,100.0,-1.0,17.819006000081572,auto
1767947240007,Sunny,Day,0.11263020833333333,100.0,-1.0,18.06476100000509,auto
1767947240038,Sunny,Day,0.11258680555555556,100.0,-1.0,16.970795999895927,auto
1767947240069,Sunny,Day,0.11232638888888889,100.0,-1.0,18.10725999985152,auto
1767947240101,Sunny,Day,0.1130642361111111,100.0,-1.0,11.59363800002211,auto
1767947240132,Sunny,Day,0.11315104166666666,100.0,0.0,12.02442799990422,auto
1767947240164,Sunny,Day,0.11297743055555555,100.0,-1.0,9.561428999859345,auto
1767947240195,Sunny,Day,0.112890625,100.0,-1.0,9.338097999943784,auto
1767947240226,Sunny,Day,0.11302083333333333,100.0,-1.0,15.823942999986684,auto
1767947240258,Sunny,Day,0.112890625,100.0,-1.0,13.075208000145722,auto
1767947240289,Sunny,Day,0.11310763888888889,100.0,-1.0,16.41589699988799,auto
1767947240320,Sunny,Day,0.11267361111111111,100.0,-1.0,17.515936000108923,auto
1767947240352,Sunny,Day,0.11271701388888888,100.0,-1.0,17.857172000049104,auto
1767947240384,Sunny,Day,0.11297743055555555,100.0,-1.0,17.67398900005901,auto
1767947240415,Sunny,Day,0.11280381944444444,100.0,-1.0,10.35571199986407,auto
1767947240446,Sunny,Day,0.11271701388888888,100.0,-1.0,13.141318000180036,auto
1767947240478,Sunny,Day,0.11280381944444444,100.0,-1.0,5.89859499996237,auto
1767947240509,Sunny,Day,0.11258680555555556,100.0,-1.0,12.594604000014442,auto
1767947240541,Sunny,Day,0.11223958333333334,100.0,-1.0,18.480606999901283,auto
1767947240573,Sunny,Day,0.11241319444444445,100.0,-1.0,18.91098900000543,auto
1767947240603,Sunny,Day,0.11241319444444445,100.0,-1.0,8.30429899997398,auto
1767947240634,Sunny,Day,0.11223958333333334,100.0,-1.0,11.63824799982649,auto
1767947240668,Sunny,Day,0.11197916666666667,100.0,-1.0,19.146245000001727,auto
1767947240699,Sunny,Day,0.11137152777777778,100.0,-1.0,7.517755999970177,auto
1767947240729,Sunny,Day,0.11124131944444444,100.0,-2.0,9.584483000026012,auto
1767947240761,Sunny,Day,0.11124131944444444,100.0,-1.0,15.559225000060906,auto
1767947240792,Sunny,Day,0.11141493055555556,100.0,-1.0,17.563028000040504,auto
1767947240823,Sunny,Day,0.11102430555555555,100.0,-2.0,17.186682000101428,auto
1767947240854,Sunny,Day,0.11067708333333333,100.0,-2.0,18.15042699990954,auto
1767947240886,Sunny,Day,0.11028645833333334,100.0,-2.0,17.41104899997481,auto
1767947240917,Sunny,Day,0.11046006944444445,100.0,-2.0,17.499120999900697,auto
1767947240948,Sunny,Day,0.11015625,100.0,-2.0,18.08648299993365,auto
1767947240980,Sunny,Day,0.10989583333333333,100.0,-2.0,18.002224999918326,auto
1767947241011,Sunny,Day,0.109375,100.0,-2.0,17.9932999999437,auto
1767947241043,Sunny,Day,0.10911458333333333,100.0,-1.0,10.936500000070737,auto
1767947241074,Sunny,Day,0.10907118055555555,100.0,-2.0,16.7915219999486,auto
1767947241106,Sunny,Day,0.10837673611111111,100.0,-2.0,17.432344999861016,auto
1767947241138,Sunny,Day,0.10833333333333334,100.0,-2.0,19.200984999997672,auto
1767947241169,Sunny,Day,0.10815972222222223,100.0,-2.0,9.294709999949191,auto
1767947241200,Sunny,Day,0.10789930555555556,100.0,-2.0,16.074366000111695,auto
1767947241231,Sunny,Day,0.10772569444444445,100.0,-2.0,17.822338999849308,auto
1767947241262,Sunny,Day,0.10716145833333333,100.0,-2.0,17.66241599989371,auto
1767947241294,Sunny,Day,0.10685763888888888,100.0,-2.0,18.057927999961976,auto
1767947241325,Sunny,Day,0.10668402777777777,100.0,-3.0,18.081113000107507,auto
1767947241359,Sunny,Day,0.10638020833333334,100.0,-3.0,10.397841999974844,auto
1767947241388,Sunny,Day,0.10594618055555556,100.0,-3.0,10.162585999978546,auto
1767947241419,Sunny,Day,0.10546875,100.0,-3.0,17.077461999861043,auto
1767947241452,Sunny,Day,0.10542534722222222,100.0,-3.0,19.38922299996193,auto
1767947241482,Sunny,Day,0.10486111111111111,100.0,-3.0,9.427355999832798,auto
1767947241514,Sunny,Day,0.10416666666666667,100.0,-3.0,17.093314000021564,auto
1767947241545,Sunny,Day,0.10381944444444445,100.0,-3.0,17.622323000068718,auto
1767947241577,Sunny,Day,0.103515625,100.0,-3.0,16.620543000044563,auto
1767947241609,Sunny,Day,0.10260416666666666,100.0,-3.0,19.1225599999143,auto
1767947241639,Sunny,Day,0.10208333333333333,100.0,-4.0,16.879576000064844,auto
1767947241671,Sunny,Day,0.101171875,100.0,-3.0,17.791654000120616,auto
1767947241704,Sunny,Day,0.10099826388888888,100.0,-4.0,19.780160999971486,auto
1767947241733,Sunny,Day,0.10017361111111112,100.0,-4.0,14.273838000008254,auto
1767947241765,Sunny,Day,0.10069444444444445,100.0,-4.0,18.169167999985802,auto
1767947241796,Sunny,Day,0.09969618055555556,100.0,-4.0,17.893264000122144,auto
1767947241828,Sunny,Day,0.09934895833333333,100.0,-5.0,17.609434999940277,auto
1767947241859,Sunny,Day,0.10017361111111112,100.0,-6.0,17.58356499999536,auto
1767947241890,Sunny,Day,0.10026041666666667,100.0,-7.0,17.93428199994196,auto
1767947241922,Sunny,Day,0.09978298611111111,100.0,-8.0,10.211140000137675,auto
1767947241953,Sunny,Day,0.10013020833333333,100.0,-8.0,17.972985000142216,auto
1767947241985,Sunny,Day,0.0993923611111111,100.0,-9.0,17.814821000001757,auto
1767947242017,Sunny,Day,0.09900173611111111,100.0,-10.0,19.362686000022222,auto
1767947242048,Sunny,Day,0.09674479166666666,100.0,-10.0,16.62744999998722,auto
1767947242080,Sunny,Day,0.09644097222222223,100.0,-10.0,18.752157999870178,auto
1767947242110,Sunny,Day,0.09392361111111111,100.0,-11.0,16.044311000086964,auto
1767947242141,Sunny,Day,0.09045138888888889,100.0,-11.0,17.743765999966854,auto
1767947242174,Sunny,Day,0.08967013888888889,100.0,-11.0,19.279668000081074,auto
1767947242206,Sunny,Day,0.08776041666666666,100.0,-12.0,18.42879199989511,auto
1767947242236,Sunny,Day,0.08658854166666667,100.0,-12.0,15.11438000011367,auto
1767947242267,Sunny,Day,0.086328125,100.0,-13.0,17.600065000124232,auto
1767947242299,Sunny,Day,0.08580729166666666,100.0,-14.0,16.96640800014393,auto
1767947242330,Sunny,Day,0.08407118055555556,100.0,-14.0,14.693258000079368,auto
1767947242361,Sunny,Day,0.08459201388888889,100.0,-14.0,17.421696999917913,auto
1767947242393,Sunny,Day,0.08459201388888889,100.0,-14.0,17.2991249999086,auto
1767947242424,Sunny,Day,0.0859375,100.0,-13.0,17.234977000043727,auto
1767947242456,Sunny,Day,0.08576388888888889,100.0,-13.0,17.898523999974714,auto
1767947242488,Sunny,Day,0.0859375,100.0,-12.0,18.959081000048172,auto
1767947242518,Sunny,Day,0.08763020833333333,100.0,-12.0,15.995588999885513,auto
1767947242550,Sunny,Day,0.08680555555555555,100.0,-11.0,8.427222999898731,auto
1767947242583,Sunny,Day,0.08641493055555556,100.0,-11.0,14.945642000157022,auto
1767947242613,Sunny,Day,0.08641493055555556,100.0,-10.0,10.731152000062139,auto
1767947242644,Sunny,Day,0.08671875,100.0,-9.0,10.099104999881092,auto
1767947242675,Sunny,Day,0.08719618055555556,100.0,-8.0,17.670267999847056,auto
1767947242709,Sunny,Day,0.086328125,100.0,-7.0,19.428389000040625,auto
1767947242738,Sunny,Day,0.08658854166666667,100.0,-7.0,15.220101000068098,auto
1767947242770,Sunny,Day,0.08645833333333333,100.0,-6.0,17.680952000091565,auto
1767947242801,Sunny,Day,0.08537326388888888,100.0,-6.0,17.962134000072183,auto
1767947242833,Sunny,Day,0.08589409722222222,100.0,-6.0,18.281165999951554,auto
1767947242866,Sunny,Day,0.0861545138888889,100.0,-5.0,19.73862500017276,auto
1767947242896,Sunny,Day,0.08598090277777778,100.0,-6.0,8.952196999871376,auto
1767947242927,Sunny,Day,0.08619791666666667,100.0,-5.0,10.819871999956376,auto
1767947242958,Sunny,Day,0.08645833333333333,100.0,-5.0,17.9662069999722,auto
1767947242990,Sunny,Day,0.08628472222222222,100.0,-5.0,13.723031999916202,auto
1767947243022,Sunny,Day,0.08684895833333334,100.0,-6.0,9.722722999867983,auto
1767947243052,Sunny,Day,0.08719618055555556,100.0,-6.0,11.074386999780472,auto
1767947243084,Sunny,Day,0.08732638888888888,100.0,-6.0,17.975225999862232,auto
1767947243115,Sunny,Day,0.08763020833333333,100.0,-7.0,18.044391999865184,auto
1767947243147,Sunny,Day,0.08797743055555556,100.0,-7.0,17.109628000071098,auto
1767947243178,Sunny,Day,0.08802083333333334,100.0,-7.0,17.487288999973316,auto
1767947243209,Sunny,Day,0.08849826388888889,100.0,-7.0,17.6455089999763,auto
1767947243242,Sunny,Day,0.08841145833333333,100.0,-7.0,18.843490999870482,auto
1767947243272,Sunny,Day,0.087890625,100.0,-6.0,16.78311500018026,auto
1767947243303,Sunny,Day,0.08780381944444444,100.0,-6.0,17.136923999942155,auto
1767947243335,Sunny,Day,0.08793402777777778,100.0,-6.0,9.518114000002242,auto
1767947243366,Sunny,Day,0.08776041666666666,100.0,-6.0,10.551635999945574,auto
1767947243400,Sunny,Day,0.08806423611111111,100.0,-6.0,20.025527999905535,auto
1767947243429,Sunny,Day,0.08776041666666666,100.0,-6.0,14.765404000172566,auto
1767947243460,Sunny,Day,0.08854166666666667,100.0,-6.0,17.895411999916178,auto
1767947243492,Sunny,Day,0.08936631944444444,100.0,-6.0,16.732244999957402,auto
1767947243524,Sunny,Day,0.08936631944444444,100.0,-6.0,19.007433000069796,auto
1767947243555,Sunny,Day,0.08888888888888889,100.0,-6.0,15.56257800007188,auto
1767947243588,Sunny,Day,0.08897569444444445,100.0,-6.0,19.92804800011072,auto
1767947243617,Sunny,Day,0.09010416666666667,100.0,-6.0,15.285507000044163,auto
1767947243650,Sunny,Day,0.08993055555555556,100.0,-6.0,18.463829999973314,auto
1767947243680,Sunny,Day,0.09040798611111112,100.0,-7.0,8.51848100001007,auto
1767947243712,Sunny,Day,0.09049479166666667,100.0,-6.0,17.715786000053413,auto
1767947243743,Sunny,Day,0.09053819444444444,100.0,-6.0,17.87970899999891,auto
1767947243774,Sunny,Day,0.09110243055555556,100.0,-6.0,17.60837899996659,auto
1767947243806,Sunny,Day,0.090234375,100.0,-5.0,17.79876599994168,auto
1767947243839,Sunny,Day,0.09075520833333334,100.0,-5.0,19.732106999981625,auto
1767947243869,Sunny,Day,0.09144965277777778,100.0,-5.0,5.999648999932106,auto
1767947243900,Sunny,Day,0.09162326388888889,100.0,-5.0,17.341402000056405,auto
1767947243931,Sunny,Day,0.09123263888888888,100.0,-5.0,17.848319999984597,auto
1767947243964,Sunny,Day,0.09131944444444444,100.0,-5.0,18.96569299992734,auto
1767947243994,Sunny,Day,0.09184027777777778,100.0,-5.0,16.06762599999456,auto
1767947244026,Sunny,Day,0.09214409722222222,100.0,-5.0,11.395862999961537,auto
1767947244057,Sunny,Day,0.09262152777777778,100.0,-5.0,16.622265000023617,auto
1767947244088,Sunny,Day,0.09292534722222222,100.0,-5.0,17.380569000124524,auto
1767947244120,Sunny,Day,0.0921875,100.0,-5.0,18.808824000188906,auto
1767947244151,Sunny,Day,0.09366319444444444,100.0,-5.0,7.122299000002386,auto
1767947244183,Sunny,Day,0.09379340277777778,100.0,-5.0,5.162292000022717,auto
1767947244214,Sunny,Day,0.09422743055555556,100.0,-4.0,17.617083999994065,auto
1767947244246,Sunny,Day,0.09401041666666667,100.0,-4.0,14.000546000033864,auto
1767947244277,Sunny,Day,0.09448784722222223,100.0,-4.0,6.347051999910036,auto
1767947244310,Sunny,Day,0.09565972222222222,100.0,-4.0,9.521559000177149,auto
1767947244341,Sunny,Day,0.09544270833333333,100.0,-5.0,14.94921600010457,auto
1767947244373,Sunny,Day,0.09644097222222223,100.0,-5.0,9.486392000098931,auto
1767947244402,Sunny,Day,0.09652777777777778,100.0,-5.0,12.103092999950604,auto
1767947244434,Sunny,Day,0.09756944444444444,100.0,-4.0,17.841969000073732,auto
1767947244465,Sunny,Day,0.09717881944444444,100.0,-4.0,16.585931999998138,auto
1767947244497,Sunny,Day,0.09817708333333333,100.0,-4.0,17.83748699995158,auto
1767947244528,Sunny,Day,0.09735243055555555,100.0,-3.0,11.836838999897736,auto
1767947244560,Sunny,Day,0.09848090277777778,100.0,-4.0,8.775940000077753,auto
1767947244591,Sunny,Day,0.09921875,100.0,-4.0,11.035609999908047,auto
1767947244622,Sunny,Day,0.098828125,100.0,-4.0,6.401809999942998,auto
1767947244655,Sunny,Day,0.09956597222222222,100.0,-4.0,11.31725400000505,auto
1767947244685,Sunny,Day,0.10026041666666667,100.0,-5.0,16.02940399993713,auto
1767947244717,Sunny,Day,0.10104166666666667,100.0,-5.0,19.02048800002376,auto
1767947244749,Sunny,Day,0.10381944444444445,100.0,-5.0,18.061336000073425,auto
1767947244781,Sunny,Day,0.10464409722222222,100.0,-5.0,8.263522000106605,auto
1767947244811,Sunny,Day,0.10529513888888889,100.0,-5.0,9.635242000058497,auto
1767947244842,Sunny,Day,0.10594618055555556,100.0,-5.0,18.102909999925032,auto
1767947244873,Sunny,Day,0.10672743055555556,100.0,-5.0,9.242876999906002,auto
1767947244905,Sunny,Day,0.10729166666666666,100.0,-4.0,17.199127000139924,auto
1767947244936,Sunny,Day,0.10824652777777778,100.0,-4.0,16.621598000028825,auto
1767947244969,Sunny,Day,0.10993923611111112,100.0,-4.0,19.361057000196524,auto
1767947245000,Sunny,Day,0.11080729166666667,100.0,-5.0,6.088704000148937,auto
1767947245030,Sunny,Day,0.11128472222222222,100.0,-5.0,10.768596000161779,auto
1767947245062,Sunny,Day,0.11119791666666666,100.0,-5.0,9.415633999878992,auto
1767947245094,Sunny,Day,0.11115451388888889,100.0,-5.0,17.4119379998956,auto
1767947245125,Sunny,Day,0.11180555555555556,100.0,-5.0,12.179165999896213,auto
1767947245159,Sunny,Day,0.1115451388888889,100.0,-5.0,20.976903000018865,auto
1767947245191,Sunny,Day,0.1115451388888889,100.0,-5.0,11.389640999823314,auto
1767947245219,Sunny,Day,0.11076388888888888,100.0,-6.0,13.35162999998829,auto
1767947245252,Sunny,Day,0.111328125,100.0,-6.0,19.709440000042378,auto
1767947245283,Sunny,Day,0.11041666666666666,100.0,-5.0,16.507803999957105,auto
1767947245313,Sunny,Day,0.11002604166666667,100.0,-5.0,14.73797900007412,auto
1767947245344,Sunny,Day,0.10924479166666666,100.0,-5.0,17.37754999999197,auto
1767947245378,Sunny,Day,0.11002604166666667,100.0,-5.0,20.550816999957533,auto
1767947245408,Sunny,Day,0.10980902777777778,100.0,-5.0,16.431064000016704,auto
1767947245438,Sunny,Day,0.10928819444444444,100.0,-5.0,16.935501000034492,auto
1767947245470,Sunny,Day,0.10894097222222222,100.0,-5.0,18.21803699999691,auto
1767947245501,Sunny,Day,0.10828993055555555,100.0,-5.0,6.9094319999294385,auto
1767947245532,Sunny,Day,0.10772569444444445,100.0,-5.0,17.84291299986762,auto
1767947245564,Sunny,Day,0.10733506944444444,100.0,-4.0,18.201833999910377,auto
1767947245596,Sunny,Day,0.10716145833333333,100.0,-4.0,10.197010999945633,auto
1767947245627,Sunny,Day,0.10516493055555555,100.0,-4.0,11.442529000078139,auto
1767947245658,Sunny,Day,0.10598958333333333,100.0,-4.0,11.339141999997082,auto
1767947245690,Sunny,Day,0.10533854166666666,100.0,-4.0,9.121602000050189,auto
1767947245721,Sunny,Day,0.10494791666666667,100.0,-4.0,7.464201000175308,auto
1767947245752,Sunny,Day,0.10390625,100.0,-4.0,18.1197429999429,auto
1767947245784,Sunny,Day,0.104296875,100.0,-5.0,12.407885999891732,auto
1767947245815,Sunny,Day,0.10421006944444444,100.0,-5.0,7.668291000072713,auto
1767947245847,Sunny,Day,0.10347222222222222,100.0,-5.0,11.821615999906498,auto
1767947245878,Sunny,Day,0.10251736111111111,100.0,-4.0,18.039577000081408,auto
1767947245909,Sunny,Day,0.10290798611111111,100.0,-5.0,12.635955999940052,auto
1767947245941,Sunny,Day,0.1015625,100.0,-5.0,14.036619000080464,auto
1767947245974,Sunny,Day,0.10112847222222222,100.0,-5.0,19.261335999999574,auto
1767947246004,Sunny,Day,0.099609375,100.0,-5.0,5.846299999802795,auto
1767947246038,Sunny,Day,0.09900173611111111,100.0,-5.0,20.299079000096754,auto
1767947246067,Sunny,Day,0.09943576388888889,100.0,-5.0,8.110784000109561,auto
1767947246099,Sunny,Day,0.0978732638888889,100.0,-5.0,18.363201999818557,auto
1767947246129,Sunny,Day,0.096484375,100.0,-6.0,14.784663999989789,auto
1767947246161,Sunny,Day,0.09626736111111112,100.0,-6.0,17.42329100011375,auto
1767947246192,Sunny,Day,0.09526909722222222,100.0,-6.0,16.527433999954155,auto
1767947246223,Sunny,Day,0.09418402777777778,100.0,-6.0,17.331144000081622,auto
1767947246256,Sunny,Day,0.09292534722222222,100.0,-6.0,18.089799000108542,auto
1767947246287,Sunny,Day,0.09149305555555555,100.0,-6.0,17.13551699981508,auto
1767947246318,Sunny,Day,0.0896267361111111,100.0,-6.0,5.4211029998896265,auto
1767947246349,Sunny,Day,0.08901909722222222,100.0,-7.0,13.170002999913777,auto
1767947246381,Sunny,Day,0.0859375,100.0,-7.0,18.12178000000131,auto
1767947246412,Sunny,Day,0.08537326388888888,100.0,-7.0,17.67786100003832,auto
1767947246443,Sunny,Day,0.08454861111111112,100.0,-8.0,13.060597999810852,auto
1767947246475,Sunny,Day,0.08394097222222222,100.0,-8.0,17.54608500004906,auto
1767947246506,Sunny,Day,0.08268229166666667,100.0,-8.0,17.999096999801623,auto
1767947246538,Sunny,Day,0.080859375,100.0,-8.0,9.10373100009565,auto
1767947246569,Sunny,Day,0.07947048611111111,100.0,-7.0,18.00737400003527,auto
1767947246600,Sunny,Day,0.07881944444444444,100.0,-8.0,17.91550500001904,auto
1767947246632,Sunny,Day,0.076953125,100.0,-7.0,24.14987299994209,manual
1767947246663,Sunny,Day,0.07530381944444445,100.0,-8.0,26.905442000042967,manual
1767947246697,Sunny,Day,0.075,100.0,-8.0,29.042335999974966,manual
1767947246726,Sunny,Day,0.07547743055555556,100.0,-8.0,22.03894199988099,manual
1767947246757,Sunny,Day,0.07612847222222222,100.0,-9.0,26.773222000201713,manual
1767947246788,Sunny,Day,0.07486979166666667,100.0,-8.0,26.65129800016075,manual
1767947246821,Sunny,Day,0.07517361111111111,100.0,-8.0,28.300977000071725,manual
1767947246851,Sunny,Day,0.07556423611111111,100.0,-8.0,25.149210000108724,manual
1767947246883,Sunny,Day,0.07569444444444444,100.0,-8.0,26.919126999928267,manual
1767947246914,Sunny,Day,0.07513020833333334,100.0,-8.0,26.451411999914853,manual
1767947246946,Sunny,Day,0.07521701388888889,100.0,-8.0,27.03782899993712,manual
1767947246977,Sunny,Day,0.07534722222222222,100.0,-8.0,27.067198999930042,manual
1767947247008,Sunny,Day,0.07547743055555556,100.0,-8.0,26.69783400006054,manual
1767947247040,Sunny,Day,0.07521701388888889,100.0,-9.0,26.67990899999495,manual
1767947247073,Sunny,Day,0.07513020833333334,100.0,-9.0,28.06468400012818,manual
1767947247104,Sunny,Day,0.07482638888888889,100.0,-8.0,26.050622000184376,manual
1767947247134,Sunny,Day,0.07534722222222222,100.0,-8.0,25.731922999966628,manual
1767947247166,Sunny,Day,0.07530381944444445,100.0,-8.0,27.685894000114786,manual
1767947247197,Sunny,Day,0.07526041666666666,100.0,-8.0,25.86225499999273,manual
1767947247228,Sunny,Day,0.07508680555555555,100.0,-8.0,26.08417700002974,manual
1767947247260,Sunny,Day,0.07526041666666666,100.0,-8.0,27.83798400014348,manual
1767947247291,Sunny,Day,0.075,100.0,-8.0,26.54613300001074,manual
1767947247324,Sunny,Day,0.07504340277777778,100.0,-8.0,27.86172399987663,manual
1767947247354,Sunny,Day,0.07508680555555555,100.0,-8.0,24.190705999899365,manual
1767947247385,Sunny,Day,0.07526041666666666,100.0,-8.0,26.84049899994534,manual
1767947247417,Sunny,Day,0.07573784722222222,100.0,-9.0,26.436041999886584,manual
1767947247448,Sunny,Day,0.07508680555555555,100.0,-8.0,26.34654300004513,manual
1767947247479,Sunny,Day,0.07478298611111112,100.0,-8.0,26.658557000018845,manual
1767947247512,Sunny,Day,0.07526041666666666,100.0,-8.0,23.249609000004057,manual
1767947247543,Sunny,Day,0.07521701388888889,100.0,-8.0,25.752405000048384,manual
1767947247574,Sunny,Day,0.07534722222222222,100.0,-8.0,26.3476919999448,manual
1767947247605,Sunny,Day,0.07486979166666667,100.0,-8.0,26.480337000066356,manual
1767947247636,Sunny,Day,0.07447916666666667,100.0,-8.0,26.164287000028708,manual
