Timestamp,Weather,Time of Day,Mask White Ratio,Lane Quality Score,Lane Error,Processing Time (ms),Mode
1767861261433,Sunny,Day,0.012022569444444445,24.04513888888889,,432.48085400045966,manual
1767861261719,Sunny,Day,0.013411458333333333,26.822916666666664,,3.5834780010191025,manual
1767861261750,Sunny,Day,0.012239583333333333,24.479166666666668,,28.144338000856806,manual
1767861261787,Sunny,Day,0.01310763888888889,26.21527777777778,,2.7566810003918363,manual
1767861261809,Sunny,Day,0.013194444444444444,26.38888888888889,,17.391143999702763,manual
1767861261844,Sunny,Day,0.012630208333333334,25.260416666666668,,29.884299998229835,manual
1767861261871,Sunny,Day,0.013802083333333333,27.604166666666664,,23.237590999997337,manual
1767861261905,Sunny,Day,0.011805555555555555,23.61111111111111,,29.533658998843748,manual
1767861261934,Sunny,Day,0.012196180555555556,24.39236111111111,,23.099928001101944,manual
1767861261965,Sunny,Day,0.01423611111111111,28.47222222222222,,26.572741000563838,manual
1767861261997,Sunny,Day,0.014973958333333334,29.947916666666668,,26.655424999262323,manual
1767861262028,Sunny,Day,0.013541666666666667,27.083333333333336,,26.992287999746623,manual
1767861262060,Sunny,Day,0.012803819444444444,25.60763888888889,,27.20470999884128,manual
1767861262090,Sunny,Day,0.012717013888888889,25.43402777777778,,25.699463998535066,manual
1767861262122,Sunny,Day,0.012109375,24.21875,,26.967324998622644,manual
1767861262156,Sunny,Day,0.013194444444444444,26.38888888888889,,29.818634000548627,manual
1767861262186,Sunny,Day,0.01228298611111111,24.56597222222222,,25.120921000052476,manual
1767861262216,Sunny,Day,0.013802083333333333,27.604166666666664,,25.101459001234616,manual
1767861262249,Sunny,Day,0.01154513888888889,23.09027777777778,,27.514813000379945,manual
1767861262279,Sunny,Day,0.012109375,24.21875,,25.48891300102696,manual
1767861262311,Sunny,Day,0.014149305555555556,28.29861111111111,,26.82201300012821,manual
1767861262342,Sunny,Day,0.013064236111111112,26.12847222222222,,26.337191000493476,manual
1767861262373,Sunny,Day,0.012065972222222223,24.131944444444446,,26.57924100094533,manual
1767861262405,Sunny,Day,0.014800347222222222,29.600694444444443,,26.49948399994173,manual
1767861262436,Sunny,Day,0.012326388888888888,24.65277777777778,,26.714423000157694,manual
1767861262467,Sunny,Day,0.013888888888888888,27.777777777777775,,26.814328999535064,manual
1767861262499,Sunny,Day,0.012109375,24.21875,,25.93077399978938,manual
1767861262530,Sunny,Day,0.012413194444444444,24.826388888888886,,21.858027999769547,manual
1767861262566,Sunny,Day,0.014366319444444444,28.732638888888886,,31.68139099943801,manual
1767861262594,Sunny,Day,0.014583333333333334,29.166666666666668,,23.105483000108507,manual
1767861262625,Sunny,Day,0.012543402777777778,25.086805555555557,,25.27354700032447,manual
1767861262657,Sunny,Day,0.014453125,28.90625,,28.23289099978865,manual
1767861262688,Sunny,Day,0.01384548611111111,27.69097222222222,,22.574679000172182,manual
1767861262720,Sunny,Day,0.013541666666666667,27.083333333333336,,18.392454998320318,manual
1767861262754,Sunny,Day,0.012413194444444444,24.826388888888886,,25.042273999133613,manual
1767861262784,Sunny,Day,0.013585069444444445,27.17013888888889,,13.657149000209756,manual
1767861262815,Sunny,Day,0.012369791666666666,24.739583333333332,,14.988601998993545,manual
1767861262847,Sunny,Day,0.01349826388888889,26.99652777777778,,18.520544999773847,manual
1767861262878,Sunny,Day,0.014192708333333333,28.385416666666668,,13.977198999782559,manual
1767861262909,Sunny,Day,0.01484375,29.6875,,13.795220998872537,manual
1767861262941,Sunny,Day,0.013628472222222222,27.256944444444446,,19.75840699924447,manual
1767861262974,Sunny,Day,0.013932291666666667,27.864583333333336,,19.368081999346032,manual
1767861263007,Sunny,Day,0.011371527777777777,22.743055555555554,,20.5190760007099,manual
1767861263034,Sunny,Day,0.013411458333333333,26.822916666666664,,15.153155000007246,manual
1767861263070,Sunny,Day,0.010980902777777777,21.961805555555554,,24.715004001336638,manual
1767861263098,Sunny,Day,0.01697048611111111,33.94097222222222,,14.717793999807327,manual
1767861263129,Sunny,Day,0.014756944444444444,29.51388888888889,,19.452025000646245,manual
1767861263161,Sunny,Day,0.013064236111111112,26.12847222222222,,23.240295000505284,manual
1767861263192,Sunny,Day,0.013151041666666667,26.302083333333332,,21.97691499895882,manual
1767861263225,Sunny,Day,0.012847222222222222,25.694444444444443,,21.055896999314427,manual
1767861263257,Sunny,Day,0.013194444444444444,26.38888888888889,,22.342017999108066,manual
1767861263286,Sunny,Day,0.014279513888888888,28.55902777777778,,20.77027399900544,manual
1767861263318,Sunny,Day,0.011111111111111112,22.22222222222222,,22.12085599967395,manual
1767861263349,Sunny,Day,0.015538194444444445,31.07638888888889,,21.82667699889862,manual
1767861263380,Sunny,Day,0.012456597222222223,24.913194444444446,,23.341755999354064,manual
1767861263413,Sunny,Day,0.014453125,28.90625,,23.473863999242894,manual
1767861263443,Sunny,Day,0.013932291666666667,27.864583333333336,,19.457358001091052,manual
1767861263475,Sunny,Day,0.0140625,28.125,,21.370538999690325,manual
1767861263507,Sunny,Day,0.012630208333333334,25.260416666666668,,17.209072999321506,manual
1767861263537,Sunny,Day,0.014279513888888888,28.55902777777778,,14.768737000849796,manual
1767861263570,Sunny,Day,0.013194444444444444,26.38888888888889,,20.27633999932732,manual
1767861263602,Sunny,Day,0.01328125,26.5625,,19.508561001202906,manual
1767861263631,Sunny,Day,0.0125,25.0,,17.64887899844325,manual
1767861263662,Sunny,Day,0.013194444444444444,26.38888888888889,,18.80766799877165,manual
1767861263694,Sunny,Day,0.012630208333333334,25.260416666666668,,21.023380000769976,manual
1767861263725,Sunny,Day,0.013454861111111112,26.909722222222225,,20.47813299941481,manual
1767861263757,Sunny,Day,0.012065972222222223,24.131944444444446,,19.59746600005019,manual
1767861263789,Sunny,Day,0.014713541666666666,29.427083333333332,,19.633410000096774,manual
1767861263820,Sunny,Day,0.01349826388888889,26.99652777777778,,17.931780001163133,manual
1767861263851,Sunny,Day,0.012673611111111111,25.34722222222222,,19.420209999225335,manual
1767861263882,Sunny,Day,0.012760416666666666,25.520833333333332,,22.313444000246818,manual
1767861263915,Sunny,Day,0.013715277777777778,27.430555555555554,,22.582272000363446,manual
1767861263947,Sunny,Day,0.012890625,25.78125,,21.179616998779238,manual
1767861263977,Sunny,Day,0.013368055555555555,26.73611111111111,,21.2389490006899,manual
1767861264008,Sunny,Day,0.01189236111111111,23.78472222222222,,22.51492199866334,manual
1767861264041,Sunny,Day,0.01597222222222222,31.944444444444443,,21.86375100063742,manual
1767861264071,Sunny,Day,0.012543402777777778,25.086805555555557,,20.881919999737875,manual
1767861264103,Sunny,Day,0.013802083333333333,27.604166666666664,,26.98217699980887,manual
1767861264135,Sunny,Day,0.014583333333333334,29.166666666666668,,25.71635200001765,manual
1767861264166,Sunny,Day,0.013888888888888888,27.777777777777775,,17.164685001262114,manual
1767861264200,Sunny,Day,0.013932291666666667,27.864583333333336,,25.650243000200135,manual
1767861264229,Sunny,Day,0.015842013888888888,31.684027777777775,,19.79194399973494,manual
1767861264261,Sunny,Day,0.012239583333333333,24.479166666666668,,23.593842999616754,manual
1767861264292,Sunny,Day,0.016276041666666668,32.552083333333336,,21.27792999999656,manual
1767861264323,Sunny,Day,0.012977430555555556,25.954861111111114,,21.044731000074535,manual
1767861264354,Sunny,Day,0.015928819444444443,31.857638888888886,,20.905012001094292,manual
1767861264385,Sunny,Day,0.01349826388888889,26.99652777777778,,21.824567000294337,manual
1767861264415,Sunny,Day,0.015147569444444444,30.29513888888889,,19.414506999964942,manual
1767861264446,Sunny,Day,0.014019097222222223,28.038194444444446,,18.48106399847893,manual
1767861264477,Sunny,Day,0.014366319444444444,28.732638888888886,,21.56584899967129,manual
1767861264509,Sunny,Day,0.013888888888888888,27.777777777777775,,21.172172000660794,manual
1767861264542,Sunny,Day,0.015277777777777777,30.555555555555554,,26.13939899856632,manual
1767861264571,Sunny,Day,0.015190972222222222,30.381944444444443,,22.259000999838463,manual
1767861264606,Sunny,Day,0.018012152777777776,36.02430555555555,,27.995988000839134,manual
1767861264635,Sunny,Day,0.012760416666666666,25.520833333333332,,21.912545000304817,manual
1767861264666,Sunny,Day,0.016015625,32.03125,,23.28086799934681,manual
1767861264698,Sunny,Day,0.013758680555555555,27.51736111111111,,27.23711600083334,manual
1767861264730,Sunny,Day,0.01675347222222222,33.50694444444444,,21.44646300075692,manual
1767861264761,Sunny,Day,0.014930555555555556,29.861111111111114,,23.21927600132767,manual
1767861264792,Sunny,Day,0.014713541666666666,29.427083333333332,,24.081554998701904,manual
1767861264823,Sunny,Day,0.014366319444444444,28.732638888888886,,24.834742000166443,manual
1767861264854,Sunny,Day,0.016145833333333335,32.29166666666667,,23.190091998912976,manual
1767861264885,Sunny,Day,0.01423611111111111,28.47222222222222,,21.656883998730336,manual
1767861264918,Sunny,Day,0.015711805555555555,31.42361111111111,,25.843812998573412,manual
1767861264949,Sunny,Day,0.012456597222222223,24.913194444444446,,23.843818999012,manual
1767861264979,Sunny,Day,0.014409722222222223,28.819444444444446,,24.004852999496507,manual
1767861265013,Sunny,Day,0.013585069444444445,27.17013888888889,,27.725384001314524,manual
1767861265043,Sunny,Day,0.01740451388888889,34.80902777777778,,18.199088999608648,manual
1767861265076,Sunny,Day,0.012803819444444444,25.60763888888889,,23.34692200020072,manual
1767861265108,Sunny,Day,0.015625,31.25,,23.619193998456467,manual
1767861265139,Sunny,Day,0.015711805555555555,31.42361111111111,,19.95347699994454,manual
1767861265168,Sunny,Day,0.013715277777777778,27.430555555555554,,19.93055100138008,manual
1767861265199,Sunny,Day,0.014366319444444444,28.732638888888886,,21.514146999834338,manual
1767861265231,Sunny,Day,0.015885416666666666,31.770833333333332,,18.89362899964908,manual
1767861265264,Sunny,Day,0.015147569444444444,30.29513888888889,,22.892246999617782,manual
1767861265293,Sunny,Day,0.016145833333333335,32.29166666666667,,22.958542000196758,manual
1767861265325,Sunny,Day,0.014192708333333333,28.385416666666668,,25.280010000642505,manual
1767861265356,Sunny,Day,0.01657986111111111,33.15972222222222,,24.759780000749743,manual
1767861265388,Sunny,Day,0.013151041666666667,26.302083333333332,,24.397307000981527,manual
1767861265419,Sunny,Day,0.015711805555555555,31.42361111111111,,24.90631399996346,manual
1767861265452,Sunny,Day,0.015277777777777777,30.555555555555554,,25.65252099884674,manual
1767861265482,Sunny,Day,0.014887152777777777,29.774305555555554,,21.429314998385962,manual
1767861265514,Sunny,Day,0.014322916666666666,28.645833333333332,,25.53967099993315,manual
1767861265545,Sunny,Day,0.018489583333333334,36.979166666666664,,22.55740200052969,manual
1767861265577,Sunny,Day,0.013454861111111112,26.909722222222225,,25.36536099978548,manual
1767861265607,Sunny,Day,0.01328125,26.5625,,24.234791999333538,manual
1767861265640,Sunny,Day,0.012630208333333334,25.260416666666668,,25.87297900026897,manual
1767861265671,Sunny,Day,0.014279513888888888,28.55902777777778,,24.04464699975506,manual
1767861265702,Sunny,Day,0.014539930555555556,29.07986111111111,,24.635136000142666,manual
1767861265734,Sunny,Day,0.017491319444444445,34.98263888888889,,25.980569000239484,manual
1767861265765,Sunny,Day,0.013628472222222222,27.256944444444446,,24.209182000049623,manual
1767861265796,Sunny,Day,0.014019097222222223,28.038194444444446,,24.716002999412012,manual
1767861265828,Sunny,Day,0.013368055555555555,26.73611111111111,,25.667669000540627,manual
1767861265861,Sunny,Day,0.013802083333333333,27.604166666666664,,23.033039999063476,manual
1767861265890,Sunny,Day,0.014019097222222223,28.038194444444446,,22.998319000180345,manual
1767861265923,Sunny,Day,0.01506076388888889,30.12152777777778,,25.78479600015271,manual
1767861265953,Sunny,Day,0.012630208333333334,25.260416666666668,,23.76202400046168,manual
1767861265984,Sunny,Day,0.013715277777777778,27.430555555555554,,25.072033999094856,manual
1767861266015,Sunny,Day,0.012803819444444444,25.60763888888889,,24.149126998963766,manual
1767861266048,Sunny,Day,0.016276041666666668,32.552083333333336,,25.589189001038903,manual
1767861266081,Sunny,Day,0.013368055555555555,26.73611111111111,,26.369004999651224,manual
1767861266110,Sunny,Day,0.014930555555555556,29.861111111111114,,22.17409500008216,manual
1767861266141,Sunny,Day,0.014670138888888889,29.34027777777778,,25.281455000367714,manual
1767861266173,Sunny,Day,0.01545138888888889,30.90277777777778,,24.758650999501697,manual
1767861266204,Sunny,Day,0.013064236111111112,26.12847222222222,,23.984760000530514,manual
1767861266236,Sunny,Day,0.014322916666666666,28.645833333333332,,25.348712999402778,manual
1767861266269,Sunny,Day,0.013368055555555555,26.73611111111111,,26.88012399994477,manual
1767861266298,Sunny,Day,0.015711805555555555,31.42361111111111,,21.848307000254863,manual
1767861266332,Sunny,Day,0.01384548611111111,27.69097222222222,,27.429556001152378,manual
1767861266361,Sunny,Day,0.014149305555555556,28.29861111111111,,22.944154001379502,manual
1767861266393,Sunny,Day,0.01189236111111111,23.78472222222222,,24.107516999720247,manual
1767861266424,Sunny,Day,0.014366319444444444,28.732638888888886,,24.671264000062365,manual
1767861266455,Sunny,Day,0.014670138888888889,29.34027777777778,,24.60202500151354,manual
1767861266487,Sunny,Day,0.016102430555555554,32.20486111111111,,26.710534999438096,manual
1767861266518,Sunny,Day,0.013541666666666667,27.083333333333336,,25.33341699927405,manual
1767861266550,Sunny,Day,0.013454861111111112,26.909722222222225,,24.881258999812417,manual
1767861266581,Sunny,Day,0.013454861111111112,26.909722222222225,,24.747448000198347,manual
1767861266612,Sunny,Day,0.014626736111111111,29.25347222222222,,25.020774999575224,manual
1767861266645,Sunny,Day,0.013888888888888888,27.777777777777775,,29.705730001296615,manual
1767861266676,Sunny,Day,0.01384548611111111,27.69097222222222,,19.785276999755297,manual
1767861266709,Sunny,Day,0.012109375,24.21875,,26.87158700064174,manual
1767861266739,Sunny,Day,0.013932291666666667,27.864583333333336,,23.26205400095205,manual
1767861266770,Sunny,Day,0.013932291666666667,27.864583333333336,,19.82244200007699,manual
1767861266802,Sunny,Day,0.013237847222222222,26.475694444444443,,22.806564000347862,manual
1767861266832,Sunny,Day,0.012977430555555556,25.954861111111114,,23.10668700010865,manual
1767861266865,Sunny,Day,0.014583333333333334,29.166666666666668,,26.04371500092384,manual
1767861266895,Sunny,Day,0.015017361111111112,30.03472222222222,,24.377974001254188,manual
1767861266926,Sunny,Day,0.015190972222222222,30.381944444444443,,24.669059999723686,manual
1767861266958,Sunny,Day,0.011501736111111112,23.003472222222225,,24.761594999290537,manual
1767861266990,Sunny,Day,0.014366319444444444,28.732638888888886,,23.73457999965467,manual
1767861267022,Sunny,Day,0.016102430555555554,32.20486111111111,,25.13145699958841,manual
1767861267054,Sunny,Day,0.013715277777777778,27.430555555555554,,24.386140999922645,manual
1767861267085,Sunny,Day,0.010980902777777777,21.961805555555554,,21.787808000226505,manual
1767861267115,Sunny,Day,0.01644965277777778,32.89930555555556,,23.480826001105015,manual
1767861267148,Sunny,Day,0.014800347222222222,29.600694444444443,,29.674526000235346,manual
1767861267179,Sunny,Day,0.016189236111111113,32.37847222222223,,22.519218000525143,manual
1767861267209,Sunny,Day,0.01506076388888889,30.12152777777778,,22.930376000658725,manual
1767861267240,Sunny,Day,0.025694444444444443,51.388888888888886,-25.0,23.51927100062312,manual
1767861267273,Sunny,Day,0.02578125,51.5625,-19.0,26.26000700001896,manual
1767861267303,Sunny,Day,0.027777777777777776,55.55555555555555,-20.0,23.785968000083813,manual
1767861267335,Sunny,Day,0.025303819444444445,50.60763888888889,-23.0,25.010794000991154,manual
1767861267366,Sunny,Day,0.024652777777777777,49.30555555555556,-15.0,24.554210998758208,manual
1767861267397,Sunny,Day,0.026258680555555556,52.517361111111114,-12.0,24.423398999715573,manual
1767861267429,Sunny,Day,0.028559027777777777,57.11805555555556,-17.0,25.305379998826538,manual
1767861267462,Sunny,Day,0.023394097222222222,46.78819444444444,,26.027216999864322,manual
1767861267492,Sunny,Day,0.025434027777777778,50.86805555555556,-5.0,23.562936001326307,manual
1767861267523,Sunny,Day,0.026041666666666668,52.083333333333336,6.0,23.919187999126734,manual
1767861267556,Sunny,Day,0.029991319444444445,59.98263888888889,-13.0,25.70907500012254,manual
1767861267586,Sunny,Day,0.0265625,53.125,3.0,21.701494000808452,manual
1767861267617,Sunny,Day,0.02829861111111111,56.59722222222222,-4.0,28.4261279994098,manual
1767861267651,Sunny,Day,0.024131944444444445,48.26388888888889,10.0,24.594099000751157,manual
1767861267681,Sunny,Day,0.026605902777777777,53.21180555555556,8.0,22.968503999436507,manual
1767861267711,Sunny,Day,0.019487847222222222,38.97569444444444,,23.68102699983865,manual
1767861267743,Sunny,Day,0.02282986111111111,45.65972222222222,11.0,24.506248999387026,manual
1767861267776,Sunny,Day,0.020616319444444444,41.232638888888886,,26.42828100033512,manual
1767861267806,Sunny,Day,0.020572916666666666,41.145833333333336,,23.405346999425092,manual
1767861267837,Sunny,Day,0.020225694444444445,40.45138888888889,,24.67056000023149,manual
1767861267868,Sunny,Day,0.018619791666666666,37.239583333333336,,24.802927999189706,manual
1767861267901,Sunny,Day,0.018489583333333334,36.979166666666664,,25.52350500081957,manual
1767861267932,Sunny,Day,0.021614583333333333,43.229166666666664,,24.478732000716263,manual
1767861267964,Sunny,Day,0.01853298611111111,37.06597222222222,,24.754688998655183,manual
1767861267999,Sunny,Day,0.025303819444444445,50.60763888888889,,28.319480999925872,manual
1767861268025,Sunny,Day,0.02035590277777778,40.71180555555556,,19.73881499907293,manual
1767861268057,Sunny,Day,0.021006944444444446,42.01388888888889,,25.07397800036415,manual
1767861268088,Sunny,Day,0.020052083333333335,40.10416666666667,,23.617304999788757,manual
1767861268123,Sunny,Day,0.021875,43.75,,25.74837099928118,manual
1767861268151,Sunny,Day,0.01796875,35.9375,,20.12438000019756,manual
1767861268182,Sunny,Day,0.021484375,42.96875,12.0,25.13786499912385,manual
1767861268215,Sunny,Day,0.020052083333333335,40.10416666666667,,25.163753000015276,manual
1767861268246,Sunny,Day,0.02282986111111111,45.65972222222222,13.0,24.63908000027004,manual
1767861268276,Sunny,Day,0.01853298611111111,37.06597222222222,,22.87680200061004,manual
1767861268308,Sunny,Day,0.019227430555555557,38.454861111111114,,25.043977999303024,manual
1767861268339,Sunny,Day,0.01840277777777778,36.80555555555556,,25.008312999489135,manual
1767861268373,Sunny,Day,0.02230902777777778,44.61805555555556,,27.079490000687656,manual
1767861268402,Sunny,Day,0.018619791666666666,37.239583333333336,,23.06415100065351,manual
1767861268433,Sunny,Day,0.021918402777777776,43.83680555555555,,24.768779998339596,manual
1767861268465,Sunny,Day,0.019270833333333334,38.54166666666667,,24.97548000064853,manual
1767861268498,Sunny,Day,0.02282986111111111,45.65972222222222,,26.791385000251466,manual
1767861268529,Sunny,Day,0.01657986111111111,33.15972222222222,,27.590089999648626,auto
1767861268560,Sunny,Day,0.019097222222222224,38.19444444444445,,20.630757999242633,auto
1767861268591,Sunny,Day,0.018272569444444445,36.54513888888889,,23.559416998978122,auto
1767861268622,Sunny,Day,0.021961805555555554,43.92361111111111,,24.66635699965991,auto
1767861268654,Sunny,Day,0.019010416666666665,38.02083333333333,,24.431602001641295,auto
1767861268685,Sunny,Day,0.019574652777777778,39.14930555555556,,24.693855999430525,auto
1767861268720,Sunny,Day,0.019965277777777776,39.93055555555555,,27.725826999812853,auto
1767861268750,Sunny,Day,0.020269097222222223,40.53819444444444,,22.985041001447826,auto
1767861268781,Sunny,Day,0.020052083333333335,40.10416666666667,,24.071221001577214,auto
1767861268811,Sunny,Day,0.021484375,42.96875,,23.51132600051642,auto
1767861268842,Sunny,Day,0.018142361111111113,36.28472222222223,,23.717969999779598,auto
1767861268873,Sunny,Day,0.020442708333333334,40.885416666666664,,24.143053999068798,auto
1767861268909,Sunny,Day,0.01740451388888889,34.80902777777778,,28.7523790011619,auto
1767861268939,Sunny,Day,0.019965277777777776,39.93055555555555,,21.88897199994244,auto
1767861268968,Sunny,Day,0.019227430555555557,38.454861111111114,,21.199042999796802,auto
1767861268999,Sunny,Day,0.020008680555555554,40.01736111111111,,23.833577999539557,auto
1767861269031,Sunny,Day,0.021267361111111112,42.53472222222222,14.0,24.215680999986944,auto
1767861269062,Sunny,Day,0.01870659722222222,37.41319444444444,,23.405014000672963,auto
1767861269093,Sunny,Day,0.020442708333333334,40.885416666666664,,24.571081001340644,auto
1767861269125,Sunny,Day,0.02456597222222222,49.13194444444444,,25.080589000936016,auto
1767861269156,Sunny,Day,0.016796875,33.59375,,24.765799000306288,auto
1767861269189,Sunny,Day,0.019010416666666665,38.02083333333333,,23.946891000377946,auto
1767861269221,Sunny,Day,0.019097222222222224,38.19444444444445,,24.582005999036483,auto
1767861269250,Sunny,Day,0.019227430555555557,38.454861111111114,,22.243279998292564,auto
1767861269281,Sunny,Day,0.01892361111111111,37.84722222222222,,24.17347800110292,auto
1767861269314,Sunny,Day,0.02265625,45.3125,13.0,25.691668000945356,auto
1767861269345,Sunny,Day,0.01792534722222222,35.85069444444444,,23.07241000016802,auto
1767861269379,Sunny,Day,0.02013888888888889,40.27777777777778,,27.52866599985282,auto
1767861269411,Sunny,Day,0.025694444444444443,51.388888888888886,6.0,22.32603700031177,auto
1767861269443,Sunny,Day,0.024348958333333334,48.697916666666664,12.0,20.014030998936505,auto
1767861269472,Sunny,Day,0.01723090277777778,34.46180555555556,,18.37369600070815,auto
1767861269503,Sunny,Day,0.02087673611111111,41.75347222222222,,21.638847998474375,auto
1767861269538,Sunny,Day,0.01579861111111111,31.59722222222222,,27.037415999075165,auto
1767861269567,Sunny,Day,0.022960069444444446,45.92013888888889,,20.30515400110744,auto
1767861269599,Sunny,Day,0.01723090277777778,34.46180555555556,,23.38266300102987,auto
1767861269629,Sunny,Day,0.01723090277777778,34.46180555555556,,21.870972999749938,auto
1767861269660,Sunny,Day,0.016015625,32.03125,,21.722216999478405,auto
1767861269692,Sunny,Day,0.019618055555555555,39.23611111111111,,22.190743999090046,auto
1767861269724,Sunny,Day,0.017144097222222224,34.28819444444445,,24.855925999872852,auto
1767861269755,Sunny,Day,0.016927083333333332,33.854166666666664,,17.770153999663307,auto
1767861269786,Sunny,Day,0.01796875,35.9375,,21.664718000465655,auto
1767861269817,Sunny,Day,0.020008680555555554,40.01736111111111,,23.024022000754485,auto
1767861269849,Sunny,Day,0.018967013888888887,37.93402777777777,,15.59168200037675,auto
1767861269881,Sunny,Day,0.016796875,33.59375,,14.957343999412842,auto
1767861269913,Sunny,Day,0.015017361111111112,30.03472222222222,,24.12679400003981,auto
1767861269943,Sunny,Day,0.017144097222222224,34.28819444444445,,21.802065999509068,auto
1767861269975,Sunny,Day,0.017447916666666667,34.895833333333336,,23.229701999298413,auto
1767861270007,Sunny,Day,0.018793402777777777,37.58680555555556,,24.4943420002528,auto
1767861270037,Sunny,Day,0.017578125,35.15625,,21.088674999191426,auto
1767861270069,Sunny,Day,0.016883680555555555,33.76736111111111,,24.163775000488386,auto
1767861270100,Sunny,Day,0.015364583333333333,30.729166666666664,,21.448408000651398,auto
1767861270132,Sunny,Day,0.018663194444444444,37.326388888888886,,22.85148899863998,auto
1767861270166,Sunny,Day,0.01657986111111111,33.15972222222222,,23.705895999228233,auto
1767861270195,Sunny,Day,0.018663194444444444,37.326388888888886,,18.5086190012953,auto
1767861270227,Sunny,Day,0.015711805555555555,31.42361111111111,,24.122775999785517,auto
1767861270257,Sunny,Day,0.017534722222222222,35.06944444444444,,15.752048999274848,auto
1767861270289,Sunny,Day,0.016536458333333334,33.072916666666664,,14.53837100052624,auto
1767861270320,Sunny,Day,0.018446180555555556,36.892361111111114,,21.10667400120292,auto
1767861270352,Sunny,Day,0.01579861111111111,31.59722222222222,,16.620882001006976,auto
1767861270382,Sunny,Day,0.019270833333333334,38.54166666666667,,15.91471299980185,auto
1767861270416,Sunny,Day,0.018880208333333332,37.760416666666664,,25.60328100116749,auto
1767861270446,Sunny,Day,0.017144097222222224,34.28819444444445,,21.447925999382278,auto
1767861270481,Sunny,Day,0.01644965277777778,32.89930555555556,,26.48591000070155,auto
1767861270509,Sunny,Day,0.020095486111111113,40.19097222222223,,19.127125000522938,auto
1767861270541,Sunny,Day,0.01675347222222222,33.50694444444444,,22.71836100044311,auto
1767861270575,Sunny,Day,0.01857638888888889,37.15277777777778,,22.147393001432647,auto
1767861270604,Sunny,Day,0.01697048611111111,33.94097222222222,,25.14949400028854,manual
1767861270633,Sunny,Day,0.021223958333333334,42.44791666666667,,17.133889999968233,manual
1767861270666,Sunny,Day,0.018315972222222223,36.63194444444444,,20.173158000034164,manual
1767861270696,Sunny,Day,0.01623263888888889,32.46527777777778,,21.629236998705892,manual
1767861270727,Sunny,Day,0.015494791666666667,30.989583333333336,,23.48592000089411,manual
1767861270758,Sunny,Day,0.019314236111111112,38.62847222222222,,23.456733999410062,manual
1767861270791,Sunny,Day,0.016362847222222223,32.72569444444444,,24.72820700131706,manual
1767861270824,Sunny,Day,0.02048611111111111,40.97222222222222,,23.939575999975204,manual
1767861270853,Sunny,Day,0.017361111111111112,34.72222222222222,,20.603462999133626,manual
1767861270885,Sunny,Day,0.017664930555555555,35.32986111111111,,23.22464700046112,manual
1767861270917,Sunny,Day,0.01723090277777778,34.46180555555556,,20.95991900023364,manual
1767861270952,Sunny,Day,0.02013888888888889,40.27777777777778,,26.109862999874167,manual
1767861270979,Sunny,Day,0.01870659722222222,37.41319444444444,,18.715521999183693,manual
1767861271010,Sunny,Day,0.018098958333333335,36.19791666666667,,23.109186000510817,manual
1767861271041,Sunny,Day,0.01597222222222222,31.944444444444443,,26.666110001315246,manual
1767861271073,Sunny,Day,0.022005208333333335,44.01041666666667,,19.85205300115922,manual
1767861271105,Sunny,Day,0.01796875,35.9375,,21.063583000795916,manual
1767861271136,Sunny,Day,0.022178819444444445,44.35763888888889,,23.15588900091825,manual
1767861271168,Sunny,Day,0.0234375,46.875,6.0,23.572677000629483,manual
1767861271200,Sunny,Day,0.027821180555555554,55.64236111111111,3.0,22.85922900045989,manual
1767861271234,Sunny,Day,0.022873263888888887,45.74652777777777,,22.482700000182376,manual
1767861271264,Sunny,Day,0.024956597222222224,49.91319444444445,,20.947344000887824,manual
1767861271295,Sunny,Day,0.022916666666666665,45.83333333333333,,21.484758999577025,manual
1767861271324,Sunny,Day,0.026258680555555556,52.517361111111114,,21.525906000533723,manual
1767861271358,Sunny,Day,0.02248263888888889,44.96527777777778,,25.02114599883498,manual
1767861271388,Sunny,Day,0.025434027777777778,50.86805555555556,,20.830753999689477,manual
1767861271419,Sunny,Day,0.02443576388888889,48.87152777777778,,21.858972999325488,manual
1767861271449,Sunny,Day,0.03146701388888889,62.93402777777778,,22.86280299995269,manual
1767861271482,Sunny,Day,0.027300347222222222,54.60069444444444,,24.357790000067325,manual
1767861271513,Sunny,Day,0.029817708333333335,59.63541666666667,-25.0,22.237983999730204,manual
1767861271544,Sunny,Day,0.027083333333333334,54.16666666666667,-14.0,23.12566799992055,manual
1767861271576,Sunny,Day,0.026866319444444446,53.73263888888889,,23.318478000874165,manual
1767861271607,Sunny,Day,0.025694444444444443,51.388888888888886,-28.0,21.76419700117549,manual
1767861271640,Sunny,Day,0.026085069444444445,52.17013888888889,,24.58359899901552,manual
1767861271671,Sunny,Day,0.0265625,53.125,-30.0,23.049596000419115,manual
1767861271703,Sunny,Day,0.026432291666666666,52.864583333333336,,23.639156999706756,manual
1767861271735,Sunny,Day,0.02634548611111111,52.69097222222222,-31.0,23.211794999951962,manual
1767861271765,Sunny,Day,0.02734375,54.6875,-36.0,21.31716999974742,manual
1767861271795,Sunny,Day,0.02751736111111111,55.03472222222222,,21.729031001086696,manual
1767861271828,Sunny,Day,0.027039930555555557,54.079861111111114,,21.48155600116297,manual
1767861271858,Sunny,Day,0.027213541666666667,54.427083333333336,,21.689921000870527,manual
1767861271890,Sunny,Day,0.029253472222222222,58.50694444444444,,23.972020000655903,manual
1767861271921,Sunny,Day,0.030598958333333332,61.197916666666664,,21.960137000860414,manual
1767861271953,Sunny,Day,0.031510416666666666,63.02083333333333,,19.974401999206748,manual
1767861271985,Sunny,Day,0.034678819444444446,69.35763888888889,-54.0,23.392551000142703,manual
1767861272016,Sunny,Day,0.028515625,57.03125,,21.72634599992307,manual
1767861272050,Sunny,Day,0.031163194444444445,62.32638888888889,,28.220316999068018,manual
1767861272079,Sunny,Day,0.028732638888888887,57.46527777777777,,16.139707000547787,manual
1767861272111,Sunny,Day,0.03302951388888889,66.05902777777779,-58.0,23.31466299983731,manual
1767861272141,Sunny,Day,0.03884548611111111,77.69097222222223,-64.0,21.684088000256452,manual
1767861272173,Sunny,Day,0.03615451388888889,72.30902777777779,-53.0,23.75628399931884,manual
1767861272204,Sunny,Day,0.03888888888888889,77.77777777777779,-50.0,22.223595000468777,manual
1767861272236,Sunny,Day,0.03428819444444445,68.5763888888889,-46.0,22.72867600004247,manual
1767861272267,Sunny,Day,0.03480902777777778,69.61805555555556,-47.0,22.78397100053553,manual
1767861272299,Sunny,Day,0.03446180555555556,68.92361111111111,,23.52241899825458,manual
1767861272329,Sunny,Day,0.03502604166666667,70.05208333333333,,21.58999700077402,manual
1767861272361,Sunny,Day,0.03650173611111111,73.00347222222223,,21.95159999973839,manual
1767861272392,Sunny,Day,0.04071180555555556,81.42361111111111,-37.0,22.612382999795955,manual
1767861272423,Sunny,Day,0.04136284722222222,82.72569444444444,,23.02629999940109,manual
1767861272457,Sunny,Day,0.04435763888888889,88.71527777777779,-27.0,25.224289000107092,manual
1767861272486,Sunny,Day,0.037890625,75.78125,-28.0,21.544016999541782,manual
1767861272518,Sunny,Day,0.03888888888888889,77.77777777777779,-34.0,23.535843998615746,manual
1767861272549,Sunny,Day,0.03706597222222222,74.13194444444444,-17.0,22.10541200111038,manual
1767861272580,Sunny,Day,0.03910590277777778,78.21180555555556,-14.0,23.32701600062137,manual
1767861272614,Sunny,Day,0.038975694444444445,77.95138888888889,-17.0,19.904515000234824,manual
1767861272645,Sunny,Day,0.033984375,67.96875,-13.0,22.740953998436453,manual
1767861272675,Sunny,Day,0.031206597222222222,62.41319444444444,-6.0,20.913197000481887,manual
1767861272708,Sunny,Day,0.03394097222222222,67.88194444444444,-3.0,25.471228000242263,manual
1767861272738,Sunny,Day,0.03680555555555556,73.61111111111111,2.0,19.919126001695986,manual
1767861272769,Sunny,Day,0.03958333333333333,79.16666666666666,7.0,22.681548000036855,manual
1767861272802,Sunny,Day,0.042144097222222225,84.28819444444446,8.0,24.16857199932565,manual
1767861272832,Sunny,Day,0.04934895833333333,98.69791666666666,,21.395630999904824,manual
1767861272866,Sunny,Day,0.03993055555555555,79.8611111111111,28.0,24.981073000162723,manual
1767861272896,Sunny,Day,0.03420138888888889,68.40277777777779,18.0,21.538053999393014,manual
1767861272927,Sunny,Day,0.03984375,79.6875,19.0,23.411866000969894,manual
1767861272957,Sunny,Day,0.05177951388888889,100.0,20.0,21.22072800011665,manual
1767861272990,Sunny,Day,0.04578993055555555,91.5798611111111,27.0,23.680656000578892,manual
1767861273021,Sunny,Day,0.046484375,92.96875,27.0,20.83508699979575,manual
1767861273053,Sunny,Day,0.04578993055555555,91.5798611111111,29.0,24.08657299929473,manual
1767861273082,Sunny,Day,0.04431423611111111,88.62847222222223,28.0,20.19273199948657,manual
1767861273114,Sunny,Day,0.04522569444444444,90.45138888888889,32.0,23.6227309997048,manual
1767861273145,Sunny,Day,0.033289930555555555,66.57986111111111,32.0,20.454929001061828,manual
1767861273177,Sunny,Day,0.030512152777777777,61.02430555555556,33.0,22.433609001382138,manual
1767861273209,Sunny,Day,0.031206597222222222,62.41319444444444,35.0,24.249310999948648,manual
1767861273240,Sunny,Day,0.0296875,59.375,37.0,23.078428001099383,manual
1767861273272,Sunny,Day,0.03046875,60.9375,,22.740102000170737,manual
1767861273303,Sunny,Day,0.02868923611111111,57.37847222222222,,23.113019999073003,manual
1767861273336,Sunny,Day,0.02673611111111111,53.47222222222222,,22.580938999453792,manual
1767861273370,Sunny,Day,0.022178819444444445,44.35763888888889,,25.636336000388837,manual
1767861273397,Sunny,Day,0.023914930555555554,47.82986111111111,,18.595192001157557,manual
1767861273429,Sunny,Day,0.021614583333333333,43.229166666666664,,18.86577799996303,manual
1767861273460,Sunny,Day,0.01818576388888889,36.37152777777778,,19.130272001348203,manual
1767861273491,Sunny,Day,0.021701388888888888,43.40277777777778,,18.38726999994833,manual
1767861273523,Sunny,Day,0.02113715277777778,42.27430555555556,,23.559233000923996,manual
1767861273554,Sunny,Day,0.01892361111111111,37.84722222222222,,21.982044001561007,manual
1767861273585,Sunny,Day,0.022048611111111113,44.09722222222223,,21.867695000764797,manual
1767861273617,Sunny,Day,0.015885416666666666,31.770833333333332,,23.682914999881177,manual
1767861273650,Sunny,Day,0.018446180555555556,36.892361111111114,,24.056629999904544,manual
1767861273682,Sunny,Day,0.024348958333333334,48.697916666666664,,22.83106299910287,manual
1767861273711,Sunny,Day,0.02230902777777778,44.61805555555556,,20.832680000239634,manual
1767861273744,Sunny,Day,0.027777777777777776,55.55555555555555,,19.471986999633373,manual
1767861273776,Sunny,Day,0.030034722222222223,60.06944444444444,,22.75778700095543,manual
1767861273805,Sunny,Day,0.028255208333333334,56.510416666666664,,21.140433000255143,manual
1767861273838,Sunny,Day,0.03177083333333333,63.541666666666664,,24.340623000171036,manual
1767861273870,Sunny,Day,0.034765625,69.53125,,22.745583999494556,manual
1767861273900,Sunny,Day,0.04279513888888889,85.59027777777779,-48.0,21.177007000005688,manual
1767861273932,Sunny,Day,0.039496527777777776,78.99305555555556,,22.52329200018721,manual
1767861273962,Sunny,Day,0.03671875,73.4375,,20.765330000358517,manual
1767861273995,Sunny,Day,0.03680555555555556,73.61111111111111,,21.631495999827166,manual
1767861274026,Sunny,Day,0.04066840277777778,81.33680555555556,,22.80411899846513,manual
1767861274058,Sunny,Day,0.047309027777777776,94.61805555555556,-45.0,22.65997399990738,manual
1767861274090,Sunny,Day,0.05186631944444445,100.0,,24.38795600028243,manual
1767861274120,Sunny,Day,0.04848090277777778,96.96180555555556,,22.592753999560955,manual
1767861274151,Sunny,Day,0.05147569444444444,100.0,-44.0,22.62025300115056,manual
1767861274181,Sunny,Day,0.042534722222222224,85.06944444444444,,23.02192900060618,manual
1767861274214,Sunny,Day,0.045703125,91.40625,,23.915576000945293,manual
1767861274246,Sunny,Day,0.037760416666666664,75.52083333333333,,23.181204000138678,manual
1767861274278,Sunny,Day,0.043793402777777775,87.58680555555554,,19.282657998701325,manual
1767861274307,Sunny,Day,0.03394097222222222,67.88194444444444,,20.77121900038037,manual
1767861274339,Sunny,Day,0.02699652777777778,53.99305555555556,,23.411199001202476,manual
1767861274371,Sunny,Day,0.02634548611111111,52.69097222222222,,23.17661099914403,manual
1767861274402,Sunny,Day,0.029730902777777776,59.46180555555555,,19.955236000896548,manual
1767861274435,Sunny,Day,0.03298611111111111,65.97222222222223,,23.29162699970766,manual
1767861274465,Sunny,Day,0.03901909722222222,78.03819444444444,,20.622388999981922,manual
1767861274498,Sunny,Day,0.031727430555555554,63.45486111111111,,23.446846000297228,manual
1767861274528,Sunny,Day,0.02404513888888889,48.09027777777778,,21.970378000332857,manual
1767861274560,Sunny,Day,0.020703125,41.40625,,21.95443399978103,manual
1767861274594,Sunny,Day,0.020572916666666666,41.145833333333336,,24.737540999922203,manual
1767861274621,Sunny,Day,0.02421875,48.4375,,20.109529001274495,manual
1767861274653,Sunny,Day,0.02282986111111111,45.65972222222222,,22.823932999017416,manual
1767861274684,Sunny,Day,0.022352430555555556,44.704861111111114,,27.734586999940802,manual
1767861274717,Sunny,Day,0.026128472222222223,52.25694444444444,,21.434908001538133,manual
1767861274748,Sunny,Day,0.026171875,52.34375,,22.286667001026217,manual
1767861274779,Sunny,Day,0.027473958333333333,54.947916666666664,,22.460793999925954,manual
1767861274810,Sunny,Day,0.024913194444444446,49.82638888888889,,23.15405599983933,manual
1767861274842,Sunny,Day,0.02717013888888889,54.34027777777778,,23.777689999405993,manual
1767861274873,Sunny,Day,0.026692708333333332,53.385416666666664,,20.79301400044642,manual
1767861274906,Sunny,Day,0.027777777777777776,55.55555555555555,,23.915428000691463,manual
1767861274936,Sunny,Day,0.025434027777777778,50.86805555555556,,21.799771000587498,manual
1767861274967,Sunny,Day,0.02578125,51.5625,,23.661637998884544,manual
1767861274998,Sunny,Day,0.023003472222222224,46.00694444444445,,22.336387999530416,manual
1767861275029,Sunny,Day,0.027604166666666666,55.20833333333333,,23.084094000296318,manual
1767861275064,Sunny,Day,0.02621527777777778,52.43055555555556,,24.89168600004632,manual
1767861275094,Sunny,Day,0.027256944444444445,54.51388888888889,,21.242967999569373,manual
1767861275124,Sunny,Day,0.023133680555555557,46.267361111111114,,21.12132300135272,manual
1767861275155,Sunny,Day,0.028211805555555556,56.423611111111114,,23.631065001609386,manual
1767861275187,Sunny,Day,0.02443576388888889,48.87152777777778,,23.33653399909963,manual
1767861275218,Sunny,Day,0.02421875,48.4375,,22.865080998599296,manual
1767861275251,Sunny,Day,0.028776041666666665,57.55208333333333,,24.55934099998558,manual
1767861275281,Sunny,Day,0.029947916666666668,59.895833333333336,,21.414335000372375,manual
1767861275317,Sunny,Day,0.028645833333333332,57.291666666666664,,27.22931999960565,manual
1767861275344,Sunny,Day,0.02964409722222222,59.28819444444444,29.0,17.426809999960824,manual
1767861275376,Sunny,Day,0.027864583333333335,55.72916666666667,32.0,22.21883499987598,manual
1767861275407,Sunny,Day,0.028515625,57.03125,,22.257594999246066,manual
1767861275438,Sunny,Day,0.024869791666666665,49.73958333333333,,20.612221998817404,manual
1767861275470,Sunny,Day,0.030078125,60.15625,,22.71839899913175,manual
1767861275500,Sunny,Day,0.02890625,57.8125,,21.23320900136605,manual
1767861275532,Sunny,Day,0.03298611111111111,65.97222222222223,,23.292978999961633,manual
1767861275564,Sunny,Day,0.033637152777777776,67.27430555555556,-42.0,23.957778999829316,manual
1767861275597,Sunny,Day,0.035416666666666666,70.83333333333333,32.0,24.25906999997096,manual
1767861275626,Sunny,Day,0.03689236111111111,73.78472222222223,31.0,21.45320399904449,manual
1767861275657,Sunny,Day,0.03927951388888889,78.55902777777777,29.0,24.364621998756775,manual
1767861275690,Sunny,Day,0.03502604166666667,70.05208333333333,,22.379905998604954,manual
1767861275722,Sunny,Day,0.03572048611111111,71.44097222222221,-54.0,24.25066199975845,manual
1767861275752,Sunny,Day,0.03511284722222222,70.22569444444444,-55.0,21.44101900012174,manual
1767861275783,Sunny,Day,0.03654513888888889,73.09027777777779,,23.006096000244725,manual
1767861275816,Sunny,Day,0.03337673611111111,66.75347222222221,,23.188389001006726,manual
1767861275846,Sunny,Day,0.03454861111111111,69.09722222222223,-53.0,23.995982000997174,manual
1767861275877,Sunny,Day,0.026041666666666668,52.083333333333336,,19.99242000056256,manual
1767861275908,Sunny,Day,0.027473958333333333,54.947916666666664,-58.0,23.229370000990457,manual
1767861275940,Sunny,Day,0.030034722222222223,60.06944444444444,,23.02487400083919,manual
1767861275971,Sunny,Day,0.03129340277777778,62.58680555555556,-50.0,23.468253000828554,manual
1767861276003,Sunny,Day,0.03459201388888889,69.18402777777779,-49.0,23.847634000048856,manual
1767861276035,Sunny,Day,0.028862847222222224,57.72569444444445,-45.0,22.760713000025135,manual
1767861276066,Sunny,Day,0.03307291666666667,66.14583333333333,-45.0,20.99636200000532,manual
1767861276098,Sunny,Day,0.029253472222222222,58.50694444444444,-45.0,22.723250000126427,manual
1767861276130,Sunny,Day,0.023480902777777778,46.96180555555556,,23.836708000089857,manual
1767861276160,Sunny,Day,0.027864583333333335,55.72916666666667,-7.0,21.952064000288374,manual
1767861276191,Sunny,Day,0.02521701388888889,50.43402777777778,,22.586623999814037,manual
1767861276223,Sunny,Day,0.023394097222222222,46.78819444444444,,23.435234999851673,manual
1767861276254,Sunny,Day,0.029557291666666666,59.11458333333333,0.0,23.30409000023792,manual
1767861276285,Sunny,Day,0.028819444444444446,57.63888888888889,1.0,22.91596900067816,manual
1767861276319,Sunny,Day,0.028428819444444444,56.857638888888886,2.0,25.66981699965254,manual
1767861276349,Sunny,Day,0.029774305555555554,59.54861111111111,4.0,20.66586900036782,manual
1767861276380,Sunny,Day,0.027213541666666667,54.427083333333336,4.0,22.816618999058846,manual
1767861276413,Sunny,Day,0.02816840277777778,56.33680555555556,6.0,24.99558999988949,manual
1767861276443,Sunny,Day,0.027300347222222222,54.60069444444444,6.0,20.662868999352213,manual
1767861276476,Sunny,Day,0.02734375,54.6875,8.0,23.932521000460838,manual
1767861276505,Sunny,Day,0.02621527777777778,52.43055555555556,10.0,20.422151999810012,manual
1767861276538,Sunny,Day,0.025607638888888888,51.21527777777778,9.0,25.32358299868065,manual
1767861276568,Sunny,Day,0.024652777777777777,49.30555555555556,11.0,21.372687000621227,manual
1767861276601,Sunny,Day,0.025607638888888888,51.21527777777778,11.0,25.59426299922052,manual
1767861276631,Sunny,Day,0.024522569444444444,49.045138888888886,13.0,21.559684000749257,manual
1767861276662,Sunny,Day,0.02443576388888889,48.87152777777778,14.0,22.81763700011652,manual
1767861276696,Sunny,Day,0.022743055555555555,45.48611111111111,14.0,24.965386999610928,manual
1767861276729,Sunny,Day,0.0234375,46.875,15.0,28.583216999322758,auto
1767861276757,Sunny,Day,0.022352430555555556,44.704861111111114,15.0,13.351638001040556,auto
1767861276789,Sunny,Day,0.021484375,42.96875,15.0,22.22729899949627,auto
1767861276819,Sunny,Day,0.021701388888888888,43.40277777777778,15.0,21.38116800051648,auto
1767861276850,Sunny,Day,0.024696180555555555,49.39236111111111,13.0,21.883158000491676,auto
1767861276881,Sunny,Day,0.023741319444444443,47.482638888888886,13.0,23.2162590000371,auto
1767861276915,Sunny,Day,0.02599826388888889,51.99652777777778,11.0,25.1989570006117,auto
1767861276948,Sunny,Day,0.02673611111111111,53.47222222222222,10.0,22.864063001179602,auto
1767861276976,Sunny,Day,0.029253472222222222,58.50694444444444,12.0,19.13360500111594,auto
1767861277008,Sunny,Day,0.028559027777777777,57.11805555555556,9.0,23.16105600039009,auto
1767861277040,Sunny,Day,0.0296875,59.375,9.0,21.51131400023587,auto
1767861277072,Sunny,Day,0.02964409722222222,59.28819444444444,7.0,20.132436000494636,auto
1767861277103,Sunny,Day,0.02990451388888889,59.80902777777778,6.0,21.59544200003438,auto
1767861277134,Sunny,Day,0.02834201388888889,56.68402777777778,8.0,21.215950000623707,auto
1767861277165,Sunny,Day,0.026085069444444445,52.17013888888889,7.0,21.803104000355233,auto
1767861277197,Sunny,Day,0.026866319444444446,53.73263888888889,15.0,22.10496800034889,auto
1767861277228,Sunny,Day,0.028819444444444446,57.63888888888889,7.0,21.547202000874677,auto
1767861277259,Sunny,Day,0.029253472222222222,58.50694444444444,3.0,22.94204299869307,auto
1767861277290,Sunny,Day,0.03576388888888889,71.52777777777777,1.0,22.252409000429907,auto
1767861277322,Sunny,Day,0.030555555555555555,61.11111111111111,-1.0,23.15946300041105,auto
1767861277353,Sunny,Day,0.0296875,59.375,,22.280686000158312,auto
1767861277385,Sunny,Day,0.026779513888888887,53.55902777777777,,20.202787000016542,auto
1767861277419,Sunny,Day,0.029036458333333334,58.07291666666667,31.0,25.929182000254514,auto
1767861277448,Sunny,Day,0.025260416666666667,50.520833333333336,18.0,19.727149001482758,auto
1767861277479,Sunny,Day,0.02699652777777778,53.99305555555556,19.0,17.775005999283167,auto
1767861277510,Sunny,Day,0.034722222222222224,69.44444444444444,-5.0,22.04967299985583,auto
1767861277541,Sunny,Day,0.03480902777777778,69.61805555555556,-3.0,22.712677000527037,auto
1767861277573,Sunny,Day,0.03424479166666667,68.48958333333334,-10.0,22.98191199952271,auto
1767861277608,Sunny,Day,0.03233506944444445,64.6701388888889,-10.0,26.980065998941427,auto
1767861277637,Sunny,Day,0.030859375,61.71875,24.0,19.89895900078409,auto
1767861277668,Sunny,Day,0.031727430555555554,63.45486111111111,21.0,21.80706699982693,auto
1767861277699,Sunny,Day,0.028081597222222223,56.16319444444444,,21.283485999447294,auto
1767861277731,Sunny,Day,0.037022569444444445,74.04513888888889,-7.0,19.728612000108114,auto
1767861277764,Sunny,Day,0.04709201388888889,94.18402777777777,-17.0,19.99042100032966,auto
1767861277793,Sunny,Day,0.0328125,65.625,,17.21290700152167,auto
1767861277827,Sunny,Day,0.035633680555555554,71.26736111111111,,25.466246999712894,auto
1767861277855,Sunny,Day,0.03624131944444445,72.4826388888889,-23.0,19.739295999897877,auto
1767861277887,Sunny,Day,0.022786458333333332,45.572916666666664,,22.575736000362667,auto
1767861277919,Sunny,Day,0.028776041666666665,57.55208333333333,,24.292660998980864,auto
1767861277954,Sunny,Day,0.03125,62.5,,26.242916001137928,auto
1767861277982,Sunny,Day,0.02834201388888889,56.68402777777778,,19.39676700021664,auto
1767861278014,Sunny,Day,0.026085069444444445,52.17013888888889,,22.675455000353395,auto
1767861278046,Sunny,Day,0.028645833333333332,57.291666666666664,,21.803529998578597,auto
1767861278080,Sunny,Day,0.026866319444444446,53.73263888888889,,25.43750699987868,auto
1767861278106,Sunny,Day,0.027213541666666667,54.427083333333336,,18.69472700127517,auto
1767861278139,Sunny,Day,0.025347222222222222,50.69444444444444,,23.635175999515923,auto
1767861278172,Sunny,Day,0.028125,56.25,,24.539137999454397,auto
1767861278203,Sunny,Day,0.024131944444444445,48.26388888888889,,23.483827000745805,auto
1767861278233,Sunny,Day,0.019965277777777776,39.93055555555555,,13.857904999895254,auto
1767861278264,Sunny,Day,0.019401041666666667,38.802083333333336,,15.412557000672678,auto
1767861278295,Sunny,Day,0.021788194444444443,43.576388888888886,,19.727500000954024,auto
1767861278326,Sunny,Day,0.02035590277777778,40.71180555555556,,21.68644000084896,auto
1767861278357,Sunny,Day,0.02378472222222222,47.56944444444444,,23.479920000681886,auto
1767861278388,Sunny,Day,0.020616319444444444,41.232638888888886,,24.029648000578163,auto
1767861278418,Sunny,Day,0.021354166666666667,42.708333333333336,,23.996631000045454,auto
1767861278450,Sunny,Day,0.020442708333333334,40.885416666666664,,25.31513899884885,auto
1767861278481,Sunny,Day,0.025390625,50.78125,,24.2375699999684,auto
1767861278513,Sunny,Day,0.022048611111111113,44.09722222222223,,23.489642000640742,auto
1767861278544,Sunny,Day,0.02248263888888889,44.96527777777778,,24.78092899946205,auto
1767861278576,Sunny,Day,0.021875,43.75,,24.07412899992778,auto
1767861278609,Sunny,Day,0.023480902777777778,46.96180555555556,,20.73690399993211,auto
1767861278641,Sunny,Day,0.022786458333333332,45.572916666666664,,23.27805300046748,auto
1767861278670,Sunny,Day,0.02183159722222222,43.66319444444444,,19.61276200017892,auto
1767861278701,Sunny,Day,0.021354166666666667,42.708333333333336,,24.243625999588403,auto
1767861278734,Sunny,Day,0.022178819444444445,44.35763888888889,,25.93856999919808,auto
1767861278764,Sunny,Day,0.020789930555555555,41.57986111111111,,23.648934000448207,auto
1767861278796,Sunny,Day,0.02829861111111111,56.59722222222222,,24.467638999340124,auto
1767861278829,Sunny,Day,0.02109375,42.1875,,25.270881000324152,auto
1767861278859,Sunny,Day,0.02209201388888889,44.18402777777778,,22.845155001050443,auto
1767861278889,Sunny,Day,0.022222222222222223,44.44444444444444,,24.284975999762537,auto
1767861278921,Sunny,Day,0.019270833333333334,38.54166666666667,,24.947480000264477,auto
1767861278953,Sunny,Day,0.023871527777777776,47.74305555555555,,24.959573000160162,auto
1767861278984,Sunny,Day,0.02282986111111111,45.65972222222222,,24.69539400044596,auto
1767861279015,Sunny,Day,0.02131076388888889,42.62152777777778,,24.84866799932206,auto
1767861279047,Sunny,Day,0.025173611111111112,50.34722222222222,,24.835537999024382,auto
1767861279082,Sunny,Day,0.022699652777777777,45.39930555555556,,28.36472099988896,auto
1767861279110,Sunny,Day,0.022743055555555555,45.48611111111111,,20.618722001017886,auto
1767861279141,Sunny,Day,0.023480902777777778,46.96180555555556,,25.037774999873363,auto
1767861279172,Sunny,Day,0.02378472222222222,47.56944444444444,,23.47006799936935,auto
1767861279205,Sunny,Day,0.019791666666666666,39.58333333333333,,25.918199999068747,auto
1767861279235,Sunny,Day,0.02456597222222222,49.13194444444444,,23.088538999218144,auto
1767861279266,Sunny,Day,0.022222222222222223,44.44444444444444,,24.92655499918328,auto
1767861279298,Sunny,Day,0.023914930555555554,47.82986111111111,,23.51132600051642,auto
1767861279329,Sunny,Day,0.0265625,53.125,,28.120523000325193,manual
1767861279360,Sunny,Day,0.024913194444444446,49.82638888888889,,22.310074999040808,manual
1767861279392,Sunny,Day,0.026649305555555555,53.29861111111111,,24.900518999857013,manual
1767861279423,Sunny,Day,0.025303819444444445,50.60763888888889,,24.521712000932894,manual
1767861279455,Sunny,Day,0.020833333333333332,41.666666666666664,,25.011682000695146,manual
1767861279488,Sunny,Day,0.028211805555555556,56.423611111111114,,26.772885999889695,manual
1767861279517,Sunny,Day,0.021527777777777778,43.05555555555556,,22.06570899943472,manual
1767861279551,Sunny,Day,0.018359375,36.71875,,26.67461000055482,manual
1767861279580,Sunny,Day,0.019053819444444446,38.10763888888889,,21.987230000377167,manual
1767861279613,Sunny,Day,0.021267361111111112,42.53472222222222,,29.18666700134054,manual
1767861279643,Sunny,Day,0.024826388888888887,49.65277777777777,,20.458392000364256,manual
1767861279675,Sunny,Day,0.02261284722222222,45.22569444444444,,25.243160000172793,manual
1767861279706,Sunny,Day,0.021397569444444445,42.79513888888889,,25.272250999478274,manual
1767861279737,Sunny,Day,0.02243923611111111,44.87847222222222,,24.406066000665305,manual
1767861279770,Sunny,Day,0.022395833333333334,44.791666666666664,,26.017456999397837,manual
1767861279802,Sunny,Day,0.024696180555555555,49.39236111111111,,25.648038999861456,manual
1767861279831,Sunny,Day,0.0265625,53.125,-51.0,22.496477999084163,manual
1767861279863,Sunny,Day,0.02478298611111111,49.56597222222222,-49.0,25.139309000223875,manual
1767861279894,Sunny,Day,0.021397569444444445,42.79513888888889,,23.75656200092635,manual
1767861279926,Sunny,Day,0.022569444444444444,45.138888888888886,-54.0,24.64237599997432,manual
1767861279960,Sunny,Day,0.01840277777777778,36.80555555555556,-54.0,27.34231800059206,manual
1767861279989,Sunny,Day,0.026171875,52.34375,,21.87997299915878,manual
1767861280022,Sunny,Day,0.025,50.0,,26.85568000015337,manual
1767861280051,Sunny,Day,0.02035590277777778,40.71180555555556,,22.204743001566385,manual
1767861280084,Sunny,Day,0.02282986111111111,45.65972222222222,-53.0,25.13393899971561,manual
1767861280115,Sunny,Day,0.026432291666666666,52.864583333333336,,22.81530400068732,manual
1767861280145,Sunny,Day,0.020746527777777777,41.49305555555556,,20.44404099979147,manual
1767861280178,Sunny,Day,0.025954861111111113,51.90972222222223,-56.0,28.0970609983342,manual
1767861280208,Sunny,Day,0.022743055555555555,45.48611111111111,-57.0,22.028432998922653,manual
1767861280240,Sunny,Day,0.027734375,55.46875,,24.924332999944454,manual
1767861280271,Sunny,Day,0.03029513888888889,60.59027777777778,-46.0,24.94870299960894,manual
1767861280302,Sunny,Day,0.03090277777777778,61.80555555555556,-49.0,24.936166000770754,manual
1767861280334,Sunny,Day,0.02868923611111111,57.37847222222222,-48.0,24.914666999393376,manual
1767861280365,Sunny,Day,0.030815972222222224,61.63194444444445,-58.0,24.94387000115239,manual
1767861280397,Sunny,Day,0.026041666666666668,52.083333333333336,-60.0,24.451732000670745,manual
1767861280428,Sunny,Day,0.03029513888888889,60.59027777777778,-57.0,24.22851399933279,manual
1767861280459,Sunny,Day,0.030859375,61.71875,-54.0,24.89513000000443,manual
1767861280491,Sunny,Day,0.027300347222222222,54.60069444444444,-59.0,24.969332000182476,manual
1767861280522,Sunny,Day,0.02868923611111111,57.37847222222222,-62.0,24.299180000525666,manual
1767861280554,Sunny,Day,0.02816840277777778,56.33680555555556,,27.986471000986057,manual
1767861280585,Sunny,Day,0.02751736111111111,55.03472222222222,-61.0,22.860562999994727,manual
1767861280617,Sunny,Day,0.032942708333333334,65.88541666666667,-58.0,20.682610000221757,manual
1767861280648,Sunny,Day,0.03381076388888889,67.62152777777777,-60.0,24.76235500034818,manual
1767861280681,Sunny,Day,0.033116319444444445,66.23263888888889,-56.0,26.32982099930814,manual
1767861280712,Sunny,Day,0.036458333333333336,72.91666666666667,-49.0,24.145886998667265,manual
1767861280742,Sunny,Day,0.033116319444444445,66.23263888888889,-46.0,22.126041001683916,manual
1767861280773,Sunny,Day,0.03511284722222222,70.22569444444444,-42.0,24.659598000653205,manual
1767861280805,Sunny,Day,0.03658854166666667,73.17708333333334,-40.0,24.48034300141444,manual
1767861280836,Sunny,Day,0.03359375,67.1875,-37.0,23.556455000289134,manual
1767861280869,Sunny,Day,0.035069444444444445,70.13888888888889,-34.0,26.147140000830404,manual
1767861280899,Sunny,Day,0.03246527777777778,64.93055555555556,-30.0,23.088410000127624,manual
1767861280930,Sunny,Day,0.0328125,65.625,-30.0,25.165549999655923,manual
1767861280962,Sunny,Day,0.033680555555555554,67.36111111111111,-24.0,24.785928999335738,manual
1767861280993,Sunny,Day,0.032942708333333334,65.88541666666667,-23.0,24.192163000407163,auto
1767861281026,Sunny,Day,0.03498263888888889,69.96527777777779,-16.0,24.85616800004209,auto
1767861281057,Sunny,Day,0.03832465277777778,76.64930555555556,-15.0,21.919157001320855,auto
1767861281091,Sunny,Day,0.03428819444444445,68.5763888888889,-8.0,27.720346999558387,auto
1767861281119,Sunny,Day,0.033289930555555555,66.57986111111111,-6.0,20.692775999123114,auto
1767861281150,Sunny,Day,0.03155381944444444,63.107638888888886,-9.0,20.212989998981357,auto
1767861281182,Sunny,Day,0.034722222222222224,69.44444444444444,1.0,23.988926999663818,auto
1767861281213,Sunny,Day,0.03697916666666667,73.95833333333333,4.0,24.731577999773435,auto
1767861281246,Sunny,Day,0.03428819444444445,68.5763888888889,3.0,26.75236699906236,auto
1767861281276,Sunny,Day,0.03585069444444444,71.70138888888889,4.0,21.827399001267622,auto
1767861281307,Sunny,Day,0.03619791666666667,72.39583333333334,2.0,24.86050100014836,auto
1767861281338,Sunny,Day,0.03680555555555556,73.61111111111111,0.0,24.90475899867306,auto
1767861281370,Sunny,Day,0.03771701388888889,75.43402777777777,2.0,24.853834000168717,auto
1767861281401,Sunny,Day,0.03381076388888889,67.62152777777777,-1.0,23.782042000675574,auto
1767861281435,Sunny,Day,0.03602430555555555,72.0486111111111,-1.0,26.658666000002995,auto
1767861281465,Sunny,Day,0.033984375,67.96875,-2.0,22.263390999796684,auto
1767861281495,Sunny,Day,0.03910590277777778,78.21180555555556,-2.0,23.723358999632183,auto
1767861281527,Sunny,Day,0.03411458333333333,68.22916666666666,-3.0,23.706156000116607,auto
1767861281558,Sunny,Day,0.03845486111111111,76.90972222222223,-3.0,24.342827000509715,auto
1767861281591,Sunny,Day,0.03359375,67.1875,-2.0,25.713778999488568,auto
1767861281622,Sunny,Day,0.03446180555555556,68.92361111111111,-3.0,24.583266998888575,auto
1767861281652,Sunny,Day,0.035243055555555555,70.48611111111111,0.0,23.922966000100132,auto
1767861281687,Sunny,Day,0.03463541666666667,69.27083333333334,-4.0,27.337502999216667,auto
1767861281717,Sunny,Day,0.03420138888888889,68.40277777777779,-9.0,23.051928999848315,auto
1767861281747,Sunny,Day,0.03194444444444444,63.888888888888886,-4.0,22.355147000780562,auto
1767861281781,Sunny,Day,0.03728298611111111,74.56597222222221,-3.0,26.695036000091932,auto
1767861281812,Sunny,Day,0.03615451388888889,72.30902777777779,-5.0,24.248957999589038,auto
1767861281843,Sunny,Day,0.03394097222222222,67.88194444444444,-3.0,23.835060001147212,auto
1767861281872,Sunny,Day,0.03407118055555555,68.1423611111111,-2.0,22.403258000849746,auto
1767861281906,Sunny,Day,0.031727430555555554,63.45486111111111,-4.0,27.264022999588633,auto
1767861281937,Sunny,Day,0.03394097222222222,67.88194444444444,-4.0,23.804671998732374,auto
1767861281966,Sunny,Day,0.031640625,63.28125,-1.0,22.034932000678964,auto
1767861281998,Sunny,Day,0.03181423611111111,63.62847222222222,-2.0,24.260922000394203,auto
1767861282031,Sunny,Day,0.03415798611111111,68.31597222222221,-1.0,21.19441399918287,auto
1767861282061,Sunny,Day,0.030946180555555557,61.892361111111114,-2.0,22.27477899941732,auto
1767861282096,Sunny,Day,0.030685763888888887,61.37152777777777,-3.0,28.672825999819906,auto
1767861282123,Sunny,Day,0.032942708333333334,65.88541666666667,-1.0,19.194456999684917,auto
1767861282155,Sunny,Day,0.031206597222222222,62.41319444444444,-1.0,23.97501999985252,auto
1767861282186,Sunny,Day,0.030381944444444444,60.763888888888886,-4.0,24.68426399900636,auto
1767861282218,Sunny,Day,0.028776041666666665,57.55208333333333,-5.0,25.275325000620796,auto
1767861282250,Sunny,Day,0.03480902777777778,69.61805555555556,-2.0,24.5935989987629,auto
1767861282282,Sunny,Day,0.030338541666666666,60.677083333333336,-3.0,25.06714499941154,auto
1767861282312,Sunny,Day,0.031119791666666667,62.239583333333336,-3.0,23.73008100039442,auto
1767861282343,Sunny,Day,0.03029513888888889,60.59027777777778,-2.0,24.78244699887,auto
1767861282375,Sunny,Day,0.03194444444444444,63.888888888888886,-1.0,24.540673999581486,auto
1767861282408,Sunny,Day,0.032552083333333336,65.10416666666667,-2.0,26.370671999757178,auto
1767861282438,Sunny,Day,0.032552083333333336,65.10416666666667,-5.0,22.239519999857293,auto
1767861282469,Sunny,Day,0.03372395833333333,67.44791666666666,-4.0,25.07036700080789,auto
1767861282501,Sunny,Day,0.030338541666666666,60.677083333333336,-8.0,24.804835999020725,auto
1767861282532,Sunny,Day,0.03606770833333333,72.13541666666666,1.0,25.051942000573035,auto
1767861282564,Sunny,Day,0.033680555555555554,67.36111111111111,-1.0,25.053645000298275,auto
1767861282594,Sunny,Day,0.030598958333333332,61.197916666666664,-1.0,23.922780999782844,auto
1767861282626,Sunny,Day,0.03359375,67.1875,1.0,24.058962999333744,auto
1767861282657,Sunny,Day,0.03203125,64.0625,1.0,24.71735599829117,auto
1767861282689,Sunny,Day,0.03407118055555555,68.1423611111111,3.0,24.576988000262645,auto
1767861282723,Sunny,Day,0.029427083333333333,58.854166666666664,1.0,27.518295999470865,auto
1767861282754,Sunny,Day,0.028515625,57.03125,0.0,24.51087900044513,auto
1767861282783,Sunny,Day,0.02699652777777778,53.99305555555556,-2.0,22.424182998292963,auto
1767861282816,Sunny,Day,0.028038194444444445,56.07638888888889,0.0,26.489576999665587,auto
1767861282847,Sunny,Day,0.026953125,53.90625,-5.0,24.21279300142487,auto
1767861282878,Sunny,Day,0.030034722222222223,60.06944444444444,1.0,24.508249000064097,auto
1767861282909,Sunny,Day,0.03177083333333333,63.541666666666664,0.0,24.10464700005832,auto
1767861282943,Sunny,Day,0.03372395833333333,67.44791666666666,1.0,27.486647999467095,auto
1767861282971,Sunny,Day,0.031163194444444445,62.32638888888889,1.0,21.13804500004335,auto
1767861283003,Sunny,Day,0.032942708333333334,65.88541666666667,1.0,24.910759999329457,auto
1767861283034,Sunny,Day,0.028211805555555556,56.423611111111114,-2.0,24.89244500065979,auto
1767861283066,Sunny,Day,0.030946180555555557,61.892361111111114,-1.0,24.256920998595888,auto
1767861283097,Sunny,Day,0.03407118055555555,68.1423611111111,-2.0,22.40010999958031,auto
1767861283128,Sunny,Day,0.03181423611111111,63.62847222222222,-3.0,24.95164699939778,auto
1767861283160,Sunny,Day,0.030989583333333334,61.97916666666667,-2.0,24.532601000828436,auto
1767861283193,Sunny,Day,0.02990451388888889,59.80902777777778,-4.0,26.34091400068428,auto
1767861283222,Sunny,Day,0.029817708333333335,59.63541666666667,-4.0,22.431830999266822,auto
1767861283254,Sunny,Day,0.03107638888888889,62.15277777777778,-5.0,24.21514500019839,auto
1767861283288,Sunny,Day,0.025868055555555554,51.73611111111111,-9.0,26.097715001014876,auto
1767861283320,Sunny,Day,0.028038194444444445,56.07638888888889,-9.0,24.694690000615083,auto
1767861283352,Sunny,Day,0.032552083333333336,65.10416666666667,-2.0,21.439853000629228,auto
1767861283383,Sunny,Day,0.03333333333333333,66.66666666666667,-4.0,22.073708998505026,auto
1767861283413,Sunny,Day,0.0265625,53.125,-4.0,20.69188700079394,auto
1767861283446,Sunny,Day,0.03185763888888889,63.71527777777777,0.0,24.51854599894432,auto
1767861283476,Sunny,Day,0.028993055555555557,57.986111111111114,1.0,19.442153999989387,auto
1767861283507,Sunny,Day,0.030164930555555556,60.329861111111114,2.0,19.719056001122226,auto
1767861283539,Sunny,Day,0.03315972222222222,66.31944444444444,4.0,22.578420999707305,auto
1767861283572,Sunny,Day,0.034895833333333334,69.79166666666667,4.0,24.283161999846925,auto
1767861283602,Sunny,Day,0.03376736111111111,67.53472222222221,2.0,21.017417000621208,auto
1767861283636,Sunny,Day,0.03650173611111111,73.00347222222223,5.0,25.327860999823315,auto
1767861283666,Sunny,Day,0.034027777777777775,68.05555555555554,1.0,20.615165998606244,auto
1767861283696,Sunny,Day,0.03528645833333333,70.57291666666667,-1.0,19.173456999851624,auto
1767861283727,Sunny,Day,0.03602430555555555,72.0486111111111,0.0,22.444386000643135,auto
1767861283759,Sunny,Day,0.03637152777777778,72.74305555555556,0.0,23.813486001017736,auto
1767861283789,Sunny,Day,0.032552083333333336,65.10416666666667,-3.0,21.82139999968058,auto
1767861283821,Sunny,Day,0.03671875,73.4375,-3.0,24.04174100047385,auto
1767861283853,Sunny,Day,0.033463541666666666,66.92708333333333,-1.0,22.338574000968947,auto
1767861283885,Sunny,Day,0.03511284722222222,70.22569444444444,0.0,23.846577998483554,auto
1767861283916,Sunny,Day,0.033984375,67.96875,-3.0,20.08764099991822,auto
1767861283949,Sunny,Day,0.03680555555555556,73.61111111111111,-4.0,24.45258399893646,auto
1767861283978,Sunny,Day,0.033984375,67.96875,0.0,20.58703799957584,auto
1767861284010,Sunny,Day,0.036631944444444446,73.26388888888889,-1.0,22.69084399995336,auto
1767861284043,Sunny,Day,0.036284722222222225,72.56944444444446,-4.0,24.405899999692338,auto
1767861284074,Sunny,Day,0.034678819444444446,69.35763888888889,0.0,20.31156200064288,auto
1767861284104,Sunny,Day,0.03355034722222222,67.10069444444444,0.0,19.98701299999084,auto
1767861284136,Sunny,Day,0.031032986111111112,62.06597222222222,-2.0,22.87763599997561,auto
1767861284167,Sunny,Day,0.03285590277777778,65.71180555555556,-1.0,21.996600000420585,auto
1767861284199,Sunny,Day,0.03064236111111111,61.28472222222222,0.0,24.076203000731766,auto
1767861284229,Sunny,Day,0.028819444444444446,57.63888888888889,0.0,21.672496000974206,auto
1767861284263,Sunny,Day,0.03142361111111111,62.84722222222222,1.0,24.82311300082074,auto
1767861284294,Sunny,Day,0.03129340277777778,62.58680555555556,1.0,20.802626000659075,auto
1767861284323,Sunny,Day,0.03381076388888889,67.62152777777777,2.0,20.256452000467107,auto
1767861284356,Sunny,Day,0.028081597222222223,56.16319444444444,2.0,23.554417999548605,auto
1767861284386,Sunny,Day,0.030164930555555556,60.329861111111114,2.0,21.666421000190894,auto
1767861284419,Sunny,Day,0.028081597222222223,56.16319444444444,3.0,24.10735099874728,auto
1767861284450,Sunny,Day,0.033637152777777776,67.27430555555556,3.0,20.777458999873488,auto
1767861284483,Sunny,Day,0.031901041666666664,63.80208333333333,4.0,23.831467999116285,auto
1767861284514,Sunny,Day,0.03441840277777778,68.83680555555556,4.0,21.458110999446944,auto
1767861284543,Sunny,Day,0.029817708333333335,59.63541666666667,3.0,20.489299000473693,auto
1767861284576,Sunny,Day,0.03585069444444444,71.70138888888889,5.0,24.263940000309958,auto
1767861284608,Sunny,Day,0.03927951388888889,78.55902777777777,3.0,24.128627999743912,auto
1767861284638,Sunny,Day,0.033289930555555555,66.57986111111111,4.0,20.067659999767784,auto
1767861284670,Sunny,Day,0.029036458333333334,58.07291666666667,4.0,22.01785900069808,auto
1767861284703,Sunny,Day,0.030338541666666666,60.677083333333336,3.0,23.91335500033165,auto
1767861284732,Sunny,Day,0.03411458333333333,68.22916666666666,3.0,19.681982999827596,auto
1767861284763,Sunny,Day,0.03511284722222222,70.22569444444444,4.0,22.79147099943657,auto
1767861284795,Sunny,Day,0.03198784722222222,63.975694444444436,3.0,22.520088001328986,auto
1767861284828,Sunny,Day,0.037022569444444445,74.04513888888889,5.0,23.925687999508227,auto
1767861284858,Sunny,Day,0.03480902777777778,69.61805555555556,5.0,20.41052300046431,auto
1767861284891,Sunny,Day,0.03567708333333333,71.35416666666666,5.0,24.20234800047183,auto
1767861284923,Sunny,Day,0.03654513888888889,73.09027777777779,6.0,23.146834000726813,auto
1767861284952,Sunny,Day,0.04435763888888889,88.71527777777779,5.0,20.313654998972197,auto
1767861284985,Sunny,Day,0.04162326388888889,83.24652777777777,6.0,24.545173999285907,auto
1767861285017,Sunny,Day,0.04370659722222222,87.41319444444444,6.0,22.01659899947117,auto
1767861285046,Sunny,Day,0.03589409722222222,71.78819444444444,7.0,19.820720999632613,auto
1767861285077,Sunny,Day,0.038671875,77.34375,8.0,22.33942500060948,auto
1767861285109,Sunny,Day,0.040581597222222224,81.16319444444444,7.0,19.874497998898732,auto
1767861285140,Sunny,Day,0.045008680555555555,90.01736111111111,6.0,22.999134000201593,auto
1767861285172,Sunny,Day,0.03993055555555555,79.8611111111111,5.0,22.39136900061567,auto
1767861285203,Sunny,Day,0.03845486111111111,76.90972222222223,5.0,22.792398000092362,auto
1767861285234,Sunny,Day,0.039713541666666664,79.42708333333333,6.0,21.513999001399498,auto
1767861285266,Sunny,Day,0.04301215277777778,86.02430555555556,7.0,17.949075998330954,auto
1767861285298,Sunny,Day,0.042578125,85.15625,8.0,23.937244000990177,auto
1767861285329,Sunny,Day,0.04943576388888889,98.87152777777777,9.0,20.415393000803306,auto
1767861285360,Sunny,Day,0.04301215277777778,86.02430555555556,9.0,22.600049998800387,auto
1767861285393,Sunny,Day,0.046961805555555555,93.92361111111111,7.0,24.50745299938717,auto
1767861285423,Sunny,Day,0.039539930555555554,79.07986111111111,6.0,21.46459300092829,auto
1767861285455,Sunny,Day,0.03901909722222222,78.03819444444444,6.0,23.134630999265937,auto
1767861285486,Sunny,Day,0.04123263888888889,82.46527777777777,6.0,21.310206999260117,auto
1767861285518,Sunny,Day,0.044140625,88.28125,7.0,23.814375999791082,auto
1767861285551,Sunny,Day,0.041493055555555554,82.98611111111111,7.0,22.598382998694433,auto
1767861285581,Sunny,Day,0.04097222222222222,81.94444444444444,7.0,21.173395000005257,auto
1767861285613,Sunny,Day,0.040190972222222225,80.38194444444446,8.0,22.045486999559216,auto
1767861285644,Sunny,Day,0.04131944444444444,82.63888888888889,8.0,22.19444799993653,auto
1767861285674,Sunny,Day,0.04552951388888889,91.05902777777777,8.0,21.106416001202888,auto
1767861285705,Sunny,Day,0.04700520833333333,94.01041666666667,10.0,22.74115799991705,auto
1767861285737,Sunny,Day,0.042534722222222224,85.06944444444444,7.0,23.27107200108003,auto
1767861285769,Sunny,Day,0.04722222222222222,94.44444444444444,7.0,21.213301999523537,auto
1767861285800,Sunny,Day,0.04583333333333333,91.66666666666666,6.0,22.250668000197038,auto
1767861285831,Sunny,Day,0.04743923611111111,94.87847222222221,7.0,18.326474999412312,auto
1767861285862,Sunny,Day,0.04522569444444444,90.45138888888889,7.0,22.870210001201485,auto
1767861285895,Sunny,Day,0.0515625,100.0,8.0,24.702077998881578,auto
1767861285929,Sunny,Day,0.048350694444444446,96.70138888888889,7.0,24.40115900026285,auto
1767861285957,Sunny,Day,0.04952256944444444,99.04513888888889,6.0,18.81670500006294,auto
1767861285988,Sunny,Day,0.04670138888888889,93.40277777777779,,21.270949000609107,auto
1767861286022,Sunny,Day,0.050520833333333334,100.0,6.0,24.4078809992061,auto
1767861286053,Sunny,Day,0.049262152777777776,98.52430555555556,7.0,22.621660000368138,auto
1767861286082,Sunny,Day,0.05256076388888889,100.0,7.0,15.846880000026431,auto
1767861286113,Sunny,Day,0.05138888888888889,100.0,6.0,23.346866999418125,auto
1767861286145,Sunny,Day,0.056206597222222224,100.0,6.0,20.134307000262197,auto
1767861286178,Sunny,Day,0.05486111111111111,100.0,8.0,23.507956000685226,auto
1767861286208,Sunny,Day,0.05967881944444445,100.0,8.0,21.96006399935868,auto
1767861286240,Sunny,Day,0.04982638888888889,99.65277777777779,,23.68550800019875,auto
1767861286271,Sunny,Day,0.047135416666666666,94.27083333333333,,21.80954800132895,auto
1767861286303,Sunny,Day,0.04913194444444444,98.26388888888889,7.0,24.467047000143793,auto
1767861286335,Sunny,Day,0.046875,93.75,,23.170481999841286,auto
1767861286365,Sunny,Day,0.05234375,100.0,,20.087696000700817,auto
1767861286396,Sunny,Day,0.05134548611111111,100.0,,23.112131999369012,auto
1767861286429,Sunny,Day,0.04852430555555556,97.04861111111111,,17.560974001753493,auto
1767861286459,Sunny,Day,0.04348958333333333,86.97916666666666,,21.998932999849785,auto
1767861286492,Sunny,Day,0.03888888888888889,77.77777777777779,,18.830020000677905,auto
1767861286525,Sunny,Day,0.03302951388888889,66.05902777777779,,24.666949999300414,auto
1767861286556,Sunny,Day,0.028776041666666665,57.55208333333333,,20.345820999864372,auto
1767861286585,Sunny,Day,0.033984375,67.96875,,20.84242099954281,auto
1767861286618,Sunny,Day,0.03480902777777778,69.61805555555556,,22.98296699882485,auto
1767861286648,Sunny,Day,0.03250868055555556,65.01736111111111,,20.598537999831024,auto
1767861286679,Sunny,Day,0.029253472222222222,58.50694444444444,,22.810915999798453,auto
1767861286712,Sunny,Day,0.030598958333333332,61.197916666666664,,24.75065200087556,auto
1767861286744,Sunny,Day,0.031336805555555555,62.67361111111111,,22.188281000126153,auto
1767861286774,Sunny,Day,0.029166666666666667,58.333333333333336,,20.728460000100313,auto
1767861286806,Sunny,Day,0.029427083333333333,58.854166666666664,,22.821897000540048,auto
1767861286837,Sunny,Day,0.02912326388888889,58.24652777777778,,22.218760999749065,auto
1767861286870,Sunny,Day,0.030381944444444444,60.763888888888886,,19.194604999938747,auto
1767861286898,Sunny,Day,0.03211805555555555,64.2361111111111,,19.50083799965796,auto
1767861286936,Sunny,Day,0.03090277777777778,61.80555555555556,,29.26547999959439,auto
1767861286964,Sunny,Day,0.03389756944444444,67.79513888888889,,18.27651299936406,auto
1767861286997,Sunny,Day,0.03376736111111111,67.53472222222221,,18.06860999931814,auto
1767861287025,Sunny,Day,0.035590277777777776,71.18055555555556,,19.087255001068115,auto
1767861287057,Sunny,Day,0.03407118055555555,68.1423611111111,,18.120331998943584,auto
1767861287088,Sunny,Day,0.03567708333333333,71.35416666666666,,21.261004998450517,auto
1767861287118,Sunny,Day,0.034765625,69.53125,,20.858420999502414,auto
1767861287150,Sunny,Day,0.03923611111111111,78.47222222222221,,14.918307999323588,auto
1767861287182,Sunny,Day,0.036848958333333334,73.69791666666667,,23.473698000088916,auto
1767861287213,Sunny,Day,0.042534722222222224,85.06944444444444,,16.507902999364887,auto
1767861287244,Sunny,Day,0.03871527777777778,77.43055555555556,,23.689192999881925,auto
1767861287276,Sunny,Day,0.040755208333333334,81.51041666666667,,23.773672999595874,auto
1767861287306,Sunny,Day,0.03927951388888889,78.55902777777777,,21.790196999063483,auto
1767861287338,Sunny,Day,0.04318576388888889,86.37152777777777,,24.32782800133282,auto
1767861287371,Sunny,Day,0.0375,75.0,,24.493304999850807,auto
1767861287401,Sunny,Day,0.04565972222222222,91.31944444444444,,20.767848000105005,auto
1767861287435,Sunny,Day,0.04765625,95.3125,,24.77828100018087,auto
1767861287466,Sunny,Day,0.04227430555555556,84.54861111111111,,21.809918000144535,auto
1767861287497,Sunny,Day,0.04079861111111111,81.59722222222223,,22.773972001232323,auto
1767861287527,Sunny,Day,0.041796875,83.59375,,19.29939799993008,auto
1767861287557,Sunny,Day,0.042144097222222225,84.28819444444446,,22.211170000446145,auto
1767861287587,Sunny,Day,0.04722222222222222,94.44444444444444,,23.21559200026968,auto
1767861287618,Sunny,Day,0.04440104166666667,88.80208333333334,,24.560026000472135,auto
1767861287650,Sunny,Day,0.04418402777777778,88.36805555555556,,24.81909499874746,auto
1767861287682,Sunny,Day,0.04457465277777778,89.14930555555556,,25.769277999643236,auto
1767861287714,Sunny,Day,0.04592013888888889,91.84027777777779,,24.20032999907562,auto
1767861287745,Sunny,Day,0.04548611111111111,90.97222222222221,,24.996034999276162,auto
1767861287778,Sunny,Day,0.04561631944444444,91.23263888888889,,24.831593998897006,auto
1767861287807,Sunny,Day,0.041666666666666664,83.33333333333333,,19.533689999661874,auto
1767861287838,Sunny,Day,0.044921875,89.84375,,24.082609999823035,auto
1767861287870,Sunny,Day,0.04865451388888889,97.30902777777779,,19.210381999073434,auto
1767861287902,Sunny,Day,0.046875,93.75,,24.26464299969666,auto
1767861287933,Sunny,Day,0.044444444444444446,88.88888888888889,,23.67991600112873,auto
1767861287965,Sunny,Day,0.04761284722222222,95.22569444444444,,25.02025699868682,auto
1767861287995,Sunny,Day,0.04618055555555556,92.36111111111111,,23.1236869985878,auto
1767861288027,Sunny,Day,0.047135416666666666,94.27083333333333,,19.428710998909082,auto
1767861288059,Sunny,Day,0.04331597222222222,86.63194444444444,,24.506916999598616,auto
1767861288090,Sunny,Day,0.047526041666666664,95.05208333333333,,17.133037999883527,auto
1767861288121,Sunny,Day,0.045746527777777775,91.49305555555554,,24.728485999730765,auto
1767861288153,Sunny,Day,0.04618055555555556,92.36111111111111,,25.893441999869538,auto
1767861288185,Sunny,Day,0.04418402777777778,88.36805555555556,,28.444553001463646,manual
1767861288215,Sunny,Day,0.04674479166666667,93.48958333333333,,20.6280179991154,manual
1767861288247,Sunny,Day,0.04704861111111111,94.09722222222221,,25.95460700104013,manual
1767861288279,Sunny,Day,0.047265625,94.53125,,25.003312999615446,manual
1767861288310,Sunny,Day,0.04596354166666667,91.92708333333334,,24.452010000459268,manual
1767861288341,Sunny,Day,0.04392361111111111,87.84722222222221,,23.917965998407453,manual
1767861288372,Sunny,Day,0.04739583333333333,94.79166666666666,,25.16604999982519,manual
1767861288404,Sunny,Day,0.04895833333333333,97.91666666666667,,24.72663300068234,manual
1767861288435,Sunny,Day,0.04548611111111111,90.97222222222221,,24.542729999666335,manual
1767861288468,Sunny,Day,0.04809027777777778,96.18055555555556,,26.550668999334448,manual
1767861288499,Sunny,Day,0.046440972222222224,92.88194444444444,,24.203218999900855,manual
1767861288529,Sunny,Day,0.04778645833333333,95.57291666666666,,22.642326999630313,manual
1767861288560,Sunny,Day,0.044487847222222224,88.97569444444444,,24.735929000598844,manual
1767861288592,Sunny,Day,0.04674479166666667,93.48958333333333,,25.40476700050931,manual
1767861288623,Sunny,Day,0.04292534722222222,85.85069444444444,,24.27060599984543,manual
1767861288655,Sunny,Day,0.04618055555555556,92.36111111111111,,25.11405199948058,manual
1767861288688,Sunny,Day,0.04700520833333333,94.01041666666667,,25.775037000130396,manual
1767861288718,Sunny,Day,0.045399305555555554,90.79861111111111,,23.982759999853442,manual
1767861288749,Sunny,Day,0.04032118055555556,80.64236111111111,,22.28603799994744,manual
1767861288781,Sunny,Day,0.044835069444444445,89.67013888888889,,22.031153999705566,manual
1767861288813,Sunny,Day,0.041102430555555555,82.20486111111111,,22.835673998997663,manual
1767861288843,Sunny,Day,0.04331597222222222,86.63194444444444,,21.882713999730186,manual
1767861288878,Sunny,Day,0.043359375,86.71875,,28.361869999571354,manual
1767861288907,Sunny,Day,0.045572916666666664,91.14583333333333,,20.895198000289383,manual
1767861288937,Sunny,Day,0.04418402777777778,88.36805555555556,,17.615785998714273,manual
1767861288968,Sunny,Day,0.043793402777777775,87.58680555555554,,22.6299010009825,manual
1767861289001,Sunny,Day,0.03967013888888889,79.34027777777777,,24.011890000110725,manual
1767861289033,Sunny,Day,0.038411458333333336,76.82291666666667,,21.791881999888574,manual
1767861289063,Sunny,Day,0.04123263888888889,82.46527777777777,,23.652231000596657,manual
1767861289098,Sunny,Day,0.044097222222222225,88.19444444444446,,28.17683700050111,manual
1767861289128,Sunny,Day,0.03967013888888889,79.34027777777777,,22.929821001525852,manual
1767861289157,Sunny,Day,0.044097222222222225,88.19444444444446,,17.87267100007739,manual
1767861289189,Sunny,Day,0.05017361111111111,100.0,,23.130149998905836,manual
1767861289220,Sunny,Day,0.04592013888888889,91.84027777777779,,20.965400000932277,manual
1767861289251,Sunny,Day,0.046484375,92.96875,,23.73509999961243,manual
1767861289283,Sunny,Day,0.04665798611111111,93.31597222222223,,23.586102999615832,manual
1767861289317,Sunny,Day,0.04097222222222222,81.94444444444444,,26.747459998659906,manual
1767861289345,Sunny,Day,0.04683159722222222,93.66319444444444,,20.1286399988021,manual
1767861289379,Sunny,Day,0.04375,87.5,,23.932632999276393,manual
1767861289409,Sunny,Day,0.04114583333333333,82.29166666666667,,19.988939000540995,manual
1767861289440,Sunny,Day,0.040625,81.25,,19.429247000516625,manual
1767861289471,Sunny,Day,0.043619791666666664,87.23958333333333,,24.324141999386484,manual
1767861289506,Sunny,Day,0.043619791666666664,87.23958333333333,,27.85602899894002,manual
1767861289534,Sunny,Day,0.04279513888888889,85.59027777777779,,20.332562000476173,manual
1767861289565,Sunny,Day,0.03875868055555556,77.51736111111111,,25.236938001398812,manual
1767861289598,Sunny,Day,0.04123263888888889,82.46527777777777,,21.01539900104399,manual
1767861289628,Sunny,Day,0.040234375,80.46875,,21.94915600011882,manual
1767861289660,Sunny,Day,0.04279513888888889,85.59027777777779,,24.54313800080854,manual
1767861289693,Sunny,Day,0.039322916666666666,78.64583333333333,,26.26873000008345,manual
1767861289724,Sunny,Day,0.04392361111111111,87.84722222222221,,23.292220001167152,manual
1767861289754,Sunny,Day,0.04131944444444444,82.63888888888889,,22.658919000605238,manual
1767861289786,Sunny,Day,0.037890625,75.78125,,25.72746400073811,manual
1767861289817,Sunny,Day,0.03745659722222222,74.91319444444444,,21.279558999594883,manual
1767861289848,Sunny,Day,0.038628472222222224,77.25694444444444,,20.910309000100824,manual
1767861289879,Sunny,Day,0.04197048611111111,83.94097222222221,,24.580748000516905,manual
1767861289913,Sunny,Day,0.041796875,83.59375,,26.739960001577856,manual
1767861289943,Sunny,Day,0.04114583333333333,82.29166666666667,,23.05450300082157,manual
1767861289974,Sunny,Day,0.039149305555555555,78.29861111111111,,22.797359999458422,manual
1767861290006,Sunny,Day,0.03637152777777778,72.74305555555556,,23.389885000142385,manual
1767861290036,Sunny,Day,0.04405381944444445,88.1076388888889,,19.624206001026323,manual
1767861290068,Sunny,Day,0.039496527777777776,78.99305555555556,,23.63439800137712,manual
1767861290099,Sunny,Day,0.04296875,85.9375,,23.486179001338314,manual
1767861290130,Sunny,Day,0.03658854166666667,73.17708333333334,,19.58954099973198,manual
1767861290162,Sunny,Day,0.03697916666666667,73.95833333333333,,24.593340000137687,manual
1767861290193,Sunny,Day,0.03706597222222222,74.13194444444444,,24.278773000332876,manual
1767861290226,Sunny,Day,0.038585069444444446,77.17013888888889,,25.24865999839676,manual
1767861290256,Sunny,Day,0.03585069444444444,71.70138888888889,,21.96176699908392,manual
1767861290287,Sunny,Day,0.03993055555555555,79.8611111111111,,23.96881700042286,manual
1767921397190,Sunny,Day,0.0,0.0,,516.3679110000032,manual
1767921400823,Sunny,Day,0.0,0.0,,2.661028000005672,manual
1767921400848,Sunny,Day,0.0,0.0,,3.983285000003889,manual
1767921400879,Sunny,Day,0.0,0.0,,25.372493999981316,manual
1767921400909,Sunny,Day,0.0,0.0,,25.682359000001043,manual
1767921400941,Sunny,Day,0.0,0.0,,27.491241000006994,manual
1767921400972,Sunny,Day,0.0,0.0,,26.28355499999202,manual
1767921401003,Sunny,Day,0.0,0.0,,26.770997999989277,manual
1767921401037,Sunny,Day,0.0,0.0,,29.91088999999647,manual
1767921401066,Sunny,Day,0.0,0.0,,24.180521999994653,manual
1767921401099,Sunny,Day,0.0,0.0,,27.73927499998763,manual
1767921401129,Sunny,Day,0.0,0.0,,25.443443000000343,manual
1767921401160,Sunny,Day,0.0,0.0,,26.40796000000023,manual
1767921401192,Sunny,Day,0.0,0.0,,27.21789500000682,manual
1767921401223,Sunny,Day,0.0,0.0,,26.8981789999998,manual
1767921401254,Sunny,Day,0.0,0.0,,26.916898000024503,manual
1767921401285,Sunny,Day,0.0,0.0,,26.767629999994824,manual
1767921401317,Sunny,Day,0.0,0.0,,27.174348000016835,manual
1767921401349,Sunny,Day,0.0,0.0,,27.344628999998122,manual
1767921401380,Sunny,Day,0.0,0.0,,26.497460999991063,manual
1767921401411,Sunny,Day,0.0,0.0,,26.306480000016563,manual
1767921401444,Sunny,Day,0.0,0.0,,28.28196600000865,manual
1767921401474,Sunny,Day,0.0,0.0,,25.629703999982212,manual
1767921401507,Sunny,Day,0.0,0.0,,27.555551999995487,manual
1767921401537,Sunny,Day,0.0,0.0,,25.896523000000116,manual
1767921401570,Sunny,Day,0.0,0.0,,24.507107000005135,manual
1767921401600,Sunny,Day,0.0,0.0,,25.766028999981927,manual
1767921401631,Sunny,Day,0.0,0.0,,26.463320000004842,manual
1767921401662,Sunny,Day,0.0,0.0,,27.030357000001004,manual
1767921401694,Sunny,Day,0.0,0.0,,26.90236399999435,manual
1767921401725,Sunny,Day,0.0,0.0,,23.335241999973277,manual
1767921401757,Sunny,Day,0.0,0.0,,27.18849300001125,manual
1767921401789,Sunny,Day,0.0,0.0,,27.73118400000385,manual
1767921401819,Sunny,Day,0.0,0.0,,26.046196999999438,manual
1767921401851,Sunny,Day,0.0,0.0,,26.175042000005533,manual
1767921401885,Sunny,Day,0.0,0.0,,29.650626000005786,manual
1767921401915,Sunny,Day,0.0,0.0,,10.358190000005152,manual
1767921401945,Sunny,Day,0.0,0.0,,20.259709999976394,manual
1767921401979,Sunny,Day,0.0,0.0,,15.486564000013914,manual
1767921402011,Sunny,Day,0.0,0.0,,27.44184999997401,manual
1767921402039,Sunny,Day,0.0,0.0,,16.46165500000052,manual
1767921402073,Sunny,Day,0.0,0.0,,29.60831300001132,manual
1767921402113,Sunny,Day,0.0,0.0,,2.8090930000246317,manual
1767921402134,Sunny,Day,0.0,0.0,,8.857366000000866,manual
1767921402168,Sunny,Day,0.0,0.0,,29.061619999993127,manual
1767921402196,Sunny,Day,0.0,0.0,,22.873319999973774,manual
1767921402227,Sunny,Day,0.0,0.0,,26.057285999996793,manual
1767921402259,Sunny,Day,0.0,0.0,,26.783334000015202,manual
1767921402290,Sunny,Day,0.0,0.0,,26.90668099998561,manual
1767921402323,Sunny,Day,0.0,0.0,,27.870867000018507,manual
1767921402356,Sunny,Day,0.0,0.0,,28.58765600001334,manual
1767921402385,Sunny,Day,0.0,0.0,,22.995148999996218,manual
1767921402416,Sunny,Day,0.0,0.0,,26.129736000001458,manual
1767921402447,Sunny,Day,0.0,0.0,,26.371505000014395,manual
1767921402478,Sunny,Day,0.0,0.0,,26.638509000008526,manual
1767921402510,Sunny,Day,0.0,0.0,,26.642768000016304,manual
1767921402541,Sunny,Day,0.0,0.0,,26.511978000002046,manual
1767921402573,Sunny,Day,0.0,0.0,,26.484797999984266,manual
1767921402604,Sunny,Day,0.0,0.0,,26.8306579999944,manual
1767921402636,Sunny,Day,0.0,0.0,,26.116849999993974,manual
1767921402668,Sunny,Day,0.0,0.0,,26.90932799998791,manual
1767921402698,Sunny,Day,0.0,0.0,,26.33310400000255,manual
1767921402731,Sunny,Day,0.0,0.0,,28.350885999998354,manual
1767921402762,Sunny,Day,0.0,0.0,,25.667787000003273,manual
1767921402794,Sunny,Day,0.0,0.0,,24.72230099999706,manual
1767921402826,Sunny,Day,0.0,0.0,,26.75358000001893,manual
1767921402855,Sunny,Day,0.0,0.0,,25.10332100001733,manual
1767921402887,Sunny,Day,0.0,0.0,,26.71425399998384,manual
1767921402919,Sunny,Day,0.0,0.0,,26.963483999992377,manual
1767921402949,Sunny,Day,0.0,0.0,,25.978987000002007,manual
1767921402981,Sunny,Day,0.0,0.0,,26.679631000007475,manual
1767921403013,Sunny,Day,0.0,0.0,,27.447730000005777,manual
1767921403044,Sunny,Day,0.0,0.0,,25.209942000003593,manual
1767921403075,Sunny,Day,0.0,0.0,,26.169984000006252,manual
1767921403106,Sunny,Day,0.0,0.0,,26.480593000002273,manual
1767921403138,Sunny,Day,0.0,0.0,,26.552932000015517,manual
1767921403170,Sunny,Day,0.0,0.0,,27.470093000005136,manual
1767921403201,Sunny,Day,0.0,0.0,,23.512482999990425,manual
1767921403232,Sunny,Day,0.0,0.0,,26.419103999984372,manual
1767921403263,Sunny,Day,0.0,0.0,,26.932082000001856,manual
1767921403295,Sunny,Day,0.0,0.0,,26.69751600001291,manual
1767921403326,Sunny,Day,0.0,0.0,,27.18788600000721,manual
1767921403358,Sunny,Day,0.0,0.0,,26.70719799999688,manual
1767921403389,Sunny,Day,0.0,0.0,,26.793775000015785,manual
1767921403420,Sunny,Day,0.0,0.0,,26.40779199998633,manual
1767921403452,Sunny,Day,0.0,0.0,,27.071019000004526,manual
1767921403485,Sunny,Day,0.0,0.0,,28.63857699998107,manual
1767921403516,Sunny,Day,0.0,0.0,,26.13514000000805,manual
1767921403548,Sunny,Day,0.0,0.0,,27.655596000016658,manual
1767921403577,Sunny,Day,0.0,0.0,,24.502945000023146,manual
1767921403609,Sunny,Day,0.0,0.0,,26.317289999980176,manual
1767921403640,Sunny,Day,0.0,0.0,,26.780537000007598,manual
1767921403671,Sunny,Day,0.0,0.0,,27.000179999987495,manual
1767921403703,Sunny,Day,0.0,0.0,,27.00788399999965,manual
1767921403734,Sunny,Day,0.0,0.0,,27.028934999975718,manual
1767921403766,Sunny,Day,0.0,0.0,,26.97820399998818,manual
1767921403798,Sunny,Day,0.0,0.0,,27.394995999998173,manual
1767921403829,Sunny,Day,0.0,0.0,,26.25085799999738,manual
1767921403860,Sunny,Day,0.0,0.0,,26.962539999999535,manual
1767921403893,Sunny,Day,0.0,0.0,,28.23291300001074,manual
1767921403923,Sunny,Day,0.0,0.0,,25.91664299998797,manual
1767921403954,Sunny,Day,0.0,0.0,,25.90012800001773,manual
1767921403985,Sunny,Day,0.0,0.0,,26.648005999987845,manual
1767921404019,Sunny,Day,0.0,0.0,,27.993444000003365,manual
1767921404050,Sunny,Day,0.0,0.0,,26.050537999992684,manual
1767921404081,Sunny,Day,0.0,0.0,,26.645836000000145,manual
1767921404111,Sunny,Day,0.0,0.0,,25.626820000013595,manual
1767921404143,Sunny,Day,0.0,0.0,,26.98531100000423,manual
1767921404174,Sunny,Day,0.0,0.0,,26.860962000000654,manual
1767921404205,Sunny,Day,0.0,0.0,,26.906065000019908,manual
1767921404237,Sunny,Day,0.0,0.0,,26.90060300000141,manual
1767921404268,Sunny,Day,0.0,0.0,,27.000011999973594,manual
1767921404299,Sunny,Day,0.0,0.0,,26.880051999995658,manual
1767921404331,Sunny,Day,0.0,0.0,,26.979329999988977,manual
1767921404362,Sunny,Day,0.0,0.0,,26.95183500000553,manual
1767921404394,Sunny,Day,0.0,0.0,,26.87084999999456,manual
1767921404425,Sunny,Day,0.0,0.0,,26.830283999998983,manual
1767921404456,Sunny,Day,0.0,0.0,,26.940412000016067,manual
1767921404488,Sunny,Day,0.0,0.0,,27.057667000008223,manual
1767921404519,Sunny,Day,0.0,0.0,,27.181756000004498,manual
1767921404551,Sunny,Day,0.0,0.0,,26.263627999981054,manual
1767921404582,Sunny,Day,0.0,0.0,,26.835596999973177,manual
1767921404614,Sunny,Day,0.0,0.0,,27.248391000000538,manual
1767921404645,Sunny,Day,0.0,0.0,,26.662796000010758,manual
1767921404676,Sunny,Day,0.0,0.0,,26.78118099998983,manual
1767921404708,Sunny,Day,0.0,0.0,,27.020860000021685,manual
1767921404740,Sunny,Day,0.0,0.0,,27.73843099998885,manual
1767921404773,Sunny,Day,0.0,0.0,,28.32328600001688,manual
1767921404802,Sunny,Day,0.0,0.0,,24.099212000010084,manual
1767921404833,Sunny,Day,0.0,0.0,,27.246724999997696,manual
1767921404865,Sunny,Day,0.0,0.0,,26.67770099998279,manual
1767921404896,Sunny,Day,0.0,0.0,,26.860926000011887,manual
1767921404927,Sunny,Day,0.0,0.0,,26.84131800000955,manual
1767921404959,Sunny,Day,0.0,0.0,,27.08988399999157,manual
1767921404990,Sunny,Day,0.0,0.0,,26.998289000005116,manual
1767921405023,Sunny,Day,0.0,0.0,,28.085900999997193,manual
1767921405053,Sunny,Day,0.0,0.0,,25.883577999991303,manual
1767921405084,Sunny,Day,0.0,0.0,,26.544420999982776,manual
1767921405116,Sunny,Day,0.0,0.0,,20.603865999987647,manual
1767921405148,Sunny,Day,0.0,0.0,,24.076035000007323,manual
1767921405179,Sunny,Day,0.0,0.0,,26.082522999985258,manual
1767921405210,Sunny,Day,0.0,0.0,,26.224812999998903,manual
1767921405241,Sunny,Day,0.0,0.0,,27.011245000011286,manual
1767921405273,Sunny,Day,0.0,0.0,,26.39904000000115,manual
1767921405304,Sunny,Day,0.0,0.0,,27.008189000014227,manual
1767921405336,Sunny,Day,0.0,0.0,,27.068030000009458,manual
1767921405367,Sunny,Day,0.0,0.0,,26.887619000007135,manual
1767921405402,Sunny,Day,0.0,0.0,,30.88045200001943,manual
1767921405435,Sunny,Day,0.0,0.0,,26.7501060000086,manual
1767921405465,Sunny,Day,0.0,0.0,,23.640687000010985,manual
1767921405497,Sunny,Day,0.0,0.0,,24.394180000001597,manual
1767921405525,Sunny,Day,0.0,0.0,,23.973386000022856,manual
1767921405557,Sunny,Day,0.0,0.0,,26.20750100001601,manual
1767921405590,Sunny,Day,0.0,0.0,,28.35161300001232,manual
1767921405621,Sunny,Day,0.0,0.0,,25.410922999981267,manual
1767921405652,Sunny,Day,0.0,0.0,,25.431456000006847,manual
1767921405683,Sunny,Day,0.0,0.0,,25.961915999999974,manual
1767921405714,Sunny,Day,0.0,0.0,,25.105088999993086,manual
1767921405746,Sunny,Day,0.0,0.0,,27.0445900000027,manual
1767921405777,Sunny,Day,0.0,0.0,,26.23495899999284,manual
1767921405808,Sunny,Day,0.0,0.0,,25.898223000012877,manual
1767921405841,Sunny,Day,0.0,0.0,,27.975661999988688,manual
1767921405871,Sunny,Day,0.0,0.0,,24.62508399997887,manual
1767921405904,Sunny,Day,0.0,0.0,,27.23935099999153,manual
1767921405935,Sunny,Day,0.0,0.0,,24.682425000008834,manual
1767921405967,Sunny,Day,0.0,0.0,,26.65258700000095,manual
1767921406003,Sunny,Day,0.0,0.0,,30.295168999998623,manual
1767921406029,Sunny,Day,0.0,0.0,,20.407595000023093,manual
1767921406061,Sunny,Day,0.0,0.0,,26.02578099998709,manual
1767921406092,Sunny,Day,0.0,0.0,,25.400595999997222,manual
1767921406123,Sunny,Day,0.0,0.0,,25.36475100001212,manual
1767921406155,Sunny,Day,0.0,0.0,,26.546632999981057,manual
1767921406187,Sunny,Day,0.0,0.0,,27.181520999988606,manual
1767921406217,Sunny,Day,0.0,0.0,,24.550192000020843,manual
1767921406249,Sunny,Day,0.0,0.0,,26.934009000001424,manual
1767921406281,Sunny,Day,0.0,0.0,,26.031224999996994,manual
1767921406312,Sunny,Day,0.0,0.0,,25.322220999981937,manual
1767921406343,Sunny,Day,0.0,0.0,,25.492616999997608,manual
1767921406374,Sunny,Day,0.0,0.0,,22.30842399998778,manual
1767921406406,Sunny,Day,0.0,0.0,,26.620583000010356,manual
1767921406437,Sunny,Day,0.0,0.0,,24.147967000004655,manual
1767921406469,Sunny,Day,0.0,0.0,,26.7872759999932,manual
1767921406500,Sunny,Day,0.0,0.0,,25.313852000010684,manual
1767921406531,Sunny,Day,0.0,0.0,,25.572584000002507,manual
1767921406562,Sunny,Day,0.0,0.0,,26.008340000004182,manual
1767921406595,Sunny,Day,0.0,0.0,,27.874971999978015,manual
1767921406625,Sunny,Day,0.0,0.0,,24.32936000002428,manual
1767921406656,Sunny,Day,0.0,0.0,,26.432782999989968,manual
1767921406688,Sunny,Day,0.0,0.0,,26.292307999995046,manual
1767921406721,Sunny,Day,0.0,0.0,,27.59914999998614,manual
1767921406751,Sunny,Day,0.0,0.0,,24.481445000020585,manual
1767921406783,Sunny,Day,0.0,0.0,,25.772732999996606,manual
1767921406814,Sunny,Day,0.0,0.0,,25.65990200000101,manual
1767921406845,Sunny,Day,0.0,0.0,,25.69819100000359,manual
1767921406877,Sunny,Day,0.0,0.0,,25.946462000007386,manual
1767921406909,Sunny,Day,0.0,0.0,,26.209749000003058,manual
1767921406939,Sunny,Day,0.0,0.0,,24.788131000008207,manual
1767921406971,Sunny,Day,0.0,0.0,,26.421191999986604,manual
1767921407002,Sunny,Day,0.0,0.0,,25.540237999990723,manual
1767921407033,Sunny,Day,0.0,0.0,,25.46782800001779,manual
1767921407064,Sunny,Day,0.0,0.0,,25.53685300000552,manual
1767921407097,Sunny,Day,0.0,0.0,,27.30485899999735,manual
1767921407129,Sunny,Day,0.0,0.0,,25.632873000006384,manual
1767921407159,Sunny,Day,0.0,0.0,,24.069978999989416,manual
1767921407191,Sunny,Day,0.0,0.0,,26.49277899999447,manual
1767921407221,Sunny,Day,0.0,0.0,,25.33992400000784,manual
1767921407253,Sunny,Day,0.0,0.0,,26.096718000019337,manual
1767921407284,Sunny,Day,0.0,0.0,,26.156393000007938,manual
1767921407315,Sunny,Day,0.0,0.0,,26.255338999988,manual
1767921407347,Sunny,Day,0.0,0.0,,26.17261200001053,manual
1767921407378,Sunny,Day,0.0,0.0,,25.11135299999978,manual
1767921407411,Sunny,Day,0.0,0.0,,27.839413999998897,manual
1767921407442,Sunny,Day,0.0,0.0,,25.252032999986795,manual
1767921407474,Sunny,Day,0.0,0.0,,25.691491999992877,manual
1767921407507,Sunny,Day,0.0,0.0,,27.26297699999236,manual
1767921407536,Sunny,Day,0.0,0.0,,23.513206000018272,manual
1767921407566,Sunny,Day,0.0,0.0,,25.73065299998234,manual
1767921407598,Sunny,Day,0.0,0.0,,26.35893199999373,manual
1767921407630,Sunny,Day,0.0,0.0,,26.844495000005963,manual
1767921407661,Sunny,Day,0.0,0.0,,25.950520999998616,manual
1767921407695,Sunny,Day,0.0,0.0,,28.284688000013603,manual
1767921407724,Sunny,Day,0.0,0.0,,23.298594999999978,manual
1767921407755,Sunny,Day,0.0,0.0,,26.100458000001936,manual
1767921407787,Sunny,Day,0.0,0.0,,27.425207999982604,manual
1767921407818,Sunny,Day,0.0,0.0,,25.565107000005582,manual
1767921407850,Sunny,Day,0.0,0.0,,26.64817699999844,manual
1767921407880,Sunny,Day,0.0,0.0,,25.25266200001397,manual
1767921407914,Sunny,Day,0.0,0.0,,27.685144000002992,manual
1767921407944,Sunny,Day,0.0,0.0,,24.20773400001508,manual
1767921407975,Sunny,Day,0.0,0.0,,25.90234400000213,manual
1767921408007,Sunny,Day,0.0,0.0,,26.381884000016953,manual
1767921408037,Sunny,Day,0.0,0.0,,25.568977000006043,manual
1767921408069,Sunny,Day,0.0,0.0,,26.170910999979924,manual
1767921408101,Sunny,Day,0.0,0.0,,27.376666999998633,manual
1767921408133,Sunny,Day,0.0,0.0,,26.163320000023305,manual
1767921408166,Sunny,Day,0.0,0.0,,27.28801599999997,manual
1767921408196,Sunny,Day,0.0,0.0,,24.275181999996676,manual
1767921408226,Sunny,Day,0.0,0.0,,24.265738999986297,manual
1767921408257,Sunny,Day,0.0,0.0,,25.884181999998646,manual
1767921408288,Sunny,Day,0.0,0.0,,25.81345499999088,manual
1767921408321,Sunny,Day,0.0,0.0,,25.19404200000963,manual
1767921408352,Sunny,Day,0.0,0.0,,26.037174999999024,manual
1767921408383,Sunny,Day,0.0,0.0,,26.148247999998375,manual
1767921408416,Sunny,Day,0.0,0.0,,27.269149000005655,manual
1767921408446,Sunny,Day,0.0,0.0,,24.57933200000184,manual
1767921408477,Sunny,Day,0.0,0.0,,26.267247000021143,manual
1767921408510,Sunny,Day,0.0,0.0,,27.57561399999986,manual
1767921408541,Sunny,Day,0.0,0.0,,25.60148999998546,manual
1767921408572,Sunny,Day,0.0,0.0,,25.519967000008137,manual
1767921408605,Sunny,Day,0.0,0.0,,27.293014999997922,manual
1767921408635,Sunny,Day,0.0,0.0,,23.935923999999886,manual
1767921408666,Sunny,Day,0.0,0.0,,25.36456799998632,manual
1767921408697,Sunny,Day,0.0,0.0,,25.871869999974706,manual
1767921408729,Sunny,Day,0.0,0.0,,26.151082000012593,manual
1767921408761,Sunny,Day,0.0,0.0,,26.008346999986998,manual
1767921408793,Sunny,Day,0.0,0.0,,26.143896999997196,manual
1767921408824,Sunny,Day,0.0,0.0,,25.37806600000181,manual
1767921408855,Sunny,Day,0.0,0.0,,25.719802999986996,manual
1767921408886,Sunny,Day,0.0,0.0,,23.641346000005115,manual
1767921408917,Sunny,Day,0.0,0.0,,26.22866100000465,manual
1767921408949,Sunny,Day,0.0,0.0,,26.10225600000149,manual
1767921408980,Sunny,Day,0.0,0.0,,25.45655299999794,manual
1767921409012,Sunny,Day,0.0,0.0,,27.263908000008996,manual
1767921409043,Sunny,Day,0.0,0.0,,24.52979999998206,manual
1767921409075,Sunny,Day,0.0,0.0,,25.816729999974086,manual
1767921409105,Sunny,Day,0.0,0.0,,25.13447600000518,manual
1767921409136,Sunny,Day,0.0,0.0,,25.72700499999314,manual
1767921409168,Sunny,Day,0.0,0.0,,26.17316999999275,manual
1767921409199,Sunny,Day,0.0,0.0,,26.426572000019632,manual
1767921409232,Sunny,Day,0.0,0.0,,27.16270700000223,manual
1767921409263,Sunny,Day,0.0,0.0,,24.751705999989326,manual
1767921409294,Sunny,Day,0.0,0.0,,24.387545999985605,manual
1767921409325,Sunny,Day,0.0,0.0,,25.427222999979904,manual
1767921409357,Sunny,Day,0.0,0.0,,25.764775999988387,manual
1767921409388,Sunny,Day,0.0,0.0,,24.935250000027054,manual
1767921409420,Sunny,Day,0.0,0.0,,26.008402000002206,manual
1767921409453,Sunny,Day,0.0,0.0,,24.073525000005702,manual
1767921409484,Sunny,Day,0.0,0.0,,25.405669999997826,manual
1767921409513,Sunny,Day,0.0,0.0,,24.076765000017986,manual
1767921409544,Sunny,Day,0.0,0.0,,25.388729000013655,manual
1767921409576,Sunny,Day,0.0,0.0,,26.21473700000365,manual
1767921409607,Sunny,Day,0.0,0.0,,26.41648100001248,manual
1767921409640,Sunny,Day,0.0,0.0,,27.795932999993056,manual
1767921409671,Sunny,Day,0.0,0.0,,25.588602999988552,manual
1767921409702,Sunny,Day,0.0,0.0,,25.394653999995853,manual
1767921409735,Sunny,Day,0.0,0.0,,26.9196559999898,manual
1767921409765,Sunny,Day,0.0,0.0,,24.823398000023644,manual
1767921409796,Sunny,Day,0.0,0.0,,25.600970999988704,manual
1767921409829,Sunny,Day,0.0,0.0,,27.365895000002638,manual
1767921409860,Sunny,Day,0.0,0.0,,25.739207000015085,manual
1767921409891,Sunny,Day,0.0,0.0,,25.554868000000397,manual
1767921409921,Sunny,Day,0.0,0.0,,25.087926999987076,manual
1767921409953,Sunny,Day,0.0,0.0,,26.288464999993266,manual
1767921409984,Sunny,Day,0.0,0.0,,26.321534000004476,manual
1767921410018,Sunny,Day,0.0,0.0,,28.86574000001474,manual
1767921410048,Sunny,Day,0.0,0.0,,23.711558000002242,manual
1767921410079,Sunny,Day,0.0,0.0,,26.224937999984377,manual
1767921410110,Sunny,Day,0.0,0.0,,24.398666999985608,manual
1767921410151,Sunny,Day,0.02890625,57.8125,20.0,35.72384000000284,manual
1767921410173,Sunny,Day,0.5424913194444444,100.0,,15.533435999998346,manual
1767921410204,Sunny,Day,0.5073350694444444,100.0,,24.634017000011,manual
1767921410236,Sunny,Day,0.5028211805555556,100.0,,26.309905000005074,manual
1767921410269,Sunny,Day,0.5883246527777778,100.0,,22.499074999984714,manual
1767921410301,Sunny,Day,0.6939670138888889,100.0,,24.405091999994966,manual
1767921410330,Sunny,Day,0.7198350694444444,100.0,,23.162537999979804,manual
1767921410362,Sunny,Day,0.5559461805555556,100.0,,26.5226660000053,manual
1767921410393,Sunny,Day,0.6458767361111111,100.0,,25.272873999995227,manual
1767921410429,Sunny,Day,0.6386284722222222,100.0,,30.631741999997075,manual
1767921410458,Sunny,Day,0.6245225694444444,100.0,,22.95111099999758,manual
1767921410488,Sunny,Day,0.434765625,100.0,,25.192126999996844,manual
1767921410520,Sunny,Day,0.5061197916666667,100.0,,25.496816999975636,manual
1767921410553,Sunny,Day,0.8448784722222222,100.0,,29.062280000005103,manual
1767921410581,Sunny,Day,0.9358940972222223,100.0,,21.786453000004258,manual
1767921410612,Sunny,Day,0.8817708333333333,100.0,,26.458953999991763,manual
1767921410645,Sunny,Day,0.8651041666666667,100.0,,27.05266999998912,manual
1767921410677,Sunny,Day,0.8248697916666666,100.0,,23.69067300000438,manual
1767921410709,Sunny,Day,0.6645399305555556,100.0,,27.08623899999907,manual
1767921410739,Sunny,Day,0.6546440972222223,100.0,,24.073479999998426,manual
1767921410770,Sunny,Day,0.4906684027777778,100.0,,26.3468429999989,manual
1767921410801,Sunny,Day,0.37100694444444443,100.0,,26.219623000002912,manual
1767921410832,Sunny,Day,0.3585069444444444,100.0,,25.61596400002486,manual
1767921410864,Sunny,Day,0.39500868055555555,100.0,,27.185296999988395,manual
1767921410895,Sunny,Day,0.40091145833333336,100.0,,25.51335100000074,manual
1767921410926,Sunny,Day,0.3501736111111111,100.0,,26.21649400001047,manual
1767921410959,Sunny,Day,0.3449652777777778,100.0,,27.99401400000079,manual
1767921410994,Sunny,Day,0.3411458333333333,100.0,6.0,29.35713799999462,manual
1767921411025,Sunny,Day,0.16536458333333334,100.0,21.0,25.466828000020314,manual
1767921411053,Sunny,Day,0.13559027777777777,100.0,21.0,22.32788500000993,manual
1767921411084,Sunny,Day,0.13745659722222223,100.0,21.0,25.30645399997411,manual
1767921411116,Sunny,Day,0.12191840277777778,100.0,21.0,25.708814000012126,manual
1767921411147,Sunny,Day,0.10625,100.0,22.0,23.481715000002623,manual
1767921411179,Sunny,Day,0.051909722222222225,100.0,40.0,26.148649000020896,manual
1767921411211,Sunny,Day,0.063671875,100.0,33.0,25.51216099999465,manual
1767921411240,Sunny,Day,0.061328125,100.0,31.0,23.790182999988474,manual
1767921411273,Sunny,Day,0.07109375,100.0,29.0,27.294591000014634,manual
1767921411304,Sunny,Day,0.07209201388888889,100.0,27.0,25.120891000000256,manual
1767921411335,Sunny,Day,0.08016493055555556,100.0,25.0,25.89072899999678,manual
1767921411369,Sunny,Day,0.0921875,100.0,22.0,27.999789999995528,manual
1767921411399,Sunny,Day,0.09262152777777778,100.0,21.0,24.195413000001054,manual
1767921411429,Sunny,Day,0.09084201388888889,100.0,21.0,24.436874000002717,manual
1767921411460,Sunny,Day,0.090234375,100.0,21.0,25.15018299999383,manual
1767921411492,Sunny,Day,0.09071180555555555,100.0,21.0,25.63390000000254,manual
1767921411523,Sunny,Day,0.09144965277777778,100.0,21.0,24.960418000006257,manual
1767921411556,Sunny,Day,0.08923611111111111,100.0,21.0,27.24770999998327,manual
1767921411587,Sunny,Day,0.08784722222222222,100.0,21.0,25.85827100000415,manual
1767921411618,Sunny,Day,0.08758680555555555,100.0,21.0,24.61541900001407,manual
1767921411648,Sunny,Day,0.08736979166666667,100.0,21.0,25.309563999996953,manual
1767921411681,Sunny,Day,0.08654513888888889,100.0,21.0,26.735349999995606,manual
1767921411711,Sunny,Day,0.08519965277777777,100.0,21.0,24.88363399999116,manual
1767921411743,Sunny,Day,0.08576388888888889,100.0,21.0,26.251743000017314,manual
1767921411774,Sunny,Day,0.07847222222222222,100.0,23.0,25.616847000009102,manual
1767921411806,Sunny,Day,0.07456597222222222,100.0,28.0,22.191222999992988,manual
1767921411839,Sunny,Day,0.07013888888888889,100.0,31.0,22.955745000018624,manual
1767921411869,Sunny,Day,0.07118055555555555,100.0,18.0,24.50401000001534,manual
1767921411900,Sunny,Day,0.06779513888888888,100.0,27.0,24.98758000001544,manual
1767921411932,Sunny,Day,0.050694444444444445,100.0,32.0,24.395658000003095,manual
1767921411963,Sunny,Day,0.05520833333333333,100.0,33.0,24.803053999988833,manual
1767921411994,Sunny,Day,0.05347222222222222,100.0,40.0,25.94181199998502,manual
1767921412027,Sunny,Day,0.05872395833333333,100.0,40.0,28.12405800000306,manual
1767921412057,Sunny,Day,0.05659722222222222,100.0,30.0,23.643026999991434,manual
1767921412091,Sunny,Day,0.048003472222222225,96.00694444444446,40.0,26.350535000005948,manual
1767921412122,Sunny,Day,0.050347222222222224,100.0,40.0,25.681144000003542,manual
1767921412151,Sunny,Day,0.046050347222222225,92.10069444444446,40.0,23.735197999997126,manual
1767921412182,Sunny,Day,0.04943576388888889,98.87152777777777,40.0,25.189055999987886,manual
1767921412214,Sunny,Day,0.04136284722222222,82.72569444444444,40.0,22.14749000000893,manual
1767921412247,Sunny,Day,0.03802083333333333,76.04166666666666,40.0,24.576654999975744,manual
1767921412277,Sunny,Day,0.042881944444444445,85.76388888888889,40.0,24.24676300000783,manual
1767921412308,Sunny,Day,0.03637152777777778,72.74305555555556,40.0,25.46302999999739,manual
1767921412339,Sunny,Day,0.044270833333333336,88.54166666666667,40.0,25.536203999990903,manual
1767921412371,Sunny,Day,0.03428819444444445,68.5763888888889,40.0,25.782200999998395,manual
1767921412402,Sunny,Day,0.03424479166666667,68.48958333333334,40.0,25.50013500001569,manual
1767921412435,Sunny,Day,0.039453125,78.90625,40.0,27.024390000008225,manual
1767921412465,Sunny,Day,0.03715277777777778,74.30555555555556,40.0,23.50873400001774,manual
1767921412497,Sunny,Day,0.03502604166666667,70.05208333333333,40.0,27.069234999999026,manual
1767921412529,Sunny,Day,0.036284722222222225,72.56944444444446,40.0,26.191356999987647,manual
1767921412560,Sunny,Day,0.03307291666666667,66.14583333333333,40.0,25.07137099999568,manual
1767921412590,Sunny,Day,0.03428819444444445,68.5763888888889,40.0,25.126103999980387,manual
1767921412625,Sunny,Day,0.03359375,67.1875,40.0,28.81115800002476,manual
1767921412655,Sunny,Day,0.031336805555555555,62.67361111111111,40.0,23.2498120000173,manual
1767921412685,Sunny,Day,0.03394097222222222,67.88194444444444,40.0,24.828725000020313,manual
1767921412716,Sunny,Day,0.033203125,66.40625,40.0,25.062576000010495,manual
1767921412748,Sunny,Day,0.03355034722222222,67.10069444444444,40.0,26.040993000009394,manual
1767921412779,Sunny,Day,0.032421875,64.84375,40.0,25.44527399999197,manual
1767921412810,Sunny,Day,0.03229166666666667,64.58333333333334,40.0,25.224068999989413,manual
1767921412844,Sunny,Day,0.031119791666666667,62.239583333333336,40.0,27.449154999999337,manual
1767921412872,Sunny,Day,0.030555555555555555,61.11111111111111,40.0,22.669702000001735,manual
1767921412903,Sunny,Day,0.03177083333333333,63.541666666666664,40.0,25.93210300000237,manual
1767921412937,Sunny,Day,0.030772569444444446,61.54513888888889,40.0,27.306456000019352,manual
1767921412968,Sunny,Day,0.031119791666666667,62.239583333333336,40.0,25.12506700000472,manual
1767921412999,Sunny,Day,0.03268229166666667,65.36458333333334,40.0,24.90595300000109,manual
1767921413032,Sunny,Day,0.03289930555555556,65.79861111111111,40.0,24.774518000015178,manual
1767921413062,Sunny,Day,0.03155381944444444,63.107638888888886,40.0,24.739041999993105,manual
1767921413093,Sunny,Day,0.031901041666666664,63.80208333333333,40.0,25.206152999999176,manual
1767921413124,Sunny,Day,0.03194444444444444,63.888888888888886,40.0,25.505197999990514,manual
1767921413156,Sunny,Day,0.03198784722222222,63.975694444444436,40.0,25.089078999997128,manual
1767921413187,Sunny,Day,0.03177083333333333,63.541666666666664,40.0,25.34378000001425,manual
1767921413219,Sunny,Day,0.03250868055555556,65.01736111111111,40.0,26.016802000015105,manual
1767921413252,Sunny,Day,0.031640625,63.28125,40.0,27.348794999994652,manual
1767921413282,Sunny,Day,0.0328125,65.625,40.0,20.14162200001124,manual
1767921413313,Sunny,Day,0.03302951388888889,66.05902777777779,40.0,25.693428000010954,manual
1767921413344,Sunny,Day,0.032378472222222225,64.75694444444446,40.0,25.563096000013275,manual
1767921413376,Sunny,Day,0.031684027777777776,63.36805555555555,40.0,26.543849000006503,manual
1767921413407,Sunny,Day,0.030685763888888887,61.37152777777777,40.0,25.30437900000493,manual
1767921413438,Sunny,Day,0.031336805555555555,62.67361111111111,40.0,26.064738999991732,manual
1767921413469,Sunny,Day,0.03138020833333333,62.760416666666664,40.0,25.81753800001252,manual
1767921413501,Sunny,Day,0.03259548611111111,65.19097222222223,40.0,25.948201999995035,manual
1767921413534,Sunny,Day,0.03342013888888889,66.84027777777777,40.0,27.253255000005083,manual
1767921413564,Sunny,Day,0.03324652777777778,66.49305555555556,40.0,25.16706599999452,manual
1767921413596,Sunny,Day,0.03298611111111111,65.97222222222223,40.0,25.49447799998461,manual
1767921413629,Sunny,Day,0.03129340277777778,62.58680555555556,40.0,27.456314999994902,manual
1767921413660,Sunny,Day,0.032552083333333336,65.10416666666667,40.0,25.014905000006138,manual
1767921413689,Sunny,Day,0.031163194444444445,62.32638888888889,40.0,24.10401299999876,manual
1767921413720,Sunny,Day,0.03194444444444444,63.888888888888886,40.0,25.214244000011377,manual
1767921413751,Sunny,Day,0.032074652777777775,64.14930555555554,40.0,26.225436000004265,manual
1767921413783,Sunny,Day,0.03298611111111111,65.97222222222223,40.0,26.459103000007644,manual
1767921413814,Sunny,Day,0.03198784722222222,63.975694444444436,40.0,26.116526999999223,manual
1767921413847,Sunny,Day,0.03315972222222222,66.31944444444444,40.0,27.557040000004918,manual
1767921413879,Sunny,Day,0.030946180555555557,61.892361111111114,40.0,25.039160999995147,manual
1767921413911,Sunny,Day,0.031510416666666666,63.02083333333333,40.0,26.761500000020533,manual
1767921413943,Sunny,Day,0.031727430555555554,63.45486111111111,40.0,25.04719700002056,manual
1767921413972,Sunny,Day,0.03194444444444444,63.888888888888886,40.0,21.43291799998792,manual
1767921414006,Sunny,Day,0.030859375,61.71875,40.0,25.42531200001008,manual
1767921414037,Sunny,Day,0.032074652777777775,64.14930555555554,40.0,25.32919500001185,manual
1767921414068,Sunny,Day,0.030729166666666665,61.45833333333333,40.0,24.378158000018857,manual
1767921414098,Sunny,Day,0.031510416666666666,63.02083333333333,40.0,24.08888900001216,manual
1767921414130,Sunny,Day,0.03246527777777778,64.93055555555556,40.0,26.94473900001526,manual
1767921414161,Sunny,Day,0.03285590277777778,65.71180555555556,40.0,25.228877000017746,manual
1767921414191,Sunny,Day,0.03177083333333333,63.541666666666664,40.0,24.273711000006415,manual
1767921414222,Sunny,Day,0.03220486111111111,64.40972222222221,40.0,25.2582609999763,manual
1767921414255,Sunny,Day,0.03142361111111111,62.84722222222222,40.0,26.71094199999402,manual
1767921414286,Sunny,Day,0.03268229166666667,65.36458333333334,40.0,24.7858720000238,manual
1767921414317,Sunny,Day,0.031640625,63.28125,40.0,25.86616700000377,manual
1767921414349,Sunny,Day,0.03177083333333333,63.541666666666664,40.0,26.777653999999984,manual
1767921414383,Sunny,Day,0.030685763888888887,61.37152777777777,40.0,28.600111000002926,manual
1767921414411,Sunny,Day,0.03125,62.5,40.0,23.166532000004736,manual
1767921414444,Sunny,Day,0.03107638888888889,62.15277777777778,40.0,26.650581000012608,manual
1767921414477,Sunny,Day,0.03107638888888889,62.15277777777778,40.0,27.232878999996046,manual
1767921414507,Sunny,Day,0.031206597222222222,62.41319444444444,40.0,23.573190999996996,manual
1767921414539,Sunny,Day,0.030338541666666666,60.677083333333336,40.0,26.813223000004882,manual
1767921414569,Sunny,Day,0.030208333333333334,60.416666666666664,40.0,24.03773000000342,manual
1767921414600,Sunny,Day,0.03250868055555556,65.01736111111111,40.0,25.58128499998702,manual
1767921414631,Sunny,Day,0.03042534722222222,60.85069444444444,40.0,25.909549000004972,manual
1767921414664,Sunny,Day,0.03146701388888889,62.93402777777778,40.0,27.00089699999353,manual
1767921414694,Sunny,Day,0.031163194444444445,62.32638888888889,40.0,24.338997999990397,manual
1767921414725,Sunny,Day,0.030685763888888887,61.37152777777777,40.0,25.459877999992386,manual
1767921414756,Sunny,Day,0.030815972222222224,61.63194444444445,40.0,26.050933999982817,manual
1767921414788,Sunny,Day,0.030685763888888887,61.37152777777777,40.0,25.513128999989476,manual
1767921414819,Sunny,Day,0.030338541666666666,60.677083333333336,40.0,25.36165300000448,manual
1767921414851,Sunny,Day,0.030598958333333332,61.197916666666664,40.0,26.972456999999395,manual
1767921414884,Sunny,Day,0.030772569444444446,61.54513888888889,40.0,27.303312000015012,manual
1767921414915,Sunny,Day,0.030381944444444444,60.763888888888886,40.0,21.749790999990637,manual
1767921414945,Sunny,Day,0.030555555555555555,61.11111111111111,40.0,24.938440999989098,manual
1767921414977,Sunny,Day,0.030034722222222223,60.06944444444444,39.0,26.255290999984027,manual
1767921415008,Sunny,Day,0.030685763888888887,61.37152777777777,40.0,25.67193300001236,manual
1767921415039,Sunny,Day,0.03194444444444444,63.888888888888886,39.0,25.45131000002243,manual
1767921415072,Sunny,Day,0.031206597222222222,62.41319444444444,40.0,27.109609999996565,manual
1767921415103,Sunny,Day,0.030729166666666665,61.45833333333333,40.0,24.69618499998205,manual
1767921415133,Sunny,Day,0.031640625,63.28125,40.0,22.844766000019945,manual
1767921415166,Sunny,Day,0.03046875,60.9375,40.0,27.616383999998106,manual
1767921415197,Sunny,Day,0.03216145833333333,64.32291666666666,40.0,25.40335399999094,manual
1767921415227,Sunny,Day,0.03159722222222222,63.19444444444444,40.0,23.028441000008115,manual
1767921415259,Sunny,Day,0.031163194444444445,62.32638888888889,40.0,26.045385000003307,manual
1767921415292,Sunny,Day,0.03216145833333333,64.32291666666666,39.0,27.918800000009014,manual
1767921415322,Sunny,Day,0.030555555555555555,61.11111111111111,40.0,23.25951700001383,manual
1767921415353,Sunny,Day,0.02912326388888889,58.24652777777778,40.0,25.386042000008047,manual
1767921415385,Sunny,Day,0.030729166666666665,61.45833333333333,40.0,24.87317599999983,manual
1767921415416,Sunny,Day,0.030989583333333334,61.97916666666667,40.0,24.404545000010103,manual
1767921415449,Sunny,Day,0.031032986111111112,62.06597222222222,40.0,27.134810000006837,manual
1767921415479,Sunny,Day,0.029774305555555554,59.54861111111111,40.0,24.515564999973094,manual
1767921415512,Sunny,Day,0.030512152777777777,61.02430555555556,40.0,26.110225999985914,manual
1767921415542,Sunny,Day,0.030034722222222223,60.06944444444444,40.0,24.44987100000162,manual
1767921415574,Sunny,Day,0.03220486111111111,64.40972222222221,40.0,26.756385999988197,manual
1767921415606,Sunny,Day,0.031336805555555555,62.67361111111111,40.0,26.189622000003965,manual
1767921415636,Sunny,Day,0.030555555555555555,61.11111111111111,40.0,23.661696000004895,manual
1767921415668,Sunny,Day,0.029861111111111113,59.72222222222223,39.0,26.392887000014298,manual
1767921415702,Sunny,Day,0.030729166666666665,61.45833333333333,40.0,28.094013999975687,manual
1767921415731,Sunny,Day,0.030381944444444444,60.763888888888886,40.0,23.781380999992052,manual
1767921415761,Sunny,Day,0.029991319444444445,59.98263888888889,40.0,24.847532000023875,manual
1767921415793,Sunny,Day,0.029730902777777776,59.46180555555555,40.0,25.49204400000349,manual
1767921415824,Sunny,Day,0.030164930555555556,60.329861111111114,40.0,25.911497999999256,manual
1767921415856,Sunny,Day,0.031163194444444445,62.32638888888889,40.0,24.8562889999846,manual
1767921415887,Sunny,Day,0.02964409722222222,59.28819444444444,40.0,26.041923000008182,manual
1767921415923,Sunny,Day,0.031163194444444445,62.32638888888889,40.0,29.608633000009377,manual
1767921415949,Sunny,Day,0.031119791666666667,62.239583333333336,40.0,20.994180000002416,manual
1767921415981,Sunny,Day,0.03129340277777778,62.58680555555556,40.0,26.218117000013308,manual
1767921416013,Sunny,Day,0.030078125,60.15625,40.0,26.9511760000114,manual
1767921416048,Sunny,Day,0.030512152777777777,61.02430555555556,40.0,2.84936500000299,manual
1767921416075,Sunny,Day,0.029774305555555554,59.54861111111111,40.0,21.598748000002388,manual
1767921416108,Sunny,Day,0.029600694444444443,59.201388888888886,40.0,27.19362199999864,manual
1767921416138,Sunny,Day,0.02912326388888889,58.24652777777778,40.0,24.47584799998026,manual
1767921416169,Sunny,Day,0.029730902777777776,59.46180555555555,40.0,26.543608999986645,manual
1767921416202,Sunny,Day,0.0296875,59.375,39.0,27.15723899999034,manual
1767921416233,Sunny,Day,0.029991319444444445,59.98263888888889,39.0,24.341294999999263,manual
1767921416264,Sunny,Day,0.03012152777777778,60.24305555555556,40.0,25.506859000017812,manual
1767921416302,Sunny,Day,0.030164930555555556,60.329861111111114,40.0,32.65760899998327,manual
1767921416331,Sunny,Day,0.03042534722222222,60.85069444444444,40.0,22.91108500000405,manual
1767921416355,Sunny,Day,0.03138020833333333,62.760416666666664,40.0,18.557097000012845,manual
1767921416388,Sunny,Day,0.03025173611111111,60.50347222222222,39.0,28.62264700002015,manual
1767921416419,Sunny,Day,0.03042534722222222,60.85069444444444,40.0,25.29903900000363,manual
1767921416449,Sunny,Day,0.029600694444444443,59.201388888888886,40.0,26.169554999995626,manual
1767921416481,Sunny,Day,0.029166666666666667,58.333333333333336,40.0,26.616078999978754,manual
1767921416514,Sunny,Day,0.030598958333333332,61.197916666666664,40.0,29.060264999998253,manual
1767921416547,Sunny,Day,0.03155381944444444,63.107638888888886,40.0,28.45422800001529,manual
1767921416575,Sunny,Day,0.03012152777777778,60.24305555555556,40.0,21.716636999997263,manual
1767921416606,Sunny,Day,0.03042534722222222,60.85069444444444,40.0,27.034979000006842,manual
1767921416638,Sunny,Day,0.030946180555555557,61.892361111111114,40.0,26.883483999995406,manual
1767921416669,Sunny,Day,0.030685763888888887,61.37152777777777,40.0,27.07671400000322,manual
1767921416701,Sunny,Day,0.031119791666666667,62.239583333333336,40.0,27.1122640000101,manual
1767921416733,Sunny,Day,0.030034722222222223,60.06944444444444,40.0,27.08002800000031,manual
1767921416763,Sunny,Day,0.030338541666666666,60.677083333333336,40.0,22.5710630000151,manual
1767921416798,Sunny,Day,0.029991319444444445,59.98263888888889,40.0,28.935488000001897,manual
1767921416827,Sunny,Day,0.030946180555555557,61.892361111111114,40.0,22.310121000003846,manual
1767921416859,Sunny,Day,0.03138020833333333,62.760416666666664,40.0,27.045385999997507,manual
1767921416890,Sunny,Day,0.02829861111111111,56.59722222222222,39.0,27.411310999980287,manual
1767921416923,Sunny,Day,0.03046875,60.9375,40.0,27.709063000003198,manual
1767921416952,Sunny,Day,0.031032986111111112,62.06597222222222,40.0,24.826351000001523,manual
1767921416983,Sunny,Day,0.028255208333333334,56.510416666666664,39.0,26.164536999999655,manual
1767921417016,Sunny,Day,0.02912326388888889,58.24652777777778,39.0,25.51312800000005,manual
1767921417047,Sunny,Day,0.029600694444444443,59.201388888888886,40.0,26.577624999987393,manual
1767921417077,Sunny,Day,0.028602430555555555,57.20486111111111,40.0,25.708051999998816,manual
1767921417109,Sunny,Day,0.029513888888888888,59.02777777777778,40.0,27.118064000006825,manual
1767921417143,Sunny,Day,0.03025173611111111,60.50347222222222,40.0,28.93964300000107,manual
1767921417172,Sunny,Day,0.03142361111111111,62.84722222222222,40.0,23.7299210000117,manual
1767921417205,Sunny,Day,0.030034722222222223,60.06944444444444,39.0,28.878948999988552,manual
1767921417234,Sunny,Day,0.028559027777777777,57.11805555555556,39.0,23.976421000014625,manual
1767921417266,Sunny,Day,0.030208333333333334,60.416666666666664,40.0,24.344126000016786,manual
1767921417297,Sunny,Day,0.029079861111111112,58.15972222222222,39.0,27.098066999997172,manual
1767921417332,Sunny,Day,0.03138020833333333,62.760416666666664,40.0,24.54085499999792,manual
1767921417362,Sunny,Day,0.030164930555555556,60.329861111111114,39.0,25.16785499997809,manual
1767921417391,Sunny,Day,0.03042534722222222,60.85069444444444,40.0,24.989288000000442,manual
1767921417424,Sunny,Day,0.029296875,58.59375,39.0,27.208400999995774,manual
1767921417456,Sunny,Day,0.031206597222222222,62.41319444444444,40.0,25.23595499999942,manual
1767921417486,Sunny,Day,0.029817708333333335,59.63541666666667,40.0,24.685371000003897,manual
1767921417517,Sunny,Day,0.030729166666666665,61.45833333333333,39.0,27.00948699998662,manual
1767921417548,Sunny,Day,0.029730902777777776,59.46180555555555,40.0,26.810276000020394,manual
1767921417580,Sunny,Day,0.03046875,60.9375,40.0,26.64439299999799,manual
1767921417613,Sunny,Day,0.03185763888888889,63.71527777777777,40.0,28.681774000006044,manual
1767921417643,Sunny,Day,0.032074652777777775,64.14930555555554,40.0,25.003508999986934,manual
1767921417674,Sunny,Day,0.02947048611111111,58.94097222222222,39.0,26.46171699998945,manual
1767921417705,Sunny,Day,0.030598958333333332,61.197916666666664,40.0,26.590863999985004,manual
1767921417739,Sunny,Day,0.029991319444444445,59.98263888888889,40.0,28.01154099998371,manual
1767921417768,Sunny,Day,0.03229166666666667,64.58333333333334,40.0,24.419837000010602,manual
1767921417799,Sunny,Day,0.030164930555555556,60.329861111111114,39.0,26.92263000000139,manual
1767921417831,Sunny,Day,0.02947048611111111,58.94097222222222,40.0,27.139449000003424,manual
1767921417862,Sunny,Day,0.030078125,60.15625,40.0,26.57971799999359,manual
1767921417894,Sunny,Day,0.029600694444444443,59.201388888888886,40.0,26.95012500001326,manual
1767921417926,Sunny,Day,0.03211805555555555,64.2361111111111,39.0,28.383800000000292,manual
1767921417957,Sunny,Day,0.03198784722222222,63.975694444444436,40.0,25.585420999988173,manual
1767921417988,Sunny,Day,0.030598958333333332,61.197916666666664,39.0,25.467439000010472,manual
1767921418020,Sunny,Day,0.03155381944444444,63.107638888888886,40.0,24.292744999996785,manual
1767921418052,Sunny,Day,0.032942708333333334,65.88541666666667,40.0,26.27083799998786,manual
1767921418087,Sunny,Day,0.03129340277777778,62.58680555555556,40.0,7.708809999996902,manual
1767921418113,Sunny,Day,0.03155381944444444,63.107638888888886,40.0,17.911902000008695,manual
1767921418147,Sunny,Day,0.03159722222222222,63.19444444444444,40.0,26.363658000008172,manual
1767921418176,Sunny,Day,0.03216145833333333,64.32291666666666,40.0,22.16053600000123,manual
1767921418207,Sunny,Day,0.03090277777777778,61.80555555555556,40.0,24.470769999993536,manual
1767921418241,Sunny,Day,0.030078125,60.15625,40.0,27.70038799999952,manual
1767921418272,Sunny,Day,0.02964409722222222,59.28819444444444,40.0,24.419851000004655,manual
1767921418302,Sunny,Day,0.03268229166666667,65.36458333333334,40.0,21.965417000018306,manual
1767921418335,Sunny,Day,0.031901041666666664,63.80208333333333,39.0,24.78263099999367,manual
1767921418367,Sunny,Day,0.029947916666666668,59.895833333333336,40.0,22.06882700002666,manual
1767921418396,Sunny,Day,0.03181423611111111,63.62847222222222,40.0,21.601358999987497,manual
1767921418428,Sunny,Day,0.029557291666666666,59.11458333333333,39.0,26.137931999983266,manual
1767921418459,Sunny,Day,0.033289930555555555,66.57986111111111,40.0,22.75320799998326,manual
1767921418490,Sunny,Day,0.03216145833333333,64.32291666666666,40.0,21.729081000017914,manual
1767921418522,Sunny,Day,0.031727430555555554,63.45486111111111,39.0,19.994410000009566,manual
1767921418556,Sunny,Day,0.03337673611111111,66.75347222222221,40.0,26.5289120000034,manual
1767921418586,Sunny,Day,0.031032986111111112,62.06597222222222,40.0,19.037031999999954,manual
1767921418616,Sunny,Day,0.03029513888888889,60.59027777777778,40.0,19.715636000000814,manual
1767921418652,Sunny,Day,0.03263888888888889,65.27777777777779,40.0,27.334440999993603,manual
1767921418680,Sunny,Day,0.03298611111111111,65.97222222222223,40.0,19.750093999988394,manual
1767921418712,Sunny,Day,0.03315972222222222,66.31944444444444,40.0,25.052757999986852,manual
1767921418743,Sunny,Day,0.03441840277777778,68.83680555555556,40.0,24.163778000001912,manual
1767921418774,Sunny,Day,0.030772569444444446,61.54513888888889,40.0,22.969027999977243,manual
1767921418804,Sunny,Day,0.03250868055555556,65.01736111111111,40.0,20.69512200000645,manual
1767921418836,Sunny,Day,0.031684027777777776,63.36805555555555,40.0,21.57099299998322,manual
1767921418867,Sunny,Day,0.032769097222222224,65.53819444444444,40.0,22.2033999999951,manual
1767921418898,Sunny,Day,0.029253472222222222,58.50694444444444,40.0,16.49759100001802,manual
1767921418930,Sunny,Day,0.03129340277777778,62.58680555555556,40.0,20.048642999995536,manual
1767921418963,Sunny,Day,0.029861111111111113,59.72222222222223,39.0,26.64709799998377,manual
1767921418993,Sunny,Day,0.03177083333333333,63.541666666666664,40.0,22.648519000000533,manual
1767921419024,Sunny,Day,0.029774305555555554,59.54861111111111,40.0,24.302247999997917,manual
1767921419055,Sunny,Day,0.03042534722222222,60.85069444444444,40.0,23.894218999998884,manual
1767921419087,Sunny,Day,0.029947916666666668,59.895833333333336,40.0,23.914677999982814,manual
1767921419119,Sunny,Day,0.033289930555555555,66.57986111111111,40.0,23.032491999998683,manual
1767921419150,Sunny,Day,0.03181423611111111,63.62847222222222,40.0,23.006199999997534,manual
1767921419182,Sunny,Day,0.03259548611111111,65.19097222222223,40.0,22.46583300001248,manual
1767921419214,Sunny,Day,0.03090277777777778,61.80555555555556,40.0,24.123556000006374,manual
1767921419244,Sunny,Day,0.033854166666666664,67.70833333333333,40.0,22.867163999990225,manual
1767921419275,Sunny,Day,0.03233506944444445,64.6701388888889,40.0,24.60150600001043,manual
1767921419307,Sunny,Day,0.030034722222222223,60.06944444444444,40.0,24.772906999999122,manual
1767921419338,Sunny,Day,0.03498263888888889,69.96527777777779,40.0,25.025035999988177,manual
1767921419371,Sunny,Day,0.034895833333333334,69.79166666666667,40.0,25.73693300001878,manual
1767921419401,Sunny,Day,0.03333333333333333,66.66666666666667,40.0,22.909620999996605,manual
1767921419432,Sunny,Day,0.03181423611111111,63.62847222222222,39.0,22.44426299998281,manual
1767921419464,Sunny,Day,0.03107638888888889,62.15277777777778,40.0,24.986450000000104,manual
1767921419498,Sunny,Day,0.03142361111111111,62.84722222222222,40.0,27.482421000001978,manual
1767921419526,Sunny,Day,0.03381076388888889,67.62152777777777,40.0,20.883544000014354,manual
1767921419558,Sunny,Day,0.03211805555555555,64.2361111111111,40.0,24.44649000000254,manual
1767921419591,Sunny,Day,0.03289930555555556,65.79861111111111,40.0,21.221144000008962,manual
1767921419621,Sunny,Day,0.029991319444444445,59.98263888888889,40.0,15.182075000012674,manual
1767921419656,Sunny,Day,0.03229166666666667,64.58333333333334,39.0,27.138100999991366,manual
1767921419688,Sunny,Day,0.03285590277777778,65.71180555555556,40.0,24.73657900000603,manual
1767921419716,Sunny,Day,0.029730902777777776,59.46180555555555,40.0,20.08678999999347,manual
1767921419746,Sunny,Day,0.02990451388888889,59.80902777777778,39.0,22.56670799999938,manual
1767921419780,Sunny,Day,0.03090277777777778,61.80555555555556,40.0,25.848787999990464,manual
1767921419809,Sunny,Day,0.03107638888888889,62.15277777777778,40.0,25.39705600000275,manual
1767921419841,Sunny,Day,0.030772569444444446,61.54513888888889,40.0,6.562121999991177,manual
1767921419873,Sunny,Day,0.03142361111111111,62.84722222222222,40.0,25.630651999989595,manual
1767921419905,Sunny,Day,0.03025173611111111,60.50347222222222,40.0,24.543439000012768,manual
1767921419934,Sunny,Day,0.032421875,64.84375,40.0,22.983591000013348,manual
1767921419966,Sunny,Day,0.02751736111111111,55.03472222222222,40.0,24.905515999989802,manual
1767921419998,Sunny,Day,0.029513888888888888,59.02777777777778,39.0,24.800995000020976,manual
1767921420028,Sunny,Day,0.03029513888888889,60.59027777777778,40.0,23.92735399999424,manual
1767921420061,Sunny,Day,0.030772569444444446,61.54513888888889,40.0,26.77117000001772,manual
1767921420092,Sunny,Day,0.030164930555555556,60.329861111111114,40.0,23.979494999991857,manual
1767921420123,Sunny,Day,0.02990451388888889,59.80902777777778,40.0,23.83877400001211,manual
1767921420154,Sunny,Day,0.02847222222222222,56.94444444444444,39.0,23.333124999993515,manual
1767921420188,Sunny,Day,0.029730902777777776,59.46180555555555,39.0,23.218936999995776,manual
1767921420217,Sunny,Day,0.030772569444444446,61.54513888888889,40.0,21.848447999985865,manual
1767921420248,Sunny,Day,0.031032986111111112,62.06597222222222,40.0,24.772158999979865,manual
1767921420280,Sunny,Day,0.028862847222222224,57.72569444444445,40.0,24.976779000013494,manual
1767921420312,Sunny,Day,0.02868923611111111,57.37847222222222,40.0,24.921953000017538,manual
1767921420342,Sunny,Day,0.03012152777777778,60.24305555555556,40.0,24.08251700001074,manual
1767921420374,Sunny,Day,0.03012152777777778,60.24305555555556,40.0,24.6540460000233,manual
1767921420405,Sunny,Day,0.027907986111111113,55.81597222222223,39.0,24.5737429999906,manual
1767921420437,Sunny,Day,0.03025173611111111,60.50347222222222,40.0,25.53608700000609,manual
1767921420468,Sunny,Day,0.030381944444444444,60.763888888888886,40.0,24.22553400000993,manual
1767921420500,Sunny,Day,0.03233506944444445,64.6701388888889,40.0,25.4043470000056,manual
1767921420531,Sunny,Day,0.030772569444444446,61.54513888888889,39.0,24.859480000003487,manual
1767921420562,Sunny,Day,0.03315972222222222,66.31944444444444,40.0,23.69353599999613,manual
1767921420596,Sunny,Day,0.031336805555555555,62.67361111111111,40.0,27.10440000001313,manual
1767921420625,Sunny,Day,0.031336805555555555,62.67361111111111,40.0,22.95462300000395,manual
1767921420656,Sunny,Day,0.033289930555555555,66.57986111111111,40.0,24.719223000005286,manual
1767921420691,Sunny,Day,0.03107638888888889,62.15277777777778,40.0,28.045488000003616,manual
1767921420721,Sunny,Day,0.033203125,66.40625,40.0,22.878968000014765,manual
1767921420751,Sunny,Day,0.03519965277777778,70.39930555555556,40.0,22.56073499998479,manual
1767921420782,Sunny,Day,0.035069444444444445,70.13888888888889,40.0,24.16589399999225,manual
1767921420814,Sunny,Day,0.034722222222222224,69.44444444444444,40.0,21.22598200000425,manual
1767921420845,Sunny,Day,0.03229166666666667,64.58333333333334,39.0,23.1074160000162,manual
1767921420876,Sunny,Day,0.033203125,66.40625,40.0,22.01096199999597,manual
1767921420908,Sunny,Day,0.03576388888888889,71.52777777777777,40.0,25.835341000004064,manual
1767921420939,Sunny,Day,0.03064236111111111,61.28472222222222,40.0,18.94841899999733,manual
1767921420970,Sunny,Day,0.032725694444444446,65.45138888888889,40.0,20.994607999995196,manual
1767921421003,Sunny,Day,0.03606770833333333,72.13541666666666,40.0,25.96089899998333,manual
1767921421033,Sunny,Day,0.033854166666666664,67.70833333333333,40.0,22.990680999981805,manual
1767921421066,Sunny,Day,0.03546006944444444,70.92013888888889,40.0,24.285461999994595,manual
1767921421097,Sunny,Day,0.03307291666666667,66.14583333333333,40.0,23.567414000012832,manual
1767921421127,Sunny,Day,0.03515625,70.3125,40.0,20.96679999999651,manual
1767921421159,Sunny,Day,0.03389756944444444,67.79513888888889,40.0,25.366179000002376,manual
1767921421190,Sunny,Day,0.03428819444444445,68.5763888888889,40.0,24.34136100001183,manual
1767921421222,Sunny,Day,0.03337673611111111,66.75347222222221,40.0,24.49207999998748,manual
1767921421255,Sunny,Day,0.03658854166666667,73.17708333333334,40.0,21.636186999984375,manual
1767921421284,Sunny,Day,0.03420138888888889,68.40277777777779,40.0,23.151677000015525,manual
1767921421316,Sunny,Day,0.033463541666666666,66.92708333333333,40.0,24.857158999992635,manual
1767921421351,Sunny,Day,0.03233506944444445,64.6701388888889,40.0,27.80744599999707,manual
1767921421382,Sunny,Day,0.037543402777777776,75.08680555555556,40.0,20.736091999992823,manual
1767921421415,Sunny,Day,0.034765625,69.53125,40.0,23.843894000009414,manual
1767921421446,Sunny,Day,0.036675347222222224,73.35069444444444,40.0,20.445873999989317,manual
1767921421475,Sunny,Day,0.03220486111111111,64.40972222222221,40.0,20.312781000001223,manual
1767921421508,Sunny,Day,0.03315972222222222,66.31944444444444,40.0,22.994680000010703,manual
1767921421541,Sunny,Day,0.034678819444444446,69.35763888888889,40.0,24.07939799999781,manual
1767921421569,Sunny,Day,0.033203125,66.40625,40.0,19.632524999991574,manual
1767921421600,Sunny,Day,0.030512152777777777,61.02430555555556,40.0,22.90265600001362,manual
1767921421635,Sunny,Day,0.032942708333333334,65.88541666666667,40.0,20.765476999997645,manual
1767921421663,Sunny,Day,0.032378472222222225,64.75694444444446,40.0,12.059908999987101,manual
1767921421695,Sunny,Day,0.03532986111111111,70.65972222222221,40.0,18.321044000003894,manual
1767921421727,Sunny,Day,0.03324652777777778,66.49305555555556,40.0,22.128470000012612,manual
1767921421758,Sunny,Day,0.032725694444444446,65.45138888888889,40.0,18.45848800002159,manual
1767921421789,Sunny,Day,0.03263888888888889,65.27777777777779,40.0,21.033160999991196,manual
1767921421822,Sunny,Day,0.03519965277777778,70.39930555555556,40.0,24.985270000001947,manual
1767921421855,Sunny,Day,0.03420138888888889,68.40277777777779,40.0,24.49789400000668,manual
1767921421884,Sunny,Day,0.035633680555555554,71.26736111111111,40.0,20.38103100002786,manual
1767921421915,Sunny,Day,0.03546006944444444,70.92013888888889,40.0,23.011677999988933,manual
1767921421946,Sunny,Day,0.035416666666666666,70.83333333333333,40.0,18.158437000010963,manual
1767921421977,Sunny,Day,0.03415798611111111,68.31597222222221,40.0,17.358271999995623,manual
1767921422010,Sunny,Day,0.03459201388888889,69.18402777777779,40.0,19.495745000000397,manual
1767921422041,Sunny,Day,0.033854166666666664,67.70833333333333,40.0,17.035035999981574,manual
1767921422073,Sunny,Day,0.033463541666666666,66.92708333333333,40.0,22.36755199999152,manual
1767921422102,Sunny,Day,0.032769097222222224,65.53819444444444,40.0,18.69102699998848,manual
1767921422137,Sunny,Day,0.03619791666666667,72.39583333333334,40.0,27.279423999999608,manual
1767921422167,Sunny,Day,0.033854166666666664,67.70833333333333,40.0,20.477223000000322,manual
1767921422197,Sunny,Day,0.03459201388888889,69.18402777777779,40.0,19.461586000005582,manual
1767921422231,Sunny,Day,0.03485243055555556,69.70486111111111,40.0,25.198082999992266,manual
1767921422261,Sunny,Day,0.03567708333333333,71.35416666666666,40.0,20.705913000000464,manual
1767921422291,Sunny,Day,0.03302951388888889,66.05902777777779,40.0,18.55860099999518,manual
1767921422322,Sunny,Day,0.035243055555555555,70.48611111111111,40.0,18.22549900001036,manual
1767921422354,Sunny,Day,0.03671875,73.4375,40.0,18.393141999979434,manual
1767921422386,Sunny,Day,0.036848958333333334,73.69791666666667,40.0,20.17841200000703,manual
1767921422417,Sunny,Day,0.033854166666666664,67.70833333333333,40.0,20.98687299999824,manual
1767921422450,Sunny,Day,0.0328125,65.625,40.0,24.09301500000538,manual
1767921422481,Sunny,Day,0.03463541666666667,69.27083333333334,40.0,21.203546999998935,manual
1767921422512,Sunny,Day,0.03498263888888889,69.96527777777779,40.0,22.440114999994876,manual
1767921422543,Sunny,Day,0.029513888888888888,59.02777777777778,40.0,18.421378999988747,manual
1767921422576,Sunny,Day,0.03463541666666667,69.27083333333334,40.0,21.243171999998367,manual
1767921422606,Sunny,Day,0.03211805555555555,64.2361111111111,39.0,20.70346900001141,manual
1767921422639,Sunny,Day,0.03498263888888889,69.96527777777779,40.0,24.33744399999682,manual
1767921422669,Sunny,Day,0.03519965277777778,70.39930555555556,40.0,21.493543999980602,manual
1767921422701,Sunny,Day,0.03125,62.5,40.0,17.59641999998962,manual
1767921422731,Sunny,Day,0.03441840277777778,68.83680555555556,40.0,21.42692399999646,manual
1767921422763,Sunny,Day,0.034027777777777775,68.05555555555554,39.0,22.406989999979032,manual
1767921422794,Sunny,Day,0.03342013888888889,66.84027777777777,40.0,22.39002999999684,manual
1767921422826,Sunny,Day,0.03289930555555556,65.79861111111111,40.0,22.11127300000726,manual
1767921422857,Sunny,Day,0.03090277777777778,61.80555555555556,39.0,21.2033070000075,manual
1767921422889,Sunny,Day,0.03090277777777778,61.80555555555556,40.0,18.565859000005958,manual
1767921422920,Sunny,Day,0.03441840277777778,68.83680555555556,40.0,16.170858999998927,manual
1767921422953,Sunny,Day,0.03138020833333333,62.760416666666664,39.0,22.391010999996297,manual
1767921422983,Sunny,Day,0.03138020833333333,62.760416666666664,40.0,17.93500300001938,manual
1767921423014,Sunny,Day,0.03546006944444444,70.92013888888889,40.0,19.47164200001339,manual
1767921423046,Sunny,Day,0.03289930555555556,65.79861111111111,40.0,23.973796999996466,manual
1767921423076,Sunny,Day,0.03411458333333333,68.22916666666666,40.0,20.714412000018,manual
1767921423110,Sunny,Day,0.031336805555555555,62.67361111111111,40.0,21.77945100001466,manual
1767921423139,Sunny,Day,0.03233506944444445,64.6701388888889,40.0,20.67732399999045,manual
1767921423170,Sunny,Day,0.03697916666666667,73.95833333333333,40.0,15.74118799999269,manual
1767921423201,Sunny,Day,0.03428819444444445,68.5763888888889,39.0,13.753813000022319,manual
1767921423232,Sunny,Day,0.035416666666666666,70.83333333333333,40.0,18.61151599999289,manual
1767921423267,Sunny,Day,0.032769097222222224,65.53819444444444,40.0,22.611261999998078,manual
1767921423297,Sunny,Day,0.037586805555555554,75.17361111111111,40.0,18.780511000016986,manual
1767921423330,Sunny,Day,0.037022569444444445,74.04513888888889,40.0,21.617750999979535,manual
1767921423362,Sunny,Day,0.035807291666666664,71.61458333333333,40.0,21.631415000001653,manual
1767921423389,Sunny,Day,0.03576388888888889,71.52777777777777,40.0,13.78479100000618,manual
1767921423421,Sunny,Day,0.034765625,69.53125,40.0,25.24625200001651,manual
1767921423453,Sunny,Day,0.03884548611111111,77.69097222222223,40.0,26.05884400000491,manual
1767921423483,Sunny,Day,0.030772569444444446,61.54513888888889,40.0,22.227963000005957,manual
1767921423513,Sunny,Day,0.03159722222222222,63.19444444444444,39.0,24.278589000005013,manual
1767921423545,Sunny,Day,0.03511284722222222,70.22569444444444,40.0,25.0300219999815,manual
1767921423577,Sunny,Day,0.03832465277777778,76.64930555555556,40.0,20.1017550000131,manual
1767921423609,Sunny,Day,0.03480902777777778,69.61805555555556,40.0,22.720765999991954,manual
1767921423639,Sunny,Day,0.03871527777777778,77.43055555555556,40.0,22.88207699999134,manual
1767921423673,Sunny,Day,0.036848958333333334,73.69791666666667,40.0,16.337069000002202,manual
1767921423709,Sunny,Day,0.04188368055555555,83.7673611111111,40.0,24.456583000016963,manual
1767921423735,Sunny,Day,0.03420138888888889,68.40277777777779,40.0,12.115241999993032,manual
1767921423767,Sunny,Day,0.03528645833333333,70.57291666666667,40.0,19.650076999994326,manual
1767921423798,Sunny,Day,0.03515625,70.3125,40.0,24.45156499999257,manual
1767921423828,Sunny,Day,0.03936631944444444,78.73263888888889,40.0,20.1214939999943,manual
1767921423862,Sunny,Day,0.03463541666666667,69.27083333333334,40.0,27.244107999990774,manual
1767921423892,Sunny,Day,0.03572048611111111,71.44097222222221,40.0,19.398630000011963,manual
1767921423921,Sunny,Day,0.03658854166666667,73.17708333333334,40.0,18.149450000009892,manual
1767921423954,Sunny,Day,0.03572048611111111,71.44097222222221,40.0,25.390065999999933,manual
1767921423987,Sunny,Day,0.03511284722222222,70.22569444444444,40.0,23.53469199999836,manual
1767921424017,Sunny,Day,0.04001736111111111,80.03472222222221,40.0,13.946903999993765,manual
1767921424051,Sunny,Day,0.036675347222222224,73.35069444444444,40.0,27.450348999991547,manual
1767921424081,Sunny,Day,0.03884548611111111,77.69097222222223,40.0,23.430025000010346,manual
1767921424111,Sunny,Day,0.03589409722222222,71.78819444444444,40.0,17.327703999995947,manual
1767921424142,Sunny,Day,0.038802083333333334,77.60416666666667,40.0,23.149692999993476,manual
1767921424180,Sunny,Day,0.03463541666666667,69.27083333333334,40.0,30.42220599999723,manual
1767921424211,Sunny,Day,0.03763020833333333,75.26041666666666,40.0,21.239099000013084,manual
1767921424240,Sunny,Day,0.03676215277777778,73.52430555555556,40.0,16.3167489999978,manual
1767921424271,Sunny,Day,0.041015625,82.03125,40.0,19.020807999993394,manual
1767921424301,Sunny,Day,0.03528645833333333,70.57291666666667,40.0,22.208152999979802,manual
1767921424332,Sunny,Day,0.03637152777777778,72.74305555555556,40.0,19.53505299999847,manual
1767921424364,Sunny,Day,0.035807291666666664,71.61458333333333,40.0,24.519803000004003,manual
1767921424393,Sunny,Day,0.035980902777777775,71.96180555555554,40.0,22.202839000016183,manual
1767921424427,Sunny,Day,0.033680555555555554,67.36111111111111,40.0,21.571887999982664,manual
1767921424458,Sunny,Day,0.03229166666666667,64.58333333333334,40.0,23.210943000009365,manual
1767921424488,Sunny,Day,0.036328125,72.65625,40.0,20.215776000014785,manual
1767921424519,Sunny,Day,0.03728298611111111,74.56597222222221,40.0,23.45800300000178,manual
1767921424550,Sunny,Day,0.03459201388888889,69.18402777777779,40.0,23.70454199999017,manual
1767921424592,Sunny,Day,0.03220486111111111,64.40972222222221,40.0,34.631893000010905,manual
1767921424618,Sunny,Day,0.0328125,65.625,40.0,14.530323999991879,manual
1767921424647,Sunny,Day,0.035590277777777776,71.18055555555556,40.0,6.660318999990977,manual
1767921424680,Sunny,Day,0.03268229166666667,65.36458333333334,40.0,12.102506000019275,manual
1767921424710,Sunny,Day,0.031206597222222222,62.41319444444444,40.0,21.698517999993783,manual
1767921424740,Sunny,Day,0.030685763888888887,61.37152777777777,40.0,23.558007000019643,manual
1767921424769,Sunny,Day,0.03142361111111111,62.84722222222222,40.0,21.08419500001446,manual
1767921424802,Sunny,Day,0.03046875,60.9375,40.0,24.755085999998983,manual
1767921424832,Sunny,Day,0.03302951388888889,66.05902777777779,40.0,23.749945000020034,manual
1767921424863,Sunny,Day,0.03315972222222222,66.31944444444444,40.0,24.353806999982908,manual
1767921424895,Sunny,Day,0.03285590277777778,65.71180555555556,40.0,25.01882699999669,manual
1767921424926,Sunny,Day,0.03259548611111111,65.19097222222223,40.0,24.96429800001465,manual
1767921424958,Sunny,Day,0.03454861111111111,69.09722222222223,40.0,24.870996000004197,manual
1767921424991,Sunny,Day,0.03233506944444445,64.6701388888889,39.0,27.2253060000196,manual
1767921425021,Sunny,Day,0.03216145833333333,64.32291666666666,40.0,22.409270000025572,manual
1767921425052,Sunny,Day,0.032421875,64.84375,40.0,23.867264999978488,manual
1767921425083,Sunny,Day,0.03181423611111111,63.62847222222222,40.0,25.260190000011562,manual
1767921425115,Sunny,Day,0.03125,62.5,40.0,24.631347999985564,manual
1767921425146,Sunny,Day,0.032769097222222224,65.53819444444444,39.0,24.286709000023166,manual
1767921425178,Sunny,Day,0.03420138888888889,68.40277777777779,40.0,25.42937100000131,manual
1767921425213,Sunny,Day,0.037543402777777776,75.08680555555556,40.0,28.919070000000602,manual
1767921425241,Sunny,Day,0.0328125,65.625,40.0,6.888965999991115,manual
1767921425274,Sunny,Day,0.03576388888888889,71.52777777777777,40.0,25.260208000020157,manual
1767921425306,Sunny,Day,0.03498263888888889,69.96527777777779,40.0,11.024449000018421,manual
1767921425335,Sunny,Day,0.035807291666666664,71.61458333333333,40.0,17.87138299999924,manual
1767921425366,Sunny,Day,0.03376736111111111,67.53472222222221,40.0,23.739245000001574,manual
1767921425400,Sunny,Day,0.034722222222222224,69.44444444444444,40.0,27.72211900000343,manual
1767921425429,Sunny,Day,0.037022569444444445,74.04513888888889,40.0,15.273935000010397,manual
1767921425460,Sunny,Day,0.03875868055555556,77.51736111111111,40.0,23.992378000002645,manual
1767921425492,Sunny,Day,0.037586805555555554,75.17361111111111,40.0,25.397708999975066,manual
1767921425523,Sunny,Day,0.033637152777777776,67.27430555555556,40.0,24.277877000002945,manual
1767921425554,Sunny,Day,0.033289930555555555,66.57986111111111,40.0,24.442020999998704,manual
1767921425587,Sunny,Day,0.037760416666666664,75.52083333333333,40.0,25.866405000016357,manual
1767921425619,Sunny,Day,0.035243055555555555,70.48611111111111,40.0,24.497125000010556,manual
1767921425649,Sunny,Day,0.033637152777777776,67.27430555555556,40.0,21.87742099999923,manual
1767921425681,Sunny,Day,0.03250868055555556,65.01736111111111,39.0,26.028327000005902,manual
1767921425711,Sunny,Day,0.03485243055555556,69.70486111111111,40.0,21.73140299998977,manual
1767921425743,Sunny,Day,0.034375,68.75,40.0,25.726349999985132,manual
1767921425774,Sunny,Day,0.033203125,66.40625,40.0,23.509295000025077,manual
1767921425806,Sunny,Day,0.03324652777777778,66.49305555555556,40.0,24.863965000008648,manual
1767921425837,Sunny,Day,0.03407118055555555,68.1423611111111,40.0,22.503596000007065,manual
1767921425870,Sunny,Day,0.032378472222222225,64.75694444444446,40.0,22.941129999992427,manual
1767921425899,Sunny,Day,0.032074652777777775,64.14930555555554,40.0,23.33502099997986,manual
1767921425934,Sunny,Day,0.03216145833333333,64.32291666666666,40.0,28.516346000003523,manual
1767921425966,Sunny,Day,0.03129340277777778,62.58680555555556,40.0,22.67014800000311,manual
1767921425994,Sunny,Day,0.03138020833333333,62.760416666666664,40.0,19.444673000009516,manual
1767921426027,Sunny,Day,0.03381076388888889,67.62152777777777,40.0,26.867089999996097,manual
1767921426059,Sunny,Day,0.03372395833333333,67.44791666666666,40.0,21.14440600001899,manual
1767921426088,Sunny,Day,0.031163194444444445,62.32638888888889,40.0,20.570018999990225,manual
1767921426121,Sunny,Day,0.032378472222222225,64.75694444444446,40.0,22.561607000000095,manual
1767921426152,Sunny,Day,0.035590277777777776,71.18055555555556,40.0,22.623227999986284,manual
1767921426184,Sunny,Day,0.033463541666666666,66.92708333333333,40.0,24.139619999999695,manual
1767921426214,Sunny,Day,0.034375,68.75,39.0,22.704587999982095,manual
1767921426245,Sunny,Day,0.031163194444444445,62.32638888888889,40.0,24.432007000001477,manual
1767921426277,Sunny,Day,0.03602430555555555,72.0486111111111,40.0,25.521697000016275,manual
1767921426314,Sunny,Day,0.03441840277777778,68.83680555555556,40.0,30.952256000006173,manual
1767921426342,Sunny,Day,0.03181423611111111,63.62847222222222,40.0,20.4020230000026,manual
1767921426374,Sunny,Day,0.03424479166666667,68.48958333333334,40.0,21.60806599999887,manual
1767921426402,Sunny,Day,0.03454861111111111,69.09722222222223,40.0,10.50488700002461,manual
1767921426437,Sunny,Day,0.036848958333333334,73.69791666666667,40.0,23.2836589999863,manual
1767921426465,Sunny,Day,0.03528645833333333,70.57291666666667,40.0,20.204492999994272,manual
1767921426496,Sunny,Day,0.03315972222222222,66.31944444444444,40.0,24.6387390000109,manual
1767921426528,Sunny,Day,0.03159722222222222,63.19444444444444,40.0,24.853860000007444,manual
1767921426560,Sunny,Day,0.03090277777777778,61.80555555555556,40.0,25.08729199999493,manual
1767921426590,Sunny,Day,0.03181423611111111,63.62847222222222,40.0,23.543217999986155,manual
1767921426622,Sunny,Day,0.02964409722222222,59.28819444444444,40.0,25.61609200000703,manual
1767921426655,Sunny,Day,0.031119791666666667,62.239583333333336,40.0,25.871243000011646,manual
1767921426685,Sunny,Day,0.03355034722222222,67.10069444444444,40.0,23.586618999985376,manual
1767921426721,Sunny,Day,0.03637152777777778,72.74305555555556,40.0,29.021067000002176,manual
1767921426748,Sunny,Day,0.03224826388888889,64.49652777777779,40.0,20.142426999996133,manual
1767921426779,Sunny,Day,0.03420138888888889,68.40277777777779,40.0,24.57556300001329,manual
1767921426810,Sunny,Day,0.0296875,59.375,40.0,24.641090999978132,manual
1767921426842,Sunny,Day,0.03376736111111111,67.53472222222221,40.0,26.13374599999929,manual
1767921426876,Sunny,Day,0.031684027777777776,63.36805555555555,40.0,23.17309999997974,manual
1767921426904,Sunny,Day,0.0328125,65.625,39.0,15.454194999989568,manual
1767921426941,Sunny,Day,0.03333333333333333,66.66666666666667,40.0,30.020582999981116,manual
1767921426970,Sunny,Day,0.03359375,67.1875,40.0,5.459537000007231,manual
1767921426999,Sunny,Day,0.029991319444444445,59.98263888888889,40.0,18.614036999991868,manual
1767921427030,Sunny,Day,0.028385416666666666,56.770833333333336,39.0,24.13169599998355,manual
1767921427062,Sunny,Day,0.032074652777777775,64.14930555555554,40.0,25.249588000008316,manual
1767921427093,Sunny,Day,0.031206597222222222,62.41319444444444,39.0,24.075205000002597,manual
1767921427124,Sunny,Day,0.03220486111111111,64.40972222222221,40.0,22.13553300001081,manual
1767921427156,Sunny,Day,0.03025173611111111,60.50347222222222,39.0,24.442749000002095,manual
1767921427189,Sunny,Day,0.03125,62.5,40.0,26.526644000000488,manual
1767921427218,Sunny,Day,0.030164930555555556,60.329861111111114,40.0,23.322673999985,manual
1767921427251,Sunny,Day,0.030164930555555556,60.329861111111114,40.0,26.20216699997968,manual
1767921427283,Sunny,Day,0.030555555555555555,61.11111111111111,40.0,25.39810499999362,manual
1767921427313,Sunny,Day,0.030598958333333332,61.197916666666664,40.0,23.38622000002033,manual
1767921427344,Sunny,Day,0.03224826388888889,64.49652777777779,40.0,24.637593999983665,manual
1767921427375,Sunny,Day,0.032074652777777775,64.14930555555554,40.0,23.355836000007457,manual
1767921427408,Sunny,Day,0.029383680555555555,58.76736111111111,39.0,25.82216100000778,manual
1767921427439,Sunny,Day,0.030078125,60.15625,39.0,23.758893999996644,manual
1767921427471,Sunny,Day,0.03159722222222222,63.19444444444444,40.0,21.278884999986758,manual
1767921427503,Sunny,Day,0.030512152777777777,61.02430555555556,40.0,24.585100999985343,manual
1767921427532,Sunny,Day,0.03381076388888889,67.62152777777777,40.0,21.003494999973782,manual
1767921427565,Sunny,Day,0.029947916666666668,59.895833333333336,39.0,20.011346999979196,manual
1767921427596,Sunny,Day,0.03220486111111111,64.40972222222221,39.0,22.681368999997176,manual
1767921427626,Sunny,Day,0.03194444444444444,63.888888888888886,40.0,23.278419999996913,manual
1767921427659,Sunny,Day,0.032769097222222224,65.53819444444444,40.0,25.86380400001076,manual
1767921427689,Sunny,Day,0.028559027777777777,57.11805555555556,39.0,24.038504999992938,manual
1767921427720,Sunny,Day,0.02912326388888889,58.24652777777778,39.0,24.91398299997627,manual
1767921427752,Sunny,Day,0.026779513888888887,53.55902777777777,40.0,25.209074999992254,manual
1767921427783,Sunny,Day,0.031163194444444445,62.32638888888889,40.0,21.376113000002306,manual
1767921427816,Sunny,Day,0.03064236111111111,61.28472222222222,40.0,21.719550000000254,manual
1767921427846,Sunny,Day,0.030208333333333334,60.416666666666664,40.0,23.999456000012742,manual
1767921427877,Sunny,Day,0.030946180555555557,61.892361111111114,39.0,24.085129000013694,manual
1767921427909,Sunny,Day,0.03177083333333333,63.541666666666664,40.0,25.04842900000881,manual
1767921427940,Sunny,Day,0.029253472222222222,58.50694444444444,39.0,24.481799000000137,manual
1767921427973,Sunny,Day,0.028776041666666665,57.55208333333333,39.0,23.08925899998826,manual
1767921428004,Sunny,Day,0.029079861111111112,58.15972222222222,40.0,23.977051000002803,manual
1767921428034,Sunny,Day,0.029991319444444445,59.98263888888889,40.0,23.4059949999903,manual
1767921428066,Sunny,Day,0.029774305555555554,59.54861111111111,40.0,24.908783000000767,manual
1767921428097,Sunny,Day,0.029166666666666667,58.333333333333336,39.0,23.96645900000749,manual
1767921428129,Sunny,Day,0.029036458333333334,58.07291666666667,40.0,23.754283000016585,manual
1767921428162,Sunny,Day,0.029383680555555555,58.76736111111111,40.0,25.968274999996765,manual
1767921428192,Sunny,Day,0.02834201388888889,56.68402777777778,40.0,22.620817999978726,manual
1767921428223,Sunny,Day,0.02847222222222222,56.94444444444444,40.0,20.286674999994148,manual
1767921428254,Sunny,Day,0.02868923611111111,57.37847222222222,40.0,25.025470999992194,manual
1767921428287,Sunny,Day,0.027560763888888888,55.12152777777778,39.0,22.442620000020952,manual
1767921428318,Sunny,Day,0.029600694444444443,59.201388888888886,39.0,23.788075999988223,manual
1767921428349,Sunny,Day,0.029600694444444443,59.201388888888886,39.0,25.146788000000697,manual
1767921428382,Sunny,Day,0.028038194444444445,56.07638888888889,39.0,24.820070999993504,manual
1767921428413,Sunny,Day,0.028038194444444445,56.07638888888889,40.0,23.17085900000393,manual
1767921428445,Sunny,Day,0.030859375,61.71875,39.0,23.290713000022834,manual
1767921428477,Sunny,Day,0.027907986111111113,55.81597222222223,39.0,23.636465999999245,manual
1767921428508,Sunny,Day,0.02634548611111111,52.69097222222222,40.0,22.8329950000159,manual
1767921428540,Sunny,Day,0.03138020833333333,62.760416666666664,39.0,22.892949999999246,manual
1767921428571,Sunny,Day,0.027560763888888888,55.12152777777778,40.0,22.584897000001547,manual
1767921428602,Sunny,Day,0.033854166666666664,67.70833333333333,40.0,23.211038999988887,manual
1767921428633,Sunny,Day,0.03042534722222222,60.85069444444444,40.0,17.958143000015525,manual
1767921428666,Sunny,Day,0.03181423611111111,63.62847222222222,40.0,24.992364000013367,manual
1767921428696,Sunny,Day,0.031510416666666666,63.02083333333333,40.0,21.054539999994404,manual
1767921428728,Sunny,Day,0.032769097222222224,65.53819444444444,39.0,24.131715999999415,manual
1767921428761,Sunny,Day,0.03125,62.5,40.0,24.50377899998557,manual
1767921428791,Sunny,Day,0.029817708333333335,59.63541666666667,40.0,16.35453599999437,manual
1767921428823,Sunny,Day,0.031684027777777776,63.36805555555555,40.0,23.443731000014623,manual
1767921428853,Sunny,Day,0.032942708333333334,65.88541666666667,39.0,15.895039000014322,manual
1767921428884,Sunny,Day,0.030772569444444446,61.54513888888889,39.0,21.339261999997916,manual
1767921428916,Sunny,Day,0.029557291666666666,59.11458333333333,40.0,24.139901000012287,manual
1767921428947,Sunny,Day,0.029296875,58.59375,40.0,22.830180999989125,manual
1767921428980,Sunny,Day,0.028428819444444444,56.857638888888886,39.0,23.26806899998246,manual
1767921429012,Sunny,Day,0.030078125,60.15625,40.0,20.09313499999621,manual
1767921429043,Sunny,Day,0.028428819444444444,56.857638888888886,39.0,18.625251000003118,manual
1767921429073,Sunny,Day,0.027734375,55.46875,39.0,20.871779999993123,manual
1767921429104,Sunny,Day,0.030208333333333334,60.416666666666664,40.0,19.247986999999966,manual
1767921429136,Sunny,Day,0.030815972222222224,61.63194444444445,39.0,19.50038100000029,manual
1767921429170,Sunny,Day,0.031119791666666667,62.239583333333336,39.0,25.130773000000772,manual
1767921429201,Sunny,Day,0.02795138888888889,55.90277777777778,40.0,22.84504599998627,manual
1767921429231,Sunny,Day,0.03029513888888889,60.59027777777778,39.0,20.946861999988187,manual
1767921429261,Sunny,Day,0.031684027777777776,63.36805555555555,40.0,21.78499600000805,manual
1767921429294,Sunny,Day,0.030034722222222223,60.06944444444444,40.0,24.950165999996443,manual
1767921429324,Sunny,Day,0.027300347222222222,54.60069444444444,39.0,20.29311200001871,manual
1767921429357,Sunny,Day,0.028602430555555555,57.20486111111111,40.0,25.63948499999924,manual
1767921429388,Sunny,Day,0.031684027777777776,63.36805555555555,40.0,21.977341999985356,manual
1767921429419,Sunny,Day,0.031901041666666664,63.80208333333333,40.0,22.293264000012414,manual
1767921429452,Sunny,Day,0.028602430555555555,57.20486111111111,40.0,19.842967000016642,manual
1767921429486,Sunny,Day,0.031901041666666664,63.80208333333333,40.0,25.83523900000273,manual
1767921429513,Sunny,Day,0.029513888888888888,59.02777777777778,40.0,18.407372000012856,manual
1767921429544,Sunny,Day,0.03285590277777778,65.71180555555556,40.0,22.311854999998104,manual
1767921429573,Sunny,Day,0.03259548611111111,65.19097222222223,40.0,20.0505880000037,manual
1767921429606,Sunny,Day,0.03315972222222222,66.31944444444444,39.0,25.13397600000644,manual
1767921429640,Sunny,Day,0.031336805555555555,62.67361111111111,40.0,26.48534100001143,manual
1767921429668,Sunny,Day,0.03298611111111111,65.97222222222223,39.0,20.7457030000171,manual
1767921429699,Sunny,Day,0.03107638888888889,62.15277777777778,40.0,24.617782999996507,manual
1767921429730,Sunny,Day,0.030772569444444446,61.54513888888889,40.0,25.44375200000104,manual
1767921429764,Sunny,Day,0.029427083333333333,58.854166666666664,40.0,26.942966999996543,manual
1767921429793,Sunny,Day,0.032942708333333334,65.88541666666667,39.0,21.929921999998214,manual
1767921429824,Sunny,Day,0.030512152777777777,61.02430555555556,40.0,20.23315700000694,manual
1767921429856,Sunny,Day,0.03138020833333333,62.760416666666664,40.0,25.388128999992432,manual
1767921429888,Sunny,Day,0.03025173611111111,60.50347222222222,39.0,25.486450000016703,manual
1767921429919,Sunny,Day,0.029427083333333333,58.854166666666664,40.0,24.09144300000321,manual
1767921429950,Sunny,Day,0.03203125,64.0625,40.0,24.535755999977482,manual
1767921429981,Sunny,Day,0.029991319444444445,59.98263888888889,40.0,23.895264000003635,manual
1767921430015,Sunny,Day,0.03229166666666667,64.58333333333334,39.0,27.288935000001402,manual
1767921430046,Sunny,Day,0.032074652777777775,64.14930555555554,39.0,23.044886999997516,manual
1767921430075,Sunny,Day,0.029947916666666668,59.895833333333336,39.0,22.917792000015424,manual
1767921430107,Sunny,Day,0.030772569444444446,61.54513888888889,39.0,23.130451000014318,manual
1767921430139,Sunny,Day,0.03042534722222222,60.85069444444444,40.0,22.854578999982778,manual
1767921430171,Sunny,Day,0.028428819444444444,56.857638888888886,40.0,24.855363000000352,manual
1767921430201,Sunny,Day,0.0296875,59.375,40.0,22.725113999996438,manual
1767921430232,Sunny,Day,0.03307291666666667,66.14583333333333,40.0,25.47163700000965,manual
1767921430264,Sunny,Day,0.029513888888888888,59.02777777777778,40.0,24.54405099999235,manual
1767921430296,Sunny,Day,0.030815972222222224,61.63194444444445,39.0,26.165549000012334,manual
1767921430326,Sunny,Day,0.029210069444444445,58.42013888888889,40.0,22.87348300001213,manual
1767921430358,Sunny,Day,0.029991319444444445,59.98263888888889,39.0,24.380218999993986,manual
1767921430389,Sunny,Day,0.030164930555555556,60.329861111111114,39.0,22.3337359999789,manual
1767921430421,Sunny,Day,0.031163194444444445,62.32638888888889,40.0,25.3060279999886,manual
1767921430452,Sunny,Day,0.028255208333333334,56.510416666666664,39.0,24.394661000002316,manual
1767921430483,Sunny,Day,0.029253472222222222,58.50694444444444,40.0,23.004856000000018,manual
1767921430515,Sunny,Day,0.03090277777777778,61.80555555555556,39.0,24.933056000008946,manual
1767921430546,Sunny,Day,0.030034722222222223,60.06944444444444,39.0,24.339186999981166,manual
1767921430578,Sunny,Day,0.03315972222222222,66.31944444444444,39.0,24.684532000009085,manual
1767921430609,Sunny,Day,0.033463541666666666,66.92708333333333,40.0,25.09261100001936,manual
1767921430642,Sunny,Day,0.03233506944444445,64.6701388888889,40.0,21.92847300000267,manual
1767921430674,Sunny,Day,0.032942708333333334,65.88541666666667,40.0,22.90549800000008,manual
1767921430705,Sunny,Day,0.03216145833333333,64.32291666666666,40.0,23.545917000006966,manual
1767921430735,Sunny,Day,0.03585069444444444,71.70138888888889,40.0,23.38023400000111,manual
1767921430766,Sunny,Day,0.03572048611111111,71.44097222222221,40.0,24.18331799998441,manual
1767921430797,Sunny,Day,0.03454861111111111,69.09722222222223,39.0,24.307302000011077,manual
1767921430830,Sunny,Day,0.029947916666666668,59.895833333333336,40.0,26.179269000010663,manual
1767921430862,Sunny,Day,0.03654513888888889,73.09027777777779,40.0,24.673738000018375,manual
1767921430892,Sunny,Day,0.035590277777777776,71.18055555555556,39.0,23.428634999987707,manual
1767921430923,Sunny,Day,0.036328125,72.65625,40.0,23.955790999991677,manual
1767921430956,Sunny,Day,0.033680555555555554,67.36111111111111,39.0,21.73140499999704,manual
1767921430987,Sunny,Day,0.03854166666666667,77.08333333333334,40.0,23.34672000000637,manual
1767921431018,Sunny,Day,0.033289930555555555,66.57986111111111,40.0,24.63398100002223,manual
1767921431048,Sunny,Day,0.03658854166666667,73.17708333333334,40.0,23.680433999999195,manual
1767921431080,Sunny,Day,0.03159722222222222,63.19444444444444,40.0,23.984764999994468,manual
1767921431113,Sunny,Day,0.03515625,70.3125,40.0,26.586533999989115,manual
1767921431143,Sunny,Day,0.03741319444444444,74.82638888888889,40.0,20.34118299999932,manual
1767921431174,Sunny,Day,0.03689236111111111,73.78472222222223,40.0,24.916186000012885,manual
1767921431205,Sunny,Day,0.033680555555555554,67.36111111111111,40.0,24.838530000010905,manual
1767921431240,Sunny,Day,0.035633680555555554,71.26736111111111,40.0,28.146708999997827,manual
1767921431269,Sunny,Day,0.034722222222222224,69.44444444444444,40.0,21.571362999992516,manual
1767921431300,Sunny,Day,0.03771701388888889,75.43402777777777,39.0,24.07888400000502,manual
1767921431333,Sunny,Day,0.03728298611111111,74.56597222222221,40.0,26.422814000000017,manual
1767921431363,Sunny,Day,0.038237847222222225,76.47569444444446,39.0,23.429852999981904,manual
1767921431394,Sunny,Day,0.038411458333333336,76.82291666666667,40.0,24.39288200000078,manual
1767921431425,Sunny,Day,0.037109375,74.21875,40.0,24.861526999984562,manual
1767921431457,Sunny,Day,0.03381076388888889,67.62152777777777,39.0,24.739115999977912,manual
1767921431488,Sunny,Day,0.036458333333333336,72.91666666666667,39.0,24.518403000001854,manual
1767921431521,Sunny,Day,0.034505208333333336,69.01041666666667,40.0,26.62006599999245,manual
1767921431551,Sunny,Day,0.037760416666666664,75.52083333333333,40.0,23.117744000018092,manual
1767921431582,Sunny,Day,0.03802083333333333,76.04166666666666,40.0,24.782592000008208,manual
1767921431615,Sunny,Day,0.03480902777777778,69.61805555555556,40.0,26.544297999976152,manual
1767921431645,Sunny,Day,0.03993055555555555,79.8611111111111,40.0,23.1803849999892,manual
1767921431678,Sunny,Day,0.03815104166666667,76.30208333333334,40.0,26.596828999998934,manual
1767921431717,Sunny,Day,0.0328125,65.625,40.0,3.973986000005425,manual
1767921431743,Sunny,Day,0.03446180555555556,68.92361111111111,40.0,3.642471999995678,manual
1767921431771,Sunny,Day,0.033984375,67.96875,40.0,20.4610210000169,manual
1767921431802,Sunny,Day,0.03224826388888889,64.49652777777779,39.0,24.171279000000823,manual
1767921431833,Sunny,Day,0.031510416666666666,63.02083333333333,40.0,24.59759599997824,manual
1767921431865,Sunny,Day,0.03337673611111111,66.75347222222221,40.0,24.423822000017026,manual
1767921431896,Sunny,Day,0.033637152777777776,67.27430555555556,40.0,24.618889999999283,manual
1767921431929,Sunny,Day,0.03624131944444445,72.4826388888889,40.0,26.7209239999886,manual
1767921431959,Sunny,Day,0.03246527777777778,64.93055555555556,40.0,22.48137899999847,manual
1767921431990,Sunny,Day,0.03572048611111111,71.44097222222221,40.0,24.32807499999967,manual
1767921432023,Sunny,Day,0.033203125,66.40625,40.0,25.417554000000564,manual
1767921432053,Sunny,Day,0.03519965277777778,70.39930555555556,40.0,12.792031999993014,manual
1767921432085,Sunny,Day,0.03424479166666667,68.48958333333334,40.0,19.93518699998731,manual
1767921432117,Sunny,Day,0.032769097222222224,65.53819444444444,40.0,23.33061999999586,manual
1767921432147,Sunny,Day,0.034505208333333336,69.01041666666667,40.0,22.1370630000024,manual
1767921432179,Sunny,Day,0.03641493055555556,72.82986111111111,40.0,23.947821000007252,manual
1767921432213,Sunny,Day,0.033463541666666666,66.92708333333333,40.0,24.63636699999938,manual
1767921432241,Sunny,Day,0.033116319444444445,66.23263888888889,40.0,18.481366999992588,manual
1767921432274,Sunny,Day,0.033637152777777776,67.27430555555556,40.0,25.65607400001113,manual
1767921432305,Sunny,Day,0.035243055555555555,70.48611111111111,40.0,23.91552900002125,manual
1767921432338,Sunny,Day,0.03250868055555556,65.01736111111111,40.0,25.792464000005566,manual
1767921432367,Sunny,Day,0.032769097222222224,65.53819444444444,40.0,22.955831999979637,manual
1767921432400,Sunny,Day,0.03619791666666667,72.39583333333334,39.0,22.64413099999274,manual
1767921432430,Sunny,Day,0.03394097222222222,67.88194444444444,40.0,23.4493460000067,manual
1767921432461,Sunny,Day,0.033680555555555554,67.36111111111111,40.0,24.494790999995075,manual
1767921432492,Sunny,Day,0.03415798611111111,68.31597222222221,39.0,24.655437999996366,manual
1767921432524,Sunny,Day,0.03459201388888889,69.18402777777779,40.0,23.49595200001886,manual
1767921432556,Sunny,Day,0.03572048611111111,71.44097222222221,40.0,24.334903999999824,manual
1767921432588,Sunny,Day,0.03888888888888889,77.77777777777779,40.0,22.340353999993567,manual
1767921432619,Sunny,Day,0.03585069444444444,71.70138888888889,40.0,23.976650999998128,manual
1767921432649,Sunny,Day,0.03298611111111111,65.97222222222223,39.0,24.070232000013903,manual
1767921432683,Sunny,Day,0.03298611111111111,65.97222222222223,39.0,25.726101999993034,manual
1767921432714,Sunny,Day,0.03745659722222222,74.91319444444444,40.0,23.75621500002012,manual
1767921432746,Sunny,Day,0.04097222222222222,81.94444444444444,40.0,27.26859599999898,manual
1767921432777,Sunny,Day,0.03606770833333333,72.13541666666666,40.0,24.626164000011386,manual
1767921432807,Sunny,Day,0.033463541666666666,66.92708333333333,40.0,22.120065999985172,manual
1767921432838,Sunny,Day,0.03572048611111111,71.44097222222221,40.0,23.864758000001984,manual
1767921432871,Sunny,Day,0.031119791666666667,62.239583333333336,40.0,26.992261000003737,manual
1767921432902,Sunny,Day,0.033680555555555554,67.36111111111111,40.0,23.45884499999329,manual
1767921432933,Sunny,Day,0.03381076388888889,67.62152777777777,40.0,24.18053299999201,manual
1767921432964,Sunny,Day,0.03446180555555556,68.92361111111111,40.0,24.56006100001673,manual
1767921432995,Sunny,Day,0.03572048611111111,71.44097222222221,40.0,23.792839999998705,manual
1767921433027,Sunny,Day,0.03220486111111111,64.40972222222221,40.0,25.401872999992747,manual
1767921433058,Sunny,Day,0.03572048611111111,71.44097222222221,40.0,24.64630499997611,manual
1767921433090,Sunny,Day,0.03376736111111111,67.53472222222221,39.0,24.376227000004747,manual
1767921433122,Sunny,Day,0.03381076388888889,67.62152777777777,39.0,24.231559000014613,manual
1767921433154,Sunny,Day,0.028559027777777777,57.11805555555556,39.0,25.287411999983078,manual
1767921433185,Sunny,Day,0.03654513888888889,73.09027777777779,40.0,24.073764000007714,manual
1767921433218,Sunny,Day,0.03211805555555555,64.2361111111111,40.0,23.55308600002104,manual
1767921433246,Sunny,Day,0.032552083333333336,65.10416666666667,40.0,12.855060000021012,manual
1767921433280,Sunny,Day,0.027300347222222222,54.60069444444444,39.0,26.742881999979318,manual
1767921433309,Sunny,Day,0.029600694444444443,59.201388888888886,39.0,20.806551000021045,manual
1767921433340,Sunny,Day,0.03485243055555556,69.70486111111111,40.0,23.572325000003502,manual
1767921433373,Sunny,Day,0.03324652777777778,66.49305555555556,40.0,26.5634040000009,manual
1767921433404,Sunny,Day,0.031510416666666666,63.02083333333333,39.0,22.836710999996512,manual
1767921433435,Sunny,Day,0.03763020833333333,75.26041666666666,39.0,24.143846999976404,manual
1767921433466,Sunny,Day,0.03355034722222222,67.10069444444444,40.0,24.640046000001803,manual
1767921433500,Sunny,Day,0.032378472222222225,64.75694444444446,40.0,25.36430999998629,manual
1767921433534,Sunny,Day,0.03289930555555556,65.79861111111111,39.0,27.470867999994653,manual
1767921433562,Sunny,Day,0.03676215277777778,73.52430555555556,39.0,17.349400000000514,manual
1767921433592,Sunny,Day,0.03142361111111111,62.84722222222222,40.0,23.181760999989365,manual
1767921433623,Sunny,Day,0.033854166666666664,67.70833333333333,40.0,25.215160999977115,manual
1767921433654,Sunny,Day,0.03315972222222222,66.31944444444444,40.0,24.284627000014325,manual
1767921433688,Sunny,Day,0.03424479166666667,68.48958333333334,40.0,27.07513799998651,manual
1767921433718,Sunny,Day,0.032552083333333336,65.10416666666667,40.0,23.247327999996514,manual
1767921433750,Sunny,Day,0.034722222222222224,69.44444444444444,40.0,19.655322000005526,manual
1767921433781,Sunny,Day,0.03289930555555556,65.79861111111111,39.0,22.991025999999692,manual
1767921433813,Sunny,Day,0.031032986111111112,62.06597222222222,40.0,24.67596799999683,manual
1767921433844,Sunny,Day,0.03845486111111111,76.90972222222223,40.0,24.206637000020237,manual
1767921433874,Sunny,Day,0.034027777777777775,68.05555555555554,40.0,22.988617999999406,manual
1767921433906,Sunny,Day,0.029947916666666668,59.895833333333336,40.0,25.068771999997352,manual
1767921433937,Sunny,Day,0.034895833333333334,69.79166666666667,40.0,24.77484499999605,manual
1767921433970,Sunny,Day,0.035416666666666666,70.83333333333333,40.0,26.490023999997447,manual
1767921434002,Sunny,Day,0.033637152777777776,67.27430555555556,40.0,24.60203299997943,manual
1767921434032,Sunny,Day,0.03220486111111111,64.40972222222221,40.0,23.564707999980783,manual
1767921434062,Sunny,Day,0.03337673611111111,66.75347222222221,39.0,23.913369000013063,manual
1767921434094,Sunny,Day,0.03502604166666667,70.05208333333333,40.0,24.377127999997583,manual
1767921434125,Sunny,Day,0.03333333333333333,66.66666666666667,40.0,19.532583999989583,manual
1767921434158,Sunny,Day,0.033289930555555555,66.57986111111111,40.0,21.174588999997468,manual
1767921434190,Sunny,Day,0.031032986111111112,62.06597222222222,39.0,19.474164999991217,manual
1767921434219,Sunny,Day,0.030512152777777777,61.02430555555556,40.0,16.72736800000507,manual
1767921434251,Sunny,Day,0.03394097222222222,67.88194444444444,40.0,24.70894000001067,manual
1767921434282,Sunny,Day,0.032725694444444446,65.45138888888889,40.0,21.726114999978563,manual
1767921434314,Sunny,Day,0.03289930555555556,65.79861111111111,40.0,25.942660999987766,manual
1767921434345,Sunny,Day,0.03224826388888889,64.49652777777779,40.0,23.40589400000681,manual
1767921434379,Sunny,Day,0.033463541666666666,66.92708333333333,40.0,25.550412000001188,manual
1767921434409,Sunny,Day,0.031684027777777776,63.36805555555555,39.0,23.95480799998495,manual
1767921434440,Sunny,Day,0.031032986111111112,62.06597222222222,40.0,24.454471000012745,manual
1767921434472,Sunny,Day,0.03342013888888889,66.84027777777777,40.0,25.745407999977488,manual
1767921434504,Sunny,Day,0.03498263888888889,69.96527777777779,40.0,21.62431300001799,manual
1767921434533,Sunny,Day,0.03576388888888889,71.52777777777777,40.0,20.437605000012127,manual
1767921434568,Sunny,Day,0.03333333333333333,66.66666666666667,40.0,28.032538000019258,manual
1767921434599,Sunny,Day,0.03211805555555555,64.2361111111111,40.0,22.898770000011837,manual
1767921434632,Sunny,Day,0.03333333333333333,66.66666666666667,40.0,19.246229000003723,manual
1767921434662,Sunny,Day,0.0328125,65.625,39.0,21.50684500000466,manual
1767921434692,Sunny,Day,0.030208333333333334,60.416666666666664,40.0,21.105893999987302,manual
1767921434726,Sunny,Day,0.027387152777777778,54.77430555555556,40.0,25.833804000001237,manual
1767921434758,Sunny,Day,0.03159722222222222,63.19444444444444,40.0,13.494035999997323,manual
1767921434788,Sunny,Day,0.033116319444444445,66.23263888888889,40.0,11.902191000018547,manual
1767921434823,Sunny,Day,0.03337673611111111,66.75347222222221,39.0,27.208731000001762,manual
1767921434849,Sunny,Day,0.032552083333333336,65.10416666666667,40.0,18.072946000017964,manual
1767921434881,Sunny,Day,0.03984375,79.6875,39.0,19.508215999991307,manual
1767921434915,Sunny,Day,0.03394097222222222,67.88194444444444,39.0,26.487318000022242,manual
1767921434944,Sunny,Day,0.03415798611111111,68.31597222222221,39.0,20.293973000008236,manual
1767921434976,Sunny,Day,0.032552083333333336,65.10416666666667,39.0,23.585964999995213,manual
1767921435007,Sunny,Day,0.03333333333333333,66.66666666666667,39.0,23.27655899998149,manual
1767921435040,Sunny,Day,0.03372395833333333,67.44791666666666,40.0,22.597611999998435,manual
1767921435073,Sunny,Day,0.039539930555555554,79.07986111111111,40.0,16.42257299999983,manual
1767921435100,Sunny,Day,0.03528645833333333,70.57291666666667,40.0,11.343643999992992,manual
1767921435133,Sunny,Day,0.03849826388888889,76.99652777777779,40.0,25.51341200000934,manual
1767921435165,Sunny,Day,0.03585069444444444,71.70138888888889,40.0,23.466971000004833,manual
1767921435197,Sunny,Day,0.03849826388888889,76.99652777777779,40.0,23.431605000013178,manual
1767921435227,Sunny,Day,0.03741319444444444,74.82638888888889,40.0,22.522509999987506,manual
1767921435258,Sunny,Day,0.03550347222222222,71.00694444444444,40.0,22.26172600001064,manual
1767921435290,Sunny,Day,0.03832465277777778,76.64930555555556,40.0,22.086099000006243,manual
1767921435321,Sunny,Day,0.03615451388888889,72.30902777777779,40.0,23.108161999999766,manual
1767921435354,Sunny,Day,0.03936631944444444,78.73263888888889,40.0,23.850610000010875,manual
1767921435388,Sunny,Day,0.03650173611111111,73.00347222222223,40.0,25.918030000013914,manual
1767921435419,Sunny,Day,0.03337673611111111,66.75347222222221,40.0,3.2952169999873604,manual
1767921435448,Sunny,Day,0.03697916666666667,73.95833333333333,40.0,19.34685300000183,manual
1767921435476,Sunny,Day,0.03676215277777778,73.52430555555556,40.0,19.562290000010307,manual
1767921435507,Sunny,Day,0.03658854166666667,73.17708333333334,40.0,24.781592000010733,manual
1767921435538,Sunny,Day,0.03250868055555556,65.01736111111111,40.0,25.156750999997257,manual
1767921435570,Sunny,Day,0.037196180555555555,74.39236111111111,40.0,24.921631000012212,manual
1767921435603,Sunny,Day,0.038237847222222225,76.47569444444446,40.0,26.57920999999419,manual
1767921435632,Sunny,Day,0.03654513888888889,73.09027777777779,40.0,22.08213699998396,manual
1767921435664,Sunny,Day,0.03728298611111111,74.56597222222221,40.0,24.485349000002543,manual
1767921435698,Sunny,Day,0.033203125,66.40625,40.0,27.586885999994593,manual
1767921435728,Sunny,Day,0.03511284722222222,70.22569444444444,40.0,19.114139999999225,manual
1767921435758,Sunny,Day,0.03715277777777778,74.30555555555556,40.0,23.966559000001553,manual
1767921435789,Sunny,Day,0.03446180555555556,68.92361111111111,40.0,24.17147899998895,manual
1767921435821,Sunny,Day,0.037934027777777775,75.86805555555554,39.0,23.786024999992605,manual
1767921435852,Sunny,Day,0.03576388888888889,71.52777777777777,40.0,24.50418000000809,manual
1767921435884,Sunny,Day,0.03511284722222222,70.22569444444444,40.0,25.358208000000104,manual
1767921435915,Sunny,Day,0.03650173611111111,73.00347222222223,40.0,24.085675000009132,manual
1767921435948,Sunny,Day,0.03454861111111111,69.09722222222223,40.0,26.309353000016245,manual
1767921435978,Sunny,Day,0.03441840277777778,68.83680555555556,40.0,24.125947999976916,manual
1767921436010,Sunny,Day,0.039453125,78.90625,40.0,25.226543000002266,manual
1767921436045,Sunny,Day,0.03676215277777778,73.52430555555556,40.0,27.41817999998375,manual
1767921436078,Sunny,Day,0.03342013888888889,66.84027777777777,39.0,4.235240000014073,manual
1767921436105,Sunny,Day,0.03927951388888889,78.55902777777777,40.0,11.683431000022892,manual
1767921436135,Sunny,Day,0.03268229166666667,65.36458333333334,40.0,22.59686200000033,manual
1767921436168,Sunny,Day,0.03576388888888889,71.52777777777777,40.0,21.99613600001271,manual
1767921436199,Sunny,Day,0.034331597222222225,68.66319444444446,39.0,24.577311999991025,manual
1767921436229,Sunny,Day,0.037196180555555555,74.39236111111111,40.0,22.735159999996313,manual
1767921436260,Sunny,Day,0.04088541666666667,81.77083333333333,40.0,24.606290000008357,manual
1767921436292,Sunny,Day,0.035416666666666666,70.83333333333333,40.0,24.31169600001226,manual
1767921436323,Sunny,Day,0.03302951388888889,66.05902777777779,39.0,21.070487000002913,manual
1767921436355,Sunny,Day,0.03211805555555555,64.2361111111111,40.0,25.877954999998565,manual
1767921436388,Sunny,Day,0.034027777777777775,68.05555555555554,40.0,25.95864899998901,manual
1767921436418,Sunny,Day,0.035980902777777775,71.96180555555554,40.0,15.504905000000235,manual
1767921436449,Sunny,Day,0.03901909722222222,78.03819444444444,40.0,23.160887999978286,manual
1767921436481,Sunny,Day,0.034765625,69.53125,40.0,23.582540999996127,manual
1767921436511,Sunny,Day,0.03546006944444444,70.92013888888889,39.0,23.472239000000172,manual
1767921436543,Sunny,Day,0.035807291666666664,71.61458333333333,40.0,25.045349000009764,manual
1767921436574,Sunny,Day,0.03615451388888889,72.30902777777779,40.0,23.933443999993642,manual
1767921436606,Sunny,Day,0.03220486111111111,64.40972222222221,39.0,23.787627999979577,manual
1767921436637,Sunny,Day,0.03745659722222222,74.91319444444444,40.0,24.48223100000746,manual
1767921436668,Sunny,Day,0.03680555555555556,73.61111111111111,40.0,25.05955199998766,manual
1767921436700,Sunny,Day,0.041840277777777775,83.68055555555554,40.0,24.837504000004174,manual
1767921436731,Sunny,Day,0.03641493055555556,72.82986111111111,40.0,24.976857000012842,manual
1767921436762,Sunny,Day,0.039149305555555555,78.29861111111111,40.0,24.990411999993967,manual
1767921436794,Sunny,Day,0.036458333333333336,72.91666666666667,40.0,24.856575000001158,manual
1767921436827,Sunny,Day,0.039149305555555555,78.29861111111111,40.0,26.67954399998962,manual
1767921436858,Sunny,Day,0.037586805555555554,75.17361111111111,40.0,25.07399399999599,manual
1767921436890,Sunny,Day,0.035243055555555555,70.48611111111111,40.0,23.8883009999995,manual
1767921436920,Sunny,Day,0.03138020833333333,62.760416666666664,39.0,23.37721399999282,manual
1767921436951,Sunny,Day,0.03780381944444444,75.60763888888889,40.0,24.33317499998111,manual
1767921436983,Sunny,Day,0.03381076388888889,67.62152777777777,40.0,25.598524999992378,manual
1767921437016,Sunny,Day,0.036458333333333336,72.91666666666667,40.0,26.513131000001522,manual
1767921437045,Sunny,Day,0.03428819444444445,68.5763888888889,40.0,14.245125999991615,manual
1767921437078,Sunny,Day,0.036675347222222224,73.35069444444444,40.0,26.18263400000842,manual
1767921437109,Sunny,Day,0.037760416666666664,75.52083333333333,39.0,24.458984000006012,manual
1767921437140,Sunny,Day,0.03224826388888889,64.49652777777779,40.0,23.652911999988646,manual
1767921437174,Sunny,Day,0.031032986111111112,62.06597222222222,40.0,27.75852300001702,manual
1767921437205,Sunny,Day,0.034895833333333334,69.79166666666667,40.0,18.47790800002258,manual
1767921437239,Sunny,Day,0.033203125,66.40625,40.0,18.651035999994292,manual
1767921437265,Sunny,Day,0.03611111111111111,72.22222222222221,40.0,11.062036999987868,manual
1767921437296,Sunny,Day,0.032421875,64.84375,40.0,16.230448999976943,manual
1767921437329,Sunny,Day,0.03428819444444445,68.5763888888889,40.0,23.101902000007613,manual
1767921437359,Sunny,Day,0.03446180555555556,68.92361111111111,40.0,23.572106000017357,manual
1767921437392,Sunny,Day,0.034895833333333334,69.79166666666667,40.0,23.39535000001547,manual
1767921437423,Sunny,Day,0.03194444444444444,63.888888888888886,40.0,24.409249999990834,manual
1767921437453,Sunny,Day,0.037760416666666664,75.52083333333333,40.0,23.483838999993623,manual
1767921437485,Sunny,Day,0.033116319444444445,66.23263888888889,39.0,24.405712999993057,manual
1767921437516,Sunny,Day,0.033289930555555555,66.57986111111111,40.0,23.41021800000931,manual
1767921437548,Sunny,Day,0.030989583333333334,61.97916666666667,40.0,22.73022399998581,manual
1767921437579,Sunny,Day,0.035416666666666666,70.83333333333333,40.0,24.792926999992915,manual
1767921437612,Sunny,Day,0.0328125,65.625,40.0,26.23142499999176,manual
1767921437646,Sunny,Day,0.03693576388888889,73.87152777777779,40.0,19.277259000006097,manual
1767921437676,Sunny,Day,0.03298611111111111,65.97222222222223,40.0,12.699604000005138,manual
1767921437705,Sunny,Day,0.033203125,66.40625,40.0,10.730593999994653,manual
1767921437741,Sunny,Day,0.03220486111111111,64.40972222222221,39.0,29.687593999994988,manual
1767921437773,Sunny,Day,0.03298611111111111,65.97222222222223,39.0,8.219851000006884,manual
1767921437800,Sunny,Day,0.031336805555555555,62.67361111111111,39.0,13.65271500000631,manual
1767921437838,Sunny,Day,0.038671875,77.34375,40.0,28.502733000010494,manual
1767921437865,Sunny,Day,0.027604166666666666,55.20833333333333,40.0,11.369481999992104,manual
1767921437896,Sunny,Day,0.03572048611111111,71.44097222222221,39.0,23.584217000006902,manual
1767921437924,Sunny,Day,0.030164930555555556,60.329861111111114,39.0,21.583692000007204,manual
1767921437956,Sunny,Day,0.03463541666666667,69.27083333333334,40.0,24.933558999975958,manual
1767921437987,Sunny,Day,0.03485243055555556,69.70486111111111,39.0,25.143663000022798,manual
1767921438019,Sunny,Day,0.035243055555555555,70.48611111111111,39.0,25.056192999983296,manual
1767921438053,Sunny,Day,0.03454861111111111,69.09722222222223,40.0,22.03101599999968,manual
1767921438084,Sunny,Day,0.03394097222222222,67.88194444444444,39.0,17.021986999992578,manual
1767921438115,Sunny,Day,0.029427083333333333,58.854166666666664,39.0,21.305618000013737,manual
1767921438148,Sunny,Day,0.03298611111111111,65.97222222222223,39.0,8.64912499997672,manual
1767921438176,Sunny,Day,0.03224826388888889,64.49652777777779,40.0,20.608699999996816,manual
1767921438207,Sunny,Day,0.030685763888888887,61.37152777777777,40.0,24.5830339999884,manual
1767921438238,Sunny,Day,0.03198784722222222,63.975694444444436,39.0,24.352579999998625,manual
1767921438270,Sunny,Day,0.03355034722222222,67.10069444444444,39.0,24.39153899999269,manual
1767921438301,Sunny,Day,0.03411458333333333,68.22916666666666,40.0,25.15880099997503,manual
1767921438333,Sunny,Day,0.0359375,71.875,40.0,25.359758999996984,manual
1767921438364,Sunny,Day,0.030208333333333334,60.416666666666664,40.0,24.081240999976217,manual
1767921438399,Sunny,Day,0.03446180555555556,68.92361111111111,40.0,28.321731000005457,manual
1767921438430,Sunny,Day,0.0359375,71.875,40.0,13.882239999986723,manual
1767921438460,Sunny,Day,0.03203125,64.0625,39.0,21.686944999999014,manual
1767921438491,Sunny,Day,0.03407118055555555,68.1423611111111,40.0,24.841855999994777,manual
1767921438521,Sunny,Day,0.0328125,65.625,40.0,14.064719000003834,manual
1767921438553,Sunny,Day,0.03337673611111111,66.75347222222221,40.0,26.17736799999193,manual
1767921438584,Sunny,Day,0.037196180555555555,74.39236111111111,40.0,23.282629999982873,manual
1767921438615,Sunny,Day,0.037890625,75.78125,40.0,25.21560899998576,manual
1767921438646,Sunny,Day,0.03285590277777778,65.71180555555556,40.0,24.473620999998502,manual
1767921438679,Sunny,Day,0.034678819444444446,69.35763888888889,40.0,25.98783499999513,manual
1767921438710,Sunny,Day,0.0359375,71.875,40.0,23.80095899999901,manual
1767921438741,Sunny,Day,0.033680555555555554,67.36111111111111,40.0,24.28181099998028,manual
1767921438772,Sunny,Day,0.041493055555555554,82.98611111111111,40.0,24.875075000011293,manual
1767921438805,Sunny,Day,0.03415798611111111,68.31597222222221,40.0,26.902709000012237,manual
1767921438835,Sunny,Day,0.03958333333333333,79.16666666666666,40.0,22.20742099999029,manual
1767921438866,Sunny,Day,0.03888888888888889,77.77777777777779,40.0,22.775133999999753,manual
1767921438899,Sunny,Day,0.03515625,70.3125,40.0,25.242587999997568,manual
1767921438931,Sunny,Day,0.03515625,70.3125,40.0,21.046722999983558,manual
1767921438961,Sunny,Day,0.03342013888888889,66.84027777777777,40.0,23.337346000005255,manual
1767921438992,Sunny,Day,0.030685763888888887,61.37152777777777,40.0,23.28614799998263,manual
1767921439023,Sunny,Day,0.03285590277777778,65.71180555555556,40.0,23.22012400000517,manual
1767921439056,Sunny,Day,0.035069444444444445,70.13888888888889,40.0,21.71602100000314,manual
1767921439086,Sunny,Day,0.03585069444444444,71.70138888888889,39.0,22.523982999985037,manual
1767921439118,Sunny,Day,0.032421875,64.84375,40.0,25.134700999984716,manual
1767921439149,Sunny,Day,0.035633680555555554,71.26736111111111,40.0,20.824105000002646,manual
1767921439180,Sunny,Day,0.03285590277777778,65.71180555555556,40.0,20.623276000009128,manual
1767921439212,Sunny,Day,0.03229166666666667,64.58333333333334,40.0,20.47205200000235,manual
1767921439244,Sunny,Day,0.03515625,70.3125,40.0,19.689365000004955,manual
1767921439276,Sunny,Day,0.030164930555555556,60.329861111111114,40.0,20.163365999991356,manual
1767921439306,Sunny,Day,0.032074652777777775,64.14930555555554,40.0,18.75106599999299,manual
1767921439337,Sunny,Day,0.03342013888888889,66.84027777777777,40.0,23.839387999998962,manual
1767921439368,Sunny,Day,0.03415798611111111,68.31597222222221,40.0,23.8823640000021,manual
1767921439400,Sunny,Day,0.03528645833333333,70.57291666666667,40.0,23.331984000009243,manual
1767921439436,Sunny,Day,0.03289930555555556,65.79861111111111,40.0,28.931969000012714,manual
1767921439464,Sunny,Day,0.029166666666666667,58.333333333333336,39.0,11.317789999992556,manual
1767921439494,Sunny,Day,0.03224826388888889,64.49652777777779,39.0,22.962506999988364,manual
1767921439525,Sunny,Day,0.03502604166666667,70.05208333333333,40.0,22.73538500000427,manual
1767921439558,Sunny,Day,0.03146701388888889,62.93402777777778,40.0,24.470722000017986,manual
1767921439589,Sunny,Day,0.03420138888888889,68.40277777777779,40.0,23.669443999978057,manual
1767921541483,Sunny,Day,0.006597222222222222,13.194444444444445,,434.0684570000235,manual
1767921541792,Sunny,Day,0.008550347222222223,17.100694444444446,,3.034102000015082,manual
1767921541816,Sunny,Day,0.005946180555555555,11.89236111111111,,3.2029940000484203,manual
1767921541830,Sunny,Day,0.009722222222222222,19.444444444444446,,6.200331999991704,manual
1767921541859,Sunny,Day,0.007291666666666667,14.583333333333334,,9.667676000049141,manual
1767921541891,Sunny,Day,0.007291666666666667,14.583333333333334,,24.2526440000006,manual
1767921541921,Sunny,Day,0.007161458333333333,14.322916666666666,,26.31939700000885,manual
1767921541953,Sunny,Day,0.010286458333333333,20.572916666666668,,26.96086999998215,manual
1767921541984,Sunny,Day,0.007335069444444444,14.67013888888889,,27.015765999976793,manual
1767921542016,Sunny,Day,0.009418402777777777,18.836805555555554,,26.78332200002842,manual
1767921542048,Sunny,Day,0.010590277777777778,21.180555555555557,,27.38376600001402,manual
1767921542081,Sunny,Day,0.01032986111111111,20.65972222222222,,26.242711000008967,manual
1767921542112,Sunny,Day,0.010026041666666667,20.052083333333336,,25.591793999979018,manual
1767921542141,Sunny,Day,0.010633680555555556,21.26736111111111,,24.672193999947467,manual
1767921542173,Sunny,Day,0.010590277777777778,21.180555555555557,,26.846938000005593,manual
1767921542204,Sunny,Day,0.016666666666666666,33.333333333333336,42.0,26.632669000036913,manual
1767921542235,Sunny,Day,0.013758680555555555,27.51736111111111,,26.780390999988413,manual
1767921542267,Sunny,Day,0.014930555555555556,29.861111111111114,42.0,27.068928999995023,manual
1767921542299,Sunny,Day,0.011458333333333333,22.916666666666664,,27.584402999991653,manual
1767921542330,Sunny,Day,0.015538194444444445,31.07638888888889,,26.186074999998254,manual
1767921542363,Sunny,Day,0.01675347222222222,33.50694444444444,41.0,28.866939000010916,manual
1767921542394,Sunny,Day,0.015190972222222222,30.381944444444443,,25.81965699999955,manual
1767921542424,Sunny,Day,0.012065972222222223,24.131944444444446,,25.438663999977962,manual
1767921542457,Sunny,Day,0.015581597222222222,31.163194444444446,41.0,28.02075500000001,manual
1767921542488,Sunny,Day,0.01623263888888889,32.46527777777778,41.0,26.057150999974965,manual
1767921542518,Sunny,Day,0.01349826388888889,26.99652777777778,,26.365190000035454,manual
1767921542549,Sunny,Day,0.008550347222222223,17.100694444444446,,26.631964999978663,manual
1767921542584,Sunny,Day,0.014192708333333333,28.385416666666668,,29.68921000001501,manual
1767921542615,Sunny,Day,0.015885416666666666,31.770833333333332,41.0,25.600295000003825,manual
1767921542646,Sunny,Day,0.014713541666666666,29.427083333333332,,25.853735999987748,manual
1767921542678,Sunny,Day,0.01171875,23.4375,,24.68745500004843,manual
1767921542709,Sunny,Day,0.013802083333333333,27.604166666666664,41.0,25.097972000025948,manual
1767921542740,Sunny,Day,0.01623263888888889,32.46527777777778,41.0,24.62965099999792,manual
1767921542773,Sunny,Day,0.013541666666666667,27.083333333333336,,27.76401899996017,manual
1767921542805,Sunny,Day,0.014105902777777778,28.211805555555557,,25.973751000037737,manual
1767921542835,Sunny,Day,0.01384548611111111,27.69097222222222,42.0,24.034779000032813,manual
1767921542867,Sunny,Day,0.014366319444444444,28.732638888888886,,25.952581000012742,manual
1767921542898,Sunny,Day,0.014539930555555556,29.07986111111111,41.0,24.089915999979894,manual
1767921542928,Sunny,Day,0.014973958333333334,29.947916666666668,42.0,25.37793299995883,manual
1767921542960,Sunny,Day,0.013368055555555555,26.73611111111111,,26.113398000006782,manual
1767921542992,Sunny,Day,0.014105902777777778,28.211805555555557,,26.631353999960083,manual
1767921543024,Sunny,Day,0.014713541666666666,29.427083333333332,,21.64398299998993,manual
1767921543055,Sunny,Day,0.013585069444444445,27.17013888888889,42.0,19.64616599997271,manual
1767921543086,Sunny,Day,0.013671875,27.34375,,25.744233000011718,manual
1767921543118,Sunny,Day,0.015147569444444444,30.29513888888889,41.0,24.974376999978176,manual
1767921543149,Sunny,Day,0.013715277777777778,27.430555555555554,,25.54389300001958,manual
1767921543180,Sunny,Day,0.01657986111111111,33.15972222222222,41.0,25.578229999950963,manual
1767921543211,Sunny,Day,0.01384548611111111,27.69097222222222,,25.95055599999796,manual
1767921543242,Sunny,Day,0.012760416666666666,25.520833333333332,,26.058365999972466,manual
1767921543277,Sunny,Day,0.012760416666666666,25.520833333333332,,30.595624000000043,manual
1767921543310,Sunny,Day,0.013064236111111112,26.12847222222222,,25.912514000026476,manual
1767921543337,Sunny,Day,0.015147569444444444,30.29513888888889,42.0,21.10598100000516,manual
1767921543371,Sunny,Day,0.014149305555555556,28.29861111111111,,28.227991999983715,manual
1767921543400,Sunny,Day,0.013020833333333334,26.041666666666668,,17.027577000021665,manual
1767921543432,Sunny,Day,0.01644965277777778,32.89930555555556,42.0,25.35153500002707,manual
1767921543461,Sunny,Day,0.01657986111111111,33.15972222222222,41.0,24.895200000003115,manual
1767921543495,Sunny,Day,0.014019097222222223,28.038194444444446,,28.776263999986895,manual
1767921543525,Sunny,Day,0.014670138888888889,29.34027777777778,42.0,21.137225000018134,manual
1767921543556,Sunny,Day,0.013194444444444444,26.38888888888889,,21.306413999980123,manual
1767921543590,Sunny,Day,0.015407986111111112,30.815972222222225,42.0,28.974789000017154,manual
1767921543624,Sunny,Day,0.012977430555555556,25.954861111111114,,26.202624000006836,manual
1767921543655,Sunny,Day,0.014409722222222223,28.819444444444446,,26.15826700002799,manual
1767921543684,Sunny,Day,0.014583333333333334,29.166666666666668,43.0,23.3406700000387,manual
1767921543714,Sunny,Day,0.01506076388888889,30.12152777777778,41.0,24.70947299997306,manual
1767921543746,Sunny,Day,0.015885416666666666,31.770833333333332,42.0,22.053433999985828,manual
1767921543779,Sunny,Day,0.01675347222222222,33.50694444444444,41.0,28.436981000027117,manual
1767921543809,Sunny,Day,0.014322916666666666,28.645833333333332,43.0,22.526029999994535,manual
1767921543841,Sunny,Day,0.016840277777777777,33.68055555555556,42.0,26.803904000018974,manual
1767921543870,Sunny,Day,0.015755208333333333,31.510416666666664,41.0,23.80282100000386,manual
1767921543902,Sunny,Day,0.01506076388888889,30.12152777777778,42.0,27.04323000000386,manual
1767921543934,Sunny,Day,0.016102430555555554,32.20486111111111,43.0,26.683888999968985,manual
1767921543965,Sunny,Day,0.015928819444444443,31.857638888888886,42.0,25.058405999971,manual
1767921543996,Sunny,Day,0.017491319444444445,34.98263888888889,41.0,25.50381399998969,manual
1767921544027,Sunny,Day,0.017317708333333334,34.63541666666667,41.0,26.160532000005787,manual
1767921544058,Sunny,Day,0.016059027777777776,32.11805555555555,42.0,26.14212899999302,manual
1767921544090,Sunny,Day,0.017274305555555557,34.548611111111114,43.0,27.131696000026295,manual
1767921544123,Sunny,Day,0.016796875,33.59375,42.0,21.306973999969614,manual
1767921544155,Sunny,Day,0.01545138888888889,30.90277777777778,,25.530757000012727,manual
1767921544186,Sunny,Day,0.014149305555555556,28.29861111111111,42.0,26.097012999969138,manual
1767921544218,Sunny,Day,0.015277777777777777,30.555555555555554,,25.384127000052104,manual
1767921544248,Sunny,Day,0.018272569444444445,36.54513888888889,42.0,24.966742000003705,manual
1767921544279,Sunny,Day,0.017057291666666665,34.11458333333333,42.0,25.120223999977043,manual
1767921544311,Sunny,Day,0.0125,25.0,,27.088486999957695,manual
1767921544343,Sunny,Day,0.014713541666666666,29.427083333333332,,26.03907899998603,manual
1767921544373,Sunny,Day,0.015755208333333333,31.510416666666664,43.0,25.142523999988953,manual
1767921544407,Sunny,Day,0.01697048611111111,33.94097222222222,42.0,28.758211999956984,manual
1767921544438,Sunny,Day,0.015190972222222222,30.381944444444443,43.0,25.72057700001551,manual
1767921544469,Sunny,Day,0.015017361111111112,30.03472222222222,,24.985689999994065,manual
1767921544500,Sunny,Day,0.015668402777777778,31.336805555555554,42.0,25.390776000051574,manual
1767921544531,Sunny,Day,0.01597222222222222,31.944444444444443,,25.090071999954944,manual
1767921544562,Sunny,Day,0.01623263888888889,32.46527777777778,42.0,24.198444000035124,manual
1767921544594,Sunny,Day,0.016189236111111113,32.37847222222223,42.0,26.706292000028498,manual
1767921544624,Sunny,Day,0.01644965277777778,32.89930555555556,42.0,24.47579299996505,manual
1767921544655,Sunny,Day,0.014887152777777777,29.774305555555554,,25.424910000026557,manual
1767921544687,Sunny,Day,0.015017361111111112,30.03472222222222,,26.34287600000107,manual
1767921544718,Sunny,Day,0.014192708333333333,28.385416666666668,,26.073693999990155,manual
1767921544750,Sunny,Day,0.01349826388888889,26.99652777777778,,26.289664999978868,manual
1767921544781,Sunny,Day,0.016189236111111113,32.37847222222223,42.0,25.97027399997387,manual
1767921544814,Sunny,Day,0.01484375,29.6875,42.0,27.031054000019594,manual
1767921544845,Sunny,Day,0.015494791666666667,30.989583333333336,43.0,26.00409300004003,manual
1767921544876,Sunny,Day,0.014496527777777778,28.993055555555557,,25.32751000001099,manual
1767921544908,Sunny,Day,0.016493055555555556,32.986111111111114,42.0,26.71410699997523,manual
1767921544939,Sunny,Day,0.01657986111111111,33.15972222222222,43.0,25.73248499999181,manual
1767921544972,Sunny,Day,0.014539930555555556,29.07986111111111,,25.64138199994659,manual
1767921545001,Sunny,Day,0.016276041666666668,32.552083333333336,,13.959470999964196,manual
1767921545033,Sunny,Day,0.013411458333333333,26.822916666666664,,26.860747999990053,manual
1767921545066,Sunny,Day,0.01675347222222222,33.50694444444444,42.0,25.861960000042927,manual
1767921545096,Sunny,Day,0.015147569444444444,30.29513888888889,,23.784114999955364,manual
1767921545129,Sunny,Day,0.013932291666666667,27.864583333333336,43.0,26.988763000019844,manual
1767921545160,Sunny,Day,0.01697048611111111,33.94097222222222,41.0,24.616845000025478,manual
1767921545195,Sunny,Day,0.016015625,32.03125,,21.226099999978487,manual
1767921545221,Sunny,Day,0.015842013888888888,31.684027777777775,,21.112455999968915,manual
1767921545251,Sunny,Day,0.017708333333333333,35.416666666666664,42.0,23.284682999985762,manual
1767921545284,Sunny,Day,0.013064236111111112,26.12847222222222,,29.566742999975304,manual
1767921545313,Sunny,Day,0.014756944444444444,29.51388888888889,,23.637707000034425,manual
1767921545344,Sunny,Day,0.016059027777777776,32.11805555555555,,19.991598000046906,manual
1767921545376,Sunny,Day,0.015190972222222222,30.381944444444443,42.0,26.99054099997511,manual
1767921545407,Sunny,Day,0.011762152777777778,23.524305555555554,,21.57947599999943,manual
1767921545438,Sunny,Day,0.0171875,34.375,41.0,27.147912999964774,manual
1767921545470,Sunny,Day,0.015234375,30.46875,,26.693319999992582,manual
1767921545501,Sunny,Day,0.015885416666666666,31.770833333333332,42.0,26.293808000048102,manual
1767921545533,Sunny,Day,0.015885416666666666,31.770833333333332,42.0,26.27697299999454,manual
1767921545564,Sunny,Day,0.01545138888888889,30.90277777777778,42.0,26.776162999965436,manual
1767921545596,Sunny,Day,0.016189236111111113,32.37847222222223,43.0,27.585465000015574,manual
1767921545629,Sunny,Day,0.015581597222222222,31.163194444444446,42.0,28.134143000045242,manual
1767921545659,Sunny,Day,0.017491319444444445,34.98263888888889,42.0,26.089467999952376,manual
1767921545690,Sunny,Day,0.01640625,32.8125,43.0,22.087333999991188,manual
1767921545723,Sunny,Day,0.014583333333333334,29.166666666666668,43.0,27.88070499997275,manual
1767921545757,Sunny,Day,0.017144097222222224,34.28819444444445,41.0,28.641576000040914,manual
1767921545785,Sunny,Day,0.016189236111111113,32.37847222222223,42.0,23.43166400004293,manual
1767921545815,Sunny,Day,0.01484375,29.6875,42.0,25.95326699997713,manual
1767921545848,Sunny,Day,0.015581597222222222,31.163194444444446,,27.26181500003122,manual
1767921545879,Sunny,Day,0.017100694444444446,34.20138888888889,41.0,26.977910000027805,manual
1767921545909,Sunny,Day,0.01579861111111111,31.59722222222222,43.0,25.22034399999029,manual
1767921545941,Sunny,Day,0.013628472222222222,27.256944444444446,,26.910643000007894,manual
1767921545972,Sunny,Day,0.016102430555555554,32.20486111111111,43.0,26.76956999999902,manual
1767921546004,Sunny,Day,0.016927083333333332,33.854166666666664,41.0,26.956421999955182,manual
1767921546035,Sunny,Day,0.016493055555555556,32.986111111111114,42.0,27.130181000018183,manual
1767921546067,Sunny,Day,0.01484375,29.6875,,26.8141620000506,manual
1767921546098,Sunny,Day,0.014756944444444444,29.51388888888889,,26.563891000023432,manual
1767921546130,Sunny,Day,0.017100694444444446,34.20138888888889,41.0,27.20646699998497,manual
1767921546161,Sunny,Day,0.014887152777777777,29.774305555555554,,26.478418000010606,manual
1767921546192,Sunny,Day,0.014409722222222223,28.819444444444446,,26.79677100002209,manual
1767921546223,Sunny,Day,0.012890625,25.78125,,26.80214099996192,manual
1767921546256,Sunny,Day,0.015581597222222222,31.163194444444446,42.0,28.08210899996766,manual
1767921546287,Sunny,Day,0.017708333333333333,35.416666666666664,42.0,26.15752799999882,manual
1767921546318,Sunny,Day,0.013368055555555555,26.73611111111111,,26.48999399997365,manual
1767921546351,Sunny,Day,0.017621527777777778,35.24305555555556,42.0,28.761282999994364,manual
1767921546381,Sunny,Day,0.01723090277777778,34.46180555555556,42.0,25.505801999997857,manual
1767921546413,Sunny,Day,0.016015625,32.03125,42.0,26.385683999990306,manual
1767921546445,Sunny,Day,0.016840277777777777,33.68055555555556,42.0,26.150694000023122,manual
1767921546475,Sunny,Day,0.016319444444444445,32.63888888888889,42.0,25.614408000024014,manual
1767921546506,Sunny,Day,0.016145833333333335,32.29166666666667,41.0,26.148081999963324,manual
1767921546539,Sunny,Day,0.017100694444444446,34.20138888888889,42.0,28.547405999972852,manual
1767921546570,Sunny,Day,0.01675347222222222,33.50694444444444,41.0,25.442776000033973,manual
1767921546601,Sunny,Day,0.01423611111111111,28.47222222222222,,25.532583000028808,manual
1767921546632,Sunny,Day,0.015104166666666667,30.208333333333332,,26.36762699995643,manual
1767921546664,Sunny,Day,0.01640625,32.8125,42.0,27.4192709999852,manual
1767921546695,Sunny,Day,0.017317708333333334,34.63541666666667,41.0,26.853297000002385,manual
1767921546726,Sunny,Day,0.017447916666666667,34.895833333333336,41.0,25.940002000027107,manual
1767921546758,Sunny,Day,0.017578125,35.15625,41.0,27.12899600004448,manual
1767921546789,Sunny,Day,0.017057291666666665,34.11458333333333,41.0,26.39390799998864,manual
1767921546820,Sunny,Day,0.017664930555555555,35.32986111111111,42.0,26.685553999982403,manual
1767921546852,Sunny,Day,0.017881944444444443,35.763888888888886,42.0,27.73247499999343,manual
1767921546885,Sunny,Day,0.017013888888888887,34.02777777777777,41.0,27.281496000000516,manual
1767921546914,Sunny,Day,0.01597222222222222,31.944444444444443,,24.994056000025466,manual
1767921546946,Sunny,Day,0.01484375,29.6875,,26.918211000008796,manual
1767921546979,Sunny,Day,0.016927083333333332,33.854166666666664,41.0,28.75698600001897,manual
1767921547009,Sunny,Day,0.014713541666666666,29.427083333333332,,24.279029000012997,manual
1767921547040,Sunny,Day,0.01579861111111111,31.59722222222222,43.0,26.415110000016284,manual
1767921547072,Sunny,Day,0.017578125,35.15625,42.0,27.871409999988828,manual
1767921547103,Sunny,Day,0.01662326388888889,33.24652777777778,41.0,25.183113000025514,manual
1767921547134,Sunny,Day,0.016493055555555556,32.986111111111114,,26.811600999963048,manual
1767921547166,Sunny,Day,0.01740451388888889,34.80902777777778,42.0,27.01508699999522,manual
1767921547197,Sunny,Day,0.015494791666666667,30.989583333333336,,26.288818000011815,manual
1767921547228,Sunny,Day,0.017621527777777778,35.24305555555556,42.0,19.334595999964677,manual
1767921547260,Sunny,Day,0.015625,31.25,43.0,26.692475999993803,manual
1767921547291,Sunny,Day,0.014496527777777778,28.993055555555557,43.0,25.332298000023457,manual
1767921547323,Sunny,Day,0.016059027777777776,32.11805555555555,42.0,25.404194999964602,manual
1767921547355,Sunny,Day,0.015017361111111112,30.03472222222222,43.0,24.387465000017983,manual
1767921547388,Sunny,Day,0.014800347222222222,29.600694444444443,,27.648883999972895,manual
1767921547417,Sunny,Day,0.015625,31.25,42.0,24.312993999956234,manual
1767921547448,Sunny,Day,0.016666666666666666,33.333333333333336,42.0,26.461763999975574,manual
1767921547481,Sunny,Day,0.015104166666666667,30.208333333333332,42.0,28.291145000025608,manual
1767921547511,Sunny,Day,0.015104166666666667,30.208333333333332,,23.185028999989754,manual
1767921547542,Sunny,Day,0.01697048611111111,33.94097222222222,42.0,26.030249999962507,manual
1767921547574,Sunny,Day,0.017057291666666665,34.11458333333333,42.0,27.259209000021656,manual
1767921547606,Sunny,Day,0.01597222222222222,31.944444444444443,42.0,26.89238799996474,manual
1767921547637,Sunny,Day,0.01423611111111111,28.47222222222222,,26.029786999970383,manual
1767921547669,Sunny,Day,0.017664930555555555,35.32986111111111,,27.580080000007,manual
1767921547700,Sunny,Day,0.014019097222222223,28.038194444444446,,26.550014999997984,manual
1767921547731,Sunny,Day,0.01775173611111111,35.50347222222222,41.0,26.164821000008942,manual
1767921547762,Sunny,Day,0.016015625,32.03125,43.0,26.662620000024617,manual
1767921547794,Sunny,Day,0.017534722222222222,35.06944444444444,41.0,27.077149999968242,manual
1767921547825,Sunny,Day,0.01644965277777778,32.89930555555556,42.0,26.50608400000465,manual
1767921547857,Sunny,Day,0.01792534722222222,35.85069444444444,42.0,26.385401999959868,manual
1767921547890,Sunny,Day,0.014626736111111111,29.25347222222222,42.0,28.26669699999229,manual
1767921547921,Sunny,Day,0.017534722222222222,35.06944444444444,43.0,27.42450599998847,manual
1767921547951,Sunny,Day,0.016493055555555556,32.986111111111114,43.0,22.59905300002174,manual
1767921547984,Sunny,Day,0.01579861111111111,31.59722222222222,43.0,27.98062699997672,manual
1767921548014,Sunny,Day,0.015755208333333333,31.510416666666664,,25.845404999984112,manual
1767921548045,Sunny,Day,0.017578125,35.15625,42.0,25.617552000028354,manual
1767921548076,Sunny,Day,0.01484375,29.6875,,26.586459999975887,manual
1767921548108,Sunny,Day,0.01597222222222222,31.944444444444443,42.0,27.139319000013984,manual
1767921548139,Sunny,Day,0.014496527777777778,28.993055555555557,,26.73314300000129,manual
1767921548170,Sunny,Day,0.017317708333333334,34.63541666666667,42.0,27.078812000013386,manual
1767921548202,Sunny,Day,0.016927083333333332,33.854166666666664,42.0,27.12994799998114,manual
1767921548233,Sunny,Day,0.016536458333333334,33.072916666666664,42.0,27.009063000036804,manual
1767921548265,Sunny,Day,0.013758680555555555,27.51736111111111,,26.6968799999745,manual
1767921548298,Sunny,Day,0.01697048611111111,33.94097222222222,41.0,28.289378000010856,manual
1767921548329,Sunny,Day,0.014496527777777778,28.993055555555557,43.0,25.55847100001074,manual
1767921548359,Sunny,Day,0.01423611111111111,28.47222222222222,,25.317498999982035,manual
1767921548391,Sunny,Day,0.013585069444444445,27.17013888888889,,28.182383000000755,manual
1767921548422,Sunny,Day,0.013715277777777778,27.430555555555554,,25.84617099995512,manual
1767921548453,Sunny,Day,0.013151041666666667,26.302083333333332,,26.77209299997685,manual
1767921548484,Sunny,Day,0.014279513888888888,28.55902777777778,42.0,26.678839999988213,manual
1767921548516,Sunny,Day,0.012152777777777778,24.305555555555557,,27.081645999999182,manual
1767921548547,Sunny,Day,0.014105902777777778,28.211805555555557,,27.114668000024267,manual
1767921548579,Sunny,Day,0.01579861111111111,31.59722222222222,,26.37949199998957,manual
1767921548610,Sunny,Day,0.01545138888888889,30.90277777777778,42.0,27.27372300000752,manual
1767921548641,Sunny,Day,0.01506076388888889,30.12152777777778,42.0,26.575625000020864,manual
1767921548673,Sunny,Day,0.013454861111111112,26.909722222222225,,26.833377000002656,manual
1767921548706,Sunny,Day,0.016319444444444445,32.63888888888889,42.0,28.75135700003284,manual
1767921548737,Sunny,Day,0.01662326388888889,33.24652777777778,42.0,23.42946800001755,manual
1767921548768,Sunny,Day,0.014756944444444444,29.51388888888889,42.0,25.61984799996253,manual
1767921548800,Sunny,Day,0.01545138888888889,30.90277777777778,43.0,27.177730999994765,manual
1767921548830,Sunny,Day,0.012239583333333333,24.479166666666668,,26.007967999987613,manual
1767921548861,Sunny,Day,0.01623263888888889,32.46527777777778,43.0,26.47387299998627,manual
1767921548894,Sunny,Day,0.01644965277777778,32.89930555555556,42.0,28.147953999962283,manual
1767921548925,Sunny,Day,0.015321180555555555,30.64236111111111,,26.067734000037035,manual
1767921548956,Sunny,Day,0.015581597222222222,31.163194444444446,42.0,25.822759999982736,manual
1767921548987,Sunny,Day,0.015190972222222222,30.381944444444443,,26.733198999977503,manual
1767921549019,Sunny,Day,0.015104166666666667,30.208333333333332,43.0,27.51854800004594,manual
1767921549051,Sunny,Day,0.013975694444444445,27.95138888888889,42.0,27.046249000022726,manual
1767921549083,Sunny,Day,0.01310763888888889,26.21527777777778,,27.207008000004862,manual
1767921549115,Sunny,Day,0.01723090277777778,34.46180555555556,42.0,27.250291000029847,manual
1767921549146,Sunny,Day,0.01484375,29.6875,42.0,27.157132000013462,manual
1767921549176,Sunny,Day,0.010980902777777777,21.961805555555554,,24.93206700000883,manual
1767921549208,Sunny,Day,0.010069444444444445,20.13888888888889,,27.900289999990946,manual
1767921549239,Sunny,Day,0.013888888888888888,27.777777777777775,,25.69867200003273,manual
1767921549270,Sunny,Day,0.012369791666666666,24.739583333333332,,24.805108000009568,manual
1767921549301,Sunny,Day,0.013151041666666667,26.302083333333332,,26.49872500001038,manual
1767921549333,Sunny,Day,0.011501736111111112,23.003472222222225,,28.172152999957234,manual
1767921549364,Sunny,Day,0.01154513888888889,23.09027777777778,,25.986445000000913,manual
1767921549395,Sunny,Day,0.012760416666666666,25.520833333333332,,26.680096999996294,manual
1767921549427,Sunny,Day,0.012543402777777778,25.086805555555557,,27.1053110000139,manual
1767921549458,Sunny,Day,0.009548611111111112,19.097222222222225,,27.143519999981436,manual
1767921549489,Sunny,Day,0.009635416666666667,19.270833333333336,,26.231917000018257,manual
1767921549523,Sunny,Day,0.012803819444444444,25.60763888888889,,28.69884300002923,manual
1767921549552,Sunny,Day,0.011762152777777778,23.524305555555554,,25.33322300001828,manual
1767921549584,Sunny,Day,0.011458333333333333,22.916666666666664,,26.71263799999224,manual
1767921549615,Sunny,Day,0.01015625,20.3125,,26.932291999969493,manual
1767921549647,Sunny,Day,0.009765625,19.53125,,26.7018769999936,manual
1767921549679,Sunny,Day,0.013715277777777778,27.430555555555554,,23.37696600000072,manual
1767921549709,Sunny,Day,0.011762152777777778,23.524305555555554,,25.240158000030988,manual
1767921549741,Sunny,Day,0.011328125,22.65625,,26.543285999991895,manual
1767921549773,Sunny,Day,0.009765625,19.53125,,27.473872000030042,manual
1767921549803,Sunny,Day,0.010850694444444444,21.70138888888889,,25.093622000042615,manual
1767921549835,Sunny,Day,0.011458333333333333,22.916666666666664,,27.01265300004252,manual
1767921549866,Sunny,Day,0.010807291666666666,21.614583333333332,,24.96405199997298,manual
1767921549900,Sunny,Day,0.012673611111111111,25.34722222222222,,28.50420900000472,manual
1767921549932,Sunny,Day,0.010807291666666666,21.614583333333332,,27.525655000033566,manual
1767921549961,Sunny,Day,0.012022569444444445,24.04513888888889,,22.84892399995897,manual
1767921549992,Sunny,Day,0.010460069444444444,20.920138888888886,,21.29087899999149,manual
1767921550023,Sunny,Day,0.00959201388888889,19.18402777777778,,23.173914999972567,manual
1767921550055,Sunny,Day,0.007552083333333333,15.104166666666666,,26.05628499998147,manual
1767921550086,Sunny,Day,0.010807291666666666,21.614583333333332,,25.641147000044384,manual
1767921550118,Sunny,Day,0.0078125,15.625,,23.580216000027576,manual
1767921550149,Sunny,Day,0.008029513888888888,16.059027777777775,,26.495241000020542,manual
1767921550181,Sunny,Day,0.010677083333333334,21.354166666666668,,26.78325399995174,manual
1767921550215,Sunny,Day,0.008159722222222223,16.319444444444446,,29.101844000024357,manual
1767921550247,Sunny,Day,0.01189236111111111,23.78472222222222,,26.188300000001163,manual
1767921550278,Sunny,Day,0.009331597222222222,18.663194444444443,,25.177428999995755,manual
1767921550310,Sunny,Day,0.009331597222222222,18.663194444444443,,25.039079999999103,manual
1767921550342,Sunny,Day,0.006553819444444445,13.10763888888889,,25.028263999956835,manual
1767921550371,Sunny,Day,0.007118055555555555,14.23611111111111,,24.403102999997373,manual
1767921550405,Sunny,Day,0.006640625,13.28125,,27.746897999975317,manual
1767921550436,Sunny,Day,0.008116319444444445,16.23263888888889,,25.83422300000393,manual
1767921550466,Sunny,Day,0.007465277777777778,14.930555555555557,,24.251047999996445,manual
1767921550499,Sunny,Day,0.007248263888888889,14.496527777777779,,23.364709999952993,manual
1767921550529,Sunny,Day,0.005729166666666666,11.458333333333332,,24.18500400000312,manual
1767921550561,Sunny,Day,0.005425347222222222,10.850694444444445,,26.81981400002087,manual
1767921550594,Sunny,Day,0.008072916666666667,16.145833333333336,,26.75338000000238,manual
1767921550622,Sunny,Day,0.006076388888888889,12.152777777777779,,22.5626209999632,manual
1767921550653,Sunny,Day,0.009548611111111112,19.097222222222225,,25.84065000002056,manual
1767921550684,Sunny,Day,0.007508680555555556,15.01736111111111,,26.050433000023077,manual
1767921550718,Sunny,Day,0.005121527777777778,10.243055555555555,,27.80688600000758,manual
1767921550751,Sunny,Day,0.008072916666666667,16.145833333333336,,27.2573990000069,manual
1767921550781,Sunny,Day,0.007595486111111111,15.190972222222221,,24.118089999944914,manual
1767921550810,Sunny,Day,0.007465277777777778,14.930555555555557,,23.769643999969503,manual
1767921550847,Sunny,Day,0.005338541666666667,10.677083333333334,,31.12828999996964,manual
1767921550874,Sunny,Day,0.0048177083333333336,9.635416666666668,,21.783516999960284,manual
1767921550908,Sunny,Day,0.008767361111111111,17.53472222222222,,29.091601999994054,manual
1767921550937,Sunny,Day,0.009548611111111112,19.097222222222225,,22.777738000002046,manual
1767921550968,Sunny,Day,0.009982638888888888,19.965277777777775,,25.630609000018012,manual
1767921551000,Sunny,Day,0.009895833333333333,19.791666666666664,,26.650517999996737,manual
1767921551032,Sunny,Day,0.008637152777777778,17.274305555555557,,19.298719999994773,manual
1767921551063,Sunny,Day,0.010763888888888889,21.52777777777778,,26.00509400002693,manual
1767921551094,Sunny,Day,0.009114583333333334,18.229166666666668,,25.12301799998795,manual
1767921551125,Sunny,Day,0.010373263888888888,20.74652777777778,,25.11305299998412,manual
1767921551162,Sunny,Day,0.01032986111111111,20.65972222222222,,30.670119000035356,manual
1767921551188,Sunny,Day,0.011762152777777778,23.524305555555554,,20.099974000004295,manual
1767921551220,Sunny,Day,0.009765625,19.53125,,25.170005000006768,manual
1767921551251,Sunny,Day,0.011631944444444445,23.26388888888889,,25.681930000018838,manual
1767921551283,Sunny,Day,0.011414930555555555,22.82986111111111,,26.0588229999712,manual
1767921551313,Sunny,Day,0.011631944444444445,23.26388888888889,,24.972594000018944,manual
1767921551345,Sunny,Day,0.014496527777777778,28.993055555555557,,25.442330000032598,manual
1767921551376,Sunny,Day,0.00920138888888889,18.40277777777778,,25.461980000045514,manual
1767921551408,Sunny,Day,0.012630208333333334,25.260416666666668,,26.23643499998707,manual
1767921551438,Sunny,Day,0.013324652777777777,26.649305555555554,,24.477707000016835,manual
1767921551471,Sunny,Day,0.011501736111111112,23.003472222222225,,27.6958150000155,manual
1767921551502,Sunny,Day,0.014800347222222222,29.600694444444443,42.0,25.8748400000286,manual
1767921551533,Sunny,Day,0.009157986111111112,18.31597222222222,,26.413342000012108,manual
1767921551567,Sunny,Day,0.012630208333333334,25.260416666666668,,28.77993200002038,manual
1767921551597,Sunny,Day,0.013628472222222222,27.256944444444446,43.0,23.04814499996155,manual
1767921551628,Sunny,Day,0.012369791666666666,24.739583333333332,,26.58600900002739,manual
1767921551660,Sunny,Day,0.013194444444444444,26.38888888888889,,26.744971000027817,manual
1767921551692,Sunny,Day,0.010807291666666666,21.614583333333332,,25.724102000026505,manual
1767921551721,Sunny,Day,0.011588541666666667,23.177083333333336,,23.84915799996179,manual
1767921551752,Sunny,Day,0.01384548611111111,27.69097222222222,,25.80310999996982,manual
1767921551784,Sunny,Day,0.01171875,23.4375,,25.62555299999758,manual
1767921551817,Sunny,Day,0.012456597222222223,24.913194444444446,,27.69600000004857,manual
1767921551848,Sunny,Day,0.013585069444444445,27.17013888888889,,25.148446000002878,manual
1767921551879,Sunny,Day,0.014192708333333333,28.385416666666668,,25.762475999954404,manual
1767921551912,Sunny,Day,0.01171875,23.4375,,26.185131999966416,manual
1767921551943,Sunny,Day,0.014713541666666666,29.427083333333332,43.0,24.771793999946112,manual
1767921551976,Sunny,Day,0.014105902777777778,28.211805555555557,,27.353296000001137,manual
1767921552005,Sunny,Day,0.014366319444444444,28.732638888888886,43.0,23.131722000016453,manual
1767921552035,Sunny,Day,0.015017361111111112,30.03472222222222,43.0,25.08544299996629,manual
1767921552067,Sunny,Day,0.014496527777777778,28.993055555555557,43.0,26.38274700001375,manual
1767921552100,Sunny,Day,0.01349826388888889,26.99652777777778,,22.396305000029315,manual
1767921552131,Sunny,Day,0.015885416666666666,31.770833333333332,42.0,25.325524000038513,manual
1767921552161,Sunny,Day,0.013628472222222222,27.256944444444446,,24.780002999989392,manual
1767921552192,Sunny,Day,0.01228298611111111,24.56597222222222,,26.079752000043754,manual
1767921552226,Sunny,Day,0.01644965277777778,32.89930555555556,42.0,27.69909099998813,manual
1767921552257,Sunny,Day,0.016015625,32.03125,42.0,25.995373000000654,manual
1767921552288,Sunny,Day,0.015928819444444443,31.857638888888886,42.0,25.0363440000001,manual
1767921552319,Sunny,Day,0.014887152777777777,29.774305555555554,,25.278500000013082,manual
1767921552350,Sunny,Day,0.012326388888888888,24.65277777777778,,26.107792000004792,manual
1767921552384,Sunny,Day,0.013585069444444445,27.17013888888889,,28.85537999998178,manual
1767921552415,Sunny,Day,0.013411458333333333,26.822916666666664,,24.164659000007305,manual
1767921552444,Sunny,Day,0.012369791666666666,24.739583333333332,,23.686385999951654,manual
1767921552477,Sunny,Day,0.012109375,24.21875,,27.381037999987257,manual
1767921552508,Sunny,Day,0.012413194444444444,24.826388888888886,,23.99223399999073,manual
1767921552540,Sunny,Day,0.010243055555555556,20.48611111111111,,25.721972999974696,manual
1767921552569,Sunny,Day,0.013194444444444444,26.38888888888889,,23.889612000004945,manual
1767921552601,Sunny,Day,0.009071180555555556,18.142361111111114,,26.367857000025197,manual
1767921552633,Sunny,Day,0.008723958333333334,17.447916666666668,,25.715917000013633,manual
1767921552664,Sunny,Day,0.013020833333333334,26.041666666666668,,25.22705000001224,manual
1767921552696,Sunny,Day,0.01384548611111111,27.69097222222222,,26.52309500001593,manual
1767921552727,Sunny,Day,0.012934027777777777,25.868055555555554,,25.42827499996747,manual
1767921552758,Sunny,Day,0.00959201388888889,19.18402777777778,,25.65737300000137,manual
1767921552791,Sunny,Day,0.01154513888888889,23.09027777777778,,27.75967100001253,manual
1767921552821,Sunny,Day,0.013932291666666667,27.864583333333336,42.0,24.109597999995458,manual
1767921552853,Sunny,Day,0.008029513888888888,16.059027777777775,,26.016412000046785,manual
1767921552884,Sunny,Day,0.013020833333333334,26.041666666666668,,25.908659000037915,manual
1767921552915,Sunny,Day,0.008723958333333334,17.447916666666668,,25.26825799998278,manual
1767921552947,Sunny,Day,0.010633680555555556,21.26736111111111,,25.977055999987897,manual
1767921552978,Sunny,Day,0.011371527777777777,22.743055555555554,,25.883935000024394,manual
1767921553010,Sunny,Day,0.009635416666666667,19.270833333333336,,27.219392999995762,manual
1767921553042,Sunny,Day,0.007291666666666667,14.583333333333334,,21.85877699997718,manual
1767921553073,Sunny,Day,0.010460069444444444,20.920138888888886,,24.954081000032602,manual
1767921553104,Sunny,Day,0.008940972222222222,17.881944444444443,,25.243111000008867,manual
1767921553135,Sunny,Day,0.005425347222222222,10.850694444444445,,25.48150600000554,manual
1767921553166,Sunny,Day,0.006119791666666667,12.239583333333334,,25.978725000015856,manual
1767921553201,Sunny,Day,0.007682291666666666,15.364583333333332,,28.981111999996756,manual
1767921553229,Sunny,Day,0.005295138888888889,10.590277777777779,,22.567109999954482,manual
1767921553260,Sunny,Day,0.007378472222222222,14.756944444444445,,25.436056999978973,manual
1767921553292,Sunny,Day,0.006423611111111111,12.847222222222221,,25.451465999992706,manual
1767921553325,Sunny,Day,0.006727430555555556,13.454861111111112,,27.608042999986537,manual
1767921553356,Sunny,Day,0.009635416666666667,19.270833333333336,,24.561502999972618,manual
1767921553387,Sunny,Day,0.008246527777777778,16.493055555555557,,25.192902000014783,manual
1767921553419,Sunny,Day,0.010633680555555556,21.26736111111111,,26.16907800000945,manual
1767921553450,Sunny,Day,0.010199652777777778,20.399305555555557,,25.77196200002163,manual
1767921553480,Sunny,Day,0.0072048611111111115,14.409722222222223,,22.971262999988085,manual
1767921553515,Sunny,Day,0.011458333333333333,22.916666666666664,,29.126460000043153,manual
1767921553543,Sunny,Day,0.005295138888888889,10.590277777777779,,22.354772999960915,manual
1767921553574,Sunny,Day,0.006944444444444444,13.888888888888888,,25.860341999987213,manual
1767921553607,Sunny,Day,0.008810763888888889,17.62152777777778,,28.222013000004154,manual
1767921553637,Sunny,Day,0.009548611111111112,19.097222222222225,,24.995677999982036,manual
1767921553670,Sunny,Day,0.007508680555555556,15.01736111111111,,26.691040000002886,manual
1767921553700,Sunny,Day,0.005555555555555556,11.11111111111111,,24.64375300002075,manual
1767921553731,Sunny,Day,0.006553819444444445,13.10763888888889,,25.052645999949164,manual
1767921553763,Sunny,Day,0.009331597222222222,18.663194444444443,,26.62894000002325,manual
1767921553794,Sunny,Day,0.008506944444444444,17.013888888888886,,25.85958299999902,manual
1767921553828,Sunny,Day,0.0109375,21.875,,29.510647999984485,manual
1767921553857,Sunny,Day,0.009244791666666667,18.489583333333332,,23.357470999997076,manual
1767921553889,Sunny,Day,0.01032986111111111,20.65972222222222,,26.074309000023277,manual
1767921553921,Sunny,Day,0.008029513888888888,16.059027777777775,,26.93878700000596,manual
1767921553953,Sunny,Day,0.01171875,23.4375,,25.519213999984913,manual
1767921553985,Sunny,Day,0.010590277777777778,21.180555555555557,,25.509082999974453,manual
1767921554017,Sunny,Day,0.011805555555555555,23.61111111111111,,26.035774999968453,manual
1767921554045,Sunny,Day,0.010720486111111111,21.44097222222222,,22.63216400001511,manual
1767921554077,Sunny,Day,0.014019097222222223,28.038194444444446,42.0,26.305853999986084,manual
1767921554108,Sunny,Day,0.008940972222222222,17.881944444444443,,24.752787000011267,manual
1767921554140,Sunny,Day,0.013975694444444445,27.95138888888889,42.0,26.592606000008345,manual
1767921554172,Sunny,Day,0.012673611111111111,25.34722222222222,,26.82946200002334,manual
1767921554203,Sunny,Day,0.012456597222222223,24.913194444444446,,24.954752999974517,manual
1767921554235,Sunny,Day,0.013715277777777778,27.430555555555554,,26.874744999986433,manual
1767921554266,Sunny,Day,0.013888888888888888,27.777777777777775,42.0,25.034038000001146,manual
1767921554300,Sunny,Day,0.012196180555555556,24.39236111111111,,27.915037000013854,manual
1767921554330,Sunny,Day,0.012847222222222222,25.694444444444443,,24.60897699995712,manual
1767921554360,Sunny,Day,0.012890625,25.78125,,24.126556999988225,manual
1767921554392,Sunny,Day,0.012413194444444444,24.826388888888886,,22.93026799998188,manual
1767921554424,Sunny,Day,0.012586805555555556,25.17361111111111,,26.313613000013447,manual
1767921554454,Sunny,Day,0.015104166666666667,30.208333333333332,42.0,24.24369900001011,manual
1767921554485,Sunny,Day,0.013064236111111112,26.12847222222222,,25.69790299997976,manual
1767921554517,Sunny,Day,0.014409722222222223,28.819444444444446,42.0,25.98115399996459,manual
1767921554548,Sunny,Day,0.015321180555555555,30.64236111111111,,25.90231199997106,manual
1767921554579,Sunny,Day,0.01579861111111111,31.59722222222222,42.0,25.263451000000714,manual
1767921554612,Sunny,Day,0.014756944444444444,29.51388888888889,42.0,27.03592799997523,manual
1767921554643,Sunny,Day,0.015885416666666666,31.770833333333332,42.0,24.81333100001848,manual
1767921554674,Sunny,Day,0.015104166666666667,30.208333333333332,,25.431264000019382,manual
1767921554704,Sunny,Day,0.014670138888888889,29.34027777777778,,25.46161899999788,manual
1767921554738,Sunny,Day,0.013585069444444445,27.17013888888889,,28.39430699998502,manual
1767921554769,Sunny,Day,0.015494791666666667,30.989583333333336,,25.552591000007396,manual
1767921554800,Sunny,Day,0.014409722222222223,28.819444444444446,,24.44647800001576,manual
1767921554835,Sunny,Day,0.015625,31.25,43.0,29.170165000039106,manual
1767921554862,Sunny,Day,0.015625,31.25,42.0,22.77940099997977,manual
1767921554894,Sunny,Day,0.012847222222222222,25.694444444444443,,26.31620700003623,manual
1767921554925,Sunny,Day,0.01545138888888889,30.90277777777778,43.0,23.689882999974543,manual
1767921554957,Sunny,Day,0.012586805555555556,25.17361111111111,,26.135557999964476,manual
1767921554988,Sunny,Day,0.016102430555555554,32.20486111111111,42.0,25.531182000008812,manual
1767921555020,Sunny,Day,0.01228298611111111,24.56597222222222,,26.291297999989638,manual
1767921555052,Sunny,Day,0.014453125,28.90625,,26.407052000024578,manual
1767921555082,Sunny,Day,0.015494791666666667,30.989583333333336,42.0,24.305693000030715,manual
1767921555113,Sunny,Day,0.014105902777777778,28.211805555555557,,25.413710999998784,manual
1767921555146,Sunny,Day,0.01662326388888889,33.24652777777778,41.0,27.75535400002127,manual
1767921555176,Sunny,Day,0.013975694444444445,27.95138888888889,42.0,23.457292999978563,manual
1767921555207,Sunny,Day,0.012630208333333334,25.260416666666668,,25.029469000003246,manual
1767921555240,Sunny,Day,0.013932291666666667,27.864583333333336,,27.082007999979396,manual
1767921555270,Sunny,Day,0.015842013888888888,31.684027777777775,,24.097616999995353,manual
1767921555301,Sunny,Day,0.015277777777777777,30.555555555555554,,26.17011999996066,manual
1767921555332,Sunny,Day,0.014887152777777777,29.774305555555554,43.0,26.061813000012535,manual
1767921555365,Sunny,Day,0.01484375,29.6875,,26.996462999989035,manual
1767921555396,Sunny,Day,0.016145833333333335,32.29166666666667,41.0,25.75180100001262,manual
1767921555427,Sunny,Day,0.013888888888888888,27.777777777777775,,25.75728300001856,manual
1767921555460,Sunny,Day,0.012456597222222223,24.913194444444446,,27.917852000030052,manual
1767921555490,Sunny,Day,0.01154513888888889,23.09027777777778,,24.570682999979,manual
1767921555521,Sunny,Day,0.014105902777777778,28.211805555555557,42.0,25.883296000017708,manual
1767921555553,Sunny,Day,0.011979166666666667,23.958333333333336,,26.489227000013216,manual
1767921555586,Sunny,Day,0.012109375,24.21875,,22.193704000017078,manual
1767921555617,Sunny,Day,0.013324652777777777,26.649305555555554,,25.690738999969653,manual
1767921555648,Sunny,Day,0.014366319444444444,28.732638888888886,43.0,25.203320000002805,manual
1767921555678,Sunny,Day,0.01228298611111111,24.56597222222222,,24.790464000034262,manual
1767921555710,Sunny,Day,0.012717013888888889,25.43402777777778,,26.19310500000438,manual
1767921555743,Sunny,Day,0.014583333333333334,29.166666666666668,,27.404726000042956,manual
1767921555775,Sunny,Day,0.013628472222222222,27.256944444444446,,26.668577999998888,manual
1767921555805,Sunny,Day,0.016189236111111113,32.37847222222223,42.0,23.797678999983418,manual
1767921555836,Sunny,Day,0.015190972222222222,30.381944444444443,42.0,22.01979799997389,manual
1767921555868,Sunny,Day,0.013411458333333333,26.822916666666664,,25.337573999991037,manual
1767921555899,Sunny,Day,0.016276041666666668,32.552083333333336,42.0,25.277308999989145,manual
1767921555930,Sunny,Day,0.015321180555555555,30.64236111111111,42.0,24.655913000003693,manual
1767921555962,Sunny,Day,0.015190972222222222,30.381944444444443,42.0,26.631017999989126,manual
1767921555993,Sunny,Day,0.01384548611111111,27.69097222222222,,22.931777999986025,manual
1767921556025,Sunny,Day,0.0140625,28.125,,26.17594700001291,manual
1767921556057,Sunny,Day,0.01657986111111111,33.15972222222222,41.0,26.43357599998808,manual
1767921556087,Sunny,Day,0.015017361111111112,30.03472222222222,42.0,24.81964000003245,manual
1767921556118,Sunny,Day,0.016666666666666666,33.333333333333336,43.0,25.68692900001679,manual
1767921556150,Sunny,Day,0.013715277777777778,27.430555555555554,,26.432225000007747,manual
1767921556182,Sunny,Day,0.012543402777777778,25.086805555555557,,27.47249300000476,manual
1767921556215,Sunny,Day,0.015711805555555555,31.42361111111111,42.0,26.840542999991612,manual
1767921556245,Sunny,Day,0.011848958333333333,23.697916666666664,,24.30988700001535,manual
1767921556276,Sunny,Day,0.012890625,25.78125,,25.235478000013245,manual
1767921556308,Sunny,Day,0.015407986111111112,30.815972222222225,42.0,25.44716500000277,manual
1767921556338,Sunny,Day,0.014626736111111111,29.25347222222222,43.0,24.639994000040133,manual
1767921556369,Sunny,Day,0.01662326388888889,33.24652777777778,41.0,25.114298999994844,manual
1767921556401,Sunny,Day,0.016102430555555554,32.20486111111111,43.0,26.43628000004128,manual
1767921556432,Sunny,Day,0.015104166666666667,30.208333333333332,43.0,26.06479999997191,manual
1767921556465,Sunny,Day,0.016059027777777776,32.11805555555555,42.0,27.793081000027087,manual
1767921556496,Sunny,Day,0.017534722222222222,35.06944444444444,41.0,24.535185999980058,manual
1767921556527,Sunny,Day,0.014496527777777778,28.993055555555557,,26.016888000015115,manual
1767921556557,Sunny,Day,0.012977430555555556,25.954861111111114,,24.02202500002204,manual
1767921556590,Sunny,Day,0.016536458333333334,33.072916666666664,42.0,27.892700999984754,manual
1767921556620,Sunny,Day,0.01657986111111111,33.15972222222222,41.0,24.057824999999866,manual
1767921556652,Sunny,Day,0.016493055555555556,32.986111111111114,41.0,25.47979700000269,manual
1767921556683,Sunny,Day,0.015234375,30.46875,42.0,25.599661000001106,manual
1767921556714,Sunny,Day,0.016796875,33.59375,42.0,26.923328000009406,manual
1767921556746,Sunny,Day,0.01723090277777778,34.46180555555556,42.0,25.266090999991775,manual
1767921556778,Sunny,Day,0.016666666666666666,33.333333333333336,42.0,27.138683000032415,manual
1767921556810,Sunny,Day,0.015364583333333333,30.729166666666664,43.0,24.503886999980296,manual
1767921556841,Sunny,Day,0.013585069444444445,27.17013888888889,,25.606236999976772,manual
1767921556873,Sunny,Day,0.01662326388888889,33.24652777777778,,26.244114000007812,manual
1767921556903,Sunny,Day,0.016666666666666666,33.333333333333336,42.0,24.375226999950428,manual
1767921556934,Sunny,Day,0.01349826388888889,26.99652777777778,,26.299026999993202,manual
1767921556966,Sunny,Day,0.015668402777777778,31.336805555555554,42.0,26.513511000018752,manual
1767921556999,Sunny,Day,0.014366319444444444,28.732638888888886,,27.203615000019,manual
1767921557029,Sunny,Day,0.016319444444444445,32.63888888888889,42.0,23.847554000042237,manual
1767921557060,Sunny,Day,0.013715277777777778,27.430555555555554,,24.454908999985037,manual
1767921557091,Sunny,Day,0.013324652777777777,26.649305555555554,,25.42803999995158,manual
1767921557124,Sunny,Day,0.015104166666666667,30.208333333333332,42.0,27.069309000012254,manual
1767921557154,Sunny,Day,0.015494791666666667,30.989583333333336,,23.549359000014647,manual
1767921557187,Sunny,Day,0.014279513888888888,28.55902777777778,,27.3927470000217,manual
1767921557221,Sunny,Day,0.014930555555555556,29.861111111111114,42.0,29.022847999954138,manual
1767921557251,Sunny,Day,0.014192708333333333,28.385416666666668,,23.511391999988973,manual
1767921557282,Sunny,Day,0.015885416666666666,31.770833333333332,42.0,25.446356999964337,manual
1767921557312,Sunny,Day,0.014192708333333333,28.385416666666668,,24.355825999975877,manual
1767921557344,Sunny,Day,0.01579861111111111,31.59722222222222,42.0,25.998909999998432,manual
1767921557375,Sunny,Day,0.016015625,32.03125,42.0,23.95715699998391,manual
1767921557411,Sunny,Day,0.014409722222222223,28.819444444444446,,31.0254670000063,manual
1767921557437,Sunny,Day,0.01506076388888889,30.12152777777778,,20.630132999997386,manual
1767921557469,Sunny,Day,0.016059027777777776,32.11805555555555,41.0,25.26609799997459,manual
1767921557501,Sunny,Day,0.01597222222222222,31.944444444444443,41.0,26.72110899999325,manual
1767921557532,Sunny,Day,0.01545138888888889,30.90277777777778,43.0,23.445311999978458,manual
1767921557564,Sunny,Day,0.01623263888888889,32.46527777777778,42.0,26.564279000012903,manual
1767921557594,Sunny,Day,0.017317708333333334,34.63541666666667,41.0,24.222533999989082,manual
1767921557625,Sunny,Day,0.015885416666666666,31.770833333333332,41.0,26.073212999961015,manual
1767921557657,Sunny,Day,0.014583333333333334,29.166666666666668,42.0,25.758201000030567,manual
1767921557690,Sunny,Day,0.015668402777777778,31.336805555555554,,27.338465000013912,manual
1767921557721,Sunny,Day,0.017100694444444446,34.20138888888889,41.0,25.484211999980744,manual
1767921557752,Sunny,Day,0.016362847222222223,32.72569444444444,42.0,23.86626000003389,manual
1767921557783,Sunny,Day,0.01644965277777778,32.89930555555556,43.0,25.42013199996518,manual
1767921557814,Sunny,Day,0.016840277777777777,33.68055555555556,41.0,25.380627000004097,manual
1767921557846,Sunny,Day,0.018315972222222223,36.63194444444444,42.0,21.547907000012856,manual
1767921557876,Sunny,Day,0.017274305555555557,34.548611111111114,42.0,24.511358999973254,manual
1767921557910,Sunny,Day,0.017013888888888887,34.02777777777777,42.0,27.64340099997753,manual
1767921557940,Sunny,Day,0.016927083333333332,33.854166666666664,42.0,24.02308900002481,manual
1767921557971,Sunny,Day,0.01740451388888889,34.80902777777778,41.0,25.787907999983872,manual
1767921558002,Sunny,Day,0.01853298611111111,37.06597222222222,42.0,24.318173000040133,manual
1767921558035,Sunny,Day,0.01840277777777778,36.80555555555556,42.0,26.406305999955748,manual
1767921558067,Sunny,Day,0.016536458333333334,33.072916666666664,43.0,25.736316999996234,manual
1767921558099,Sunny,Day,0.017534722222222222,35.06944444444444,42.0,26.365486999964105,manual
1767921558129,Sunny,Day,0.018272569444444445,36.54513888888889,42.0,24.2277670000135,manual
1767921558160,Sunny,Day,0.018446180555555556,36.892361111111114,42.0,25.155965000010383,manual
1767921558192,Sunny,Day,0.016796875,33.59375,43.0,25.748188999955346,manual
1767921558225,Sunny,Day,0.017795138888888888,35.59027777777778,43.0,28.218402999982573,manual
1767921558256,Sunny,Day,0.018142361111111113,36.28472222222223,42.0,24.98226400001613,manual
1767921558285,Sunny,Day,0.017361111111111112,34.72222222222222,42.0,23.26141599996845,manual
1767921558316,Sunny,Day,0.015494791666666667,30.989583333333336,42.0,25.776784000015596,manual
1767921558347,Sunny,Day,0.01644965277777778,32.89930555555556,42.0,25.807416000020567,manual
1767921558379,Sunny,Day,0.017100694444444446,34.20138888888889,42.0,25.977580000017042,manual
1767921558412,Sunny,Day,0.016927083333333332,33.854166666666664,43.0,25.604711000028146,manual
1767921558444,Sunny,Day,0.016145833333333335,32.29166666666667,41.0,25.06490199999689,manual
1767921558473,Sunny,Day,0.015538194444444445,31.07638888888889,43.0,23.6410450000335,manual
1767921558506,Sunny,Day,0.017534722222222222,35.06944444444444,42.0,27.181526999981998,manual
1767921558536,Sunny,Day,0.016319444444444445,32.63888888888889,42.0,24.094662000038625,manual
1767921558570,Sunny,Day,0.015711805555555555,31.42361111111111,42.0,27.654219999988072,manual
1767921558601,Sunny,Day,0.017013888888888887,34.02777777777777,42.0,24.763429000017823,manual
1767921558633,Sunny,Day,0.01423611111111111,28.47222222222222,41.0,25.98976600000924,manual
1767921558663,Sunny,Day,0.017621527777777778,35.24305555555556,41.0,24.274900999955662,manual
1767921558693,Sunny,Day,0.017013888888888887,34.02777777777777,42.0,23.685086999989835,manual
1767921558724,Sunny,Day,0.014583333333333334,29.166666666666668,,25.308812999981,manual
1767921558757,Sunny,Day,0.017578125,35.15625,42.0,27.307391000022108,manual
1767921558788,Sunny,Day,0.017578125,35.15625,42.0,24.720775999981015,manual
1767921558819,Sunny,Day,0.017838541666666666,35.67708333333333,42.0,24.495291999983237,manual
1767921558851,Sunny,Day,0.014192708333333333,28.385416666666668,,26.39069299999619,manual
1767921558881,Sunny,Day,0.016276041666666668,32.552083333333336,43.0,24.781170999972346,manual
1767921558914,Sunny,Day,0.015104166666666667,30.208333333333332,,28.2304600000316,manual
1767921558946,Sunny,Day,0.014930555555555556,29.861111111111114,,27.246495999975195,manual
1767921558975,Sunny,Day,0.013628472222222222,27.256944444444446,43.0,23.644971999999598,manual
1767921559006,Sunny,Day,0.015581597222222222,31.163194444444446,,26.02278000000524,manual
1767921559038,Sunny,Day,0.014756944444444444,29.51388888888889,,26.246222999986912,manual
1767921559070,Sunny,Day,0.01579861111111111,31.59722222222222,43.0,22.72656399998141,manual
1767921559102,Sunny,Day,0.0140625,28.125,,23.644278000006125,manual
1767921559133,Sunny,Day,0.016059027777777776,32.11805555555555,42.0,25.024868999992123,manual
1767921559164,Sunny,Day,0.016276041666666668,32.552083333333336,42.0,25.333954000018366,manual
1767921559196,Sunny,Day,0.015407986111111112,30.815972222222225,42.0,25.222775999964142,manual
1767921559226,Sunny,Day,0.016059027777777776,32.11805555555555,42.0,24.777734999986478,manual
1767921559262,Sunny,Day,0.015017361111111112,30.03472222222222,,30.3889030000164,manual
1767921559291,Sunny,Day,0.013932291666666667,27.864583333333336,42.0,22.648279000009097,manual
1767921559325,Sunny,Day,0.014019097222222223,28.038194444444446,,26.99556999999686,manual
1767921559353,Sunny,Day,0.01697048611111111,33.94097222222222,42.0,22.813943000016934,manual
1767921559384,Sunny,Day,0.013324652777777777,26.649305555555554,,23.9831439999989,manual
1767921559415,Sunny,Day,0.015147569444444444,30.29513888888889,42.0,25.731194000002233,manual
1767921559449,Sunny,Day,0.015321180555555555,30.64236111111111,43.0,26.170216000025448,manual
1767921559478,Sunny,Day,0.016536458333333334,33.072916666666664,42.0,17.753308000010293,manual
1767921559511,Sunny,Day,0.016015625,32.03125,43.0,17.804905999980747,manual
1767921559541,Sunny,Day,0.011631944444444445,23.26388888888889,,18.859539999994013,manual
1767921559572,Sunny,Day,0.017100694444444446,34.20138888888889,42.0,15.654853999990337,manual
1767921559604,Sunny,Day,0.014453125,28.90625,,21.518804999971053,manual
1767921559637,Sunny,Day,0.013368055555555555,26.73611111111111,,21.687487000008332,manual
1767921559669,Sunny,Day,0.014800347222222222,29.600694444444443,,25.727693999954226,manual
1767921559700,Sunny,Day,0.013324652777777777,26.649305555555554,,24.345788000005086,manual
1767921559731,Sunny,Day,0.015885416666666666,31.770833333333332,42.0,23.07563400000845,manual
1767921559762,Sunny,Day,0.016710069444444444,33.420138888888886,41.0,19.36140099996919,manual
1767921559794,Sunny,Day,0.013758680555555555,27.51736111111111,42.0,17.416701999991346,manual
1767921559826,Sunny,Day,0.012630208333333334,25.260416666666668,,18.96464300000389,manual
1767921559855,Sunny,Day,0.013758680555555555,27.51736111111111,,17.00516500000049,manual
1767921559885,Sunny,Day,0.017361111111111112,34.72222222222222,41.0,21.04183399995918,manual
1767921559917,Sunny,Day,0.013237847222222222,26.475694444444443,,23.645611999995708,manual
1767921559948,Sunny,Day,0.0125,25.0,,23.679910999987897,manual
1767921559978,Sunny,Day,0.015147569444444444,30.29513888888889,42.0,23.104766000017207,manual
1767921560010,Sunny,Day,0.014322916666666666,28.645833333333332,,24.245283000027484,manual
1767921560042,Sunny,Day,0.01484375,29.6875,42.0,24.76870800001052,manual
1767921560075,Sunny,Day,0.013541666666666667,27.083333333333336,,25.45360200002733,manual
1767921560104,Sunny,Day,0.014105902777777778,28.211805555555557,,19.530640000027688,manual
1767921560135,Sunny,Day,0.014800347222222222,29.600694444444443,,20.959102999995594,manual
1767921560167,Sunny,Day,0.015885416666666666,31.770833333333332,41.0,23.959022999974877,manual
1767921560200,Sunny,Day,0.013541666666666667,27.083333333333336,43.0,25.492439000004197,manual
1767921560233,Sunny,Day,0.014973958333333334,29.947916666666668,42.0,25.992540000004283,manual
1767921560261,Sunny,Day,0.015234375,30.46875,42.0,21.128729999986717,manual
1767921560292,Sunny,Day,0.012022569444444445,24.04513888888889,,23.37126600002648,manual
1767921560325,Sunny,Day,0.013194444444444444,26.38888888888889,,22.962100000029295,manual
1767921560355,Sunny,Day,0.014019097222222223,28.038194444444446,,22.89622299997518,manual
1767921560386,Sunny,Day,0.016015625,32.03125,42.0,24.613618999978826,manual
1767921560418,Sunny,Day,0.012369791666666666,24.739583333333332,,24.91431300001068,manual
1767921560449,Sunny,Day,0.013715277777777778,27.430555555555554,42.0,23.617120999972485,manual
1767921560481,Sunny,Day,0.013151041666666667,26.302083333333332,,25.270438000006834,manual
1767921560512,Sunny,Day,0.01484375,29.6875,,24.099998999986383,manual
1767921560543,Sunny,Day,0.01349826388888889,26.99652777777778,,24.83017600002313,manual
1767921560575,Sunny,Day,0.013628472222222222,27.256944444444446,,24.07003299998678,manual
1767921560606,Sunny,Day,0.013932291666666667,27.864583333333336,,25.036157999977604,manual
1767921560638,Sunny,Day,0.013975694444444445,27.95138888888889,,24.923129000001154,manual
1767921560669,Sunny,Day,0.013020833333333334,26.041666666666668,,25.037621000024046,manual
1767921560701,Sunny,Day,0.015364583333333333,30.729166666666664,41.0,25.18765299998904,manual
1767921560732,Sunny,Day,0.015321180555555555,30.64236111111111,42.0,24.093145999984245,manual
1767921560763,Sunny,Day,0.014409722222222223,28.819444444444446,,24.571301000037238,manual
1767921560795,Sunny,Day,0.012326388888888888,24.65277777777778,,24.979060000021036,manual
1767921560826,Sunny,Day,0.013541666666666667,27.083333333333336,,24.687626000002183,manual
1767921560857,Sunny,Day,0.01384548611111111,27.69097222222222,,24.862955999992664,manual
1767921560889,Sunny,Day,0.012152777777777778,24.305555555555557,,25.163353999971605,manual
1767921560922,Sunny,Day,0.009331597222222222,18.663194444444443,,21.088558999963425,manual
1767921560952,Sunny,Day,0.012586805555555556,25.17361111111111,,23.423085999979776,manual
1767921560983,Sunny,Day,0.0140625,28.125,,24.13059399998474,manual
1767921561015,Sunny,Day,0.011588541666666667,23.177083333333336,,26.281636000021535,manual
1767921561046,Sunny,Day,0.012890625,25.78125,,22.552224999969894,manual
1767921561077,Sunny,Day,0.013541666666666667,27.083333333333336,43.0,25.136492000001454,manual
1767921561108,Sunny,Day,0.013888888888888888,27.777777777777775,,24.79040499997609,manual
1767921561140,Sunny,Day,0.011848958333333333,23.697916666666664,,24.563791999980822,manual
1767921561171,Sunny,Day,0.010850694444444444,21.70138888888889,,24.629575999995268,manual
1767921561203,Sunny,Day,0.010199652777777778,20.399305555555557,,24.98708899997837,manual
1767921561234,Sunny,Day,0.012890625,25.78125,,24.50241700000788,manual
1767921561267,Sunny,Day,0.012456597222222223,24.913194444444446,,23.028914999997596,manual
1767921561298,Sunny,Day,0.012152777777777778,24.305555555555557,,23.76838800000769,manual
1767921561328,Sunny,Day,0.011024305555555556,22.048611111111114,,23.751496999977917,manual
1767921561361,Sunny,Day,0.010850694444444444,21.70138888888889,,25.8658710000077,manual
1767921561393,Sunny,Day,0.012413194444444444,24.826388888888886,,28.60689200002753,auto
1767921561423,Sunny,Day,0.012022569444444445,24.04513888888889,,18.718292000016845,auto
1767921561454,Sunny,Day,0.009635416666666667,19.270833333333336,,23.37450199996738,auto
1767921561486,Sunny,Day,0.014539930555555556,29.07986111111111,43.0,24.949196999955348,auto
1767921561520,Sunny,Day,0.01115451388888889,22.30902777777778,,25.447315000008075,auto
1767921561549,Sunny,Day,0.007595486111111111,15.190972222222221,,21.855885999968905,auto
1767921561580,Sunny,Day,0.013585069444444445,27.17013888888889,,23.795001999985743,auto
1767921561611,Sunny,Day,0.01506076388888889,30.12152777777778,,25.641906000032577,auto
1767921561646,Sunny,Day,0.01657986111111111,33.15972222222222,,27.435214000036012,auto
1767921561675,Sunny,Day,0.012239583333333333,24.479166666666668,,21.610086000009687,auto
1767921561705,Sunny,Day,0.011458333333333333,22.916666666666664,,23.967535999986467,auto
1767921561738,Sunny,Day,0.013411458333333333,26.822916666666664,,25.34578700004886,auto
1767921561770,Sunny,Day,0.014409722222222223,28.819444444444446,,24.87261600003876,auto
1767921561801,Sunny,Day,0.010243055555555556,20.48611111111111,,17.662197999982254,auto
1767921561831,Sunny,Day,0.013585069444444445,27.17013888888889,,22.561263000000054,auto
1767921561863,Sunny,Day,0.013932291666666667,27.864583333333336,,25.45214899998882,auto
1767921561894,Sunny,Day,0.012196180555555556,24.39236111111111,,23.72860700000956,auto
1767921561927,Sunny,Day,0.012152777777777778,24.305555555555557,,26.652403000014147,auto
1767921561958,Sunny,Day,0.013237847222222222,26.475694444444443,,23.37968700004467,auto
1767921561988,Sunny,Day,0.009809027777777778,19.618055555555554,,20.515692000003583,auto
1767921562021,Sunny,Day,0.013888888888888888,27.777777777777775,,26.550842000006014,auto
1767921562051,Sunny,Day,0.015625,31.25,,23.267284000041855,auto
1767921562083,Sunny,Day,0.014756944444444444,29.51388888888889,,24.29585500004805,auto
1767921562114,Sunny,Day,0.010894097222222222,21.788194444444443,,24.936965999984295,auto
1767921562145,Sunny,Day,0.015407986111111112,30.815972222222225,,23.555160000000797,auto
1767921562176,Sunny,Day,0.014756944444444444,29.51388888888889,,24.89538800000446,auto
1767921562209,Sunny,Day,0.01506076388888889,30.12152777777778,,26.022337999961564,auto
1767921562241,Sunny,Day,0.0125,25.0,,24.78028500001983,auto
1767921562272,Sunny,Day,0.011631944444444445,23.26388888888889,,24.010903999965194,auto
1767921562302,Sunny,Day,0.01597222222222222,31.944444444444443,,20.74769500001139,auto
1767921562333,Sunny,Day,0.014453125,28.90625,,23.510192999992796,auto
1767921562365,Sunny,Day,0.011458333333333333,22.916666666666664,,24.98404400000709,auto
1767921562396,Sunny,Day,0.012065972222222223,24.131944444444446,,24.06826099996806,auto
1767921562431,Sunny,Day,0.009982638888888888,19.965277777777775,,28.73374099999637,auto
1767921562459,Sunny,Day,0.011414930555555555,22.82986111111111,,17.52513599996064,auto
1767921562490,Sunny,Day,0.012543402777777778,25.086805555555557,,23.58442299998842,auto
1767921562524,Sunny,Day,0.013237847222222222,26.475694444444443,,26.90895199998522,auto
1767921562555,Sunny,Day,0.010677083333333334,21.354166666666668,,24.00460699999485,auto
1767921562586,Sunny,Day,0.009895833333333333,19.791666666666664,,21.73170499997923,auto
1767921562616,Sunny,Day,0.014670138888888889,29.34027777777778,,22.683158999996067,auto
1767921562649,Sunny,Day,0.013975694444444445,27.95138888888889,,24.977487999990444,auto
1767921562681,Sunny,Day,0.014409722222222223,28.819444444444446,,24.961449999977958,auto
1767921562710,Sunny,Day,0.01189236111111111,23.78472222222222,,22.935829000005015,auto
1767921562742,Sunny,Day,0.016145833333333335,32.29166666666667,,24.819030000003295,auto
1767921562775,Sunny,Day,0.014453125,28.90625,,20.59180999998489,auto
1767921562805,Sunny,Day,0.012934027777777777,25.868055555555554,,20.916375999945558,auto
1767921562838,Sunny,Day,0.011197916666666667,22.395833333333332,,25.845248999985415,auto
1767921562869,Sunny,Day,0.012326388888888888,24.65277777777778,,19.932918999984395,auto
1767921562900,Sunny,Day,0.010980902777777777,21.961805555555554,,16.993625999987216,auto
1767921562930,Sunny,Day,0.01349826388888889,26.99652777777778,,23.194536999994853,auto
1767921562963,Sunny,Day,0.01384548611111111,27.69097222222222,,25.818320999974276,auto
1767921562995,Sunny,Day,0.012413194444444444,24.826388888888886,,25.096850000011273,auto
1767921563025,Sunny,Day,0.014496527777777778,28.993055555555557,,26.518414999998186,manual
1767921563056,Sunny,Day,0.012326388888888888,24.65277777777778,,21.71468400001686,manual
1767921563087,Sunny,Day,0.013628472222222222,27.256944444444446,,24.884676999988642,manual
1767921563118,Sunny,Day,0.01875,37.5,,24.988518999975895,manual
1767921563150,Sunny,Day,0.016102430555555554,32.20486111111111,,24.698513000032563,manual
1767921563181,Sunny,Day,0.012413194444444444,24.826388888888886,,24.662936000027003,manual
1767921563214,Sunny,Day,0.014192708333333333,28.385416666666668,,23.168809000026158,manual
1767921563245,Sunny,Day,0.017838541666666666,35.67708333333333,41.0,23.78347199999098,manual
1767921563276,Sunny,Day,0.01662326388888889,33.24652777777778,,24.173765000000458,manual
1767921563307,Sunny,Day,0.018055555555555554,36.11111111111111,40.0,24.812151999981324,manual
1767921563338,Sunny,Day,0.012673611111111111,25.34722222222222,,24.43760200003453,manual
1767921563370,Sunny,Day,0.013454861111111112,26.909722222222225,,24.485403000028327,manual
1767921563401,Sunny,Day,0.014713541666666666,29.427083333333332,,24.1822460000094,manual
1767921563433,Sunny,Day,0.018055555555555554,36.11111111111111,,25.400369000010414,manual
1767921563464,Sunny,Day,0.01597222222222222,31.944444444444443,,23.84823699998151,manual
1767921563495,Sunny,Day,0.01675347222222222,33.50694444444444,,25.344734000043445,manual
1767921563527,Sunny,Day,0.014019097222222223,28.038194444444446,,24.990111000022353,manual
1767921563559,Sunny,Day,0.014626736111111111,29.25347222222222,,25.49250600003461,manual
1767921563590,Sunny,Day,0.011414930555555555,22.82986111111111,,24.00602800003071,manual
1767921563621,Sunny,Day,0.015885416666666666,31.770833333333332,,24.306701999989855,manual
1767921563653,Sunny,Day,0.013802083333333333,27.604166666666664,,25.955211999985295,manual
1767921563685,Sunny,Day,0.017057291666666665,34.11458333333333,,25.260690999971303,manual
1767921563716,Sunny,Day,0.015625,31.25,,24.153855999998086,manual
1767921563749,Sunny,Day,0.016015625,32.03125,,27.081678999991254,manual
1767921563781,Sunny,Day,0.012456597222222223,24.913194444444446,,24.723589000018364,manual
1767921563810,Sunny,Day,0.013802083333333333,27.604166666666664,,21.785986999987017,manual
1767921563841,Sunny,Day,0.015407986111111112,30.815972222222225,,24.72068100001934,manual
1767921563872,Sunny,Day,0.015277777777777777,30.555555555555554,,24.955219999981182,manual
1767921563904,Sunny,Day,0.014105902777777778,28.211805555555557,,24.66252900001109,manual
1767921563936,Sunny,Day,0.014583333333333334,29.166666666666668,41.0,25.907986999982313,manual
1767921563969,Sunny,Day,0.014930555555555556,29.861111111111114,,26.163359999998193,manual
1767921563999,Sunny,Day,0.012977430555555556,25.954861111111114,,22.24850800001832,manual
1767921564030,Sunny,Day,0.014453125,28.90625,,23.965741999973034,manual
1767921564063,Sunny,Day,0.016189236111111113,32.37847222222223,,25.372360000005756,manual
1767921564094,Sunny,Day,0.01644965277777778,32.89930555555556,,23.502037000014298,manual
1767921564124,Sunny,Day,0.016319444444444445,32.63888888888889,,22.788384000023143,manual
1767921564156,Sunny,Day,0.013368055555555555,26.73611111111111,,22.202577000030033,manual
1767921564186,Sunny,Day,0.015928819444444443,31.857638888888886,,25.9267949999753,manual
1767921564219,Sunny,Day,0.01657986111111111,33.15972222222222,,20.3481629999942,manual
1767921564252,Sunny,Day,0.017274305555555557,34.548611111111114,,21.68332899998404,manual
1767921564282,Sunny,Day,0.016276041666666668,32.552083333333336,,23.249053000029107,manual
1767921564314,Sunny,Day,0.020052083333333335,40.10416666666667,42.0,23.145543999987694,manual
1767921564346,Sunny,Day,0.016666666666666666,33.333333333333336,42.0,23.59913800000868,manual
1767921564377,Sunny,Day,0.01484375,29.6875,43.0,23.847880999994686,manual
1767921564407,Sunny,Day,0.012847222222222222,25.694444444444443,43.0,22.650521000002755,manual
1767921564438,Sunny,Day,0.010807291666666666,21.614583333333332,,22.507786999995005,manual
1767921564474,Sunny,Day,0.008723958333333334,17.447916666666668,,28.511343999980454,manual
1767921564502,Sunny,Day,0.00837673611111111,16.75347222222222,,21.679291999987527,manual
1767921564534,Sunny,Day,0.005685763888888889,11.371527777777777,,23.492369999985385,manual
1767921564564,Sunny,Day,0.007118055555555555,14.23611111111111,,22.769363999998404,manual
1767921564595,Sunny,Day,0.004557291666666667,9.114583333333334,,23.67036499998676,manual
1767921564628,Sunny,Day,0.004383680555555556,8.76736111111111,,23.95385299996633,manual
1767921564660,Sunny,Day,0.002777777777777778,5.555555555555555,,24.907543000040278,manual
1767921564690,Sunny,Day,0.0012152777777777778,2.430555555555556,,22.24124600002142,manual
1767921564721,Sunny,Day,0.001388888888888889,2.7777777777777777,,22.88429999998698,manual
1767921564752,Sunny,Day,0.0016927083333333334,3.385416666666667,,22.883336999996118,manual
1767921564786,Sunny,Day,0.0009548611111111111,1.909722222222222,,26.463320999994266,manual
1767921564815,Sunny,Day,0.003993055555555555,7.986111111111111,,21.745038000005934,manual
1767921564847,Sunny,Day,0.0009114583333333333,1.8229166666666667,,23.705684000049132,manual
1767921564882,Sunny,Day,0.0033854166666666668,6.770833333333334,,28.912209999987226,manual
1767921564916,Sunny,Day,0.0018663194444444445,3.7326388888888893,,25.228292000008423,manual
1767921564947,Sunny,Day,0.0010416666666666667,2.0833333333333335,,21.808191000047827,manual
1767921564977,Sunny,Day,0.0019965277777777776,3.9930555555555554,,20.800125999983266,manual
1767921565005,Sunny,Day,0.0015190972222222222,3.0381944444444446,,18.5541739999735,manual
1767921565041,Sunny,Day,0.003472222222222222,6.944444444444444,,28.42071399999213,manual
1767921565066,Sunny,Day,0.0034288194444444444,6.857638888888888,,17.910614000015812,manual
1767921565098,Sunny,Day,0.0032118055555555554,6.423611111111111,,24.518672999988667,manual
1767921565129,Sunny,Day,0.0026475694444444446,5.295138888888889,,23.635766999973384,manual
1767921565160,Sunny,Day,0.0038628472222222224,7.725694444444445,,22.391721000019515,manual
1767921565195,Sunny,Day,0.0069878472222222225,13.975694444444445,,27.406242999973074,manual
1767921565224,Sunny,Day,0.0009548611111111111,1.909722222222222,,21.313151000015296,manual
1767921565255,Sunny,Day,0.001388888888888889,2.7777777777777777,,23.375430999976743,manual
1767921565289,Sunny,Day,0.002951388888888889,5.902777777777778,,26.112339999997403,manual
1767921565322,Sunny,Day,0.007118055555555555,14.23611111111111,,25.617095999962203,manual
1767921565350,Sunny,Day,0.004904513888888889,9.809027777777777,,20.550847999970756,manual
1767921565381,Sunny,Day,0.007899305555555555,15.79861111111111,,23.06744200001276,manual
1767921565412,Sunny,Day,0.015711805555555555,31.42361111111111,,23.81968899999265,manual
1767921565443,Sunny,Day,0.011414930555555555,22.82986111111111,,24.172551999981806,manual
1767921565477,Sunny,Day,0.024131944444444445,48.26388888888889,,26.11435800002937,manual
1767921565509,Sunny,Day,0.025303819444444445,50.60763888888889,,24.94107699999404,manual
1767921565541,Sunny,Day,0.023133680555555557,46.267361111111114,,23.958701000026394,manual
1767921565569,Sunny,Day,0.020963541666666665,41.92708333333333,,21.075224000014714,manual
1767921565608,Sunny,Day,0.03333333333333333,66.66666666666667,,31.877403999999387,manual
1767921565635,Sunny,Day,0.024913194444444446,49.82638888888889,,19.12384199999906,manual
1767921565665,Sunny,Day,0.024869791666666665,49.73958333333333,,23.106261000009454,manual
1767921565694,Sunny,Day,0.034505208333333336,69.01041666666667,,21.702108999988923,manual
1767921565728,Sunny,Day,0.030598958333333332,61.197916666666664,,24.384180000026845,manual
1767921565764,Sunny,Day,0.027126736111111112,54.25347222222222,,27.912450999963312,manual
1767921565789,Sunny,Day,0.027604166666666666,55.20833333333333,-99.0,17.327972999964913,manual
1767921565820,Sunny,Day,0.030598958333333332,61.197916666666664,,24.687372000016694,manual
1767921565851,Sunny,Day,0.017795138888888888,35.59027777777778,,23.545703999957368,manual
1767921565883,Sunny,Day,0.007899305555555555,15.79861111111111,,22.56680900001129,manual
1767921565917,Sunny,Day,0.003168402777777778,6.336805555555555,,27.43948500000215,manual
1767921565952,Sunny,Day,0.018880208333333332,37.760416666666664,,27.998586999956387,manual
1767921565981,Sunny,Day,0.009635416666666667,19.270833333333336,,21.675031999961902,manual
1767921566015,Sunny,Day,0.0014322916666666666,2.864583333333333,,26.669308999998975,manual
1767921566040,Sunny,Day,0.0018229166666666667,3.6458333333333335,,20.652617999985523,manual
1767921566071,Sunny,Day,0.0024739583333333332,4.947916666666666,,21.363952999990943,manual
1767921566104,Sunny,Day,0.0064670138888888885,12.934027777777777,,25.377570999978616,manual
1767921566135,Sunny,Day,0.0010416666666666667,2.0833333333333335,,17.156522999982826,manual
1767921566165,Sunny,Day,0.0,0.0,,23.216304000015953,manual
1767921566197,Sunny,Day,0.001171875,2.34375,,23.373724999999013,manual
1767921566231,Sunny,Day,0.003515625,7.03125,,24.235423999982686,manual
1767921566259,Sunny,Day,0.004427083333333333,8.854166666666666,,20.52801500002488,manual
1767921566291,Sunny,Day,0.0,0.0,,20.703825999987657,manual
1767921566323,Sunny,Day,0.00078125,1.5625,,25.429389000009905,manual
1767921566353,Sunny,Day,0.0013020833333333333,2.6041666666666665,,22.969135999971968,manual
1767921566385,Sunny,Day,0.0072048611111111115,14.409722222222223,,22.634851000020717,manual
1767921566418,Sunny,Day,0.008159722222222223,16.319444444444446,,24.79445000000169,manual
1767921566448,Sunny,Day,0.0038628472222222224,7.725694444444445,,22.89448299995911,manual
1767921566479,Sunny,Day,0.006944444444444444,13.888888888888888,,23.917621000009603,manual
1767921566510,Sunny,Day,0.007378472222222222,14.756944444444445,,24.207051000018964,manual
1767921566542,Sunny,Day,0.002994791666666667,5.989583333333334,,25.099326000031397,manual
1767921566574,Sunny,Day,0.010373263888888888,20.74652777777778,,24.53657699999212,manual
1767921566606,Sunny,Day,0.010894097222222222,21.788194444444443,,25.461837000023024,manual
1767921566637,Sunny,Day,0.026909722222222224,53.81944444444445,-104.0,22.025060999965262,manual
1767921566668,Sunny,Day,0.01579861111111111,31.59722222222222,,23.77062699997623,manual
1767921566699,Sunny,Day,0.015842013888888888,31.684027777777775,,23.613466999961474,manual
1767921566731,Sunny,Day,0.006510416666666667,13.020833333333334,,24.70038699999577,manual
1767921566762,Sunny,Day,0.011024305555555556,22.048611111111114,,24.136414999986755,manual
1767921566796,Sunny,Day,0.011675347222222222,23.350694444444446,,26.115684999979294,manual
1767921566827,Sunny,Day,0.009505208333333333,19.010416666666664,,23.359908000031737,manual
1767921566857,Sunny,Day,0.005685763888888889,11.371527777777777,,22.28880500001651,manual
1767921566888,Sunny,Day,0.008203125,16.40625,,22.73904499998025,manual
1767921566919,Sunny,Day,0.007378472222222222,14.756944444444445,,24.514668000051643,manual
1767921566954,Sunny,Day,0.012543402777777778,25.086805555555557,,21.84121300001607,manual
1767921566983,Sunny,Day,0.008854166666666666,17.708333333333332,,20.098313999994843,manual
1767921567014,Sunny,Day,0.006423611111111111,12.847222222222221,,22.170628000026227,manual
1767921567044,Sunny,Day,0.00993923611111111,19.87847222222222,,22.754822000024433,manual
1767921567077,Sunny,Day,0.010026041666666667,20.052083333333336,,24.12815299999238,manual
1767921567108,Sunny,Day,0.006857638888888889,13.715277777777777,,22.861942000020008,manual
1767921567139,Sunny,Day,0.008767361111111111,17.53472222222222,,24.195176999967316,manual
1767921567171,Sunny,Day,0.008029513888888888,16.059027777777775,,23.74351100002059,manual
1767921567203,Sunny,Day,0.0037760416666666667,7.552083333333333,,21.61328799996909,manual
1767921567238,Sunny,Day,0.002690972222222222,5.381944444444445,,25.960055000041393,manual
1767921567267,Sunny,Day,0.0020833333333333333,4.166666666666667,,22.150571999986823,manual
1767921567296,Sunny,Day,0.000390625,0.78125,,21.00740800000267,manual
1767921567329,Sunny,Day,0.0026041666666666665,5.208333333333333,,25.927349999960825,manual
1767921567360,Sunny,Day,0.004427083333333333,8.854166666666666,,23.954250000031152,manual
1767921567391,Sunny,Day,0.0036458333333333334,7.291666666666667,,24.100003000000925,manual
1767921567421,Sunny,Day,0.002387152777777778,4.774305555555556,,22.917094999968413,manual
1767921567453,Sunny,Day,0.0025173611111111113,5.034722222222222,,23.827757999981714,manual
1767921567486,Sunny,Day,0.002690972222222222,5.381944444444445,,24.14569100000108,manual
1767921567517,Sunny,Day,0.006336805555555556,12.67361111111111,,22.88707399998202,manual
1767921567548,Sunny,Day,0.0064670138888888885,12.934027777777777,,21.467833000031078,manual
1767921567579,Sunny,Day,0.0038194444444444443,7.638888888888888,,21.935369000004812,manual
1767921567610,Sunny,Day,0.007118055555555555,14.23611111111111,,23.498361999997996,manual
1767921567641,Sunny,Day,0.005729166666666666,11.458333333333332,,24.562742000000526,manual
1767921567674,Sunny,Day,0.005121527777777778,10.243055555555555,,20.535925999979554,manual
1767921567709,Sunny,Day,0.008984375,17.96875,,26.851515000032578,manual
1767921567735,Sunny,Day,0.011848958333333333,23.697916666666664,,18.424705000029462,manual
1767921567768,Sunny,Day,0.01484375,29.6875,42.0,22.803215999999793,manual
1767921567801,Sunny,Day,0.017447916666666667,34.895833333333336,41.0,25.44403400003148,manual
1767921567830,Sunny,Day,0.02165798611111111,43.31597222222222,40.0,20.67619599995396,manual
1767921567861,Sunny,Day,0.018142361111111113,36.28472222222223,40.0,25.127990999976646,manual
1767921567893,Sunny,Day,0.022048611111111113,44.09722222222223,37.0,24.699198000007527,manual
1767921567924,Sunny,Day,0.019965277777777776,39.93055555555555,36.0,23.661189999984344,manual
1767921567956,Sunny,Day,0.011197916666666667,22.395833333333332,,25.28513300001123,manual
1767921567991,Sunny,Day,0.017881944444444443,35.763888888888886,34.0,30.45316800000819,auto
1767921568018,Sunny,Day,0.007074652777777778,14.149305555555555,,14.414329999965503,auto
1767921568050,Sunny,Day,0.004427083333333333,8.854166666666666,,23.77567899998212,auto
1767921568082,Sunny,Day,0.012586805555555556,25.17361111111111,,20.462479999991956,auto
1767921568115,Sunny,Day,0.006597222222222222,13.194444444444445,,24.849558000028082,auto
1767921568144,Sunny,Day,0.003298611111111111,6.597222222222222,,22.306584999967072,auto
1767921568176,Sunny,Day,0.0036458333333333334,7.291666666666667,,24.97729000003801,auto
1767921568208,Sunny,Day,0.0069878472222222225,13.975694444444445,,24.818518000017775,auto
1767921568240,Sunny,Day,0.008984375,17.96875,,23.83770299996968,auto
1767921568269,Sunny,Day,0.010503472222222223,21.006944444444446,,22.32103000000052,auto
1767921568301,Sunny,Day,0.006814236111111111,13.628472222222223,,24.13183599998092,auto
1767921568332,Sunny,Day,0.0066840277777777775,13.368055555555555,,24.030735999986064,auto
1767921568365,Sunny,Day,0.009461805555555555,18.92361111111111,,25.865006999993057,auto
1767921568394,Sunny,Day,0.00920138888888889,18.40277777777778,,21.123660000000655,auto
1767921568427,Sunny,Day,0.009635416666666667,19.270833333333336,,23.740046000000348,auto
1767921568459,Sunny,Day,0.008506944444444444,17.013888888888886,,24.977493999983835,auto
1767921568491,Sunny,Day,0.008420138888888888,16.84027777777778,,19.34643100003086,auto
1767921568522,Sunny,Day,0.010243055555555556,20.48611111111111,,23.441283000011026,auto
1767921568553,Sunny,Day,0.008116319444444445,16.23263888888889,,23.670431000027747,auto
1767921568585,Sunny,Day,0.006857638888888889,13.715277777777777,,25.899416000015663,auto
1767921568618,Sunny,Day,0.009071180555555556,18.142361111111114,,25.246014000003925,auto
1767921568646,Sunny,Day,0.012803819444444444,25.60763888888889,,19.352282999989256,auto
1767921568679,Sunny,Day,0.011501736111111112,23.003472222222225,,26.327672000036273,auto
1767921568709,Sunny,Day,0.014583333333333334,29.166666666666668,30.0,17.74797499996339,auto
1767921568741,Sunny,Day,0.012369791666666666,24.739583333333332,,16.36592400001291,auto
1767921568772,Sunny,Day,0.015755208333333333,31.510416666666664,31.0,24.456546999999773,auto
1767921568803,Sunny,Day,0.01623263888888889,32.46527777777778,27.0,22.23248699999658,auto
1767921568834,Sunny,Day,0.019835069444444443,39.670138888888886,28.0,24.623522000013054,auto
1767921568865,Sunny,Day,0.013541666666666667,27.083333333333336,,24.213176000046133,auto
1767921568897,Sunny,Day,0.010026041666666667,20.052083333333336,,18.389413000022614,auto
1767921568931,Sunny,Day,0.010807291666666666,21.614583333333332,,16.570847000025424,auto
1767921568962,Sunny,Day,0.0140625,28.125,,21.85188300001073,auto
1767921568998,Sunny,Day,0.010026041666666667,20.052083333333336,,21.3451039999768,auto
1767921569029,Sunny,Day,0.014453125,28.90625,,21.186817000000246,auto
1767921569059,Sunny,Day,0.0078125,15.625,,7.851184000003286,auto
1767921569089,Sunny,Day,0.00959201388888889,19.18402777777778,,22.600367999984883,auto
1767921569121,Sunny,Day,0.005902777777777778,11.805555555555555,,20.237948999977107,auto
1767921569150,Sunny,Day,0.011328125,22.65625,,18.32313800002794,auto
1767921569191,Sunny,Day,0.00920138888888889,18.40277777777778,,31.332506000012472,auto
1767921569223,Sunny,Day,0.010807291666666666,21.614583333333332,,11.694768999973348,auto
1767921569256,Sunny,Day,0.0064670138888888885,12.934027777777777,,16.534021999973447,auto
1767921569288,Sunny,Day,0.010850694444444444,21.70138888888889,,8.833441999968272,auto
1767921569315,Sunny,Day,0.009331597222222222,18.663194444444443,,5.558955000026344,auto
1767921569340,Sunny,Day,0.010026041666666667,20.052083333333336,,7.661465000012413,auto
1767921569372,Sunny,Day,0.00959201388888889,19.18402777777778,,18.24022400001013,auto
1767921569403,Sunny,Day,0.011979166666666667,23.958333333333336,,19.5348029999991,auto
1767921569439,Sunny,Day,0.009114583333333334,18.229166666666668,,18.93549900000835,auto
1767921569463,Sunny,Day,0.011241319444444444,22.48263888888889,,15.642139999954452,auto
1767921569497,Sunny,Day,0.005815972222222222,11.631944444444445,,22.253655999975308,auto
1767921569529,Sunny,Day,0.005729166666666666,11.458333333333332,,22.82632799995099,auto
1767921569562,Sunny,Day,0.008810763888888889,17.62152777777778,,23.67485599995689,auto
1767921569591,Sunny,Day,0.01171875,23.4375,,21.317660000022443,auto
1767921569621,Sunny,Day,0.00859375,17.1875,,18.348880000019108,auto
1767921569655,Sunny,Day,0.007508680555555556,15.01736111111111,,19.55421299999216,auto
1767921569685,Sunny,Day,0.008203125,16.40625,,22.023397999987537,auto
1767921569718,Sunny,Day,0.007595486111111111,15.190972222222221,,22.080235000032644,auto
1767921569747,Sunny,Day,0.008072916666666667,16.145833333333336,,21.66157499999599,auto
1767921569777,Sunny,Day,0.006380208333333333,12.760416666666666,,21.87605399996073,auto
1767921569809,Sunny,Day,0.005902777777777778,11.805555555555555,,23.843424000006053,auto
1767921569842,Sunny,Day,0.012673611111111111,25.34722222222222,,21.664926000028117,auto
1767921569873,Sunny,Day,0.011762152777777778,23.524305555555554,,14.689659999987725,auto
1767921569905,Sunny,Day,0.007682291666666666,15.364583333333332,,24.56212599997798,auto
1767921569934,Sunny,Day,0.003993055555555555,7.986111111111111,,19.785544999990634,auto
1767921569965,Sunny,Day,0.00993923611111111,19.87847222222222,,16.061153000009654,auto
1767921570001,Sunny,Day,0.011414930555555555,22.82986111111111,,27.06587000000127,auto
1767921570030,Sunny,Day,0.005946180555555555,11.89236111111111,,20.966304000012315,auto
1767921570062,Sunny,Day,0.005902777777777778,11.805555555555555,,22.297883000021557,auto
1767921570092,Sunny,Day,0.008420138888888888,16.84027777777778,,19.686043000035625,auto
1767921570123,Sunny,Day,0.009157986111111112,18.31597222222222,,19.150965999983782,auto
1767921570158,Sunny,Day,0.009071180555555556,18.142361111111114,,22.21324699996785,auto
1767921570186,Sunny,Day,0.0026041666666666665,5.208333333333333,,14.678118999995604,auto
1767921570217,Sunny,Day,0.004210069444444444,8.42013888888889,,22.30716199994731,auto
1767921570251,Sunny,Day,0.005121527777777778,10.243055555555555,,25.77106600000434,auto
1767921570281,Sunny,Day,0.005425347222222222,10.850694444444445,,22.81879200000958,auto
1767921570317,Sunny,Day,0.003949652777777778,7.899305555555555,,28.01569399997561,auto
1767921570347,Sunny,Day,0.006423611111111111,12.847222222222221,,18.61335300003475,auto
1767921570378,Sunny,Day,0.006597222222222222,13.194444444444445,,18.564924000031624,auto
1767921570407,Sunny,Day,0.006597222222222222,13.194444444444445,,20.316847999993115,auto
1767921570440,Sunny,Day,0.003472222222222222,6.944444444444444,,23.88809299998229,auto
1767921570470,Sunny,Day,0.007769097222222222,15.538194444444445,,21.703969999975925,auto
1767921570506,Sunny,Day,0.006597222222222222,13.194444444444445,,27.58806900004629,auto
1767921570534,Sunny,Day,0.005902777777777778,11.805555555555555,,12.687249000009615,auto
1767921570566,Sunny,Day,0.009288194444444444,18.57638888888889,,24.515786999984357,auto
1767921570598,Sunny,Day,0.0014756944444444444,2.951388888888889,,19.552847999989353,auto
1767921570627,Sunny,Day,0.008463541666666666,16.927083333333332,,16.773382999986097,auto
1767921570659,Sunny,Day,0.0064670138888888885,12.934027777777777,,20.546458000012535,auto
1767921570693,Sunny,Day,0.006293402777777778,12.586805555555555,,25.037381999993613,auto
1767921570722,Sunny,Day,0.004383680555555556,8.76736111111111,,21.594183999980032,auto
1767921570750,Sunny,Day,0.002994791666666667,5.989583333333334,,18.402930000036122,auto
1767921570783,Sunny,Day,0.007638888888888889,15.277777777777777,,19.96737799998982,auto
1767921570814,Sunny,Day,0.004600694444444445,9.20138888888889,,23.844719000010173,auto
1767921570845,Sunny,Day,0.005425347222222222,10.850694444444445,,12.017625999988013,auto
1767921570878,Sunny,Day,0.005078125,10.15625,,22.855812999978298,auto
1767921570907,Sunny,Day,0.007552083333333333,15.104166666666666,,21.39150199997175,auto
1767921570939,Sunny,Day,0.006553819444444445,13.10763888888889,,18.877094000004035,auto
1767921570973,Sunny,Day,0.005555555555555556,11.11111111111111,,18.96410099999457,auto
1767921571001,Sunny,Day,0.001388888888888889,2.7777777777777777,,17.460620000008475,auto
1767921571033,Sunny,Day,0.004340277777777778,8.680555555555555,,25.526210999998966,auto
1767921571065,Sunny,Day,0.003472222222222222,6.944444444444444,,25.220688999979757,auto
1767921571095,Sunny,Day,0.0036458333333333334,7.291666666666667,,18.040394000024662,auto
1767921571127,Sunny,Day,0.0033420138888888887,6.684027777777778,,25.532748999978594,auto
1767921571158,Sunny,Day,0.006163194444444444,12.32638888888889,,23.269641000013053,auto
1767921571189,Sunny,Day,0.005121527777777778,10.243055555555555,,24.20782000001509,auto
1767921571220,Sunny,Day,0.005729166666666666,11.458333333333332,,24.779434999970817,auto
1767921571253,Sunny,Day,0.004166666666666667,8.333333333333334,,29.21499600000743,manual
1767921571283,Sunny,Day,0.0036458333333333334,7.291666666666667,,20.998458999997638,manual
1767921571314,Sunny,Day,0.0035590277777777777,7.118055555555555,,24.80682599997408,manual
1767921571346,Sunny,Day,0.005685763888888889,11.371527777777777,,24.6494620000135,manual
1767921571377,Sunny,Day,0.0032552083333333335,6.510416666666667,,24.366979999967953,manual
1767921571408,Sunny,Day,0.002734375,5.46875,,22.083832999953756,manual
1767921571441,Sunny,Day,0.004644097222222222,9.288194444444445,,25.87397700000338,manual
1767921571472,Sunny,Day,0.005078125,10.15625,,25.22237400000904,manual
1767921571503,Sunny,Day,0.004296875,8.59375,,23.960265000027903,manual
1767921571535,Sunny,Day,0.006423611111111111,12.847222222222221,,26.1885559999655,manual
1767921571567,Sunny,Day,0.005295138888888889,10.590277777777779,,24.79536300000973,manual
1767921571597,Sunny,Day,0.0036024305555555558,7.204861111111112,,24.054346000013993,manual
1767921571630,Sunny,Day,0.004861111111111111,9.722222222222223,,26.23437400001194,manual
1767921571661,Sunny,Day,0.0033854166666666668,6.770833333333334,,27.419033000001036,manual
1767921571691,Sunny,Day,0.001171875,2.34375,,21.52257099999133,manual
1767921571723,Sunny,Day,0.007161458333333333,14.322916666666666,,24.73311700003933,manual
1767921571754,Sunny,Day,0.003168402777777778,6.336805555555555,,24.930668000024525,manual
1767921571786,Sunny,Day,0.0015625,3.125,,25.232764000008956,manual
1767921571817,Sunny,Day,0.004340277777777778,8.680555555555555,,24.453690000029837,manual
1767921571848,Sunny,Day,0.002907986111111111,5.815972222222222,,24.967838000009124,manual
1767921571883,Sunny,Day,0.005555555555555556,11.11111111111111,,26.2686909999843,manual
1767921571911,Sunny,Day,0.002907986111111111,5.815972222222222,,20.879301999968902,manual
1767921571944,Sunny,Day,0.0014322916666666666,2.864583333333333,,25.2673219999906,manual
1767921571975,Sunny,Day,0.005295138888888889,10.590277777777779,,22.560163999969518,manual
1767921572005,Sunny,Day,0.007161458333333333,14.322916666666666,,22.64103499999237,manual
1767921572037,Sunny,Day,0.0046875,9.375,,23.71969299997545,manual
1767921572068,Sunny,Day,0.0022135416666666666,4.427083333333333,,24.37368399995421,manual
1767921572099,Sunny,Day,0.003081597222222222,6.163194444444445,,24.37677599999688,manual
1767921572131,Sunny,Day,0.003732638888888889,7.465277777777779,,21.281038999973134,manual
1767921572162,Sunny,Day,0.005164930555555555,10.32986111111111,,24.021677000007458,manual
1767921572194,Sunny,Day,0.001736111111111111,3.472222222222222,,23.515400000007958,manual
1767921572226,Sunny,Day,0.0035590277777777777,7.118055555555555,,25.408683000023302,manual
1767921572258,Sunny,Day,0.003732638888888889,7.465277777777779,,23.641650000001846,manual
1767921572291,Sunny,Day,0.007508680555555556,15.01736111111111,,23.981063000007907,manual
1767921572321,Sunny,Day,0.002994791666666667,5.989583333333334,,21.451310999964335,manual
1767921572351,Sunny,Day,0.005815972222222222,11.631944444444445,,23.47223099997109,manual
1767921572384,Sunny,Day,0.003168402777777778,6.336805555555555,,22.596983999960685,manual
1767921572414,Sunny,Day,0.00959201388888889,19.18402777777778,,22.513663999973232,manual
1767921572445,Sunny,Day,0.008810763888888889,17.62152777777778,,26.567522999982884,manual
1767921572476,Sunny,Day,0.005989583333333334,11.979166666666668,,26.639233000025797,manual
1767921572508,Sunny,Day,0.005555555555555556,11.11111111111111,,23.1605429999604,manual
1767921572539,Sunny,Day,0.008506944444444444,17.013888888888886,,24.978725999972085,manual
1767921572571,Sunny,Day,0.005208333333333333,10.416666666666666,,25.019358999998076,manual
1767921572602,Sunny,Day,0.0069010416666666664,13.802083333333332,,27.93254599998818,manual
1767921572633,Sunny,Day,0.006076388888888889,12.152777777777779,,21.84181899997384,manual
1767921572665,Sunny,Day,0.008680555555555556,17.36111111111111,,25.0400079999622,manual
1767921572698,Sunny,Day,0.01189236111111111,23.78472222222222,,25.74692899997899,manual
1767921572729,Sunny,Day,0.009895833333333333,19.791666666666664,,22.479974999953356,manual
1767921572759,Sunny,Day,0.00703125,14.0625,,23.040774999969926,manual
1767921572792,Sunny,Day,0.009809027777777778,19.618055555555554,,21.935584999994262,manual
1767921572822,Sunny,Day,0.009418402777777777,18.836805555555554,,22.247811999989153,manual
1767921572853,Sunny,Day,0.012977430555555556,25.954861111111114,,24.96996599995782,manual
1767921572885,Sunny,Day,0.00798611111111111,15.972222222222221,,24.12136999998893,manual
1767921572917,Sunny,Day,0.011371527777777777,22.743055555555554,,23.115057999973487,manual
1767921572947,Sunny,Day,0.009852430555555555,19.70486111111111,,22.633412999994107,manual
1767921572979,Sunny,Day,0.013151041666666667,26.302083333333332,39.0,25.34827099998438,manual
1767921573010,Sunny,Day,0.011197916666666667,22.395833333333332,,24.934939000047507,manual
1767921573041,Sunny,Day,0.011241319444444444,22.48263888888889,,22.498962000042866,manual
1767921573074,Sunny,Day,0.011284722222222222,22.569444444444443,,26.09089499998163,manual
1767921573105,Sunny,Day,0.016015625,32.03125,38.0,24.362682999992558,manual
1767921573136,Sunny,Day,0.0140625,28.125,39.0,23.755956000002243,manual
1767921573170,Sunny,Day,0.011024305555555556,22.048611111111114,,27.53794000000198,manual
1767921573200,Sunny,Day,0.012543402777777778,25.086805555555557,,22.576022000009743,manual
1767921573230,Sunny,Day,0.016145833333333335,32.29166666666667,39.0,23.923985999999786,manual
1767921573261,Sunny,Day,0.011848958333333333,23.697916666666664,,24.43591000002243,manual
1767921573293,Sunny,Day,0.009722222222222222,19.444444444444446,,23.041907000049378,manual
1767921573324,Sunny,Day,0.011458333333333333,22.916666666666664,,24.98867000002747,manual
1767921573356,Sunny,Day,0.012717013888888889,25.43402777777778,41.0,25.169220000009318,manual
1767921573388,Sunny,Day,0.011414930555555555,22.82986111111111,,26.3269669999886,manual
1767921573420,Sunny,Day,0.010677083333333334,21.354166666666668,,23.740417999988495,manual
1767921573450,Sunny,Day,0.012065972222222223,24.131944444444446,,23.89257599998018,manual
1767921573483,Sunny,Day,0.009982638888888888,19.965277777777775,,26.008703999991667,manual
1767921573515,Sunny,Day,0.011067708333333334,22.135416666666668,,25.163867999992817,manual
1767921573544,Sunny,Day,0.009635416666666667,19.270833333333336,,23.123245999954634,manual
1767921573575,Sunny,Day,0.007769097222222222,15.538194444444445,,24.508155999967585,manual
1767921573608,Sunny,Day,0.010633680555555556,21.26736111111111,,25.628936999964935,manual
1767921573640,Sunny,Day,0.011935763888888888,23.871527777777775,,25.20614799999521,manual
1767921573669,Sunny,Day,0.010243055555555556,20.48611111111111,,23.229753000009623,manual
1767921573701,Sunny,Day,0.009982638888888888,19.965277777777775,,25.317100999984632,manual
1767921573732,Sunny,Day,0.01032986111111111,20.65972222222222,,24.918369999966217,manual
1767921573764,Sunny,Day,0.00798611111111111,15.972222222222221,,24.140129999977944,manual
1767921573795,Sunny,Day,0.009678819444444445,19.35763888888889,,24.84430900000234,manual
1767921573827,Sunny,Day,0.009809027777777778,19.618055555555554,,25.214056999971035,manual
1767921573858,Sunny,Day,0.007161458333333333,14.322916666666666,,24.316736000002948,manual
1767921573890,Sunny,Day,0.008810763888888889,17.62152777777778,,25.236835999976392,manual
1767921573922,Sunny,Day,0.009244791666666667,18.489583333333332,,23.96895199996152,manual
1767921573952,Sunny,Day,0.007682291666666666,15.364583333333332,,23.53464499998381,manual
1767921573984,Sunny,Day,0.009548611111111112,19.097222222222225,,24.755470000002333,manual
1767921574017,Sunny,Day,0.008333333333333333,16.666666666666668,,22.39015999998628,manual
1767921574048,Sunny,Day,0.007161458333333333,14.322916666666666,,24.02775399997381,manual
1767921574078,Sunny,Day,0.008680555555555556,17.36111111111111,,26.04159399999162,manual
1767921574109,Sunny,Day,0.009114583333333334,18.229166666666668,,22.642753000013727,manual
1767921574141,Sunny,Day,0.014453125,28.90625,,24.817547999987255,manual
1767921574172,Sunny,Day,0.019574652777777778,39.14930555555556,38.0,24.090166000007684,manual
1767921574205,Sunny,Day,0.013975694444444445,27.95138888888889,40.0,25.424608000037097,manual
1767921574235,Sunny,Day,0.012803819444444444,25.60763888888889,,22.692516000006435,manual
1767921574266,Sunny,Day,0.01032986111111111,20.65972222222222,,23.923616999979913,manual
1767921574299,Sunny,Day,0.009375,18.75,,26.35185599996248,manual
1767921574332,Sunny,Day,0.009114583333333334,18.229166666666668,,26.05168700000604,manual
1767921574361,Sunny,Day,0.0078125,15.625,,21.940576000019973,manual
1767921574392,Sunny,Day,0.009895833333333333,19.791666666666664,,24.89899800002604,manual
1767921574424,Sunny,Day,0.010026041666666667,20.052083333333336,,27.78508200003671,auto
1767921574456,Sunny,Day,0.0024305555555555556,4.861111111111112,,22.423090000017964,auto
1767921574487,Sunny,Day,0.002994791666666667,5.989583333333334,,24.39170500002774,auto
1767921574518,Sunny,Day,0.0010416666666666667,2.0833333333333335,,24.136871999985487,auto
1767921574550,Sunny,Day,0.0033854166666666668,6.770833333333334,,23.306724000008217,auto
1767921574580,Sunny,Day,0.0026475694444444446,5.295138888888889,,23.385932999985926,auto
1767921574613,Sunny,Day,0.0022135416666666666,4.427083333333333,,25.766668000017035,auto
1767921574645,Sunny,Day,0.002864583333333333,5.729166666666666,,25.090159000001222,auto
1767921574677,Sunny,Day,0.001345486111111111,2.6909722222222223,,24.23767600004112,auto
1767921574707,Sunny,Day,0.00234375,4.6875,,22.6184179999791,auto
1767921574740,Sunny,Day,0.0017795138888888889,3.5590277777777777,,19.73876099998506,auto
1767921574769,Sunny,Day,0.0,0.0,,21.724042000016652,auto
1767921574800,Sunny,Day,0.00026041666666666666,0.5208333333333334,,24.59505199999512,auto
1767921574831,Sunny,Day,0.0009548611111111111,1.909722222222222,,24.53351100001555,auto
1767921574863,Sunny,Day,0.00026041666666666666,0.5208333333333334,,24.26597400000219,auto
1767921574895,Sunny,Day,0.000390625,0.78125,,19.960349000029964,auto
1767921574926,Sunny,Day,0.00034722222222222224,0.6944444444444444,,24.620664999986275,auto
1767921574958,Sunny,Day,0.0018663194444444445,3.7326388888888893,,23.475494999956936,auto
1767921574993,Sunny,Day,0.0008680555555555555,1.736111111111111,,20.07372700001042,auto
1767921575024,Sunny,Day,0.0,0.0,,21.256874000016523,auto
1767921575057,Sunny,Day,0.0006944444444444445,1.3888888888888888,,22.789508000016667,auto
1767921575085,Sunny,Day,0.001171875,2.34375,,11.27891300001238,auto
1767921575118,Sunny,Day,0.0012152777777777778,2.430555555555556,,20.81893300004367,auto
1767921575150,Sunny,Day,0.00034722222222222224,0.6944444444444444,,21.548962999986543,auto
1767921575180,Sunny,Day,0.0005642361111111111,1.128472222222222,,20.958387000007406,auto
1767921575210,Sunny,Day,0.0,0.0,,18.034544999977697,auto
1767921575243,Sunny,Day,0.0010416666666666667,2.0833333333333335,,20.145759000001817,auto
1767921575274,Sunny,Day,0.002734375,5.46875,,21.20953200000031,auto
1767921575305,Sunny,Day,0.0014756944444444444,2.951388888888889,,16.04663599999867,auto
1767921575339,Sunny,Day,0.0006510416666666666,1.3020833333333333,,20.650402999990547,auto
1767921575371,Sunny,Day,0.0016059027777777777,3.2118055555555554,,21.116618999997172,auto
1767921575397,Sunny,Day,0.0,0.0,,18.252002999986416,auto
1767921575430,Sunny,Day,0.00026041666666666666,0.5208333333333334,,25.6577530000186,auto
1767921575462,Sunny,Day,0.0,0.0,,20.702943000003415,auto
1767921575496,Sunny,Day,0.0019097222222222222,3.819444444444444,,22.939238999981626,auto
1767921575523,Sunny,Day,0.00078125,1.5625,,19.230809000021054,auto
1767921575554,Sunny,Day,0.0009982638888888888,1.9965277777777777,,16.893858000003092,auto
1767921575586,Sunny,Day,0.0006944444444444445,1.3888888888888888,,20.665440999948714,auto
1767921575616,Sunny,Day,0.00026041666666666666,0.5208333333333334,,23.488498000006075,auto
1767921575649,Sunny,Day,0.0006510416666666666,1.3020833333333333,,23.896006999962083,auto
1767921575681,Sunny,Day,0.0,0.0,,18.763906999993196,auto
1767921575712,Sunny,Day,0.0,0.0,,20.467910000036227,auto
1767921575743,Sunny,Day,0.0,0.0,,24.2815510000014,auto
1767921575774,Sunny,Day,0.0009548611111111111,1.909722222222222,,23.819556999967517,auto
1767921575805,Sunny,Day,0.0005642361111111111,1.128472222222222,,23.18668200001639,auto
1767921575838,Sunny,Day,0.0,0.0,,25.885749999986274,auto
1767921575869,Sunny,Day,0.0006076388888888889,1.215277777777778,,22.27936200000613,auto
1767921575901,Sunny,Day,0.0006076388888888889,1.215277777777778,,20.75120599999991,auto
1767921575931,Sunny,Day,0.0,0.0,,23.351230000002943,auto
1767921575967,Sunny,Day,0.00026041666666666666,0.5208333333333334,,20.115126999996846,auto
1767921575996,Sunny,Day,0.00034722222222222224,0.6944444444444444,,18.134867000014765,auto
1767921576025,Sunny,Day,0.00026041666666666666,0.5208333333333334,,14.941430000021683,auto
1767921576056,Sunny,Day,0.00026041666666666666,0.5208333333333334,,17.68269999996619,auto
1767921576089,Sunny,Day,0.0,0.0,,22.254439999983333,manual
1767921576119,Sunny,Day,0.0,0.0,,19.754093000017292,manual
1767921576151,Sunny,Day,0.00034722222222222224,0.6944444444444444,,24.97917199997346,manual
1767921576184,Sunny,Day,0.00078125,1.5625,,26.24680899998566,manual
1767921576213,Sunny,Day,0.0,0.0,,22.416006000014477,manual
1767921576244,Sunny,Day,0.00047743055555555554,0.954861111111111,,24.07924300001696,manual
1767921576276,Sunny,Day,0.00034722222222222224,0.6944444444444444,,21.18657500000154,manual
1767921576307,Sunny,Day,0.00043402777777777775,0.8680555555555555,,24.166508000007525,manual
1767921576340,Sunny,Day,0.0,0.0,,25.12410699995371,manual
1767921576372,Sunny,Day,0.0,0.0,,24.398652999991555,manual
1767921576404,Sunny,Day,0.0,0.0,,25.0808640000173,manual
1767921576433,Sunny,Day,0.00026041666666666666,0.5208333333333334,,21.319065000000137,manual
1767921576464,Sunny,Day,0.00026041666666666666,0.5208333333333334,,23.802743999965514,manual
1767921576497,Sunny,Day,0.0,0.0,,23.064585000042825,manual
1767921576529,Sunny,Day,0.0,0.0,,23.67929100000765,manual
1767921576559,Sunny,Day,0.0,0.0,,22.961708000025283,manual
1767921576590,Sunny,Day,0.00034722222222222224,0.6944444444444444,,23.57961900003147,manual
1767921576621,Sunny,Day,0.00026041666666666666,0.5208333333333334,,24.03690699998151,manual
1767921576653,Sunny,Day,0.0,0.0,,25.448572000016156,manual
1767921576686,Sunny,Day,0.00026041666666666666,0.5208333333333334,,23.636696999972173,manual
1767921576716,Sunny,Day,0.00034722222222222224,0.6944444444444444,,23.004895999974906,manual
1767921576747,Sunny,Day,0.00034722222222222224,0.6944444444444444,,23.434127999962584,manual
1767921576778,Sunny,Day,0.0,0.0,,23.815893000005417,manual
1767921576810,Sunny,Day,0.0,0.0,,23.862099999973907,manual
1767921576843,Sunny,Day,0.00026041666666666666,0.5208333333333334,,26.297053999996933,manual
1767921576873,Sunny,Day,0.0,0.0,,22.863219999976536,manual
1767921576904,Sunny,Day,0.0,0.0,,23.836376000019754,manual
1767921576935,Sunny,Day,0.00026041666666666666,0.5208333333333334,,23.835876000021017,manual
1767921576967,Sunny,Day,0.0,0.0,,25.280746999953863,manual
1767921576998,Sunny,Day,0.00043402777777777775,0.8680555555555555,,24.797123000041665,manual
1767921577029,Sunny,Day,0.0005208333333333333,1.0416666666666667,,24.64446900000894,manual
1767921577063,Sunny,Day,0.00034722222222222224,0.6944444444444444,,26.567199999988134,manual
1767921577093,Sunny,Day,0.00034722222222222224,0.6944444444444444,,21.5460669999743,manual
1767921577124,Sunny,Day,0.0,0.0,,23.623254000028737,manual
1767921577155,Sunny,Day,0.00026041666666666666,0.5208333333333334,,24.222939999958726,manual
1767921577187,Sunny,Day,0.001171875,2.34375,,24.670877000005476,manual
1767921577219,Sunny,Day,0.00026041666666666666,0.5208333333333334,,26.02464799997506,manual
1767921577249,Sunny,Day,0.00026041666666666666,0.5208333333333334,,22.72425299997849,manual
1767921577284,Sunny,Day,0.0,0.0,,27.470386999993934,manual
1767921577312,Sunny,Day,0.0,0.0,,21.590089000028456,manual
1767922573932,Sunny,Day,0.10399305555555556,100.0,-5.0,431.6008480000164,manual
1767922574222,Sunny,Day,0.103515625,100.0,-5.0,3.379077000090547,manual
1767922574248,Sunny,Day,0.10360243055555556,100.0,-5.0,22.439781000002768,manual
1767922574293,Sunny,Day,0.10364583333333334,100.0,-5.0,2.5594870000986703,manual
1767922574308,Sunny,Day,0.10325520833333333,100.0,-5.0,9.932869999829563,manual
1767922574340,Sunny,Day,0.1037326388888889,100.0,-5.0,26.8451780000305,manual
1767922574372,Sunny,Day,0.1032986111111111,100.0,-5.0,26.78788399998666,manual
1767922574402,Sunny,Day,0.10355902777777778,100.0,-5.0,25.397340999916196,manual
1767922574434,Sunny,Day,0.10390625,100.0,-5.0,27.963494000005085,manual
1767922574465,Sunny,Day,0.103125,100.0,-5.0,25.917927000136842,manual
1767922574496,Sunny,Day,0.10347222222222222,100.0,-5.0,26.043956999956208,manual
1767922574528,Sunny,Day,0.10347222222222222,100.0,-5.0,27.604622999888306,manual
1767922574559,Sunny,Day,0.10364583333333334,100.0,-5.0,26.77627399998528,manual
1767922574592,Sunny,Day,0.10269097222222222,100.0,-5.0,27.784317999930863,manual
1767922574621,Sunny,Day,0.10338541666666666,100.0,-5.0,24.923492999960217,manual
1767922574653,Sunny,Day,0.10321180555555555,100.0,-5.0,27.275176000102874,manual
1767922574684,Sunny,Day,0.103515625,100.0,-5.0,26.65196499992817,manual
1767922574716,Sunny,Day,0.10338541666666666,100.0,-5.0,26.754423999818755,manual
1767922574748,Sunny,Day,0.10303819444444444,100.0,-5.0,27.67230499989637,manual
1767922574779,Sunny,Day,0.10308159722222222,100.0,-5.0,26.78138500004934,manual
1767922574810,Sunny,Day,0.10347222222222222,100.0,-5.0,26.470234000044,manual
1767922574842,Sunny,Day,0.10321180555555555,100.0,-5.0,27.492905999906725,manual
1767922574873,Sunny,Day,0.10364583333333334,100.0,-5.0,26.30209299991293,manual
1767922574904,Sunny,Day,0.10316840277777778,100.0,-5.0,26.648372999943604,manual
1767922574936,Sunny,Day,0.10334201388888889,100.0,-5.0,27.469461999999112,manual
1767922574969,Sunny,Day,0.1032986111111111,100.0,-5.0,23.159875999908763,manual
1767922574999,Sunny,Day,0.1032986111111111,100.0,-5.0,24.998970999831727,manual
1767922575030,Sunny,Day,0.10334201388888889,100.0,-5.0,26.35342300004595,manual
1767922575061,Sunny,Day,0.1032986111111111,100.0,-5.0,25.511149000067235,manual
1767922575092,Sunny,Day,0.10334201388888889,100.0,-5.0,26.87221199994383,manual
1767922575124,Sunny,Day,0.103515625,100.0,-5.0,25.06315200002973,manual
1767922575156,Sunny,Day,0.1032986111111111,100.0,-5.0,26.872194999896237,manual
1767922575187,Sunny,Day,0.10316840277777778,100.0,-5.0,26.466233000064676,manual
1767922575218,Sunny,Day,0.10325520833333333,100.0,-5.0,26.952783000069758,manual
1767922575250,Sunny,Day,0.10277777777777777,100.0,-5.0,27.436500000021624,manual
1767922575283,Sunny,Day,0.103125,100.0,-5.0,28.10978200000136,manual
1767922575313,Sunny,Day,0.10321180555555555,100.0,-5.0,25.180517000080727,manual
1767922575344,Sunny,Day,0.10321180555555555,100.0,-5.0,25.968534000185173,manual
1767922575377,Sunny,Day,0.10342881944444444,100.0,-5.0,22.842351999997845,manual
1767922575410,Sunny,Day,0.10286458333333333,100.0,-5.0,21.271577999868896,manual
1767922575438,Sunny,Day,0.103125,100.0,-5.0,19.306247000031362,manual
1767922575471,Sunny,Day,0.103125,100.0,-5.0,20.58061100001396,manual
1767922575503,Sunny,Day,0.10334201388888889,100.0,-5.0,21.202709999897706,manual
1767922575532,Sunny,Day,0.10295138888888888,100.0,-5.0,19.620788000111133,manual
1767922575563,Sunny,Day,0.10316840277777778,100.0,-5.0,22.8658149999319,manual
1767922575595,Sunny,Day,0.10316840277777778,100.0,-5.0,23.48102500013738,manual
1767922575628,Sunny,Day,0.10321180555555555,100.0,-5.0,23.888765000037893,manual
1767922575661,Sunny,Day,0.10325520833333333,100.0,-5.0,20.29916099991169,manual
1767922575692,Sunny,Day,0.103125,100.0,-5.0,19.236750000118263,manual
1767922575725,Sunny,Day,0.10321180555555555,100.0,-5.0,4.085468000084802,manual
1767922575756,Sunny,Day,0.10338541666666666,100.0,-5.0,21.044439999968745,manual
1767922575788,Sunny,Day,0.10334201388888889,100.0,-5.0,21.703612000010253,manual
1767922575821,Sunny,Day,0.10342881944444444,100.0,-5.0,21.240319000071395,manual
1767922575846,Sunny,Day,0.10290798611111111,100.0,-5.0,18.46052900009454,manual
1767922575878,Sunny,Day,0.10316840277777778,100.0,-5.0,24.750167999854966,manual
1767922575909,Sunny,Day,0.10308159722222222,100.0,-5.0,24.3002450001768,manual
1767922575940,Sunny,Day,0.103125,100.0,-5.0,20.96999900004448,manual
1767922575972,Sunny,Day,0.10238715277777778,100.0,-5.0,26.291537000133758,manual
1767922576003,Sunny,Day,0.10342881944444444,100.0,-5.0,24.631543999930727,manual
1767922576036,Sunny,Day,0.10295138888888888,100.0,-5.0,26.403068000036,manual
1767922576068,Sunny,Day,0.10316840277777778,100.0,-5.0,21.12793500009502,manual
1767922576097,Sunny,Day,0.10308159722222222,100.0,-5.0,18.237371999930474,manual
1767922576129,Sunny,Day,0.10277777777777777,100.0,-5.0,24.81308899996293,manual
1767922576162,Sunny,Day,0.103125,100.0,-5.0,26.901449999968463,manual
1767922576191,Sunny,Day,0.103515625,100.0,-5.0,21.962450000046374,manual
1767922576225,Sunny,Day,0.10308159722222222,100.0,-5.0,25.574571000106516,manual
1767922576254,Sunny,Day,0.102734375,100.0,-5.0,22.52179300012358,manual
1767922576286,Sunny,Day,0.10295138888888888,100.0,-5.0,24.994784000000436,manual
1767922576317,Sunny,Day,0.10321180555555555,100.0,-5.0,25.10901899995588,manual
1767922576348,Sunny,Day,0.10286458333333333,100.0,-5.0,23.912484999982553,manual
1767922576381,Sunny,Day,0.10308159722222222,100.0,-5.0,26.170726999907856,manual
1767922576412,Sunny,Day,0.10308159722222222,100.0,-5.0,24.413663999894197,manual
1767922576443,Sunny,Day,0.10308159722222222,100.0,-5.0,24.62063500001932,manual
1767922576475,Sunny,Day,0.10286458333333333,100.0,-5.0,25.823743000046306,manual
1767922576505,Sunny,Day,0.10299479166666667,100.0,-5.0,21.754071000032127,manual
1767922576541,Sunny,Day,0.102734375,100.0,-5.0,28.951516999995874,manual
1767922576568,Sunny,Day,0.10295138888888888,100.0,-5.0,21.07934400009981,manual
1767922576600,Sunny,Day,0.10282118055555556,100.0,-5.0,24.52856599984443,manual
1767922576633,Sunny,Day,0.10286458333333333,100.0,-5.0,22.844869999971706,manual
1767922576662,Sunny,Day,0.10295138888888888,100.0,-5.0,23.17426199988404,manual
1767922576694,Sunny,Day,0.10308159722222222,100.0,-5.0,25.132758999916405,manual
1767922576726,Sunny,Day,0.1032986111111111,100.0,-5.0,25.695471999824804,manual
1767922576757,Sunny,Day,0.10299479166666667,100.0,-5.0,21.042995000016163,manual
1767922576788,Sunny,Day,0.10286458333333333,100.0,-5.0,25.008652999986225,manual
1767922576820,Sunny,Day,0.10321180555555555,100.0,-5.0,25.37293199998203,manual
1767922576851,Sunny,Day,0.10321180555555555,100.0,-5.0,26.267611000093893,manual
1767922576884,Sunny,Day,0.10282118055555556,100.0,-5.0,26.437343999987206,manual
1767922576915,Sunny,Day,0.10308159722222222,100.0,-5.0,24.234449999994467,manual
1767922576945,Sunny,Day,0.10303819444444444,100.0,-5.0,23.88657799997418,manual
1767922576976,Sunny,Day,0.10316840277777778,100.0,-5.0,24.639393999905224,manual
1767922577008,Sunny,Day,0.10290798611111111,100.0,-5.0,23.732252999934644,manual
1767922577041,Sunny,Day,0.10321180555555555,100.0,-5.0,25.19295799993415,manual
1767922577070,Sunny,Day,0.10308159722222222,100.0,-5.0,23.503652000044895,manual
1767922577102,Sunny,Day,0.103125,100.0,-5.0,25.036188000058246,manual
1767922577133,Sunny,Day,0.10308159722222222,100.0,-5.0,22.314413000003697,manual
1767922577165,Sunny,Day,0.10325520833333333,100.0,-5.0,20.939276000035534,manual
1767922577197,Sunny,Day,0.10308159722222222,100.0,-5.0,22.695524000027945,manual
1767922577227,Sunny,Day,0.1032986111111111,100.0,-5.0,21.681147999970563,manual
1767922577259,Sunny,Day,0.10308159722222222,100.0,-5.0,23.25266399998327,manual
1767922577292,Sunny,Day,0.10299479166666667,100.0,-5.0,26.103468999963297,manual
1767922577322,Sunny,Day,0.10290798611111111,100.0,-5.0,21.321387999932995,manual
1767922577353,Sunny,Day,0.10342881944444444,100.0,-5.0,24.592283000174575,manual
1767922577384,Sunny,Day,0.10295138888888888,100.0,-5.0,24.596061000011105,manual
1767922577416,Sunny,Day,0.10308159722222222,100.0,-5.0,24.87147399983769,manual
1767922577447,Sunny,Day,0.10321180555555555,100.0,-5.0,22.78098300007514,manual
1767922577479,Sunny,Day,0.10290798611111111,100.0,-5.0,23.301772999957393,manual
1767922577510,Sunny,Day,0.103125,100.0,-5.0,24.62031899995054,manual
1767922577542,Sunny,Day,0.10316840277777778,100.0,-5.0,23.79828599987377,manual
1767922577573,Sunny,Day,0.10325520833333333,100.0,-5.0,24.910694000027434,manual
1767922577607,Sunny,Day,0.10303819444444444,100.0,-5.0,27.08719900010692,manual
1767922577637,Sunny,Day,0.10295138888888888,100.0,-5.0,23.63340400006564,manual
1767922577667,Sunny,Day,0.10290798611111111,100.0,-5.0,22.5577159999375,manual
1767922577699,Sunny,Day,0.10321180555555555,100.0,-5.0,22.37702200000058,manual
1767922577731,Sunny,Day,0.10308159722222222,100.0,-5.0,18.746050000117975,manual
1767922577763,Sunny,Day,0.10299479166666667,100.0,-5.0,20.57801599994491,manual
1767922577793,Sunny,Day,0.10290798611111111,100.0,-5.0,20.6291440001678,manual
1767922577824,Sunny,Day,0.10295138888888888,100.0,-5.0,25.409115000002203,manual
1767922577855,Sunny,Day,0.102734375,100.0,-5.0,20.074447999832046,manual
1767922577887,Sunny,Day,0.10256076388888889,100.0,-5.0,24.6895749999112,manual
1767922577918,Sunny,Day,0.10325520833333333,100.0,-5.0,25.08388899991587,manual
1767922577953,Sunny,Day,0.1032986111111111,100.0,-5.0,26.84572999987722,manual
1767922577984,Sunny,Day,0.10238715277777778,100.0,-5.0,24.693483000191918,manual
1767922578015,Sunny,Day,0.10299479166666667,100.0,-5.0,23.861318999934156,manual
1767922578045,Sunny,Day,0.10290798611111111,100.0,-5.0,23.116132000041034,manual
1767922578076,Sunny,Day,0.10269097222222222,100.0,-5.0,25.193234999960623,manual
1767922578107,Sunny,Day,0.1032986111111111,100.0,-5.0,22.735983999837117,manual
1767922578138,Sunny,Day,0.10308159722222222,100.0,-5.0,24.123638999981267,manual
1767922578171,Sunny,Day,0.10303819444444444,100.0,-5.0,21.703201000036643,manual
1767922578201,Sunny,Day,0.103125,100.0,-5.0,21.06443599996055,manual
1767922578237,Sunny,Day,0.10303819444444444,100.0,-5.0,30.031851000103416,auto
1767922578264,Sunny,Day,0.10316840277777778,100.0,-5.0,19.6753190000436,auto
1767922578295,Sunny,Day,0.10256076388888889,100.0,-5.0,24.135546000024988,auto
1767922578326,Sunny,Day,0.10442708333333334,100.0,-4.0,24.813752999989447,auto
1767922578359,Sunny,Day,0.10421006944444444,100.0,-3.0,26.282107999804794,auto
1767922578389,Sunny,Day,0.10538194444444444,100.0,-3.0,23.271901999805777,auto
1767922578423,Sunny,Day,0.10542534722222222,100.0,-2.0,27.13495500006502,auto
1767922578452,Sunny,Day,0.10594618055555556,100.0,-2.0,22.416721999888978,auto
1767922578484,Sunny,Day,0.10703125,100.0,-1.0,24.72044299997833,auto
1767922578515,Sunny,Day,0.10694444444444444,100.0,-2.0,24.953432000074827,auto
1767922578546,Sunny,Day,0.10681423611111111,100.0,-2.0,19.84519900020132,auto
1767922578582,Sunny,Day,0.10546875,100.0,-1.0,27.7045759999055,auto
1767922578609,Sunny,Day,0.10490451388888888,100.0,-1.0,20.575219999955152,auto
1767922578640,Sunny,Day,0.10533854166666666,100.0,-2.0,23.404746999858617,auto
1767922578677,Sunny,Day,0.1046875,100.0,-2.0,29.54941100006181,auto
1767922578703,Sunny,Day,0.10473090277777777,100.0,-1.0,19.3508899999415,auto
1767922578735,Sunny,Day,0.10412326388888889,100.0,-1.0,24.691184999937832,auto
1767922578766,Sunny,Day,0.10412326388888889,100.0,-2.0,24.93322899999839,auto
1767922578798,Sunny,Day,0.10321180555555555,100.0,-1.0,24.481361999960427,auto
1767922578831,Sunny,Day,0.10321180555555555,100.0,-1.0,26.212499000166645,auto
1767922578860,Sunny,Day,0.103125,100.0,-2.0,22.72431799997321,auto
1767922578893,Sunny,Day,0.10212673611111112,100.0,-1.0,24.386367000033715,auto
1767922578923,Sunny,Day,0.10169270833333334,100.0,-1.0,23.487818000148764,auto
1767922578957,Sunny,Day,0.10160590277777778,100.0,-2.0,23.323251999954664,auto
1767922578986,Sunny,Day,0.10099826388888888,100.0,-1.0,21.79056699992543,auto
1767922579019,Sunny,Day,0.10091145833333333,100.0,-1.0,26.000564000014492,auto
1767922579049,Sunny,Day,0.10056423611111111,100.0,-1.0,22.453534000078434,auto
1767922579082,Sunny,Day,0.099609375,100.0,-1.0,23.185219999959372,auto
1767922579112,Sunny,Day,0.09904513888888888,100.0,-1.0,22.934528999940085,auto
1767922579143,Sunny,Day,0.09908854166666667,100.0,-1.0,24.50221200001579,auto
1767922579176,Sunny,Day,0.09835069444444444,100.0,-1.0,26.219516000082876,auto
1767922579207,Sunny,Day,0.09722222222222222,100.0,-1.0,24.661165999987134,auto
1767922579237,Sunny,Day,0.09739583333333333,100.0,-1.0,22.941213999956744,auto
1767922579269,Sunny,Day,0.09596354166666667,100.0,-1.0,24.961356000176238,auto
1767922579302,Sunny,Day,0.0954861111111111,100.0,0.0,25.550437999982023,auto
1767922579331,Sunny,Day,0.09596354166666667,100.0,0.0,22.567879999996876,auto
1767922579363,Sunny,Day,0.09505208333333333,100.0,0.0,25.35954000018137,auto
1767922579394,Sunny,Day,0.09487847222222222,100.0,0.0,24.106249000169555,auto
1767922579427,Sunny,Day,0.09474826388888889,100.0,1.0,25.89538500001254,auto
1767922579457,Sunny,Day,0.09466145833333334,100.0,0.0,23.447466999868993,auto
1767922579489,Sunny,Day,0.09370659722222222,100.0,1.0,24.093232000041098,auto
1767922579520,Sunny,Day,0.09240451388888889,100.0,1.0,24.596984000027078,auto
1767922579552,Sunny,Day,0.09192708333333334,100.0,1.0,25.015019999955257,auto
1767922579584,Sunny,Day,0.09118923611111111,100.0,1.0,25.4147410000769,auto
1767922579615,Sunny,Day,0.08923611111111111,100.0,1.0,23.92972099983126,auto
1767922579646,Sunny,Day,0.08888888888888889,100.0,1.0,24.977243999956045,auto
1767922579678,Sunny,Day,0.08893229166666666,100.0,0.0,21.57320600008461,auto
1767922579710,Sunny,Day,0.08793402777777778,100.0,1.0,23.17014699997344,auto
1767922579740,Sunny,Day,0.08663194444444444,100.0,0.0,22.360353000067335,auto
1767922579771,Sunny,Day,0.08745659722222222,100.0,0.0,23.098762000017814,auto
1767922579802,Sunny,Day,0.08559027777777778,100.0,0.0,24.106655999958093,auto
1767922579837,Sunny,Day,0.08559027777777778,100.0,0.0,23.520833000020502,auto
1767922579866,Sunny,Day,0.08502604166666666,100.0,0.0,22.799646000066787,auto
1767922579896,Sunny,Day,0.08337673611111111,100.0,0.0,23.5651279999729,auto
1767922579928,Sunny,Day,0.08211805555555556,100.0,0.0,24.88439700005074,auto
1767922579959,Sunny,Day,0.08146701388888888,100.0,0.0,24.778771999990568,auto
1767922579991,Sunny,Day,0.07860243055555556,100.0,0.0,25.093164000054458,auto
1767922580022,Sunny,Day,0.07708333333333334,100.0,-1.0,24.676035999846135,auto
1767922580054,Sunny,Day,0.07751736111111111,100.0,26.0,25.74581599992598,auto
1767922580089,Sunny,Day,0.07786458333333333,100.0,26.0,24.618816000156585,auto
1767922580117,Sunny,Day,0.0765625,100.0,25.0,21.45532200006528,auto
1767922580148,Sunny,Day,0.07491319444444444,100.0,23.0,23.984216999906494,auto
1767922580179,Sunny,Day,0.07734375,100.0,20.0,25.102588999970976,auto
1767922580211,Sunny,Day,0.07890625,100.0,17.0,24.75353099998756,auto
1767922580242,Sunny,Day,0.0842013888888889,100.0,14.0,24.25540700005513,auto
1767922580273,Sunny,Day,0.08532986111111111,100.0,11.0,24.83880499994484,auto
1767922580305,Sunny,Day,0.08901909722222222,100.0,8.0,25.203065000141578,auto
1767922580336,Sunny,Day,0.09131944444444444,100.0,5.0,24.407307000046785,auto
1767922580369,Sunny,Day,0.09418402777777778,100.0,2.0,26.734397999916837,auto
1767922580400,Sunny,Day,0.09730902777777778,100.0,-1.0,23.143572999970274,auto
1767922580431,Sunny,Day,0.0974392361111111,100.0,-17.0,23.905776999981754,auto
1767922580462,Sunny,Day,0.098828125,100.0,-18.0,24.703960000124425,auto
1767922580495,Sunny,Day,0.09969618055555556,100.0,-19.0,21.749769999814816,auto
1767922580525,Sunny,Day,0.1,100.0,-19.0,24.858100000074046,auto
1767922580556,Sunny,Day,0.097265625,100.0,-17.0,24.100784999973257,auto
1767922580587,Sunny,Day,0.09956597222222222,100.0,-14.0,24.562818999811498,auto
1767922580619,Sunny,Day,0.09791666666666667,100.0,-17.0,24.55105899980481,auto
1767922580650,Sunny,Day,0.09431423611111112,100.0,-14.0,23.31352800001696,auto
1767922580683,Sunny,Day,0.09331597222222222,100.0,-11.0,26.024747000064963,auto
1767922580713,Sunny,Day,0.0935329861111111,100.0,-8.0,23.565126999983477,auto
1767922580744,Sunny,Day,0.09683159722222222,100.0,-5.0,24.76495599989903,auto
1767922580778,Sunny,Day,0.10078125,100.0,-3.0,25.60423099998843,auto
1767922580809,Sunny,Day,0.10256076388888889,100.0,-2.0,24.514987999964433,auto
1767922580842,Sunny,Day,0.101953125,100.0,-1.0,21.95153799993932,auto
1767922580876,Sunny,Day,0.10451388888888889,100.0,0.0,20.40411400002995,auto
1767922580906,Sunny,Day,0.10642361111111111,100.0,1.0,20.420873000148276,auto
1767922580935,Sunny,Day,0.10711805555555555,100.0,0.0,20.277120000173454,auto
1767922580966,Sunny,Day,0.10941840277777778,100.0,0.0,22.21013700000185,auto
1767922580997,Sunny,Day,0.10993923611111112,100.0,0.0,23.426097000083246,auto
1767922581029,Sunny,Day,0.11102430555555555,100.0,-1.0,23.275564999948983,auto
1767922581062,Sunny,Day,0.11128472222222222,100.0,-1.0,22.014868000042043,auto
1767922581093,Sunny,Day,0.11276041666666667,100.0,0.0,22.750684000129695,auto
1767922581125,Sunny,Day,0.11241319444444445,100.0,0.0,22.365554999851156,auto
1767922581156,Sunny,Day,0.11236979166666666,100.0,0.0,21.783693999850584,auto
1767922581188,Sunny,Day,0.11271701388888888,100.0,-1.0,23.094129999890356,auto
1767922581222,Sunny,Day,0.11345486111111111,100.0,-1.0,24.296441000160485,auto
1767922581250,Sunny,Day,0.11267361111111111,100.0,-1.0,18.978701999913028,auto
1767922581281,Sunny,Day,0.11271701388888888,100.0,0.0,22.125029000108043,auto
1767922581312,Sunny,Day,0.11358506944444445,100.0,0.0,22.338963000038348,auto
1767922581344,Sunny,Day,0.114453125,100.0,-1.0,22.51312099997449,auto
1767922581375,Sunny,Day,0.11375868055555556,100.0,-1.0,22.419810999963374,auto
1767922581408,Sunny,Day,0.11510416666666666,100.0,0.0,22.988579999946523,auto
1767922581439,Sunny,Day,0.116015625,100.0,-1.0,19.56908000011026,auto
1767922581469,Sunny,Day,0.11649305555555556,100.0,-1.0,21.04028600001584,auto
1767922581501,Sunny,Day,0.11775173611111112,100.0,-1.0,23.76378200006002,auto
1767922581533,Sunny,Day,0.11801215277777778,100.0,-1.0,26.65812200007167,auto
1767922581564,Sunny,Day,0.12026909722222222,100.0,-1.0,15.27810499987936,auto
1767922581597,Sunny,Day,0.12100694444444444,100.0,-1.0,23.733358000072258,auto
1767922581627,Sunny,Day,0.12213541666666666,100.0,-1.0,20.893996999802766,auto
1767922581658,Sunny,Day,0.12404513888888889,100.0,-1.0,22.126084999854356,auto
1767922581688,Sunny,Day,0.12530381944444444,100.0,-2.0,22.825495000006413,auto
1767922581724,Sunny,Day,0.12612847222222223,100.0,-2.0,20.971659999986514,auto
1767922581753,Sunny,Day,0.12530381944444444,100.0,-2.0,18.099188999940452,auto
1767922581783,Sunny,Day,0.12612847222222223,100.0,-1.0,19.880861000046934,auto
1767922581815,Sunny,Day,0.12291666666666666,100.0,-3.0,23.841779000122187,auto
1767922581845,Sunny,Day,0.12313368055555556,100.0,-4.0,21.769139000070936,auto
1767922581876,Sunny,Day,0.123828125,100.0,-4.0,22.285539999984394,auto
1767922581908,Sunny,Day,0.12035590277777777,100.0,-4.0,23.994734000098106,auto
1767922581940,Sunny,Day,0.11953125,100.0,-4.0,22.90539799992075,auto
1767922581971,Sunny,Day,0.11532118055555556,100.0,-4.0,22.47754899985921,auto
1767922582002,Sunny,Day,0.11028645833333334,100.0,-4.0,23.190420999981143,auto
1767922582034,Sunny,Day,0.10907118055555555,100.0,-3.0,22.973264000029303,auto
1767922582067,Sunny,Day,0.10199652777777778,100.0,-3.0,23.75202200005333,auto
1767922582097,Sunny,Day,0.10538194444444444,100.0,-2.0,21.518223999919428,auto
1767922582129,Sunny,Day,0.10581597222222222,100.0,-2.0,14.45012600015616,auto
1767922582160,Sunny,Day,0.10642361111111111,100.0,-3.0,21.703362999915043,auto
1767922582190,Sunny,Day,0.10403645833333333,100.0,-2.0,21.557518999998138,auto
1767922582225,Sunny,Day,0.10160590277777778,100.0,-2.0,27.01810299981844,auto
1767922582255,Sunny,Day,0.09635416666666667,100.0,-2.0,19.423196999923675,auto
1767922582286,Sunny,Day,0.09340277777777778,100.0,-1.0,21.924777999856815,auto
1767922582318,Sunny,Day,0.088671875,100.0,-1.0,23.047224000038113,auto
1767922582349,Sunny,Day,0.08706597222222222,100.0,0.0,21.38763800007837,auto
1767922582383,Sunny,Day,0.08736979166666667,100.0,-1.0,25.12117799983571,auto
1767922582411,Sunny,Day,0.08580729166666666,100.0,-1.0,18.824190000032104,auto
1767922582444,Sunny,Day,0.08771701388888889,100.0,-1.0,20.134181000003082,auto
1767922582474,Sunny,Day,0.08350694444444444,100.0,-1.0,21.795563000068796,auto
1767922582505,Sunny,Day,0.08741319444444444,100.0,0.0,22.275669000009657,auto
1767922582538,Sunny,Day,0.08654513888888889,100.0,0.0,24.693698999953995,auto
1767922582569,Sunny,Day,0.0859375,100.0,0.0,23.06155599990234,auto
1767922582599,Sunny,Day,0.08298611111111111,100.0,0.0,21.001915999931953,auto
1767922582631,Sunny,Day,0.0842013888888889,100.0,0.0,23.918291999962094,auto
1767922582664,Sunny,Day,0.08645833333333333,100.0,1.0,20.763225000109742,auto
1767922582694,Sunny,Day,0.08797743055555556,100.0,-1.0,11.723371000016414,auto
1767922582727,Sunny,Day,0.09105902777777777,100.0,0.0,24.075599000070724,auto
1767922582760,Sunny,Day,0.09240451388888889,100.0,0.0,25.275096000086705,auto
1767922582787,Sunny,Day,0.0993923611111111,100.0,1.0,17.055517000017062,auto
1767922582820,Sunny,Day,0.10091145833333333,100.0,1.0,23.902791999944384,auto
1767922582853,Sunny,Day,0.10342881944444444,100.0,1.0,21.78048900009344,auto
1767922582883,Sunny,Day,0.10299479166666667,100.0,2.0,21.102836999943975,auto
1767922582913,Sunny,Day,0.10768229166666667,100.0,1.0,22.04040200012969,auto
1767922582944,Sunny,Day,0.10594618055555556,100.0,1.0,21.070672999940143,auto
1767922582975,Sunny,Day,0.10529513888888889,100.0,1.0,23.222103999842147,auto
1767922583007,Sunny,Day,0.10746527777777778,100.0,0.0,22.847511000009035,auto
1767922583036,Sunny,Day,0.10690104166666667,100.0,0.0,21.006675000080577,auto
1767922583068,Sunny,Day,0.10698784722222222,100.0,0.0,25.168692000079318,auto
1767922583099,Sunny,Day,0.10607638888888889,100.0,0.0,24.066895000032673,auto
1767922583131,Sunny,Day,0.10542534722222222,100.0,0.0,24.9639799999386,auto
1767922583162,Sunny,Day,0.10368923611111111,100.0,0.0,24.6954189999542,auto
1767922583194,Sunny,Day,0.10494791666666667,100.0,0.0,25.24741100000938,auto
1767922583225,Sunny,Day,0.103515625,100.0,0.0,24.192703999915466,auto
1767922583256,Sunny,Day,0.10299479166666667,100.0,0.0,24.994422999952803,auto
1767922583288,Sunny,Day,0.10217013888888889,100.0,0.0,25.36616500015043,auto
1767922583319,Sunny,Day,0.10138888888888889,100.0,0.0,24.53105700010383,auto
1767922583351,Sunny,Day,0.10078125,100.0,0.0,23.59612100008235,auto
1767922583384,Sunny,Day,0.09995659722222222,100.0,1.0,21.22971900007542,auto
1767922583417,Sunny,Day,0.09722222222222222,100.0,1.0,22.474602000102095,auto
1767922583447,Sunny,Day,0.09683159722222222,100.0,1.0,21.35678599984203,auto
1767922583477,Sunny,Day,0.09635416666666667,100.0,2.0,23.12514500022189,auto
1767922583507,Sunny,Day,0.09305555555555556,100.0,1.0,23.529829000153768,auto
1767922583542,Sunny,Day,0.09322916666666667,100.0,1.0,27.650644999994256,auto
1767922583572,Sunny,Day,0.09236111111111112,100.0,1.0,24.297995000097217,auto
1767922583605,Sunny,Day,0.09110243055555556,100.0,2.0,23.92286500003138,auto
1767922583633,Sunny,Day,0.090625,100.0,2.0,21.192219999875306,auto
1767922583665,Sunny,Day,0.08793402777777778,100.0,1.0,24.62084900002992,auto
1767922583696,Sunny,Day,0.08997395833333334,100.0,2.0,21.47022500003004,auto
1767922583727,Sunny,Day,0.09071180555555555,100.0,1.0,18.590292999988378,auto
1767922583759,Sunny,Day,0.09088541666666666,100.0,1.0,24.488300000029994,auto
1767922583790,Sunny,Day,0.09262152777777778,100.0,1.0,24.782415000117908,auto
1767922583821,Sunny,Day,0.09474826388888889,100.0,1.0,24.123151000139842,auto
1767922583857,Sunny,Day,0.0954861111111111,100.0,1.0,29.039872999874206,auto
1767922583885,Sunny,Day,0.10099826388888888,100.0,1.0,21.599071999844455,auto
1767922583916,Sunny,Day,0.10299479166666667,100.0,2.0,24.12650299993402,auto
1767922583948,Sunny,Day,0.10286458333333333,100.0,1.0,25.2287640000759,auto
1767922583979,Sunny,Day,0.10546875,100.0,1.0,23.58862199980649,auto
1767922584010,Sunny,Day,0.10750868055555556,100.0,2.0,25.045068000054016,auto
1767922584041,Sunny,Day,0.1091579861111111,100.0,1.0,23.392778000015824,auto
1767922584073,Sunny,Day,0.10911458333333333,100.0,2.0,24.114594999900874,auto
1767922584104,Sunny,Day,0.10933159722222222,100.0,1.0,23.349003000021185,auto
1767922584135,Sunny,Day,0.11219618055555555,100.0,1.0,21.768432000044413,auto
1767922584167,Sunny,Day,0.11449652777777777,100.0,1.0,24.74474900009227,auto
1767922584198,Sunny,Day,0.11401909722222223,100.0,0.0,24.57594199995583,auto
1767922584231,Sunny,Day,0.11549479166666667,100.0,0.0,26.06729500007532,auto
1767922584264,Sunny,Day,0.11805555555555555,100.0,0.0,26.26285899987124,auto
1767922584293,Sunny,Day,0.11844618055555556,100.0,0.0,22.553282999979274,auto
1767922584324,Sunny,Day,0.119921875,100.0,0.0,23.922325999819805,auto
1767922584357,Sunny,Day,0.11705729166666666,100.0,0.0,26.35087399994518,auto
1767922584387,Sunny,Day,0.11853298611111111,100.0,0.0,23.388889999978346,auto
1767922584418,Sunny,Day,0.11809895833333334,100.0,0.0,26.327318999847193,auto
1767922584449,Sunny,Day,0.11944444444444445,100.0,0.0,22.1578949999639,auto
1767922584481,Sunny,Day,0.11948784722222222,100.0,0.0,24.98479300015788,auto
1767922584512,Sunny,Day,0.11827256944444445,100.0,0.0,24.157351999974708,auto
1767922584545,Sunny,Day,0.11896701388888889,100.0,0.0,25.16782099996817,auto
1767922584577,Sunny,Day,0.12005208333333334,100.0,0.0,18.080779000001712,auto
1767922584607,Sunny,Day,0.11875,100.0,0.0,22.201429999995526,auto
1767922584638,Sunny,Day,0.11888020833333333,100.0,1.0,23.9864719999332,auto
1767922584669,Sunny,Day,0.11844618055555556,100.0,1.0,24.563683999986097,auto
1767922584701,Sunny,Day,0.12009548611111111,100.0,1.0,25.455584999917846,auto
1767922584732,Sunny,Day,0.11888020833333333,100.0,1.0,23.888810000016747,auto
1767922584764,Sunny,Day,0.11684027777777778,100.0,1.0,25.849361000155113,auto
1767922584796,Sunny,Day,0.11762152777777778,100.0,1.0,22.989520999999513,auto
1767922584827,Sunny,Day,0.11770833333333333,100.0,1.0,23.699447999888434,auto
1767922584857,Sunny,Day,0.11731770833333334,100.0,1.0,24.243367000053695,auto
1767922584889,Sunny,Day,0.11584201388888889,100.0,1.0,24.539351999919745,auto
1767922584921,Sunny,Day,0.11675347222222222,100.0,1.0,25.02743900004134,auto
1767922584952,Sunny,Day,0.11775173611111112,100.0,1.0,24.47852199998124,auto
1767922584983,Sunny,Day,0.11736111111111111,100.0,2.0,25.095603000181654,auto
1767922585015,Sunny,Day,0.11688368055555555,100.0,2.0,25.768031999859886,auto
1767922585046,Sunny,Day,0.11731770833333334,100.0,2.0,23.836422000158564,auto
1767922585079,Sunny,Day,0.11688368055555555,100.0,2.0,26.29791300000761,auto
1767922585111,Sunny,Day,0.11605902777777778,100.0,2.0,25.17372600004819,auto
1767922585143,Sunny,Day,0.116015625,100.0,2.0,24.91494400010197,auto
1767922585171,Sunny,Day,0.11636284722222222,100.0,3.0,22.03917699989688,auto
1767922585203,Sunny,Day,0.11475694444444444,100.0,3.0,24.984107000136646,auto
1767922585234,Sunny,Day,0.11631944444444445,100.0,3.0,23.929454999915833,auto
1767922585266,Sunny,Day,0.11471354166666667,100.0,4.0,21.425874000215117,auto
1767922585298,Sunny,Day,0.11480034722222222,100.0,4.0,26.234267000063483,auto
1767922585328,Sunny,Day,0.11341145833333334,100.0,4.0,23.41490599997087,auto
1767922585360,Sunny,Day,0.112890625,100.0,4.0,24.335083000096347,auto
1767922585393,Sunny,Day,0.11197916666666667,100.0,4.0,26.219713000045886,auto
1767922585422,Sunny,Day,0.10924479166666666,100.0,4.0,22.58839099999932,auto
1767922585454,Sunny,Day,0.11041666666666666,100.0,4.0,20.438848999901893,auto
1767922585487,Sunny,Day,0.1091579861111111,100.0,5.0,23.33894599996711,auto
1767922585518,Sunny,Day,0.10941840277777778,100.0,5.0,24.415911999994933,auto
1767922585549,Sunny,Day,0.10881076388888888,100.0,5.0,24.136444000077972,auto
1767922585580,Sunny,Day,0.10733506944444444,100.0,5.0,24.579829999993308,auto
1767922585611,Sunny,Day,0.10698784722222222,100.0,5.0,24.754080999855432,auto
1767922585642,Sunny,Day,0.10646701388888889,100.0,6.0,24.424892999832082,auto
1767922585675,Sunny,Day,0.10620659722222223,100.0,5.0,26.324132999889116,auto
1767922585707,Sunny,Day,0.10473090277777777,100.0,5.0,25.00792000000729,auto
1767922585737,Sunny,Day,0.10360243055555556,100.0,5.0,23.36463099982211,auto
1767922585768,Sunny,Day,0.10151909722222222,100.0,6.0,24.48822399992423,auto
1767922585800,Sunny,Day,0.09969618055555556,100.0,6.0,25.703942000063762,auto
1767922585831,Sunny,Day,0.09865451388888889,100.0,6.0,24.091927999961626,auto
1767922585862,Sunny,Day,0.09635416666666667,100.0,6.0,25.090119999958915,auto
1767922585894,Sunny,Day,0.09513888888888888,100.0,20.0,24.79252400007681,auto
1767922585927,Sunny,Day,0.09375,100.0,20.0,26.878514000145515,auto
1767922585956,Sunny,Day,0.09123263888888888,100.0,19.0,22.418546999915634,auto
1767922585988,Sunny,Day,0.08619791666666667,100.0,16.0,23.717335999890565,auto
1767922586021,Sunny,Day,0.08407118055555556,100.0,12.0,25.342440000031274,auto
1767922586052,Sunny,Day,0.08315972222222222,100.0,8.0,23.92884200003209,auto
1767922586083,Sunny,Day,0.08311631944444445,100.0,3.0,24.66978699999345,auto
1767922586114,Sunny,Day,0.083984375,100.0,-1.0,23.84755100001712,auto
1767922586145,Sunny,Day,0.08433159722222222,100.0,-4.0,24.2260500001521,auto
1767922586176,Sunny,Day,0.08628472222222222,100.0,-5.0,24.45959400006359,auto
1767922586208,Sunny,Day,0.08637152777777778,100.0,-4.0,25.32645900009811,auto
1767922586239,Sunny,Day,0.08489583333333334,100.0,-3.0,24.32787899988398,auto
1767922586271,Sunny,Day,0.08472222222222223,100.0,-2.0,25.08043399984672,auto
1767922586305,Sunny,Day,0.08706597222222222,100.0,0.0,27.556052999898384,auto
1767922586337,Sunny,Day,0.08624131944444445,100.0,1.0,25.918152000031114,auto
1767922586366,Sunny,Day,0.08676215277777778,100.0,2.0,22.038991000044916,auto
1767922586396,Sunny,Day,0.08815104166666667,100.0,4.0,23.28389299987066,auto
1767922586429,Sunny,Day,0.08845486111111112,100.0,5.0,24.95458799990047,auto
1767922586459,Sunny,Day,0.08914930555555556,100.0,5.0,21.600844999966284,auto
1767922586490,Sunny,Day,0.08988715277777778,100.0,6.0,21.177643999862994,auto
1767922586521,Sunny,Day,0.089453125,100.0,6.0,24.26671500006705,auto
1767922586553,Sunny,Day,0.08958333333333333,100.0,6.0,24.10920400006944,auto
1767922586586,Sunny,Day,0.08893229166666666,100.0,5.0,26.45510699994702,auto
1767922586616,Sunny,Day,0.09010416666666667,100.0,5.0,23.13362200015945,auto
1767922586647,Sunny,Day,0.08975694444444444,100.0,4.0,24.030153000012433,auto
1767922586679,Sunny,Day,0.0900607638888889,100.0,4.0,24.800577999940288,auto
1767922586711,Sunny,Day,0.08975694444444444,100.0,3.0,25.450249000186886,auto
1767922586745,Sunny,Day,0.08971354166666666,100.0,4.0,24.239382999894588,auto
1767922586773,Sunny,Day,0.09053819444444444,100.0,3.0,20.863936999830912,auto
1767922586804,Sunny,Day,0.09027777777777778,100.0,3.0,23.88251100001071,auto
1767922586836,Sunny,Day,0.0900607638888889,100.0,3.0,24.631251999835513,auto
1767922586867,Sunny,Day,0.09136284722222222,100.0,3.0,24.25234499992257,auto
1767922586898,Sunny,Day,0.09097222222222222,100.0,3.0,23.37438800009295,auto
1767922586931,Sunny,Day,0.09066840277777778,100.0,3.0,25.56476199993085,auto
1767922586961,Sunny,Day,0.09045138888888889,100.0,4.0,23.63850500000808,auto
1767922586992,Sunny,Day,0.09136284722222222,100.0,4.0,24.309304999860615,auto
1767922587025,Sunny,Day,0.09110243055555556,100.0,4.0,25.67301499993846,auto
1767922587056,Sunny,Day,0.09123263888888888,100.0,4.0,24.382837000075597,auto
1767922587087,Sunny,Day,0.09136284722222222,100.0,4.0,24.166311000044516,auto
1767922587120,Sunny,Day,0.09153645833333333,100.0,4.0,25.983925999980784,auto
1767922587152,Sunny,Day,0.09144965277777778,100.0,4.0,25.502189000008002,auto
1767922587181,Sunny,Day,0.09171006944444444,100.0,4.0,21.969586000068375,auto
1767922587212,Sunny,Day,0.09123263888888888,100.0,4.0,24.146368000174334,auto
1767922587244,Sunny,Day,0.09166666666666666,100.0,-4.0,24.15592299985292,auto
1767922587277,Sunny,Day,0.091796875,100.0,-4.0,23.72074100003374,auto
1767922587306,Sunny,Day,0.0915798611111111,100.0,-4.0,21.48196200005259,auto
1767922587341,Sunny,Day,0.09118923611111111,100.0,-3.0,26.632855999878302,auto
1767922587369,Sunny,Day,0.09045138888888889,100.0,-2.0,20.432365000033315,auto
1767922587401,Sunny,Day,0.09097222222222222,100.0,-1.0,23.353777000011178,auto
1767922587434,Sunny,Day,0.09279513888888889,100.0,1.0,25.295107999909305,auto
1767922587465,Sunny,Day,0.09236111111111112,100.0,1.0,22.986257999946247,auto
1767922587495,Sunny,Day,0.09457465277777778,100.0,2.0,22.477449000007255,auto
1767922587526,Sunny,Day,0.09535590277777778,100.0,2.0,24.611177999986467,auto
1767922587560,Sunny,Day,0.0953125,100.0,2.0,26.633522999873094,auto
1767922587589,Sunny,Day,0.09609375,100.0,3.0,22.1792600000299,auto
1767922587620,Sunny,Day,0.09618055555555556,100.0,3.0,24.405596000178775,auto
1767922587652,Sunny,Day,0.095703125,100.0,3.0,24.487165999971694,auto
1767922587683,Sunny,Day,0.09631076388888889,100.0,3.0,24.208716999964963,auto
1767922587715,Sunny,Day,0.09644097222222223,100.0,3.0,20.19867300009537,auto
1767922587746,Sunny,Day,0.096484375,100.0,3.0,23.687722999966354,auto
1767922587779,Sunny,Day,0.09618055555555556,100.0,3.0,26.061422000111634,auto
1767922587809,Sunny,Day,0.09678819444444445,100.0,3.0,22.987887999988743,auto
1767922587842,Sunny,Day,0.09691840277777777,100.0,3.0,25.844024999969406,auto
1767922587872,Sunny,Day,0.09613715277777778,100.0,3.0,22.5967030000902,auto
1767922587904,Sunny,Day,0.09713541666666667,100.0,3.0,25.509800999998333,auto
1767922587934,Sunny,Day,0.09691840277777777,100.0,3.0,22.99581300007958,auto
1767922587969,Sunny,Day,0.09717881944444444,100.0,3.0,24.890663999940443,auto
1767922587999,Sunny,Day,0.09713541666666667,100.0,3.0,23.022645000082775,auto
1767922588032,Sunny,Day,0.09709201388888888,100.0,3.0,26.080067000066265,auto
1767922588064,Sunny,Day,0.09722222222222222,100.0,3.0,21.738465999987966,auto
1767922588095,Sunny,Day,0.09756944444444444,100.0,3.0,17.992853999885483,auto
1767922588127,Sunny,Day,0.098046875,100.0,4.0,20.939227999861032,auto
1767922588156,Sunny,Day,0.09817708333333333,100.0,3.0,21.43244500007313,auto
1767922588188,Sunny,Day,0.09748263888888889,100.0,3.0,23.16237800005183,auto
1767922588220,Sunny,Day,0.09791666666666667,100.0,3.0,23.66214900007435,auto
1767922588252,Sunny,Day,0.09817708333333333,100.0,3.0,24.37348499984182,auto
1767922588283,Sunny,Day,0.09769965277777778,100.0,3.0,22.246571000096083,auto
1767922588315,Sunny,Day,0.09809027777777778,100.0,3.0,20.502748999888354,auto
1767922588345,Sunny,Day,0.098046875,100.0,3.0,20.850250999956188,auto
1767922588380,Sunny,Day,0.09796006944444445,100.0,3.0,25.947666999854846,auto
1767922588408,Sunny,Day,0.09822048611111112,100.0,3.0,19.6554770000148,auto
1767922588439,Sunny,Day,0.09813368055555556,100.0,3.0,22.12828000006084,auto
1767922588470,Sunny,Day,0.09839409722222223,100.0,3.0,22.821116999921287,auto
1767922588502,Sunny,Day,0.09908854166666667,100.0,3.0,23.38181199979772,auto
1767922588534,Sunny,Day,0.09965277777777778,100.0,3.0,24.04153799989217,auto
1767922588566,Sunny,Day,0.10060763888888889,100.0,3.0,22.44304300006661,auto
1767922588598,Sunny,Day,0.10086805555555556,100.0,3.0,23.386755000046833,auto
1767922588629,Sunny,Day,0.10208333333333333,100.0,3.0,22.2723849999511,auto
1767922588660,Sunny,Day,0.10290798611111111,100.0,3.0,22.24440500003766,auto
1767922588691,Sunny,Day,0.10286458333333333,100.0,4.0,21.668266000006042,auto
1767922588721,Sunny,Day,0.10412326388888889,100.0,4.0,21.591750999959913,auto
1767922588754,Sunny,Day,0.10416666666666667,100.0,3.0,24.659860000156186,auto
1767922588786,Sunny,Day,0.10451388888888889,100.0,3.0,21.871164000003773,auto
1767922588816,Sunny,Day,0.10503472222222222,100.0,3.0,21.03377899993575,auto
1767922588847,Sunny,Day,0.10542534722222222,100.0,3.0,23.101455000187343,auto
1767922588880,Sunny,Day,0.10577256944444445,100.0,4.0,24.51542300013898,auto
1767922588910,Sunny,Day,0.10607638888888889,100.0,4.0,20.529044999875623,auto
1767922588944,Sunny,Day,0.10698784722222222,100.0,4.0,24.83594299997094,auto
1767922588975,Sunny,Day,0.10698784722222222,100.0,4.0,21.573048000163908,auto
1767922589005,Sunny,Day,0.10785590277777778,100.0,4.0,20.746627000107765,auto
1767922589034,Sunny,Day,0.10789930555555556,100.0,4.0,18.085126999949352,auto
1767922589065,Sunny,Day,0.10868055555555556,100.0,4.0,24.538178999819138,auto
1767922589098,Sunny,Day,0.10881076388888888,100.0,5.0,23.358922999932474,auto
1767922589129,Sunny,Day,0.10794270833333333,100.0,5.0,24.17664099993999,auto
1767922589159,Sunny,Day,0.10798611111111112,100.0,5.0,23.073658999919644,auto
1767922589193,Sunny,Day,0.10772569444444445,100.0,5.0,26.52535899983377,auto
1767922589222,Sunny,Day,0.10729166666666666,100.0,5.0,22.05544999992526,auto
1767922589254,Sunny,Day,0.1072048611111111,100.0,5.0,19.885278999936418,auto
1767922589285,Sunny,Day,0.1072048611111111,100.0,5.0,24.7038010002143,auto
1767922589316,Sunny,Day,0.10750868055555556,100.0,5.0,24.65495199999168,auto
1767922589347,Sunny,Day,0.1056857638888889,100.0,5.0,21.305430999973396,auto
1767922589380,Sunny,Day,0.105859375,100.0,5.0,25.712399999974878,auto
1767922589410,Sunny,Day,0.105078125,100.0,4.0,23.058548000108203,auto
1767922589442,Sunny,Day,0.105859375,100.0,4.0,24.82490600004894,auto
1767922589473,Sunny,Day,0.1052517361111111,100.0,4.0,24.884513999950286,auto
1767922589506,Sunny,Day,0.10338541666666666,100.0,3.0,22.82830100011779,auto
1767922589537,Sunny,Day,0.10234375,100.0,3.0,24.45549799995206,auto
1767922589567,Sunny,Day,0.10212673611111112,100.0,3.0,22.914463000006435,auto
1767922589602,Sunny,Day,0.10251736111111111,100.0,4.0,28.535871000030966,auto
1767922589630,Sunny,Day,0.101953125,100.0,4.0,20.70673900016118,auto
1767922589661,Sunny,Day,0.10034722222222223,100.0,3.0,24.62536000007276,auto
1767922589693,Sunny,Day,0.10078125,100.0,4.0,24.6560440000394,auto
1767922589724,Sunny,Day,0.10026041666666667,100.0,4.0,24.92119799990178,auto
1767922589756,Sunny,Day,0.1,100.0,4.0,23.62196500007485,auto
1767922589788,Sunny,Day,0.09878472222222222,100.0,4.0,26.126490000024205,auto
1767922589819,Sunny,Day,0.09748263888888889,100.0,3.0,23.96815199995217,auto
1767922589851,Sunny,Day,0.09769965277777778,100.0,4.0,24.793963000092845,auto
1767922589883,Sunny,Day,0.096875,100.0,3.0,25.13226099995336,auto
1767922589913,Sunny,Day,0.09513888888888888,100.0,3.0,21.026463999987755,auto
1767922589944,Sunny,Day,0.09448784722222223,100.0,3.0,24.258915000018533,auto
1767922589975,Sunny,Day,0.09309895833333333,100.0,4.0,24.90438399991035,auto
1767922590009,Sunny,Day,0.09244791666666667,100.0,4.0,27.456589999928838,auto
1767922590038,Sunny,Day,0.09032118055555556,100.0,4.0,21.334707000050912,auto
1767922590069,Sunny,Day,0.08984375,100.0,4.0,24.45975599994199,auto
1767922590101,Sunny,Day,0.08797743055555556,100.0,5.0,24.77081500001077,auto
1767922590132,Sunny,Day,0.0857204861111111,100.0,4.0,24.386834000097224,auto
1767922590164,Sunny,Day,0.08190104166666666,100.0,5.0,24.784684999985984,auto
1767922590202,Sunny,Day,0.07916666666666666,100.0,6.0,29.55385700010993,auto
1767922590227,Sunny,Day,0.07473958333333333,100.0,6.0,18.34431699990091,auto
1767922590258,Sunny,Day,0.07356770833333333,100.0,7.0,24.294413000006898,auto
1767922590291,Sunny,Day,0.07057291666666667,100.0,7.0,26.102860000037253,auto
1767922590321,Sunny,Day,0.06527777777777778,100.0,8.0,18.858384999930422,auto
1767922590352,Sunny,Day,0.06453993055555556,100.0,8.0,24.665708999918934,auto
1767922590383,Sunny,Day,0.061675347222222225,100.0,8.0,24.309727000172643,auto
1767922590416,Sunny,Day,0.058333333333333334,100.0,8.0,25.573700999984794,auto
1767922590447,Sunny,Day,0.05698784722222222,100.0,8.0,21.585898000012094,auto
1767922590478,Sunny,Day,0.055512152777777775,100.0,8.0,24.785758000007263,auto
1767922590511,Sunny,Day,0.05473090277777778,100.0,8.0,26.72977399993215,auto
1767922590540,Sunny,Day,0.05177951388888889,100.0,9.0,21.845717999894987,auto
1767922590573,Sunny,Day,0.04865451388888889,97.30902777777779,8.0,25.18731299983301,auto
1767922590603,Sunny,Day,0.046614583333333334,93.22916666666667,9.0,23.97585399990021,auto
1767922590637,Sunny,Day,0.04826388888888889,96.52777777777779,37.0,27.211713000042437,auto
1767922590666,Sunny,Day,0.04613715277777778,92.27430555555556,39.0,21.826533999956155,auto
1767922590699,Sunny,Day,0.042708333333333334,85.41666666666667,,26.784381999959805,auto
1767922590729,Sunny,Day,0.03967013888888889,79.34027777777777,,22.048967999808156,auto
1767922590762,Sunny,Day,0.04431423611111111,88.62847222222223,36.0,25.592589000098087,auto
1767922590792,Sunny,Day,0.046223958333333336,92.44791666666667,35.0,22.53918400015209,auto
1767922590827,Sunny,Day,0.04066840277777778,81.33680555555556,,28.19927500013364,auto
1767922590855,Sunny,Day,0.03967013888888889,79.34027777777777,,20.19994800002678,auto
1767922590886,Sunny,Day,0.04262152777777778,85.24305555555556,28.0,24.685596999916015,auto
1767922590919,Sunny,Day,0.04084201388888889,81.68402777777779,28.0,25.931239000101414,auto
1767922590949,Sunny,Day,0.042881944444444445,85.76388888888889,30.0,19.985272999974768,auto
1767922590980,Sunny,Day,0.03901909722222222,78.03819444444444,,24.761315999967337,auto
1767922591011,Sunny,Day,0.040234375,80.46875,26.0,24.803220000194415,auto
1767922591044,Sunny,Day,0.04084201388888889,81.68402777777779,,23.15378299999793,auto
1767922591074,Sunny,Day,0.04040798611111111,80.81597222222223,,23.211241999888443,auto
1767922591106,Sunny,Day,0.03836805555555556,76.73611111111111,,24.666503999924316,auto
1767922591139,Sunny,Day,0.03936631944444444,78.73263888888889,,16.049930000008317,auto
1767922591169,Sunny,Day,0.04140625,82.8125,,22.50622199994723,auto
1767922591202,Sunny,Day,0.03854166666666667,77.08333333333334,,22.69952699998612,auto
1767922591233,Sunny,Day,0.035243055555555555,70.48611111111111,,24.11351199998535,auto
1767922591264,Sunny,Day,0.037196180555555555,74.39236111111111,,24.25226500008648,auto
1767922591294,Sunny,Day,0.03658854166666667,73.17708333333334,,22.429466000176035,auto
1767922591328,Sunny,Day,0.03680555555555556,73.61111111111111,,27.129974999979822,auto
1767922591357,Sunny,Day,0.039713541666666664,79.42708333333333,,21.175249999942025,auto
1767922591389,Sunny,Day,0.037369791666666666,74.73958333333333,,25.041485999963697,auto
1767922591420,Sunny,Day,0.0390625,78.125,,24.338927000144395,auto
1767922591454,Sunny,Day,0.03910590277777778,78.21180555555556,,26.993075000063982,auto
1767922591483,Sunny,Day,0.03637152777777778,72.74305555555556,,21.29654100008338,auto
1767922591514,Sunny,Day,0.03519965277777778,70.39930555555556,,24.034276000065802,auto
1767922591547,Sunny,Day,0.03528645833333333,70.57291666666667,,25.74669199998425,auto
1767922591577,Sunny,Day,0.03763020833333333,75.26041666666666,,19.84711199997946,auto
1767922591608,Sunny,Day,0.03381076388888889,67.62152777777777,,23.598667999976897,auto
1767922591641,Sunny,Day,0.03723958333333333,74.47916666666667,,18.72539000009965,auto
1767922591671,Sunny,Day,0.037369791666666666,74.73958333333333,,23.596741999881488,auto
1767922591704,Sunny,Day,0.03815104166666667,76.30208333333334,,26.14365399995222,auto
1767922591735,Sunny,Day,0.041276041666666666,82.55208333333333,,24.526991999891834,auto
1767922591766,Sunny,Day,0.03845486111111111,76.90972222222223,,18.745260000059716,auto
1767922591796,Sunny,Day,0.040538194444444446,81.07638888888889,,26.88432099989768,manual
1767922591830,Sunny,Day,0.04171006944444444,83.42013888888889,,24.482680000119217,manual
1767922591861,Sunny,Day,0.039322916666666666,78.64583333333333,,23.563911000110238,manual
1767922591891,Sunny,Day,0.04027777777777778,80.55555555555556,,22.493093000093722,manual
1767922591922,Sunny,Day,0.03962673611111111,79.25347222222221,,19.62536399992132,manual
1767922591955,Sunny,Day,0.041276041666666666,82.55208333333333,,25.26677099990593,manual
1767922591985,Sunny,Day,0.0421875,84.375,,21.102180000070803,manual
1767922592016,Sunny,Day,0.04105902777777778,82.11805555555556,,22.069705999911093,manual
1767922592051,Sunny,Day,0.042317708333333336,84.63541666666667,,28.68084200008525,manual
1767922592084,Sunny,Day,0.04244791666666667,84.89583333333334,,23.624665999932404,manual
1767922592112,Sunny,Day,0.04236111111111111,84.72222222222223,,13.186312000016187,manual
1767922592142,Sunny,Day,0.04236111111111111,84.72222222222223,,22.423946999879263,manual
1767922592174,Sunny,Day,0.04131944444444444,82.63888888888889,,24.29685399988557,manual
1767922592206,Sunny,Day,0.042578125,85.15625,,25.342247999788015,manual
1767922592236,Sunny,Day,0.04040798611111111,80.81597222222223,,22.34072900000683,manual
1767922592272,Sunny,Day,0.04205729166666667,84.11458333333334,,29.996998999877178,manual
1767922592301,Sunny,Day,0.04188368055555555,83.7673611111111,,22.225327000114703,manual
1767922592330,Sunny,Day,0.040234375,80.46875,,25.519182999914847,manual
1767922592362,Sunny,Day,0.04244791666666667,84.89583333333334,,22.9010160001053,manual
1767922592393,Sunny,Day,0.04197048611111111,83.94097222222221,,24.590246999878218,manual
1767922592424,Sunny,Day,0.03420138888888889,68.40277777777779,,24.281707000000097,manual
1767922592457,Sunny,Day,0.03268229166666667,65.36458333333334,,26.138246000073195,manual
1767922592488,Sunny,Day,0.0328125,65.625,,19.33389700002408,manual
1767922592519,Sunny,Day,0.03250868055555556,65.01736111111111,,21.35948099999041,manual
1767922592551,Sunny,Day,0.031032986111111112,62.06597222222222,,24.365518000195152,manual
1767922592582,Sunny,Day,0.03155381944444444,63.107638888888886,,19.590808999964793,manual
1767922592613,Sunny,Day,0.03229166666666667,64.58333333333334,,24.817846999894755,manual
1767922592644,Sunny,Day,0.03381076388888889,67.62152777777777,,24.458123999920645,manual
1767922592676,Sunny,Day,0.034895833333333334,69.79166666666667,,24.286595999910787,manual
1767922592708,Sunny,Day,0.036328125,72.65625,,24.860827000111385,manual
1767922592738,Sunny,Day,0.037890625,75.78125,,23.330494999981966,manual
1767922592770,Sunny,Day,0.03975694444444444,79.51388888888889,,24.114011999927243,manual
1767922592801,Sunny,Day,0.04114583333333333,82.29166666666667,,24.038959999870713,manual
1767922592832,Sunny,Day,0.043446180555555554,86.89236111111111,,25.020632999940062,manual
1767922592865,Sunny,Day,0.045746527777777775,91.49305555555554,,26.577297000130784,manual
1767922592895,Sunny,Day,0.04761284722222222,95.22569444444444,,23.1350779999957,manual
1767922592927,Sunny,Day,0.04921875,98.4375,,24.21932199990806,manual
1767922592958,Sunny,Day,0.05177951388888889,100.0,,24.77896100003818,manual
1767922592990,Sunny,Day,0.053559027777777775,100.0,,28.432001999817658,manual
1767922593024,Sunny,Day,0.05568576388888889,100.0,,23.368547000018225,manual
1767922593052,Sunny,Day,0.056553819444444445,100.0,,22.40861399991445,manual
1767922593085,Sunny,Day,0.060460069444444445,100.0,,28.23795499989501,manual
1767922593116,Sunny,Day,0.06345486111111111,100.0,,25.050354000086372,manual
1767922593147,Sunny,Day,0.06510416666666667,100.0,,22.255398999959652,manual
1767922593179,Sunny,Day,0.0685763888888889,100.0,,23.36219600010736,manual
1767922593209,Sunny,Day,0.07074652777777778,100.0,,24.057476000052702,manual
1767922593241,Sunny,Day,0.0740017361111111,100.0,,25.56375299991487,manual
1767922593275,Sunny,Day,0.07604166666666666,100.0,,25.051186999917263,manual
1767922593305,Sunny,Day,0.079296875,100.0,,27.184044000023277,manual
1767922593335,Sunny,Day,0.08289930555555555,100.0,,21.22930199993789,manual
1767922593368,Sunny,Day,0.08854166666666667,100.0,,26.26058999999259,manual
1767922593400,Sunny,Day,0.09205729166666667,100.0,,25.405669000065245,manual
1767922593429,Sunny,Day,0.09934895833333333,100.0,,22.811204999925394,manual
1767922593462,Sunny,Day,0.10703125,100.0,,26.636627000016233,manual
1767922593492,Sunny,Day,0.11436631944444445,100.0,,22.72063500004151,manual
1767922593523,Sunny,Day,0.12074652777777778,100.0,,24.859139999989566,manual
1767922593555,Sunny,Day,0.12760416666666666,100.0,,24.99570700001641,manual
1767922593586,Sunny,Day,0.13181423611111112,100.0,,24.691889999985506,manual
1767922593618,Sunny,Day,0.13702256944444444,100.0,,25.642120000156865,manual
1767922593649,Sunny,Day,0.14192708333333334,100.0,,20.60677700001179,manual
1767922593683,Sunny,Day,0.14171006944444445,100.0,,27.310815999953775,manual
1767922593714,Sunny,Day,0.14830729166666667,100.0,,25.116905000004408,manual
1767922593743,Sunny,Day,0.15034722222222222,100.0,,22.068352000133018,manual
1767922593775,Sunny,Day,0.15590277777777778,100.0,,25.192586999992272,manual
1767922593808,Sunny,Day,0.15525173611111112,100.0,,26.615331000130027,manual
1767922593838,Sunny,Day,0.1556423611111111,100.0,,19.88884900015364,manual
1767922593869,Sunny,Day,0.15247395833333333,100.0,,24.324129999968136,manual
1767922593900,Sunny,Day,0.15260416666666668,100.0,,23.873263000041334,manual
1767922593932,Sunny,Day,0.14869791666666668,100.0,,24.661964999950214,manual
1767922593964,Sunny,Day,0.14322916666666666,100.0,,24.638151999852198,manual
1767922593994,Sunny,Day,0.14036458333333332,100.0,,23.784341999999015,manual
1767922594026,Sunny,Day,0.13472222222222222,100.0,,25.384280000025683,manual
1767922594062,Sunny,Day,0.13142361111111112,100.0,,25.42875900007857,manual
1767922594095,Sunny,Day,0.12643229166666667,100.0,,23.995756000203983,manual
1767922594124,Sunny,Day,0.12421875,100.0,,20.38352699992174,manual
1767922594154,Sunny,Day,0.12052951388888888,100.0,,17.03485999996701,manual
1767922594186,Sunny,Day,0.11753472222222222,100.0,,24.383847999843056,manual
1767922594218,Sunny,Day,0.11245659722222222,100.0,,22.858701000131987,manual
1767922594248,Sunny,Day,0.11089409722222222,100.0,,22.131682000008368,manual
1767922594282,Sunny,Day,0.10924479166666666,100.0,,25.47277500002565,manual
1767922594312,Sunny,Day,0.10677083333333333,100.0,,21.286909000082233,manual
1767922594343,Sunny,Day,0.10481770833333333,100.0,,18.745757000033336,manual
1767922594374,Sunny,Day,0.10243055555555555,100.0,,22.2999139998592,manual
1767922594405,Sunny,Day,0.103515625,100.0,,22.34693100012919,manual
1767922594436,Sunny,Day,0.10160590277777778,100.0,,18.269465000003038,manual
1767922594468,Sunny,Day,0.10264756944444445,100.0,,23.753639000005933,manual
1767922594500,Sunny,Day,0.09995659722222222,100.0,,24.13869299994076,manual
1767922594532,Sunny,Day,0.099609375,100.0,,23.809283999980835,manual
1767922594562,Sunny,Day,0.10238715277777778,100.0,,20.742879999943398,manual
1767922594594,Sunny,Day,0.101171875,100.0,,24.68661099987912,manual
1767922594625,Sunny,Day,0.09713541666666667,100.0,,21.357480000006035,manual
1767922594656,Sunny,Day,0.09626736111111112,100.0,,18.82745599982627,manual
1767922594689,Sunny,Day,0.09644097222222223,100.0,,24.547987999994803,manual
1767922594719,Sunny,Day,0.09370659722222222,100.0,,20.42428499999005,manual
1767922594750,Sunny,Day,0.09626736111111112,100.0,,18.15678600019055,manual
1767922594781,Sunny,Day,0.09891493055555556,100.0,,22.904421000021102,manual
1767922594813,Sunny,Day,0.09947916666666666,100.0,,24.017533000005642,manual
1767922594846,Sunny,Day,0.1017795138888889,100.0,,24.93589499999871,manual
1767922594876,Sunny,Day,0.09782986111111111,100.0,,21.163600999898335,manual
1767922594913,Sunny,Day,0.09605034722222222,100.0,,26.26475500005654,manual
1767922594940,Sunny,Day,0.09965277777777778,100.0,,16.899719000093683,manual
1767922594970,Sunny,Day,0.10321180555555555,100.0,,22.32163599978776,manual
1767922595001,Sunny,Day,0.09869791666666666,100.0,,22.424130999979752,manual
1767922595033,Sunny,Day,0.09600694444444445,100.0,,23.273068999969837,manual
1767922595064,Sunny,Day,0.10264756944444445,100.0,,21.65733399988312,manual
1767922595095,Sunny,Day,0.10711805555555555,100.0,,23.028303000046435,manual
1767922595127,Sunny,Day,0.10247395833333334,100.0,,22.99600800006374,manual
1767922595158,Sunny,Day,0.09969618055555556,100.0,,19.313412999963475,manual
1767922595190,Sunny,Day,0.0935329861111111,100.0,,22.954714999968928,manual
1767922595226,Sunny,Day,0.10559895833333334,100.0,,28.02168499988511,manual
1767922595253,Sunny,Day,0.10403645833333333,100.0,,19.670488000201658,manual
1767922595284,Sunny,Day,0.10008680555555556,100.0,,21.73738500005129,manual
1767922595317,Sunny,Day,0.09561631944444444,100.0,,25.808998999991672,manual
1767922595348,Sunny,Day,0.10659722222222222,100.0,,22.96138100018652,manual
1767922595378,Sunny,Day,0.11145833333333334,100.0,,20.22101600005044,manual
1767922595410,Sunny,Day,0.10442708333333334,100.0,,22.246397999879264,manual
1767922595441,Sunny,Day,0.08519965277777777,100.0,,22.03711100014516,manual
1767922595472,Sunny,Day,0.08875868055555555,100.0,,22.92903100010335,manual
1767922595504,Sunny,Day,0.09444444444444444,100.0,,23.35743500020726,manual
1767922595535,Sunny,Day,0.0921875,100.0,,23.199238999950467,manual
1767922595567,Sunny,Day,0.08984375,100.0,,22.336151999979847,manual
1767922595599,Sunny,Day,0.09535590277777778,100.0,,22.436018000007607,manual
1767922595631,Sunny,Day,0.10381944444444445,100.0,,24.07558400000198,manual
1767922595661,Sunny,Day,0.1125,100.0,,20.810449999999037,manual
1767922595693,Sunny,Day,0.10277777777777777,100.0,,23.456948000102784,manual
1767922595725,Sunny,Day,0.09752604166666666,100.0,,22.99600899982579,manual
1767922595756,Sunny,Day,0.10199652777777778,100.0,,21.288185000003068,manual
1767922595786,Sunny,Day,0.10963541666666667,100.0,,21.363292999922123,manual
1767922595819,Sunny,Day,0.1140625,100.0,,24.189615999830494,manual
1767922595854,Sunny,Day,0.10394965277777778,100.0,,23.13120600001639,manual
1767922595883,Sunny,Day,0.10746527777777778,100.0,,21.6733340000701,manual
1767922595912,Sunny,Day,0.11163194444444445,100.0,,20.372268000073745,manual
1767922595944,Sunny,Day,0.11671006944444444,100.0,,22.838886000045022,manual
1767922595975,Sunny,Day,0.1208767361111111,100.0,,18.742812000027698,manual
1767922596006,Sunny,Day,0.1046875,100.0,,22.97978699994019,manual
1767922596039,Sunny,Day,0.12092013888888889,100.0,,23.53772099991147,manual
1767922596069,Sunny,Day,0.12387152777777778,100.0,,21.887155000058556,manual
1767922596101,Sunny,Day,0.118359375,100.0,,20.768858999872464,manual
1767922596134,Sunny,Day,0.11623263888888889,100.0,,24.6897380000064,manual
1767922596166,Sunny,Day,0.12200520833333334,100.0,,23.913794999998572,manual
1767922596195,Sunny,Day,0.12495659722222222,100.0,,19.20850999999857,manual
1767922596226,Sunny,Day,0.12569444444444444,100.0,,22.176473999934387,manual
1767922596257,Sunny,Day,0.1174045138888889,100.0,,19.507736000150544,manual
1767922596289,Sunny,Day,0.12725694444444444,100.0,,23.154054999849905,manual
1767922596320,Sunny,Day,0.12821180555555556,100.0,,20.28166099989903,manual
1767922596351,Sunny,Day,0.128125,100.0,,23.24666200001957,manual
1767922596384,Sunny,Day,0.1203125,100.0,,25.144290000071123,manual
1767922596414,Sunny,Day,0.12135416666666667,100.0,,21.892895999826578,manual
1767922596448,Sunny,Day,0.11875,100.0,,26.214810000055877,manual
1767922596478,Sunny,Day,0.12430555555555556,100.0,,19.673875999842494,manual
1767922596509,Sunny,Day,0.11588541666666667,100.0,,16.897384000003512,manual
1767922596544,Sunny,Day,0.11692708333333333,100.0,,25.599693000003754,manual
1767922596573,Sunny,Day,0.11788194444444444,100.0,,20.334102000106213,manual
1767922596604,Sunny,Day,0.12473958333333333,100.0,,22.76014800008852,manual
1767922596634,Sunny,Day,0.1174045138888889,100.0,,19.81351699987499,manual
1767922596666,Sunny,Day,0.11449652777777777,100.0,,23.154091999913362,manual
1767922596697,Sunny,Day,0.11219618055555555,100.0,,22.90277099996274,manual
1767922596728,Sunny,Day,0.11427951388888889,100.0,,22.076590000096985,manual
1767922596760,Sunny,Day,0.11219618055555555,100.0,,21.044326000037472,manual
1767922596797,Sunny,Day,0.10954861111111111,100.0,,25.008981000155472,manual
1767922596823,Sunny,Day,0.10520833333333333,100.0,,16.936808000082237,manual
1767922596854,Sunny,Day,0.11024305555555555,100.0,,21.868006999966383,manual
1767922596886,Sunny,Day,0.10698784722222222,100.0,,23.85333500001252,manual
1767922596916,Sunny,Day,0.10403645833333333,100.0,,22.55997399993248,manual
1767922596949,Sunny,Day,0.09366319444444444,100.0,-59.0,25.069571000130964,manual
1767922596979,Sunny,Day,0.09934895833333333,100.0,,22.175899999865578,manual
1767922597011,Sunny,Day,0.10460069444444445,100.0,,21.195373999944422,manual
1767922597047,Sunny,Day,0.09661458333333334,100.0,,27.404564999869763,manual
1767922597074,Sunny,Day,0.09691840277777777,100.0,,18.342219000032856,manual
1767922597107,Sunny,Day,0.09631076388888889,100.0,,21.415696000076423,manual
1767922597137,Sunny,Day,0.09717881944444444,100.0,,21.246685999813053,manual
1767922597169,Sunny,Day,0.0978732638888889,100.0,,23.693176000051608,manual
1767922597198,Sunny,Day,0.09435763888888889,100.0,,20.544035000057193,manual
1767922597230,Sunny,Day,0.0921875,100.0,,23.291213999982574,manual
1767922597262,Sunny,Day,0.09118923611111111,100.0,,24.15215300015916,manual
1767922597295,Sunny,Day,0.09223090277777778,100.0,,24.172725999960676,manual
1767922597326,Sunny,Day,0.08802083333333334,100.0,,23.642178000045533,manual
1767922597356,Sunny,Day,0.07999131944444444,100.0,,20.63764199988327,manual
1767922597388,Sunny,Day,0.08016493055555556,100.0,,23.4965550000652,manual
1767922597420,Sunny,Day,0.09140625,100.0,,21.182930000122724,manual
1767922597451,Sunny,Day,0.07942708333333333,100.0,,22.88340099994457,manual
1767922597482,Sunny,Day,0.07973090277777778,100.0,,23.136815000043498,manual
1767922597514,Sunny,Day,0.08038194444444445,100.0,-9.0,23.76574499999151,manual
1767922597545,Sunny,Day,0.0828125,100.0,,22.001815000066927,manual
1767922597577,Sunny,Day,0.07473958333333333,100.0,84.0,23.179811999852973,manual
1767922597607,Sunny,Day,0.0783420138888889,100.0,80.0,20.017729000073814,manual
1767922597639,Sunny,Day,0.07369791666666667,100.0,79.0,22.51436400001694,manual
1767922597671,Sunny,Day,0.0666232638888889,100.0,69.0,23.983271999895805,manual
1767922597702,Sunny,Day,0.07222222222222222,100.0,77.0,21.32279300008122,manual
1767922597737,Sunny,Day,0.06927083333333334,100.0,77.0,24.332551000043168,manual
1767922597765,Sunny,Day,0.06905381944444444,100.0,72.0,19.415479999906893,manual
1767922597796,Sunny,Day,0.06649305555555556,100.0,69.0,23.334897000040655,manual
1767922597827,Sunny,Day,0.06753472222222222,100.0,70.0,22.855143000015232,manual
1767922597859,Sunny,Day,0.06484375,100.0,71.0,22.062182999889046,manual
1767922597891,Sunny,Day,0.0640625,100.0,69.0,16.00272399991809,manual
1767922597923,Sunny,Day,0.06809895833333333,100.0,64.0,22.960340999816253,manual
1767922597953,Sunny,Day,0.06783854166666667,100.0,65.0,20.15314799996304,manual
1767922597987,Sunny,Day,0.06853298611111111,100.0,64.0,24.805472000025475,manual
1767922598017,Sunny,Day,0.06631944444444444,100.0,66.0,17.03530200006753,manual
1767922598047,Sunny,Day,0.06861979166666667,100.0,63.0,22.066754999968907,manual
1767922598081,Sunny,Day,0.06935763888888889,100.0,60.0,25.131046999831597,manual
1767922598112,Sunny,Day,0.06705729166666667,100.0,60.0,21.960630999956265,manual
1767922598141,Sunny,Day,0.06623263888888889,100.0,59.0,20.886905999986993,manual
1767922598173,Sunny,Day,0.06701388888888889,100.0,57.0,22.396312999944712,manual
1767922598206,Sunny,Day,0.06440972222222222,100.0,55.0,24.247869000191713,manual
1767922598236,Sunny,Day,0.06514756944444444,100.0,55.0,20.841650000193113,manual
1767922598267,Sunny,Day,0.06345486111111111,100.0,57.0,17.310528999814778,manual
1767922598299,Sunny,Day,0.06388888888888888,100.0,54.0,23.901108999780263,manual
1767922598330,Sunny,Day,0.06354166666666666,100.0,51.0,19.494493999900442,manual
1767922598361,Sunny,Day,0.06306423611111112,100.0,52.0,23.196420999965994,manual
1767922598394,Sunny,Day,0.05950520833333333,100.0,52.0,24.835302999917985,manual
1767922598424,Sunny,Day,0.05538194444444444,100.0,52.0,21.190613000044323,manual
1767922598456,Sunny,Day,0.05499131944444444,100.0,47.0,21.205854000072577,manual
1767922598487,Sunny,Day,0.05568576388888889,100.0,44.0,22.892381000019668,manual
1767922598522,Sunny,Day,0.05572916666666667,100.0,42.0,26.796464999961245,manual
1767922598550,Sunny,Day,0.05112847222222222,100.0,41.0,18.547653000041464,manual
1767922598581,Sunny,Day,0.05134548611111111,100.0,39.0,22.973654999987048,manual
1767922598613,Sunny,Day,0.051909722222222225,100.0,35.0,18.195613999978377,manual
1767922598644,Sunny,Day,0.05043402777777778,100.0,32.0,22.647060000053898,manual
1767922598675,Sunny,Day,0.04405381944444445,88.1076388888889,35.0,20.524609999938548,manual
1767922598707,Sunny,Day,0.04192708333333333,83.85416666666666,35.0,23.42979899981401,manual
1767922598740,Sunny,Day,0.04548611111111111,90.97222222222221,29.0,25.01118299983318,manual
1767922598769,Sunny,Day,0.04479166666666667,89.58333333333333,27.0,20.566495999901235,manual
1767922598800,Sunny,Day,0.04479166666666667,89.58333333333333,28.0,23.581512999953702,manual
1767922598831,Sunny,Day,0.04405381944444445,88.1076388888889,26.0,23.72483999988617,manual
1767922598864,Sunny,Day,0.04066840277777778,81.33680555555556,23.0,24.819840999953158,manual
1767922598895,Sunny,Day,0.04192708333333333,83.85416666666666,20.0,22.920175999843195,manual
1767922598927,Sunny,Day,0.04470486111111111,89.40972222222223,16.0,22.25320900015504,manual
1767922598958,Sunny,Day,0.03728298611111111,74.56597222222221,18.0,22.82958699993287,manual
1767922598990,Sunny,Day,0.034895833333333334,69.79166666666667,14.0,23.37598600001911,manual
1767922599021,Sunny,Day,0.040364583333333336,80.72916666666667,10.0,22.64452200006417,manual
1767922599053,Sunny,Day,0.051171875,100.0,8.0,23.429630999999063,manual
1767922599084,Sunny,Day,0.04309895833333333,86.19791666666667,6.0,22.18106300006184,manual
1767922599116,Sunny,Day,0.04210069444444445,84.2013888888889,14.0,22.47158600016519,manual
1767922599148,Sunny,Day,0.045746527777777775,91.49305555555554,10.0,19.558194000182993,manual
1767922599178,Sunny,Day,0.06059027777777778,100.0,1.0,21.484912999994776,manual
1767922599210,Sunny,Day,0.061024305555555554,100.0,-3.0,24.01154599988331,manual
1767922599242,Sunny,Day,0.061328125,100.0,-5.0,21.393972999931066,manual
1767922599275,Sunny,Day,0.06575520833333333,100.0,-8.0,24.080468999954974,manual
1767922599304,Sunny,Day,0.06762152777777777,100.0,-11.0,24.437785000145595,auto
1767922599337,Sunny,Day,0.07183159722222222,100.0,-13.0,20.949162000079014,auto
1767922599366,Sunny,Day,0.06922743055555555,100.0,-13.0,19.21321099985107,auto
1767922599397,Sunny,Day,0.07061631944444445,100.0,-12.0,22.289520999947854,auto
1767922599429,Sunny,Day,0.06818576388888889,100.0,-11.0,23.227067000107127,auto
1767922599460,Sunny,Day,0.06953125,100.0,-9.0,22.558099999969272,auto
1767922599492,Sunny,Day,0.068359375,100.0,-6.0,21.98946200019236,auto
1767922599524,Sunny,Day,0.06284722222222222,100.0,-1.0,22.966765000091982,auto
1767922599554,Sunny,Day,0.06766493055555556,100.0,-3.0,18.060916000194993,auto
1767922599586,Sunny,Day,0.0703125,100.0,-2.0,23.913533000040843,auto
1767922599618,Sunny,Day,0.06710069444444444,100.0,-1.0,22.238004999962868,auto
1767922599652,Sunny,Day,0.06111111111111111,100.0,2.0,25.46440000014627,auto
1767922599680,Sunny,Day,0.06480034722222222,100.0,-2.0,19.80968199995914,auto
1767922599712,Sunny,Day,0.06393229166666667,100.0,-2.0,24.044433999961257,auto
1767922599744,Sunny,Day,0.05499131944444444,100.0,-5.0,22.583377000046312,auto
1767922599775,Sunny,Day,0.05138888888888889,100.0,-5.0,21.30542100007915,auto
1767922599807,Sunny,Day,0.052473958333333334,100.0,-4.0,23.364560000118217,auto
1767922599837,Sunny,Day,0.05607638888888889,100.0,-4.0,18.493099000124857,auto
1767922599869,Sunny,Day,0.054036458333333336,100.0,-4.0,23.761447999959273,auto
1767922599899,Sunny,Day,0.05203993055555556,100.0,-4.0,22.152583999968556,auto
1767922599932,Sunny,Day,0.051171875,100.0,-3.0,24.553038000021843,auto
1767922599962,Sunny,Day,0.051215277777777776,100.0,-1.0,20.891849999998158,auto
1767922599997,Sunny,Day,0.05568576388888889,100.0,-3.0,27.833931000031953,auto
1767922600024,Sunny,Day,0.05290798611111111,100.0,-3.0,19.18137900020156,auto
1767922600057,Sunny,Day,0.048177083333333336,96.35416666666667,-3.0,24.78641500010781,auto
1767922600088,Sunny,Day,0.054253472222222224,100.0,-3.0,21.96768399994653,auto
1767922600120,Sunny,Day,0.050520833333333334,100.0,-3.0,24.24666399997477,auto
1767922600152,Sunny,Day,0.04496527777777778,89.93055555555556,-3.0,22.271205999913946,auto
1767922600183,Sunny,Day,0.042317708333333336,84.63541666666667,-3.0,22.2476149999693,auto
1767922600215,Sunny,Day,0.03650173611111111,73.00347222222223,-2.0,23.6633960000745,auto
1767922600245,Sunny,Day,0.045746527777777775,91.49305555555554,-3.0,21.08920999990005,auto
1767922600277,Sunny,Day,0.04392361111111111,87.84722222222221,-4.0,22.635095999930854,auto
1767922600307,Sunny,Day,0.03715277777777778,74.30555555555556,-2.0,22.04462499980764,auto
1767922600339,Sunny,Day,0.028125,56.25,22.0,23.835386999962793,auto
1767922600372,Sunny,Day,0.029079861111111112,58.15972222222222,,24.194777000047907,auto
1767922600402,Sunny,Day,0.032769097222222224,65.53819444444444,-2.0,21.67112500001167,auto
1767922600439,Sunny,Day,0.027300347222222222,54.60069444444444,19.0,28.459268999995402,auto
1767922600465,Sunny,Day,0.015277777777777777,30.555555555555554,,17.33273000013469,auto
1767922600497,Sunny,Day,0.021961805555555554,43.92361111111111,,23.344152999925427,auto
1767922600528,Sunny,Day,0.01840277777777778,36.80555555555556,,21.464301999913005,auto
1767922600561,Sunny,Day,0.019010416666666665,38.02083333333333,,22.863547000042672,auto
1767922600593,Sunny,Day,0.01675347222222222,33.50694444444444,,21.63721900001292,auto
1767922600622,Sunny,Day,0.018359375,36.71875,,20.55862499992145,auto
1767922600656,Sunny,Day,0.016536458333333334,33.072916666666664,,26.220083999987764,auto
1767922600686,Sunny,Day,0.024088541666666668,48.177083333333336,,21.406027000011818,auto
1767922600718,Sunny,Day,0.019270833333333334,38.54166666666667,,22.654095000007146,auto
1767922600749,Sunny,Day,0.016840277777777777,33.68055555555556,,22.83552900007635,auto
1767922600781,Sunny,Day,0.017838541666666666,35.67708333333333,,22.607003999837616,auto
1767922600810,Sunny,Day,0.025824652777777776,51.64930555555555,,17.570643999988533,auto
1767922600843,Sunny,Day,0.01870659722222222,37.41319444444444,,21.690327999976944,auto
1767922600873,Sunny,Day,0.019661458333333333,39.322916666666664,,19.763163999868993,auto
1767922600905,Sunny,Day,0.016536458333333334,33.072916666666664,,23.474460999977964,auto
1767922600935,Sunny,Day,0.02404513888888889,48.09027777777778,11.0,21.849616000054084,auto
1767922600968,Sunny,Day,0.020572916666666666,41.145833333333336,,22.9374140001255,auto
1767922600999,Sunny,Day,0.01796875,35.9375,,17.96732800016798,auto
1767922601030,Sunny,Day,0.020616319444444444,41.232638888888886,,22.750867000013386,auto
1767922601063,Sunny,Day,0.026779513888888887,53.55902777777777,16.0,24.382654999953957,auto
1767922601093,Sunny,Day,0.02578125,51.5625,2.0,21.396027000037066,auto
1767922601125,Sunny,Day,0.022960069444444446,45.92013888888889,,23.004019999916636,auto
1767922601156,Sunny,Day,0.01740451388888889,34.80902777777778,,22.36438599993562,auto
1767922601188,Sunny,Day,0.02421875,48.4375,,23.486645000048156,auto
1767922601218,Sunny,Day,0.022743055555555555,45.48611111111111,13.0,21.93985100007012,auto
1767922601252,Sunny,Day,0.022135416666666668,44.270833333333336,,25.41016000009222,auto
1767922601281,Sunny,Day,0.01918402777777778,38.36805555555556,,19.952597999917998,auto
1767922601314,Sunny,Day,0.027647569444444443,55.295138888888886,12.0,25.052547999848684,auto
1767922601344,Sunny,Day,0.028993055555555557,57.986111111111114,-3.0,21.960479999961535,auto
1767922601377,Sunny,Day,0.02556423611111111,51.12847222222222,,24.383804000081,auto
1767922601407,Sunny,Day,0.023177083333333334,46.35416666666667,,21.057265999843366,auto
1767922601438,Sunny,Day,0.030512152777777777,61.02430555555556,6.0,17.067613000108395,auto
1767922601469,Sunny,Day,0.03302951388888889,66.05902777777779,2.0,22.86150899999484,auto
1767922601504,Sunny,Day,0.031119791666666667,62.239583333333336,-8.0,17.695063000019218,auto
1767922601534,Sunny,Day,0.028428819444444444,56.857638888888886,4.0,19.281186999933198,auto
1767922601563,Sunny,Day,0.03194444444444444,63.888888888888886,8.0,20.15814399987903,auto
1767922601595,Sunny,Day,0.033680555555555554,67.36111111111111,-8.0,24.132705000056376,auto
1767922601628,Sunny,Day,0.03181423611111111,63.62847222222222,-12.0,24.684825000122146,auto
1767922601658,Sunny,Day,0.03159722222222222,63.19444444444444,-14.0,20.898459000136427,auto
1767922601690,Sunny,Day,0.026779513888888887,53.55902777777777,,23.261860000047818,auto
1767922601722,Sunny,Day,0.026041666666666668,52.083333333333336,,24.009267000110412,auto
1767922601753,Sunny,Day,0.03029513888888889,60.59027777777778,,21.935925999969186,auto
1767922601784,Sunny,Day,0.026041666666666668,52.083333333333336,,23.258545000089725,auto
1767922601816,Sunny,Day,0.019661458333333333,39.322916666666664,,15.305088999866712,auto
1767922601848,Sunny,Day,0.024131944444444445,48.26388888888889,,22.449325000025055,auto
1767922601878,Sunny,Day,0.029340277777777778,58.68055555555556,,20.955159999857642,auto
1767922601910,Sunny,Day,0.022222222222222223,44.44444444444444,,19.31094499991559,auto
1767922601941,Sunny,Day,0.019444444444444445,38.88888888888889,,22.554042999900048,auto
1767922601973,Sunny,Day,0.01853298611111111,37.06597222222222,,24.350230999971245,auto
1767922602004,Sunny,Day,0.022135416666666668,44.270833333333336,,21.351138999989416,auto
1767922602036,Sunny,Day,0.022135416666666668,44.270833333333336,,15.816914999959408,auto
1767922602066,Sunny,Day,0.018272569444444445,36.54513888888889,,21.075375000009444,auto
1767922602098,Sunny,Day,0.014713541666666666,29.427083333333332,,16.073068999958195,auto
1767922602132,Sunny,Day,0.01875,37.5,,25.738401999888083,auto
1767922602165,Sunny,Day,0.017578125,35.15625,,24.158887999874423,auto
1767922602193,Sunny,Day,0.017621527777777778,35.24305555555556,,20.4028160001144,auto
1767922602223,Sunny,Day,0.01115451388888889,22.30902777777778,,19.768939999948998,auto
1767922602254,Sunny,Day,0.020746527777777777,41.49305555555556,,22.238817000015842,auto
1767922602287,Sunny,Day,0.017057291666666665,34.11458333333333,,23.928677000185417,auto
1767922602317,Sunny,Day,0.01384548611111111,27.69097222222222,,21.05730100015535,auto
1767922602349,Sunny,Day,0.011848958333333333,23.697916666666664,,17.98276999988957,auto
1767922602380,Sunny,Day,0.013194444444444444,26.38888888888889,,22.390123999912248,auto
1767922602412,Sunny,Day,0.016883680555555555,33.76736111111111,,18.472190000011324,auto
1767922602448,Sunny,Day,0.021961805555555554,43.92361111111111,,25.4921910000121,auto
1767922602475,Sunny,Day,0.018489583333333334,36.979166666666664,,16.37870199988356,auto
1767922602508,Sunny,Day,0.008029513888888888,16.059027777777775,,24.833188000002338,auto
1767922602537,Sunny,Day,0.01228298611111111,24.56597222222222,,20.23247200008882,auto
1767922602569,Sunny,Day,0.016883680555555555,33.76736111111111,,18.172742000160724,auto
1767922602602,Sunny,Day,0.01328125,26.5625,,24.15603600002214,auto
1767922602631,Sunny,Day,0.014800347222222222,29.600694444444443,,20.362040000009074,auto
1767922602663,Sunny,Day,0.011979166666666667,23.958333333333336,,24.41357899988361,auto
1767922602697,Sunny,Day,0.022873263888888887,45.74652777777777,,18.420321999883527,auto
1767922602730,Sunny,Day,0.017534722222222222,35.06944444444444,,23.96882299990466,auto
1767922602758,Sunny,Day,0.012934027777777777,25.868055555555554,,18.919352000011713,auto
1767922602788,Sunny,Day,0.011241319444444444,22.48263888888889,,19.99017000002823,auto
1767922602821,Sunny,Day,0.01723090277777778,34.46180555555556,,25.295126999935746,auto
1767922602851,Sunny,Day,0.01384548611111111,27.69097222222222,,21.393284999930984,auto
1767922602884,Sunny,Day,0.011588541666666667,23.177083333333336,,24.0251900002022,auto
1767922602916,Sunny,Day,0.005946180555555555,11.89236111111111,,18.464967999989312,auto
1767922602948,Sunny,Day,0.011328125,22.65625,,22.22213200002443,auto
1767922602977,Sunny,Day,0.011675347222222222,23.350694444444446,,19.643001999838816,auto
1767922603008,Sunny,Day,0.006727430555555556,13.454861111111112,,26.09603199994126,manual
1767922603039,Sunny,Day,0.004861111111111111,9.722222222222223,,19.983984000191413,manual
1767922603072,Sunny,Day,0.011067708333333334,22.135416666666668,,25.27086899999631,manual
1767922603104,Sunny,Day,0.009722222222222222,19.444444444444446,,23.143586000060168,manual
1767922603136,Sunny,Day,0.012022569444444445,24.04513888888889,,22.573207000050388,manual
1767922603167,Sunny,Day,0.004427083333333333,8.854166666666666,,22.15891199989528,manual
1767922603197,Sunny,Day,0.008723958333333334,17.447916666666668,,26.693668000007165,manual
1767922603229,Sunny,Day,0.015147569444444444,30.29513888888889,,20.16545700007555,manual
1767922603260,Sunny,Day,0.02013888888888889,40.27777777777778,,23.247507000178302,manual
1767922603291,Sunny,Day,0.012934027777777777,25.868055555555554,,21.09633599980043,manual
1767922603323,Sunny,Day,0.013064236111111112,26.12847222222222,,24.309212999924057,manual
1767922603355,Sunny,Day,0.020399305555555556,40.798611111111114,,23.633764999885898,manual
1767922603389,Sunny,Day,0.025434027777777778,50.86805555555556,,19.19748599993909,manual
1767922603419,Sunny,Day,0.020616319444444444,41.232638888888886,,22.185244999946008,manual
1767922603448,Sunny,Day,0.027734375,55.46875,,19.520395999961693,manual
1767922603479,Sunny,Day,0.04201388888888889,84.02777777777779,,23.668227000143816,manual
1767922603510,Sunny,Day,0.040625,81.25,-15.0,22.92900399993414,manual
1767922603542,Sunny,Day,0.037109375,74.21875,-16.0,23.239672999807226,manual
1767922603574,Sunny,Day,0.03333333333333333,66.66666666666667,-12.0,23.89449300017077,manual
1767922603607,Sunny,Day,0.04670138888888889,93.40277777777779,-11.0,24.753078999992795,manual
1767922603636,Sunny,Day,0.05147569444444444,100.0,-37.0,20.48151499980122,manual
1767922603668,Sunny,Day,0.04609375,92.1875,-17.0,22.941261999903872,manual
1767922603701,Sunny,Day,0.048914930555555555,97.82986111111111,-13.0,24.862276999783717,manual
1767922603731,Sunny,Day,0.05360243055555555,100.0,,20.90653100003692,manual
1767922603762,Sunny,Day,0.06575520833333333,100.0,,18.692547999989984,manual
1767922603794,Sunny,Day,0.06488715277777778,100.0,-40.0,23.409591000017826,manual
1767922603825,Sunny,Day,0.0578125,100.0,-18.0,23.52254799984621,manual
1767922603856,Sunny,Day,0.06284722222222222,100.0,-14.0,22.49772900017888,manual
1767922603887,Sunny,Day,0.06861979166666667,100.0,-35.0,21.540053999842712,manual
1767922603919,Sunny,Day,0.061371527777777775,100.0,-35.0,23.56878700015841,manual
1767922603950,Sunny,Day,0.05065104166666667,100.0,-9.0,22.65255499992236,manual
1767922603983,Sunny,Day,0.03268229166666667,65.36458333333334,-4.0,24.529442999892126,manual
1767922604014,Sunny,Day,0.03893229166666667,77.86458333333333,-5.0,23.37607399999797,manual
1767922604045,Sunny,Day,0.04192708333333333,83.85416666666666,0.0,21.945589000097243,manual
1767922604076,Sunny,Day,0.028776041666666665,57.55208333333333,,22.104544000058013,manual
1767922604108,Sunny,Day,0.029861111111111113,59.72222222222223,,26.90637799992146,manual
1767922604138,Sunny,Day,0.03771701388888889,75.43402777777777,-45.0,17.777518999992026,manual
1767922604172,Sunny,Day,0.03888888888888889,77.77777777777779,-32.0,24.442853999971703,manual
1767922604202,Sunny,Day,0.03012152777777778,60.24305555555556,,16.505416999962108,manual
1767922604232,Sunny,Day,0.02109375,42.1875,,22.119838999969943,manual
1767922604264,Sunny,Day,0.03029513888888889,60.59027777777778,-35.0,22.932761999982176,manual
1767922604296,Sunny,Day,0.02816840277777778,56.33680555555556,-32.0,24.113370000122814,manual
1767922604329,Sunny,Day,0.02717013888888889,54.34027777777778,,22.2884970000905,manual
1767922604358,Sunny,Day,0.014583333333333334,29.166666666666668,,19.991630999811605,manual
1767922604389,Sunny,Day,0.015885416666666666,31.770833333333332,,23.30718700000034,manual
1767922604421,Sunny,Day,0.013932291666666667,27.864583333333336,,23.82292100014638,manual
1767922604455,Sunny,Day,0.017361111111111112,34.72222222222222,,25.622016999932384,manual
1767922604484,Sunny,Day,0.013411458333333333,26.822916666666664,-28.0,19.969983999999386,manual
1767922604515,Sunny,Day,0.00959201388888889,19.18402777777778,,22.611260000076072,manual
1767922604549,Sunny,Day,0.007595486111111111,15.190972222222221,,25.009325000155513,manual
1767922604578,Sunny,Day,0.013194444444444444,26.38888888888889,-22.0,20.43844199988598,manual
1767922604611,Sunny,Day,0.0109375,21.875,,24.08509299993966,manual
1767922604641,Sunny,Day,0.007508680555555556,15.01736111111111,,19.200264000119205,manual
1767922604674,Sunny,Day,0.006032986111111111,12.065972222222223,,24.187439999877824,manual
1767922604704,Sunny,Day,0.011414930555555555,22.82986111111111,,20.370798000158175,manual
1767922604735,Sunny,Day,0.0109375,21.875,,22.98696299999392,manual
1767922604767,Sunny,Day,0.010503472222222223,21.006944444444446,,22.751047999918228,manual
1767922604800,Sunny,Day,0.007769097222222222,15.538194444444445,,25.193037999997614,manual
1767922604829,Sunny,Day,0.008203125,16.40625,,20.10573600000498,manual
1767922604861,Sunny,Day,0.011414930555555555,22.82986111111111,,23.12373400013712,manual
1767922604892,Sunny,Day,0.00837673611111111,16.75347222222222,,23.440217999905144,manual
1767922604924,Sunny,Day,0.008463541666666666,16.927083333333332,,22.281683000073826,manual
1767922604955,Sunny,Day,0.008767361111111111,17.53472222222222,,18.420560999857116,manual
1767922604988,Sunny,Day,0.01115451388888889,22.30902777777778,,24.158403999990696,manual
1767922605019,Sunny,Day,0.0109375,21.875,,21.00604299994302,manual
1767922605050,Sunny,Day,0.007595486111111111,15.190972222222221,,19.95461299998169,manual
1767922605081,Sunny,Day,0.008940972222222222,17.881944444444443,,20.934045999865702,manual
1767922605112,Sunny,Day,0.017838541666666666,35.67708333333333,,18.18790499987699,manual
1767922605143,Sunny,Day,0.017838541666666666,35.67708333333333,,22.46152499992604,manual
1767922605177,Sunny,Day,0.01545138888888889,30.90277777777778,,26.16308099982234,manual
1767922605206,Sunny,Day,0.021527777777777778,43.05555555555556,,20.127049999928204,manual
1767922605239,Sunny,Day,0.030164930555555556,60.329861111111114,-13.0,24.372336999931576,manual
1767922605274,Sunny,Day,0.030555555555555555,61.11111111111111,-11.0,22.138245000178358,manual
1767922605303,Sunny,Day,0.027126736111111112,54.25347222222222,-4.0,12.354085999959352,manual
1767922605331,Sunny,Day,0.03376736111111111,67.53472222222221,-6.0,18.899370000099225,manual
1767922605363,Sunny,Day,0.04084201388888889,81.68402777777779,-6.0,24.604788999795346,auto
1767922605395,Sunny,Day,0.042881944444444445,85.76388888888889,-3.0,20.00051799996072,auto
1767922605426,Sunny,Day,0.042708333333333334,85.41666666666667,-2.0,22.85308000000441,auto
1767922605456,Sunny,Day,0.04227430555555556,84.54861111111111,-1.0,20.328076999931,auto
1767922605491,Sunny,Day,0.04748263888888889,94.96527777777777,-2.0,25.378935000162528,auto
1767922605520,Sunny,Day,0.05134548611111111,100.0,-3.0,19.714550999879066,auto
1767922605554,Sunny,Day,0.04583333333333333,91.66666666666666,-3.0,24.409002000084,auto
1767922605584,Sunny,Day,0.04626736111111111,92.53472222222223,-4.0,19.321626999953878,auto
1767922605614,Sunny,Day,0.04596354166666667,91.92708333333334,-5.0,17.099255999937668,auto
1767922605645,Sunny,Day,0.04787326388888889,95.74652777777779,-6.0,22.494764000157375,auto
1767922605677,Sunny,Day,0.04318576388888889,86.37152777777777,-7.0,23.648817000093914,auto
1767922605708,Sunny,Day,0.044487847222222224,88.97569444444444,-7.0,22.469728000032774,auto
1767922605739,Sunny,Day,0.044097222222222225,88.19444444444446,-7.0,22.899576999861893,auto
1767922605771,Sunny,Day,0.04583333333333333,91.66666666666666,-7.0,23.376460999998017,auto
1767922605804,Sunny,Day,0.043793402777777775,87.58680555555554,-8.0,24.201290000064546,auto
1767922605835,Sunny,Day,0.042881944444444445,85.76388888888889,-7.0,21.600937999892267,auto
1767922605866,Sunny,Day,0.04171006944444444,83.42013888888889,-7.0,21.660101999941617,auto
1767922605898,Sunny,Day,0.03993055555555555,79.8611111111111,-7.0,23.15586099985012,auto
1767922605928,Sunny,Day,0.04392361111111111,87.84722222222221,-7.0,22.013065999999526,auto
1767922605959,Sunny,Day,0.03984375,79.6875,-9.0,22.827821999953812,auto
1767922605991,Sunny,Day,0.031206597222222222,62.41319444444444,-11.0,19.02404900010879,auto
1767922606024,Sunny,Day,0.030946180555555557,61.892361111111114,-12.0,25.29271600019456,auto
1767922606053,Sunny,Day,0.027560763888888888,55.12152777777778,-9.0,20.395830999859754,auto
1767922606086,Sunny,Day,0.031901041666666664,63.80208333333333,-9.0,24.36305799983529,auto
1767922606117,Sunny,Day,0.03224826388888889,64.49652777777779,-7.0,20.151102999989234,auto
1767922606148,Sunny,Day,0.03611111111111111,72.22222222222221,-5.0,21.442000999968513,auto
1767922606182,Sunny,Day,0.04205729166666667,84.11458333333334,-4.0,23.27157700005955,auto
1767922606212,Sunny,Day,0.041449652777777776,82.89930555555556,-4.0,15.143539000064266,auto
1767922606243,Sunny,Day,0.048914930555555555,97.82986111111111,-4.0,20.05412600010459,auto
1767922606274,Sunny,Day,0.051171875,100.0,-4.0,20.68028000007871,auto
1767922606305,Sunny,Day,0.05373263888888889,100.0,-5.0,22.336752999990495,auto
1767922606335,Sunny,Day,0.049956597222222225,99.91319444444446,-6.0,20.924341999943863,auto
1767922606367,Sunny,Day,0.050520833333333334,100.0,-7.0,23.224226999900566,auto
1767922606399,Sunny,Day,0.04700520833333333,94.01041666666667,-7.0,24.105294000037247,auto
1767922606430,Sunny,Day,0.04717881944444444,94.35763888888889,-8.0,19.39091899998857,auto
1767922606462,Sunny,Day,0.046440972222222224,92.88194444444444,-9.0,22.956018000058975,auto
1767922606494,Sunny,Day,0.048177083333333336,96.35416666666667,-9.0,23.839825999857567,auto
1767922606526,Sunny,Day,0.042534722222222224,85.06944444444444,-8.0,20.7410359998903,auto
1767922606556,Sunny,Day,0.046614583333333334,93.22916666666667,-8.0,21.856092000007266,auto
1767922606588,Sunny,Day,0.055989583333333336,100.0,-7.0,23.567099000047165,auto
1767922606619,Sunny,Day,0.05056423611111111,100.0,-7.0,22.24725699988994,auto
1767922606653,Sunny,Day,0.05329861111111111,100.0,-7.0,25.532722999969337,auto
1767922606681,Sunny,Day,0.05169270833333333,100.0,-6.0,20.412349000025642,auto
1767922606714,Sunny,Day,0.05703125,100.0,-6.0,24.40561200000957,auto
1767922606744,Sunny,Day,0.05607638888888889,100.0,-6.0,20.83473499988031,auto
1767922606776,Sunny,Day,0.05668402777777778,100.0,-5.0,23.662427000090247,auto
1767922606807,Sunny,Day,0.05060763888888889,100.0,-5.0,20.60830199980046,auto
1767922606840,Sunny,Day,0.05685763888888889,100.0,-5.0,24.44901699982438,auto
1767922606870,Sunny,Day,0.056206597222222224,100.0,-5.0,19.03810299995712,auto
1767922606901,Sunny,Day,0.053385416666666664,100.0,-4.0,22.909112999968784,auto
1767922606934,Sunny,Day,0.05377604166666667,100.0,-5.0,24.04222299992398,auto
1767922606964,Sunny,Day,0.05464409722222222,100.0,-5.0,22.374639999952706,auto
1767922607001,Sunny,Day,0.058854166666666666,100.0,-6.0,28.642826000123023,auto
1767922607027,Sunny,Day,0.053559027777777775,100.0,-6.0,16.364292000162095,auto
1767922607060,Sunny,Day,0.053211805555555554,100.0,-6.0,23.49278599990612,auto
1767922607090,Sunny,Day,0.05486111111111111,100.0,-7.0,20.343980999996347,auto
1767922607122,Sunny,Day,0.05642361111111111,100.0,-7.0,23.779606000061904,auto
1767922607155,Sunny,Day,0.05855034722222222,100.0,-7.0,21.590029999970284,auto
1767922607185,Sunny,Day,0.05182291666666667,100.0,-5.0,19.003640999926574,auto
1767922607216,Sunny,Day,0.05390625,100.0,-6.0,23.625632000175756,auto
1767922607247,Sunny,Day,0.05564236111111111,100.0,-6.0,20.4656599998998,auto
1767922607278,Sunny,Day,0.05681423611111111,100.0,-5.0,23.057271999959994,auto
1767922607310,Sunny,Day,0.06128472222222222,100.0,-6.0,20.16802700018161,auto
1767922607344,Sunny,Day,0.05633680555555556,100.0,-5.0,24.529957000140712,auto
1767922607373,Sunny,Day,0.060286458333333334,100.0,-6.0,17.761146999873745,auto
1767922607405,Sunny,Day,0.060069444444444446,100.0,-5.0,23.125249000031545,auto
1767922607437,Sunny,Day,0.06076388888888889,100.0,-6.0,24.012074999973265,auto
1767922607469,Sunny,Day,0.05572916666666667,100.0,-5.0,21.76379899992753,auto
1767922607496,Sunny,Day,0.05859375,100.0,-6.0,17.737388999876202,auto
1767922607527,Sunny,Day,0.05807291666666667,100.0,-6.0,24.295580000170958,auto
1767922607560,Sunny,Day,0.059027777777777776,100.0,-5.0,26.340737000055015,auto
1767922607590,Sunny,Day,0.05694444444444444,100.0,-5.0,23.259242999984053,auto
1767922607621,Sunny,Day,0.05251736111111111,100.0,-5.0,24.72226200006844,auto
1767922607653,Sunny,Day,0.055859375,100.0,-5.0,20.946395999999368,auto
1767922607684,Sunny,Day,0.05802951388888889,100.0,-5.0,24.07318300015504,auto
1767922607716,Sunny,Day,0.052083333333333336,100.0,-5.0,24.52140200011854,auto
1767922607748,Sunny,Day,0.04739583333333333,94.79166666666666,-4.0,25.40994900004989,auto
1767922607779,Sunny,Day,0.048914930555555555,97.82986111111111,-6.0,24.432647000139696,auto
1767922607810,Sunny,Day,0.05073784722222222,100.0,-5.0,24.263655999902767,auto
1767922607841,Sunny,Day,0.046484375,92.96875,-4.0,24.566657999912422,auto
1767922607875,Sunny,Day,0.046484375,92.96875,-5.0,26.76660399993125,auto
1767922607904,Sunny,Day,0.0484375,96.875,-6.0,23.028125000109867,auto
1767922607936,Sunny,Day,0.047135416666666666,94.27083333333333,-5.0,25.177276000022175,auto
1767922607967,Sunny,Day,0.04813368055555556,96.26736111111111,-4.0,24.024908000001233,auto
1767922607998,Sunny,Day,0.04162326388888889,83.24652777777777,-4.0,20.197135999978855,auto
1767922608029,Sunny,Day,0.04383680555555555,87.6736111111111,-4.0,24.555083999985072,auto
1767922608062,Sunny,Day,0.046440972222222224,92.88194444444444,-5.0,25.915238000152385,auto
1767922608092,Sunny,Day,0.04600694444444445,92.0138888888889,-4.0,19.37919600004534,auto
1767922608124,Sunny,Day,0.032074652777777775,64.14930555555554,1.0,24.242524999863235,auto
1767922608155,Sunny,Day,0.04236111111111111,84.72222222222223,-1.0,24.21713799981262,auto
1767922608188,Sunny,Day,0.043229166666666666,86.45833333333333,-5.0,25.86301800010915,auto
1767922608218,Sunny,Day,0.04123263888888889,82.46527777777777,-6.0,23.417864000066402,auto
1767922608249,Sunny,Day,0.03528645833333333,70.57291666666667,-2.0,24.591675000010582,auto
1767922608282,Sunny,Day,0.030078125,60.15625,2.0,26.314959000046656,auto
1767922608312,Sunny,Day,0.04162326388888889,83.24652777777777,-6.0,22.162888999901043,auto
1767922608343,Sunny,Day,0.04357638888888889,87.15277777777777,-7.0,24.199231000011423,auto
1767922608375,Sunny,Day,0.03810763888888889,76.21527777777779,-5.0,24.856142999851727,auto
1767922608406,Sunny,Day,0.033637152777777776,67.27430555555556,-4.0,24.86016199986807,auto
1767922608438,Sunny,Day,0.03723958333333333,74.47916666666667,-8.0,24.766350999925635,auto
1767922608469,Sunny,Day,0.04396701388888889,87.93402777777779,-8.0,24.715836000041236,auto
1767922608500,Sunny,Day,0.040581597222222224,81.16319444444444,-6.0,24.981247999903644,auto
1767922608532,Sunny,Day,0.03819444444444445,76.3888888888889,-3.0,24.7446299999865,auto
1767922608563,Sunny,Day,0.03923611111111111,78.47222222222221,-2.0,24.99365499988926,auto
1767922608595,Sunny,Day,0.044661458333333334,89.32291666666667,-8.0,24.739500999885422,auto
1767922608626,Sunny,Day,0.045746527777777775,91.49305555555554,-6.0,25.25914200009538,auto
1767922608658,Sunny,Day,0.044921875,89.84375,-6.0,24.79344299990771,auto
1767922608691,Sunny,Day,0.04370659722222222,87.41319444444444,-5.0,26.49896799994167,auto
1767922608720,Sunny,Day,0.046614583333333334,93.22916666666667,-7.0,22.70006599997032,auto
1767922608753,Sunny,Day,0.05047743055555556,100.0,-6.0,25.26601199997458,auto
1767922608783,Sunny,Day,0.04756944444444444,95.13888888888889,-4.0,22.255717999996705,auto
1767922608815,Sunny,Day,0.04878472222222222,97.56944444444444,-5.0,21.531346999836387,auto
1767922608846,Sunny,Day,0.053125,100.0,-6.0,24.274968999861812,auto
1767922608877,Sunny,Day,0.054427083333333334,100.0,-4.0,21.306283999820153,auto
1767922608909,Sunny,Day,0.05642361111111111,100.0,-3.0,24.44284900002458,auto
1767922608940,Sunny,Day,0.049305555555555554,98.61111111111111,-2.0,24.882568000066385,auto
1767922608973,Sunny,Day,0.056206597222222224,100.0,-4.0,26.6296649999731,auto
1767922609003,Sunny,Day,0.05572916666666667,100.0,-3.0,21.726910999859683,auto
1767922609036,Sunny,Day,0.054210069444444446,100.0,-3.0,24.85182700002042,auto
1767922609066,Sunny,Day,0.05364583333333333,100.0,-1.0,15.115852999997514,auto
1767922609101,Sunny,Day,0.054036458333333336,100.0,-3.0,27.73490499998843,auto
1767922609128,Sunny,Day,0.05546875,100.0,-3.0,21.212917999946512,auto
1767922609160,Sunny,Day,0.053862847222222225,100.0,-2.0,25.018283000008523,auto
1767922609193,Sunny,Day,0.05186631944444445,100.0,0.0,25.783020999824657,auto
1767922609222,Sunny,Day,0.050303819444444446,100.0,-1.0,22.65441899999132,auto
1767922609255,Sunny,Day,0.050520833333333334,100.0,-1.0,25.667565000048853,auto
1767922609286,Sunny,Day,0.0546875,100.0,-1.0,24.72892600007981,auto
1767922609317,Sunny,Day,0.04861111111111111,97.22222222222223,1.0,23.205077000056917,auto
1767922609351,Sunny,Day,0.04596354166666667,91.92708333333334,5.0,27.83351100015352,auto
1767922609380,Sunny,Day,0.04683159722222222,93.66319444444444,3.0,21.16525399992497,auto
1767922609412,Sunny,Day,0.050130208333333336,100.0,1.0,25.476369999978488,auto
1767922609442,Sunny,Day,0.04327256944444444,86.54513888888889,7.0,23.83741500011638,auto
1767922609475,Sunny,Day,0.03993055555555555,79.8611111111111,8.0,25.732042999834448,auto
1767922609507,Sunny,Day,0.03337673611111111,66.75347222222221,12.0,22.186498000110078,auto
1767922609537,Sunny,Day,0.03641493055555556,72.82986111111111,9.0,23.17431899996336,auto
1767922609568,Sunny,Day,0.03875868055555556,77.51736111111111,,21.892699000090943,auto
1767922609599,Sunny,Day,0.030685763888888887,61.37152777777777,,24.46079199989981,auto
1767922609631,Sunny,Day,0.0234375,46.875,,24.95432199998504,auto
1767922609662,Sunny,Day,0.0265625,53.125,,24.18325000007826,auto
1767922609694,Sunny,Day,0.032421875,64.84375,,24.68578000002708,auto
1767922609725,Sunny,Day,0.033680555555555554,67.36111111111111,,19.133170000031896,auto
1767922609757,Sunny,Day,0.027387152777777778,54.77430555555556,,25.00813400001789,auto
1767922609789,Sunny,Day,0.031510416666666666,63.02083333333333,,26.211444999944433,auto
1767922609819,Sunny,Day,0.03268229166666667,65.36458333333334,,23.115711000173178,auto
1767922609853,Sunny,Day,0.03198784722222222,63.975694444444436,,27.335555000036038,auto
1767922609883,Sunny,Day,0.025434027777777778,50.86805555555556,,21.488033000196083,auto
1767922609917,Sunny,Day,0.0296875,59.375,,28.05714800001624,auto
1767922609945,Sunny,Day,0.030034722222222223,60.06944444444444,8.0,20.2377630000683,auto
1767922609976,Sunny,Day,0.035416666666666666,70.83333333333333,,23.263443999894662,auto
1767922610008,Sunny,Day,0.03198784722222222,63.975694444444436,,25.69795200020053,auto
1767922610039,Sunny,Day,0.02769097222222222,55.38194444444444,,21.054720999927667,auto
1767922610071,Sunny,Day,0.028602430555555555,57.20486111111111,,24.837623999928837,auto
1767922610102,Sunny,Day,0.034331597222222225,68.66319444444446,,22.488834000114366,auto
1767922610133,Sunny,Day,0.033637152777777776,67.27430555555556,7.0,24.304577000066274,auto
1767922610165,Sunny,Day,0.031336805555555555,62.67361111111111,,25.16520000017408,auto
1767922610197,Sunny,Day,0.027300347222222222,54.60069444444444,20.0,25.86018400006651,auto
1767922610227,Sunny,Day,0.03493923611111111,69.87847222222223,,21.50488300003417,auto
1767922610260,Sunny,Day,0.03532986111111111,70.65972222222221,18.0,26.39943500003028,auto
1767922610290,Sunny,Day,0.034375,68.75,,21.354187000042657,auto
1767922610324,Sunny,Day,0.029079861111111112,58.15972222222222,,26.921501000060744,auto
1767922610353,Sunny,Day,0.04505208333333333,90.10416666666667,14.0,22.830871999985902,auto
1767922610385,Sunny,Day,0.04969618055555555,99.3923611111111,14.0,25.285602000167273,auto
1767922610416,Sunny,Day,0.04353298611111111,87.06597222222221,13.0,23.74947500015878,auto
1767922610447,Sunny,Day,0.03980034722222222,79.60069444444444,11.0,22.175330999971266,auto
1767922610478,Sunny,Day,0.05186631944444445,100.0,11.0,24.874084999964907,auto
1767922610510,Sunny,Day,0.05099826388888889,100.0,3.0,24.879565999981423,auto
1767922610541,Sunny,Day,0.05138888888888889,100.0,5.0,24.560414999996283,auto
1767922610574,Sunny,Day,0.053862847222222225,100.0,5.0,26.317994000010003,auto
1767922610605,Sunny,Day,0.05416666666666667,100.0,3.0,23.812415000065812,auto
1767922610636,Sunny,Day,0.05520833333333333,100.0,4.0,24.50191899993115,auto
1767922610667,Sunny,Day,0.05694444444444444,100.0,4.0,24.15095400010614,auto
1767922610699,Sunny,Day,0.05633680555555556,100.0,2.0,25.348449999910372,auto
1767922610733,Sunny,Day,0.053125,100.0,4.0,27.104899000050864,auto
1767922610761,Sunny,Day,0.05490451388888889,100.0,4.0,20.923264999964886,auto
1767922610793,Sunny,Day,0.05295138888888889,100.0,3.0,24.675724999951854,auto
1767922610824,Sunny,Day,0.04787326388888889,95.74652777777779,4.0,21.025591999887183,auto
1767922610855,Sunny,Day,0.05095486111111111,100.0,5.0,24.232914000094752,auto
1767922610887,Sunny,Day,0.050694444444444445,100.0,6.0,24.654243999975733,auto
1767922610921,Sunny,Day,0.05407986111111111,100.0,2.0,25.92608800000562,auto
1767922610950,Sunny,Day,0.04782986111111111,95.65972222222221,1.0,23.205834999998842,auto
1767922610981,Sunny,Day,0.04262152777777778,85.24305555555556,6.0,24.143009999988863,auto
1767922611013,Sunny,Day,0.04917534722222222,98.35069444444444,6.0,25.677765999944313,auto
1767922611046,Sunny,Day,0.051909722222222225,100.0,3.0,24.40751399990404,auto
1767922611075,Sunny,Day,0.05347222222222222,100.0,1.0,22.35293300009289,auto
1767922611108,Sunny,Day,0.045572916666666664,91.14583333333333,2.0,26.152833999958602,auto
1767922611140,Sunny,Day,0.05147569444444444,100.0,6.0,24.896934000025794,auto
1767922611169,Sunny,Day,0.05577256944444445,100.0,1.0,22.794744000066203,auto
1767922611201,Sunny,Day,0.05095486111111111,100.0,1.0,19.5330929998363,auto
1767922611233,Sunny,Day,0.04084201388888889,81.68402777777779,1.0,26.130225000088103,auto
1767922611264,Sunny,Day,0.04157986111111111,83.15972222222221,1.0,23.002270999995744,auto
1767922611295,Sunny,Day,0.050520833333333334,100.0,2.0,24.91187800001171,auto
1767922611326,Sunny,Day,0.04748263888888889,94.96527777777777,0.0,24.304538000023967,auto
1767922611358,Sunny,Day,0.04375,87.5,0.0,24.825920000012047,auto
1767922611389,Sunny,Day,0.03142361111111111,62.84722222222222,-5.0,24.727034999841635,auto
1767922611422,Sunny,Day,0.04778645833333333,95.57291666666666,1.0,25.88575499999024,auto
1767922611452,Sunny,Day,0.04709201388888889,94.18402777777777,2.0,21.879698000020653,auto
1767922611483,Sunny,Day,0.04496527777777778,89.93055555555556,3.0,24.743719999833047,auto
1767922611514,Sunny,Day,0.034375,68.75,3.0,24.84767800001464,auto
1767922611547,Sunny,Day,0.036848958333333334,73.69791666666667,-1.0,26.300827000113713,auto
1767922611577,Sunny,Day,0.045703125,91.40625,2.0,23.70347600003697,auto
1767922611609,Sunny,Day,0.03980034722222222,79.60069444444444,3.0,24.659130999907575,auto
1767922611640,Sunny,Day,0.03359375,67.1875,4.0,24.576339000077496,auto
1767922611672,Sunny,Day,0.031684027777777776,63.36805555555555,-8.0,24.48984400007248,auto
1767922611703,Sunny,Day,0.03828125,76.5625,4.0,24.742460999959803,auto
1767922611734,Sunny,Day,0.04066840277777778,81.33680555555556,3.0,24.811142999851654,auto
1767922611766,Sunny,Day,0.031336805555555555,62.67361111111111,-5.0,25.022298000067167,auto
1767922611797,Sunny,Day,0.023133680555555557,46.267361111111114,,25.01585499999237,auto
1767922611829,Sunny,Day,0.02521701388888889,50.43402777777778,-7.0,25.16856900001585,auto
1767922611860,Sunny,Day,0.034505208333333336,69.01041666666667,3.0,22.864610999931756,auto
1767922611891,Sunny,Day,0.029774305555555554,59.54861111111111,-6.0,24.450642000147127,auto
1767922611924,Sunny,Day,0.029036458333333334,58.07291666666667,-4.0,25.155996000194136,auto
1767922611955,Sunny,Day,0.028515625,57.03125,-7.0,25.297470000168687,auto
1767922611985,Sunny,Day,0.028385416666666666,56.770833333333336,-4.0,23.726215000124284,auto
1767922612017,Sunny,Day,0.033637152777777776,67.27430555555556,-4.0,25.120589999914955,auto
1767922612050,Sunny,Day,0.03211805555555555,64.2361111111111,-3.0,25.629490000028454,auto
1767922612080,Sunny,Day,0.025607638888888888,51.21527777777778,-4.0,22.169162999944092,auto
1767922612111,Sunny,Day,0.025390625,50.78125,-5.0,24.74108900014471,auto
1767922612144,Sunny,Day,0.03424479166666667,68.48958333333334,-1.0,26.05278299984093,auto
1767922612174,Sunny,Day,0.029253472222222222,58.50694444444444,-2.0,23.53566800002227,auto
1767922612205,Sunny,Day,0.027647569444444443,55.295138888888886,-1.0,24.424698000075296,auto
1767922612237,Sunny,Day,0.025,50.0,-3.0,23.745213999973203,auto
1767922612268,Sunny,Day,0.03229166666666667,64.58333333333334,0.0,23.514020999982677,auto
1767922612301,Sunny,Day,0.03203125,64.0625,0.0,25.60423099998843,auto
1767922612331,Sunny,Day,0.027994791666666668,55.989583333333336,1.0,21.65652200005752,auto
1767922612365,Sunny,Day,0.029513888888888888,59.02777777777778,-3.0,26.176258000077723,auto
1767922612394,Sunny,Day,0.025868055555555554,51.73611111111111,-1.0,21.893232000138596,auto
1767922612425,Sunny,Day,0.029730902777777776,59.46180555555555,-1.0,24.34736800000792,auto
1767922612457,Sunny,Day,0.026475694444444444,52.951388888888886,0.0,24.396161999902688,auto
1767922612493,Sunny,Day,0.021918402777777776,43.83680555555555,-2.0,25.711837000017113,auto
1767922612525,Sunny,Day,0.027821180555555554,55.64236111111111,-3.0,18.31698600017262,auto
1767922612554,Sunny,Day,0.031684027777777776,63.36805555555555,1.0,18.812406999813902,auto
1767922612589,Sunny,Day,0.025434027777777778,50.86805555555556,1.0,25.190474000055474,auto
1767922612615,Sunny,Day,0.024305555555555556,48.611111111111114,-3.0,18.406204000029902,auto
1767922612647,Sunny,Day,0.024001736111111113,48.00347222222223,-4.0,23.54716800005008,auto
1767922612678,Sunny,Day,0.028645833333333332,57.291666666666664,-4.0,23.43530300004204,auto
1767922612710,Sunny,Day,0.027300347222222222,54.60069444444444,-2.0,24.3556829998397,auto
1767922612742,Sunny,Day,0.020616319444444444,41.232638888888886,0.0,22.611344000097233,auto
1767922612775,Sunny,Day,0.023871527777777776,47.74305555555555,3.0,24.59913300003791,auto
1767922612805,Sunny,Day,0.024696180555555555,49.39236111111111,8.0,16.818005999994057,auto
1767922612836,Sunny,Day,0.02751736111111111,55.03472222222222,2.0,21.705797999857168,auto
1767922612867,Sunny,Day,0.023350694444444445,46.70138888888889,2.0,21.795236999878398,auto
1767922612898,Sunny,Day,0.02421875,48.4375,4.0,21.882732999984,auto
1767922612930,Sunny,Day,0.02634548611111111,52.69097222222222,13.0,22.7093020000666,auto
1767922612961,Sunny,Day,0.0265625,53.125,12.0,22.430816999985836,auto
1767922612995,Sunny,Day,0.024001736111111113,48.00347222222223,27.0,25.265767000064443,auto
1767922613025,Sunny,Day,0.012369791666666666,24.739583333333332,,20.826155999884577,auto
1767922613057,Sunny,Day,0.012586805555555556,25.17361111111111,,23.373639000055846,auto
1767922613089,Sunny,Day,0.016059027777777776,32.11805555555555,,18.7464269999964,auto
1767922613119,Sunny,Day,0.013368055555555555,26.73611111111111,,20.330310999952417,auto
1767922613150,Sunny,Day,0.009895833333333333,19.791666666666664,,23.61388600002101,auto
1767922613186,Sunny,Day,0.009375,18.75,,27.41588000003503,auto
1767922613213,Sunny,Day,0.011935763888888888,23.871527777777775,,19.008173000202078,auto
1767922613244,Sunny,Day,0.01796875,35.9375,,22.592899999835936,auto
1767922613276,Sunny,Day,0.009982638888888888,19.965277777777775,,24.412234999999782,auto
1767922613306,Sunny,Day,0.009157986111111112,18.31597222222222,,22.151107000127013,auto
1767922613338,Sunny,Day,0.0072048611111111115,14.409722222222223,,23.41374800016638,auto
1767922613370,Sunny,Day,0.014496527777777778,28.993055555555557,,23.406044000012116,auto
1767922613404,Sunny,Day,0.0078125,15.625,,25.69033700001455,auto
1767922613434,Sunny,Day,0.006163194444444444,12.32638888888889,,21.56285899991417,auto
1767922613464,Sunny,Day,0.007638888888888889,15.277777777777777,,21.84278999993694,auto
1767922613496,Sunny,Day,0.01328125,26.5625,,22.112961000175346,auto
1767922613526,Sunny,Day,0.012543402777777778,25.086805555555557,,22.160291999853143,auto
1767922613558,Sunny,Day,0.00920138888888889,18.40277777777778,,23.329936999971324,auto
1767922613593,Sunny,Day,0.004470486111111111,8.940972222222221,,26.601401999869267,auto
1767922613622,Sunny,Day,0.012022569444444445,24.04513888888889,,19.52766500016878,auto
1767922613653,Sunny,Day,0.014930555555555556,29.861111111111114,,23.069506000183537,auto
1767922613688,Sunny,Day,0.007552083333333333,15.104166666666666,,26.196922000053746,auto
1767922613716,Sunny,Day,0.0033420138888888887,6.684027777777778,,18.51980900005401,auto
1767922613748,Sunny,Day,0.008767361111111111,17.53472222222222,,21.287411000002976,auto
1767922613782,Sunny,Day,0.012977430555555556,25.954861111111114,,20.537040999897727,auto
1767922613808,Sunny,Day,0.008897569444444444,17.79513888888889,,16.1089670000365,auto
1767922613840,Sunny,Day,0.0048177083333333336,9.635416666666668,,23.808839000139415,auto
1767922613872,Sunny,Day,0.009288194444444444,18.57638888888889,,23.51942800009965,auto
1767922613905,Sunny,Day,0.009722222222222222,19.444444444444446,,23.516483000094013,auto
1767922613935,Sunny,Day,0.010763888888888889,21.52777777777778,,22.104647000105615,auto
1767922613966,Sunny,Day,0.006727430555555556,13.454861111111112,,21.831623000025502,auto
1767922613997,Sunny,Day,0.005815972222222222,11.631944444444445,,22.583918999998787,auto
1767922614030,Sunny,Day,0.007638888888888889,15.277777777777777,,17.706479000025865,auto
1767922614060,Sunny,Day,0.011024305555555556,22.048611111111114,,21.129287999883672,auto
1767922614093,Sunny,Day,0.004904513888888889,9.809027777777777,,24.031901000171274,auto
1767922614123,Sunny,Day,0.005989583333333334,11.979166666666668,,21.714184000074965,auto
1767922614156,Sunny,Day,0.006640625,13.28125,,24.84817499998826,auto
1767922614185,Sunny,Day,0.012152777777777778,24.305555555555557,,21.668576000138273,auto
1767922614218,Sunny,Day,0.01032986111111111,20.65972222222222,,24.10784199992122,auto
1767922614251,Sunny,Day,0.004123263888888889,8.246527777777779,,24.833527999817306,auto
1767922614280,Sunny,Day,0.005121527777777778,10.243055555555555,,19.970902000068236,auto
1767922614311,Sunny,Day,0.010373263888888888,20.74652777777778,,23.169629999983954,auto
1767922614342,Sunny,Day,0.006814236111111111,13.628472222222223,,22.594251000100485,auto
1767922614375,Sunny,Day,0.003732638888888889,7.465277777777779,,24.85193400002572,auto
1767922614408,Sunny,Day,0.006293402777777778,12.586805555555555,,24.079362000065885,auto
1767922614438,Sunny,Day,0.005642361111111111,11.284722222222221,,21.834512000168615,auto
1767922614468,Sunny,Day,0.009244791666666667,18.489583333333332,,22.55797500015433,auto
1767922614499,Sunny,Day,0.008333333333333333,16.666666666666668,,17.051678999905562,auto
1767922614530,Sunny,Day,0.004991319444444444,9.982638888888888,,23.55509200015149,auto
1767922614564,Sunny,Day,0.008897569444444444,17.79513888888889,,25.45066300012877,auto
1767922614595,Sunny,Day,0.011588541666666667,23.177083333333336,,21.838197000079163,auto
1767922614629,Sunny,Day,0.009505208333333333,19.010416666666664,,25.76553599988074,auto
1767922614658,Sunny,Day,0.004600694444444445,9.20138888888889,,21.247170000151527,auto
1767922614689,Sunny,Day,0.005598958333333333,11.197916666666666,,20.708384000045044,auto
1767922614720,Sunny,Day,0.012239583333333333,24.479166666666668,,21.63500300002852,auto
1767922614753,Sunny,Day,0.009809027777777778,19.618055555555554,,14.603005000026315,auto
1767922614783,Sunny,Day,0.006640625,13.28125,,20.89520699996683,auto
1767922614815,Sunny,Day,0.007161458333333333,14.322916666666666,,23.24962600005165,auto
1767922614846,Sunny,Day,0.012109375,24.21875,,22.754964999876393,auto
1767922614876,Sunny,Day,0.01349826388888889,26.99652777777778,,21.727905000034298,auto
1767922614908,Sunny,Day,0.011588541666666667,23.177083333333336,,25.044627999932345,auto
1767922614940,Sunny,Day,0.00546875,10.9375,,22.87249700020766,auto
1767922614971,Sunny,Day,0.008810763888888889,17.62152777777778,,21.976320000021587,auto
1767922615004,Sunny,Day,0.013758680555555555,27.51736111111111,,24.4760089999545,auto
1767922615035,Sunny,Day,0.009678819444444445,19.35763888888889,,22.643600000037623,auto
1767922615067,Sunny,Day,0.004991319444444444,9.982638888888888,,18.241784999872834,auto
1767922615097,Sunny,Day,0.006423611111111111,12.847222222222221,,21.811049999996612,auto
1767922615128,Sunny,Day,0.012673611111111111,25.34722222222222,,22.35979900001439,auto
1767922615159,Sunny,Day,0.010677083333333334,21.354166666666668,,23.16592500005754,auto
1767922615190,Sunny,Day,0.007378472222222222,14.756944444444445,,23.13290799997958,auto
1767922615224,Sunny,Day,0.002994791666666667,5.989583333333334,,25.342536999914955,auto
1767922615254,Sunny,Day,0.012456597222222223,24.913194444444446,,21.436604999962583,auto
1767922615286,Sunny,Day,0.01154513888888889,23.09027777777778,,24.13445000001957,auto
1767922615319,Sunny,Day,0.009114583333333334,18.229166666666668,,24.394716000188055,auto
1767922615349,Sunny,Day,0.0038194444444444443,7.638888888888888,,21.663759999910326,auto
1767922615379,Sunny,Day,0.0078125,15.625,,21.896321999975044,auto
1767922615410,Sunny,Day,0.009461805555555555,18.92361111111111,,23.131186000000525,auto
1767922615442,Sunny,Day,0.004904513888888889,9.809027777777777,,23.370006999812176,auto
1767922615474,Sunny,Day,0.0050347222222222225,10.069444444444445,,24.304294000103255,auto
1767922615505,Sunny,Day,0.00703125,14.0625,,21.01151499982734,auto
1767922615536,Sunny,Day,0.009809027777777778,19.618055555555554,,21.278371999869705,auto
1767922615569,Sunny,Day,0.010286458333333333,20.572916666666668,,17.48802599990995,auto
1767922615599,Sunny,Day,0.005512152777777778,11.024305555555557,,22.441221000008227,auto
1767922615636,Sunny,Day,0.0046875,9.375,,25.92730399987886,auto
1767922615664,Sunny,Day,0.010286458333333333,20.572916666666668,,19.293991000040478,auto
1767922615695,Sunny,Day,0.009852430555555555,19.70486111111111,,21.57768999995824,auto
1767922615725,Sunny,Day,0.006944444444444444,13.888888888888888,,22.260562999917965,auto
1767922615755,Sunny,Day,0.0025173611111111113,5.034722222222222,,20.096116999866354,auto
1767922615786,Sunny,Day,0.00959201388888889,19.18402777777778,,23.591904000113573,auto
1767922615819,Sunny,Day,0.007508680555555556,15.01736111111111,,18.694723999942653,auto
1767922615851,Sunny,Day,0.007378472222222222,14.756944444444445,,22.282080999957543,auto
1767922615882,Sunny,Day,0.0050347222222222225,10.069444444444445,,23.086911000063992,auto
1767922615913,Sunny,Day,0.006597222222222222,13.194444444444445,,21.945559999949182,auto
1767922615946,Sunny,Day,0.009765625,19.53125,,25.5259919999844,auto
1767922615975,Sunny,Day,0.006119791666666667,12.239583333333334,,19.62234500001614,auto
1767922616009,Sunny,Day,0.006336805555555556,12.67361111111111,,25.4830490000586,auto
1767922616041,Sunny,Day,0.007855902777777778,15.711805555555555,,27.717695000092135,manual
1767922616070,Sunny,Day,0.01423611111111111,28.47222222222222,,16.512204000036945,manual
1767922616104,Sunny,Day,0.010763888888888889,21.52777777777778,,25.856900000007954,manual
1767922616132,Sunny,Day,0.0067708333333333336,13.541666666666668,,19.33067300001312,manual
1767922616164,Sunny,Day,0.005555555555555556,11.11111111111111,,22.35713200002465,manual
1767922616196,Sunny,Day,0.009114583333333334,18.229166666666668,,24.621796000019458,manual
1767922616227,Sunny,Day,0.008897569444444444,17.79513888888889,,21.389884999962305,manual
1767922616258,Sunny,Day,0.009114583333333334,18.229166666666668,,23.483853000016097,manual
1767922616289,Sunny,Day,0.0024305555555555556,4.861111111111112,,27.18146200004412,manual
1767922616322,Sunny,Day,0.0018663194444444445,3.7326388888888893,,20.07498700004362,manual
1767922616352,Sunny,Day,0.0069878472222222225,13.975694444444445,,21.880063000025984,manual
1767922616384,Sunny,Day,0.008203125,16.40625,,23.976031000074727,manual
1767922616415,Sunny,Day,0.007508680555555556,15.01736111111111,,23.46857599991381,manual
1767922616447,Sunny,Day,0.00703125,14.0625,,22.87390200012851,manual
1767922616478,Sunny,Day,0.006423611111111111,12.847222222222221,,22.537288999956218,manual
1767922616512,Sunny,Day,0.010199652777777778,20.399305555555557,,24.788823999870147,manual
1767922616541,Sunny,Day,0.00546875,10.9375,,19.857461999890802,manual
1767922616574,Sunny,Day,0.006814236111111111,13.628472222222223,,22.93530599990845,manual
1767922616605,Sunny,Day,0.011935763888888888,23.871527777777775,,17.830731000003652,manual
1767922616634,Sunny,Day,0.011284722222222222,22.569444444444443,,21.367385000075956,manual
1767922616665,Sunny,Day,0.005902777777777778,11.805555555555555,,23.386097999946287,manual
1767922616697,Sunny,Day,0.0037760416666666667,7.552083333333333,,22.78472100010731,manual
1767922616729,Sunny,Day,0.00703125,14.0625,,23.794855000005555,manual
1767922616761,Sunny,Day,0.012065972222222223,24.131944444444446,,22.77236999998422,manual
1767922616792,Sunny,Day,0.008550347222222223,17.100694444444446,,23.111463999839543,manual
1767922616824,Sunny,Day,0.005685763888888889,11.371527777777777,,27.925240000058693,manual
1767922616858,Sunny,Day,0.006032986111111111,12.065972222222223,,26.37294800001655,manual
1767922616887,Sunny,Day,0.009635416666666667,19.270833333333336,,21.43760400008432,manual
1767922616918,Sunny,Day,0.009157986111111112,18.31597222222222,,19.240993000039452,manual
1767922616951,Sunny,Day,0.005859375,11.71875,,26.425593000112713,manual
1767922616981,Sunny,Day,0.0038194444444444443,7.638888888888888,,22.395648000156143,manual
1767922617013,Sunny,Day,0.008203125,16.40625,,24.64471999996931,manual
1767922617045,Sunny,Day,0.009809027777777778,19.618055555555554,,24.385436000102345,manual
1767922617075,Sunny,Day,0.006163194444444444,12.32638888888889,,23.4102450001501,manual
1767922617108,Sunny,Day,0.005425347222222222,10.850694444444445,,21.400661000143373,manual
1767922617138,Sunny,Day,0.006944444444444444,13.888888888888888,,18.279021999887846,manual
1767922617169,Sunny,Day,0.010503472222222223,21.006944444444446,,25.68798099991909,manual
1767922617202,Sunny,Day,0.008203125,16.40625,,21.167820999835385,manual
1767922617233,Sunny,Day,0.004600694444444445,9.20138888888889,,21.38342099988222,manual
1767922617264,Sunny,Day,0.004904513888888889,9.809027777777777,,21.08886199994231,manual
1767922617296,Sunny,Day,0.0030381944444444445,6.076388888888889,,23.16094200000407,manual
1767922617326,Sunny,Day,0.005425347222222222,10.850694444444445,,20.929296000076647,manual
1767922617357,Sunny,Day,0.0018229166666666667,3.6458333333333335,,22.467718000143577,manual
1767922617389,Sunny,Day,0.0,0.0,,23.42215099997702,manual
1767922617420,Sunny,Day,0.0011284722222222221,2.256944444444444,,19.135868000148548,manual
1767922617452,Sunny,Day,0.004340277777777778,8.680555555555555,,23.88059100007922,manual
1767922617482,Sunny,Day,0.00078125,1.5625,,22.93097200004013,manual
1767922617515,Sunny,Day,0.0006510416666666666,1.3020833333333333,,21.925374999909764,manual
1767922617545,Sunny,Day,0.004774305555555556,9.548611111111112,,21.872248000136096,manual
1767922617577,Sunny,Day,0.01228298611111111,24.56597222222222,,23.11505600005148,manual
1767922617610,Sunny,Day,0.010460069444444444,20.920138888888886,,25.68494400020427,manual
1767922617640,Sunny,Day,0.004470486111111111,8.940972222222221,,21.475102000067636,manual
1767922617672,Sunny,Day,0.0019097222222222222,3.819444444444444,,23.304435000000012,manual
1767922617703,Sunny,Day,0.008463541666666666,16.927083333333332,,22.711891000199103,manual
1767922617734,Sunny,Day,0.0072048611111111115,14.409722222222223,,23.21997600006398,manual
1767922617766,Sunny,Day,0.004991319444444444,9.982638888888888,,22.801496999818482,manual
1767922617797,Sunny,Day,0.00234375,4.6875,,23.264752000159206,manual
1767922617831,Sunny,Day,0.01918402777777778,38.36805555555556,-4.0,25.625280999975075,manual
1767922617860,Sunny,Day,0.022178819444444445,44.35763888888889,,19.84625800014328,auto
1767922617891,Sunny,Day,0.016796875,33.59375,,22.48823599984462,auto
1767922617922,Sunny,Day,0.017838541666666666,35.67708333333333,-13.0,21.96913200009476,auto
1767922617954,Sunny,Day,0.026779513888888887,53.55902777777777,-16.0,22.930584000050658,auto
1767922617985,Sunny,Day,0.022960069444444446,45.92013888888889,-25.0,23.593235000134882,auto
1767922618017,Sunny,Day,0.015104166666666667,30.208333333333332,,23.66904599989539,auto
1767922618049,Sunny,Day,0.004210069444444444,8.42013888888889,,23.19434699984413,auto
1767922618081,Sunny,Day,0.0013020833333333333,2.6041666666666665,,22.992671999872982,auto
1767922618112,Sunny,Day,0.0038194444444444443,7.638888888888888,,13.207055000066248,auto
1767922618143,Sunny,Day,0.004383680555555556,8.76736111111111,,21.88139500003672,auto
1767922618174,Sunny,Day,0.0018663194444444445,3.7326388888888893,,22.324447000073633,auto
1767922618209,Sunny,Day,0.0014756944444444444,2.951388888888889,,26.509624000027543,auto
1767922618237,Sunny,Day,0.0019097222222222222,3.819444444444444,,16.260066999848277,auto
1767922618268,Sunny,Day,0.005989583333333334,11.979166666666668,,21.286943000177416,auto
1767922618299,Sunny,Day,0.0015190972222222222,3.0381944444444446,,23.029114999872036,auto
1767922618330,Sunny,Day,0.00034722222222222224,0.6944444444444444,,22.52003000012337,auto
1767922618362,Sunny,Day,0.004296875,8.59375,,24.156390999905852,auto
1767922618393,Sunny,Day,0.004861111111111111,9.722222222222223,,23.258844000110912,auto
1767922618425,Sunny,Day,0.003168402777777778,6.336805555555555,,24.22346200000902,auto
1767922618457,Sunny,Day,0.0006944444444444445,1.3888888888888888,,20.50861300017459,auto
1767922618492,Sunny,Day,0.0014756944444444444,2.951388888888889,,26.006463999920015,auto
1767922618520,Sunny,Day,0.0032552083333333335,6.510416666666667,,12.048483999933524,auto
1767922618549,Sunny,Day,0.0026475694444444446,5.295138888888889,,20.807005000051504,auto
1767922618581,Sunny,Day,0.0,0.0,,23.84816599987971,auto
1767922618613,Sunny,Day,0.0,0.0,,24.556390000043393,auto
1767922618645,Sunny,Day,0.0018229166666666667,3.6458333333333335,,23.19249500010301,auto
1767922618676,Sunny,Day,0.003472222222222222,6.944444444444444,,23.183884999980364,auto
1767922618712,Sunny,Day,0.0020833333333333333,4.166666666666667,,26.17582599987145,auto
1767922618739,Sunny,Day,0.0,0.0,,18.495344000029945,auto
1767922618769,Sunny,Day,0.0006510416666666666,1.3020833333333333,,22.708556999987195,auto
1767922618801,Sunny,Day,0.0019097222222222222,3.819444444444444,,23.546459000044706,auto
1767922618833,Sunny,Day,0.0018663194444444445,3.7326388888888893,,23.699191999867253,auto
1767922618864,Sunny,Day,0.00078125,1.5625,,23.119109999925058,auto
1767922618896,Sunny,Day,0.0,0.0,,15.938935999884052,auto
1767922618927,Sunny,Day,0.0,0.0,,22.956359000090742,auto
1767922618959,Sunny,Day,0.0,0.0,,23.080519999894022,auto
1767922618991,Sunny,Day,0.0,0.0,,18.0902160000187,auto
1767922619022,Sunny,Day,0.0,0.0,,18.303816000070583,auto
1767922619052,Sunny,Day,0.0,0.0,,22.280058999967878,auto
1767922619085,Sunny,Day,0.0011284722222222221,2.256944444444444,,24.81348700007402,auto
1767922619115,Sunny,Day,0.0,0.0,,21.92159600008381,auto
1767922619147,Sunny,Day,0.0,0.0,,23.513108000088323,auto
1767922619180,Sunny,Day,0.0,0.0,,25.672110000186876,auto
1767922619212,Sunny,Day,0.001171875,2.34375,,21.95790899986605,auto
1767922619243,Sunny,Day,0.0,0.0,,22.238913000137472,auto
1767922619275,Sunny,Day,0.0,0.0,,22.615487000166468,auto
1767922619304,Sunny,Day,0.0,0.0,,21.016196999880776,auto
1767922619335,Sunny,Day,0.0,0.0,,21.930540000084875,auto
1767922619367,Sunny,Day,0.0,0.0,,23.259065000047485,auto
1767922619401,Sunny,Day,0.0,0.0,,24.64203199997428,auto
1767922619430,Sunny,Day,0.0,0.0,,15.438126999924862,manual
1767922619460,Sunny,Day,0.0,0.0,,19.101515999864205,manual
1767922619491,Sunny,Day,0.0,0.0,,24.27255099996728,manual
1767922619524,Sunny,Day,0.0,0.0,,25.572578000037538,manual
1767922619555,Sunny,Day,0.0,0.0,,22.367925000025934,manual
1767922619587,Sunny,Day,0.0,0.0,,22.867972999847552,manual
1767922619618,Sunny,Day,0.0,0.0,,22.627467999882356,manual
1767922619650,Sunny,Day,0.0,0.0,,23.17919899996923,manual
1767922619681,Sunny,Day,0.0,0.0,,22.311112999886973,manual
1767922619713,Sunny,Day,0.0,0.0,,23.292341999876953,manual
1767922619744,Sunny,Day,0.0,0.0,,21.198724999976548,manual
1767922619775,Sunny,Day,0.0,0.0,,22.697666999874855,manual
1767922619807,Sunny,Day,0.0,0.0,,22.463087000005544,manual
1767922619838,Sunny,Day,0.0,0.0,,23.097666000012396,manual
1767922619870,Sunny,Day,0.0,0.0,,22.995060000084777,manual
1767922619902,Sunny,Day,0.0,0.0,,24.044691999961287,manual
1767922619932,Sunny,Day,0.0,0.0,,21.064954000166836,manual
1767922619963,Sunny,Day,0.0,0.0,,22.408386000051905,manual
1767922619996,Sunny,Day,0.0,0.0,,24.728584000058618,manual
1767922620029,Sunny,Day,0.0,0.0,,24.529537000034907,manual
1767922620057,Sunny,Day,0.0,0.0,,20.098188000019945,manual
1767922620088,Sunny,Day,0.0,0.0,,23.01663200000803,manual
1767922620120,Sunny,Day,0.0,0.0,,22.695443999964482,manual
1767922620151,Sunny,Day,0.0,0.0,,22.67433500014704,manual
1767922620183,Sunny,Day,0.0,0.0,,23.07559299993045,manual
1767922620217,Sunny,Day,0.00026041666666666666,0.5208333333333334,,25.760993999938364,manual
1767922620246,Sunny,Day,0.0,0.0,,20.4359659999227,manual
1767922620277,Sunny,Day,0.0,0.0,,23.022540000056324,manual
1767922620309,Sunny,Day,0.0,0.0,,23.28822999993463,manual
1767922620344,Sunny,Day,0.0018663194444444445,3.7326388888888893,,24.551388000190855,manual
1767922620372,Sunny,Day,0.0,0.0,,19.129087999999683,manual
1767922620403,Sunny,Day,0.0,0.0,,22.882860999970944,manual
1767922620434,Sunny,Day,0.0016927083333333334,3.385416666666667,,14.409474999865779,manual
1767922620465,Sunny,Day,0.0009114583333333333,1.8229166666666667,,23.26947200003815,manual
1767922620496,Sunny,Day,0.0,0.0,,23.115164000046207,manual
1767922620532,Sunny,Day,0.0,0.0,,27.758244999859016,manual
1767922620560,Sunny,Day,0.0,0.0,,18.295945000090796,manual
1767922620591,Sunny,Day,0.0006510416666666666,1.3020833333333333,,22.78006999995341,manual
1767922620623,Sunny,Day,0.0005208333333333333,1.0416666666666667,,23.291470000003756,manual
1767922620654,Sunny,Day,0.0,0.0,,21.055250000017622,manual
1767922620686,Sunny,Day,0.0,0.0,,22.811789999877874,manual
1767922620721,Sunny,Day,0.001953125,3.90625,,26.650060000065423,manual
1767922620749,Sunny,Day,0.0014322916666666666,2.864583333333333,,18.48999100002402,manual
1767922620780,Sunny,Day,0.0,0.0,,22.113919000048554,manual
1767922620811,Sunny,Day,0.0005208333333333333,1.0416666666666667,,22.58258000006208,manual
1767922620842,Sunny,Day,0.0,0.0,,23.607287000004362,manual
1767922620874,Sunny,Day,0.0011284722222222221,2.256944444444444,,23.466960999940056,manual
1767922620905,Sunny,Day,0.00034722222222222224,0.6944444444444444,,23.316172999784612,manual
1767922620937,Sunny,Day,0.0012152777777777778,2.430555555555556,,23.721115000171267,manual
1767922620970,Sunny,Day,0.001345486111111111,2.6909722222222223,,22.910712000111744,manual
1767922621000,Sunny,Day,0.002734375,5.46875,,20.023062000063874,manual
1767922621031,Sunny,Day,0.00234375,4.6875,,16.502850000051694,manual
1767922621063,Sunny,Day,0.0016059027777777777,3.2118055555555554,,17.619182000089495,manual
1767922621098,Sunny,Day,0.0048177083333333336,9.635416666666668,,25.243129000045883,auto
1767922621126,Sunny,Day,0.0047309027777777775,9.461805555555555,,19.382888999871284,auto
1767922621159,Sunny,Day,0.007508680555555556,15.01736111111111,,22.65300199997,auto
1767922621188,Sunny,Day,0.005555555555555556,11.11111111111111,,20.230494999850634,auto
1767922621222,Sunny,Day,0.008116319444444445,16.23263888888889,,25.249610999935612,auto
1767922621251,Sunny,Day,0.008984375,17.96875,,20.497222000130932,auto
1767922621285,Sunny,Day,0.011979166666666667,23.958333333333336,,18.22905900007754,auto
1767922621315,Sunny,Day,0.007335069444444444,14.67013888888889,,21.321717000091667,auto
1767922621347,Sunny,Day,0.006293402777777778,12.586805555555555,,20.802873000093314,auto
1767922621376,Sunny,Day,0.010286458333333333,20.572916666666668,,19.873993999908635,auto
1767922621407,Sunny,Day,0.010763888888888889,21.52777777777778,,21.7571579999003,auto
1767922621439,Sunny,Day,0.006510416666666667,13.020833333333334,,22.888249000061478,auto
1767922621471,Sunny,Day,0.006032986111111111,12.065972222222223,,24.247513000091203,auto
1767922621502,Sunny,Day,0.008463541666666666,16.927083333333332,,23.059869000007893,auto
1767922621534,Sunny,Day,0.010850694444444444,21.70138888888889,,23.92690000010589,auto
1767922621566,Sunny,Day,0.007465277777777778,14.930555555555557,,17.00630599998476,auto
1767922621596,Sunny,Day,0.005121527777777778,10.243055555555555,,22.339795000107188,auto
1767922621627,Sunny,Day,0.006119791666666667,12.239583333333334,,21.69671699994069,auto
1767922621662,Sunny,Day,0.0066840277777777775,13.368055555555555,,26.014683000084915,auto
1767922621690,Sunny,Day,0.0050347222222222225,10.069444444444445,,19.25750700002027,auto
1767922621722,Sunny,Day,0.004774305555555556,9.548611111111112,,27.150791999929424,manual
1767922621753,Sunny,Day,0.004600694444444445,9.20138888888889,,19.23458299984304,manual
1767922621786,Sunny,Day,0.006336805555555556,12.67361111111111,,24.918312999943737,manual
1767922621816,Sunny,Day,0.007335069444444444,14.67013888888889,,20.45566900005724,manual
1767922621848,Sunny,Day,0.0032552083333333335,6.510416666666667,,24.345786000139924,manual
1767922621878,Sunny,Day,0.003689236111111111,7.378472222222222,,21.20998200007307,manual
1767922621910,Sunny,Day,0.0069010416666666664,13.802083333333332,,27.072222000015245,manual
1767922621941,Sunny,Day,0.0033420138888888887,6.684027777777778,,24.052411999946344,manual
1767922621973,Sunny,Day,0.004991319444444444,9.982638888888888,,23.22189899996374,manual
1767922622004,Sunny,Day,0.0014322916666666666,2.864583333333333,,22.56883899985951,manual
1767922622036,Sunny,Day,0.0037760416666666667,7.552083333333333,,22.455899999840767,manual
1767922622067,Sunny,Day,0.0025173611111111113,5.034722222222222,,16.946382000014637,manual
1767922622100,Sunny,Day,0.004644097222222222,9.288194444444445,,21.975887000053262,manual
1767922622130,Sunny,Day,0.004340277777777778,8.680555555555555,,19.55854600009843,manual
1767922622161,Sunny,Day,0.004470486111111111,8.940972222222221,,21.30986500014842,manual
1767922622193,Sunny,Day,0.005642361111111111,11.284722222222221,,22.581912000077864,manual
1767922622226,Sunny,Day,0.005512152777777778,11.024305555555557,,18.25603800011777,manual
1767922622258,Sunny,Day,0.002994791666666667,5.989583333333334,,23.186937000218677,manual
1767922622287,Sunny,Day,0.0035590277777777777,7.118055555555555,,20.107408000058058,manual
1767922622319,Sunny,Day,0.003949652777777778,7.899305555555555,,21.90542700009246,manual
1767922622351,Sunny,Day,0.005512152777777778,11.024305555555557,,23.586769000075947,manual
1767922622382,Sunny,Day,0.002994791666666667,5.989583333333334,,27.300654999862672,manual
1767922622414,Sunny,Day,0.0,0.0,,18.894339000098626,manual
1767922622444,Sunny,Day,0.004296875,8.59375,,25.439767000079883,manual
1767922622478,Sunny,Day,0.008072916666666667,16.145833333333336,,26.32344399989961,manual
1767922622508,Sunny,Day,0.006119791666666667,12.239583333333334,,23.738759999787362,manual
1767922622538,Sunny,Day,0.0045138888888888885,9.027777777777777,,21.600314000124854,manual
1767922622570,Sunny,Day,0.005555555555555556,11.11111111111111,,25.174816999879113,manual
1767922622603,Sunny,Day,0.009027777777777777,18.055555555555554,,25.930539000000863,manual
1767922622632,Sunny,Day,0.007899305555555555,15.79861111111111,,22.39138400000229,manual
1767922622664,Sunny,Day,0.007378472222222222,14.756944444444445,,20.21195799989073,manual
1767922622695,Sunny,Day,0.005598958333333333,11.197916666666666,,26.601893000133714,manual
1767922622726,Sunny,Day,0.015321180555555555,30.64236111111111,,23.44940500006487,manual
1767922622759,Sunny,Day,0.012065972222222223,24.131944444444446,,20.341914000027828,manual
1767922622790,Sunny,Day,0.010026041666666667,20.052083333333336,,26.47776999992857,manual
1767922622822,Sunny,Day,0.00798611111111111,15.972222222222221,,24.823686999980055,manual
1767922622853,Sunny,Day,0.011414930555555555,22.82986111111111,,24.66602899994541,manual
1767922622883,Sunny,Day,0.017057291666666665,34.11458333333333,,23.79314700010582,manual
1767922622915,Sunny,Day,0.018272569444444445,36.54513888888889,,25.60616599998866,manual
1767922622946,Sunny,Day,0.01579861111111111,31.59722222222222,,23.260822000111148,manual
1767922622978,Sunny,Day,0.021614583333333333,43.229166666666664,,19.383111000024655,manual
1767922623010,Sunny,Day,0.020182291666666668,40.364583333333336,,22.97546600016176,manual
1767922623040,Sunny,Day,0.02282986111111111,45.65972222222222,,22.267390000024534,manual
1767922623072,Sunny,Day,0.016710069444444444,33.420138888888886,,21.318289999953777,manual
1767922623103,Sunny,Day,0.015668402777777778,31.336805555555554,,26.958745000001727,manual
1767922623136,Sunny,Day,0.02894965277777778,57.89930555555556,,25.739251000004515,manual
1767922623169,Sunny,Day,0.027994791666666668,55.989583333333336,,23.313300000154413,manual
1767922623198,Sunny,Day,0.027430555555555555,54.86111111111111,,14.084249000006821,manual
1767922623230,Sunny,Day,0.027907986111111113,55.81597222222223,24.0,19.200304000150936,manual
1767922623259,Sunny,Day,0.03216145833333333,64.32291666666666,,23.08251499994185,manual
1767922623291,Sunny,Day,0.03654513888888889,73.09027777777779,,20.02220800000032,manual
1767922623323,Sunny,Day,0.016710069444444444,33.420138888888886,,21.8204870000136,manual
1767922623354,Sunny,Day,0.022786458333333332,45.572916666666664,,22.952502999942226,manual
1767922623386,Sunny,Day,0.029166666666666667,58.333333333333336,,20.660211999938838,manual
1767922623417,Sunny,Day,0.025694444444444443,51.388888888888886,,27.05423899988091,manual
1767922623448,Sunny,Day,0.009461805555555555,18.92361111111111,,19.801756000106252,manual
1767922623482,Sunny,Day,0.004123263888888889,8.246527777777779,,29.603592000057688,manual
1767922623511,Sunny,Day,0.007508680555555556,15.01736111111111,,22.482453000066016,manual
1767922623542,Sunny,Day,0.01579861111111111,31.59722222222222,,15.753720000020621,manual
1767922623573,Sunny,Day,0.0023003472222222223,4.600694444444445,,23.49305000007007,manual
1767922623606,Sunny,Day,0.003125,6.25,,20.675526000104583,manual
1767922623638,Sunny,Day,0.0037760416666666667,7.552083333333333,,23.245636999945418,manual
1767922623668,Sunny,Day,0.005078125,10.15625,,21.805802000017138,manual
1767922623700,Sunny,Day,0.0014322916666666666,2.864583333333333,,24.18947800015303,manual
1767922623732,Sunny,Day,0.0,0.0,,23.896066000133942,manual
1767922623763,Sunny,Day,0.0006944444444444445,1.3888888888888888,,26.315518000046723,manual
1767922623795,Sunny,Day,0.0,0.0,,20.249103999958606,manual
1767922623826,Sunny,Day,0.0,0.0,,21.751323999978922,manual
1767922623857,Sunny,Day,0.0,0.0,,22.81089999996766,manual
1767922623888,Sunny,Day,0.0,0.0,,23.747352000100364,manual
1767922623921,Sunny,Day,0.0,0.0,,21.327400000018315,manual
1767922623953,Sunny,Day,0.0,0.0,,23.261320999836244,manual
1767922623983,Sunny,Day,0.0,0.0,,21.19081399996503,manual
1767922624016,Sunny,Day,0.0,0.0,,22.328422999862596,manual
1767922624045,Sunny,Day,0.0,0.0,,20.10709199998928,manual
1767922624076,Sunny,Day,0.0,0.0,,17.489835000105813,manual
1767922624108,Sunny,Day,0.0,0.0,,20.587955999872065,manual
1767922624139,Sunny,Day,0.0,0.0,,21.160222999924372,manual
1767922624170,Sunny,Day,0.0,0.0,,21.897001000070304,manual
1767922624202,Sunny,Day,0.0,0.0,,22.11730399994849,manual
1767922624233,Sunny,Day,0.0,0.0,,21.91525900002489,manual
1767922624264,Sunny,Day,0.0,0.0,,23.135881999905905,manual
1767922624297,Sunny,Day,0.0,0.0,,24.90253299993128,manual
1767922624327,Sunny,Day,0.0,0.0,,22.88091400009762,manual
1767922624359,Sunny,Day,0.000390625,0.78125,,23.236691999954928,manual
1767922624391,Sunny,Day,0.0005208333333333333,1.0416666666666667,,23.753832000011244,manual
1767922624422,Sunny,Day,0.000390625,0.78125,,20.06361200005813,manual
1767922624453,Sunny,Day,0.0,0.0,,16.639619000216044,manual
1767922624484,Sunny,Day,0.0,0.0,,19.680483000001914,manual
1767922624516,Sunny,Day,0.0,0.0,,23.957950999829336,manual
1767922624547,Sunny,Day,0.0,0.0,,23.020035999934407,manual
1767922624578,Sunny,Day,0.0,0.0,,23.369647999970766,manual
1767922624611,Sunny,Day,0.00078125,1.5625,,24.06613199991625,manual
1767922624643,Sunny,Day,0.0,0.0,,22.418029999926148,manual
1767922624673,Sunny,Day,0.0018663194444444445,3.7326388888888893,,20.032465999975102,manual
1767922624706,Sunny,Day,0.0,0.0,,22.97981499987145,manual
1767922624736,Sunny,Day,0.0011284722222222221,2.256944444444444,,21.429653999803122,manual
1767922624768,Sunny,Day,0.005598958333333333,11.197916666666666,,23.46604999979718,manual
1767922624799,Sunny,Day,0.005729166666666666,11.458333333333332,,22.921651999922688,manual
1767922624832,Sunny,Day,0.0012152777777777778,2.430555555555556,,25.236424000013358,manual
1767922624861,Sunny,Day,0.0,0.0,,20.42629700008547,manual
1767922624893,Sunny,Day,0.004296875,8.59375,,23.27659700017648,manual
1767922624925,Sunny,Day,0.007335069444444444,14.67013888888889,,23.45832900005007,manual
1767922624959,Sunny,Day,0.0022569444444444442,4.513888888888888,,24.815259999968475,manual
1767922624987,Sunny,Day,0.0,0.0,,14.853579999908106,manual
1767922625022,Sunny,Day,0.0,0.0,,24.163885000007213,manual
1767922625051,Sunny,Day,0.00043402777777777775,0.8680555555555555,,17.717192999953113,manual
1767922625081,Sunny,Day,0.0030381944444444445,6.076388888888889,,21.36711999992258,manual
1767922625115,Sunny,Day,0.0011284722222222221,2.256944444444444,,25.671770999906585,manual
1767922625144,Sunny,Day,0.00026041666666666666,0.5208333333333334,,18.75999200001388,manual
1767922625176,Sunny,Day,0.00043402777777777775,0.8680555555555555,,22.856191000073522,manual
1767922625206,Sunny,Day,0.003125,6.25,,21.797135000042545,manual
1767922625238,Sunny,Day,0.001388888888888889,2.7777777777777777,,22.872987000027933,manual
1767922625269,Sunny,Day,0.0,0.0,,18.09836000006726,manual
1767922625301,Sunny,Day,0.0016493055555555556,3.298611111111111,,19.014738000123543,manual
1767922625335,Sunny,Day,0.0011284722222222221,2.256944444444444,,26.619110999945406,manual
1767922625366,Sunny,Day,0.0012586805555555556,2.517361111111111,,18.982574000119712,manual
1767922625395,Sunny,Day,0.001345486111111111,2.6909722222222223,,19.84219599989956,manual
1767922625428,Sunny,Day,0.0010416666666666667,2.0833333333333335,,22.328884999978982,manual
1767922625460,Sunny,Day,0.00078125,1.5625,,23.950655000135157,manual
1767922625490,Sunny,Day,0.00078125,1.5625,,22.32658899993112,manual
1767922625522,Sunny,Day,0.0008246527777777778,1.6493055555555556,,22.902745000010327,manual
1767922625553,Sunny,Day,0.0,0.0,,20.62410199982878,manual
1767922625583,Sunny,Day,0.0,0.0,,20.860071000015523,manual
1767922625614,Sunny,Day,0.0009114583333333333,1.8229166666666667,,23.625652999953672,manual
1767922625646,Sunny,Day,0.0,0.0,,19.6230229998946,manual
1767922625679,Sunny,Day,0.0,0.0,,22.252758999911748,manual
1767922625709,Sunny,Day,0.0,0.0,,21.25910599988856,manual
1767922625742,Sunny,Day,0.0,0.0,,23.317501999827073,manual
1767922625775,Sunny,Day,0.0,0.0,,21.05596899991724,manual
1767922625805,Sunny,Day,0.0,0.0,,19.435179999845786,manual
1767922625836,Sunny,Day,0.0,0.0,,21.577941999794348,manual
1767922625867,Sunny,Day,0.0,0.0,,23.1927300001189,manual
1767922625900,Sunny,Day,0.0,0.0,,23.40270100012276,manual
1767922625931,Sunny,Day,0.0,0.0,,22.88091299988082,manual
1767922625962,Sunny,Day,0.0,0.0,,21.625791000133177,manual
1767922625992,Sunny,Day,0.0,0.0,,18.5977600001479,manual
1767922626023,Sunny,Day,0.0,0.0,,20.043926999960604,manual
1767922626054,Sunny,Day,0.0,0.0,,20.085683999923276,manual
1767922626086,Sunny,Day,0.0,0.0,,23.049087999879703,manual
1767922626116,Sunny,Day,0.0,0.0,,21.669695999889882,manual
1767922626149,Sunny,Day,0.0,0.0,,25.32765799992376,manual
1767922626180,Sunny,Day,0.00034722222222222224,0.6944444444444444,,22.395435999897018,manual
1767922626211,Sunny,Day,0.0,0.0,,22.44098899996061,manual
1767922626243,Sunny,Day,0.0,0.0,,22.553243999936967,manual
1767922626274,Sunny,Day,0.0,0.0,,21.753950999936933,manual
1767922626306,Sunny,Day,0.0,0.0,,22.516763999874456,manual
1767922626341,Sunny,Day,0.0,0.0,,25.77306100010901,manual
1767922626369,Sunny,Day,0.0,0.0,,17.144554999958928,manual
1767922626402,Sunny,Day,0.0,0.0,,23.775958999976865,manual
1767922626432,Sunny,Day,0.0,0.0,,19.759440999905564,manual
1767922626462,Sunny,Day,0.0,0.0,,22.409954000067955,manual
1767922626493,Sunny,Day,0.0,0.0,,21.618346999957794,manual
1767922626525,Sunny,Day,0.0,0.0,,22.641961000090305,manual
1767922626558,Sunny,Day,0.0,0.0,,24.148384999989503,manual
1767922626589,Sunny,Day,0.0,0.0,,20.786073999943255,manual
1767922626622,Sunny,Day,0.0,0.0,,23.899674999938725,manual
1767922626652,Sunny,Day,0.0,0.0,,20.829459999959,manual
1767922626683,Sunny,Day,0.0,0.0,,18.492487000003166,manual
1767922626714,Sunny,Day,0.000390625,0.78125,,20.206307000080415,manual
1767922626746,Sunny,Day,0.0006076388888888889,1.215277777777778,,22.04373199992915,manual
1767922626777,Sunny,Day,0.0,0.0,,21.201201000167202,manual
1767922626809,Sunny,Day,0.0,0.0,,22.538706999966962,manual
1767922626838,Sunny,Day,0.0014322916666666666,2.864583333333333,,21.318991000043752,manual
1767922626870,Sunny,Day,0.0,0.0,,22.66710799995053,manual
1767922626902,Sunny,Day,0.00026041666666666666,0.5208333333333334,,23.105808000082106,manual
1767922626934,Sunny,Day,0.0015190972222222222,3.0381944444444446,,21.183737999990626,manual
1767922626966,Sunny,Day,0.00026041666666666666,0.5208333333333334,,23.821215999987544,manual
1767922626997,Sunny,Day,0.001953125,3.90625,,22.85974599999463,manual
1767922627027,Sunny,Day,0.00034722222222222224,0.6944444444444444,,20.13895799996135,manual
1767922627059,Sunny,Day,0.0,0.0,,21.863110999902347,manual
1767922627092,Sunny,Day,0.0006510416666666666,1.3020833333333333,,18.82530200009569,manual
1767922627123,Sunny,Day,0.000390625,0.78125,,23.150544999907652,manual
1767922627153,Sunny,Day,0.0,0.0,,20.708113999944544,manual
1767922627185,Sunny,Day,0.0,0.0,,19.56561699989834,manual
1767922627218,Sunny,Day,0.001388888888888889,2.7777777777777777,,22.228147999840075,manual
1767922627248,Sunny,Day,0.003993055555555555,7.986111111111111,,20.08433099990725,manual
1767922627279,Sunny,Day,0.001171875,2.34375,,22.659700000076555,manual
1767922627311,Sunny,Day,0.0007378472222222222,1.4756944444444444,,20.840663000171844,manual
1767922627342,Sunny,Day,0.0025173611111111113,5.034722222222222,,21.87177700011489,manual
1767922627374,Sunny,Day,0.002951388888888889,5.902777777777778,,22.943018999967535,manual
1767922627405,Sunny,Day,0.0006076388888888889,1.215277777777778,,15.524988999914058,manual
1767922627437,Sunny,Day,0.0,0.0,,21.628030999863768,manual
1767922627467,Sunny,Day,0.0,0.0,,21.24764299992421,manual
1767922627501,Sunny,Day,0.0,0.0,,21.294491999924503,manual
1767922627531,Sunny,Day,0.0,0.0,,19.684017999907155,manual
1767922627561,Sunny,Day,0.0,0.0,,20.868162000169832,manual
1767922627592,Sunny,Day,0.0,0.0,,23.70572099994206,manual
1767922627624,Sunny,Day,0.0,0.0,,22.691457000064474,manual
1767922627656,Sunny,Day,0.0,0.0,,19.63892699995995,manual
1767922627688,Sunny,Day,0.0,0.0,,21.558663000178058,manual
1767922627719,Sunny,Day,0.0,0.0,,20.74483399997007,manual
1767922627750,Sunny,Day,0.0,0.0,,16.807998000103908,manual
1767922627783,Sunny,Day,0.0,0.0,,24.765760000036607,manual
1767922627813,Sunny,Day,0.0,0.0,,21.545275000107722,manual
1767922627844,Sunny,Day,0.0,0.0,,22.89285500000915,manual
1767922627876,Sunny,Day,0.0,0.0,,21.423039999945104,manual
1767922627909,Sunny,Day,0.0,0.0,,19.905358999949385,manual
1767922627939,Sunny,Day,0.0,0.0,,19.796178999968106,manual
1767922627969,Sunny,Day,0.0,0.0,,22.591110999883313,manual
1767922628001,Sunny,Day,0.0,0.0,,23.136695000175678,manual
1767922628032,Sunny,Day,0.0,0.0,,21.919569999909072,manual
1767922628064,Sunny,Day,0.0,0.0,,19.21767099997851,manual
1767922628096,Sunny,Day,0.0,0.0,,21.547441999928196,manual
1767922628127,Sunny,Day,0.0,0.0,,21.215087999962634,manual
1767922628159,Sunny,Day,0.0,0.0,,18.485171000065748,manual
1767922628192,Sunny,Day,0.0,0.0,,23.623353999937535,manual
1767922628221,Sunny,Day,0.0,0.0,,19.597558999976172,manual
1767922628252,Sunny,Day,0.0,0.0,,21.530108999968434,manual
1767922628285,Sunny,Day,0.0,0.0,,23.233299999901647,manual
1767922628315,Sunny,Day,0.0,0.0,,22.48356099994453,manual
1767922628348,Sunny,Day,0.0,0.0,,18.6599030000707,manual
1767922628377,Sunny,Day,0.0,0.0,,19.698442999924737,manual
1767922628409,Sunny,Day,0.0,0.0,,22.523817000092095,manual
1767922628440,Sunny,Day,0.0,0.0,,21.15258999992875,manual
1767922628472,Sunny,Day,0.0,0.0,,21.36706100009178,manual
1767922628506,Sunny,Day,0.0,0.0,,24.756462999903306,manual
1767922628535,Sunny,Day,0.0,0.0,,18.28145899980882,manual
1767922628566,Sunny,Day,0.0,0.0,,17.784390999850075,manual
1767922628602,Sunny,Day,0.0,0.0,,27.541840000139928,manual
1767922628630,Sunny,Day,0.0,0.0,,18.72547399989344,manual
1767922628662,Sunny,Day,0.0,0.0,,23.662814999852344,manual
1767922628692,Sunny,Day,0.0,0.0,,20.998117000090133,manual
1767922628724,Sunny,Day,0.0,0.0,,23.62496499995359,manual
1767922628755,Sunny,Day,0.0,0.0,,20.66524599990771,manual
1767922628786,Sunny,Day,0.0,0.0,,21.538570999837248,manual
1767922628819,Sunny,Day,0.0,0.0,,21.177738000005775,manual
1767922628850,Sunny,Day,0.0,0.0,,14.029582999910417,manual
1767922628880,Sunny,Day,0.0,0.0,,17.212124000025142,manual
1767922628913,Sunny,Day,0.0,0.0,,23.59589299999243,manual
1767922628944,Sunny,Day,0.0,0.0,,20.714984000051118,manual
1767922628974,Sunny,Day,0.0,0.0,,20.606229999884818,manual
1767922629007,Sunny,Day,0.0,0.0,,24.16203100005987,manual
1767922629038,Sunny,Day,0.0,0.0,,20.525233000171283,manual
1767922629069,Sunny,Day,0.0,0.0,,22.350158000108422,manual
1767922629100,Sunny,Day,0.0,0.0,,22.099023000009765,manual
1767922629131,Sunny,Day,0.0,0.0,,18.676142000003892,manual
1767922629164,Sunny,Day,0.0,0.0,,21.625233000122535,manual
1767922629194,Sunny,Day,0.00034722222222222224,0.6944444444444444,,20.9722290001082,manual
1767922629227,Sunny,Day,0.00234375,4.6875,,25.13057300006949,manual
1767922629257,Sunny,Day,0.007378472222222222,14.756944444444445,,22.381897999821376,manual
1767922629289,Sunny,Day,0.014670138888888889,29.34027777777778,,19.59067000007053,manual
1767922629321,Sunny,Day,0.00959201388888889,19.18402777777778,,23.09984299995449,manual
1767922629353,Sunny,Day,0.015928819444444443,31.857638888888886,82.0,22.78693299990664,manual
1767922629383,Sunny,Day,0.040190972222222225,80.38194444444446,88.0,22.102282000105333,manual
1767922629416,Sunny,Day,0.05486111111111111,100.0,-110.0,24.45403299998361,manual
1767922629446,Sunny,Day,0.04943576388888889,98.87152777777777,-1.0,21.760244000006423,manual
1767922629477,Sunny,Day,0.05525173611111111,100.0,0.0,22.791895999944245,manual
1767922629508,Sunny,Day,0.07113715277777778,100.0,103.0,23.48252699994191,manual
1767922629540,Sunny,Day,0.06831597222222222,100.0,98.0,23.11510200001976,manual
1767922629573,Sunny,Day,0.05412326388888889,100.0,101.0,24.251469000091674,manual
1767922629603,Sunny,Day,0.05668402777777778,100.0,75.0,20.280487000036374,manual
1767922629636,Sunny,Day,0.07183159722222222,100.0,94.0,24.666837000040687,manual
1767922629665,Sunny,Day,0.08159722222222222,100.0,88.0,18.171685999959664,manual
1767922629697,Sunny,Day,0.07721354166666666,100.0,87.0,23.315183000022444,manual
1767922629728,Sunny,Day,0.09136284722222222,100.0,83.0,21.257048000052237,manual
1767922629761,Sunny,Day,0.09691840277777777,100.0,77.0,17.175330000100075,manual
1767922629792,Sunny,Day,0.08741319444444444,100.0,79.0,21.630954999864116,manual
1767922629825,Sunny,Day,0.08828125,100.0,77.0,23.96094699997775,manual
1767922629855,Sunny,Day,0.08532986111111111,100.0,75.0,20.870104000096035,manual
1767922629887,Sunny,Day,0.08923611111111111,100.0,71.0,23.082842999883724,manual
1767922629917,Sunny,Day,0.09149305555555555,100.0,69.0,21.396947999846816,manual
1767922629950,Sunny,Day,0.08524305555555556,100.0,70.0,23.315739000054236,manual
1767922629980,Sunny,Day,0.08355034722222222,100.0,69.0,19.583262999958606,manual
1767922630011,Sunny,Day,0.08337673611111111,100.0,66.0,22.935832000030132,manual
1767922630043,Sunny,Day,0.08263888888888889,100.0,63.0,22.633735999988858,manual
1767922630075,Sunny,Day,0.08151041666666667,100.0,62.0,17.348931000015,manual
1767922630106,Sunny,Day,0.076171875,100.0,61.0,18.549777999851358,manual
1767922630137,Sunny,Day,0.07751736111111111,100.0,59.0,22.913758999948186,manual
1767922630169,Sunny,Day,0.08090277777777778,100.0,55.0,22.92374000012387,manual
1767922630200,Sunny,Day,0.079296875,100.0,53.0,22.8542429999834,manual
1767922630233,Sunny,Day,0.07387152777777778,100.0,55.0,23.93516899996939,manual
1767922630263,Sunny,Day,0.07417534722222222,100.0,52.0,16.07218199978888,manual
1767922630295,Sunny,Day,0.07747395833333333,100.0,46.0,20.647429999826272,manual
1767922630325,Sunny,Day,0.07625868055555556,100.0,44.0,21.25036199981878,manual
1767922630356,Sunny,Day,0.07586805555555555,100.0,41.0,19.93920699987939,manual
1767922630388,Sunny,Day,0.07083333333333333,100.0,41.0,22.353047000024162,manual
1767922630419,Sunny,Day,0.07135416666666666,100.0,37.0,21.000931000116907,manual
1767922630452,Sunny,Day,0.07200520833333333,100.0,33.0,25.201828000035675,manual
1767922630482,Sunny,Day,0.07022569444444444,100.0,31.0,20.630376000099204,manual
1767922630513,Sunny,Day,0.06393229166666667,100.0,30.0,19.599446999791326,manual
1767922630546,Sunny,Day,0.06475694444444445,100.0,28.0,25.12092400002075,manual
1767922630576,Sunny,Day,0.06684027777777778,100.0,23.0,20.79731100002391,manual
1767922630607,Sunny,Day,0.06597222222222222,100.0,21.0,23.206818999824463,manual
1767922630642,Sunny,Day,0.066796875,100.0,19.0,26.362008999967657,manual
1767922630671,Sunny,Day,0.06375868055555556,100.0,17.0,20.034758000065267,manual
1767922630704,Sunny,Day,0.06480034722222222,100.0,14.0,22.382359999937762,manual
1767922630733,Sunny,Day,0.062239583333333334,100.0,13.0,17.990084000075512,manual
1767922630764,Sunny,Day,0.06362847222222222,100.0,10.0,22.802782999860938,manual
1767922630797,Sunny,Day,0.05946180555555555,100.0,10.0,21.391855000047144,manual
1767922630828,Sunny,Day,0.05481770833333333,100.0,9.0,22.481780999896728,manual
1767922630860,Sunny,Day,0.05538194444444444,100.0,7.0,22.357546999955957,manual
1767922630891,Sunny,Day,0.06115451388888889,100.0,3.0,20.12043900003846,manual
1767922630922,Sunny,Day,0.05394965277777778,100.0,4.0,21.064575000082186,manual
1767922630953,Sunny,Day,0.05451388888888889,100.0,1.0,23.255260000041744,manual
1767922630984,Sunny,Day,0.06436631944444444,100.0,1.0,23.19535500009806,manual
1767922631019,Sunny,Day,0.07092013888888889,100.0,3.0,26.722416999973575,manual
1767922631049,Sunny,Day,0.069140625,100.0,2.0,21.43033400011518,manual
1767922631079,Sunny,Day,0.07165798611111111,100.0,-1.0,21.403353999858155,manual
1767922631111,Sunny,Day,0.082421875,100.0,-1.0,21.556048999855193,manual
1767922631142,Sunny,Day,0.08355034722222222,100.0,-4.0,20.566673999837803,manual
1767922631174,Sunny,Day,0.083203125,100.0,-7.0,24.523249999901964,manual
1767922631204,Sunny,Day,0.08793402777777778,100.0,-10.0,17.236159000049156,manual
1767922631235,Sunny,Day,0.08780381944444444,100.0,-12.0,21.264823000137767,manual
1767922631268,Sunny,Day,0.08763020833333333,100.0,-15.0,25.005910999880143,manual
1767922631298,Sunny,Day,0.0875,100.0,-18.0,22.243867000042883,manual
1767922631332,Sunny,Day,0.08841145833333333,100.0,-21.0,29.24095399998805,auto
1767922631362,Sunny,Day,0.08841145833333333,100.0,-23.0,18.735434000063833,auto
1767922631392,Sunny,Day,0.09318576388888888,100.0,-24.0,21.394464999957563,auto
1767922631424,Sunny,Day,0.09027777777777778,100.0,-22.0,23.892503999832115,auto
1767922631460,Sunny,Day,0.0939670138888889,100.0,-18.0,28.19909999993797,auto
1767922631488,Sunny,Day,0.095703125,100.0,-14.0,17.926345999967452,auto
1767922631520,Sunny,Day,0.1,100.0,-11.0,20.042644999875847,auto
1767922631550,Sunny,Day,0.10199652777777778,100.0,-8.0,20.579876999818225,auto
1767922631582,Sunny,Day,0.101171875,100.0,-5.0,23.46298900010879,auto
1767922631612,Sunny,Day,0.10286458333333333,100.0,-2.0,20.200989000159097,auto
1767922631644,Sunny,Day,0.10603298611111112,100.0,-1.0,17.13079299997844,auto
1767922631677,Sunny,Day,0.10368923611111111,100.0,1.0,21.988658000054784,auto
1767922631706,Sunny,Day,0.10316840277777778,100.0,1.0,20.61370900014481,auto
1767922631738,Sunny,Day,0.09848090277777778,100.0,1.0,21.852627000043867,auto
1767922631769,Sunny,Day,0.10533854166666666,100.0,2.0,22.54585099990436,auto
1767922631804,Sunny,Day,0.10425347222222223,100.0,2.0,26.726229999894713,auto
1767922631832,Sunny,Day,0.10030381944444444,100.0,2.0,19.61192600015238,auto
1767922631865,Sunny,Day,0.09978298611111111,100.0,2.0,23.584595000102127,auto
1767922631896,Sunny,Day,0.10243055555555555,100.0,2.0,21.98391599995375,auto
1767922631928,Sunny,Day,0.10750868055555556,100.0,2.0,23.131247000037547,auto
1767922631960,Sunny,Day,0.10499131944444444,100.0,2.0,23.117285000125776,auto
1767922631995,Sunny,Day,0.10464409722222222,100.0,1.0,25.898920999907205,auto
1767922632023,Sunny,Day,0.104296875,100.0,1.0,19.484580999915124,auto
1767922632052,Sunny,Day,0.11032986111111111,100.0,1.0,19.76771399995414,auto
1767922632082,Sunny,Day,0.10798611111111112,100.0,1.0,21.36542899984306,auto
1767922632114,Sunny,Day,0.11041666666666666,100.0,0.0,24.136194999982763,auto
1767922632145,Sunny,Day,0.10824652777777778,100.0,0.0,22.603235999895332,auto
1767922632179,Sunny,Day,0.10516493055555555,100.0,2.0,25.652264999962426,auto
1767922632208,Sunny,Day,0.11236979166666666,100.0,1.0,20.70931399998699,auto
1767922632240,Sunny,Day,0.109375,100.0,1.0,23.636758000066038,auto
1767922632274,Sunny,Day,0.10677083333333333,100.0,1.0,22.45759600009478,auto
1767922632303,Sunny,Day,0.1078125,100.0,0.0,20.969616000002134,auto
1767922632335,Sunny,Day,0.11197916666666667,100.0,1.0,20.239449999962744,auto
1767922632365,Sunny,Day,0.11032986111111111,100.0,1.0,20.92626599983305,auto
1767922632398,Sunny,Day,0.10989583333333333,100.0,0.0,24.313778000077946,auto
1767922632429,Sunny,Day,0.10169270833333334,100.0,-2.0,21.94304799991187,auto
1767922632460,Sunny,Day,0.10950520833333334,100.0,1.0,21.891347000064343,auto
1767922632491,Sunny,Day,0.11076388888888888,100.0,1.0,22.865334000016446,auto
1767922632522,Sunny,Day,0.10325520833333333,100.0,0.0,23.22864899997512,auto
1767922632554,Sunny,Day,0.08342013888888888,100.0,-2.0,22.51609300014934,auto
1767922632586,Sunny,Day,0.09088541666666666,100.0,-1.0,21.651950999967084,auto
1767922632616,Sunny,Day,0.09444444444444444,100.0,-1.0,22.16120299999602,auto
1767922632648,Sunny,Day,0.09587673611111111,100.0,0.0,23.039509999989605,auto
1767922632681,Sunny,Day,0.08641493055555556,100.0,0.0,24.940321000030963,auto
1767922632711,Sunny,Day,0.08298611111111111,100.0,-2.0,20.472142000016902,auto
1767922632744,Sunny,Day,0.09144965277777778,100.0,0.0,24.276855000152864,auto
1767922632773,Sunny,Day,0.09071180555555555,100.0,0.0,20.69551800013869,auto
1767922632805,Sunny,Day,0.08363715277777778,100.0,0.0,23.29390400018383,auto
1767922632837,Sunny,Day,0.08485243055555555,100.0,1.0,22.94608900001549,auto
1767922632867,Sunny,Day,0.08194444444444444,100.0,0.0,21.333300999913263,auto
1767922632900,Sunny,Day,0.09392361111111111,100.0,1.0,23.288479000029838,auto
1767922632932,Sunny,Day,0.08823784722222222,100.0,0.0,21.069147000162047,auto
1767922632963,Sunny,Day,0.08637152777777778,100.0,-1.0,21.585361999996167,auto
1767922632993,Sunny,Day,0.08784722222222222,100.0,0.0,21.739595999861194,auto
1767922633025,Sunny,Day,0.09253472222222223,100.0,0.0,22.954680999873744,auto
1767922633056,Sunny,Day,0.09539930555555555,100.0,1.0,22.9438480000681,auto
1767922633090,Sunny,Day,0.0896267361111111,100.0,1.0,25.27376600005482,auto
1767922633119,Sunny,Day,0.08719618055555556,100.0,1.0,19.83728400000473,auto
1767922633150,Sunny,Day,0.09184027777777778,100.0,3.0,22.736098999985188,auto
1767922633181,Sunny,Day,0.09322916666666667,100.0,3.0,23.071488999903522,auto
1767922633215,Sunny,Day,0.09001736111111111,100.0,2.0,24.974595999992744,auto
1767922633247,Sunny,Day,0.08628472222222222,100.0,2.0,23.300755000036588,auto
1767922633276,Sunny,Day,0.098828125,100.0,2.0,21.29209899999296,auto
1767922633308,Sunny,Day,0.09631076388888889,100.0,2.0,23.32575400009773,auto
1767922633339,Sunny,Day,0.09309895833333333,100.0,2.0,19.00306700008514,auto
1767922633370,Sunny,Day,0.09296875,100.0,2.0,22.839964000013424,auto
1767922633401,Sunny,Day,0.09809027777777778,100.0,1.0,22.381599000027563,auto
1767922633433,Sunny,Day,0.09574652777777778,100.0,1.0,22.968569000113348,auto
1767922633466,Sunny,Day,0.09565972222222222,100.0,0.0,24.890580999908707,auto
1767922633498,Sunny,Day,0.09214409722222222,100.0,1.0,23.398565999968923,auto
1767922633528,Sunny,Day,0.09027777777777778,100.0,0.0,18.68960199999492,auto
1767922633560,Sunny,Day,0.10603298611111112,100.0,1.0,19.365437999795176,auto
1767922633590,Sunny,Day,0.09809027777777778,100.0,1.0,20.605541000122685,auto
1767922633621,Sunny,Day,0.08958333333333333,100.0,1.0,23.208797000052073,auto
1767922633654,Sunny,Day,0.09292534722222222,100.0,1.0,24.170895999986897,auto
1767922633684,Sunny,Day,0.09778645833333334,100.0,2.0,21.428054000125485,auto
1767922633717,Sunny,Day,0.10078125,100.0,1.0,24.518378000038865,auto
1767922633747,Sunny,Day,0.09917534722222222,100.0,2.0,21.49249600006442,auto
1767922633779,Sunny,Day,0.09149305555555555,100.0,1.0,23.13059800007977,auto
1767922633810,Sunny,Day,0.09717881944444444,100.0,1.0,22.30836100011402,auto
1767922633843,Sunny,Day,0.0993923611111111,100.0,1.0,24.415588000010757,auto
1767922633874,Sunny,Day,0.09613715277777778,100.0,1.0,22.119575000033365,auto
1767922633906,Sunny,Day,0.09578993055555556,100.0,1.0,23.00751100005982,auto
1767922633936,Sunny,Day,0.09275173611111111,100.0,0.0,21.75103800004763,auto
1767922633967,Sunny,Day,0.10138888888888889,100.0,2.0,22.358488000008947,auto
1767922633998,Sunny,Day,0.09943576388888889,100.0,0.0,22.567218999938632,auto
1767922634031,Sunny,Day,0.09435763888888889,100.0,0.0,24.50448900003721,auto
1767922634061,Sunny,Day,0.09092881944444445,100.0,-1.0,21.820312000045305,auto
1767922634092,Sunny,Day,0.10073784722222222,100.0,1.0,22.752893999950174,auto
1767922634123,Sunny,Day,0.1,100.0,-1.0,26.226382999993803,auto
1767922634158,Sunny,Day,0.09461805555555555,100.0,-1.0,22.602291000112018,auto
1767922634186,Sunny,Day,0.09279513888888889,100.0,-1.0,20.101622000083808,auto
1767922634217,Sunny,Day,0.10104166666666667,100.0,-1.0,22.882609000134835,auto
1767922634249,Sunny,Day,0.09796006944444445,100.0,-1.0,21.44834999990053,auto
1767922634281,Sunny,Day,0.09913194444444444,100.0,0.0,22.89788600000975,auto
1767922634314,Sunny,Day,0.09852430555555555,100.0,1.0,22.755504999850018,auto
1767922634344,Sunny,Day,0.09596354166666667,100.0,-1.0,21.259322000105385,auto
1767922634375,Sunny,Day,0.10355902777777778,100.0,0.0,22.56351400001222,auto
1767922634406,Sunny,Day,0.10143229166666666,100.0,0.0,22.04989300003035,auto
1767922634439,Sunny,Day,0.1013454861111111,100.0,0.0,24.525413999981538,auto
1767922634476,Sunny,Day,0.09574652777777778,100.0,-1.0,25.340224000046874,auto
1767922634500,Sunny,Day,0.10460069444444445,100.0,0.0,15.725697000107175,auto
1767922634532,Sunny,Day,0.10759548611111111,100.0,1.0,22.47992599995996,auto
1767922634564,Sunny,Day,0.098828125,100.0,0.0,22.67997099988861,auto
1767922634595,Sunny,Day,0.09782986111111111,100.0,0.0,20.982910000157062,auto
1767922634626,Sunny,Day,0.09852430555555555,100.0,-1.0,22.10501999979897,auto
1767922634657,Sunny,Day,0.10394965277777778,100.0,0.0,22.854573000131495,auto
1767922634690,Sunny,Day,0.10160590277777778,100.0,0.0,24.619150000035006,auto
1767922634722,Sunny,Day,0.09822048611111112,100.0,0.0,23.010490999922695,auto
1767922634751,Sunny,Day,0.10182291666666667,100.0,0.0,20.64983399986886,auto
1767922634783,Sunny,Day,0.10503472222222222,100.0,1.0,23.756472000059148,auto
1767922634815,Sunny,Day,0.10607638888888889,100.0,1.0,21.874772000046505,auto
1767922634846,Sunny,Day,0.0998263888888889,100.0,0.0,21.088866999889433,auto
1767922634877,Sunny,Day,0.09978298611111111,100.0,0.0,22.40983799993046,auto
1767922634909,Sunny,Day,0.10286458333333333,100.0,-1.0,23.1153939998876,auto
1767922634940,Sunny,Day,0.10230034722222223,100.0,1.0,22.619734000045355,auto
1767922634974,Sunny,Day,0.10203993055555556,100.0,0.0,23.541946000023017,auto
1767922635003,Sunny,Day,0.09674479166666666,100.0,-1.0,19.74863999998888,auto
1767922635035,Sunny,Day,0.10095486111111111,100.0,0.0,21.89612200004376,auto
1767922635066,Sunny,Day,0.10776909722222222,100.0,0.0,16.347089999953823,auto
1767922635098,Sunny,Day,0.10125868055555555,100.0,1.0,17.38042699980724,auto
1767922635131,Sunny,Day,0.10073784722222222,100.0,1.0,19.090876000063872,auto
1767922635161,Sunny,Day,0.10425347222222223,100.0,1.0,21.70555699990473,auto
1767922635193,Sunny,Day,0.103515625,100.0,2.0,22.136219999993045,auto
1767922635223,Sunny,Day,0.10464409722222222,100.0,2.0,19.98645999992732,auto
1767922635256,Sunny,Day,0.10377604166666667,100.0,1.0,23.294939999914277,auto
1767922635287,Sunny,Day,0.10572916666666667,100.0,2.0,21.354057000053217,auto
1767922635319,Sunny,Day,0.11006944444444444,100.0,2.0,23.699510999904305,auto
1767922635349,Sunny,Day,0.11336805555555556,100.0,2.0,21.44947800002228,auto
1767922635381,Sunny,Day,0.10850694444444445,100.0,2.0,21.67428200004906,auto
1767922635413,Sunny,Day,0.10894097222222222,100.0,2.0,19.010158000128285,auto
1767922635442,Sunny,Day,0.11236979166666666,100.0,2.0,18.07087300016974,auto
1767922635476,Sunny,Day,0.11532118055555556,100.0,2.0,24.358347999850594,auto
1767922635506,Sunny,Day,0.106640625,100.0,2.0,22.077445999912015,auto
1767922635538,Sunny,Day,0.11319444444444444,100.0,1.0,22.91166199984218,auto
1767922635567,Sunny,Day,0.11284722222222222,100.0,1.0,20.174062000023696,auto
1767922635603,Sunny,Day,0.11640625,100.0,2.0,26.708579000114696,auto
1767922635631,Sunny,Day,0.11280381944444444,100.0,2.0,18.175868000071205,auto
1767922635662,Sunny,Day,0.11223958333333334,100.0,1.0,23.39847100006409,auto
1767922635694,Sunny,Day,0.115234375,100.0,2.0,20.515173999910985,auto
1767922635726,Sunny,Day,0.12000868055555555,100.0,2.0,23.814967999896908,auto
1767922635756,Sunny,Day,0.11618923611111111,100.0,1.0,21.979414000043107,auto
1767922635788,Sunny,Day,0.10980902777777778,100.0,1.0,22.896977999835144,auto
1767922635819,Sunny,Day,0.113671875,100.0,1.0,22.68061899985696,auto
1767922635850,Sunny,Day,0.11223958333333334,100.0,1.0,23.171168000089892,auto
1767922635883,Sunny,Day,0.1091579861111111,100.0,0.0,24.684904999958235,auto
1767922635916,Sunny,Day,0.10668402777777777,100.0,1.0,23.588257000028534,auto
1767922635945,Sunny,Day,0.10460069444444445,100.0,1.0,20.37618100007421,auto
1767922635979,Sunny,Day,0.1076388888888889,100.0,1.0,24.860303999957978,auto
1767922636009,Sunny,Day,0.11410590277777778,100.0,1.0,20.427530999995724,auto
1767922636040,Sunny,Day,0.1125,100.0,1.0,18.590105000157564,auto
1767922636072,Sunny,Day,0.10407986111111112,100.0,0.0,23.1079850000242,auto
1767922636103,Sunny,Day,0.11080729166666667,100.0,0.0,20.699831000001723,auto
1767922636134,Sunny,Day,0.11228298611111111,100.0,0.0,22.02448500020182,auto
1767922636165,Sunny,Day,0.11215277777777778,100.0,1.0,21.796460000132356,auto
1767922636196,Sunny,Day,0.10985243055555556,100.0,1.0,22.831055000096967,auto
1767922636227,Sunny,Day,0.11228298611111111,100.0,1.0,22.45496299997285,auto
1767922636259,Sunny,Day,0.11310763888888889,100.0,1.0,24.514894999811077,auto
1767922636292,Sunny,Day,0.116796875,100.0,1.0,23.838372999989588,auto
1767922636322,Sunny,Day,0.1125,100.0,1.0,20.932134000076985,auto
1767922636358,Sunny,Day,0.11302083333333333,100.0,1.0,25.282687999833797,auto
1767922636385,Sunny,Day,0.11124131944444444,100.0,4.0,19.445265000058498,auto
1767922636417,Sunny,Day,0.12013888888888889,100.0,1.0,22.562827999990986,auto
1767922636448,Sunny,Day,0.11427951388888889,100.0,4.0,21.323835999965013,auto
1767922636481,Sunny,Day,0.11875,100.0,2.0,24.148209000031784,auto
1767922636511,Sunny,Day,0.11927083333333334,100.0,1.0,20.783826000069894,auto
1767922636541,Sunny,Day,0.12604166666666666,100.0,1.0,21.044239000048037,auto
1767922636573,Sunny,Day,0.12608506944444445,100.0,0.0,23.833873999819843,auto
1767922636607,Sunny,Day,0.12387152777777778,100.0,0.0,23.077579000073456,auto
1767922636636,Sunny,Day,0.11944444444444445,100.0,1.0,19.685937999838643,auto
1767922636668,Sunny,Day,0.12204861111111111,100.0,1.0,23.148335000087172,auto
1767922636698,Sunny,Day,0.1234375,100.0,1.0,21.341520000078162,auto
1767922636730,Sunny,Day,0.11875,100.0,1.0,22.851720000062414,auto
1767922636763,Sunny,Day,0.1174045138888889,100.0,5.0,25.244135000093593,auto
1767922636795,Sunny,Day,0.11779513888888889,100.0,4.0,23.374489999923753,auto
1767922636825,Sunny,Day,0.11510416666666666,100.0,5.0,21.60604300001978,auto
1767922636857,Sunny,Day,0.11280381944444444,100.0,4.0,22.734745000207113,auto
1767922636887,Sunny,Day,0.1056857638888889,100.0,5.0,20.4793969999173,auto
1767922636919,Sunny,Day,0.11137152777777778,100.0,5.0,21.42723799988744,auto
1767922636950,Sunny,Day,0.10581597222222222,100.0,5.0,22.63282400008393,auto
1767922636983,Sunny,Day,0.105078125,100.0,4.0,24.98911199995746,auto
1767922637012,Sunny,Day,0.09826388888888889,100.0,3.0,16.47958299986385,auto
1767922637044,Sunny,Day,0.09969618055555556,100.0,3.0,18.377633999989484,auto
1767922637076,Sunny,Day,0.10316840277777778,100.0,3.0,21.078995000152645,auto
1767922637108,Sunny,Day,0.10733506944444444,100.0,3.0,24.191391999920597,auto
1767922637139,Sunny,Day,0.0998263888888889,100.0,-1.0,22.932660000151373,auto
1767922637171,Sunny,Day,0.09839409722222223,100.0,0.0,24.463100000048144,auto
1767922637204,Sunny,Day,0.10043402777777778,100.0,-6.0,24.946279000005234,auto
1767922637234,Sunny,Day,0.10160590277777778,100.0,-6.0,21.20682300005683,auto
1767922637264,Sunny,Day,0.09505208333333333,100.0,-5.0,21.228506999932506,auto
1767922637299,Sunny,Day,0.09661458333333334,100.0,-4.0,24.807639000073323,auto
1767922637329,Sunny,Day,0.09600694444444445,100.0,-4.0,20.66853499991339,auto
1767922637359,Sunny,Day,0.09735243055555555,100.0,-2.0,20.09536100013065,auto
1767922637388,Sunny,Day,0.09357638888888889,100.0,-2.0,20.687533999989682,auto
1767922637420,Sunny,Day,0.09283854166666666,100.0,-1.0,23.73654500001976,auto
1767922637451,Sunny,Day,0.08645833333333333,100.0,-1.0,23.00734100003865,auto
1767922637485,Sunny,Day,0.09144965277777778,100.0,-1.0,22.911920000069586,auto
1767922637516,Sunny,Day,0.09066840277777778,100.0,17.0,21.429255000157355,auto
1767922637547,Sunny,Day,0.08975694444444444,100.0,-1.0,22.345801000028587,auto
1767922637580,Sunny,Day,0.08758680555555555,100.0,14.0,21.883861999867804,auto
1767922637611,Sunny,Day,0.09066840277777778,100.0,14.0,22.76028000005681,auto
1767922637641,Sunny,Day,0.09027777777777778,100.0,12.0,19.82815200017285,auto
1767922637673,Sunny,Day,0.08263888888888889,100.0,-6.0,22.787223000023005,auto
1767922637703,Sunny,Day,0.09032118055555556,100.0,-6.0,21.70666799997889,auto
1767922637735,Sunny,Day,0.09956597222222222,100.0,-6.0,22.31858100003592,auto
1767922637766,Sunny,Day,0.10299479166666667,100.0,-7.0,18.71683900003518,auto
1767922637798,Sunny,Day,0.10073784722222222,100.0,-8.0,23.964255999999295,auto
1767922637829,Sunny,Day,0.09848090277777778,100.0,-8.0,22.18353099988235,auto
1767922637860,Sunny,Day,0.10642361111111111,100.0,-6.0,22.74555799999689,auto
1767922637892,Sunny,Day,0.10390625,100.0,-6.0,20.391661000076056,auto
1767922637924,Sunny,Day,0.10256076388888889,100.0,-6.0,23.825207000072623,auto
1767922637954,Sunny,Day,0.10416666666666667,100.0,-5.0,22.058389999983774,auto
1767922637986,Sunny,Day,0.10785590277777778,100.0,-4.0,23.461466999833647,auto
1767922638019,Sunny,Day,0.10833333333333334,100.0,-4.0,24.48611699992398,auto
1767922638049,Sunny,Day,0.11080729166666667,100.0,-3.0,21.537619999890012,auto
1767922638080,Sunny,Day,0.112109375,100.0,-2.0,22.637933999931192,auto
1767922638111,Sunny,Day,0.11345486111111111,100.0,-2.0,22.769444999994448,auto
1767922638143,Sunny,Day,0.11532118055555556,100.0,-2.0,20.29159099993194,auto
1767922638174,Sunny,Day,0.11653645833333333,100.0,-2.0,21.080494999978328,auto
1767922638206,Sunny,Day,0.11627604166666666,100.0,-2.0,22.8773280000496,auto
1767922638240,Sunny,Day,0.11753472222222222,100.0,-1.0,22.77327799993145,auto
1767922638269,Sunny,Day,0.11783854166666667,100.0,-2.0,15.392861000009361,auto
1767922638299,Sunny,Day,0.11848958333333333,100.0,-1.0,17.10471699993832,auto
1767922638331,Sunny,Day,0.11983506944444444,100.0,-1.0,23.76083900003323,auto
1767922638363,Sunny,Day,0.11809895833333334,100.0,-2.0,23.70937899991077,auto
1767922638394,Sunny,Day,0.12248263888888888,100.0,-1.0,19.16492600003039,auto
1767922638427,Sunny,Day,0.12113715277777778,100.0,-1.0,24.241388999826086,auto
1767922638458,Sunny,Day,0.12170138888888889,100.0,-1.0,21.962634999908914,auto
1767922638488,Sunny,Day,0.12204861111111111,100.0,-1.0,21.224154000037743,auto
1767922638520,Sunny,Day,0.12252604166666667,100.0,-1.0,22.973656999965897,auto
1767922638552,Sunny,Day,0.12586805555555555,100.0,-1.0,20.76788099998339,auto
1767922638584,Sunny,Day,0.12473958333333333,100.0,-1.0,22.701930000039283,auto
1767922638614,Sunny,Day,0.12365451388888889,100.0,-1.0,20.965815000181465,auto
1767922638646,Sunny,Day,0.1252170138888889,100.0,-1.0,22.73481699990043,auto
1767922638677,Sunny,Day,0.12526041666666668,100.0,-1.0,17.403460999958043,auto
1767922638709,Sunny,Day,0.12660590277777778,100.0,-1.0,19.694028999992952,auto
1767922638740,Sunny,Day,0.12660590277777778,100.0,0.0,20.966222999959427,auto
1767922638771,Sunny,Day,0.12664930555555556,100.0,0.0,20.317718999876888,auto
1767922638804,Sunny,Day,0.1293402777777778,100.0,0.0,22.402650000003632,auto
1767922638834,Sunny,Day,0.13133680555555555,100.0,-1.0,22.741021000001638,auto
1767922638866,Sunny,Day,0.13203125,100.0,-1.0,22.34989199996562,auto
1767922638898,Sunny,Day,0.13572048611111112,100.0,-1.0,23.430394000115484,auto
1767922638928,Sunny,Day,0.13676215277777778,100.0,-1.0,20.80504600007771,auto
1767922638959,Sunny,Day,0.13854166666666667,100.0,-1.0,22.631248999914533,auto
1767922638992,Sunny,Day,0.13802083333333334,100.0,-1.0,24.09219200012558,auto
1767922639023,Sunny,Day,0.1362847222222222,100.0,-1.0,22.382094000022335,auto
1767922639054,Sunny,Day,0.13702256944444444,100.0,-1.0,22.198585000069215,auto
1767922639085,Sunny,Day,0.13502604166666668,100.0,-1.0,20.278275999999096,auto
1767922639117,Sunny,Day,0.13307291666666668,100.0,0.0,19.87944500001504,auto
1767922639149,Sunny,Day,0.13125,100.0,0.0,20.48954299993966,auto
1767922639184,Sunny,Day,0.12994791666666666,100.0,1.0,24.243221999995512,auto
1767922639211,Sunny,Day,0.12764756944444444,100.0,2.0,18.09792499989271,auto
1767922639243,Sunny,Day,0.12482638888888889,100.0,2.0,24.30855099987639,auto
1767922639274,Sunny,Day,0.12534722222222222,100.0,2.0,22.693170999900758,auto
1767922639305,Sunny,Day,0.12408854166666666,100.0,2.0,21.24541200009844,auto
1767922639335,Sunny,Day,0.12330729166666667,100.0,2.0,21.88974900013818,auto
1767922639367,Sunny,Day,0.12421875,100.0,2.0,23.75924600005419,auto
1767922639398,Sunny,Day,0.12586805555555555,100.0,2.0,22.06372199998441,auto
1767922639430,Sunny,Day,0.12552083333333333,100.0,1.0,20.89257800002997,auto
1767922639463,Sunny,Day,0.12625868055555556,100.0,0.0,24.56027899984292,auto
1767922639499,Sunny,Day,0.128125,100.0,-1.0,27.13198099991132,auto
1767922639525,Sunny,Day,0.13081597222222222,100.0,-2.0,16.169449000017266,auto
1767922639556,Sunny,Day,0.13168402777777777,100.0,-1.0,21.90282199990179,auto
1767922639589,Sunny,Day,0.1326388888888889,100.0,-2.0,22.731706000058693,auto
1767922639619,Sunny,Day,0.13619791666666667,100.0,-2.0,20.810045000189348,auto
1767922639650,Sunny,Day,0.13706597222222222,100.0,-2.0,22.277507000126207,auto
1767922639684,Sunny,Day,0.13767361111111112,100.0,-1.0,23.835112000142544,auto
1767922639714,Sunny,Day,0.13680555555555557,100.0,-1.0,19.73739699997168,auto
1767922639744,Sunny,Day,0.13645833333333332,100.0,0.0,21.53528600001664,auto
1767922639775,Sunny,Day,0.13719618055555555,100.0,0.0,19.63897500013445,auto
1767922639807,Sunny,Day,0.137890625,100.0,1.0,22.28000700006305,auto
1767922639838,Sunny,Day,0.13758680555555555,100.0,2.0,23.569904000169117,auto
1767922639869,Sunny,Day,0.13658854166666667,100.0,2.0,22.53803100006735,auto
1767922639902,Sunny,Day,0.13489583333333333,100.0,2.0,23.662066000042614,auto
1767922639933,Sunny,Day,0.13463541666666667,100.0,2.0,22.515569000006508,auto
1767922639965,Sunny,Day,0.13389756944444445,100.0,2.0,22.98391499994068,auto
1767922639996,Sunny,Day,0.13402777777777777,100.0,2.0,21.438975999899412,auto
1767922640028,Sunny,Day,0.1322048611111111,100.0,2.0,23.493351000070106,auto
1767922640058,Sunny,Day,0.12751736111111112,100.0,1.0,21.229651999874477,auto
1767922640091,Sunny,Day,0.13120659722222222,100.0,2.0,22.51816000011786,auto
1767922640127,Sunny,Day,0.12903645833333333,100.0,1.0,25.758642000027976,auto
1767922640152,Sunny,Day,0.1312934027777778,100.0,1.0,15.46433699991212,auto
1767922640184,Sunny,Day,0.13012152777777777,100.0,1.0,21.845250999831478,auto
1767922640216,Sunny,Day,0.1291232638888889,100.0,1.0,20.499115999882633,auto
1767922640246,Sunny,Day,0.12834201388888888,100.0,1.0,21.19806099995003,auto
1767922640282,Sunny,Day,0.1290798611111111,100.0,1.0,27.312322000170752,auto
1767922640309,Sunny,Day,0.12994791666666666,100.0,1.0,18.420889000026364,auto
1767922640341,Sunny,Day,0.13033854166666667,100.0,1.0,21.928060999925947,auto
1767922640372,Sunny,Day,0.1310329861111111,100.0,1.0,22.66330099996594,auto
1767922640406,Sunny,Day,0.12803819444444445,100.0,1.0,25.01379199998155,auto
1767922640436,Sunny,Day,0.12586805555555555,100.0,1.0,21.328777000007904,auto
1767922640467,Sunny,Day,0.11983506944444444,100.0,1.0,21.42730900004608,auto
1767922640500,Sunny,Day,0.11948784722222222,100.0,1.0,23.79092900014257,auto
1767922640529,Sunny,Day,0.11744791666666667,100.0,1.0,18.310099000018454,auto
1767922640560,Sunny,Day,0.11623263888888889,100.0,1.0,22.831218999954217,auto
1767922640592,Sunny,Day,0.11258680555555556,100.0,1.0,19.80209599992122,auto
1767922640623,Sunny,Day,0.10985243055555556,100.0,1.0,22.758036999903197,auto
1767922640655,Sunny,Day,0.10490451388888888,100.0,1.0,23.515295000152037,auto
1767922640687,Sunny,Day,0.10151909722222222,100.0,1.0,23.384709000083603,auto
1767922640718,Sunny,Day,0.09865451388888889,100.0,1.0,23.056041000018013,auto
1767922640749,Sunny,Day,0.09782986111111111,100.0,1.0,22.989155000004757,auto
1767922640780,Sunny,Day,0.09578993055555556,100.0,1.0,22.330780999936906,auto
1767922640813,Sunny,Day,0.09466145833333334,100.0,1.0,24.477837999938856,auto
1767922640844,Sunny,Day,0.09574652777777778,100.0,1.0,21.922654000036346,auto
1767922640874,Sunny,Day,0.09600694444444445,100.0,1.0,22.153772000137906,auto
1767922640906,Sunny,Day,0.09717881944444444,100.0,1.0,23.559847999877093,auto
1767922640937,Sunny,Day,0.09956597222222222,100.0,1.0,21.87858199999937,auto
1767922640969,Sunny,Day,0.10308159722222222,100.0,1.0,22.51386500006447,auto
1767922641000,Sunny,Day,0.10564236111111111,100.0,1.0,18.13364500003445,auto
1767922641031,Sunny,Day,0.106640625,100.0,1.0,22.894252000014603,auto
1767922641065,Sunny,Day,0.11072048611111111,100.0,1.0,23.73269000008804,auto
1767922641095,Sunny,Day,0.11332465277777778,100.0,1.0,15.293919999976424,auto
1767922641125,Sunny,Day,0.11510416666666666,100.0,1.0,22.14797500005261,auto
1767922641157,Sunny,Day,0.11775173611111112,100.0,1.0,23.143183000001954,auto
1767922641188,Sunny,Day,0.1193576388888889,100.0,1.0,22.87147499987441,auto
1767922641221,Sunny,Day,0.12144097222222222,100.0,1.0,24.524761000066064,auto
1767922641253,Sunny,Day,0.12309027777777778,100.0,0.0,22.50845699995807,auto
1767922641283,Sunny,Day,0.125,100.0,0.0,21.770365000065794,auto
1767922641314,Sunny,Day,0.12625868055555556,100.0,0.0,21.624279999969076,auto
1767922641345,Sunny,Day,0.12730034722222222,100.0,0.0,23.055410999859305,auto
1767922641377,Sunny,Day,0.12938368055555555,100.0,0.0,23.138090999964334,auto
1767922641409,Sunny,Day,0.1304253472222222,100.0,1.0,23.408225999901333,auto
1767922641440,Sunny,Day,0.1312934027777778,100.0,0.0,22.53891800000929,auto
1767922641471,Sunny,Day,0.13159722222222223,100.0,1.0,22.95478499991077,auto
1767922641503,Sunny,Day,0.13207465277777777,100.0,1.0,23.038262999989456,auto
1767922641534,Sunny,Day,0.13337673611111112,100.0,1.0,22.00320500014641,auto
1767922641566,Sunny,Day,0.13315972222222222,100.0,1.0,22.992672999862407,auto
1767922641597,Sunny,Day,0.13355034722222223,100.0,1.0,22.04994299995633,auto
1767922641628,Sunny,Day,0.13372395833333334,100.0,1.0,23.086390000116808,auto
1767922641662,Sunny,Day,0.13567708333333334,100.0,1.0,25.145321999843873,auto
1767922641691,Sunny,Day,0.1365451388888889,100.0,0.0,19.349693000094703,auto
1767922641723,Sunny,Day,0.13637152777777778,100.0,0.0,23.66323100000045,auto
1767922641754,Sunny,Day,0.13702256944444444,100.0,0.0,19.44577999984176,auto
1767922641785,Sunny,Day,0.13763020833333334,100.0,0.0,22.042332999944847,auto
1767922641816,Sunny,Day,0.1382378472222222,100.0,0.0,21.414346000028672,auto
1767922641848,Sunny,Day,0.1391059027777778,100.0,0.0,24.33658499990088,auto
1767922641878,Sunny,Day,0.13932291666666666,100.0,0.0,22.35426099991855,auto
1767922641912,Sunny,Day,0.13940972222222223,100.0,-1.0,25.782177000110096,auto
1767922641942,Sunny,Day,0.1407986111111111,100.0,-1.0,20.92716700008168,auto
1767922641974,Sunny,Day,0.14006076388888888,100.0,-1.0,23.29343500014147,auto
1767922642006,Sunny,Day,0.14131944444444444,100.0,-1.0,22.040054999934,auto
1767922642037,Sunny,Day,0.14144965277777777,100.0,-1.0,22.698039000033532,auto
1767922642070,Sunny,Day,0.14188368055555556,100.0,-1.0,24.18472199997268,auto
1767922642100,Sunny,Day,0.14171006944444445,100.0,-1.0,21.238187000108155,auto
1767922642131,Sunny,Day,0.14153645833333334,100.0,-1.0,23.156995999897845,auto
1767922642162,Sunny,Day,0.14136284722222223,100.0,-2.0,21.914578999940204,auto
1767922642193,Sunny,Day,0.14244791666666667,100.0,-1.0,23.175366000032227,auto
1767922642225,Sunny,Day,0.14292534722222222,100.0,-2.0,23.803870999927312,auto
1767922642256,Sunny,Day,0.14210069444444445,100.0,-2.0,21.400327000037578,auto
1767922642287,Sunny,Day,0.14249131944444443,100.0,-2.0,22.94004500004121,auto
1767922642319,Sunny,Day,0.14210069444444445,100.0,-2.0,23.417149999886533,auto
1767922642352,Sunny,Day,0.14166666666666666,100.0,-1.0,20.650940999985323,auto
1767922642383,Sunny,Day,0.14166666666666666,100.0,-1.0,22.232784999914657,auto
1767922642413,Sunny,Day,0.14162326388888888,100.0,-1.0,21.02927200007798,auto
1767922642444,Sunny,Day,0.14144965277777777,100.0,-1.0,22.547639000094932,auto
1767922642477,Sunny,Day,0.140625,100.0,0.0,25.20283700005166,auto
1767922642508,Sunny,Day,0.1401909722222222,100.0,0.0,23.511404999908336,auto
1767922642539,Sunny,Day,0.14014756944444445,100.0,0.0,20.387101000096663,auto
1767922642571,Sunny,Day,0.13936631944444444,100.0,0.0,21.079121999946437,auto
1767922642603,Sunny,Day,0.1392795138888889,100.0,0.0,22.280559999899197,auto
1767922642635,Sunny,Day,0.13862847222222222,100.0,0.0,22.251136000022598,auto
1767922642665,Sunny,Day,0.1373263888888889,100.0,0.0,21.127174999946874,auto
1767922642696,Sunny,Day,0.13754340277777777,100.0,0.0,21.36964400006036,auto
1767922642727,Sunny,Day,0.1375,100.0,0.0,22.771257999920635,auto
1767922642759,Sunny,Day,0.13645833333333332,100.0,0.0,21.592335999912393,auto
1767922642790,Sunny,Day,0.13619791666666667,100.0,0.0,22.18038000000888,auto
1767922642821,Sunny,Day,0.13550347222222223,100.0,0.0,23.523737000004985,auto
1767922642853,Sunny,Day,0.13463541666666667,100.0,1.0,18.776499999830776,auto
1767922642887,Sunny,Day,0.13411458333333334,100.0,1.0,22.33903899991674,auto
1767922642916,Sunny,Day,0.13385416666666666,100.0,1.0,20.946610999999393,auto
1767922642949,Sunny,Day,0.13194444444444445,100.0,1.0,21.241853999981686,auto
1767922642983,Sunny,Day,0.13216145833333334,100.0,1.0,18.648876000042947,auto
1767922643010,Sunny,Day,0.13198784722222223,100.0,1.0,15.259049999940544,auto
1767922643041,Sunny,Day,0.12981770833333334,100.0,0.0,22.11469799999577,auto
1767922643072,Sunny,Day,0.1291232638888889,100.0,1.0,23.62823099997513,auto
1767922643104,Sunny,Day,0.12903645833333333,100.0,1.0,23.76846500010288,auto
1767922643136,Sunny,Day,0.12881944444444443,100.0,1.0,23.17160600000534,auto
1767922643169,Sunny,Day,0.12864583333333332,100.0,1.0,20.592460999978357,auto
1767922643201,Sunny,Day,0.1267361111111111,100.0,1.0,23.571344999936628,auto
1767922643229,Sunny,Day,0.12569444444444444,100.0,1.0,18.50756800013187,auto
1767922643263,Sunny,Day,0.12608506944444445,100.0,2.0,24.62743900014175,auto
1767922643294,Sunny,Day,0.12625868055555556,100.0,2.0,22.3809799999799,auto
1767922643324,Sunny,Day,0.12530381944444444,100.0,2.0,18.39407400007076,auto
1767922643358,Sunny,Day,0.12447916666666667,100.0,2.0,26.0580880001271,auto
1767922643386,Sunny,Day,0.12421875,100.0,2.0,17.10956600004465,auto
1767922643418,Sunny,Day,0.12408854166666666,100.0,2.0,20.816430999957447,auto
1767922643450,Sunny,Day,0.12252604166666667,100.0,3.0,24.82218900013322,auto
1767922643481,Sunny,Day,0.12183159722222223,100.0,3.0,21.89909699995951,auto
1767922643515,Sunny,Day,0.12005208333333334,100.0,3.0,24.012933999983943,auto
1767922643544,Sunny,Day,0.11974826388888889,100.0,3.0,18.560677000095893,auto
1767922643577,Sunny,Day,0.11818576388888889,100.0,3.0,24.752358999876378,auto
1767922643613,Sunny,Day,0.11705729166666666,100.0,3.0,26.41825399996378,auto
1767922643638,Sunny,Day,0.11579861111111112,100.0,4.0,15.858593000075416,auto
1767922643669,Sunny,Day,0.11397569444444444,100.0,3.0,22.63963399991553,auto
1767922643703,Sunny,Day,0.11271701388888888,100.0,4.0,20.18379699984507,auto
1767922643732,Sunny,Day,0.11080729166666667,100.0,4.0,19.329136999886032,auto
1767922643764,Sunny,Day,0.10907118055555555,100.0,5.0,24.573387000145885,auto
1767922643795,Sunny,Day,0.10811631944444444,100.0,5.0,21.238965000065946,auto
1767922643826,Sunny,Day,0.10607638888888889,100.0,4.0,23.055445999943913,auto
1767922643857,Sunny,Day,0.10421006944444444,100.0,4.0,22.56982199992308,auto
1767922643889,Sunny,Day,0.1032986111111111,100.0,4.0,21.821213000066564,auto
1767922643923,Sunny,Day,0.1017795138888889,100.0,3.0,25.507467999887012,auto
1767922643952,Sunny,Day,0.100390625,100.0,4.0,19.905071000039243,auto
1767922643984,Sunny,Day,0.09991319444444445,100.0,3.0,22.83156799990138,auto
1767922644015,Sunny,Day,0.09965277777777778,100.0,3.0,22.44038499998169,auto
1767922644046,Sunny,Day,0.099609375,100.0,3.0,22.12299300003906,auto
1767922644078,Sunny,Day,0.09913194444444444,100.0,2.0,23.100812999928166,auto
1767922644113,Sunny,Day,0.09913194444444444,100.0,2.0,29.24940399998377,auto
1767922644140,Sunny,Day,0.0993923611111111,100.0,2.0,14.355188000081398,auto
1767922644172,Sunny,Day,0.09952256944444444,100.0,2.0,23.75022399996851,auto
1767922644203,Sunny,Day,0.09952256944444444,100.0,2.0,21.70825500002138,auto
1767922644234,Sunny,Day,0.09965277777777778,100.0,2.0,21.648777000109476,auto
1767922644267,Sunny,Day,0.0993923611111111,100.0,3.0,25.206704999845897,auto
1767922644298,Sunny,Day,0.09934895833333333,100.0,3.0,21.980463000090822,auto
1767922644328,Sunny,Day,0.099609375,100.0,3.0,21.65710899998885,auto
1767922644359,Sunny,Day,0.09973958333333334,100.0,3.0,22.57889499992416,auto
1767922644391,Sunny,Day,0.10008680555555556,100.0,2.0,23.956491000035385,auto
1767922644424,Sunny,Day,0.09947916666666666,100.0,2.0,19.621826000047804,auto
1767922644454,Sunny,Day,0.09926215277777778,100.0,2.0,21.986777999927654,auto
1767922644486,Sunny,Day,0.0993923611111111,100.0,2.0,22.72153600006277,auto
1767922644520,Sunny,Day,0.0998263888888889,100.0,2.0,24.60777299984329,auto
1767922644549,Sunny,Day,0.09969618055555556,100.0,2.0,19.597178000140048,auto
1767922644580,Sunny,Day,0.09952256944444444,100.0,2.0,22.398441999939678,auto
1767922644611,Sunny,Day,0.10021701388888889,100.0,3.0,22.061291999989407,auto
1767922644643,Sunny,Day,0.10034722222222223,100.0,2.0,22.04846000017824,auto
1767922644674,Sunny,Day,0.10082465277777777,100.0,2.0,22.66592799992395,auto
1767922644706,Sunny,Day,0.10138888888888889,100.0,3.0,23.223954999821217,auto
1767922644737,Sunny,Day,0.10269097222222222,100.0,2.0,22.61507900016113,auto
1767922644768,Sunny,Day,0.10338541666666666,100.0,3.0,21.538505000080477,auto
1767922644799,Sunny,Day,0.10455729166666666,100.0,3.0,21.818490000214297,auto
1767922644834,Sunny,Day,0.10551215277777778,100.0,3.0,24.677880000126606,auto
1767922644862,Sunny,Day,0.10685763888888888,100.0,3.0,19.37417099998129,auto
1767922644894,Sunny,Day,0.1078125,100.0,3.0,22.503548000031515,auto
1767922644926,Sunny,Day,0.10859375,100.0,3.0,24.37426599999526,auto
1767922644956,Sunny,Day,0.10967881944444445,100.0,3.0,20.66297500005021,auto
1767922644989,Sunny,Day,0.11006944444444444,100.0,3.0,24.532721000014135,auto
1767922645023,Sunny,Day,0.11085069444444444,100.0,3.0,24.575663000177883,auto
1767922645048,Sunny,Day,0.11145833333333334,100.0,3.0,14.242860999956974,auto
1767922645083,Sunny,Day,0.11189236111111112,100.0,3.0,28.89449600002081,auto
1767922645112,Sunny,Day,0.112109375,100.0,3.0,21.030956000004153,auto
1767922645145,Sunny,Day,0.11206597222222223,100.0,3.0,26.530302000082884,auto
1767922645174,Sunny,Day,0.11271701388888888,100.0,3.0,22.450863999893045,auto
1767922645205,Sunny,Day,0.11258680555555556,100.0,3.0,24.614992999886454,auto
1767922645236,Sunny,Day,0.11202256944444444,100.0,3.0,24.095279999983177,auto
1767922645268,Sunny,Day,0.11145833333333334,100.0,3.0,21.232797000038772,auto
1767922645299,Sunny,Day,0.1115451388888889,100.0,3.0,24.767707999899358,auto
1767922645331,Sunny,Day,0.11141493055555556,100.0,3.0,25.692050000088784,auto
1767922645362,Sunny,Day,0.11024305555555555,100.0,3.0,21.750993000068775,auto
1767922645394,Sunny,Day,0.11002604166666667,100.0,3.0,24.812853999947038,auto
1767922645425,Sunny,Day,0.10941840277777778,100.0,3.0,24.332194000180607,auto
1767922645456,Sunny,Day,0.109375,100.0,3.0,24.296121000134008,auto
1767922645490,Sunny,Day,0.10833333333333334,100.0,3.0,26.672092000126213,auto
1767922645521,Sunny,Day,0.10737847222222222,100.0,3.0,21.943130999943605,auto
1767922645551,Sunny,Day,0.10711805555555555,100.0,3.0,22.734348999847498,auto
1767922645582,Sunny,Day,0.10646701388888889,100.0,3.0,24.31580600000416,auto
1767922645613,Sunny,Day,0.10516493055555555,100.0,3.0,24.077372999954605,auto
1767922645645,Sunny,Day,0.10460069444444445,100.0,3.0,24.186220000046887,auto
1767922645676,Sunny,Day,0.10295138888888888,100.0,3.0,22.133806999818262,auto
1767922645707,Sunny,Day,0.10247395833333334,100.0,3.0,24.107111999910558,auto
1767922645739,Sunny,Day,0.10173611111111111,100.0,3.0,24.413671000047543,auto
1767922645771,Sunny,Day,0.10056423611111111,100.0,3.0,20.89414800002487,auto
1767922645804,Sunny,Day,0.09930555555555555,100.0,3.0,27.23404399989704,auto
1767922645835,Sunny,Day,0.09878472222222222,100.0,3.0,22.93580200012002,auto
1767922645865,Sunny,Day,0.09722222222222222,100.0,3.0,23.14594000017678,auto
1767922645896,Sunny,Day,0.09565972222222222,100.0,3.0,23.317966999911732,auto
1767922645929,Sunny,Day,0.09457465277777778,100.0,4.0,20.676677999972526,auto
1767922645961,Sunny,Day,0.09296875,100.0,3.0,24.85333399999945,auto
1767922645990,Sunny,Day,0.09149305555555555,100.0,3.0,20.93555299984473,auto
1767922646021,Sunny,Day,0.09001736111111111,100.0,4.0,24.67750799996793,auto
1767922646053,Sunny,Day,0.08806423611111111,100.0,4.0,24.75365299983423,auto
1767922646084,Sunny,Day,0.0861545138888889,100.0,4.0,21.918669000115187,auto
1767922646116,Sunny,Day,0.08433159722222222,100.0,4.0,23.678911999923002,auto
1767922646147,Sunny,Day,0.08333333333333333,100.0,4.0,23.811052999917592,auto
1767922646179,Sunny,Day,0.08033854166666667,100.0,4.0,23.830071000020325,auto
1767922646210,Sunny,Day,0.07864583333333333,100.0,4.0,24.373932000116838,auto
1767922646243,Sunny,Day,0.07738715277777777,100.0,5.0,25.655958000015744,auto
1767922646273,Sunny,Day,0.07495659722222223,100.0,5.0,22.206895000181248,auto
1767922646304,Sunny,Day,0.07196180555555555,100.0,5.0,23.035036999999647,auto
1767922646337,Sunny,Day,0.06961805555555556,100.0,6.0,22.139101999982813,auto
1767922646368,Sunny,Day,0.066015625,100.0,6.0,24.16777500002354,auto
1767922646398,Sunny,Day,0.06232638888888889,100.0,7.0,22.597837999910553,auto
1767922646430,Sunny,Day,0.05768229166666667,100.0,8.0,25.000029000011637,auto
1767922646461,Sunny,Day,0.05256076388888889,100.0,8.0,24.732912999979817,auto
1767922646492,Sunny,Day,0.048828125,97.65625,9.0,24.33445099995879,auto
1767922646524,Sunny,Day,0.04578993055555555,91.5798611111111,-20.0,24.52249800012396,auto
1767922646555,Sunny,Day,0.041493055555555554,82.98611111111111,-20.0,24.110519000032582,auto
1767922646587,Sunny,Day,0.03854166666666667,77.08333333333334,-20.0,21.259481000015512,auto
1767922646620,Sunny,Day,0.03585069444444444,71.70138888888889,-19.0,25.933553999948344,auto
1767922646649,Sunny,Day,0.03693576388888889,73.87152777777779,-18.0,22.22920899998826,auto
1767922646681,Sunny,Day,0.038671875,77.34375,-16.0,24.33311799995863,auto
1767922646715,Sunny,Day,0.040538194444444446,81.07638888888889,-14.0,26.88324699988698,auto
1767922646746,Sunny,Day,0.04283854166666667,85.67708333333333,-13.0,23.030389000041396,auto
1767922646777,Sunny,Day,0.04548611111111111,90.97222222222221,-11.0,23.577380000006087,auto
1767922646806,Sunny,Day,0.04900173611111111,98.00347222222221,-10.0,21.98075800015431,auto
1767922646838,Sunny,Day,0.05277777777777778,100.0,-8.0,24.16542300011315,auto
1767922646869,Sunny,Day,0.05555555555555555,100.0,-7.0,23.45260800007054,auto
1767922646902,Sunny,Day,0.05967881944444445,100.0,-6.0,22.8135120000843,auto
1767922646932,Sunny,Day,0.06302083333333333,100.0,-4.0,22.851342999956614,auto
1767922646963,Sunny,Day,0.06506076388888889,100.0,-3.0,23.22286100002202,auto
1767922646995,Sunny,Day,0.06549479166666666,100.0,-2.0,23.90658500007703,auto
1767922647026,Sunny,Day,0.06579861111111111,100.0,-2.0,24.22969799999919,auto
1767922647058,Sunny,Day,0.06566840277777777,100.0,-1.0,24.85177600010502,auto
1767922647090,Sunny,Day,0.06714409722222223,100.0,0.0,25.390748000063468,auto
1767922647120,Sunny,Day,0.07096354166666667,100.0,,23.689057999945362,auto
1767922647153,Sunny,Day,0.07421875,100.0,,26.126896000050692,auto
1767922647185,Sunny,Day,0.07565104166666667,100.0,,23.626412999874447,auto
1767922647214,Sunny,Day,0.07769097222222222,100.0,,20.718101000056777,auto
1767922647246,Sunny,Day,0.07760416666666667,100.0,,16.361732000177653,auto
1767922647277,Sunny,Day,0.07760416666666667,100.0,,16.96362699999554,auto
1767922647309,Sunny,Day,0.07756076388888888,100.0,,18.82043899991004,auto
1767922647341,Sunny,Day,0.077734375,100.0,,25.668734999953813,auto
1767922647373,Sunny,Day,0.077734375,100.0,,25.08898699989004,auto
1767922647403,Sunny,Day,0.07760416666666667,100.0,,22.986743000046772,auto
1767922647436,Sunny,Day,0.07751736111111111,100.0,,24.467276999985188,auto
1767922647467,Sunny,Day,0.07756076388888888,100.0,,23.128940000106013,auto
1767922647502,Sunny,Day,0.07760416666666667,100.0,,25.069339000083346,auto
1767922647528,Sunny,Day,0.07760416666666667,100.0,,19.001817999878767,auto
1767922647561,Sunny,Day,0.07764756944444444,100.0,,17.042585999888615,auto
1767922647593,Sunny,Day,0.07764756944444444,100.0,,19.53717899982621,auto
1767922647624,Sunny,Day,0.07764756944444444,100.0,,21.738417999813464,auto
1767922647657,Sunny,Day,0.07782118055555555,100.0,,24.296768000112934,auto
1767922647687,Sunny,Day,0.07769097222222222,100.0,,16.436246000012034,auto
1767922647717,Sunny,Day,0.07756076388888888,100.0,,17.08667599996261,auto
1767922647750,Sunny,Day,0.07803819444444444,100.0,,25.691788999893106,auto
1767922647783,Sunny,Day,0.07782118055555555,100.0,,25.09165300011773,auto
1767922647811,Sunny,Day,0.07756076388888888,100.0,,20.930311000029178,auto
1767922647842,Sunny,Day,0.07764756944444444,100.0,,24.93356800005131,auto
1767922647880,Sunny,Day,0.07777777777777778,100.0,,27.538194000044314,manual
1767922647906,Sunny,Day,0.07786458333333333,100.0,,16.405711000061274,manual
1767922647936,Sunny,Day,0.07777777777777778,100.0,,24.1675340000711,manual
1767922647968,Sunny,Day,0.07769097222222222,100.0,,25.5696839999473,manual
1767922648000,Sunny,Day,0.07764756944444444,100.0,,24.399800000082905,manual
1767922648033,Sunny,Day,0.07786458333333333,100.0,,26.940445999798612,manual
1767922648062,Sunny,Day,0.07777777777777778,100.0,,22.352201000103378,manual
1767922648095,Sunny,Day,0.07777777777777778,100.0,,25.186147000113124,manual
1767922648126,Sunny,Day,0.077734375,100.0,,28.11414499979037,manual
1767922648157,Sunny,Day,0.07977430555555555,100.0,,21.646829000019352,manual
1767922648188,Sunny,Day,0.08337673611111111,100.0,,23.9613220001047,manual
1767922648219,Sunny,Day,0.08754340277777778,100.0,,24.738892999948803,manual
1767922648252,Sunny,Day,0.09487847222222222,100.0,,26.668255999993562,manual
1767922648283,Sunny,Day,0.09730902777777778,100.0,,22.89548800013108,manual
1767922648313,Sunny,Day,0.10381944444444445,100.0,,23.551693999934287,manual
1767922648345,Sunny,Day,0.10698784722222222,100.0,,25.24723599981371,manual
1767922648376,Sunny,Day,0.11223958333333334,100.0,,22.193579000031605,manual
1767922648408,Sunny,Day,0.11662326388888888,100.0,,25.76528400004463,manual
1767922648439,Sunny,Day,0.11966145833333333,100.0,,21.499689000165745,manual
1767922648470,Sunny,Day,0.12339409722222222,100.0,,24.67095099996186,manual
1767922648502,Sunny,Day,0.126953125,100.0,,25.456263000023682,manual
1767922648533,Sunny,Day,0.12960069444444444,100.0,,24.502016000042204,manual
1767922648568,Sunny,Day,0.1349392361111111,100.0,,28.527328000109264,manual
1767922648600,Sunny,Day,0.1375,100.0,,23.16919599979883,manual
1767922648628,Sunny,Day,0.13871527777777778,100.0,,24.823202999868954,manual
1767922648661,Sunny,Day,0.14375,100.0,,24.772815999995146,manual
1767922648690,Sunny,Day,0.14661458333333333,100.0,,25.70047299991529,manual
1767922648724,Sunny,Day,0.14761284722222223,100.0,,24.455814000020837,manual
1767922648753,Sunny,Day,0.14769965277777777,100.0,,24.348764000023948,manual
1767922648784,Sunny,Day,0.14969618055555556,100.0,,26.6868290000275,manual
1767922648816,Sunny,Day,0.15329861111111112,100.0,,26.746973999934198,manual
1767922648847,Sunny,Day,0.15625,100.0,,26.678145000005316,manual
1767922648881,Sunny,Day,0.15716145833333334,100.0,,29.04670799989617,manual
1767922648910,Sunny,Day,0.1595486111111111,100.0,,20.526034999875264,manual
1767922648941,Sunny,Day,0.16328125,100.0,,24.966011000060462,manual
1767922648973,Sunny,Day,0.16545138888888888,100.0,,25.17072199998438,manual
1767922649004,Sunny,Day,0.16688368055555555,100.0,,24.3043039999975,manual
1767922649035,Sunny,Day,0.17022569444444444,100.0,,24.858625999968353,manual
1767922649067,Sunny,Day,0.17469618055555555,100.0,,25.216533999810054,manual
1767922649098,Sunny,Day,0.17894965277777777,100.0,,25.021895999998378,manual
1767922649130,Sunny,Day,0.18059895833333334,100.0,,25.58727399991767,manual
1767922649161,Sunny,Day,0.185546875,100.0,,24.654600000076243,manual
1767922649193,Sunny,Day,0.18997395833333333,100.0,,24.84925600015231,manual
1767922649225,Sunny,Day,0.19466145833333334,100.0,,25.712267000017164,manual
1767922649256,Sunny,Day,0.19605034722222223,100.0,,23.500954999917667,manual
1767922649287,Sunny,Day,0.20212673611111112,100.0,,24.474924000060128,manual
1767922649318,Sunny,Day,0.19670138888888888,100.0,,25.197423999998136,manual
1767922649350,Sunny,Day,0.178515625,100.0,,24.57117900007688,manual
1767922649383,Sunny,Day,0.1556423611111111,100.0,,27.045531999874584,manual
1767922649413,Sunny,Day,0.1306423611111111,100.0,,23.12971599985758,manual
1767922649446,Sunny,Day,0.10299479166666667,100.0,,26.344883999854574,manual
1767922649475,Sunny,Day,0.07330729166666666,100.0,,22.598817000016425,manual
1767922649507,Sunny,Day,0.052256944444444446,100.0,,25.631105000002208,manual
1767922649538,Sunny,Day,0.03819444444444445,76.3888888888889,,22.84263799992914,manual
1767922649570,Sunny,Day,0.02847222222222222,56.94444444444444,,24.766057000078945,manual
1767922649601,Sunny,Day,0.019618055555555555,39.23611111111111,,24.59095500012154,manual
1767922649634,Sunny,Day,0.013715277777777778,27.430555555555554,,25.278955999965547,manual
1767922649663,Sunny,Day,0.0125,25.0,,22.75358699989738,manual
1767922649695,Sunny,Day,0.012803819444444444,25.60763888888889,,25.15451900012522,manual
1767922649727,Sunny,Day,0.01349826388888889,26.99652777777778,,25.40824699985933,manual
1767922649758,Sunny,Day,0.014105902777777778,28.211805555555557,,24.168514000166397,manual
1767922649789,Sunny,Day,0.014192708333333333,28.385416666666668,,24.85401500007356,manual
1767922649822,Sunny,Day,0.015147569444444444,30.29513888888889,37.0,21.482189999915136,manual
1767922649855,Sunny,Day,0.016102430555555554,32.20486111111111,36.0,25.352545000032478,manual
1767922649883,Sunny,Day,0.016666666666666666,33.333333333333336,36.0,21.92272199999934,manual
1767922649916,Sunny,Day,0.01740451388888889,34.80902777777778,35.0,22.573355000076845,manual
1767922649948,Sunny,Day,0.017881944444444443,35.763888888888886,35.0,24.68661699981567,manual
1767922649978,Sunny,Day,0.019835069444444443,39.670138888888886,35.0,22.102915999994366,manual
1767922650009,Sunny,Day,0.020616319444444444,41.232638888888886,34.0,24.811277000026166,manual
1767922650044,Sunny,Day,0.021354166666666667,42.708333333333336,34.0,26.044175999913932,manual
1767922650075,Sunny,Day,0.021961805555555554,43.92361111111111,33.0,22.056436999946527,manual
1767922650107,Sunny,Day,0.022178819444444445,44.35763888888889,33.0,20.883330999822647,manual
1767922650140,Sunny,Day,0.024131944444444445,48.26388888888889,34.0,24.123940999970728,manual
1767922650168,Sunny,Day,0.023654513888888888,47.30902777777778,33.0,24.370133000047645,manual
1767922650200,Sunny,Day,0.02421875,48.4375,33.0,19.735574999913297,manual
1767922650234,Sunny,Day,0.025130208333333334,50.26041666666667,34.0,24.020928000027197,manual
1767922650264,Sunny,Day,0.024479166666666666,48.958333333333336,34.0,21.584517000064807,manual
1767922650295,Sunny,Day,0.02478298611111111,49.56597222222222,34.0,20.70771000012428,manual
1767922650327,Sunny,Day,0.025434027777777778,50.86805555555556,34.0,23.722666000139725,manual
1767922650357,Sunny,Day,0.02621527777777778,52.43055555555556,33.0,20.815464000179418,manual
1767922650389,Sunny,Day,0.028602430555555555,57.20486111111111,33.0,22.583613000051628,manual
1767922650420,Sunny,Day,0.030078125,60.15625,33.0,22.175672000003033,manual
1767922650451,Sunny,Day,0.03138020833333333,62.760416666666664,32.0,23.02116499981821,manual
1767922650485,Sunny,Day,0.03372395833333333,67.44791666666666,31.0,18.242855999915264,manual
1767922650514,Sunny,Day,0.03511284722222222,70.22569444444444,30.0,20.12012899990623,manual
1767922650548,Sunny,Day,0.0375,75.0,30.0,25.223348000054102,manual
1767922650577,Sunny,Day,0.038671875,77.34375,29.0,20.166014999858817,manual
1767922650611,Sunny,Day,0.04066840277777778,81.33680555555556,28.0,25.020358000119813,manual
1767922650641,Sunny,Day,0.04210069444444445,84.2013888888889,27.0,21.290401999976893,manual
1767922650673,Sunny,Day,0.04422743055555556,88.45486111111111,26.0,22.73508700000093,manual
1767922650702,Sunny,Day,0.04552951388888889,91.05902777777777,25.0,20.520663999832323,manual
1767922650734,Sunny,Day,0.047265625,94.53125,25.0,20.274028999892835,manual
1767922650767,Sunny,Day,0.04913194444444444,98.26388888888889,24.0,22.958353000149145,manual
1767922650796,Sunny,Day,0.05099826388888889,100.0,23.0,21.470577999934903,manual
1767922650829,Sunny,Day,0.05303819444444444,100.0,22.0,24.618304999876273,manual
1767922650859,Sunny,Day,0.05538194444444444,100.0,21.0,21.98069999985819,manual
1767922650890,Sunny,Day,0.05698784722222222,100.0,20.0,23.179304999985106,manual
1767922650924,Sunny,Day,0.05928819444444444,100.0,19.0,25.140407999970193,manual
1767922650955,Sunny,Day,0.061675347222222225,100.0,18.0,21.98305199999595,manual
1767922650989,Sunny,Day,0.06328125,100.0,18.0,23.9607830001205,manual
1767922651019,Sunny,Day,0.06471354166666667,100.0,17.0,21.84418799993182,manual
1767922651049,Sunny,Day,0.06727430555555555,100.0,16.0,19.915639999908308,manual
1767922651080,Sunny,Day,0.06905381944444444,100.0,15.0,22.812970999893878,manual
1767922651110,Sunny,Day,0.07269965277777778,100.0,14.0,21.976199000164343,manual
1767922651142,Sunny,Day,0.07361111111111111,100.0,13.0,23.82914100007838,manual
1767922651173,Sunny,Day,0.07495659722222223,100.0,11.0,23.34809200010568,manual
1767922651205,Sunny,Day,0.07664930555555556,100.0,10.0,18.369978999999148,manual
1767922651237,Sunny,Day,0.078125,100.0,8.0,24.316338000062387,manual
1767922651268,Sunny,Day,0.079296875,100.0,6.0,22.00927200010483,manual
1767922651299,Sunny,Day,0.07934027777777777,100.0,4.0,22.41986200010615,manual
1767922651331,Sunny,Day,0.08051215277777778,100.0,2.0,22.170189000007667,manual
1767922651361,Sunny,Day,0.08129340277777777,100.0,1.0,18.574524000086967,manual
1767922651394,Sunny,Day,0.08289930555555555,100.0,-1.0,23.55526699989241,manual
1767922651427,Sunny,Day,0.08333333333333333,100.0,-3.0,20.549957999946855,manual
1767922651457,Sunny,Day,0.08598090277777778,100.0,-6.0,20.820537000190598,manual
1767922651488,Sunny,Day,0.08684895833333334,100.0,-8.0,21.92136999997274,manual
1767922651519,Sunny,Day,0.08828125,100.0,-11.0,22.225372000093557,manual
1767922651550,Sunny,Day,0.08927951388888888,100.0,-12.0,23.168693999878087,manual
1767922651581,Sunny,Day,0.090234375,100.0,-15.0,22.226131000024907,manual
1767922651612,Sunny,Day,0.090625,100.0,-16.0,21.422412999982043,manual
1767922651644,Sunny,Day,0.09253472222222223,100.0,-18.0,24.140050999903906,manual
1767922651675,Sunny,Day,0.09296875,100.0,-19.0,22.69062599998506,manual
1767922651707,Sunny,Day,0.09509548611111111,100.0,-22.0,23.069236000083038,manual
1767922651742,Sunny,Day,0.09574652777777778,100.0,-24.0,27.428232999909596,manual
1767922651771,Sunny,Day,0.09678819444444445,100.0,-26.0,18.34968299999673,manual
1767922651802,Sunny,Day,0.0993923611111111,100.0,-27.0,22.599871000011262,manual
1767922651836,Sunny,Day,0.09986979166666667,100.0,-29.0,24.951527999974132,manual
1767922651864,Sunny,Day,0.10160590277777778,100.0,-31.0,19.52589999996235,manual
1767922651896,Sunny,Day,0.10234375,100.0,,24.264692000087962,manual
1767922651926,Sunny,Day,0.10394965277777778,100.0,,22.15363499999512,manual
1767922651958,Sunny,Day,0.10321180555555555,100.0,,23.53241499986325,manual
1767922651990,Sunny,Day,0.10425347222222223,100.0,,23.200155000040468,manual
1767922652021,Sunny,Day,0.10486111111111111,100.0,,22.97003700005007,manual
1767922652052,Sunny,Day,0.10360243055555556,100.0,,21.65856800002075,manual
1767922652083,Sunny,Day,0.10451388888888889,100.0,,23.58152300007532,manual
1767922652114,Sunny,Day,0.1056857638888889,100.0,,22.861059999968347,manual
1767922652147,Sunny,Day,0.10516493055555555,100.0,,23.914357999956337,manual
1767922652178,Sunny,Day,0.10724826388888889,100.0,,22.659718999875622,manual
1767922652209,Sunny,Day,0.10633680555555555,100.0,,22.55178099994737,manual
1767922652240,Sunny,Day,0.10989583333333333,100.0,,21.961403999966933,manual
1767922652272,Sunny,Day,0.11263020833333333,100.0,,19.72672299984879,manual
1767922652305,Sunny,Day,0.1134982638888889,100.0,,25.039466999942306,manual
1767922652335,Sunny,Day,0.11484375,100.0,,21.443689000079758,manual
1767922652370,Sunny,Day,0.11744791666666667,100.0,,24.123588000065865,manual
1767922652397,Sunny,Day,0.11592881944444444,100.0,,18.29488900011711,manual
1767922652429,Sunny,Day,0.11714409722222222,100.0,,22.610369999938484,manual
1767922652460,Sunny,Day,0.11857638888888888,100.0,,23.30216699988341,manual
1767922652493,Sunny,Day,0.12065972222222222,100.0,,24.687818000074913,manual
1767922652523,Sunny,Day,0.119140625,100.0,,20.883162000018274,manual
1767922652555,Sunny,Day,0.11888020833333333,100.0,,22.536892000061926,manual
1767922652587,Sunny,Day,0.11749131944444445,100.0,,23.188376999996763,manual
1767922652619,Sunny,Day,0.11809895833333334,100.0,,22.488821000024473,manual
1767922652649,Sunny,Day,0.118359375,100.0,,20.30765600011364,manual
1767922652682,Sunny,Day,0.115234375,100.0,,24.59324899996318,manual
1767922652711,Sunny,Day,0.11519097222222222,100.0,,20.200142000021515,manual
1767922652744,Sunny,Day,0.11731770833333334,100.0,,24.889177999966705,manual
1767922652777,Sunny,Day,0.11644965277777777,100.0,,23.309871000037674,manual
1767922652806,Sunny,Day,0.11263020833333333,100.0,,18.85200900005657,manual
1767922652839,Sunny,Day,0.11310763888888889,100.0,,22.039621999965675,manual
1767922652868,Sunny,Day,0.11232638888888889,100.0,,19.857696999906693,manual
1767922652900,Sunny,Day,0.11271701388888888,100.0,,23.48826899992673,manual
1767922652931,Sunny,Day,0.10946180555555556,100.0,,21.800763000101142,manual
1767922652964,Sunny,Day,0.10716145833333333,100.0,,22.858134999978574,manual
1767922652997,Sunny,Day,0.11219618055555555,100.0,,22.28707199992641,manual
1767922653028,Sunny,Day,0.11254340277777777,100.0,,21.59192199997051,manual
1767922653057,Sunny,Day,0.10694444444444444,100.0,,20.0815739999598,manual
1767922653089,Sunny,Day,0.10633680555555555,100.0,,20.044038999913028,manual
1767922653120,Sunny,Day,0.1046875,100.0,,20.832294999991063,manual
1767922653151,Sunny,Day,0.10811631944444444,100.0,,21.648012000014205,manual
1767922653186,Sunny,Day,0.10750868055555556,100.0,,26.052580999930797,manual
1767922653215,Sunny,Day,0.10794270833333333,100.0,,15.683042000091518,manual
1767922653245,Sunny,Day,0.10477430555555556,100.0,,20.176346999960515,manual
1767922653276,Sunny,Day,0.10776909722222222,100.0,,23.513248999961434,manual
1767922653308,Sunny,Day,0.10464409722222222,100.0,,22.891559000072448,manual
1767922653345,Sunny,Day,0.10629340277777778,100.0,,28.682778000074904,manual
1767922653371,Sunny,Day,0.10516493055555555,100.0,,16.907331000084014,manual
1767922653403,Sunny,Day,0.10464409722222222,100.0,,23.078420000047117,manual
1767922653436,Sunny,Day,0.10447048611111111,100.0,,20.8999210001366,manual
1767922653465,Sunny,Day,0.10533854166666666,100.0,,20.702541999980895,manual
1767922653498,Sunny,Day,0.10533854166666666,100.0,,24.22737799997776,manual
1767922653528,Sunny,Day,0.10572916666666667,100.0,,19.840085999931034,manual
1767922653559,Sunny,Day,0.10299479166666667,100.0,,20.1496079998833,manual
1767922653591,Sunny,Day,0.1056857638888889,100.0,,21.864112000002933,manual
1767922653623,Sunny,Day,0.10477430555555556,100.0,,20.153367000148137,manual
1767922653654,Sunny,Day,0.10355902777777778,100.0,,22.650440999996135,manual
1767922653686,Sunny,Day,0.10546875,100.0,,24.26248699998723,manual
1767922653717,Sunny,Day,0.10355902777777778,100.0,,22.987571999919965,manual
1767922653749,Sunny,Day,0.10173611111111111,100.0,,23.886970999910773,manual
1767922653780,Sunny,Day,0.10364583333333334,100.0,,22.23631500010015,manual
1767922653812,Sunny,Day,0.10460069444444445,100.0,,23.774124000055963,manual
1767922653845,Sunny,Day,0.10364583333333334,100.0,,22.518652000144357,manual
1767922653873,Sunny,Day,0.10516493055555555,100.0,,18.39299499988556,manual
1767922653905,Sunny,Day,0.10572916666666667,100.0,,22.60253700001158,manual
1767922653939,Sunny,Day,0.10724826388888889,100.0,,20.78240800005915,manual
1767922653969,Sunny,Day,0.10646701388888889,100.0,,19.239914000081626,manual
1767922654001,Sunny,Day,0.10577256944444445,100.0,,23.000793999926827,manual
1767922654030,Sunny,Day,0.10572916666666667,100.0,,20.488829999976588,manual
1767922654061,Sunny,Day,0.10091145833333333,100.0,,23.309609999841996,manual
1767922654093,Sunny,Day,0.103515625,100.0,,23.138638000091305,manual
1767922654126,Sunny,Day,0.10208333333333333,100.0,,28.675313999883656,manual
1767922654157,Sunny,Day,0.09796006944444445,100.0,,20.173013000203355,manual
1767922654188,Sunny,Day,0.0984375,100.0,,22.043509000013728,manual
1767922654221,Sunny,Day,0.09752604166666666,100.0,,23.68620200013538,manual
1767922654255,Sunny,Day,0.09505208333333333,100.0,,22.14241100000436,manual
1767922654282,Sunny,Day,0.093359375,100.0,,17.86416899994947,manual
1767922654314,Sunny,Day,0.0876736111111111,100.0,,24.03142499997557,manual
1767922654345,Sunny,Day,0.084375,100.0,,22.345735000044442,manual
1767922654375,Sunny,Day,0.08745659722222222,100.0,,22.395952999886504,manual
1767922654406,Sunny,Day,0.08580729166666666,100.0,,23.66994299995895,manual
1767922654438,Sunny,Day,0.08098958333333334,100.0,,24.280264000026364,manual
1767922654470,Sunny,Day,0.08103298611111111,100.0,,24.038590999907683,manual
1767922654504,Sunny,Day,0.07526041666666666,100.0,,24.982671999850936,manual
1767922654534,Sunny,Day,0.07725694444444445,100.0,,21.287641000071744,manual
1767922654565,Sunny,Day,0.07530381944444445,100.0,,22.49494800003049,manual
1767922654595,Sunny,Day,0.07430555555555556,100.0,,22.10019100016325,manual
1767922654627,Sunny,Day,0.0720486111111111,100.0,,23.850526999922295,manual
1767922654659,Sunny,Day,0.070703125,100.0,,22.21818600014558,manual
1767922654689,Sunny,Day,0.06827256944444444,100.0,,21.574143999941953,manual
1767922654721,Sunny,Day,0.06653645833333334,100.0,,23.474583000052007,manual
1767922654752,Sunny,Day,0.06853298611111111,100.0,,20.706449000044813,manual
1767922654783,Sunny,Day,0.06701388888888889,100.0,,22.747676000108186,manual
1767922654816,Sunny,Day,0.065625,100.0,,25.487201000032655,manual
1767922654851,Sunny,Day,0.06566840277777777,100.0,,27.46693300014158,manual
1767922654879,Sunny,Day,0.06558159722222222,100.0,,20.134515000108877,manual
1767922654910,Sunny,Day,0.06228298611111111,100.0,,22.073210999906223,manual
1767922654942,Sunny,Day,0.06410590277777778,100.0,,23.617205000164176,manual
1767922654973,Sunny,Day,0.06510416666666667,100.0,,22.08685899995544,manual
1767922655003,Sunny,Day,0.06536458333333334,100.0,,22.794599999997445,manual
1767922655035,Sunny,Day,0.0666232638888889,100.0,,24.237728999878527,manual
1767922655067,Sunny,Day,0.06731770833333334,100.0,,23.583132000112528,manual
1767922655098,Sunny,Day,0.06931423611111111,100.0,,21.390616000189766,manual
1767922655132,Sunny,Day,0.071484375,100.0,,26.445298999988154,manual
1767922655161,Sunny,Day,0.07135416666666666,100.0,,20.02231699998447,manual
1767922655192,Sunny,Day,0.0705295138888889,100.0,,20.561770000085744,manual
1767922655226,Sunny,Day,0.07200520833333333,100.0,,24.81147699995745,manual
1767922655254,Sunny,Day,0.07690972222222223,100.0,,19.937043000027188,manual
1767922655286,Sunny,Day,0.08116319444444445,100.0,46.0,18.44619500002409,manual
1767922655319,Sunny,Day,0.0881076388888889,100.0,43.0,23.72306999995999,manual
1767922655352,Sunny,Day,0.09544270833333333,100.0,42.0,23.960260999956517,manual
1767922655382,Sunny,Day,0.10551215277777778,100.0,40.0,22.019231999820477,manual
1767922655412,Sunny,Day,0.10729166666666666,100.0,37.0,21.068354999897565,manual
1767922655445,Sunny,Day,0.10546875,100.0,34.0,22.86533699998472,manual
1767922655475,Sunny,Day,0.10164930555555556,100.0,31.0,17.430488000172772,manual
1767922655509,Sunny,Day,0.10438368055555555,100.0,28.0,24.111901000196667,manual
1767922655537,Sunny,Day,0.10381944444444445,100.0,25.0,20.145107000189455,manual
1767922655569,Sunny,Day,0.10386284722222222,100.0,22.0,20.70009699991715,manual
1767922655601,Sunny,Day,0.10225694444444444,100.0,19.0,17.555945000140127,manual
1767922655634,Sunny,Day,0.10182291666666667,100.0,17.0,23.90259799994965,manual
1767922655665,Sunny,Day,0.10108506944444444,100.0,15.0,26.571681999939756,auto
1767922655694,Sunny,Day,0.10069444444444445,100.0,13.0,17.119558999866058,auto
1767922655727,Sunny,Day,0.10056423611111111,100.0,11.0,24.763831000200298,auto
1767922655757,Sunny,Day,0.10147569444444444,100.0,10.0,21.28004799988048,auto
1767922655788,Sunny,Day,0.0993923611111111,100.0,8.0,22.896187000014834,auto
1767922655820,Sunny,Day,0.10013020833333333,100.0,6.0,23.102045999848997,auto
1767922655852,Sunny,Day,0.09761284722222222,100.0,5.0,22.5955729999896,auto
1767922655883,Sunny,Day,0.09956597222222222,100.0,4.0,21.518220999951154,auto
1767922655915,Sunny,Day,0.09839409722222223,100.0,3.0,22.966608999922755,auto
1767922655945,Sunny,Day,0.09921875,100.0,4.0,22.709529999929146,auto
1767922655977,Sunny,Day,0.09717881944444444,100.0,4.0,18.85798800003613,auto
1767922656008,Sunny,Day,0.09487847222222222,100.0,4.0,23.10691599996062,auto
1767922656040,Sunny,Day,0.0953125,100.0,5.0,23.091009000154372,auto
1767922656071,Sunny,Day,0.09288194444444445,100.0,5.0,22.568481000007523,auto
1767922656103,Sunny,Day,0.09427083333333333,100.0,6.0,22.748581999849193,auto
1767922656135,Sunny,Day,0.09522569444444444,100.0,6.0,22.324123000089457,auto
1767922656170,Sunny,Day,0.09613715277777778,100.0,6.0,25.560882000036145,auto
1767922656197,Sunny,Day,0.09544270833333333,100.0,6.0,17.594663999943805,auto
1767922656228,Sunny,Day,0.09357638888888889,100.0,6.0,21.59056900018186,auto
1767922656260,Sunny,Day,0.09457465277777778,100.0,7.0,23.242260999950304,auto
1767922656290,Sunny,Day,0.09453125,100.0,6.0,21.61649300001045,auto
1767922656322,Sunny,Day,0.09444444444444444,100.0,6.0,23.057011000219063,auto
1767922656357,Sunny,Day,0.09561631944444444,100.0,5.0,27.2328319999815,auto
1767922656387,Sunny,Day,0.09704861111111111,100.0,5.0,21.328211000081865,auto
1767922656419,Sunny,Day,0.09674479166666666,100.0,5.0,22.99579200007429,auto
1767922656454,Sunny,Day,0.09822048611111112,100.0,5.0,25.566882000020996,auto
1767922656480,Sunny,Day,0.09947916666666666,100.0,4.0,17.618550999941363,auto
1767922656510,Sunny,Day,0.09926215277777778,100.0,4.0,22.781080999948244,auto
1767922656543,Sunny,Day,0.09778645833333334,100.0,4.0,24.738997999975254,auto
1767922656576,Sunny,Day,0.09657118055555555,100.0,4.0,23.955298000146286,auto
1767922656607,Sunny,Day,0.09796006944444445,100.0,3.0,22.426229000075182,auto
1767922656637,Sunny,Day,0.09774305555555556,100.0,3.0,20.207917999869096,auto
1767922656669,Sunny,Day,0.09835069444444444,100.0,3.0,22.290902000122514,auto
1767922656699,Sunny,Day,0.09852430555555555,100.0,4.0,21.776021999812656,auto
1767922656730,Sunny,Day,0.09856770833333334,100.0,4.0,22.85094800004117,auto
1767922656762,Sunny,Day,0.09913194444444444,100.0,4.0,23.594500999934098,auto
1767922656793,Sunny,Day,0.09852430555555555,100.0,4.0,22.442394999870885,auto
1767922656825,Sunny,Day,0.09813368055555556,100.0,5.0,22.54529700007879,auto
1767922656856,Sunny,Day,0.09973958333333334,100.0,5.0,22.308697999960714,auto
1767922656887,Sunny,Day,0.09921875,100.0,5.0,22.770376999915243,auto
1767922656919,Sunny,Day,0.09965277777777778,100.0,5.0,23.173579000058453,auto
1767922656950,Sunny,Day,0.09921875,100.0,-1.0,23.073751000083575,auto
1767922656984,Sunny,Day,0.09848090277777778,100.0,-2.0,24.169639000092502,auto
1767922657014,Sunny,Day,0.09830729166666667,100.0,-2.0,20.534862999966208,auto
1767922657045,Sunny,Day,0.09683159722222222,100.0,-1.0,21.110593000003064,auto
1767922657076,Sunny,Day,0.09505208333333333,100.0,-1.0,20.446311999876343,auto
1767922657107,Sunny,Day,0.09552951388888889,100.0,8.0,19.127324999999473,auto
1767922657138,Sunny,Day,0.09574652777777778,100.0,1.0,22.862241999973776,auto
1767922657171,Sunny,Day,0.09782986111111111,100.0,0.0,24.239226000190683,auto
1767922657202,Sunny,Day,0.10052083333333334,100.0,1.0,21.405965999974796,auto
1767922657234,Sunny,Day,0.09908854166666667,100.0,1.0,21.625769999900513,auto
1767922657264,Sunny,Day,0.09995659722222222,100.0,1.0,21.268011000074694,auto
1767922657296,Sunny,Day,0.10147569444444444,100.0,2.0,19.042143999968175,auto
1767922657328,Sunny,Day,0.10073784722222222,100.0,2.0,22.488909999992757,auto
1767922657360,Sunny,Day,0.09887152777777777,100.0,3.0,23.814101000198207,auto
1767922657390,Sunny,Day,0.09822048611111112,100.0,3.0,21.01478200006568,auto
1767922657423,Sunny,Day,0.09921875,100.0,3.0,24.718739000036294,auto
1767922657453,Sunny,Day,0.098828125,100.0,3.0,21.188254999970013,auto
1767922657486,Sunny,Day,0.09917534722222222,100.0,3.0,24.124881000034293,auto
1767922657517,Sunny,Day,0.09947916666666666,100.0,4.0,20.59745299993665,auto
1767922657548,Sunny,Day,0.099609375,100.0,3.0,19.6224290000373,auto
1767922657577,Sunny,Day,0.0993923611111111,100.0,4.0,19.660759999851507,auto
1767922657607,Sunny,Day,0.09904513888888888,100.0,3.0,22.815189999846552,auto
1767922657639,Sunny,Day,0.0998263888888889,100.0,3.0,24.77223599998979,auto
1767922657670,Sunny,Day,0.09986979166666667,100.0,4.0,24.835973999870475,auto
1767922657702,Sunny,Day,0.09947916666666666,100.0,4.0,24.712628000088444,auto
1767922657733,Sunny,Day,0.09895833333333333,100.0,4.0,24.43801300000814,auto
1767922657764,Sunny,Day,0.09895833333333333,100.0,4.0,23.534318999963943,auto
1767922657796,Sunny,Day,0.09956597222222222,100.0,4.0,24.236931000132245,auto
1767922657827,Sunny,Day,0.09861111111111111,100.0,3.0,24.4978609998725,auto
1767922657858,Sunny,Day,0.09913194444444444,100.0,3.0,24.096030000009705,auto
1767922657892,Sunny,Day,0.09887152777777777,100.0,3.0,26.107667999895057,auto
1767922657922,Sunny,Day,0.0984375,100.0,3.0,23.172985999963203,auto
1767922657953,Sunny,Day,0.09874131944444445,100.0,3.0,23.48467299998447,auto
1767922657986,Sunny,Day,0.09861111111111111,100.0,3.0,25.736093999967125,auto
1767922658018,Sunny,Day,0.09822048611111112,100.0,2.0,21.391985000036584,auto
1767922658048,Sunny,Day,0.09822048611111112,100.0,3.0,21.872515999803,auto
1767922658079,Sunny,Day,0.09791666666666667,100.0,3.0,22.447671000008995,auto
1767922658110,Sunny,Day,0.098046875,100.0,2.0,24.0699199998744,auto
1767922658143,Sunny,Day,0.09704861111111111,100.0,3.0,25.810867000018334,auto
1767922658173,Sunny,Day,0.09696180555555556,100.0,3.0,22.25929099995483,auto
1767922658204,Sunny,Day,0.09683159722222222,100.0,3.0,24.933745999987877,auto
1767922658236,Sunny,Day,0.09696180555555556,100.0,3.0,23.385641000004398,auto
1767922658267,Sunny,Day,0.09709201388888888,100.0,2.0,23.76277000007576,auto
1767922658299,Sunny,Day,0.09657118055555555,100.0,2.0,25.806311999986065,auto
1767922658330,Sunny,Day,0.09674479166666666,100.0,2.0,23.513355999966734,auto
1767922658361,Sunny,Day,0.09717881944444444,100.0,3.0,24.212969000018347,auto
1767922658394,Sunny,Day,0.09552951388888889,100.0,2.0,25.133290999974633,auto
1767922658425,Sunny,Day,0.09605034722222222,100.0,3.0,24.490510000077848,auto
1767922658455,Sunny,Day,0.09644097222222223,100.0,3.0,21.94408500008649,auto
1767922658487,Sunny,Day,0.09678819444444445,100.0,2.0,23.973259000058533,auto
1767922658518,Sunny,Day,0.09700520833333333,100.0,3.0,20.15549399993688,auto
1767922658549,Sunny,Day,0.09644097222222223,100.0,3.0,23.673088999885294,auto
1767922658581,Sunny,Day,0.09678819444444445,100.0,3.0,24.188524999999572,auto
1767922658612,Sunny,Day,0.09709201388888888,100.0,3.0,24.04032999993433,auto
1767922658644,Sunny,Day,0.09670138888888889,100.0,3.0,24.446011999998518,auto
1767922658675,Sunny,Day,0.09670138888888889,100.0,3.0,23.840728999857674,auto
1767922658708,Sunny,Day,0.09665798611111111,100.0,4.0,25.776221000114674,auto
1767922658739,Sunny,Day,0.09691840277777777,100.0,3.0,23.16431899998861,auto
1767922658769,Sunny,Day,0.09756944444444444,100.0,3.0,22.57846000020436,auto
1767922658802,Sunny,Day,0.097265625,100.0,3.0,25.610413999856974,auto
1767922658832,Sunny,Day,0.09518229166666667,100.0,3.0,22.394654999970953,auto
1767922658864,Sunny,Day,0.09730902777777778,100.0,3.0,25.64580200009914,auto
1767922658895,Sunny,Day,0.09639756944444444,100.0,4.0,22.716695000099207,auto
1767922658926,Sunny,Day,0.0959201388888889,100.0,3.0,24.78677199997037,auto
1767922658958,Sunny,Day,0.09670138888888889,100.0,3.0,22.828263000064908,auto
1767922658989,Sunny,Day,0.09522569444444444,100.0,3.0,23.699458000010054,auto
1767922659020,Sunny,Day,0.09631076388888889,100.0,3.0,24.283352999873387,auto
1767922659052,Sunny,Day,0.09622395833333333,100.0,3.0,24.774586999910753,auto
1767922659083,Sunny,Day,0.09583333333333334,100.0,3.0,24.711553000088315,auto
1767922659116,Sunny,Day,0.09605034722222222,100.0,3.0,26.376078000112102,auto
1767922659146,Sunny,Day,0.09717881944444444,100.0,3.0,20.26089400010278,auto
1767922659177,Sunny,Day,0.09717881944444444,100.0,3.0,24.479713000118863,auto
1767922659209,Sunny,Day,0.09752604166666666,100.0,3.0,24.745588000087082,auto
1767922659240,Sunny,Day,0.09618055555555556,100.0,4.0,24.972539999907895,auto
1767922659271,Sunny,Day,0.09574652777777778,100.0,4.0,24.422993999905884,auto
1767922659306,Sunny,Day,0.09756944444444444,100.0,4.0,27.918128000010256,auto
1767922659335,Sunny,Day,0.09730902777777778,100.0,4.0,21.635861000049772,auto
1767922659366,Sunny,Day,0.09730902777777778,100.0,5.0,21.15725599992402,auto
1767922659397,Sunny,Day,0.09796006944444445,100.0,4.0,24.513156000011804,auto
1767922659429,Sunny,Day,0.09865451388888889,100.0,4.0,24.354182999786644,auto
1767922659460,Sunny,Day,0.09817708333333333,100.0,3.0,21.758947000080298,auto
1767922659491,Sunny,Day,0.09765625,100.0,3.0,24.941874999967695,auto
1767922659525,Sunny,Day,0.09657118055555555,100.0,3.0,27.29249300000447,auto
1767922659555,Sunny,Day,0.09717881944444444,100.0,3.0,23.499467999954504,auto
1767922659586,Sunny,Day,0.09774305555555556,100.0,3.0,23.229111000091507,auto
1767922659617,Sunny,Day,0.09778645833333334,100.0,3.0,24.906043000100908,auto
1767922659650,Sunny,Day,0.09652777777777778,100.0,3.0,25.746239999989484,auto
1767922659683,Sunny,Day,0.09717881944444444,100.0,2.0,25.62589400008619,auto
1767922659711,Sunny,Day,0.09709201388888888,100.0,2.0,20.258839000007356,auto
1767922659743,Sunny,Day,0.09769965277777778,100.0,2.0,25.178900000128124,auto
1767922659776,Sunny,Day,0.09717881944444444,100.0,2.0,26.17592199999308,auto
1767922659805,Sunny,Day,0.09665798611111111,100.0,2.0,21.702191000031235,auto
1767922659839,Sunny,Day,0.09774305555555556,100.0,2.0,26.576863999935085,auto
1767922659868,Sunny,Day,0.09730902777777778,100.0,2.0,21.511848000045575,auto
1767922659901,Sunny,Day,0.09830729166666667,100.0,2.0,25.04527699989012,auto
1767922659933,Sunny,Day,0.09765625,100.0,2.0,25.406554000028336,auto
1767922659963,Sunny,Day,0.09765625,100.0,2.0,22.549886999968294,auto
1767922659994,Sunny,Day,0.09796006944444445,100.0,2.0,23.816562999854796,auto
1767922660026,Sunny,Day,0.09830729166666667,100.0,2.0,25.235618000124305,auto
1767922660056,Sunny,Day,0.09791666666666667,100.0,2.0,20.727499000031457,auto
1767922660088,Sunny,Day,0.09817708333333333,100.0,2.0,24.333330999979808,auto
1767922660120,Sunny,Day,0.09861111111111111,100.0,3.0,25.21760100012216,auto
1767922660151,Sunny,Day,0.09900173611111111,100.0,3.0,24.524950999875728,auto
1767922660184,Sunny,Day,0.09887152777777777,100.0,3.0,26.51551400003882,auto
1767922660213,Sunny,Day,0.09839409722222223,100.0,3.0,21.82890599988241,auto
1767922660245,Sunny,Day,0.09874131944444445,100.0,3.0,24.780178000128217,auto
1767922660276,Sunny,Day,0.09913194444444444,100.0,3.0,23.604017000025124,auto
1767922660308,Sunny,Day,0.09874131944444445,100.0,3.0,24.50654399990526,auto
1767922660341,Sunny,Day,0.09917534722222222,100.0,2.0,26.765686000089772,auto
1767922660370,Sunny,Day,0.09934895833333333,100.0,2.0,23.067322000088097,auto
1767922660402,Sunny,Day,0.09891493055555556,100.0,2.0,25.505604000045423,auto
1767922660433,Sunny,Day,0.09934895833333333,100.0,2.0,24.305554999955348,auto
1767922660464,Sunny,Day,0.09969618055555556,100.0,2.0,24.884024999892063,auto
1767922660497,Sunny,Day,0.09934895833333333,100.0,2.0,25.64411499997732,auto
1767922660527,Sunny,Day,0.09930555555555555,100.0,2.0,23.98727499985398,auto
1767922660559,Sunny,Day,0.09895833333333333,100.0,2.0,24.834730999828025,auto
1767922660590,Sunny,Day,0.09921875,100.0,3.0,24.803639999845473,auto
1767922660621,Sunny,Day,0.09856770833333334,100.0,3.0,24.228670000184138,auto
1767922660653,Sunny,Day,0.09848090277777778,100.0,3.0,24.658889000193085,auto
1767922660684,Sunny,Day,0.09878472222222222,100.0,3.0,24.725274000047648,auto
1767922660716,Sunny,Day,0.09809027777777778,100.0,3.0,25.139825999985987,auto
1767922660749,Sunny,Day,0.09791666666666667,100.0,2.0,26.277286000095046,auto
1767922660779,Sunny,Day,0.098046875,100.0,2.0,22.848315999908664,auto
1767922660811,Sunny,Day,0.09800347222222222,100.0,2.0,25.787218999994366,auto
1767922660842,Sunny,Day,0.09800347222222222,100.0,2.0,21.385335999866584,auto
1767922660873,Sunny,Day,0.09809027777777778,100.0,2.0,24.651351999864346,auto
1767922660904,Sunny,Day,0.09778645833333334,100.0,1.0,24.988797000105478,auto
1767922660936,Sunny,Day,0.09809027777777778,100.0,1.0,24.23483600000509,auto
1767922660967,Sunny,Day,0.09791666666666667,100.0,1.0,24.769734000074095,auto
1767922660998,Sunny,Day,0.09809027777777778,100.0,1.0,24.481841999886456,auto
1767922661030,Sunny,Day,0.09869791666666666,100.0,1.0,24.510451000196554,auto
1767922661065,Sunny,Day,0.09895833333333333,100.0,1.0,28.12550400017244,auto
1767922661092,Sunny,Day,0.09874131944444445,100.0,1.0,20.131584999944607,auto
1767922661124,Sunny,Day,0.09947916666666666,100.0,0.0,24.74895699992885,auto
1767922661158,Sunny,Day,0.09965277777777778,100.0,0.0,27.87798000008479,auto
1767922661187,Sunny,Day,0.09965277777777778,100.0,1.0,18.869742999868322,auto
1767922661218,Sunny,Day,0.10069444444444445,100.0,0.0,24.772382000037396,auto
1767922661249,Sunny,Day,0.10086805555555556,100.0,0.0,24.824750000107088,auto
1767922661282,Sunny,Day,0.10021701388888889,100.0,0.0,26.31506099987746,auto
1767922661312,Sunny,Day,0.10056423611111111,100.0,0.0,22.853258999930404,auto
1767922661344,Sunny,Day,0.10160590277777778,100.0,0.0,24.62190799997188,auto
1767922661378,Sunny,Day,0.1017795138888889,100.0,0.0,27.314120000028197,auto
1767922661407,Sunny,Day,0.10160590277777778,100.0,0.0,21.855884999922637,auto
1767922661438,Sunny,Day,0.10164930555555556,100.0,0.0,21.011001999795553,auto
1767922661472,Sunny,Day,0.10347222222222222,100.0,-1.0,27.240124000172727,auto
1767922661501,Sunny,Day,0.10368923611111111,100.0,-1.0,17.42141099998662,auto
1767922661532,Sunny,Day,0.10407986111111112,100.0,-1.0,24.094510000168157,auto
1767922661567,Sunny,Day,0.10598958333333333,100.0,-1.0,27.712599999858867,auto
1767922661596,Sunny,Day,0.10616319444444444,100.0,-2.0,21.964065000020128,auto
1767922661626,Sunny,Day,0.10772569444444445,100.0,-1.0,23.9786820000063,auto
1767922661658,Sunny,Day,0.10846354166666666,100.0,-2.0,24.655405999965296,auto
1767922661689,Sunny,Day,0.10746527777777778,100.0,-2.0,21.79098100009469,auto
1767922661723,Sunny,Day,0.10729166666666666,100.0,-2.0,26.628286000004664,auto
1767922661752,Sunny,Day,0.10698784722222222,100.0,-2.0,22.042671999997765,auto
1767922661784,Sunny,Day,0.10707465277777778,100.0,-2.0,24.085806000130106,auto
1767922661815,Sunny,Day,0.10616319444444444,100.0,-3.0,22.65060300010191,auto
1767922661846,Sunny,Day,0.10642361111111111,100.0,-2.0,25.130751999995482,auto
1767922661877,Sunny,Day,0.10685763888888888,100.0,-3.0,24.53624600002513,auto
1767922661910,Sunny,Day,0.10672743055555556,100.0,-2.0,25.62954199993328,auto
1767922661940,Sunny,Day,0.10690104166666667,100.0,-3.0,23.97771999994802,auto
1767922661974,Sunny,Day,0.10681423611111111,100.0,-3.0,26.82120200006466,auto
1767922662003,Sunny,Day,0.10850694444444445,100.0,-3.0,19.931114000200978,auto
1767922662037,Sunny,Day,0.10885416666666667,100.0,-5.0,27.417874000093434,auto
1767922662066,Sunny,Day,0.10889756944444444,100.0,-5.0,21.232027999985803,auto
1767922662098,Sunny,Day,0.10946180555555556,100.0,-6.0,24.53294899987668,auto
1767922662131,Sunny,Day,0.10980902777777778,100.0,-6.0,26.635395999846878,auto
1767922662160,Sunny,Day,0.11089409722222222,100.0,-7.0,22.106760000042414,auto
1767922662191,Sunny,Day,0.11041666666666666,100.0,-7.0,24.257167000087065,auto
1767922662224,Sunny,Day,0.11002604166666667,100.0,-8.0,25.369146999992154,auto
1767922662255,Sunny,Day,0.10911458333333333,100.0,-8.0,24.08982399992965,auto
1767922662286,Sunny,Day,0.10759548611111111,100.0,-9.0,24.135765999972136,auto
1767922662317,Sunny,Day,0.10646701388888889,100.0,-9.0,24.526375000050393,auto
1767922662348,Sunny,Day,0.10321180555555555,100.0,-10.0,23.921518000179276,auto
1767922662382,Sunny,Day,0.10138888888888889,100.0,-11.0,26.86825399996451,auto
1767922662412,Sunny,Day,0.09908854166666667,100.0,-12.0,23.063451999860263,auto
1767922662443,Sunny,Day,0.09618055555555556,100.0,-33.0,24.69577399983791,auto
1767922662474,Sunny,Day,0.09275173611111111,100.0,-32.0,24.85082200018951,auto
1767922662505,Sunny,Day,0.09010416666666667,100.0,-31.0,24.473563999890757,auto
1767922662537,Sunny,Day,0.09001736111111111,100.0,-29.0,25.01272099993912,auto
1767922662572,Sunny,Day,0.09136284722222222,100.0,-26.0,28.025582000054783,auto
1767922662604,Sunny,Day,0.09136284722222222,100.0,-23.0,22.482555000124194,auto
1767922662635,Sunny,Day,0.0915798611111111,100.0,-21.0,21.068925000008676,auto
1767922662669,Sunny,Day,0.09105902777777777,100.0,-19.0,23.847595999995974,auto
1767922662697,Sunny,Day,0.09136284722222222,100.0,-18.0,19.35318100004224,auto
1767922662732,Sunny,Day,0.0915798611111111,100.0,-16.0,24.134359000072436,auto
1767922662759,Sunny,Day,0.09175347222222222,100.0,-15.0,16.802182999981596,auto
1767922662794,Sunny,Day,0.09140625,100.0,-14.0,25.962227000036364,auto
1767922662822,Sunny,Day,0.09175347222222222,100.0,-12.0,18.51931600003809,auto
1767922662855,Sunny,Day,0.09253472222222223,100.0,-11.0,25.089993999927174,auto
1767922662885,Sunny,Day,0.092578125,100.0,-10.0,20.773199999894132,auto
1767922662918,Sunny,Day,0.09227430555555556,100.0,-8.0,23.637476999965656,auto
1767922662948,Sunny,Day,0.09171006944444444,100.0,-7.0,21.06490699998176,auto
1767922662979,Sunny,Day,0.09171006944444444,100.0,-6.0,20.046645000093122,auto
1767922663010,Sunny,Day,0.09153645833333333,100.0,-5.0,22.81829799994739,auto
1767922663042,Sunny,Day,0.09144965277777778,100.0,-5.0,22.445260000040435,auto
1767922663074,Sunny,Day,0.09058159722222223,100.0,-5.0,23.35999100000663,auto
1767922663105,Sunny,Day,0.09032118055555556,100.0,-5.0,22.137275999966732,auto
1767922663136,Sunny,Day,0.090234375,100.0,-5.0,22.33917300009125,auto
1767922663168,Sunny,Day,0.08971354166666666,100.0,-6.0,22.452538000152344,auto
1767922663202,Sunny,Day,0.08897569444444445,100.0,-6.0,25.277779999896666,auto
1767922663230,Sunny,Day,0.08875868055555555,100.0,-7.0,19.46134200011329,auto
1767922663262,Sunny,Day,0.087890625,100.0,-7.0,19.617962999973315,auto
1767922663293,Sunny,Day,0.08836805555555556,100.0,-8.0,22.185663000072964,auto
1767922663325,Sunny,Day,0.08676215277777778,100.0,-8.0,23.311640999963856,auto
1767922663356,Sunny,Day,0.0876736111111111,100.0,-9.0,22.02611600000637,auto
1767922663388,Sunny,Day,0.08719618055555556,100.0,-9.0,22.89438599996174,auto
1767922663419,Sunny,Day,0.08719618055555556,100.0,-9.0,22.57953200000884,auto
1767922663450,Sunny,Day,0.08641493055555556,100.0,-10.0,21.869456999866088,auto
1767922663481,Sunny,Day,0.0859375,100.0,-10.0,22.38374500007012,auto
1767922663514,Sunny,Day,0.08624131944444445,100.0,-10.0,24.15772700010166,auto
1767922663544,Sunny,Day,0.08546006944444444,100.0,-10.0,22.180588999844986,auto
1767922663577,Sunny,Day,0.08459201388888889,100.0,6.0,23.841114000106245,auto
1767922663609,Sunny,Day,0.08424479166666667,100.0,-11.0,22.412317000089388,auto
1767922663641,Sunny,Day,0.08415798611111111,100.0,-11.0,22.24104900005841,auto
1767922663672,Sunny,Day,0.08433159722222222,100.0,-12.0,17.27352900002188,auto
1767922663701,Sunny,Day,0.08233506944444445,100.0,4.0,20.400700999971377,auto
1767922663733,Sunny,Day,0.08207465277777778,100.0,4.0,18.025693000026877,auto
1767922663763,Sunny,Day,0.0802951388888889,100.0,-15.0,21.781184000019493,auto
1767922663795,Sunny,Day,0.07973090277777778,100.0,2.0,22.60940000019218,auto
1767922663827,Sunny,Day,0.07782118055555555,100.0,1.0,22.995991000016147,auto
1767922663858,Sunny,Day,0.07465277777777778,100.0,0.0,23.338029000115057,auto
1767922663889,Sunny,Day,0.07278645833333333,100.0,-1.0,22.13946200004102,auto
1767922663920,Sunny,Day,0.07018229166666666,100.0,-2.0,23.338695999882475,auto
1767922663952,Sunny,Day,0.06714409722222223,100.0,-3.0,23.38198999996166,auto
1767922663985,Sunny,Day,0.0642361111111111,100.0,-5.0,25.14426800007641,auto
1767922664019,Sunny,Day,0.06128472222222222,100.0,-5.0,24.584648999962155,auto
1767922664048,Sunny,Day,0.059244791666666664,100.0,-6.0,14.387697000074695,auto
1767922664078,Sunny,Day,0.05577256944444445,100.0,-7.0,19.878356999925018,auto
1767922664109,Sunny,Day,0.053211805555555554,100.0,-8.0,26.1749559999771,auto
1767922664141,Sunny,Day,0.051258680555555554,100.0,-9.0,19.809303999863914,auto
1767922664172,Sunny,Day,0.048394097222222224,96.78819444444444,-9.0,22.611937000192484,auto
1767922664203,Sunny,Day,0.04479166666666667,89.58333333333333,-9.0,17.662083000004714,auto
1767922664235,Sunny,Day,0.04318576388888889,86.37152777777777,-9.0,23.145927000086886,auto
1767922664267,Sunny,Day,0.039149305555555555,78.29861111111111,-9.0,23.633216999996876,auto
1767922664298,Sunny,Day,0.03980034722222222,79.60069444444444,-10.0,22.143980000009833,auto
1767922664330,Sunny,Day,0.036675347222222224,73.35069444444444,22.0,24.218280000013692,auto
1767922664360,Sunny,Day,0.034375,68.75,,21.332132999987152,auto
1767922664393,Sunny,Day,0.033680555555555554,67.36111111111111,,24.198114000000714,auto
1767922664425,Sunny,Day,0.030772569444444446,61.54513888888889,,21.46207000009781,auto
1767922664455,Sunny,Day,0.03029513888888889,60.59027777777778,,20.878933999938454,auto
1767922664488,Sunny,Day,0.03381076388888889,67.62152777777777,,24.29690400003892,auto
1767922664518,Sunny,Day,0.03246527777777778,64.93055555555556,,22.167033999949126,auto
1767922664552,Sunny,Day,0.03216145833333333,64.32291666666666,,25.867581999818867,auto
1767922664581,Sunny,Day,0.029730902777777776,59.46180555555555,,19.014919000028385,auto
1767922664615,Sunny,Day,0.03268229166666667,65.36458333333334,,23.671973999853435,auto
1767922664644,Sunny,Day,0.03315972222222222,66.31944444444444,,18.634587999940777,auto
1767922664677,Sunny,Day,0.03446180555555556,68.92361111111111,,25.22217199998522,auto
1767922664706,Sunny,Day,0.033116319444444445,66.23263888888889,,19.073249999792097,auto
1767922664737,Sunny,Day,0.033984375,67.96875,,23.04028499997912,auto
1767922664769,Sunny,Day,0.03463541666666667,69.27083333333334,,22.77513099988937,auto
1767922664800,Sunny,Day,0.03307291666666667,66.14583333333333,,23.59753400014597,auto
1767922664834,Sunny,Day,0.035243055555555555,70.48611111111111,,25.634298999875682,auto
1767922664865,Sunny,Day,0.034895833333333334,69.79166666666667,,21.503882999923007,auto
1767922664895,Sunny,Day,0.035807291666666664,71.61458333333333,,21.804793000001155,auto
1767922664926,Sunny,Day,0.03528645833333333,70.57291666666667,,17.13170299990452,auto
1767922664956,Sunny,Day,0.03463541666666667,69.27083333333334,,20.07679000007556,auto
1767922664990,Sunny,Day,0.03637152777777778,72.74305555555556,,25.191376000066157,auto
1767922665021,Sunny,Day,0.036328125,72.65625,,22.151662999931432,auto
1767922665053,Sunny,Day,0.03637152777777778,72.74305555555556,,24.756213999808097,auto
1767922665084,Sunny,Day,0.03611111111111111,72.22222222222221,,22.044391000008545,auto
1767922665115,Sunny,Day,0.036458333333333336,72.91666666666667,,23.481983000010587,manual
1767922665145,Sunny,Day,0.03680555555555556,73.61111111111111,,21.124309000015273,manual
1767922665177,Sunny,Day,0.036284722222222225,72.56944444444446,,24.08413699981793,manual
1767922665209,Sunny,Day,0.036848958333333334,73.69791666666667,,23.443337000117026,manual
1767922665242,Sunny,Day,0.03706597222222222,74.13194444444444,,23.793615000158752,manual
1767922665273,Sunny,Day,0.036675347222222224,73.35069444444444,,21.622191999995266,manual
1767922665303,Sunny,Day,0.03728298611111111,74.56597222222221,,22.107369999957882,manual
1767922665333,Sunny,Day,0.036848958333333334,73.69791666666667,,21.647857000061776,manual
1767922665365,Sunny,Day,0.037196180555555555,74.39236111111111,,23.221329999842055,manual
1767922665398,Sunny,Day,0.036631944444444446,73.26388888888889,,25.3702920001615,manual
1767922665428,Sunny,Day,0.03715277777777778,74.30555555555556,,21.064183000135017,manual
1767922665460,Sunny,Day,0.03745659722222222,74.91319444444444,,24.912686999869038,manual
1767922665491,Sunny,Day,0.03697916666666667,73.95833333333333,,25.846490000049016,manual
1767922665522,Sunny,Day,0.03697916666666667,73.95833333333333,,19.685309999886158,manual
1767922665558,Sunny,Day,0.03654513888888889,73.09027777777779,,26.884750999897733,manual
1767922665585,Sunny,Day,0.035243055555555555,70.48611111111111,,17.39333700015777,manual
1767922665617,Sunny,Day,0.03446180555555556,68.92361111111111,,23.427412000046388,manual
1767922665648,Sunny,Day,0.03372395833333333,67.44791666666666,,23.07950400017944,manual
1767922665680,Sunny,Day,0.035416666666666666,70.83333333333333,,24.46874699990076,manual
1767922665711,Sunny,Day,0.037022569444444445,74.04513888888889,,20.392088000107833,manual
1767922665742,Sunny,Day,0.038585069444444446,77.17013888888889,,21.73392600002444,manual
1767922665773,Sunny,Day,0.03940972222222222,78.81944444444444,,22.733354999900257,manual
1767922665804,Sunny,Day,0.041666666666666664,83.33333333333333,,23.047320999921794,manual
1767922665836,Sunny,Day,0.04223090277777778,84.46180555555556,,23.182165999969584,manual
1767922665871,Sunny,Day,0.04461805555555556,89.23611111111111,,26.83575299988661,manual
1767922665899,Sunny,Day,0.04587673611111111,91.75347222222221,,18.84526199978609,manual
1767922665930,Sunny,Day,0.04913194444444444,98.26388888888889,,23.479798999915147,manual
1767922665961,Sunny,Day,0.05238715277777778,100.0,,22.775389999878826,manual
1767922665994,Sunny,Day,0.05546875,100.0,,24.602444000038304,manual
1767922666024,Sunny,Day,0.05863715277777778,100.0,,20.448047999934715,manual
1767922666056,Sunny,Day,0.06163194444444445,100.0,,23.219459999836545,manual
1767922666088,Sunny,Day,0.06597222222222222,100.0,,24.105968999947436,manual
1767922666118,Sunny,Day,0.0700954861111111,100.0,,21.17982499999016,manual
1767922666151,Sunny,Day,0.07543402777777777,100.0,,24.333697999963988,manual
1767922666181,Sunny,Day,0.07799479166666666,100.0,,22.05829700005779,manual
1767922666213,Sunny,Day,0.08068576388888889,100.0,,24.522872999796164,manual
1767922666243,Sunny,Day,0.08797743055555556,100.0,,22.50647799996841,manual
1767922666277,Sunny,Day,0.08993055555555556,100.0,,25.91757800018968,manual
1767922666307,Sunny,Day,0.09379340277777778,100.0,,21.494308999990608,manual
1767922666339,Sunny,Day,0.09539930555555555,100.0,,22.834220000049754,manual
1767922666370,Sunny,Day,0.10377604166666667,100.0,,23.018803000013577,manual
1767922666403,Sunny,Day,0.10776909722222222,100.0,,24.206759999970018,manual
1767922666432,Sunny,Day,0.11015625,100.0,,20.06519700012177,manual
1767922666466,Sunny,Day,0.11597222222222223,100.0,,25.043254000138404,manual
1767922666496,Sunny,Day,0.12139756944444445,100.0,,20.43184499984818,manual
1767922666527,Sunny,Day,0.12599826388888888,100.0,,19.41156500015495,manual
1767922666558,Sunny,Day,0.12977430555555555,100.0,,22.736484000006385,manual
1767922666591,Sunny,Day,0.13671875,100.0,,24.932018000072276,manual
1767922666621,Sunny,Day,0.14366319444444445,100.0,,21.61887600004775,manual
1767922666654,Sunny,Day,0.14652777777777778,100.0,,24.61262700012412,manual
1767922666685,Sunny,Day,0.15264756944444444,100.0,,22.17379100011385,manual
1767922666715,Sunny,Day,0.15525173611111112,100.0,,22.051279999914186,manual
1767922666747,Sunny,Day,0.16019965277777778,100.0,,23.88673900009053,manual
1767922666778,Sunny,Day,0.16263020833333333,100.0,,23.72161900007086,manual
1767922666810,Sunny,Day,0.163671875,100.0,,23.22907000007035,manual
1767922666841,Sunny,Day,0.16180555555555556,100.0,,17.617140000083964,manual
1767922666875,Sunny,Day,0.16111111111111112,100.0,,25.6643319999057,manual
1767922666904,Sunny,Day,0.15920138888888888,100.0,,20.15508200020122,manual
1767922666936,Sunny,Day,0.15625,100.0,,23.61797500020657,manual
1767922666967,Sunny,Day,0.15208333333333332,100.0,,22.27800900004695,manual
1767922666998,Sunny,Day,0.144921875,100.0,,22.00980099996741,manual
1767922667030,Sunny,Day,0.13997395833333334,100.0,,23.435002999804055,manual
1767922667061,Sunny,Day,0.13337673611111112,100.0,,26.075403000049846,manual
1767922667092,Sunny,Day,0.125,100.0,,18.67804700009401,manual
1767922667124,Sunny,Day,0.12274305555555555,100.0,,22.535160999950676,manual
1767922667155,Sunny,Day,0.12000868055555555,100.0,,20.202135000090493,manual
1767922667186,Sunny,Day,0.11705729166666666,100.0,,22.192105000158335,manual
1767922667217,Sunny,Day,0.11627604166666666,100.0,,23.580865999974776,manual
1767922667249,Sunny,Day,0.11440972222222222,100.0,,22.36385500009419,manual
1767922667281,Sunny,Day,0.1134982638888889,100.0,,23.947809999981473,manual
1767922667312,Sunny,Day,0.11341145833333334,100.0,,22.186049999845636,manual
1767922667344,Sunny,Day,0.11302083333333333,100.0,,22.523401999933412,manual
1767922667375,Sunny,Day,0.11193576388888889,100.0,,22.694338000064818,manual
1767922667407,Sunny,Day,0.11063368055555556,100.0,,24.075951999975587,manual
1767922667438,Sunny,Day,0.11006944444444444,100.0,,15.595800000028248,manual
1767922667469,Sunny,Day,0.109765625,100.0,,23.45364999996491,manual
1767922667500,Sunny,Day,0.10993923611111112,100.0,,21.241118000034476,manual
1767922667531,Sunny,Day,0.10911458333333333,100.0,,22.45964600001571,manual
1767922667562,Sunny,Day,0.10842013888888889,100.0,,22.41670399985196,manual
1767922667594,Sunny,Day,0.10707465277777778,100.0,,23.003543999948306,manual
1767922667625,Sunny,Day,0.10703125,100.0,,22.692245999905936,manual
1767922667657,Sunny,Day,0.10581597222222222,100.0,,18.337102000032246,manual
1767922667690,Sunny,Day,0.10455729166666666,100.0,,22.474942000144438,manual
1767922667721,Sunny,Day,0.10477430555555556,100.0,,22.365409999792973,manual
1767922667751,Sunny,Day,0.10325520833333333,100.0,,19.474135000109527,manual
1767922667783,Sunny,Day,0.10342881944444444,100.0,,23.38691399995696,manual
1767922667814,Sunny,Day,0.10147569444444444,100.0,,22.793648000060784,manual
1767922667845,Sunny,Day,0.10203993055555556,100.0,,21.847196999942753,manual
1767922667877,Sunny,Day,0.10082465277777777,100.0,,22.34698600000229,manual
1767922667908,Sunny,Day,0.10060763888888889,100.0,,23.054282000202875,manual
1767922667941,Sunny,Day,0.100390625,100.0,,22.242658000095616,manual
1767922667971,Sunny,Day,0.09995659722222222,100.0,,18.24312500002634,manual
1767922668002,Sunny,Day,0.09986979166666667,100.0,,23.10676100000819,manual
1767922668034,Sunny,Day,0.09921875,100.0,,21.78227399986099,manual
1767922668065,Sunny,Day,0.09809027777777778,100.0,108.0,17.95241700006045,manual
1767922668097,Sunny,Day,0.09826388888888889,100.0,-110.0,22.32533799997327,manual
1767922668130,Sunny,Day,0.09752604166666666,100.0,-109.0,22.931342999982007,manual
1767922668159,Sunny,Day,0.09661458333333334,100.0,-107.0,18.835112000033405,manual
1767922668191,Sunny,Day,0.09635416666666667,100.0,-105.0,22.25489700003891,manual
1767922668224,Sunny,Day,0.09609375,100.0,-103.0,25.599705000104223,manual
1767922668253,Sunny,Day,0.0953125,100.0,-101.0,19.659328999978243,manual
1767922668287,Sunny,Day,0.09457465277777778,100.0,-100.0,23.20877399984056,manual
1767922668317,Sunny,Day,0.09453125,100.0,-99.0,19.97197899981984,manual
1767922668348,Sunny,Day,0.09331597222222222,100.0,-98.0,22.583788000019922,manual
1767922668380,Sunny,Day,0.09344618055555555,100.0,-97.0,16.036165000059555,manual
1767922668411,Sunny,Day,0.09244791666666667,100.0,-96.0,20.47886000013932,manual
1767922668443,Sunny,Day,0.09166666666666666,100.0,-96.0,24.54655599990474,manual
1767922668473,Sunny,Day,0.0896267361111111,100.0,-95.0,15.574430000015127,manual
1767922668505,Sunny,Day,0.08997395833333334,100.0,-94.0,23.940754000022935,manual
1767922668536,Sunny,Day,0.08932291666666667,100.0,-93.0,22.590491000073598,manual
1767922668568,Sunny,Day,0.08940972222222222,100.0,-92.0,23.95573500007231,manual
1767922668599,Sunny,Day,0.08784722222222222,100.0,-91.0,23.069114000008994,manual
1767922668631,Sunny,Day,0.08836805555555556,100.0,-88.0,23.457557000028828,manual
1767922668663,Sunny,Day,0.08841145833333333,100.0,-85.0,22.742890000017724,manual
1767922668694,Sunny,Day,0.08841145833333333,100.0,-83.0,22.564752000107546,manual
1767922668725,Sunny,Day,0.08619791666666667,100.0,-82.0,22.74116800003867,manual
1767922668758,Sunny,Day,0.08637152777777778,100.0,-80.0,20.557800000005955,manual
1767922668790,Sunny,Day,0.08697916666666666,100.0,-77.0,23.482371000000057,manual
1767922668819,Sunny,Day,0.08550347222222222,100.0,-75.0,20.36707000002025,manual
1767922668851,Sunny,Day,0.0857204861111111,100.0,-73.0,23.315564000085942,manual
1767922668881,Sunny,Day,0.08263888888888889,100.0,-71.0,19.934074000047985,manual
1767922668914,Sunny,Day,0.08307291666666666,100.0,-68.0,24.10191199987821,manual
1767922668945,Sunny,Day,0.08237847222222222,100.0,-67.0,22.738354000011896,manual
1767922668976,Sunny,Day,0.08198784722222222,100.0,-64.0,23.325637999960236,manual
1767922669009,Sunny,Day,0.08311631944444445,100.0,-61.0,24.91335199988498,manual
1767922669040,Sunny,Day,0.08250868055555556,100.0,-59.0,19.53170499996304,manual
1767922669070,Sunny,Day,0.08368055555555555,100.0,-56.0,20.268666999982088,manual
1767922669102,Sunny,Day,0.08116319444444445,100.0,-54.0,22.670485999924495,manual
1767922669134,Sunny,Day,0.08198784722222222,100.0,-51.0,21.763200000123106,manual
1767922669166,Sunny,Day,0.08237847222222222,100.0,-49.0,22.020539000095596,manual
1767922669196,Sunny,Day,0.08198784722222222,100.0,-46.0,19.784821999792257,manual
1767922669228,Sunny,Day,0.08350694444444444,100.0,-44.0,22.31085600010374,manual
1767922669259,Sunny,Day,0.08532986111111111,100.0,-40.0,21.400162999952954,manual
1767922669291,Sunny,Day,0.08736979166666667,100.0,-38.0,21.368869000070845,manual
1767922669326,Sunny,Day,0.08819444444444445,100.0,-36.0,21.717998999974952,manual
1767922669354,Sunny,Day,0.0896267361111111,100.0,-33.0,17.344930000035674,manual
1767922669385,Sunny,Day,0.08993055555555556,100.0,-30.0,20.410399999946094,manual
1767922669415,Sunny,Day,0.08967013888888889,100.0,-28.0,20.638646999941557,manual
1767922669448,Sunny,Day,0.0921875,100.0,-31.0,23.914143999945736,manual
1767922669478,Sunny,Day,0.09197048611111111,100.0,-30.0,22.388057000171102,manual
1767922669510,Sunny,Day,0.09236111111111112,100.0,-28.0,24.20607299995936,manual
1767922669542,Sunny,Day,0.09344618055555555,100.0,-26.0,21.040088999825457,manual
1767922669573,Sunny,Day,0.09453125,100.0,-24.0,22.90354800015848,manual
1767922669605,Sunny,Day,0.09830729166666667,100.0,-22.0,23.841055000048073,manual
1767922669636,Sunny,Day,0.09852430555555555,100.0,-20.0,20.1656169999751,manual
1767922669668,Sunny,Day,0.10099826388888888,100.0,-18.0,22.902826000063214,manual
1767922669699,Sunny,Day,0.10065104166666666,100.0,-16.0,22.304411999812146,manual
1767922669732,Sunny,Day,0.10390625,100.0,-14.0,24.127670000098078,manual
1767922669762,Sunny,Day,0.10542534722222222,100.0,-12.0,21.889489999921352,manual
1767922669795,Sunny,Day,0.10824652777777778,100.0,-10.0,24.22851599999376,manual
1767922669825,Sunny,Day,0.1076388888888889,100.0,-8.0,25.9256499998628,auto
1767922669856,Sunny,Day,0.10881076388888888,100.0,-7.0,18.063726000036695,auto
1767922669888,Sunny,Day,0.1078125,100.0,-6.0,22.937380000030316,auto
1767922669918,Sunny,Day,0.10824652777777778,100.0,-5.0,21.077198999819302,auto
1767922669949,Sunny,Day,0.11089409722222222,100.0,-5.0,23.20329199983462,auto
1767922669981,Sunny,Day,0.10815972222222223,100.0,-4.0,23.395281999910367,auto
1767922670013,Sunny,Day,0.10863715277777777,100.0,-3.0,23.52658900008464,auto
1767922670044,Sunny,Day,0.11315104166666666,100.0,-3.0,18.314878999944995,auto
1767922670079,Sunny,Day,0.11137152777777778,100.0,-3.0,21.015664999822548,auto
1767922670106,Sunny,Day,0.11019965277777778,100.0,-2.0,18.42824400000609,auto
1767922670139,Sunny,Day,0.11362847222222222,100.0,-2.0,23.330895000071905,auto
1767922670170,Sunny,Day,0.11475694444444444,100.0,-2.0,21.653001000004224,auto
1767922670200,Sunny,Day,0.11475694444444444,100.0,-2.0,18.540385999813225,auto
1767922670232,Sunny,Day,0.11228298611111111,100.0,-2.0,23.39122600005794,auto
1767922670265,Sunny,Day,0.114453125,100.0,-2.0,22.781202000032863,auto
1767922670295,Sunny,Day,0.11380208333333333,100.0,-2.0,20.44567600000846,auto
1767922670327,Sunny,Day,0.11566840277777778,100.0,-2.0,21.969040999920253,auto
1767922670358,Sunny,Day,0.11050347222222222,100.0,-2.0,21.94507900003373,auto
1767922670394,Sunny,Day,0.11193576388888889,100.0,-2.0,28.12716400012505,auto
1767922670421,Sunny,Day,0.11328125,100.0,-2.0,17.23580500015487,auto
1767922670452,Sunny,Day,0.11341145833333334,100.0,-2.0,21.63739100001294,auto
1767922670484,Sunny,Day,0.11328125,100.0,-2.0,22.377593000101115,auto
1767922670515,Sunny,Day,0.11263020833333333,100.0,-2.0,20.060288000195214,auto
1767922670547,Sunny,Day,0.11475694444444444,100.0,-2.0,22.25110000017594,auto
1767922670583,Sunny,Day,0.11688368055555555,100.0,-2.0,25.757731999874522,auto
1767922670609,Sunny,Day,0.11506076388888889,100.0,-2.0,16.143603999807965,auto
1767922670641,Sunny,Day,0.11471354166666667,100.0,-2.0,21.899673999996594,auto
1767922670672,Sunny,Day,0.11575520833333333,100.0,-2.0,21.23619000008148,auto
1767922670703,Sunny,Day,0.11688368055555555,100.0,-2.0,17.05485200000112,auto
1767922670734,Sunny,Day,0.11627604166666666,100.0,-2.0,22.311338000008618,auto
1767922670766,Sunny,Day,0.11575520833333333,100.0,-2.0,21.89339699998527,auto
1767922670801,Sunny,Day,0.11675347222222222,100.0,-2.0,26.159395999911794,auto
1767922670829,Sunny,Day,0.11723090277777778,100.0,-2.0,18.228271999987555,auto
1767922670860,Sunny,Day,0.11701388888888889,100.0,-2.0,20.430008999937854,auto
1767922670892,Sunny,Day,0.11875,100.0,-2.0,21.355665000101,auto
1767922670922,Sunny,Day,0.11818576388888889,100.0,-2.0,18.41698499993072,auto
1767922670955,Sunny,Day,0.11888020833333333,100.0,-2.0,24.081171000034374,auto
1767922670985,Sunny,Day,0.12000868055555555,100.0,-2.0,21.544971000139412,auto
1767922671020,Sunny,Day,0.12118055555555556,100.0,-1.0,25.53661399997509,auto
1767922671048,Sunny,Day,0.12200520833333334,100.0,-2.0,18.76442999991923,auto
1767922671080,Sunny,Day,0.12278645833333333,100.0,-2.0,22.45244100004129,auto
1767922671111,Sunny,Day,0.12387152777777778,100.0,-2.0,21.987910000007105,auto
1767922671142,Sunny,Day,0.12356770833333333,100.0,-2.0,22.851402000014787,auto
1767922671174,Sunny,Day,0.1228298611111111,100.0,-2.0,22.797792999881494,auto
1767922671208,Sunny,Day,0.12317708333333334,100.0,-2.0,23.27873100011857,auto
1767922671237,Sunny,Day,0.12204861111111111,100.0,-2.0,18.66191599992817,auto
1767922671268,Sunny,Day,0.12161458333333333,100.0,-2.0,22.98648700002559,auto
1767922671301,Sunny,Day,0.12100694444444444,100.0,-2.0,24.939829000004465,auto
1767922671331,Sunny,Day,0.11979166666666667,100.0,-2.0,20.453229999930045,auto
1767922671364,Sunny,Day,0.11879340277777778,100.0,-2.0,22.586879000073168,auto
1767922671394,Sunny,Day,0.1189236111111111,100.0,-2.0,21.70586799979901,auto
1767922671425,Sunny,Day,0.119140625,100.0,-2.0,21.9203760000255,auto
1767922671459,Sunny,Day,0.11770833333333333,100.0,-2.0,23.925845000121626,auto
1767922671488,Sunny,Day,0.11762152777777778,100.0,-2.0,18.282084000020404,auto
1767922671522,Sunny,Day,0.11953125,100.0,-2.0,25.32275499993375,auto
1767922671551,Sunny,Day,0.12074652777777778,100.0,-2.0,19.719212999916635,auto
1767922671582,Sunny,Day,0.11996527777777778,100.0,-2.0,21.56039399983456,auto
1767922671614,Sunny,Day,0.12096354166666666,100.0,-2.0,22.378111000080025,auto
1767922671645,Sunny,Day,0.12078993055555555,100.0,-3.0,22.197065000000293,auto
1767922671677,Sunny,Day,0.12118055555555556,100.0,-3.0,23.92743900009009,auto
1767922671708,Sunny,Day,0.12048611111111111,100.0,-3.0,21.48723200002678,auto
1767922671739,Sunny,Day,0.11684027777777778,100.0,-3.0,21.4977870000439,auto
1767922671772,Sunny,Day,0.11341145833333334,100.0,-3.0,23.187717999917368,auto
1767922671806,Sunny,Day,0.11141493055555556,100.0,-3.0,24.801484999898094,auto
1767922671834,Sunny,Day,0.10963541666666667,100.0,-3.0,18.476074000091103,auto
1767922671866,Sunny,Day,0.10698784722222222,100.0,-3.0,21.7372009999508,auto
1767922671896,Sunny,Day,0.10776909722222222,100.0,-4.0,20.970073999933447,auto
1767922671929,Sunny,Day,0.10972222222222222,100.0,-4.0,22.714204999829235,auto
1767922671959,Sunny,Day,0.10828993055555555,100.0,-4.0,20.245036999995136,auto
1767922671990,Sunny,Day,0.10828993055555555,100.0,-3.0,21.83327000011559,auto
1767922672024,Sunny,Day,0.10690104166666667,100.0,-3.0,24.794521999865538,auto
1767922672053,Sunny,Day,0.10581597222222222,100.0,-3.0,19.700528000157647,auto
1767922672084,Sunny,Day,0.10698784722222222,100.0,-3.0,22.659781999891493,auto
1767922672116,Sunny,Day,0.10564236111111111,100.0,-3.0,22.602988999778972,auto
1767922672148,Sunny,Day,0.10625,100.0,-3.0,19.97775399991042,auto
1767922672181,Sunny,Day,0.10789930555555556,100.0,-3.0,10.582484999986264,auto
1767922672209,Sunny,Day,0.11085069444444444,100.0,-3.0,19.716713000207164,auto
1767922672243,Sunny,Day,0.1111111111111111,100.0,-3.0,24.721802999920328,auto
1767922672272,Sunny,Day,0.11388888888888889,100.0,-3.0,20.409842999924876,auto
1767922672304,Sunny,Day,0.11762152777777778,100.0,-67.0,23.16240300001482,auto
1767922672336,Sunny,Day,0.11944444444444445,100.0,63.0,21.802399999842237,auto
1767922672369,Sunny,Day,0.11927083333333334,100.0,64.0,21.44101099997897,auto
1767922672399,Sunny,Day,0.11788194444444444,100.0,-65.0,19.745691999787596,auto
1767922672431,Sunny,Day,0.12647569444444445,100.0,-65.0,22.98178299997744,auto
1767922672462,Sunny,Day,0.13767361111111112,100.0,58.0,22.164585000155057,auto
1767922672492,Sunny,Day,0.13368055555555555,100.0,60.0,21.579819000180578,auto
1767922672526,Sunny,Day,0.12404513888888889,100.0,-66.0,24.131629999828874,auto
1767922672556,Sunny,Day,0.12317708333333334,100.0,-66.0,18.78398400003789,auto
1767922672589,Sunny,Day,0.13224826388888888,100.0,61.0,22.1740659999341,auto
1767922672618,Sunny,Day,0.13198784722222223,100.0,60.0,20.660163000002285,auto
1767922672650,Sunny,Day,0.12638888888888888,100.0,-66.0,23.54356900013954,auto
1767922672681,Sunny,Day,0.12309027777777778,100.0,64.0,21.089493000090442,auto
1767922672713,Sunny,Day,0.13355034722222223,100.0,60.0,23.511662999908367,auto
1767922672745,Sunny,Day,0.12482638888888889,100.0,60.0,19.24807000000328,auto
1767922672779,Sunny,Day,0.13914930555555555,100.0,55.0,23.895384000070408,auto
1767922672809,Sunny,Day,0.12217881944444445,100.0,-11.0,18.951012000115952,auto
1767922672839,Sunny,Day,0.12769097222222223,100.0,44.0,21.68235099998128,auto
1767922672869,Sunny,Day,0.11462673611111111,100.0,-20.0,20.511671000122078,auto
1767922672900,Sunny,Day,0.10902777777777778,100.0,-20.0,21.699646000115536,auto
1767922672932,Sunny,Day,0.11319444444444444,100.0,-22.0,22.053850000020248,auto
1767922672964,Sunny,Day,0.11310763888888889,100.0,-22.0,21.88452500013227,auto
1767922672999,Sunny,Day,0.10603298611111112,100.0,-22.0,24.969957999928738,auto
1767922673026,Sunny,Day,0.10998263888888889,100.0,-19.0,17.54812200010747,auto
1767922673058,Sunny,Day,0.10998263888888889,100.0,-16.0,22.330835000047955,auto
1767922673089,Sunny,Day,0.11258680555555556,100.0,-14.0,18.567234999864013,auto
1767922673122,Sunny,Day,0.11302083333333333,100.0,-11.0,23.408518999985972,auto
1767922673152,Sunny,Day,0.11844618055555556,100.0,-9.0,17.128383999988728,auto
1767922673183,Sunny,Day,0.11480034722222222,100.0,-7.0,22.017054999878383,auto
1767922673215,Sunny,Day,0.11397569444444444,100.0,-5.0,22.43956999996044,auto
1767922673247,Sunny,Day,0.11284722222222222,100.0,-3.0,18.98447300004591,auto
1767922673278,Sunny,Day,0.11436631944444445,100.0,-2.0,21.082603999957428,auto
1767922673309,Sunny,Day,0.11384548611111112,100.0,-1.0,20.5371509998713,auto
1767922673341,Sunny,Day,0.11358506944444445,100.0,-1.0,22.520918000054735,auto
1767922673373,Sunny,Day,0.11553819444444445,100.0,0.0,22.809106000067914,auto
1767922673405,Sunny,Day,0.11471354166666667,100.0,0.0,19.453169999906095,auto
1767922673434,Sunny,Day,0.11462673611111111,100.0,0.0,20.638053000084255,auto
1767922673466,Sunny,Day,0.11671006944444444,100.0,0.0,23.255583000036495,auto
1767922673497,Sunny,Day,0.11623263888888889,100.0,-1.0,22.175695000214546,auto
1767922673528,Sunny,Day,0.11549479166666667,100.0,-1.0,22.74977599995509,auto
1767922673560,Sunny,Day,0.114453125,100.0,-1.0,23.233991000097376,auto
1767922673591,Sunny,Day,0.11206597222222223,100.0,-1.0,22.6680400000987,auto
1767922673623,Sunny,Day,0.10755208333333334,100.0,-1.0,23.36176299991166,auto
1767922673655,Sunny,Day,0.10581597222222222,100.0,-1.0,22.251043000096615,auto
1767922673686,Sunny,Day,0.10186631944444445,100.0,-2.0,21.988519999922573,auto
1767922673718,Sunny,Day,0.09752604166666666,100.0,-1.0,21.021606999966025,auto
1767922673749,Sunny,Day,0.095703125,100.0,-1.0,20.76032399986616,auto
1767922673780,Sunny,Day,0.09561631944444444,100.0,-1.0,22.4714020000647,auto
1767922673814,Sunny,Day,0.09635416666666667,100.0,-1.0,25.240016999987347,auto
1767922673844,Sunny,Day,0.09574652777777778,100.0,-1.0,22.012721999999485,auto
1767922673874,Sunny,Day,0.09505208333333333,100.0,-1.0,20.2087229999961,auto
1767922673906,Sunny,Day,0.09583333333333334,100.0,-1.0,21.599983999976757,auto
1767922673936,Sunny,Day,0.095703125,100.0,-1.0,15.524024000114878,auto
1767922673968,Sunny,Day,0.09596354166666667,100.0,-2.0,22.24633899982109,auto
1767922673999,Sunny,Day,0.09578993055555556,100.0,-1.0,23.396797999794217,auto
1767922674032,Sunny,Day,0.09709201388888888,100.0,-1.0,23.895290000155,auto
1767922674062,Sunny,Day,0.09813368055555556,100.0,-1.0,21.004125999979806,auto
1767922674096,Sunny,Day,0.0978732638888889,100.0,-1.0,24.51810899992779,auto
1767922674125,Sunny,Day,0.09809027777777778,100.0,-2.0,23.581101999980092,auto
1767922674157,Sunny,Day,0.09782986111111111,100.0,-1.0,20.466895000026852,auto
1767922674187,Sunny,Day,0.096875,100.0,-1.0,19.871370999908322,auto
1767922674221,Sunny,Day,0.09713541666666667,100.0,-2.0,25.144335000049978,auto
1767922674251,Sunny,Day,0.09657118055555555,100.0,-1.0,20.07265599991115,auto
1767922674284,Sunny,Day,0.09605034722222222,100.0,-1.0,25.208035999867207,auto
1767922674314,Sunny,Day,0.09587673611111111,100.0,-2.0,20.141763999845352,auto
1767922674345,Sunny,Day,0.09561631944444444,100.0,-1.0,21.572485999968194,auto
1767922674378,Sunny,Day,0.09509548611111111,100.0,-1.0,23.183549000123094,auto
1767922674408,Sunny,Day,0.09466145833333334,100.0,-2.0,18.220234000182245,auto
1767922674439,Sunny,Day,0.09422743055555556,100.0,-2.0,21.479859999999462,auto
1767922674472,Sunny,Day,0.09366319444444444,100.0,-2.0,23.444405999953233,auto
1767922674502,Sunny,Day,0.09409722222222222,100.0,-2.0,20.86361500005296,auto
1767922674535,Sunny,Day,0.09344618055555555,100.0,-2.0,25.087487000064357,auto
1767922674566,Sunny,Day,0.09327256944444444,100.0,-2.0,20.76587900000959,auto
1767922674598,Sunny,Day,0.09318576388888888,100.0,-2.0,23.796646999926452,auto
1767922674629,Sunny,Day,0.09244791666666667,100.0,-2.0,21.18630200016014,auto
1767922674660,Sunny,Day,0.09244791666666667,100.0,-2.0,21.758956999974544,auto
1767922674693,Sunny,Day,0.09197048611111111,100.0,-2.0,24.772319000021525,auto
1767922674723,Sunny,Day,0.09205729166666667,100.0,-2.0,19.81702199987012,auto
1767922674754,Sunny,Day,0.0921875,100.0,-2.0,22.095458000194412,auto
1767922674786,Sunny,Day,0.09236111111111112,100.0,-2.0,23.830497000062678,auto
1767922674816,Sunny,Day,0.09236111111111112,100.0,-2.0,20.81600599990452,auto
1767922674848,Sunny,Day,0.09249131944444444,100.0,-2.0,21.01634800010288,auto
1767922674880,Sunny,Day,0.09296875,100.0,-2.0,21.23607700013963,auto
1767922674911,Sunny,Day,0.09309895833333333,100.0,-2.0,20.53026199996566,auto
1767922674941,Sunny,Day,0.09331597222222222,100.0,-2.0,21.82489799997711,auto
1767922674973,Sunny,Day,0.09318576388888888,100.0,-2.0,21.959891000051357,auto
1767922675006,Sunny,Day,0.09322916666666667,100.0,-2.0,24.443594000103985,auto
1767922675036,Sunny,Day,0.09340277777777778,100.0,-1.0,21.046252999894932,auto
1767922675067,Sunny,Day,0.09357638888888889,100.0,-1.0,22.871991000101843,auto
1767922675099,Sunny,Day,0.09370659722222222,100.0,-1.0,23.94647200003419,auto
1767922675130,Sunny,Day,0.09444444444444444,100.0,-1.0,22.087438999960796,auto
1767922675162,Sunny,Day,0.09479166666666666,100.0,-1.0,23.04787100001704,auto
1767922675193,Sunny,Day,0.09526909722222222,100.0,-1.0,22.50789899994743,auto
1767922675226,Sunny,Day,0.09565972222222222,100.0,0.0,24.704377000034583,auto
1767922675256,Sunny,Day,0.09661458333333334,100.0,0.0,21.322182999938377,auto
1767922675289,Sunny,Day,0.09709201388888888,100.0,0.0,24.426872000049116,auto
1767922675319,Sunny,Day,0.09782986111111111,100.0,0.0,20.16802100001769,auto
1767922675350,Sunny,Day,0.09878472222222222,100.0,0.0,21.713996000016778,auto
1767922675382,Sunny,Day,0.09921875,100.0,0.0,24.05896599998414,auto
1767922675412,Sunny,Day,0.10052083333333334,100.0,1.0,20.90626099993642,auto
1767922675445,Sunny,Day,0.10130208333333333,100.0,1.0,24.176293999971676,auto
1767922675476,Sunny,Day,0.10221354166666667,100.0,1.0,20.847300000014002,auto
1767922675507,Sunny,Day,0.10277777777777777,100.0,2.0,22.56385800001226,auto
1767922675538,Sunny,Day,0.10360243055555556,100.0,2.0,20.006659000046056,auto
1767922675570,Sunny,Day,0.1032986111111111,100.0,2.0,23.366427999917505,auto
1767922675603,Sunny,Day,0.10321180555555555,100.0,2.0,24.11794500017095,auto
1767922675632,Sunny,Day,0.10295138888888888,100.0,2.0,19.794874000126583,auto
1767922675663,Sunny,Day,0.10277777777777777,100.0,2.0,19.970437999973,auto
1767922675695,Sunny,Day,0.10186631944444445,100.0,2.0,22.964041999784968,auto
1767922675728,Sunny,Day,0.10164930555555556,100.0,2.0,25.410507000060534,auto
1767922675760,Sunny,Day,0.10004340277777778,100.0,2.0,22.514194999985193,auto
1767922675790,Sunny,Day,0.09921875,100.0,2.0,20.399693999934243,auto
1767922675822,Sunny,Day,0.09826388888888889,100.0,2.0,24.224567999908686,auto
1767922675852,Sunny,Day,0.09782986111111111,100.0,2.0,19.92619999987255,auto
1767922675883,Sunny,Day,0.09665798611111111,100.0,2.0,21.062919000087277,auto
1767922675915,Sunny,Day,0.09552951388888889,100.0,2.0,21.55293000009806,auto
1767922675947,Sunny,Day,0.09448784722222223,100.0,2.0,17.00252000000546,auto
1767922675978,Sunny,Day,0.09361979166666666,100.0,2.0,21.927280999989307,auto
1767922676009,Sunny,Day,0.092578125,100.0,2.0,23.164530999792987,auto
1767922676041,Sunny,Day,0.09127604166666667,100.0,3.0,20.146837000083906,auto
1767922676072,Sunny,Day,0.08988715277777778,100.0,3.0,21.54543000006015,auto
1767922676103,Sunny,Day,0.08919270833333333,100.0,3.0,20.959756999900492,auto
1767922676134,Sunny,Day,0.08823784722222222,100.0,3.0,22.100234999925306,auto
1767922676166,Sunny,Day,0.087109375,100.0,3.0,23.6109340000894,auto
1767922676197,Sunny,Day,0.08528645833333333,100.0,4.0,22.900710999920193,auto
1767922676230,Sunny,Day,0.08407118055555556,100.0,3.0,23.764999000150056,auto
1767922676261,Sunny,Day,0.08233506944444445,100.0,3.0,22.571672999902148,auto
1767922676292,Sunny,Day,0.08111979166666666,100.0,3.0,19.57283000001553,auto
1767922676325,Sunny,Day,0.079296875,100.0,3.0,23.951286000055916,auto
1767922676355,Sunny,Day,0.07838541666666667,100.0,3.0,21.554967000156466,auto
1767922676387,Sunny,Day,0.07682291666666667,100.0,3.0,22.899914000163335,auto
1767922676418,Sunny,Day,0.07530381944444445,100.0,3.0,22.809790000110297,auto
1767922676449,Sunny,Day,0.07369791666666667,100.0,3.0,16.063438999935897,auto
1767922676480,Sunny,Day,0.07170138888888888,100.0,3.0,22.915024999974776,auto
1767922676511,Sunny,Day,0.07005208333333333,100.0,4.0,22.96420799984844,auto
1767922676544,Sunny,Day,0.06736111111111111,100.0,4.0,20.475800999975036,auto
1767922676575,Sunny,Day,0.06514756944444444,100.0,4.0,21.60013100001379,auto
1767922676607,Sunny,Day,0.06328125,100.0,4.0,22.050107000040953,auto
1767922676640,Sunny,Day,0.061848958333333336,100.0,4.0,22.16228699990097,auto
1767922676669,Sunny,Day,0.06015625,100.0,3.0,17.72309300008601,auto
1767922676700,Sunny,Day,0.05824652777777778,100.0,3.0,22.64050199983103,auto
1767922676732,Sunny,Day,0.05520833333333333,100.0,3.0,23.540752000144494,auto
1767922676763,Sunny,Day,0.05329861111111111,100.0,3.0,22.647093999921708,auto
1767922676795,Sunny,Day,0.05182291666666667,100.0,3.0,22.52015600015511,auto
1767922676826,Sunny,Day,0.050520833333333334,100.0,3.0,22.630205999803366,auto
1767922676858,Sunny,Day,0.04848090277777778,96.96180555555556,-39.0,20.16055800004324,auto
1767922676889,Sunny,Day,0.04700520833333333,94.01041666666667,-40.0,22.135454999897775,auto
1767922676923,Sunny,Day,0.04552951388888889,91.05902777777777,-40.0,25.111854999977368,auto
1767922676952,Sunny,Day,0.04266493055555556,85.32986111111111,,18.35206000009748,auto
1767922676983,Sunny,Day,0.04761284722222222,95.22569444444444,,23.272191999922143,auto
1767922677014,Sunny,Day,0.051041666666666666,100.0,,22.22904300015216,auto
1767922677045,Sunny,Day,0.05364583333333333,100.0,-34.0,21.773972999881153,auto
1767922677076,Sunny,Day,0.052647569444444445,100.0,-34.0,18.221344000039608,auto
1767922677107,Sunny,Day,0.051953125,100.0,-35.0,23.007168000049205,auto
1767922677140,Sunny,Day,0.05755208333333333,100.0,,24.78501900009178,auto
1767922677171,Sunny,Day,0.057769097222222225,100.0,-32.0,22.475399000086327,auto
1767922677203,Sunny,Day,0.060069444444444446,100.0,-32.0,22.021331000132705,auto
1767922677234,Sunny,Day,0.06128472222222222,100.0,-31.0,21.786045999988346,auto
1767922677270,Sunny,Day,0.06480034722222222,100.0,-29.0,27.80897200000254,auto
1767922677296,Sunny,Day,0.06822916666666666,100.0,-28.0,15.14722700017046,auto
1767922677328,Sunny,Day,0.07122395833333334,100.0,-27.0,22.29476100001193,auto
1767922677359,Sunny,Day,0.07552083333333333,100.0,-25.0,21.274461999837513,auto
1767922677392,Sunny,Day,0.07999131944444444,100.0,,23.089274999847476,auto
1767922677422,Sunny,Day,0.08732638888888888,100.0,,21.63518399993336,auto
1767922677453,Sunny,Day,0.09075520833333334,100.0,,22.497064999924987,auto
1767922677485,Sunny,Day,0.09600694444444445,100.0,,22.507767999968564,auto
1767922677518,Sunny,Day,0.093359375,100.0,-19.0,16.089252000028864,auto
1767922677548,Sunny,Day,0.09175347222222222,100.0,-20.0,19.711080999968544,auto
1767922677578,Sunny,Day,0.09205729166666667,100.0,-19.0,21.581112999911056,auto
1767922677611,Sunny,Day,0.094921875,100.0,-18.0,23.647670999935144,auto
1767922677641,Sunny,Day,0.10052083333333334,100.0,,20.484689000113576,auto
1767922677673,Sunny,Day,0.10338541666666666,100.0,,23.63469100009752,auto
1767922677705,Sunny,Day,0.10703125,100.0,,24.527367000018785,auto
1767922677736,Sunny,Day,0.1091579861111111,100.0,,22.120214000096894,auto
1767922677771,Sunny,Day,0.10677083333333333,100.0,-9.0,26.10376500001621,auto
1767922677804,Sunny,Day,0.10581597222222222,100.0,-9.0,20.500094999988505,auto
1767922677830,Sunny,Day,0.10598958333333333,100.0,-9.0,17.99841000001834,auto
1767922677865,Sunny,Day,0.10811631944444444,100.0,,26.40613700009453,auto
1767922677894,Sunny,Day,0.11032986111111111,100.0,-7.0,19.920502999866585,auto
1767922677926,Sunny,Day,0.11019965277777778,100.0,-6.0,23.898217999885674,auto
1767922677956,Sunny,Day,0.11128472222222222,100.0,-5.0,20.972047999975985,auto
1767922677987,Sunny,Day,0.11232638888888889,100.0,-4.0,23.30605099996319,auto
1767922678019,Sunny,Day,0.11566840277777778,100.0,-3.0,23.77754500002993,auto
1767922678050,Sunny,Day,0.11927083333333334,100.0,-2.0,23.32991499997661,auto
1767922678081,Sunny,Day,0.12013888888888889,100.0,-2.0,22.930361000135235,auto
1767922678114,Sunny,Day,0.12196180555555555,100.0,,24.288758000011512,auto
1767922678145,Sunny,Day,0.12269965277777778,100.0,-1.0,21.525360000168803,auto
1767922678176,Sunny,Day,0.12413194444444445,100.0,-1.0,22.742831999948976,auto
1767922678210,Sunny,Day,0.125390625,100.0,-1.0,18.109223000010388,auto
1767922678238,Sunny,Day,0.12743055555555555,100.0,0.0,19.804699999895092,auto
1767922678270,Sunny,Day,0.13046875,100.0,-1.0,22.881311999981335,auto
1767922678301,Sunny,Day,0.13428819444444445,100.0,,22.93484200004059,auto
1767922678333,Sunny,Day,0.1375,100.0,-1.0,23.425512000130766,auto
1767922678368,Sunny,Day,0.1400173611111111,100.0,-2.0,26.69774400010283,auto
1767922678398,Sunny,Day,0.14006076388888888,100.0,,20.75300799992874,auto
1767922678430,Sunny,Day,0.14427083333333332,100.0,-1.0,27.617943999985073,manual
1767922678458,Sunny,Day,0.14518229166666666,100.0,,15.687737999996898,manual
1767922678490,Sunny,Day,0.145703125,100.0,,23.464414000045508,manual
1767922678522,Sunny,Day,0.14574652777777777,100.0,-2.0,24.476600999832954,manual
1767922678552,Sunny,Day,0.14444444444444443,100.0,-2.0,21.90204600015022,manual
1767922678584,Sunny,Day,0.1447048611111111,100.0,-2.0,23.060454000187747,manual
1767922678616,Sunny,Day,0.14461805555555557,100.0,-2.0,23.65814500012675,manual
1767922678647,Sunny,Day,0.14401041666666667,100.0,-2.0,23.006645999885222,manual
1767922678679,Sunny,Day,0.1439236111111111,100.0,-2.0,22.401141000045754,manual
1767922678710,Sunny,Day,0.1443576388888889,100.0,-2.0,22.369719000153054,manual
1767922678742,Sunny,Day,0.14418402777777778,100.0,-2.0,21.228384000096412,manual
1767922678773,Sunny,Day,0.1440972222222222,100.0,-2.0,23.70093500007897,manual
1767922678804,Sunny,Day,0.1439236111111111,100.0,-2.0,25.441924999995535,manual
1767922678837,Sunny,Day,0.1443576388888889,100.0,-2.0,21.356494999963616,manual
1767922678866,Sunny,Day,0.146484375,100.0,,21.40415500002746,manual
1767922678903,Sunny,Day,0.1486111111111111,100.0,-3.0,28.805624999904467,manual
1767922678931,Sunny,Day,0.15186631944444445,100.0,-3.0,19.575585999973555,manual
1767922678961,Sunny,Day,0.15264756944444444,100.0,,21.102901999938695,manual
1767922678992,Sunny,Day,0.15434027777777778,100.0,-5.0,22.800582999934704,manual
1767922679026,Sunny,Day,0.15538194444444445,100.0,,24.228588000141826,manual
1767922679058,Sunny,Day,0.15928819444444445,100.0,,23.130209000100876,manual
1767922679087,Sunny,Day,0.16119791666666666,100.0,,21.903737000002366,manual
1767922679118,Sunny,Day,0.16545138888888888,100.0,,22.12083600011283,manual
1767922679149,Sunny,Day,0.16597222222222222,100.0,,23.114304000046104,manual
1767922679181,Sunny,Day,0.16397569444444443,100.0,,24.306485000124667,manual
1767922679211,Sunny,Day,0.15959201388888888,100.0,,21.173786999952426,manual
1767922679246,Sunny,Day,0.15112847222222223,100.0,,26.43160499997066,manual
1767922679275,Sunny,Day,0.14201388888888888,100.0,,19.253767000009248,manual
1767922679307,Sunny,Day,0.13203125,100.0,,22.77968599992164,manual
1767922679341,Sunny,Day,0.119140625,100.0,,23.63310000009733,manual
1767922679370,Sunny,Day,0.11089409722222222,100.0,,19.134358999963297,manual
1767922679402,Sunny,Day,0.10399305555555556,100.0,,24.35992100004114,manual
1767922679433,Sunny,Day,0.09800347222222222,100.0,,21.948415999986537,manual
1767922679462,Sunny,Day,0.09192708333333334,100.0,,18.529872000044634,manual
1767922679494,Sunny,Day,0.08741319444444444,100.0,,23.7166070000967,manual
1767922679526,Sunny,Day,0.08211805555555556,100.0,,23.884416000100828,manual
1767922679558,Sunny,Day,0.08116319444444445,100.0,,23.664689000042927,manual
1767922679588,Sunny,Day,0.08094618055555555,100.0,,21.90849600015099,manual
1767922679620,Sunny,Day,0.08333333333333333,100.0,,24.31774299998324,manual
1767922679651,Sunny,Day,0.08433159722222222,100.0,,21.72650399984377,manual
1767922679686,Sunny,Day,0.08628472222222222,100.0,,25.455393000129334,manual
1767922679714,Sunny,Day,0.0876736111111111,100.0,,16.905679000046803,manual
1767922679746,Sunny,Day,0.088671875,100.0,,24.558595999906174,manual
1767922679777,Sunny,Day,0.0915798611111111,100.0,,22.274610000067696,manual
1767922679809,Sunny,Day,0.09370659722222222,100.0,,22.300755000060235,manual
1767922679844,Sunny,Day,0.09557291666666666,100.0,,26.351246000103856,manual
1767922679871,Sunny,Day,0.09796006944444445,100.0,,17.30665900004169,manual
1767922679902,Sunny,Day,0.09986979166666667,100.0,,23.246044999950755,manual
1767922679934,Sunny,Day,0.10082465277777777,100.0,,23.439886999994997,manual
1767922679966,Sunny,Day,0.10308159722222222,100.0,,22.89781700005733,manual
1767922679998,Sunny,Day,0.10616319444444444,100.0,,22.89561399993545,manual
1767922680029,Sunny,Day,0.10668402777777777,100.0,,25.99539800007733,manual
1767922680059,Sunny,Day,0.11050347222222222,100.0,,22.50510299995767,manual
1767922680091,Sunny,Day,0.11158854166666667,100.0,,24.858098000095197,manual
1767922680123,Sunny,Day,0.11380208333333333,100.0,,25.450014000170995,manual
1767922680156,Sunny,Day,0.11458333333333333,100.0,,22.09182900014639,manual
1767922680185,Sunny,Day,0.11640625,100.0,,24.77138900007958,manual
1767922680216,Sunny,Day,0.11723090277777778,100.0,,24.17334399979154,manual
1767922680249,Sunny,Day,0.11831597222222222,100.0,,21.855028999880233,manual
1767922680280,Sunny,Day,0.11940104166666667,100.0,,14.327943000125742,manual
1767922680314,Sunny,Day,0.1208767361111111,100.0,,25.48674900003789,manual
1767922680347,Sunny,Day,0.12217881944444445,100.0,,23.93812000013895,manual
1767922680374,Sunny,Day,0.12365451388888889,100.0,,19.009289999985413,manual
1767922680405,Sunny,Day,0.12491319444444444,100.0,,22.220921999860366,manual
1767922680437,Sunny,Day,0.12552083333333333,100.0,,24.538310000025376,manual
1767922680467,Sunny,Day,0.12664930555555556,100.0,,21.605603000125484,manual
1767922680498,Sunny,Day,0.12660590277777778,100.0,,23.260809000021254,manual
1767922680530,Sunny,Day,0.12795138888888888,100.0,,24.542772999893714,manual
1767922680563,Sunny,Day,0.12960069444444444,100.0,,24.912924000091152,manual
1767922680593,Sunny,Day,0.13120659722222222,100.0,,21.07878900005744,manual
1767922680627,Sunny,Day,0.133203125,100.0,,24.243354000191175,manual
1767922680656,Sunny,Day,0.13450520833333332,100.0,,20.826565999868762,manual
1767922680687,Sunny,Day,0.1365451388888889,100.0,,22.75517799989757,manual
1767922680718,Sunny,Day,0.13771701388888888,100.0,,23.622885999884602,manual
1767922680750,Sunny,Day,0.13988715277777777,100.0,,23.4182490000876,manual
1767922680783,Sunny,Day,0.1421440972222222,100.0,,22.1832600000198,manual
1767922680814,Sunny,Day,0.1410590277777778,100.0,,20.796718999918085,manual
1767922680846,Sunny,Day,0.14353298611111112,100.0,,22.475476999943567,manual
1767922680876,Sunny,Day,0.14244791666666667,100.0,,17.81294300008085,manual
1767922680907,Sunny,Day,0.1408420138888889,100.0,,22.115417999884812,manual
1767922680939,Sunny,Day,0.14153645833333334,100.0,,23.175616999878912,manual
1767922680970,Sunny,Day,0.1424045138888889,100.0,,22.275876000094286,manual
1767922681002,Sunny,Day,0.14223090277777778,100.0,,19.25629100014703,manual
1767922681033,Sunny,Day,0.14184027777777777,100.0,,22.950915999899735,manual
1767922681065,Sunny,Day,0.14053819444444443,100.0,,23.811571000123877,manual
1767922681095,Sunny,Day,0.13914930555555555,100.0,,20.814611000105288,manual
1767922681128,Sunny,Day,0.13875868055555557,100.0,,24.77993200000128,manual
1767922681159,Sunny,Day,0.13754340277777777,100.0,,22.001718999945297,manual
1767922681190,Sunny,Day,0.13754340277777777,100.0,,22.713284000019485,manual
1767922681222,Sunny,Day,0.13606770833333334,100.0,,24.18844299995726,manual
1767922681254,Sunny,Day,0.13532986111111112,100.0,,22.50336899987815,manual
1767922681284,Sunny,Day,0.134765625,100.0,,17.4058770001011,manual
1767922681315,Sunny,Day,0.1323784722222222,100.0,,22.111814000027152,manual
1767922681347,Sunny,Day,0.13216145833333334,100.0,,23.62994800000706,manual
1767922681378,Sunny,Day,0.13211805555555556,100.0,,23.194010999986858,manual
1767922681409,Sunny,Day,0.13072916666666667,100.0,,18.799936000050366,manual
1767922681443,Sunny,Day,0.13077256944444443,100.0,,25.63405099999727,manual
1767922681473,Sunny,Day,0.13059895833333332,100.0,,21.168357000078686,manual
1767922681504,Sunny,Day,0.12925347222222222,100.0,,21.664581999857546,manual
1767922681537,Sunny,Day,0.1265625,100.0,,24.308757999961017,manual
1767922681568,Sunny,Day,0.1271701388888889,100.0,,20.740103999969506,manual
1767922681598,Sunny,Day,0.12413194444444445,100.0,,22.03130699990652,manual
1767922681629,Sunny,Day,0.12256944444444444,100.0,,22.65699500003393,manual
1767922681662,Sunny,Day,0.119921875,100.0,,16.062162000025637,manual
1767922681692,Sunny,Day,0.11896701388888889,100.0,,21.50945599987608,manual
1767922681723,Sunny,Day,0.11488715277777778,100.0,,22.971375999986776,manual
1767922681755,Sunny,Day,0.11436631944444445,100.0,,22.098574999972698,manual
1767922681786,Sunny,Day,0.1130642361111111,100.0,,21.42258000003494,manual
1767922681817,Sunny,Day,0.11171875,100.0,,22.568266999996922,manual
1767922681849,Sunny,Day,0.10802951388888889,100.0,,22.25949699982266,manual
1767922681882,Sunny,Day,0.106640625,100.0,,23.659481000095184,manual
1767922681912,Sunny,Day,0.105859375,100.0,,20.92468699993333,manual
1767922681943,Sunny,Day,0.10421006944444444,100.0,,23.2131750001372,manual
1767922681975,Sunny,Day,0.10394965277777778,100.0,,23.33771300004628,manual
1767922682006,Sunny,Day,0.10325520833333333,100.0,,23.237615999960326,manual
1767922682040,Sunny,Day,0.10399305555555556,100.0,,24.091760000146678,manual
1767922682069,Sunny,Day,0.10334201388888889,100.0,,20.200482000063857,manual
1767922682101,Sunny,Day,0.10295138888888888,100.0,,17.32039400008034,manual
1767922682132,Sunny,Day,0.09978298611111111,100.0,,21.286586999849533,manual
1767922682163,Sunny,Day,0.09956597222222222,100.0,,22.85201099994083,manual
1767922682196,Sunny,Day,0.09887152777777777,100.0,,24.380367000048864,manual
1767922682226,Sunny,Day,0.09713541666666667,100.0,,21.363836000091396,manual
1767922682262,Sunny,Day,0.09609375,100.0,,28.03279000022485,manual
1767922682291,Sunny,Day,0.09496527777777777,100.0,,19.83685000004698,manual
1767922682321,Sunny,Day,0.09474826388888889,100.0,,22.316791000093872,manual
1767922682352,Sunny,Day,0.09357638888888889,100.0,,21.2712930001544,manual
1767922682383,Sunny,Day,0.09240451388888889,100.0,,23.943189000192433,manual
1767922682413,Sunny,Day,0.09210069444444445,100.0,,21.577397000100973,manual
1767922682446,Sunny,Day,0.09171006944444444,100.0,,24.457207000068593,manual
1767922682478,Sunny,Day,0.08967013888888889,100.0,,21.004515999948126,manual
1767922682511,Sunny,Day,0.09040798611111112,100.0,,22.222972000008667,manual
1767922682542,Sunny,Day,0.08949652777777778,100.0,,18.959326999947734,manual
1767922682569,Sunny,Day,0.08854166666666667,100.0,,19.244137999976374,manual
1767922682601,Sunny,Day,0.08723958333333333,100.0,,25.860117999854992,manual
1767922682632,Sunny,Day,0.08754340277777778,100.0,,21.807698000202436,manual
1767922682662,Sunny,Day,0.08624131944444445,100.0,,24.58865199992033,manual
1767922682698,Sunny,Day,0.08663194444444444,100.0,,28.86246699995354,manual
1767922682725,Sunny,Day,0.08472222222222223,100.0,,20.37516199993661,manual
1767922682758,Sunny,Day,0.08385416666666666,100.0,,26.55183499996383,manual
1767922682788,Sunny,Day,0.08459201388888889,100.0,,22.83805100000791,manual
1767922682820,Sunny,Day,0.08203125,100.0,,22.415684999941732,manual
1767922682851,Sunny,Day,0.08168402777777778,100.0,,24.19589300006919,manual
1767922682884,Sunny,Day,0.08107638888888889,100.0,,26.707220000162124,manual
1767922682914,Sunny,Day,0.07899305555555555,100.0,,22.29812799987485,manual
1767922682945,Sunny,Day,0.076953125,100.0,,24.835432000145374,manual
1767922682977,Sunny,Day,0.07530381944444445,100.0,20.0,24.885460999939824,manual
1767922683008,Sunny,Day,0.07664930555555556,100.0,19.0,25.019368999892322,manual
1767922683040,Sunny,Day,0.07799479166666666,100.0,17.0,23.99752099995567,manual
1767922683072,Sunny,Day,0.07573784722222222,100.0,15.0,26.15691699998024,manual
1767922683104,Sunny,Day,0.07573784722222222,100.0,13.0,23.693083999887676,manual
1767922683138,Sunny,Day,0.07582465277777778,100.0,10.0,26.366702000132136,manual
1767922683165,Sunny,Day,0.07934027777777777,100.0,24.0,20.191656999941188,manual
1767922683197,Sunny,Day,0.07434895833333334,100.0,22.0,25.04579800006468,manual
1767922683229,Sunny,Day,0.07348090277777777,100.0,20.0,25.80317100000684,manual
1767922683259,Sunny,Day,0.07322048611111111,100.0,18.0,23.74737200011623,manual
1767922683291,Sunny,Day,0.07608506944444444,100.0,16.0,25.488161000112086,manual
1767922683324,Sunny,Day,0.07760416666666667,100.0,16.0,25.835499999857348,manual
1767922683353,Sunny,Day,0.07612847222222222,100.0,15.0,21.10026800005471,manual
1767922683385,Sunny,Day,0.0681423611111111,100.0,14.0,24.324419999857128,manual
1767922683416,Sunny,Day,0.07105034722222223,100.0,12.0,23.852782999938427,manual
1767922683449,Sunny,Day,0.07109375,100.0,11.0,24.36620999992556,manual
1767922683480,Sunny,Day,0.07413194444444444,100.0,10.0,24.645502999874225,manual
1767922683513,Sunny,Day,0.07547743055555556,100.0,8.0,26.299322999875585,manual
1767922683543,Sunny,Day,0.07643229166666667,100.0,6.0,27.118650999909732,auto
1767922683573,Sunny,Day,0.0822482638888889,100.0,6.0,20.96438099988518,auto
1767922683606,Sunny,Day,0.08346354166666667,100.0,3.0,25.508176999892385,auto
1767922683638,Sunny,Day,0.08337673611111111,100.0,1.0,23.678733999986434,auto
1767922683667,Sunny,Day,0.08146701388888888,100.0,2.0,21.07543900001474,auto
1767922683700,Sunny,Day,0.08446180555555556,100.0,1.0,25.852739000129077,auto
1767922683730,Sunny,Day,0.08268229166666667,100.0,0.0,20.737264999979743,auto
1767922683761,Sunny,Day,0.08324652777777777,100.0,-1.0,24.003001999972184,auto
1767922683793,Sunny,Day,0.08094618055555555,100.0,1.0,25.41417099996579,auto
1767922683825,Sunny,Day,0.08111979166666666,100.0,1.0,24.3620070000361,auto
1767922683857,Sunny,Day,0.08220486111111111,100.0,1.0,25.46442300013041,auto
1767922683887,Sunny,Day,0.07873263888888889,100.0,1.0,23.903682999844023,auto
1767922683921,Sunny,Day,0.07803819444444444,100.0,1.0,26.925270999981876,auto
1767922683950,Sunny,Day,0.07947048611111111,100.0,2.0,22.913823999942906,auto
1767922683981,Sunny,Day,0.0796875,100.0,1.0,24.28083300014805,auto
1767922684013,Sunny,Day,0.08250868055555556,100.0,1.0,20.201120999900013,auto
1767922684044,Sunny,Day,0.07994791666666666,100.0,1.0,22.40860699998848,auto
1767922684076,Sunny,Day,0.07960069444444444,100.0,2.0,23.152482999876156,auto
1767922684110,Sunny,Day,0.08368055555555555,100.0,1.0,30.059128999937457,auto
1767922684141,Sunny,Day,0.08107638888888889,100.0,1.0,21.12566000005245,auto
1767922684170,Sunny,Day,0.08111979166666666,100.0,2.0,21.418562000008023,auto
1767922684205,Sunny,Day,0.0765625,100.0,2.0,28.29386100006559,auto
1767922684233,Sunny,Day,0.08233506944444445,100.0,1.0,21.27041700009613,auto
1767922684264,Sunny,Day,0.08315972222222222,100.0,2.0,24.744291999923007,auto
1767922684296,Sunny,Day,0.07799479166666666,100.0,1.0,25.802790000170717,auto
1767922684329,Sunny,Day,0.07868923611111112,100.0,1.0,25.91016400015178,auto
1767922684360,Sunny,Day,0.07925347222222222,100.0,1.0,25.034140000116167,auto
1767922684390,Sunny,Day,0.08233506944444445,100.0,1.0,19.965917000035915,auto
1767922684423,Sunny,Day,0.08046875,100.0,1.0,25.89760999990176,auto
1767922684452,Sunny,Day,0.08081597222222223,100.0,2.0,18.670065000151226,auto
1767922684484,Sunny,Day,0.07947048611111111,100.0,1.0,24.64608400009638,auto
1767922684515,Sunny,Day,0.08506944444444445,100.0,1.0,21.34957199996279,auto
1767922684547,Sunny,Day,0.08103298611111111,100.0,2.0,20.613121999986106,auto
1767922684579,Sunny,Day,0.07756076388888888,100.0,1.0,25.11340699993525,auto
1767922684610,Sunny,Day,0.07825520833333334,100.0,2.0,24.532452999892485,auto
1767922684641,Sunny,Day,0.08294270833333334,100.0,2.0,24.83020700015004,auto
1767922684673,Sunny,Day,0.08190104166666666,100.0,2.0,25.70554500016442,auto
1767922684703,Sunny,Day,0.08168402777777778,100.0,2.0,23.48143600011099,auto
1767922684737,Sunny,Day,0.08250868055555556,100.0,3.0,27.236493999907907,auto
1767922684767,Sunny,Day,0.08528645833333333,100.0,2.0,22.918756999843026,auto
1767922684798,Sunny,Day,0.08229166666666667,100.0,2.0,23.916244000020015,auto
1767922684830,Sunny,Day,0.08381076388888889,100.0,2.0,24.63932599994223,auto
1767922684863,Sunny,Day,0.080859375,100.0,3.0,26.08402800001386,auto
1767922684892,Sunny,Day,0.083984375,100.0,3.0,21.01476799998636,auto
1767922684924,Sunny,Day,0.08237847222222222,100.0,3.0,24.952966999990167,auto
1767922684955,Sunny,Day,0.08133680555555556,100.0,3.0,23.98334600002272,auto
1767922684986,Sunny,Day,0.07747395833333333,100.0,4.0,20.563202999937857,auto
1767922685018,Sunny,Day,0.07899305555555555,100.0,4.0,24.801862000003894,auto
1767922685050,Sunny,Day,0.07907986111111111,100.0,5.0,24.860746000058498,auto
1767922685081,Sunny,Day,0.08129340277777777,100.0,3.0,24.03051300007064,auto
1767922685112,Sunny,Day,0.07651909722222222,100.0,4.0,24.724988000116355,auto
1767922685146,Sunny,Day,0.07391493055555555,100.0,3.0,27.873319000036645,auto
1767922685176,Sunny,Day,0.07717013888888889,100.0,2.0,23.112144000151602,auto
1767922685206,Sunny,Day,0.07356770833333333,100.0,2.0,22.09832399989864,auto
1767922685237,Sunny,Day,0.07144097222222222,100.0,2.0,24.692456000138918,auto
1767922685269,Sunny,Day,0.06362847222222222,100.0,2.0,21.652777000099377,auto
1767922685300,Sunny,Day,0.06297743055555556,100.0,3.0,24.76450099993599,auto
1767922685332,Sunny,Day,0.06653645833333334,100.0,2.0,24.538219000078243,auto
1767922685364,Sunny,Day,0.06072048611111111,100.0,2.0,15.961066999807372,auto
1767922685395,Sunny,Day,0.05894097222222222,100.0,2.0,24.302677999912703,auto
1767922685426,Sunny,Day,0.05529513888888889,100.0,2.0,24.590656000100353,auto
1767922685457,Sunny,Day,0.05603298611111111,100.0,2.0,23.496754999996483,auto
1767922685489,Sunny,Day,0.05559895833333333,100.0,2.0,25.6668729998637,auto
1767922685520,Sunny,Day,0.05499131944444444,100.0,3.0,23.68183999988105,auto
1767922685554,Sunny,Day,0.04509548611111111,90.19097222222221,2.0,27.01858899990839,auto
1767922685584,Sunny,Day,0.04296875,85.9375,3.0,23.471851000067545,auto
1767922685614,Sunny,Day,0.046788194444444445,93.57638888888889,2.0,23.68693199991867,auto
1767922685648,Sunny,Day,0.04001736111111111,80.03472222222221,-11.0,27.238242000066748,auto
1767922685679,Sunny,Day,0.04010416666666667,80.20833333333334,-11.0,23.09435000006488,auto
1767922685708,Sunny,Day,0.03615451388888889,72.30902777777779,-10.0,21.483986000021105,auto
1767922685741,Sunny,Day,0.03706597222222222,74.13194444444444,-11.0,26.00900999982514,auto
1767922685771,Sunny,Day,0.03797743055555555,75.9548611111111,-11.0,22.99925199986319,auto
1767922685803,Sunny,Day,0.03042534722222222,60.85069444444444,-7.0,25.11110099999314,auto
1767922685834,Sunny,Day,0.03289930555555556,65.79861111111111,-4.0,24.75783499994577,auto
1767922685866,Sunny,Day,0.03485243055555556,69.70486111111111,-6.0,24.70612099978098,auto
1767922685896,Sunny,Day,0.03589409722222222,71.78819444444444,-4.0,23.97840899993753,auto
1767922685931,Sunny,Day,0.03446180555555556,68.92361111111111,-2.0,28.167796000161616,auto
1767922685960,Sunny,Day,0.03511284722222222,70.22569444444444,-1.0,22.622287000103825,auto
1767922685993,Sunny,Day,0.03767361111111111,75.34722222222221,-2.0,25.94011200017121,auto
1767922686022,Sunny,Day,0.040625,81.25,-4.0,21.742991000110123,auto
1767922686054,Sunny,Day,0.03884548611111111,77.69097222222223,-1.0,24.896879000152694,auto
1767922686085,Sunny,Day,0.03849826388888889,76.99652777777779,0.0,24.57468400007201,auto
1767922686116,Sunny,Day,0.03767361111111111,75.34722222222221,1.0,24.856902999999875,auto
1767922686149,Sunny,Day,0.03884548611111111,77.69097222222223,1.0,26.475618000176837,auto
1767922686179,Sunny,Day,0.03893229166666667,77.86458333333333,1.0,22.791067000071052,auto
1767922686211,Sunny,Day,0.03984375,79.6875,1.0,25.20198399997753,auto
1767922686242,Sunny,Day,0.040625,81.25,0.0,24.21802999992906,auto
1767922686273,Sunny,Day,0.04131944444444444,82.63888888888889,1.0,23.63313199998629,auto
1767922686306,Sunny,Day,0.04188368055555555,83.7673611111111,1.0,26.32263899999998,auto
1767922686336,Sunny,Day,0.04370659722222222,87.41319444444444,4.0,22.717742999930124,auto
1767922686370,Sunny,Day,0.04331597222222222,86.63194444444444,,26.750060999802372,auto
1767922686400,Sunny,Day,0.045008680555555555,90.01736111111111,,23.618486000032135,auto
1767922686430,Sunny,Day,0.04717881944444444,94.35763888888889,,21.4418680000108,auto
1767922686463,Sunny,Day,0.045008680555555555,90.01736111111111,,26.238892999799646,auto
1767922686493,Sunny,Day,0.04348958333333333,86.97916666666666,,21.594679999907385,auto
1767922686524,Sunny,Day,0.04431423611111111,88.62847222222223,,24.430795999933252,auto
1767922686559,Sunny,Day,0.04626736111111111,92.53472222222223,,28.558470999996644,auto
1767922686588,Sunny,Day,0.04513888888888889,90.27777777777777,,21.162481999908778,auto
1767922686619,Sunny,Day,0.04392361111111111,87.84722222222221,,24.777562000053877,auto
1767922686652,Sunny,Day,0.04314236111111111,86.28472222222221,,26.456454000026497,auto
1767922686681,Sunny,Day,0.04157986111111111,83.15972222222221,2.0,21.43027799979791,auto
1767922686713,Sunny,Day,0.043793402777777775,87.58680555555554,,24.910635999958686,auto
1767922686744,Sunny,Day,0.04357638888888889,87.15277777777777,,24.564073999954417,auto
1767922686778,Sunny,Day,0.041493055555555554,82.98611111111111,2.0,27.134431999911612,auto
1767922686807,Sunny,Day,0.042534722222222224,85.06944444444444,,22.685007000063706,auto
1767922686839,Sunny,Day,0.04422743055555556,88.45486111111111,,25.139234000107535,auto
1767922686870,Sunny,Day,0.044661458333333334,89.32291666666667,,24.100639999915074,auto
1767922686902,Sunny,Day,0.041015625,82.03125,,25.713837000012063,auto
1767922686933,Sunny,Day,0.04296875,85.9375,,23.376167999913378,auto
1767922686964,Sunny,Day,0.04357638888888889,87.15277777777777,,24.793819000024087,auto
1767922686995,Sunny,Day,0.043229166666666666,86.45833333333333,,19.128270999999586,auto
1767922687027,Sunny,Day,0.03958333333333333,79.16666666666666,,24.26730799993493,auto
1767922687058,Sunny,Day,0.04014756944444445,80.2951388888889,,24.930954999945243,auto
1767922687090,Sunny,Day,0.040364583333333336,80.72916666666667,0.0,19.38849799989839,auto
1767922687121,Sunny,Day,0.04279513888888889,85.59027777777779,,24.074243000086426,auto
1767922687152,Sunny,Day,0.04175347222222222,83.50694444444444,,23.284763000219755,auto
1767922687185,Sunny,Day,0.040755208333333334,81.51041666666667,,25.064048000103867,auto
1767922687217,Sunny,Day,0.04049479166666667,80.98958333333334,1.0,24.231109999846012,auto
1767922687247,Sunny,Day,0.0421875,84.375,1.0,14.723046999961298,auto
1767922687279,Sunny,Day,0.043055555555555555,86.11111111111111,,24.16643399988061,auto
1767922687309,Sunny,Day,0.042317708333333336,84.63541666666667,1.0,22.84762099998261,auto
1767922687341,Sunny,Day,0.04162326388888889,83.24652777777777,,23.972980000053212,auto
1767922687372,Sunny,Day,0.04227430555555556,84.54861111111111,0.0,24.5658960000128,auto
1767922687403,Sunny,Day,0.04301215277777778,86.02430555555556,,24.20666899979551,auto
1767922687436,Sunny,Day,0.041796875,83.59375,,26.05053799993584,auto
1767922687466,Sunny,Day,0.04188368055555555,83.7673611111111,,21.58415100007005,auto
1767922687498,Sunny,Day,0.03980034722222222,79.60069444444444,1.0,25.063158999955704,auto
1767922687532,Sunny,Day,0.03975694444444444,79.51388888888889,2.0,27.41010499994445,auto
1767922687564,Sunny,Day,0.039887152777777775,79.77430555555554,4.0,24.741129999938494,auto
1767922687598,Sunny,Day,0.04197048611111111,83.94097222222221,5.0,24.696618999996645,auto
1767922687627,Sunny,Day,0.04487847222222222,89.75694444444444,,18.66373100006058,auto
1767922687657,Sunny,Day,0.045746527777777775,91.49305555555554,,17.994029999954364,auto
1767922687692,Sunny,Day,0.043229166666666666,86.45833333333333,,24.425211999869134,auto
1767922687719,Sunny,Day,0.04210069444444445,84.2013888888889,,18.50008699989303,auto
1767922687752,Sunny,Day,0.04001736111111111,80.03472222222221,0.0,16.511164999883476,auto
1767922687782,Sunny,Day,0.04717881944444444,94.35763888888889,,21.40702799988503,auto
1767922687817,Sunny,Day,0.040190972222222225,80.38194444444446,,26.380453999991005,auto
1767922687850,Sunny,Day,0.03975694444444444,79.51388888888889,,23.141189999932976,auto
1767922687877,Sunny,Day,0.03936631944444444,78.73263888888889,-2.0,14.50998499990419,auto
1767922687908,Sunny,Day,0.04431423611111111,88.62847222222223,-1.0,22.059713999851738,auto
1767922687943,Sunny,Day,0.041102430555555555,82.20486111111111,,26.328740000053585,auto
1767922687971,Sunny,Day,0.04188368055555555,83.7673611111111,,19.340375999945536,auto
1767922688005,Sunny,Day,0.037022569444444445,74.04513888888889,3.0,24.85415199998897,auto
1767922688034,Sunny,Day,0.042578125,85.15625,,18.521812000017235,auto
1767922688064,Sunny,Day,0.04331597222222222,86.63194444444444,,21.873708999919472,auto
1767922688098,Sunny,Day,0.044487847222222224,88.97569444444444,,23.726854999949865,auto
1767922688129,Sunny,Day,0.03585069444444444,71.70138888888889,4.0,22.65308100004404,auto
1767922688160,Sunny,Day,0.042534722222222224,85.06944444444444,,18.47528100006457,auto
1767922688191,Sunny,Day,0.04474826388888889,89.49652777777779,,19.16099900017798,auto
1767922688222,Sunny,Day,0.042317708333333336,84.63541666666667,,23.48524100011673,auto
1767922688254,Sunny,Day,0.03919270833333333,78.38541666666667,,24.205084000186616,auto
1767922688286,Sunny,Day,0.041666666666666664,83.33333333333333,,23.196892999976626,auto
1767922688320,Sunny,Day,0.04140625,82.8125,,13.676866000196242,auto
1767922688349,Sunny,Day,0.039887152777777775,79.77430555555554,,18.682697000031112,auto
1767922688379,Sunny,Day,0.038411458333333336,76.82291666666667,6.0,22.13754199988216,auto
1767922688412,Sunny,Day,0.03194444444444444,63.888888888888886,7.0,25.374140999929296,auto
1767922688443,Sunny,Day,0.03802083333333333,76.04166666666666,6.0,22.229436999850805,auto
1767922688474,Sunny,Day,0.038802083333333334,77.60416666666667,,21.999284000003172,auto
1767922688507,Sunny,Day,0.037586805555555554,75.17361111111111,,24.778373000117426,auto
1767922688536,Sunny,Day,0.03376736111111111,67.53472222222221,,17.905010000049515,auto
1767922688569,Sunny,Day,0.03229166666666667,64.58333333333334,,25.20422099996722,auto
1767922688599,Sunny,Day,0.03676215277777778,73.52430555555556,,20.06179900013194,auto
1767922688631,Sunny,Day,0.03693576388888889,73.87152777777779,,13.63661300001695,auto
1767922688663,Sunny,Day,0.03576388888888889,71.52777777777777,,23.917364999988422,auto
1767922688693,Sunny,Day,0.030946180555555557,61.892361111111114,,23.168508000026122,auto
1767922688726,Sunny,Day,0.03315972222222222,66.31944444444444,,17.90449199984323,auto
1767922688757,Sunny,Day,0.03381076388888889,67.62152777777777,,23.313376000032804,auto
1767922688789,Sunny,Day,0.04040798611111111,80.81597222222223,,23.446265000075073,auto
1767922688822,Sunny,Day,0.020833333333333332,41.666666666666664,,25.006803999986005,auto
1767922688850,Sunny,Day,0.02912326388888889,58.24652777777778,0.0,19.41844500015577,auto
1767922688881,Sunny,Day,0.03485243055555556,69.70486111111111,,15.751295999962167,auto
1767922688913,Sunny,Day,0.035243055555555555,70.48611111111111,,23.44613499985826,auto
1767922688944,Sunny,Day,0.03498263888888889,69.96527777777779,,23.11720099987724,auto
1767922688977,Sunny,Day,0.035069444444444445,70.13888888888889,,25.461684999982026,auto
1767922689007,Sunny,Day,0.035980902777777775,71.96180555555554,,21.29871599981925,auto
1767922689039,Sunny,Day,0.041102430555555555,82.20486111111111,,15.975824000179273,auto
1767922689071,Sunny,Day,0.035590277777777776,71.18055555555556,3.0,23.912022000104116,auto
1767922689102,Sunny,Day,0.035416666666666666,70.83333333333333,,19.00821200001701,auto
1767922689133,Sunny,Day,0.0390625,78.125,-1.0,23.507042000119327,auto
1767922689163,Sunny,Day,0.04223090277777778,84.46180555555556,,21.09569599997485,auto
1767922689195,Sunny,Day,0.035633680555555554,71.26736111111111,,20.945197999935772,auto
1767922689227,Sunny,Day,0.034765625,69.53125,,25.250776999882873,auto
1767922689263,Sunny,Day,0.03723958333333333,74.47916666666667,,27.524050000010902,auto
1767922689290,Sunny,Day,0.043793402777777775,87.58680555555554,-4.0,17.508849000023474,auto
1767922689321,Sunny,Day,0.03806423611111111,76.12847222222221,4.0,20.793867999827853,auto
1767922689352,Sunny,Day,0.03650173611111111,73.00347222222223,1.0,18.273444999977073,auto
1767922689383,Sunny,Day,0.036675347222222224,73.35069444444444,-2.0,23.187677999885636,auto
1767922689417,Sunny,Day,0.04474826388888889,89.49652777777779,,25.89955700000246,auto
1767922689449,Sunny,Day,0.041102430555555555,82.20486111111111,-1.0,19.94887499995457,auto
1767922689478,Sunny,Day,0.03815104166666667,76.30208333333334,,20.38538800002243,auto
1767922689509,Sunny,Day,0.03637152777777778,72.74305555555556,-1.0,22.711893999940003,auto
1767922689541,Sunny,Day,0.04401041666666667,88.02083333333334,-3.0,15.386426000077336,auto
1767922689573,Sunny,Day,0.04513888888888889,90.27777777777777,,23.11346700003014,auto
1767922689604,Sunny,Day,0.04392361111111111,87.84722222222221,,22.101368999983606,auto
1767922689636,Sunny,Day,0.03875868055555556,77.51736111111111,-4.0,23.456510999949387,auto
1767922689666,Sunny,Day,0.049088541666666666,98.17708333333333,,20.74957800004995,auto
1767922689697,Sunny,Day,0.05095486111111111,100.0,,22.59542899992084,auto
1767922689731,Sunny,Day,0.04565972222222222,91.31944444444444,,24.757550999993327,auto
1767922689760,Sunny,Day,0.04192708333333333,83.85416666666666,,19.807599999921877,auto
1767922689792,Sunny,Day,0.046050347222222225,92.10069444444446,,22.83646899991254,auto
1767922689825,Sunny,Day,0.05173611111111111,100.0,,24.964760999864666,auto
1767922689855,Sunny,Day,0.05134548611111111,100.0,,20.85437699997783,auto
1767922689888,Sunny,Day,0.04474826388888889,89.49652777777779,,23.806795999917085,auto
1767922689921,Sunny,Day,0.049652777777777775,99.30555555555554,,21.906155999886323,auto
1767922689953,Sunny,Day,0.052821180555555555,100.0,,23.611655999957293,auto
1767922689980,Sunny,Day,0.05525173611111111,100.0,,19.1838349999216,auto
1767922690011,Sunny,Day,0.05147569444444444,100.0,,22.381867999911265,auto
1767922690046,Sunny,Day,0.05203993055555556,100.0,,23.00497000010182,auto
1767922690077,Sunny,Day,0.05308159722222222,100.0,,19.842471000174555,auto
1767922690106,Sunny,Day,0.05464409722222222,100.0,,19.3577049999476,auto
1767922690140,Sunny,Day,0.05633680555555556,100.0,,24.725839999973687,auto
1767922690169,Sunny,Day,0.04904513888888889,98.09027777777777,,16.26215900000716,auto
1767922690202,Sunny,Day,0.05342881944444444,100.0,,24.920293999912246,auto
1767922690232,Sunny,Day,0.05698784722222222,100.0,,21.214629999803947,auto
1767922690261,Sunny,Day,0.054427083333333334,100.0,,17.87076599998727,auto
1767922690297,Sunny,Day,0.04917534722222222,98.35069444444444,,28.188908999936757,auto
1767922690323,Sunny,Day,0.04921875,98.4375,,19.067079000024023,auto
1767922690355,Sunny,Day,0.057465277777777775,100.0,,24.61522600015087,auto
1767922690386,Sunny,Day,0.05390625,100.0,,19.912165000050663,auto
1767922690418,Sunny,Day,0.05017361111111111,100.0,,25.36724999981743,auto
1767922690451,Sunny,Day,0.05099826388888889,100.0,,26.215038000145796,auto
1767922690482,Sunny,Day,0.05269097222222222,100.0,,24.191655999857176,auto
1767922690513,Sunny,Day,0.05625,100.0,,24.141589000009844,auto
1767922690544,Sunny,Day,0.05685763888888889,100.0,,23.743792999994184,auto
1767922690575,Sunny,Day,0.04934895833333333,98.69791666666666,,25.386173000015333,auto
1767922690608,Sunny,Day,0.05603298611111111,100.0,,25.872085999935734,auto
1767922690637,Sunny,Day,0.05633680555555556,100.0,,21.52430799992544,auto
1767922690670,Sunny,Day,0.05520833333333333,100.0,,25.62932399996498,auto
1767922690702,Sunny,Day,0.04691840277777778,93.83680555555556,,28.99225800001659,manual
1767922690732,Sunny,Day,0.05416666666666667,100.0,,20.582052000008844,manual
1767922690763,Sunny,Day,0.059375,100.0,,24.82569699986925,manual
1767922690794,Sunny,Day,0.058854166666666666,100.0,,25.38178500003596,manual
1767922690826,Sunny,Day,0.0578125,100.0,,24.954066999953284,manual
1767922690859,Sunny,Day,0.05911458333333333,100.0,,26.78943900014019,manual
1767922690889,Sunny,Day,0.0625,100.0,,24.038195000002816,manual
1767922690920,Sunny,Day,0.06245659722222222,100.0,,24.045806000003722,manual
1767922690951,Sunny,Day,0.060069444444444446,100.0,,24.89868599991496,manual
1767922690985,Sunny,Day,0.05889756944444444,100.0,,25.89908300001298,manual
1767922691016,Sunny,Day,0.05954861111111111,100.0,,24.966161000065767,manual
1767922691045,Sunny,Day,0.06375868055555556,100.0,,23.229926999874806,manual
1767922691077,Sunny,Day,0.05876736111111111,100.0,,22.541004999993675,manual
1767922691108,Sunny,Day,0.05824652777777778,100.0,,24.779246999969473,manual
1767922691141,Sunny,Day,0.06158854166666667,100.0,,25.65384600006837,manual
1767922691173,Sunny,Day,0.06961805555555556,100.0,,21.833474999993996,manual
1767922691203,Sunny,Day,0.06922743055555555,100.0,,22.161595999932615,manual
1767922691234,Sunny,Day,0.06953125,100.0,,24.828370000022915,manual
1767922691265,Sunny,Day,0.07795138888888889,100.0,,24.62786099999903,manual
1767922691297,Sunny,Day,0.08185763888888889,100.0,,25.23536800003967,manual
1767922691331,Sunny,Day,0.08333333333333333,100.0,,28.30938200008859,manual
1767922691359,Sunny,Day,0.08589409722222222,100.0,,22.000525999828824,manual
1767922691391,Sunny,Day,0.09470486111111111,100.0,,25.098813000113296,manual
1767922691424,Sunny,Day,0.10308159722222222,100.0,,25.34105700010514,manual
1767922691453,Sunny,Day,0.11041666666666666,100.0,,23.17634199994245,manual
1767922691486,Sunny,Day,0.12204861111111111,100.0,,25.727706999987277,manual
1767922691516,Sunny,Day,0.12452256944444444,100.0,,24.369581999962975,manual
1767922691548,Sunny,Day,0.14184027777777777,100.0,,25.230610000107845,manual
1767922691580,Sunny,Day,0.15746527777777777,100.0,,28.785018000007767,manual
1767922691611,Sunny,Day,0.16792534722222222,100.0,,21.35522700018555,manual
1767922691642,Sunny,Day,0.17022569444444444,100.0,,24.193198999910237,manual
1767922691676,Sunny,Day,0.1959201388888889,100.0,,30.52053400006116,manual
1767922691706,Sunny,Day,0.20325520833333333,100.0,,25.363460999869858,manual
1767922691736,Sunny,Day,0.21801215277777777,100.0,,25.65697599993655,manual
1767922691768,Sunny,Day,0.22964409722222223,100.0,,22.998384999937116,manual
1767922691799,Sunny,Day,0.24184027777777778,100.0,,28.574418000061996,manual
1767922691834,Sunny,Day,0.25611979166666665,100.0,,26.54351899991525,manual
1767922691862,Sunny,Day,0.2671875,100.0,,24.300647000018216,manual
1767922691893,Sunny,Day,0.2625,100.0,,26.300700000092547,manual
1767922691925,Sunny,Day,0.26840277777777777,100.0,,21.7942030001268,manual
1767922691956,Sunny,Day,0.2691840277777778,100.0,,28.149958999847513,manual
1767922691989,Sunny,Day,0.27921006944444443,100.0,,28.068785999948886,manual
1767922692019,Sunny,Day,0.2802951388888889,100.0,,21.01813200010838,manual
1767922692050,Sunny,Day,0.2808159722222222,100.0,,27.302474999942206,manual
1767922692083,Sunny,Day,0.2900173611111111,100.0,,24.378440999953455,manual
1767922692113,Sunny,Day,0.2979600694444444,100.0,-15.0,25.212638000084553,manual
1767922692145,Sunny,Day,0.30125868055555555,100.0,-16.0,22.70160099988061,manual
1767922692176,Sunny,Day,0.3092447916666667,100.0,-16.0,24.538177000067662,manual
1767922692207,Sunny,Day,0.32222222222222224,100.0,-17.0,25.480101000084687,manual
1767922692239,Sunny,Day,0.3353298611111111,100.0,-18.0,25.059493000071598,manual
1767922692270,Sunny,Day,0.34348958333333335,100.0,-20.0,24.715095999908954,manual
1767922692301,Sunny,Day,0.3502604166666667,100.0,-19.0,23.901747999843792,manual
1767922692333,Sunny,Day,0.36953125,100.0,-17.0,28.19570199994814,manual
1767922692364,Sunny,Day,0.3763888888888889,100.0,-21.0,22.72541199999978,manual
1767922692396,Sunny,Day,0.3744357638888889,100.0,-20.0,25.5091149999771,manual
1767922692427,Sunny,Day,0.3700086805555556,100.0,-24.0,24.580392999951073,manual
1767922692458,Sunny,Day,0.3665364583333333,100.0,-25.0,23.742158000004565,manual
1767922692490,Sunny,Day,0.37313368055555557,100.0,-27.0,25.14242600000216,manual
1767922692521,Sunny,Day,0.3784722222222222,100.0,-21.0,24.711003999982495,manual
1767922692553,Sunny,Day,0.36514756944444443,100.0,-30.0,25.378614999908677,manual
1767922692584,Sunny,Day,0.3617621527777778,100.0,-32.0,24.538305999840304,manual
1767922692615,Sunny,Day,0.36028645833333334,100.0,-33.0,25.08611899997959,manual
1767922692648,Sunny,Day,0.3644965277777778,100.0,-35.0,26.345072999902186,manual
1767922692678,Sunny,Day,0.36345486111111114,100.0,-35.0,23.48156499988363,manual
1767922692710,Sunny,Day,0.36141493055555557,100.0,-36.0,25.213359999952445,manual
1767922692741,Sunny,Day,0.3489583333333333,100.0,,24.629645999993954,manual
1767922692772,Sunny,Day,0.3454861111111111,100.0,,24.63762599995789,manual
1767922692805,Sunny,Day,0.34943576388888886,100.0,,26.967003999970984,manual
1767922692835,Sunny,Day,0.34965277777777776,100.0,,21.21314199985136,manual
1767922692867,Sunny,Day,0.33988715277777776,100.0,,24.04700499982937,manual
1767922692898,Sunny,Day,0.34162326388888886,100.0,,23.358564999853115,manual
1767922692931,Sunny,Day,0.33993055555555557,100.0,,26.03848600006131,manual
1767922692961,Sunny,Day,0.339453125,100.0,,21.83042599995133,manual
1767922692992,Sunny,Day,0.3396267361111111,100.0,,24.8156380000637,manual
1767922693023,Sunny,Day,0.3408420138888889,100.0,,20.47925099986969,manual
1767922693055,Sunny,Day,0.3477864583333333,100.0,,23.96944900010567,manual
1767922693086,Sunny,Day,0.3463107638888889,100.0,,25.423856000088563,manual
1767922693118,Sunny,Day,0.3355034722222222,100.0,,24.61160000007112,manual
1767922693150,Sunny,Day,0.33671875,100.0,,25.40158200008591,manual
1767922693180,Sunny,Day,0.34405381944444446,100.0,,24.36089399998309,manual
1767922693212,Sunny,Day,0.3430121527777778,100.0,,25.70587299987892,manual
1767922693244,Sunny,Day,0.3394097222222222,100.0,,24.726509999936752,manual
1767922693274,Sunny,Day,0.3293402777777778,100.0,,24.59095399990474,manual
1767922693306,Sunny,Day,0.3313802083333333,100.0,,25.08673700003783,manual
1767922693338,Sunny,Day,0.3391927083333333,100.0,,25.554930999987846,manual
1767922693369,Sunny,Day,0.3314670138888889,100.0,,24.194307000016124,manual
1767922693400,Sunny,Day,0.32417534722222224,100.0,,24.360227999977724,manual
1767922693434,Sunny,Day,0.3265625,100.0,,24.096672000041508,manual
1767922693465,Sunny,Day,0.33125,100.0,,24.620801999844844,manual
1767922693494,Sunny,Day,0.32157118055555556,100.0,,22.443457999997918,manual
1767922693526,Sunny,Day,0.3121527777777778,100.0,,24.68792200011194,manual
1767922693557,Sunny,Day,0.31158854166666666,100.0,,24.281756999926074,manual
1767922693589,Sunny,Day,0.313671875,100.0,,23.952710000003208,manual
1767922693620,Sunny,Day,0.31063368055555557,100.0,,24.832994000007602,manual
1767922693652,Sunny,Day,0.30147569444444444,100.0,,21.03530299996237,manual
1767922693683,Sunny,Day,0.2944878472222222,100.0,,24.91459499992743,manual
1767922693714,Sunny,Day,0.3025173611111111,100.0,,24.67099899990899,manual
1767922693746,Sunny,Day,0.305859375,100.0,,20.551649000026373,manual
1767922693777,Sunny,Day,0.28815104166666666,100.0,,24.35502399998768,manual
1767922693808,Sunny,Day,0.28324652777777776,100.0,,23.109883000188347,manual
1767922693841,Sunny,Day,0.27881944444444445,100.0,,26.487078000172914,manual
1767922693871,Sunny,Day,0.28107638888888886,100.0,,21.363293999911548,manual
1767922693903,Sunny,Day,0.2744357638888889,100.0,,24.56375399992794,manual
1767922693935,Sunny,Day,0.26371527777777776,100.0,,25.710315999958766,manual
1767922693966,Sunny,Day,0.2633246527777778,100.0,,25.140340999996624,manual
1767922693997,Sunny,Day,0.26362847222222224,100.0,,23.746572000163724,manual
1767922694028,Sunny,Day,0.2605034722222222,100.0,,25.157679000130884,manual
1767922694059,Sunny,Day,0.25212673611111114,100.0,,24.833076000049914,manual
1767922694092,Sunny,Day,0.24388020833333332,100.0,,26.331367000011596,manual
1767922694122,Sunny,Day,0.251171875,100.0,,26.616901999886977,manual
1767922694154,Sunny,Day,0.24318576388888888,100.0,,22.10364200004733,manual
1767922694186,Sunny,Day,0.24058159722222222,100.0,,25.77255599999262,manual
1767922694216,Sunny,Day,0.24162326388888888,100.0,,24.018690000048082,manual
1767922694250,Sunny,Day,0.24227430555555557,100.0,,27.336485999967408,manual
1767922694279,Sunny,Day,0.23424479166666667,100.0,,22.26582299999791,manual
1767922694311,Sunny,Day,0.2328559027777778,100.0,97.0,24.556243999995786,manual
1767922694342,Sunny,Day,0.2302951388888889,100.0,92.0,23.37087200021415,manual
1767922694374,Sunny,Day,0.22769097222222223,100.0,93.0,23.636002000102962,manual
1767922694405,Sunny,Day,0.2286892361111111,100.0,92.0,23.876172999962364,manual
1767922694438,Sunny,Day,0.227734375,100.0,90.0,25.496686999986196,manual
1767922694467,Sunny,Day,0.214453125,100.0,,21.09698499998558,manual
1767922694499,Sunny,Day,0.2211371527777778,100.0,88.0,24.82518900001196,manual
1767922694531,Sunny,Day,0.22513020833333333,100.0,87.0,26.073625999970318,manual
1767922694562,Sunny,Day,0.2224392361111111,100.0,86.0,22.968150999986392,manual
1767922694593,Sunny,Day,0.21927083333333333,100.0,84.0,24.39104499990208,manual
1767922694625,Sunny,Day,0.21059027777777778,100.0,82.0,24.22230899992428,manual
1767922694656,Sunny,Day,0.2144097222222222,100.0,79.0,24.405265000041254,manual
1767922694689,Sunny,Day,0.21401909722222223,100.0,81.0,26.34793900006116,manual
1767922694719,Sunny,Day,0.20412326388888888,100.0,75.0,21.267888000011226,manual
1767922694752,Sunny,Day,0.20221354166666666,100.0,77.0,23.35313399998995,manual
1767922694782,Sunny,Day,0.2064236111111111,100.0,72.0,17.384132999950452,manual
1767922694813,Sunny,Day,0.2165798611111111,100.0,74.0,23.389350999877934,manual
1767922694845,Sunny,Day,0.21432291666666667,100.0,73.0,24.73477500006993,manual
1767922694878,Sunny,Day,0.2133246527777778,100.0,79.0,25.71936000003916,manual
1767922694907,Sunny,Day,0.20286458333333332,100.0,-22.0,21.89241199994285,manual
1767922694939,Sunny,Day,0.19613715277777777,100.0,65.0,24.825096000085978,manual
1767922694970,Sunny,Day,0.19644097222222223,100.0,71.0,24.39845100002458,manual
1767922695001,Sunny,Day,0.18828125,100.0,68.0,23.846398999921803,manual
1767922695033,Sunny,Day,0.1857204861111111,100.0,60.0,21.713831999932154,manual
1767922695065,Sunny,Day,0.17799479166666668,100.0,62.0,25.47386500009452,manual
1767922695096,Sunny,Day,0.17139756944444445,100.0,58.0,24.34998400008226,manual
1767922695127,Sunny,Day,0.1712673611111111,100.0,56.0,19.64497099993423,manual
1767922695158,Sunny,Day,0.16137152777777777,100.0,53.0,24.654700999917623,manual
1767922695191,Sunny,Day,0.15855034722222222,100.0,49.0,25.773045000050843,manual
1767922695221,Sunny,Day,0.16284722222222223,100.0,49.0,21.802763999858144,manual
1767922695257,Sunny,Day,0.1541232638888889,100.0,44.0,28.71163700001489,manual
1767922695289,Sunny,Day,0.15143229166666666,100.0,42.0,22.16851000002862,manual
1767922695319,Sunny,Day,0.1482204861111111,100.0,40.0,20.283235000079003,manual
1767922695354,Sunny,Day,0.1431857638888889,100.0,37.0,24.77571999997963,manual
1767922695381,Sunny,Day,0.14066840277777778,100.0,35.0,19.55333699993389,manual
1767922695415,Sunny,Day,0.13741319444444444,100.0,32.0,25.289982000003874,manual
1767922695443,Sunny,Day,0.1332465277777778,100.0,29.0,19.671431000006123,manual
1767922695475,Sunny,Day,0.12942708333333333,100.0,28.0,23.458108000113498,manual
1767922695507,Sunny,Day,0.12734375,100.0,25.0,23.978793999958725,manual
1767922695537,Sunny,Day,0.1251736111111111,100.0,23.0,22.36485299999913,manual
1767922695570,Sunny,Day,0.11957465277777778,100.0,20.0,21.546540999906938,manual
1767922695601,Sunny,Day,0.11987847222222223,100.0,17.0,22.33274600007462,manual
1767922695633,Sunny,Day,0.11467013888888888,100.0,15.0,19.850349999842365,manual
1767922695663,Sunny,Day,0.11458333333333333,100.0,12.0,21.672300999853178,manual
1767922695695,Sunny,Day,0.11276041666666667,100.0,9.0,21.66713500014339,manual
1767922695726,Sunny,Day,0.1072048611111111,100.0,8.0,19.514286000003267,manual
1767922695757,Sunny,Day,0.10824652777777778,100.0,13.0,22.832342999890898,manual
1767922695790,Sunny,Day,0.10924479166666666,100.0,12.0,23.5555019999083,manual
1767922695820,Sunny,Day,0.1046875,100.0,9.0,21.875051000051826,manual
1767922695852,Sunny,Day,0.10789930555555556,100.0,8.0,24.28456699999515,manual
1767922695884,Sunny,Day,0.10868055555555556,100.0,8.0,18.71065700015606,manual
1767922695915,Sunny,Day,0.10972222222222222,100.0,6.0,22.50264799999968,manual
1767922695946,Sunny,Day,0.10907118055555555,100.0,4.0,22.754446999897482,manual
1767922695977,Sunny,Day,0.10924479166666666,100.0,3.0,23.179776999995738,manual
1767922696009,Sunny,Day,0.11046006944444445,100.0,1.0,20.13233200000286,manual
1767922696039,Sunny,Day,0.10638020833333334,100.0,-1.0,21.72317000008661,manual
1767922696072,Sunny,Day,0.10403645833333333,100.0,-3.0,24.33215999985805,manual
1767922696104,Sunny,Day,0.10286458333333333,100.0,-5.0,23.676621000049636,manual
1767922696135,Sunny,Day,0.10069444444444445,100.0,-7.0,22.121633000097063,manual
1767922696166,Sunny,Day,0.09756944444444444,100.0,-9.0,23.438320999957796,manual
1767922696197,Sunny,Day,0.09557291666666666,100.0,-12.0,22.481434999917838,manual
1767922696228,Sunny,Day,0.09375,100.0,-14.0,19.351500000084343,manual
1767922696260,Sunny,Day,0.09114583333333333,100.0,-16.0,23.901404999833176,manual
1767922696292,Sunny,Day,0.09097222222222222,100.0,-18.0,21.470797999882052,manual
1767922696325,Sunny,Day,0.08884548611111111,100.0,-20.0,29.10455300002468,manual
1767922696354,Sunny,Day,0.08836805555555556,100.0,-22.0,16.93376100001842,manual
1767922696385,Sunny,Day,0.08871527777777778,100.0,-22.0,22.977144999913435,manual
1767922696417,Sunny,Day,0.08901909722222222,100.0,-22.0,22.794929000156117,manual
1767922696448,Sunny,Day,0.08949652777777778,100.0,-22.0,22.415425999952276,manual
1767922696481,Sunny,Day,0.08893229166666666,100.0,-22.0,25.294747999851097,manual
1767922696511,Sunny,Day,0.08923611111111111,100.0,-22.0,20.162460999927134,manual
1767922696545,Sunny,Day,0.08875868055555555,100.0,-22.0,25.027748999946198,manual
1767922696574,Sunny,Day,0.08914930555555556,100.0,-22.0,20.49330399995597,manual
1767922696606,Sunny,Day,0.08901909722222222,100.0,-22.0,23.69597100005194,manual
1767922696637,Sunny,Day,0.08880208333333334,100.0,-22.0,18.897265999839874,manual
1767922696668,Sunny,Day,0.08893229166666666,100.0,-22.0,21.233922999954302,manual
1767922696699,Sunny,Day,0.08897569444444445,100.0,-22.0,21.58794799993302,manual
1767922696730,Sunny,Day,0.08897569444444445,100.0,-22.0,22.62348999988717,manual
1767922696762,Sunny,Day,0.08871527777777778,100.0,-22.0,22.410056999888184,manual
1767922696793,Sunny,Day,0.08875868055555555,100.0,-22.0,23.45244899993304,manual
1767922696825,Sunny,Day,0.08880208333333334,100.0,-22.0,23.7142829998902,manual
1767922696858,Sunny,Day,0.08875868055555555,100.0,-22.0,24.409260000084032,manual
1767922696887,Sunny,Day,0.08884548611111111,100.0,-22.0,20.457419999956983,manual
1767922696918,Sunny,Day,0.08849826388888889,100.0,-22.0,23.365553000076034,manual
1767922696952,Sunny,Day,0.08884548611111111,100.0,-22.0,25.221314999953393,manual
1767922696982,Sunny,Day,0.08875868055555555,100.0,-22.0,21.172117000105573,manual
1767922697013,Sunny,Day,0.08884548611111111,100.0,-22.0,22.796099000061076,manual
1767922697046,Sunny,Day,0.08875868055555555,100.0,-22.0,22.307392000129767,manual
1767922697075,Sunny,Day,0.08880208333333334,100.0,-22.0,21.035642000015287,manual
1767922697109,Sunny,Day,0.08880208333333334,100.0,-22.0,24.69719000009718,manual
1767922697138,Sunny,Day,0.08901909722222222,100.0,-22.0,20.812599000009868,manual
1767922697172,Sunny,Day,0.08880208333333334,100.0,-22.0,25.34813799979929,manual
1767922697202,Sunny,Day,0.08862847222222223,100.0,-22.0,21.920833999956812,manual
1767922697234,Sunny,Day,0.08880208333333334,100.0,-22.0,22.50053200009461,manual
1767922697265,Sunny,Day,0.08871527777777778,100.0,-22.0,22.392416999991838,manual
