Timestamp,Weather,Time of Day,Mask White Ratio,Lane Quality Score,Lane Error,Processing Time (ms),Mode
1767942118896,Sunny,Day,0.10095486111111111,100.0,4.0,431.4454100003786,manual
1767942119192,Sunny,Day,0.09986979166666667,100.0,4.0,3.1026250003378664,manual
1767942119212,Sunny,Day,0.09973958333333334,100.0,4.0,16.762194999955682,manual
1767942119243,Sunny,Day,0.10078125,100.0,4.0,3.446232999976928,manual
1767942119272,Sunny,Day,0.10060763888888889,100.0,4.0,19.052018000365933,manual
1767942119304,Sunny,Day,0.10056423611111111,100.0,4.0,22.190195999883144,manual
1767942119335,Sunny,Day,0.101171875,100.0,4.0,24.77476000012757,manual
1767942119365,Sunny,Day,0.1015625,100.0,3.0,26.388437999685266,manual
1767942119397,Sunny,Day,0.10130208333333333,100.0,3.0,27.070895999713684,manual
1767942119428,Sunny,Day,0.10112847222222222,100.0,3.0,26.527078000071924,manual
1767942119460,Sunny,Day,0.10143229166666666,100.0,3.0,23.653086999729567,manual
1767942119491,Sunny,Day,0.10151909722222222,100.0,3.0,26.702122999722633,manual
1767942119522,Sunny,Day,0.10190972222222222,100.0,3.0,26.271982000253047,manual
1767942119554,Sunny,Day,0.10108506944444444,100.0,3.0,26.88342700002977,manual
1767942119585,Sunny,Day,0.1013454861111111,100.0,3.0,26.71989999998914,manual
1767942119618,Sunny,Day,0.101171875,100.0,3.0,23.85785299975396,manual
1767942119649,Sunny,Day,0.10164930555555556,100.0,3.0,27.044491000197013,manual
1767942119679,Sunny,Day,0.10173611111111111,100.0,3.0,25.003504999858706,manual
1767942119712,Sunny,Day,0.10125868055555555,100.0,3.0,24.281623999740987,manual
1767942119743,Sunny,Day,0.10082465277777777,100.0,3.0,25.81249199965896,manual
1767942119773,Sunny,Day,0.101171875,100.0,3.0,26.39186399983373,manual
1767942119805,Sunny,Day,0.10073784722222222,100.0,3.0,26.873316000092018,manual
1767942119836,Sunny,Day,0.10121527777777778,100.0,3.0,26.837836999675346,manual
1767942119867,Sunny,Day,0.10099826388888888,100.0,3.0,26.827986000171222,manual
1767942119899,Sunny,Day,0.10143229166666666,100.0,3.0,27.36126800027705,manual
1767942119931,Sunny,Day,0.10104166666666667,100.0,3.0,26.433066000208782,manual
1767942119962,Sunny,Day,0.10099826388888888,100.0,3.0,26.559632000044076,manual
1767942119995,Sunny,Day,0.10095486111111111,100.0,3.0,28.712667000036163,manual
1767942120025,Sunny,Day,0.10095486111111111,100.0,3.0,25.416815999960818,manual
1767942120057,Sunny,Day,0.101171875,100.0,4.0,26.8590249997942,manual
1767942120089,Sunny,Day,0.1015625,100.0,3.0,25.407650000033755,manual
1767942120119,Sunny,Day,0.10069444444444445,100.0,3.0,25.102466000134882,manual
1767942120150,Sunny,Day,0.10078125,100.0,3.0,27.088232999631146,manual
1767942120181,Sunny,Day,0.10130208333333333,100.0,3.0,26.69444299999668,manual
1767942120213,Sunny,Day,0.1013454861111111,100.0,3.0,26.925075999770343,manual
1767942120244,Sunny,Day,0.10151909722222222,100.0,3.0,26.815360999989934,manual
1767942120276,Sunny,Day,0.10082465277777777,100.0,3.0,26.996090000011463,manual
1767942120308,Sunny,Day,0.10130208333333333,100.0,3.0,28.137427999809006,manual
1767942120339,Sunny,Day,0.10112847222222222,100.0,3.0,25.81538399999772,manual
1767942120370,Sunny,Day,0.10125868055555555,100.0,3.0,27.081993000138027,manual
1767942120404,Sunny,Day,0.10065104166666666,100.0,3.0,29.635558999871137,manual
1767942120434,Sunny,Day,0.10091145833333333,100.0,3.0,24.847037000199634,manual
1767942120466,Sunny,Day,0.10151909722222222,100.0,3.0,28.016027999910875,manual
1767942120496,Sunny,Day,0.10112847222222222,100.0,3.0,24.99197199995251,manual
1767942120529,Sunny,Day,0.10095486111111111,100.0,3.0,28.948378000222874,manual
1767942120559,Sunny,Day,0.10078125,100.0,3.0,25.599639000120078,manual
1767942120590,Sunny,Day,0.10125868055555555,100.0,3.0,25.007340999763983,manual
1767942120624,Sunny,Day,0.10108506944444444,100.0,3.0,29.72162700007175,manual
1767942120654,Sunny,Day,0.10099826388888888,100.0,3.0,23.79963700013832,manual
1767942120684,Sunny,Day,0.10052083333333334,100.0,3.0,25.387817999671825,manual
1767942120716,Sunny,Day,0.10130208333333333,100.0,3.0,27.580443000260857,manual
1767942120747,Sunny,Day,0.10099826388888888,100.0,3.0,26.47427100009736,manual
1767942120778,Sunny,Day,0.10086805555555556,100.0,3.0,26.46097499973621,manual
1767942120812,Sunny,Day,0.10095486111111111,100.0,3.0,26.705422999839357,manual
1767942120841,Sunny,Day,0.10086805555555556,100.0,3.0,24.148617000264494,manual
1767942120874,Sunny,Day,0.10082465277777777,100.0,3.0,27.6048499999888,manual
1767942120904,Sunny,Day,0.10121527777777778,100.0,3.0,25.312821999705193,manual
1767942120935,Sunny,Day,0.10078125,100.0,3.0,26.68844200024978,manual
1767942120967,Sunny,Day,0.10125868055555555,100.0,3.0,27.17130199971507,manual
1767942120998,Sunny,Day,0.10108506944444444,100.0,3.0,20.738101999995706,manual
1767942121029,Sunny,Day,0.10164930555555556,100.0,3.0,26.003506000051857,manual
1767942121063,Sunny,Day,0.10130208333333333,100.0,3.0,29.16068400008953,manual
1767942121092,Sunny,Day,0.101171875,100.0,3.0,22.984524000094098,manual
1767942121124,Sunny,Day,0.10147569444444444,100.0,3.0,23.509678000209533,manual
1767942121156,Sunny,Day,0.1013454861111111,100.0,3.0,25.576606999948126,manual
1767942121187,Sunny,Day,0.10143229166666666,100.0,3.0,19.30258100037463,manual
1767942121219,Sunny,Day,0.10086805555555556,100.0,3.0,27.035037000132434,manual
1767942121250,Sunny,Day,0.10143229166666666,100.0,3.0,25.681304000045202,manual
1767942121283,Sunny,Day,0.1013454861111111,100.0,3.0,28.16850399995019,manual
1767942121312,Sunny,Day,0.10112847222222222,100.0,3.0,25.03101100001004,manual
1767942121344,Sunny,Day,0.10095486111111111,100.0,3.0,26.27061999965008,manual
1767942121375,Sunny,Day,0.10086805555555556,100.0,3.0,25.485538999873825,manual
1767942121408,Sunny,Day,0.10091145833333333,100.0,3.0,28.985268999804248,manual
1767942121438,Sunny,Day,0.10130208333333333,100.0,3.0,24.619406000056188,manual
1767942121469,Sunny,Day,0.10078125,100.0,3.0,26.5464920003069,manual
1767942121500,Sunny,Day,0.10082465277777777,100.0,3.0,26.775830000133283,manual
1767942121534,Sunny,Day,0.10047743055555555,100.0,3.0,28.602644000329747,manual
1767942121565,Sunny,Day,0.10091145833333333,100.0,3.0,26.187366000158363,manual
1767942121595,Sunny,Day,0.10086805555555556,100.0,3.0,25.4969450002136,manual
1767942121627,Sunny,Day,0.10082465277777777,100.0,3.0,27.28239099997154,manual
1767942121660,Sunny,Day,0.10086805555555556,100.0,4.0,26.33981999997559,manual
1767942121691,Sunny,Day,0.10095486111111111,100.0,3.0,23.66359300003751,manual
1767942121722,Sunny,Day,0.10091145833333333,100.0,3.0,26.53197400013596,manual
1767942121753,Sunny,Day,0.10091145833333333,100.0,3.0,19.50158800036661,manual
1767942121783,Sunny,Day,0.10047743055555555,100.0,3.0,25.463761999617418,manual
1767942121814,Sunny,Day,0.10052083333333334,100.0,3.0,26.759201000004396,manual
1767942121846,Sunny,Day,0.10021701388888889,100.0,3.0,26.666761999877053,manual
1767942121878,Sunny,Day,0.10065104166666666,100.0,3.0,25.354842000069766,manual
1767942121908,Sunny,Day,0.10078125,100.0,3.0,25.76694699973814,manual
1767942121942,Sunny,Day,0.10104166666666667,100.0,3.0,28.919403000145394,manual
1767942121974,Sunny,Day,0.10112847222222222,100.0,3.0,23.93994800013388,manual
1767942122003,Sunny,Day,0.10078125,100.0,3.0,15.330898000229354,manual
1767942122035,Sunny,Day,0.10060763888888889,100.0,3.0,27.150589000029868,manual
1767942122065,Sunny,Day,0.10069444444444445,100.0,3.0,26.34067500002857,manual
1767942122100,Sunny,Day,0.10069444444444445,100.0,3.0,28.792933000204357,manual
1767942122128,Sunny,Day,0.10078125,100.0,3.0,24.078591000034066,manual
1767942122160,Sunny,Day,0.10034722222222223,100.0,3.0,26.854291999825364,manual
1767942122191,Sunny,Day,0.10026041666666667,100.0,4.0,26.129909999781376,manual
1767942122222,Sunny,Day,0.10056423611111111,100.0,3.0,26.22140399989803,manual
1767942122255,Sunny,Day,0.10052083333333334,100.0,3.0,28.422881000096822,manual
1767942122288,Sunny,Day,0.100390625,100.0,3.0,27.58265400007076,manual
1767942122321,Sunny,Day,0.10004340277777778,100.0,4.0,28.165767000245978,manual
1767942122351,Sunny,Day,0.10073784722222222,100.0,3.0,24.693329999990965,manual
1767942122382,Sunny,Day,0.10060763888888889,100.0,3.0,25.454320999870106,manual
1767942122413,Sunny,Day,0.10065104166666666,100.0,3.0,26.170240999817906,manual
1767942122444,Sunny,Day,0.10078125,100.0,3.0,25.845612000011897,manual
1767942122477,Sunny,Day,0.10082465277777777,100.0,3.0,27.10631399986596,manual
1767942122509,Sunny,Day,0.10052083333333334,100.0,3.0,27.007189999949333,manual
1767942122540,Sunny,Day,0.10043402777777778,100.0,3.0,24.783343999843055,manual
1767942122571,Sunny,Day,0.10082465277777777,100.0,3.0,25.15695100009907,manual
1767942122602,Sunny,Day,0.10026041666666667,100.0,3.0,25.805781000144634,manual
1767942122633,Sunny,Day,0.10078125,100.0,3.0,25.379733000136184,manual
1767942122665,Sunny,Day,0.10091145833333333,100.0,3.0,25.522318000184896,manual
1767942122696,Sunny,Day,0.10112847222222222,100.0,3.0,26.01647299979959,manual
1767942122727,Sunny,Day,0.10065104166666666,100.0,3.0,23.549159999674885,manual
1767942122760,Sunny,Day,0.10052083333333334,100.0,3.0,27.940763000060542,manual
1767942122792,Sunny,Day,0.10082465277777777,100.0,3.0,21.538818999943032,manual
1767942122821,Sunny,Day,0.10082465277777777,100.0,3.0,22.225091999644064,manual
1767942122855,Sunny,Day,0.10095486111111111,100.0,3.0,24.690923999969527,manual
1767942122885,Sunny,Day,0.10095486111111111,100.0,3.0,19.983117000265338,manual
1767942122919,Sunny,Day,0.10095486111111111,100.0,3.0,25.691213999834872,manual
1767942122946,Sunny,Day,0.10099826388888888,100.0,3.0,21.68521800012968,manual
1767942122979,Sunny,Day,0.10082465277777777,100.0,3.0,27.63487400034137,manual
1767942123009,Sunny,Day,0.10069444444444445,100.0,3.0,23.192959999960294,manual
1767942123043,Sunny,Day,0.10095486111111111,100.0,3.0,28.29802299993389,manual
1767942123074,Sunny,Day,0.10091145833333333,100.0,3.0,25.430938000226888,manual
1767942123104,Sunny,Day,0.10099826388888888,100.0,3.0,24.362947000099666,manual
1767942123135,Sunny,Day,0.10060763888888889,100.0,3.0,25.201821999871754,manual
1767942123167,Sunny,Day,0.10078125,100.0,4.0,26.911051000297448,manual
1767942123198,Sunny,Day,0.10065104166666666,100.0,3.0,25.67958899999212,manual
1767942123230,Sunny,Day,0.10086805555555556,100.0,3.0,25.99312500024098,manual
1767942123261,Sunny,Day,0.10099826388888888,100.0,3.0,25.314258999969752,manual
1767942123294,Sunny,Day,0.10060763888888889,100.0,4.0,26.875368999753846,manual
1767942123327,Sunny,Day,0.101171875,100.0,3.0,29.224206999970193,auto
1767942123356,Sunny,Day,0.10112847222222222,100.0,4.0,21.968944000036572,auto
1767942123387,Sunny,Day,0.100390625,100.0,4.0,25.84380100006456,auto
1767942123418,Sunny,Day,0.10095486111111111,100.0,4.0,24.737017000006745,auto
1767942123447,Sunny,Day,0.10065104166666666,100.0,4.0,22.450285000104486,auto
1767942123480,Sunny,Day,0.101953125,100.0,4.0,27.914379000321787,auto
1767942123510,Sunny,Day,0.10086805555555556,100.0,3.0,25.708661999942706,auto
1767942123544,Sunny,Day,0.0998263888888889,100.0,3.0,28.382165000039095,auto
1767942123574,Sunny,Day,0.09991319444444445,100.0,3.0,25.731197999903088,auto
1767942123604,Sunny,Day,0.09991319444444445,100.0,3.0,25.12186300009489,auto
1767942123635,Sunny,Day,0.10047743055555555,100.0,3.0,25.958497999909014,auto
1767942123667,Sunny,Day,0.10060763888888889,100.0,3.0,26.080897999690933,auto
1767942123698,Sunny,Day,0.10065104166666666,100.0,3.0,26.019402000201808,auto
1767942123732,Sunny,Day,0.1017795138888889,100.0,3.0,27.610768000158714,auto
1767942123761,Sunny,Day,0.10173611111111111,100.0,3.0,25.040478999926563,auto
1767942123792,Sunny,Day,0.10164930555555556,100.0,3.0,25.788897999973415,auto
1767942123824,Sunny,Day,0.10160590277777778,100.0,3.0,26.53088899978684,auto
1767942123857,Sunny,Day,0.10190972222222222,100.0,3.0,26.365695000095002,auto
1767942123888,Sunny,Day,0.10164930555555556,100.0,3.0,26.58716399992045,auto
1767942123918,Sunny,Day,0.10243055555555555,100.0,3.0,24.448516000120435,auto
1767942123949,Sunny,Day,0.10234375,100.0,2.0,26.571756999601348,auto
1767942123983,Sunny,Day,0.10208333333333333,100.0,2.0,28.574709999702463,auto
1767942124013,Sunny,Day,0.10295138888888888,100.0,2.0,25.778898999760713,auto
1767942124044,Sunny,Day,0.10364583333333334,100.0,2.0,25.719867999669077,auto
1767942124075,Sunny,Day,0.10334201388888889,100.0,2.0,26.402363999750378,auto
1767942124106,Sunny,Day,0.10342881944444444,100.0,3.0,25.94191000025603,auto
1767942124140,Sunny,Day,0.10386284722222222,100.0,3.0,28.761813000073744,auto
1767942124169,Sunny,Day,0.103515625,100.0,3.0,24.58688099977735,auto
1767942124200,Sunny,Day,0.10364583333333334,100.0,3.0,26.589055999920674,auto
1767942124232,Sunny,Day,0.104296875,100.0,2.0,26.459971999884146,auto
1767942124263,Sunny,Day,0.10438368055555555,100.0,-11.0,26.474821999727283,auto
1767942124295,Sunny,Day,0.103515625,100.0,2.0,27.343583999936527,auto
1767942124326,Sunny,Day,0.10303819444444444,100.0,-11.0,26.268186999914178,auto
1767942124358,Sunny,Day,0.1052517361111111,100.0,-11.0,25.802956000006816,auto
1767942124391,Sunny,Day,0.10516493055555555,100.0,-10.0,28.265121000004,auto
1767942124424,Sunny,Day,0.10642361111111111,100.0,-9.0,28.047134000189544,auto
1767942124453,Sunny,Day,0.10876736111111111,100.0,-7.0,23.73682200004623,auto
1767942124483,Sunny,Day,0.11163194444444445,100.0,-5.0,25.70361000016419,auto
1767942124515,Sunny,Day,0.11584201388888889,100.0,-4.0,26.784877999944,auto
1767942124548,Sunny,Day,0.11688368055555555,100.0,-2.0,28.52286400002413,auto
1767942124577,Sunny,Day,0.117578125,100.0,-1.0,24.55006800028059,auto
1767942124609,Sunny,Day,0.11866319444444444,100.0,0.0,26.539503999629233,auto
1767942124640,Sunny,Day,0.11870659722222222,100.0,1.0,26.655385000140086,auto
1767942124671,Sunny,Day,0.11857638888888888,100.0,1.0,26.390494000224862,auto
1767942124704,Sunny,Day,0.11744791666666667,100.0,1.0,27.869051999914518,auto
1767942124735,Sunny,Day,0.11723090277777778,100.0,1.0,25.375167000220245,auto
1767942124766,Sunny,Day,0.11475694444444444,100.0,1.0,26.576297000246996,auto
1767942124797,Sunny,Day,0.11744791666666667,100.0,1.0,24.212681999870256,auto
1767942124830,Sunny,Day,0.11566840277777778,100.0,2.0,20.88021600002321,auto
1767942124861,Sunny,Day,0.11653645833333333,100.0,2.0,25.294801000200096,auto
1767942124892,Sunny,Day,0.11458333333333333,100.0,2.0,26.239095999699202,auto
1767942124923,Sunny,Day,0.11458333333333333,100.0,2.0,26.03025600001274,auto
1767942124956,Sunny,Day,0.11423611111111111,100.0,2.0,28.596176000064588,auto
1767942124986,Sunny,Day,0.114453125,100.0,3.0,24.741557000197645,auto
1767942125017,Sunny,Day,0.11297743055555555,100.0,2.0,26.834986999801913,auto
1767942125048,Sunny,Day,0.11158854166666667,100.0,2.0,25.471386999925016,auto
1767942125080,Sunny,Day,0.11050347222222222,100.0,2.0,26.422070000080566,auto
1767942125113,Sunny,Day,0.11037326388888889,100.0,2.0,28.52584999982355,auto
1767942125143,Sunny,Day,0.1076388888888889,100.0,2.0,25.62585899977421,auto
1767942125174,Sunny,Day,0.10707465277777778,100.0,2.0,25.86421500018332,auto
1767942125205,Sunny,Day,0.1056857638888889,100.0,2.0,26.605225000366772,auto
1767942125238,Sunny,Day,0.10381944444444445,100.0,2.0,24.040343999786273,auto
1767942125269,Sunny,Day,0.10225694444444444,100.0,2.0,25.598452999929577,auto
1767942125299,Sunny,Day,0.10099826388888888,100.0,2.0,25.896120000197698,auto
1767942125331,Sunny,Day,0.09800347222222222,100.0,2.0,26.814342999841756,auto
1767942125363,Sunny,Day,0.095703125,100.0,2.0,27.931959999932587,auto
1767942125394,Sunny,Day,0.09600694444444445,100.0,3.0,25.414518999696156,auto
1767942125426,Sunny,Day,0.09309895833333333,100.0,-60.0,27.422954000030586,auto
1767942125457,Sunny,Day,0.09088541666666666,100.0,-60.0,25.839402000201517,auto
1767942125488,Sunny,Day,0.08953993055555555,100.0,-59.0,26.185251000242715,auto
1767942125521,Sunny,Day,0.09652777777777778,100.0,-58.0,27.01684900011969,auto
1767942125552,Sunny,Day,0.10950520833333334,100.0,-55.0,22.4033680001412,auto
1767942125582,Sunny,Day,0.12660590277777778,100.0,-52.0,25.690854999993462,auto
1767942125615,Sunny,Day,0.13745659722222223,100.0,-49.0,28.470241999912105,auto
1767942125647,Sunny,Day,0.15555555555555556,100.0,-46.0,23.451638000096864,auto
1767942125678,Sunny,Day,0.16870659722222223,100.0,-43.0,26.30681700020432,auto
1767942125708,Sunny,Day,0.18064236111111112,100.0,-39.0,17.992690000028233,auto
1767942125742,Sunny,Day,0.19136284722222222,100.0,-38.0,26.280690000021423,auto
1767942125773,Sunny,Day,0.20646701388888888,100.0,-35.0,25.467794999713078,auto
1767942125802,Sunny,Day,0.219921875,100.0,-33.0,23.80104299982122,auto
1767942125834,Sunny,Day,0.23342013888888888,100.0,-31.0,26.517211999816936,auto
1767942125867,Sunny,Day,0.24214409722222222,100.0,-28.0,26.905781000095885,auto
1767942125898,Sunny,Day,0.25360243055555554,100.0,-25.0,26.19195400029639,auto
1767942125928,Sunny,Day,0.26710069444444445,100.0,-57.0,22.648168000159785,auto
1767942125961,Sunny,Day,0.2619357638888889,100.0,-53.0,28.496907999851828,auto
1767942125992,Sunny,Day,0.29314236111111114,100.0,-49.0,24.15641100014909,auto
1767942126022,Sunny,Day,0.304296875,100.0,-39.0,23.450714999853517,auto
1767942126053,Sunny,Day,0.3404947916666667,100.0,-31.0,26.747332000013557,auto
1767942126085,Sunny,Day,0.3658420138888889,100.0,-23.0,25.23177500006568,auto
1767942126116,Sunny,Day,0.3918402777777778,100.0,-17.0,25.499055000182125,auto
1767942126148,Sunny,Day,0.41553819444444445,100.0,-12.0,26.84726999996201,auto
1767942126182,Sunny,Day,0.42743055555555554,100.0,-8.0,29.612085000280786,auto
1767942126210,Sunny,Day,0.4480034722222222,100.0,-6.0,22.37905799984219,auto
1767942126242,Sunny,Day,0.46783854166666666,100.0,0.0,26.80514299981951,auto
1767942126274,Sunny,Day,0.4795138888888889,100.0,-67.0,25.617862999752106,auto
1767942126306,Sunny,Day,0.4984809027777778,100.0,-64.0,26.76890499969886,auto
1767942126336,Sunny,Day,0.5027777777777778,100.0,-63.0,25.047878000350465,auto
1767942126369,Sunny,Day,0.50703125,100.0,-57.0,27.871151999988797,auto
1767942126400,Sunny,Day,0.5102864583333333,100.0,-47.0,26.844992999940587,auto
1767942126430,Sunny,Day,0.5518229166666667,100.0,-36.0,25.381580000157555,auto
1767942126462,Sunny,Day,0.5947482638888889,100.0,,27.940334000049916,manual
1767942126496,Sunny,Day,0.6384114583333333,100.0,-17.0,22.449830999903497,manual
1767942126524,Sunny,Day,0.6575520833333334,100.0,,19.93607599979441,manual
1767942126556,Sunny,Day,0.6646701388888889,100.0,,27.441179000106786,manual
1767942126588,Sunny,Day,0.6651041666666667,100.0,,27.60253999986162,manual
1767942126618,Sunny,Day,0.6703993055555556,100.0,,25.60427099979279,manual
1767942126650,Sunny,Day,0.6720920138888888,100.0,,26.910636999673443,manual
1767942126681,Sunny,Day,0.66640625,100.0,,25.215460999788775,manual
1767942126713,Sunny,Day,0.66328125,100.0,,26.099964000422915,manual
1767942126745,Sunny,Day,0.6746527777777778,100.0,,27.50456400008261,manual
1767942126777,Sunny,Day,0.678125,100.0,,25.721060000250873,manual
1767942126808,Sunny,Day,0.6671440972222222,100.0,,25.685340000109136,manual
1767942126838,Sunny,Day,0.6629774305555556,100.0,,26.051465999898937,manual
1767942126870,Sunny,Day,0.6546875,100.0,,26.86986100025024,manual
1767942126901,Sunny,Day,0.6504340277777778,100.0,-19.0,27.378590000353142,manual
1767942126932,Sunny,Day,0.6399739583333334,100.0,,25.295753000136756,manual
1767942126964,Sunny,Day,0.6283854166666667,100.0,-24.0,26.937284000268846,manual
1767942126997,Sunny,Day,0.6212239583333333,100.0,-27.0,28.007718999560893,manual
1767942127027,Sunny,Day,0.6154947916666667,100.0,,24.502951000158646,manual
1767942127059,Sunny,Day,0.6144097222222222,100.0,,26.871994999964954,manual
1767942127089,Sunny,Day,0.6083767361111111,100.0,,25.623643000017182,manual
1767942127120,Sunny,Day,0.6021701388888889,100.0,,26.674247999835643,manual
1767942127152,Sunny,Day,0.5980902777777778,100.0,-38.0,26.960989000144764,manual
1767942127184,Sunny,Day,0.5933159722222222,100.0,-41.0,25.801004000186367,manual
1767942127216,Sunny,Day,0.5819878472222222,100.0,-43.0,27.831715000047552,manual
1767942127246,Sunny,Day,0.5706597222222223,100.0,,20.819080999899597,manual
1767942127278,Sunny,Day,0.5682291666666667,100.0,,26.195812999958434,manual
1767942127309,Sunny,Day,0.5622395833333333,100.0,,24.631110999962402,manual
1767942127342,Sunny,Day,0.5499565972222222,100.0,,24.248410999916814,manual
1767942127372,Sunny,Day,0.5430989583333333,100.0,,25.33341999969707,manual
1767942127405,Sunny,Day,0.5284722222222222,100.0,,28.815284999836877,manual
1767942127435,Sunny,Day,0.5294704861111111,100.0,,24.36955300026966,manual
1767942127467,Sunny,Day,0.5248697916666667,100.0,-66.0,27.405591999922763,manual
1767942127499,Sunny,Day,0.5125,100.0,,27.56284199995207,manual
1767942127529,Sunny,Day,0.5000868055555555,100.0,-72.0,24.80102600020473,manual
1767942127561,Sunny,Day,0.5053385416666667,100.0,-74.0,23.99437099984425,manual
1767942127593,Sunny,Day,0.5018663194444445,100.0,,26.50001699976201,manual
1767942127625,Sunny,Day,0.484375,100.0,,23.342706999756047,manual
1767942127654,Sunny,Day,0.4752604166666667,100.0,,20.273429000098986,manual
1767942127686,Sunny,Day,0.48077256944444446,100.0,,26.86068000002706,manual
1767942127717,Sunny,Day,0.4736111111111111,100.0,,26.82062699977905,manual
1767942127749,Sunny,Day,0.4657118055555556,100.0,,26.902269999936834,manual
1767942127781,Sunny,Day,0.4488715277777778,100.0,,27.24463899994589,manual
1767942127813,Sunny,Day,0.45186631944444444,100.0,,28.032923999944614,manual
1767942127843,Sunny,Day,0.45108506944444443,100.0,,24.94366600012654,manual
1767942127874,Sunny,Day,0.44969618055555555,100.0,,27.094741000382783,manual
1767942127906,Sunny,Day,0.42921006944444445,100.0,,26.846495999961917,manual
1767942127937,Sunny,Day,0.4233940972222222,100.0,,26.392115999897214,manual
1767942127970,Sunny,Day,0.42682291666666666,100.0,,28.748417999850062,manual
1767942128002,Sunny,Day,0.429296875,100.0,,25.681973999780894,manual
1767942128032,Sunny,Day,0.4126736111111111,100.0,,24.88509900013014,manual
1767942128063,Sunny,Day,0.40716145833333334,100.0,,25.94535000025644,manual
1767942128094,Sunny,Day,0.4102864583333333,100.0,,26.283329999841953,manual
1767942128126,Sunny,Day,0.4148003472222222,100.0,-18.0,26.810650999777863,manual
1767942128157,Sunny,Day,0.41241319444444446,100.0,,25.853447999907075,manual
1767942128190,Sunny,Day,0.40828993055555557,100.0,,28.213326000241068,manual
1767942128223,Sunny,Day,0.3994357638888889,100.0,-21.0,28.43018299972755,manual
1767942128254,Sunny,Day,0.4013454861111111,100.0,-18.0,24.66525999989244,manual
1767942128282,Sunny,Day,0.4068576388888889,100.0,-24.0,22.312679000151547,manual
1767942128314,Sunny,Day,0.38680555555555557,100.0,,27.37639399992986,manual
1767942128345,Sunny,Day,0.3718315972222222,100.0,,26.0861560000194,manual
1767942128377,Sunny,Day,0.38016493055555556,100.0,-28.0,27.468628999940847,manual
1767942128408,Sunny,Day,0.37899305555555557,100.0,-21.0,16.85724700018909,manual
1767942128444,Sunny,Day,0.37222222222222223,100.0,-11.0,30.989085000328487,manual
1767942128474,Sunny,Day,0.3700954861111111,100.0,-26.0,24.304763000145613,manual
1767942128507,Sunny,Day,0.3577690972222222,100.0,-27.0,27.098447999833297,manual
1767942128535,Sunny,Day,0.36163194444444446,100.0,-28.0,21.592796000277303,manual
1767942128569,Sunny,Day,0.35225694444444444,100.0,-27.0,27.218144000016764,manual
1767942128599,Sunny,Day,0.3489583333333333,100.0,-30.0,24.87521100010781,manual
1767942128632,Sunny,Day,0.32625868055555557,100.0,-35.0,27.80464599982224,manual
1767942128662,Sunny,Day,0.3260416666666667,100.0,-37.0,24.51404699968407,manual
1767942128693,Sunny,Day,0.3122829861111111,100.0,-40.0,24.88661699999284,manual
1767942128726,Sunny,Day,0.3111979166666667,100.0,-42.0,23.262308000084886,manual
1767942128757,Sunny,Day,0.3157986111111111,100.0,-46.0,25.947980000182724,manual
1767942128788,Sunny,Day,0.3223958333333333,100.0,-45.0,24.94237399969279,manual
1767942128820,Sunny,Day,0.3157552083333333,100.0,-48.0,22.499500999856537,manual
1767942128852,Sunny,Day,0.30694444444444446,100.0,-51.0,25.036423000074137,manual
1767942128883,Sunny,Day,0.30160590277777777,100.0,-53.0,26.24594300004901,manual
1767942128914,Sunny,Day,0.2934027777777778,100.0,-56.0,22.89897699984067,manual
1767942128946,Sunny,Day,0.29865451388888886,100.0,-57.0,22.357658999681007,manual
1767942128976,Sunny,Day,0.2934027777777778,100.0,-59.0,23.87327099995673,manual
1767942129008,Sunny,Day,0.287890625,100.0,-38.0,26.25122100016597,manual
1767942129041,Sunny,Day,0.27591145833333336,100.0,-40.0,27.38691500007917,manual
1767942129070,Sunny,Day,0.2651909722222222,100.0,-34.0,20.74999900014518,manual
1767942129102,Sunny,Day,0.26219618055555555,100.0,-43.0,25.412164000044868,manual
1767942129135,Sunny,Day,0.25611979166666665,100.0,-45.0,25.13031000034971,manual
1767942129164,Sunny,Day,0.2445746527777778,100.0,-48.0,23.91467899997224,manual
1767942129195,Sunny,Day,0.2306423611111111,100.0,-49.0,24.89663799997288,manual
1767942129226,Sunny,Day,0.22157118055555555,100.0,-52.0,25.790697000047658,manual
1767942129259,Sunny,Day,0.21493055555555557,100.0,-53.0,23.669285999858403,manual
1767942129290,Sunny,Day,0.20299479166666667,100.0,-56.0,24.5072180000534,manual
1767942129322,Sunny,Day,0.194921875,100.0,-57.0,26.70778900028381,manual
1767942129352,Sunny,Day,0.19049479166666666,100.0,-59.0,24.084594999749243,manual
1767942129385,Sunny,Day,0.18415798611111112,100.0,-61.0,27.112988000226323,manual
1767942129416,Sunny,Day,0.186328125,100.0,-62.0,26.07658699980675,manual
1767942129449,Sunny,Day,0.1812065972222222,100.0,-64.0,27.31832800009215,manual
1767942129479,Sunny,Day,0.17408854166666668,100.0,-39.0,24.20838400030334,manual
1767942129513,Sunny,Day,0.170703125,100.0,-39.0,21.771159999843803,manual
1767942129543,Sunny,Day,0.1646701388888889,100.0,-37.0,19.692690999818296,manual
1767942129574,Sunny,Day,0.1575954861111111,100.0,-38.0,25.70083099999465,manual
1767942129603,Sunny,Day,0.15334201388888888,100.0,-39.0,23.793278000084683,manual
1767942129638,Sunny,Day,0.14934895833333334,100.0,-40.0,29.422015999898576,manual
1767942129668,Sunny,Day,0.14500868055555555,100.0,-40.0,24.831383999753598,manual
1767942129698,Sunny,Day,0.14071180555555557,100.0,-40.0,24.3534669998553,manual
1767942129731,Sunny,Day,0.13645833333333332,100.0,-40.0,27.486612999837234,manual
1767942129762,Sunny,Day,0.1349392361111111,100.0,-41.0,25.906985999881726,manual
1767942129792,Sunny,Day,0.13203125,100.0,-41.0,24.51571800020247,manual
1767942129824,Sunny,Day,0.1312934027777778,100.0,-41.0,27.005976000054943,manual
1767942129857,Sunny,Day,0.12973090277777777,100.0,-42.0,26.37603199991645,manual
1767942129886,Sunny,Day,0.1304253472222222,100.0,-43.0,23.934067000027426,manual
1767942129920,Sunny,Day,0.12886284722222222,100.0,-44.0,28.45316599996295,manual
1767942129950,Sunny,Day,0.12999131944444445,100.0,-44.0,24.82606900002793,manual
1767942129983,Sunny,Day,0.12855902777777778,100.0,-45.0,26.78056300010212,manual
1767942130012,Sunny,Day,0.12630208333333334,100.0,-47.0,23.764966999806347,manual
1767942130046,Sunny,Day,0.12469618055555555,100.0,4.0,28.592365000349673,manual
1767942130075,Sunny,Day,0.12330729166666667,100.0,2.0,23.437266999735584,manual
1767942130106,Sunny,Day,0.12100694444444444,100.0,-1.0,25.791273999857367,manual
1767942130140,Sunny,Day,0.120703125,100.0,-2.0,29.209421999894403,manual
1767942130169,Sunny,Day,0.11888020833333333,100.0,-4.0,22.90574300013759,manual
1767942130200,Sunny,Day,0.11723090277777778,100.0,-5.0,25.622284000291984,manual
1767942130234,Sunny,Day,0.11254340277777777,100.0,-7.0,29.254289000164135,manual
1767942130265,Sunny,Day,0.1078125,100.0,-9.0,24.80568500004665,manual
1767942130294,Sunny,Day,0.10182291666666667,100.0,-11.0,24.11478200019701,manual
1767942130326,Sunny,Day,0.09717881944444444,100.0,-12.0,26.011761000063416,manual
1767942130359,Sunny,Day,0.09123263888888888,100.0,-14.0,23.32860599972264,manual
1767942130391,Sunny,Day,0.08606770833333334,100.0,-15.0,25.668374000360927,manual
1767942130420,Sunny,Day,0.08324652777777777,100.0,-17.0,23.511225000220293,manual
1767942130455,Sunny,Day,0.08151041666666667,100.0,-18.0,26.528304000294156,manual
1767942130483,Sunny,Day,0.07721354166666666,100.0,5.0,20.80268299960153,manual
1767942130514,Sunny,Day,0.07335069444444445,100.0,2.0,26.037369999812654,manual
1767942130546,Sunny,Day,0.07022569444444444,100.0,0.0,26.078848999986803,manual
1767942130577,Sunny,Day,0.06896701388888889,100.0,-3.0,25.5109579998134,manual
1767942130608,Sunny,Day,0.0703125,100.0,-6.0,25.601582000035705,manual
1767942130641,Sunny,Day,0.06831597222222222,100.0,-10.0,27.52050400022199,manual
1767942130674,Sunny,Day,0.07326388888888889,100.0,-13.0,27.65875499972026,manual
1767942130703,Sunny,Day,0.07625868055555556,100.0,-17.0,23.37602900024649,manual
1767942130737,Sunny,Day,0.08237847222222222,100.0,-20.0,28.321603999756917,manual
1767942130766,Sunny,Day,0.08693576388888889,100.0,-23.0,23.5510739998972,manual
1767942130798,Sunny,Day,0.09227430555555556,100.0,-27.0,23.67499299998599,manual
1767942130828,Sunny,Day,0.09544270833333333,100.0,-30.0,26.050554999983433,auto
1767942130860,Sunny,Day,0.09921875,100.0,-31.0,25.437294999846927,auto
1767942130891,Sunny,Day,0.09791666666666667,100.0,-31.0,24.70230300014009,auto
1767942130922,Sunny,Day,0.0954861111111111,100.0,-26.0,25.263934999657067,auto
1767942130954,Sunny,Day,0.08940972222222222,100.0,-21.0,26.639093000085268,auto
1767942130985,Sunny,Day,0.08967013888888889,100.0,-10.0,24.63828800000556,auto
1767942131016,Sunny,Day,0.08940972222222222,100.0,-11.0,25.180107999858592,auto
1767942131049,Sunny,Day,0.09422743055555556,100.0,-7.0,26.42316599985861,auto
1767942131082,Sunny,Day,0.09605034722222222,100.0,-4.0,27.062664999903063,auto
1767942131111,Sunny,Day,0.09895833333333333,100.0,-3.0,23.20148699982383,auto
1767942131143,Sunny,Day,0.103125,100.0,-1.0,26.757905000067694,auto
1767942131175,Sunny,Day,0.10516493055555555,100.0,0.0,22.413442000015493,auto
1767942131206,Sunny,Day,0.10833333333333334,100.0,1.0,24.925940000230185,auto
1767942131238,Sunny,Day,0.111328125,100.0,1.0,25.326713000140444,auto
1767942131268,Sunny,Day,0.11432291666666666,100.0,1.0,23.37866200014105,auto
1767942131299,Sunny,Day,0.11636284722222222,100.0,1.0,25.391783000031865,auto
1767942131330,Sunny,Day,0.11662326388888888,100.0,1.0,24.07284300034007,auto
1767942131363,Sunny,Day,0.11753472222222222,100.0,1.0,27.560634999645117,auto
1767942131396,Sunny,Day,0.11714409722222222,100.0,1.0,24.35036399992896,auto
1767942131427,Sunny,Day,0.11853298611111111,100.0,1.0,21.992096999838395,auto
1767942131458,Sunny,Day,0.11944444444444445,100.0,2.0,24.41287800002101,auto
1767942131488,Sunny,Day,0.1189236111111111,100.0,1.0,24.479485000028944,auto
1767942131520,Sunny,Day,0.11896701388888889,100.0,1.0,26.29308099994887,auto
1767942131550,Sunny,Day,0.11953125,100.0,1.0,25.09111600011238,auto
1767942131582,Sunny,Day,0.119921875,100.0,0.0,24.91762599993308,auto
1767942131613,Sunny,Day,0.11866319444444444,100.0,0.0,25.215646000106062,auto
1767942131644,Sunny,Day,0.11931423611111111,100.0,0.0,24.576146999606863,auto
1767942131676,Sunny,Day,0.12005208333333334,100.0,0.0,26.122536000002583,auto
1767942131707,Sunny,Day,0.11974826388888889,100.0,0.0,25.645694000104413,auto
1767942131738,Sunny,Day,0.12005208333333334,100.0,0.0,25.16344500008927,auto
1767942131773,Sunny,Day,0.12061631944444444,100.0,0.0,28.84705800033771,auto
1767942131802,Sunny,Day,0.12009548611111111,100.0,0.0,23.45076900019194,auto
1767942131833,Sunny,Day,0.11970486111111112,100.0,0.0,24.37945400015451,auto
1767942131864,Sunny,Day,0.12013888888888889,100.0,0.0,25.9321399998953,auto
1767942131898,Sunny,Day,0.11987847222222223,100.0,-1.0,25.827850000041508,auto
1767942131927,Sunny,Day,0.119140625,100.0,-1.0,23.288112000045658,auto
1767942131958,Sunny,Day,0.11857638888888888,100.0,-1.0,25.22607099990637,auto
1767942131990,Sunny,Day,0.11749131944444445,100.0,-1.0,26.227361999644927,auto
1767942132021,Sunny,Day,0.11532118055555556,100.0,-1.0,25.669361000382196,auto
1767942132053,Sunny,Day,0.11506076388888889,100.0,-1.0,26.43081699989125,auto
1767942132085,Sunny,Day,0.110546875,100.0,-2.0,25.853388000086852,auto
1767942132116,Sunny,Day,0.10633680555555555,100.0,-2.0,25.098007999986294,auto
1767942132147,Sunny,Day,0.100390625,100.0,-3.0,25.161706999824673,auto
1767942132179,Sunny,Day,0.09891493055555556,100.0,-3.0,26.89351200024248,auto
1767942132210,Sunny,Day,0.09422743055555556,100.0,-3.0,25.405748000139283,auto
1767942132243,Sunny,Day,0.09301215277777777,100.0,-3.0,27.819957000247086,auto
1767942132274,Sunny,Day,0.0920138888888889,100.0,-3.0,24.086622999675456,auto
1767942132307,Sunny,Day,0.09270833333333334,100.0,-3.0,24.539337000078376,auto
1767942132339,Sunny,Day,0.09275173611111111,100.0,-3.0,24.93585100000928,auto
1767942132367,Sunny,Day,0.09340277777777778,100.0,-3.0,17.86514100012937,auto
1767942132399,Sunny,Day,0.09596354166666667,100.0,-3.0,25.910347999797523,auto
1767942132430,Sunny,Day,0.09626736111111112,100.0,-3.0,25.486817999990308,auto
1767942132460,Sunny,Day,0.09852430555555555,100.0,-2.0,24.46587800022826,auto
1767942132492,Sunny,Day,0.100390625,100.0,-2.0,26.589938000142865,auto
1767942132523,Sunny,Day,0.10147569444444444,100.0,-3.0,24.88957500008837,auto
1767942132555,Sunny,Day,0.10203993055555556,100.0,-2.0,26.609825999912573,auto
1767942132588,Sunny,Day,0.10186631944444445,100.0,-2.0,26.626972000030946,auto
1767942132619,Sunny,Day,0.10225694444444444,100.0,-2.0,24.805116999687016,auto
1767942132650,Sunny,Day,0.101953125,100.0,-2.0,24.60211099969456,auto
1767942132680,Sunny,Day,0.10230034722222223,100.0,-3.0,25.220092999916233,auto
1767942132713,Sunny,Day,0.10399305555555556,100.0,-2.0,22.033171000202856,auto
1767942132745,Sunny,Day,0.10464409722222222,100.0,-2.0,25.504501999876084,auto
1767942132775,Sunny,Day,0.10546875,100.0,-3.0,24.129788000209373,auto
1767942132807,Sunny,Day,0.10559895833333334,100.0,-2.0,26.629138000316743,auto
1767942132838,Sunny,Day,0.10481770833333333,100.0,-2.0,25.360139999975218,auto
1767942132869,Sunny,Day,0.10642361111111111,100.0,-2.0,24.09249299989824,auto
1767942132901,Sunny,Day,0.10746527777777778,100.0,-2.0,25.512520000120276,auto
1767942132932,Sunny,Day,0.10828993055555555,100.0,-2.0,25.35025199995289,auto
1767942132963,Sunny,Day,0.107421875,100.0,-2.0,25.078749999920547,auto
1767942132996,Sunny,Day,0.10668402777777777,100.0,-2.0,27.678131999891775,auto
1767942133027,Sunny,Day,0.10651041666666666,100.0,-1.0,24.265764000119816,auto
1767942133057,Sunny,Day,0.10707465277777778,100.0,-1.0,25.43645400010064,auto
1767942133088,Sunny,Day,0.10850694444444445,100.0,-1.0,25.558058000115125,auto
1767942133121,Sunny,Day,0.10802951388888889,100.0,-1.0,22.749613000087265,auto
1767942133153,Sunny,Day,0.10946180555555556,100.0,0.0,26.23857299977317,auto
1767942133184,Sunny,Day,0.10911458333333333,100.0,-1.0,24.34909300018262,auto
1767942133215,Sunny,Day,0.10980902777777778,100.0,-1.0,25.421584000014263,auto
1767942133246,Sunny,Day,0.11037326388888889,100.0,-1.0,25.63575700014553,auto
1767942133278,Sunny,Day,0.11089409722222222,100.0,-1.0,23.1517380002515,auto
1767942133310,Sunny,Day,0.11267361111111111,100.0,0.0,26.269738000337384,auto
1767942133342,Sunny,Day,0.11293402777777778,100.0,0.0,25.4123630002141,auto
1767942133371,Sunny,Day,0.11241319444444445,100.0,0.0,23.376983000162,auto
1767942133403,Sunny,Day,0.11323784722222222,100.0,0.0,26.989138999852003,auto
1767942133434,Sunny,Day,0.1134982638888889,100.0,0.0,25.18691300019782,auto
1767942133465,Sunny,Day,0.11310763888888889,100.0,0.0,25.466877999861026,auto
1767942133497,Sunny,Day,0.11310763888888889,100.0,-1.0,25.327181999728055,auto
1767942133528,Sunny,Day,0.11297743055555555,100.0,-1.0,24.40995999995721,auto
1767942133562,Sunny,Day,0.11280381944444444,100.0,-1.0,28.28376599973126,auto
1767942133591,Sunny,Day,0.11167534722222222,100.0,-1.0,23.097628999948938,auto
1767942133624,Sunny,Day,0.11202256944444444,100.0,-1.0,26.273940999999468,auto
1767942133655,Sunny,Day,0.1115451388888889,100.0,-1.0,25.131490000148915,auto
1767942133686,Sunny,Day,0.11085069444444444,100.0,-1.0,25.3518479999002,auto
1767942133717,Sunny,Day,0.11028645833333334,100.0,-1.0,25.845744000434934,auto
1767942133749,Sunny,Day,0.10907118055555555,100.0,-1.0,24.987925000004907,auto
1767942133780,Sunny,Day,0.10889756944444444,100.0,-1.0,25.120305999735137,auto
1767942133813,Sunny,Day,0.10920138888888889,100.0,-1.0,26.589958999920782,auto
1767942133844,Sunny,Day,0.10837673611111111,100.0,-1.0,24.819528000080027,auto
1767942133874,Sunny,Day,0.10642361111111111,100.0,-1.0,24.740792000102374,auto
1767942133905,Sunny,Day,0.10533854166666666,100.0,-1.0,25.1526179999928,auto
1767942133937,Sunny,Day,0.10486111111111111,100.0,-1.0,24.36822099980418,auto
1767942133968,Sunny,Day,0.10477430555555556,100.0,-1.0,23.60698800021055,auto
1767942134000,Sunny,Day,0.105078125,100.0,-1.0,24.674777000200265,auto
1767942134031,Sunny,Day,0.10516493055555555,100.0,-1.0,25.600558999940404,auto
1767942134062,Sunny,Day,0.104296875,100.0,-1.0,24.571102000209066,auto
1767942134093,Sunny,Day,0.1046875,100.0,-1.0,25.728958999934548,auto
1767942134124,Sunny,Day,0.10390625,100.0,-1.0,25.689220000003843,auto
1767942134157,Sunny,Day,0.10355902777777778,100.0,0.0,27.172724999672937,auto
1767942134188,Sunny,Day,0.10386284722222222,100.0,-1.0,24.519288999726996,auto
1767942134224,Sunny,Day,0.10438368055555555,100.0,0.0,27.694064999650436,auto
1767942134250,Sunny,Day,0.105078125,100.0,0.0,19.018671000139875,auto
1767942134281,Sunny,Day,0.10577256944444445,100.0,0.0,25.65774100003182,auto
1767942134313,Sunny,Day,0.10694444444444444,100.0,0.0,26.253130999975838,auto
1767942134348,Sunny,Day,0.10815972222222223,100.0,0.0,29.920302999926207,auto
1767942134376,Sunny,Day,0.10993923611111112,100.0,0.0,21.99140199991234,auto
1767942134408,Sunny,Day,0.11150173611111111,100.0,0.0,25.65374100004192,auto
1767942134439,Sunny,Day,0.11232638888888889,100.0,0.0,25.011037999775,auto
1767942134470,Sunny,Day,0.11354166666666667,100.0,0.0,25.3199459998541,auto
1767942134501,Sunny,Day,0.11519097222222222,100.0,0.0,25.67862800015064,auto
1767942134533,Sunny,Day,0.11605902777777778,100.0,0.0,25.806990999626578,auto
1767942134570,Sunny,Day,0.1169704861111111,100.0,-1.0,31.61955499990654,auto
1767942134596,Sunny,Day,0.11848958333333333,100.0,0.0,19.847844000196346,auto
1767942134628,Sunny,Day,0.11983506944444444,100.0,0.0,25.51360100005695,auto
1767942134659,Sunny,Day,0.12135416666666667,100.0,0.0,24.612709999928484,auto
1767942134690,Sunny,Day,0.12174479166666667,100.0,0.0,25.208951999957208,auto
1767942134722,Sunny,Day,0.12261284722222222,100.0,0.0,25.32046399983301,auto
1767942134754,Sunny,Day,0.12404513888888889,100.0,0.0,25.89576400032456,auto
1767942134785,Sunny,Day,0.12421875,100.0,-14.0,24.47447699978511,auto
1767942134816,Sunny,Day,0.12430555555555556,100.0,-14.0,24.65298500010249,auto
1767942134849,Sunny,Day,0.12417534722222222,100.0,-14.0,26.73195500028669,auto
1767942134879,Sunny,Day,0.12469618055555555,100.0,-13.0,23.864994999712508,auto
1767942134911,Sunny,Day,0.12743055555555555,100.0,-11.0,24.743239000144968,auto
1767942134944,Sunny,Day,0.1286892361111111,100.0,-9.0,26.406565999877785,auto
1767942134973,Sunny,Day,0.12960069444444444,100.0,-8.0,23.38993000012124,auto
1767942135004,Sunny,Day,0.13177083333333334,100.0,-6.0,25.86633900000379,auto
1767942135036,Sunny,Day,0.131640625,100.0,-5.0,25.431535000279837,auto
1767942135068,Sunny,Day,0.130859375,100.0,-4.0,26.373053000043,auto
1767942135099,Sunny,Day,0.13090277777777778,100.0,-3.0,25.361984000028315,auto
1767942135130,Sunny,Day,0.12808159722222223,100.0,-2.0,25.42083200023626,auto
1767942135163,Sunny,Day,0.12916666666666668,100.0,-2.0,25.333614999908605,auto
1767942135194,Sunny,Day,0.12803819444444445,100.0,-1.0,20.155995000095572,auto
1767942135223,Sunny,Day,0.12881944444444443,100.0,-1.0,24.351153999759845,auto
1767942135256,Sunny,Day,0.12747395833333333,100.0,-1.0,26.62966800016875,auto
1767942135287,Sunny,Day,0.12825520833333334,100.0,0.0,25.460977999955503,auto
1767942135318,Sunny,Day,0.128125,100.0,0.0,25.564359999862063,auto
1767942135351,Sunny,Day,0.12821180555555556,100.0,1.0,27.05008800012365,auto
1767942135386,Sunny,Day,0.12808159722222223,100.0,1.0,28.586551999978838,auto
1767942135413,Sunny,Day,0.12764756944444444,100.0,1.0,21.3861629999883,auto
1767942135445,Sunny,Day,0.12834201388888888,100.0,2.0,25.972633000037604,auto
1767942135476,Sunny,Day,0.127734375,100.0,2.0,23.052860999996483,auto
1767942135507,Sunny,Day,0.12747395833333333,100.0,2.0,24.184146000152396,auto
1767942135537,Sunny,Day,0.12643229166666667,100.0,2.0,24.192072000005282,auto
1767942135569,Sunny,Day,0.12473958333333333,100.0,3.0,25.822252999660122,auto
1767942135600,Sunny,Day,0.12578125,100.0,3.0,25.61969099997441,auto
1767942135632,Sunny,Day,0.12465277777777778,100.0,2.0,24.96672999996008,auto
1767942135664,Sunny,Day,0.12335069444444445,100.0,3.0,26.069793000260688,auto
1767942135695,Sunny,Day,0.1213107638888889,100.0,3.0,25.363057000049594,auto
1767942135727,Sunny,Day,0.12109375,100.0,3.0,25.428164999993896,auto
1767942135760,Sunny,Day,0.12144097222222222,100.0,3.0,26.8393409996861,auto
1767942135789,Sunny,Day,0.11974826388888889,100.0,3.0,24.061560000063764,auto
1767942135820,Sunny,Day,0.11775173611111112,100.0,3.0,25.05665000035151,auto
1767942135851,Sunny,Day,0.11801215277777778,100.0,3.0,25.38144599975567,auto
1767942135883,Sunny,Day,0.11566840277777778,100.0,4.0,26.534358999924734,auto
1767942135914,Sunny,Day,0.11484375,100.0,4.0,24.354098999992857,auto
1767942135947,Sunny,Day,0.113671875,100.0,4.0,27.1080659999825,auto
1767942135978,Sunny,Day,0.11254340277777777,100.0,4.0,25.52962199979447,auto
1767942136009,Sunny,Day,0.11180555555555556,100.0,3.0,24.695005000012316,auto
1767942136041,Sunny,Day,0.11059027777777777,100.0,4.0,25.154036000003543,auto
1767942136072,Sunny,Day,0.10846354166666666,100.0,4.0,24.806501000057324,auto
1767942136104,Sunny,Day,0.10646701388888889,100.0,4.0,25.56123500016838,auto
1767942136134,Sunny,Day,0.10490451388888888,100.0,3.0,20.920101000228897,auto
1767942136166,Sunny,Day,0.10499131944444444,100.0,3.0,25.823682000009285,auto
1767942136198,Sunny,Day,0.102734375,100.0,-58.0,23.59736900007192,auto
1767942136230,Sunny,Day,0.09973958333333334,100.0,-58.0,19.754577000185236,auto
1767942136262,Sunny,Day,0.09900173611111111,100.0,-58.0,20.368856000004598,auto
1767942136296,Sunny,Day,0.09192708333333334,100.0,-57.0,28.56481699973301,auto
1767942136323,Sunny,Day,0.10251736111111111,100.0,-55.0,21.394868999777827,auto
1767942136354,Sunny,Day,0.11302083333333333,100.0,-53.0,24.530702999982168,auto
1767942136389,Sunny,Day,0.12374131944444444,100.0,-51.0,29.26144299999578,auto
1767942136416,Sunny,Day,0.1341579861111111,100.0,-49.0,21.720368999922357,auto
1767942136446,Sunny,Day,0.147265625,100.0,-47.0,25.470536000284483,auto
1767942136480,Sunny,Day,0.15980902777777778,100.0,-45.0,28.933184000379697,auto
1767942136509,Sunny,Day,0.17300347222222223,100.0,-43.0,23.424952999903326,auto
1767942136540,Sunny,Day,0.18676215277777777,100.0,-41.0,26.47840300005555,auto
1767942136572,Sunny,Day,0.19761284722222222,100.0,-38.0,26.583673999994062,auto
1767942136604,Sunny,Day,0.21215277777777777,100.0,-36.0,27.19365699977061,auto
1767942136637,Sunny,Day,0.22361111111111112,100.0,-34.0,24.647678000292217,auto
1767942136666,Sunny,Day,0.2348090277777778,100.0,-32.0,23.434637999798724,auto
1767942136699,Sunny,Day,0.2674479166666667,100.0,-57.0,25.794572999984666,auto
1767942136729,Sunny,Day,0.27569444444444446,100.0,-53.0,23.874112000157766,auto
1767942136760,Sunny,Day,0.3060763888888889,100.0,-46.0,26.12759100020412,auto
1767942136792,Sunny,Day,0.33511284722222223,100.0,-38.0,24.876349000351183,auto
1767942136823,Sunny,Day,0.3519097222222222,100.0,-32.0,28.324811999937083,manual
1767942136854,Sunny,Day,0.3760850694444444,100.0,-26.0,25.465203000294423,manual
1767942136887,Sunny,Day,0.398828125,100.0,-23.0,28.07366099978026,manual
1767942136918,Sunny,Day,0.40902777777777777,100.0,-21.0,25.39261499987333,manual
1767942136949,Sunny,Day,0.4071180555555556,100.0,-22.0,26.217437000013888,manual
1767942136980,Sunny,Day,0.3980902777777778,100.0,-26.0,26.26691600016784,manual
1767942137011,Sunny,Day,0.4052517361111111,100.0,-23.0,26.333116000387236,manual
1767942137043,Sunny,Day,0.4045138888888889,100.0,-23.0,24.47428300001775,manual
1767942137075,Sunny,Day,0.40091145833333336,100.0,-26.0,22.77527199976248,manual
1767942137107,Sunny,Day,0.3927083333333333,100.0,-27.0,26.7648719996032,manual
1767942137138,Sunny,Day,0.39110243055555555,100.0,-30.0,26.709301000209962,manual
1767942137168,Sunny,Day,0.38485243055555557,100.0,-29.0,25.29980899998918,manual
1767942137199,Sunny,Day,0.38211805555555556,100.0,-31.0,27.022763999866584,manual
1767942137231,Sunny,Day,0.36258680555555556,100.0,-37.0,26.682006000100955,manual
1767942137262,Sunny,Day,0.3527777777777778,100.0,-38.0,26.80057299994587,manual
1767942137293,Sunny,Day,0.3602430555555556,100.0,-35.0,26.85818100007964,manual
1767942137325,Sunny,Day,0.3615451388888889,100.0,-2.0,26.85147699958179,manual
1767942137358,Sunny,Day,0.3464409722222222,100.0,-37.0,28.579746000104933,manual
1767942137388,Sunny,Day,0.33736979166666664,100.0,-43.0,25.177760999667953,manual
1767942137419,Sunny,Day,0.3312934027777778,100.0,-43.0,25.988693999806856,manual
1767942137451,Sunny,Day,0.3419270833333333,100.0,-39.0,27.054168999711692,manual
1767942137482,Sunny,Day,0.33177083333333335,100.0,-48.0,26.90889999985302,manual
1767942137515,Sunny,Day,0.3180121527777778,100.0,-25.0,28.31648400024278,manual
1767942137545,Sunny,Day,0.31983506944444445,100.0,-46.0,25.31677100023444,manual
1767942137576,Sunny,Day,0.323828125,100.0,-24.0,26.968358999965858,manual
1767942137609,Sunny,Day,0.3221354166666667,100.0,-41.0,28.598244000022532,manual
1767942137640,Sunny,Day,0.31644965277777776,100.0,-43.0,25.851034999959666,manual
1767942137672,Sunny,Day,0.31050347222222224,100.0,-46.0,27.5888969999869,manual
1767942137702,Sunny,Day,0.30321180555555555,100.0,-47.0,25.511333999929775,manual
1767942137733,Sunny,Day,0.29986979166666666,100.0,-49.0,26.118261000192433,manual
1767942137765,Sunny,Day,0.29474826388888886,100.0,-49.0,27.47212500025853,manual
1767942137796,Sunny,Day,0.2879774305555556,100.0,-52.0,25.70945199977359,manual
1767942137827,Sunny,Day,0.2898003472222222,100.0,-52.0,26.61425100041015,manual
1767942137859,Sunny,Day,0.2728732638888889,100.0,-54.0,26.862994999646617,manual
1767942137890,Sunny,Day,0.27786458333333336,100.0,-53.0,27.012727000055747,manual
1767942137923,Sunny,Day,0.27764756944444446,100.0,-55.0,27.993465999770706,manual
1767942137953,Sunny,Day,0.2740451388888889,100.0,-56.0,25.60803100004705,manual
1767942137984,Sunny,Day,0.2682291666666667,100.0,-58.0,25.331270000151562,manual
1767942138016,Sunny,Day,0.2689670138888889,100.0,-58.0,27.445648000139045,manual
1767942138049,Sunny,Day,0.25907118055555556,100.0,-59.0,21.42387300000337,manual
1767942138080,Sunny,Day,0.2576822916666667,100.0,-60.0,26.25777499997639,manual
1767942138110,Sunny,Day,0.2545138888888889,100.0,-62.0,25.316127000223787,manual
1767942138143,Sunny,Day,0.23958333333333334,100.0,-36.0,28.309840000019904,manual
1767942138173,Sunny,Day,0.24314236111111112,100.0,-36.0,20.93604999981835,manual
1767942138204,Sunny,Day,0.2376736111111111,100.0,-37.0,25.73591700001998,manual
1767942138236,Sunny,Day,0.23120659722222223,100.0,-38.0,26.765005000015663,manual
1767942138270,Sunny,Day,0.22473958333333333,100.0,-39.0,21.66050699997868,manual
1767942138300,Sunny,Day,0.21792534722222223,100.0,-40.0,25.230908999674284,manual
1767942138332,Sunny,Day,0.21176215277777777,100.0,-41.0,27.1593889997348,manual
1767942138363,Sunny,Day,0.2044704861111111,100.0,-42.0,26.228665999951772,manual
1767942138393,Sunny,Day,0.19809027777777777,100.0,-43.0,25.1818199999434,manual
1767942138426,Sunny,Day,0.19205729166666666,100.0,-44.0,23.418441000103485,manual
1767942138459,Sunny,Day,0.18550347222222222,100.0,-45.0,21.192330999838305,manual
1767942138489,Sunny,Day,0.180859375,100.0,-45.0,23.99127899980158,manual
1767942138519,Sunny,Day,0.17591145833333333,100.0,-46.0,25.52248400024837,manual
1767942138552,Sunny,Day,0.17100694444444445,100.0,-47.0,22.686669999984588,manual
1767942138583,Sunny,Day,0.1661892361111111,100.0,-48.0,25.588685000002442,manual
1767942138612,Sunny,Day,0.16137152777777777,100.0,-48.0,23.61622599983093,manual
1767942138644,Sunny,Day,0.15625,100.0,-49.0,27.09896700025638,manual
1767942138675,Sunny,Day,0.151953125,100.0,-50.0,26.455782000084582,manual
1767942138707,Sunny,Day,0.14830729166666667,100.0,-50.0,19.011497000064992,manual
1767942138742,Sunny,Day,0.14700520833333333,100.0,-51.0,30.012314000032347,manual
1767942138771,Sunny,Day,0.14539930555555555,100.0,-51.0,23.73983000006774,manual
1767942138801,Sunny,Day,0.14014756944444445,100.0,-52.0,25.280758000008063,manual
1767942138834,Sunny,Day,0.1369357638888889,100.0,-52.0,27.917880999666522,manual
1767942138865,Sunny,Day,0.1345920138888889,100.0,-53.0,25.480061000052956,manual
1767942138896,Sunny,Day,0.13111979166666668,100.0,-53.0,25.557612999818957,manual
1767942138928,Sunny,Day,0.12799479166666666,100.0,-54.0,26.309049000246887,manual
1767942138958,Sunny,Day,0.12395833333333334,100.0,-55.0,21.413558999938687,manual
1767942138990,Sunny,Day,0.12018229166666666,100.0,-56.0,26.76074500004688,manual
1767942139021,Sunny,Day,0.11723090277777778,100.0,-56.0,26.853630999994493,manual
1767942139053,Sunny,Day,0.11336805555555556,100.0,-57.0,27.431636000073922,manual
1767942139086,Sunny,Day,0.10716145833333333,100.0,-58.0,21.93914200006475,manual
1767942139115,Sunny,Day,0.103515625,100.0,-59.0,21.554795000156446,manual
1767942139149,Sunny,Day,0.10091145833333333,100.0,-60.0,29.980541999975685,manual
1767942139178,Sunny,Day,0.09822048611111112,100.0,-61.0,24.03009399995426,manual
1767942139209,Sunny,Day,0.09752604166666666,100.0,-62.0,26.531318000252213,manual
1767942139243,Sunny,Day,0.094921875,100.0,7.0,29.26613899990116,manual
1767942139273,Sunny,Day,0.09405381944444445,100.0,5.0,24.015483999846765,manual
1767942139304,Sunny,Day,0.09340277777777778,100.0,3.0,25.806953000028443,manual
1767942139335,Sunny,Day,0.093359375,100.0,1.0,26.448693000020285,manual
1767942139367,Sunny,Day,0.09344618055555555,100.0,-1.0,27.578016000006755,manual
1767942139397,Sunny,Day,0.09375,100.0,27.0,25.565430000369815,manual
1767942139429,Sunny,Day,0.09422743055555556,100.0,26.0,26.787154999965423,manual
1767942139460,Sunny,Day,0.09479166666666666,100.0,24.0,25.92235400015852,manual
1767942139491,Sunny,Day,0.09500868055555556,100.0,22.0,26.892371000030835,manual
1767942139523,Sunny,Day,0.09874131944444445,100.0,21.0,26.06491900041874,manual
1767942139557,Sunny,Day,0.10104166666666667,100.0,19.0,29.92547099984222,manual
1767942139586,Sunny,Day,0.10282118055555556,100.0,18.0,23.894083999948634,manual
1767942139617,Sunny,Day,0.10490451388888888,100.0,16.0,26.60785100033536,manual
1767942139650,Sunny,Day,0.105078125,100.0,15.0,28.48268499974438,manual
1767942139680,Sunny,Day,0.10533854166666666,100.0,14.0,25.56376399979854,manual
1767942139711,Sunny,Day,0.10633680555555555,100.0,13.0,26.112749999811058,manual
1767942139743,Sunny,Day,0.10707465277777778,100.0,12.0,27.093210999737494,manual
1767942139775,Sunny,Day,0.1076388888888889,100.0,12.0,27.730989000247064,manual
1767942139807,Sunny,Day,0.10850694444444445,100.0,11.0,26.529818000199157,manual
1767942139837,Sunny,Day,0.10863715277777777,100.0,10.0,24.99807399999554,manual
1767942139869,Sunny,Day,0.11067708333333333,100.0,9.0,26.153487999636127,manual
1767942139901,Sunny,Day,0.11002604166666667,100.0,7.0,28.387302000282943,auto
1767942139932,Sunny,Day,0.11102430555555555,100.0,7.0,23.150052999881154,auto
1767942139966,Sunny,Day,0.11150173611111111,100.0,7.0,29.009524999764835,auto
1767942139995,Sunny,Day,0.11141493055555556,100.0,6.0,23.94843199999741,auto
1767942140026,Sunny,Day,0.11024305555555555,100.0,5.0,25.621540999964054,auto
1767942140057,Sunny,Day,0.10963541666666667,100.0,4.0,26.22774700012087,auto
1767942140089,Sunny,Day,0.10911458333333333,100.0,3.0,23.68987699992431,auto
1767942140121,Sunny,Day,0.1091579861111111,100.0,2.0,26.469010000255366,auto
1767942140151,Sunny,Day,0.10885416666666667,100.0,2.0,25.007372999880317,auto
1767942140182,Sunny,Day,0.10842013888888889,100.0,1.0,25.894284000059997,auto
1767942140214,Sunny,Day,0.10876736111111111,100.0,1.0,27.059680000093067,auto
1767942140245,Sunny,Day,0.10846354166666666,100.0,1.0,25.920191000295745,auto
1767942140277,Sunny,Day,0.10911458333333333,100.0,1.0,26.640648000011424,auto
1767942140308,Sunny,Day,0.10950520833333334,100.0,1.0,26.232524000079138,auto
1767942140339,Sunny,Day,0.10950520833333334,100.0,1.0,26.65842500027793,auto
1767942140374,Sunny,Day,0.10972222222222222,100.0,1.0,30.17720100024235,auto
1767942140403,Sunny,Day,0.10985243055555556,100.0,1.0,24.365539999962493,auto
1767942140434,Sunny,Day,0.11024305555555555,100.0,1.0,25.598616000024776,auto
1767942140464,Sunny,Day,0.11011284722222223,100.0,1.0,25.765347999822552,auto
1767942140496,Sunny,Day,0.11011284722222223,100.0,1.0,26.99270199991588,auto
1767942140528,Sunny,Day,0.110546875,100.0,1.0,26.739791000181867,auto
1767942140559,Sunny,Day,0.11089409722222222,100.0,1.0,26.876764000007825,auto
1767942140590,Sunny,Day,0.11089409722222222,100.0,1.0,26.519950999954744,auto
1767942140622,Sunny,Day,0.11059027777777777,100.0,1.0,26.809805000084452,auto
1767942140653,Sunny,Day,0.11076388888888888,100.0,2.0,26.643222000075184,auto
1767942140685,Sunny,Day,0.11089409722222222,100.0,1.0,27.091899999959423,auto
1767942140716,Sunny,Day,0.11115451388888889,100.0,1.0,26.349869000114268,auto
1767942140748,Sunny,Day,0.11080729166666667,100.0,2.0,26.67620200008969,auto
1767942140781,Sunny,Day,0.11089409722222222,100.0,1.0,28.875963000245974,auto
1767942140812,Sunny,Day,0.11085069444444444,100.0,2.0,24.858085999767354,auto
1767942140844,Sunny,Day,0.1109375,100.0,2.0,26.58530000007886,auto
1767942140875,Sunny,Day,0.11089409722222222,100.0,2.0,25.108459999955812,auto
1767942140905,Sunny,Day,0.11085069444444444,100.0,2.0,24.803885999972408,auto
1767942140936,Sunny,Day,0.11085069444444444,100.0,2.0,26.683794000291527,auto
1767942140967,Sunny,Day,0.11089409722222222,100.0,2.0,26.384516000234726,auto
1767942140999,Sunny,Day,0.11063368055555556,100.0,2.0,26.792880999892077,auto
1767942141032,Sunny,Day,0.11089409722222222,100.0,2.0,28.125027999976737,auto
1767942141061,Sunny,Day,0.11063368055555556,100.0,2.0,21.729753000272467,auto
1767942141093,Sunny,Day,0.11024305555555555,100.0,1.0,27.11047699995106,auto
1767942141127,Sunny,Day,0.11015625,100.0,1.0,28.931833000115148,auto
1767942141156,Sunny,Day,0.11006944444444444,100.0,1.0,23.861666000357218,auto
1767942141189,Sunny,Day,0.10998263888888889,100.0,1.0,28.487692999988212,auto
1767942141219,Sunny,Day,0.11002604166666667,100.0,1.0,25.16451599967695,auto
1767942141250,Sunny,Day,0.10980902777777778,100.0,1.0,26.462996000191197,auto
1767942141281,Sunny,Day,0.10980902777777778,100.0,1.0,26.085406999754923,auto
1767942141313,Sunny,Day,0.10954861111111111,100.0,1.0,27.25211599999966,auto
1767942141344,Sunny,Day,0.10963541666666667,100.0,1.0,26.252267000018037,auto
1767942141379,Sunny,Day,0.1095920138888889,100.0,1.0,29.760470999917743,auto
1767942141411,Sunny,Day,0.10972222222222222,100.0,1.0,26.447034000284475,auto
1767942141443,Sunny,Day,0.10963541666666667,100.0,1.0,25.520179999602988,auto
1767942141472,Sunny,Day,0.10963541666666667,100.0,1.0,23.41239499992298,auto
1767942141505,Sunny,Day,0.10998263888888889,100.0,1.0,26.165995000155817,auto
1767942141536,Sunny,Day,0.10941840277777778,100.0,1.0,24.624862000109715,auto
1767942141566,Sunny,Day,0.10954861111111111,100.0,1.0,24.52660900007686,auto
1767942141601,Sunny,Day,0.10941840277777778,100.0,1.0,28.908946000228752,auto
1767942141630,Sunny,Day,0.109375,100.0,1.0,23.30545799986794,auto
1767942141662,Sunny,Day,0.10950520833333334,100.0,1.0,26.530065999850194,auto
1767942141691,Sunny,Day,0.10933159722222222,100.0,1.0,23.651103999782208,auto
1767942141724,Sunny,Day,0.10941840277777778,100.0,1.0,27.287800000067364,auto
1767942141759,Sunny,Day,0.10924479166666666,100.0,1.0,26.353761999871494,auto
1767942141786,Sunny,Day,0.1095920138888889,100.0,1.0,20.31133500031501,auto
1767942141818,Sunny,Day,0.10902777777777778,100.0,1.0,25.710428000365937,auto
1767942141850,Sunny,Day,0.108984375,100.0,1.0,26.20440000009694,auto
1767942141880,Sunny,Day,0.10933159722222222,100.0,1.0,23.025084999972023,auto
1767942141912,Sunny,Day,0.10881076388888888,100.0,1.0,26.756219000162673,auto
1767942141944,Sunny,Day,0.10911458333333333,100.0,1.0,26.426237999658042,auto
1767942141974,Sunny,Day,0.10907118055555555,100.0,1.0,22.759711000162497,auto
1767942142008,Sunny,Day,0.10868055555555556,100.0,1.0,28.365514999677544,auto
1767942142038,Sunny,Day,0.10863715277777777,100.0,1.0,23.110193999855255,auto
1767942142074,Sunny,Day,0.10907118055555555,100.0,1.0,29.15880599994125,auto
1767942142100,Sunny,Day,0.10885416666666667,100.0,1.0,20.052334999945742,auto
1767942142131,Sunny,Day,0.10850694444444445,100.0,1.0,25.63214000019798,auto
1767942142163,Sunny,Day,0.10828993055555555,100.0,1.0,25.285381999765377,auto
1767942142194,Sunny,Day,0.10868055555555556,100.0,1.0,25.342360999729863,auto
1767942142228,Sunny,Day,0.10855034722222222,100.0,1.0,27.865621999808354,auto
1767942142259,Sunny,Day,0.10833333333333334,100.0,1.0,24.50194699986241,auto
1767942142289,Sunny,Day,0.10868055555555556,100.0,1.0,23.614256999735517,auto
1767942142322,Sunny,Day,0.109375,100.0,1.0,27.24186200020995,auto
1767942142353,Sunny,Day,0.10920138888888889,100.0,1.0,24.539815000025555,auto
1767942142382,Sunny,Day,0.11002604166666667,100.0,1.0,22.824988000138546,auto
1767942142417,Sunny,Day,0.11011284722222223,100.0,1.0,28.912320000017644,auto
1767942142446,Sunny,Day,0.1109375,100.0,1.0,23.698030000105064,auto
1767942142477,Sunny,Day,0.11128472222222222,100.0,1.0,24.021548999826337,auto
1767942142510,Sunny,Day,0.11184895833333333,100.0,2.0,27.256730999852152,auto
1767942142541,Sunny,Day,0.112109375,100.0,2.0,24.553979999836884,auto
1767942142572,Sunny,Day,0.11267361111111111,100.0,2.0,24.007289999644854,auto
1767942142603,Sunny,Day,0.11345486111111111,100.0,2.0,22.265446999881533,auto
1767942142636,Sunny,Day,0.11345486111111111,100.0,2.0,27.622340000107215,auto
1767942142666,Sunny,Day,0.11332465277777778,100.0,2.0,23.40073300001677,auto
1767942142697,Sunny,Day,0.11375868055555556,100.0,2.0,19.510422000166727,auto
1767942142728,Sunny,Day,0.11427951388888889,100.0,2.0,24.107505999836576,auto
1767942142760,Sunny,Day,0.11480034722222222,100.0,2.0,25.195201999849814,auto
1767942142793,Sunny,Day,0.11532118055555556,100.0,2.0,28.18306599965581,auto
1767942142824,Sunny,Day,0.11571180555555556,100.0,2.0,24.39350899976489,auto
1767942142855,Sunny,Day,0.11671006944444444,100.0,2.0,24.845760000062,auto
1767942142887,Sunny,Day,0.11792534722222223,100.0,2.0,25.40852400034055,auto
1767942142916,Sunny,Day,0.11796875,100.0,3.0,23.071881999840116,auto
1767942142950,Sunny,Day,0.11796875,100.0,3.0,27.276285999960237,auto
1767942142980,Sunny,Day,0.11896701388888889,100.0,3.0,23.6733470001127,auto
1767942143011,Sunny,Day,0.12018229166666666,100.0,4.0,25.230293999811693,auto
1767942143042,Sunny,Day,0.11922743055555556,100.0,4.0,25.330347000362963,auto
1767942143075,Sunny,Day,0.118359375,100.0,4.0,26.509574000101566,auto
1767942143105,Sunny,Day,0.11792534722222223,100.0,3.0,24.457044999962818,auto
1767942143136,Sunny,Day,0.11688368055555555,100.0,3.0,24.877909000224463,auto
1767942143168,Sunny,Day,0.1169704861111111,100.0,3.0,25.811428999986674,auto
1767942143199,Sunny,Day,0.11558159722222222,100.0,3.0,24.93553599970255,auto
1767942143232,Sunny,Day,0.11484375,100.0,3.0,26.592977000291285,auto
1767942143263,Sunny,Day,0.11419270833333334,100.0,3.0,24.56000199981645,auto
1767942143294,Sunny,Day,0.11341145833333334,100.0,3.0,24.840560000029654,auto
1767942143324,Sunny,Day,0.11254340277777777,100.0,3.0,24.71073399965462,auto
1767942143357,Sunny,Day,0.11145833333333334,100.0,3.0,27.814388000024337,auto
1767942143387,Sunny,Day,0.11098090277777778,100.0,3.0,23.487990999910835,auto
1767942143419,Sunny,Day,0.10950520833333334,100.0,3.0,25.424934000056965,auto
1767942143450,Sunny,Day,0.10868055555555556,100.0,3.0,25.54818599992359,auto
1767942143481,Sunny,Day,0.10772569444444445,100.0,3.0,24.64123900017512,auto
1767942143512,Sunny,Day,0.10655381944444445,100.0,3.0,25.634143999923253,auto
1767942143543,Sunny,Day,0.10546875,100.0,3.0,26.085561999934725,auto
1767942143575,Sunny,Day,0.10477430555555556,100.0,4.0,25.981160999890562,auto
1767942143607,Sunny,Day,0.10364583333333334,100.0,4.0,25.929608000296867,auto
1767942143641,Sunny,Day,0.10199652777777778,100.0,4.0,27.586585999870294,auto
1767942143670,Sunny,Day,0.10073784722222222,100.0,4.0,18.13717100003487,auto
1767942143702,Sunny,Day,0.10026041666666667,100.0,4.0,26.16214999989097,auto
1767942143732,Sunny,Day,0.0984375,100.0,4.0,24.72828899999513,auto
1767942143764,Sunny,Day,0.09626736111111112,100.0,4.0,26.444985000125598,auto
1767942143796,Sunny,Day,0.09587673611111111,100.0,4.0,25.644403000114835,auto
1767942143827,Sunny,Day,0.09388020833333334,100.0,4.0,24.967441999706352,auto
1767942143858,Sunny,Day,0.09097222222222222,100.0,4.0,25.338975000067876,auto
1767942143889,Sunny,Day,0.08763020833333333,100.0,4.0,21.371798000018316,auto
1767942143920,Sunny,Day,0.08454861111111112,100.0,5.0,25.5683880000106,auto
1767942143952,Sunny,Day,0.08302951388888889,100.0,6.0,26.285847000053764,auto
1767942143984,Sunny,Day,0.08077256944444444,100.0,6.0,26.03123200015034,auto
1767942144015,Sunny,Day,0.07808159722222222,100.0,7.0,25.53011300005892,auto
1767942144050,Sunny,Day,0.07608506944444444,100.0,7.0,29.065892999824428,auto
1767942144080,Sunny,Day,0.07469618055555556,100.0,8.0,23.874600999988616,auto
1767942144110,Sunny,Day,0.07317708333333334,100.0,9.0,22.41814799981512,auto
1767942144141,Sunny,Day,0.07144097222222222,100.0,9.0,20.656138000049395,auto
1767942144176,Sunny,Day,0.06953125,100.0,10.0,28.531441999803064,auto
1767942144203,Sunny,Day,0.06736111111111111,100.0,10.0,20.530516000235366,auto
1767942144235,Sunny,Day,0.06605902777777778,100.0,11.0,25.952462000077503,auto
1767942144267,Sunny,Day,0.06475694444444445,100.0,11.0,26.404194999940955,auto
1767942144298,Sunny,Day,0.06197916666666667,100.0,11.0,25.084771000365436,auto
1767942144329,Sunny,Day,0.061024305555555554,100.0,11.0,25.4874329998529,auto
1767942144363,Sunny,Day,0.059375,100.0,11.0,27.4899290002395,auto
1767942144393,Sunny,Day,0.05724826388888889,100.0,12.0,24.002778000067337,auto
1767942144424,Sunny,Day,0.05568576388888889,100.0,12.0,24.743809999563382,auto
1767942144457,Sunny,Day,0.054036458333333336,100.0,13.0,26.5509830001065,auto
1767942144488,Sunny,Day,0.05342881944444444,100.0,13.0,24.725274000047648,auto
1767942144519,Sunny,Day,0.05108506944444444,100.0,14.0,24.50154600001042,auto
1767942144550,Sunny,Day,0.05021701388888889,100.0,15.0,23.24100800024098,auto
1767942144581,Sunny,Day,0.048350694444444446,96.70138888888889,15.0,22.630117000062455,auto
1767942144612,Sunny,Day,0.046614583333333334,93.22916666666667,16.0,25.173414000164485,auto
1767942144643,Sunny,Day,0.04509548611111111,90.19097222222221,16.0,26.271999000073265,auto
1767942144674,Sunny,Day,0.04353298611111111,87.06597222222221,17.0,25.381754000136425,auto
1767942144706,Sunny,Day,0.04175347222222222,83.50694444444444,18.0,25.923370999862527,auto
1767942144737,Sunny,Day,0.040928819444444445,81.85763888888889,-22.0,25.482267000370484,auto
1767942144770,Sunny,Day,0.03993055555555555,79.8611111111111,-22.0,27.0621569998184,auto
1767942144800,Sunny,Day,0.039453125,78.90625,-23.0,24.46943699987969,auto
1767942144832,Sunny,Day,0.03689236111111111,73.78472222222223,-22.0,25.155174999781593,auto
1767942144865,Sunny,Day,0.035069444444444445,70.13888888888889,-18.0,26.954903999921953,auto
1767942144899,Sunny,Day,0.03211805555555555,64.2361111111111,-17.0,29.322675000003073,auto
1767942144931,Sunny,Day,0.035807291666666664,71.61458333333333,-13.0,24.31998299971383,auto
1767942144957,Sunny,Day,0.03819444444444445,76.3888888888889,-10.0,18.118100000265258,auto
1767942144992,Sunny,Day,0.040625,81.25,-7.0,29.059133999908227,auto
1767942145020,Sunny,Day,0.04205729166666667,84.11458333333334,-5.0,16.504437000094185,auto
1767942145052,Sunny,Day,0.04657118055555556,93.14236111111111,-1.0,25.960223999845766,auto
1767942145083,Sunny,Day,0.04791666666666667,95.83333333333334,1.0,24.836122000124305,auto
1767942145115,Sunny,Day,0.050130208333333336,100.0,2.0,26.36966299996857,auto
1767942145146,Sunny,Day,0.05308159722222222,100.0,5.0,18.46869399969364,auto
1767942145179,Sunny,Day,0.05399305555555556,100.0,6.0,27.53496700006508,auto
1767942145214,Sunny,Day,0.055859375,100.0,6.0,29.771799999707582,auto
1767942145243,Sunny,Day,0.05733506944444444,100.0,8.0,22.453333999692404,auto
1767942145275,Sunny,Day,0.057769097222222225,100.0,8.0,24.79129199991803,auto
1767942145304,Sunny,Day,0.05859375,100.0,9.0,24.305430999902455,auto
1767942145334,Sunny,Day,0.05980902777777778,100.0,8.0,21.972158000153286,auto
1767942145365,Sunny,Day,0.05993923611111111,100.0,8.0,25.742236000041885,auto
1767942145397,Sunny,Day,0.0609375,100.0,9.0,26.455157999862422,auto
1767942145428,Sunny,Day,0.06228298611111111,100.0,9.0,24.955968000085704,auto
1767942145462,Sunny,Day,0.06228298611111111,100.0,9.0,28.129358000114735,auto
1767942145488,Sunny,Day,0.06245659722222222,100.0,10.0,20.434579999800917,auto
1767942145524,Sunny,Day,0.06419270833333333,100.0,9.0,27.163933000338147,auto
1767942145552,Sunny,Day,0.06579861111111111,100.0,9.0,22.571900999992067,auto
1767942145584,Sunny,Day,0.06506076388888889,100.0,8.0,27.6074440002958,auto
1767942145617,Sunny,Day,0.065234375,100.0,9.0,21.512517999781267,auto
1767942145645,Sunny,Day,0.066015625,100.0,8.0,23.566435999782698,auto
1767942145679,Sunny,Day,0.06714409722222223,100.0,9.0,28.815577999921516,auto
1767942145709,Sunny,Day,0.06883680555555556,100.0,8.0,19.223280000005616,auto
1767942145740,Sunny,Day,0.06840277777777778,100.0,9.0,19.356420000349317,auto
1767942145771,Sunny,Day,0.07165798611111111,100.0,9.0,26.361089999682008,auto
1767942145804,Sunny,Day,0.07317708333333334,100.0,10.0,27.649496999856638,auto
1767942145834,Sunny,Day,0.07586805555555555,100.0,13.0,18.215226999927836,auto
1767942145865,Sunny,Day,0.07973090277777778,100.0,16.0,26.428438000039023,auto
1767942145898,Sunny,Day,0.08381076388888889,100.0,19.0,27.55874300009964,auto
1767942145929,Sunny,Day,0.08663194444444444,100.0,22.0,26.692792999710946,auto
1767942145960,Sunny,Day,0.08741319444444444,100.0,23.0,25.468030999945768,auto
1767942145991,Sunny,Day,0.08693576388888889,100.0,23.0,26.794139000230643,auto
1767942146023,Sunny,Day,0.08997395833333334,100.0,25.0,26.63589099984165,auto
1767942146054,Sunny,Day,0.09635416666666667,100.0,31.0,26.52095499979623,auto
1767942146086,Sunny,Day,0.09678819444444445,100.0,33.0,27.594262999627972,auto
1767942146117,Sunny,Day,0.0984375,100.0,34.0,26.396591999855445,auto
1767942146149,Sunny,Day,0.1,100.0,35.0,27.22561799964751,auto
1767942146180,Sunny,Day,0.09965277777777778,100.0,34.0,25.288340999850334,auto
1767942146212,Sunny,Day,0.09262152777777778,100.0,30.0,27.930409999953554,auto
1767942146244,Sunny,Day,0.09483506944444445,100.0,32.0,25.89456399982737,auto
1767942146274,Sunny,Day,0.096875,100.0,32.0,24.65352500030349,auto
1767942146307,Sunny,Day,0.09227430555555556,100.0,28.0,27.96983400003228,auto
1767942146338,Sunny,Day,0.09283854166666666,100.0,30.0,23.43105799991463,auto
1767942146368,Sunny,Day,0.09375,100.0,31.0,20.160042999577854,auto
1767942146399,Sunny,Day,0.09049479166666667,100.0,29.0,26.208436000160873,auto
1767942146431,Sunny,Day,0.08689236111111111,100.0,27.0,27.112679999845568,auto
1767942146465,Sunny,Day,0.08932291666666667,100.0,28.0,27.853304000018397,auto
1767942146496,Sunny,Day,0.08997395833333334,100.0,28.0,24.834902999828046,auto
1767942146528,Sunny,Day,0.08237847222222222,100.0,25.0,27.51513800012617,auto
1767942146556,Sunny,Day,0.080859375,100.0,24.0,19.43002999996679,auto
1767942146588,Sunny,Day,0.07890625,100.0,24.0,26.601172000027873,auto
1767942146619,Sunny,Day,0.0837673611111111,100.0,24.0,26.605319999816857,auto
1767942146651,Sunny,Day,0.08463541666666667,100.0,25.0,26.638225999704446,auto
1767942146682,Sunny,Day,0.08485243055555555,100.0,25.0,25.388518999989174,auto
1767942146714,Sunny,Day,0.07942708333333333,100.0,22.0,27.458419000140566,auto
1767942146746,Sunny,Day,0.08055555555555556,100.0,25.0,21.173373000237916,auto
1767942146778,Sunny,Day,0.07829861111111111,100.0,23.0,19.029014999887295,auto
1767942146807,Sunny,Day,0.07873263888888889,100.0,21.0,19.816081000044505,auto
1767942146841,Sunny,Day,0.075390625,100.0,21.0,29.413492000003316,auto
1767942146870,Sunny,Day,0.07608506944444444,100.0,21.0,23.59230899992326,auto
1767942146903,Sunny,Day,0.07777777777777778,100.0,24.0,28.51737699984369,auto
1767942146933,Sunny,Day,0.076953125,100.0,22.0,25.051335000171093,auto
1767942146965,Sunny,Day,0.07335069444444445,100.0,20.0,27.14201199978561,auto
1767942146996,Sunny,Day,0.07252604166666667,100.0,19.0,26.14469799982544,auto
1767942147029,Sunny,Day,0.07378472222222222,100.0,21.0,28.221174999998766,auto
1767942147059,Sunny,Day,0.07395833333333333,100.0,19.0,25.19001600012416,auto
1767942147092,Sunny,Day,0.07278645833333333,100.0,18.0,28.02033499983736,auto
1767942147121,Sunny,Day,0.07521701388888889,100.0,19.0,24.263680000331078,auto
1767942147155,Sunny,Day,0.07313368055555555,100.0,18.0,28.6497430001873,auto
1767942147186,Sunny,Day,0.06948784722222222,100.0,15.0,26.58943599999475,auto
1767942147216,Sunny,Day,0.07109375,100.0,15.0,23.87999899974602,auto
1767942147249,Sunny,Day,0.06948784722222222,100.0,15.0,28.937467000105244,auto
1767942147280,Sunny,Day,0.06922743055555555,100.0,15.0,25.301584000317234,auto
1767942147311,Sunny,Day,0.07139756944444445,100.0,15.0,24.946696999904816,auto
1767942147341,Sunny,Day,0.06723090277777778,100.0,11.0,25.052505000076053,auto
1767942147373,Sunny,Day,0.06879340277777778,100.0,12.0,26.974988000347366,auto
1767942147408,Sunny,Day,0.06983506944444444,100.0,11.0,29.168343000037567,auto
1767942147435,Sunny,Day,0.06870659722222222,100.0,12.0,22.48354199991809,auto
1767942147467,Sunny,Day,0.06684027777777778,100.0,12.0,26.112408000244614,auto
1767942147498,Sunny,Day,0.07113715277777778,100.0,11.0,26.629525999851467,auto
1767942147529,Sunny,Day,0.06927083333333334,100.0,11.0,25.5788270001176,auto
1767942147561,Sunny,Day,0.07100694444444444,100.0,12.0,27.264156000001094,auto
1767942147592,Sunny,Day,0.07039930555555556,100.0,12.0,25.994988000093144,auto
1767942147624,Sunny,Day,0.071484375,100.0,12.0,26.83668099962233,auto
1767942147657,Sunny,Day,0.07087673611111112,100.0,14.0,27.63511600005586,auto
1767942147689,Sunny,Day,0.07178819444444444,100.0,14.0,22.762155999771494,auto
1767942147720,Sunny,Day,0.07261284722222222,100.0,13.0,25.6134920000477,auto
1767942147750,Sunny,Day,0.07118055555555555,100.0,11.0,25.08976299986898,auto
1767942147781,Sunny,Day,0.07330729166666666,100.0,12.0,25.771205000182817,auto
1767942147812,Sunny,Day,0.07135416666666666,100.0,11.0,26.176033999945503,auto
1767942147844,Sunny,Day,0.07243923611111111,100.0,11.0,26.790369000082137,auto
1767942147875,Sunny,Day,0.07061631944444445,100.0,10.0,26.960876999964967,auto
1767942147906,Sunny,Day,0.07039930555555556,100.0,8.0,26.475571999981184,auto
1767942147940,Sunny,Day,0.069921875,100.0,9.0,28.468124000028183,auto
1767942147969,Sunny,Day,0.06927083333333334,100.0,8.0,23.476282000046922,auto
1767942148000,Sunny,Day,0.07061631944444445,100.0,7.0,26.207679999970424,auto
1767942148032,Sunny,Day,0.07048611111111111,100.0,7.0,26.2673279999035,auto
1767942148064,Sunny,Day,0.07144097222222222,100.0,6.0,27.545236000150908,auto
1767942148097,Sunny,Day,0.07113715277777778,100.0,7.0,26.696267000261287,auto
1767942148128,Sunny,Day,0.07035590277777778,100.0,8.0,25.385675000052288,auto
1767942148157,Sunny,Day,0.07152777777777777,100.0,6.0,24.874796999938553,auto
1767942148189,Sunny,Day,0.07287326388888889,100.0,5.0,26.166573999944376,auto
1767942148221,Sunny,Day,0.0705295138888889,100.0,7.0,27.658378000069206,auto
1767942148252,Sunny,Day,0.07196180555555555,100.0,5.0,25.487909000275977,auto
1767942148285,Sunny,Day,0.07174479166666667,100.0,5.0,28.100427000026684,auto
1767942148315,Sunny,Day,0.07296006944444444,100.0,3.0,23.444045999895025,auto
1767942148348,Sunny,Day,0.07252604166666667,100.0,4.0,26.208776000203216,auto
1767942148377,Sunny,Day,0.07322048611111111,100.0,4.0,16.142482999839558,auto
1767942148408,Sunny,Day,0.07508680555555555,100.0,3.0,25.691880000067613,auto
1767942148440,Sunny,Day,0.07526041666666666,100.0,2.0,26.85716499991031,auto
1767942148471,Sunny,Day,0.0759548611111111,100.0,3.0,26.537572000052023,auto
1767942148503,Sunny,Day,0.07547743055555556,100.0,3.0,26.169556000240846,auto
1767942148536,Sunny,Day,0.07717013888888889,100.0,3.0,28.075613000055455,auto
1767942148565,Sunny,Day,0.07769097222222222,100.0,3.0,24.457728000015777,auto
1767942148597,Sunny,Day,0.07938368055555556,100.0,2.0,27.1531660000619,auto
1767942148630,Sunny,Day,0.07994791666666666,100.0,2.0,27.214015000026848,auto
1767942148662,Sunny,Day,0.080859375,100.0,2.0,27.266696999959095,auto
1767942148691,Sunny,Day,0.08146701388888888,100.0,2.0,24.65267900015533,auto
1767942148722,Sunny,Day,0.08207465277777778,100.0,3.0,26.52423900008216,auto
1767942148756,Sunny,Day,0.08042534722222222,100.0,4.0,28.587492000042403,auto
1767942148785,Sunny,Day,0.08207465277777778,100.0,4.0,21.158435999950598,auto
1767942148817,Sunny,Day,0.08211805555555556,100.0,4.0,26.764280999941548,auto
1767942148848,Sunny,Day,0.08259548611111112,100.0,3.0,26.603901000271435,auto
1767942148881,Sunny,Day,0.081640625,100.0,4.0,28.697689000182436,auto
1767942148912,Sunny,Day,0.0798611111111111,100.0,4.0,26.756689000194456,auto
1767942148944,Sunny,Day,0.07955729166666667,100.0,4.0,26.676545000100305,auto
1767942148976,Sunny,Day,0.07886284722222223,100.0,4.0,26.761207000163267,auto
1767942149005,Sunny,Day,0.07838541666666667,100.0,4.0,23.222762000386865,auto
1767942149036,Sunny,Day,0.07734375,100.0,4.0,25.975069999731204,auto
1767942149068,Sunny,Day,0.07591145833333333,100.0,4.0,26.73515700007556,auto
1767942149102,Sunny,Day,0.07860243055555556,100.0,4.0,29.45498300005056,auto
1767942149131,Sunny,Day,0.07916666666666666,100.0,4.0,22.891709999839804,auto
1767942149162,Sunny,Day,0.08133680555555556,100.0,4.0,25.919796000380302,auto
1767942149195,Sunny,Day,0.08194444444444444,100.0,3.0,28.778206999959366,auto
1767942149225,Sunny,Day,0.08151041666666667,100.0,-13.0,24.03912499994476,auto
1767942149256,Sunny,Day,0.08250868055555556,100.0,-12.0,26.405657000395877,auto
1767942149292,Sunny,Day,0.07925347222222222,100.0,2.0,29.70856100000674,auto
1767942149320,Sunny,Day,0.07764756944444444,100.0,3.0,22.167899000123725,auto
1767942149353,Sunny,Day,0.07430555555555556,100.0,4.0,21.519806000014796,auto
1767942149382,Sunny,Day,0.07131076388888889,100.0,4.0,24.726493999878585,auto
1767942149413,Sunny,Day,0.06892361111111112,100.0,4.0,26.51639099985914,auto
1767942149445,Sunny,Day,0.06766493055555556,100.0,3.0,26.644012999895494,auto
1767942149479,Sunny,Day,0.06714409722222223,100.0,2.0,29.247623999708594,auto
1767942149507,Sunny,Day,0.06723090277777778,100.0,0.0,23.07318099974509,auto
1767942149539,Sunny,Day,0.06714409722222223,100.0,-2.0,26.64034700001139,auto
1767942149570,Sunny,Day,0.06779513888888888,100.0,-4.0,26.720473000295897,auto
1767942149602,Sunny,Day,0.06766493055555556,100.0,-5.0,26.83981699965443,auto
1767942149633,Sunny,Day,0.06796875,100.0,-6.0,26.591849999931583,auto
1767942149665,Sunny,Day,0.06840277777777778,100.0,-6.0,26.740749000055075,auto
1767942149696,Sunny,Day,0.06853298611111111,100.0,-5.0,26.621329999670706,auto
1767942149727,Sunny,Day,0.06896701388888889,100.0,-6.0,26.611330999912752,auto
1767942149759,Sunny,Day,0.06892361111111112,100.0,-5.0,26.73065699991639,auto
1767942149790,Sunny,Day,0.06883680555555556,100.0,-5.0,26.599665000048844,auto
1767942149821,Sunny,Day,0.06853298611111111,100.0,-5.0,26.31629100005739,auto
1767942149853,Sunny,Day,0.068359375,100.0,-4.0,26.554295999630995,auto
1767942149884,Sunny,Day,0.0685763888888889,100.0,-4.0,26.591830999677768,auto
1767942149916,Sunny,Day,0.06770833333333333,100.0,-4.0,18.90067900012582,auto
1767942149947,Sunny,Day,0.06783854166666667,100.0,-4.0,26.76361799967708,auto
1767942149979,Sunny,Day,0.06840277777777778,100.0,-4.0,26.90584999982093,auto
1767942150010,Sunny,Day,0.068359375,100.0,-4.0,25.67753300036202,auto
1767942150041,Sunny,Day,0.06818576388888889,100.0,-4.0,25.908763000188628,auto
1767942150073,Sunny,Day,0.06796875,100.0,-4.0,26.441916999829118,auto
1767942150104,Sunny,Day,0.0685763888888889,100.0,-5.0,26.552614999673096,auto
1767942150136,Sunny,Day,0.06853298611111111,100.0,-5.0,27.337718999660865,auto
1767942150167,Sunny,Day,0.06840277777777778,100.0,-5.0,26.160878000155208,auto
1767942150198,Sunny,Day,0.06853298611111111,100.0,-6.0,26.25233599974308,auto
1767942150230,Sunny,Day,0.06848958333333334,100.0,-6.0,25.56402399977742,auto
1767942150264,Sunny,Day,0.06805555555555555,100.0,-6.0,29.531759999827045,auto
1767942150293,Sunny,Day,0.06853298611111111,100.0,-6.0,24.246895000032964,auto
1767942150328,Sunny,Day,0.06801215277777778,100.0,-5.0,29.776801000025443,auto
1767942150355,Sunny,Day,0.0681423611111111,100.0,-5.0,22.313635000045906,auto
1767942150387,Sunny,Day,0.06818576388888889,100.0,-5.0,26.60883399994418,auto
1767942150418,Sunny,Day,0.06796875,100.0,-5.0,26.118233000033797,auto
1767942150450,Sunny,Day,0.06783854166666667,100.0,-5.0,26.15899000011268,auto
1767942150484,Sunny,Day,0.06753472222222222,100.0,-5.0,28.27659099966695,auto
1767942150516,Sunny,Day,0.06705729166666667,100.0,-5.0,26.39767899972867,auto
1767942150548,Sunny,Day,0.06653645833333334,100.0,-5.0,22.112552999715263,auto
1767942150579,Sunny,Day,0.06631944444444444,100.0,-5.0,24.74107099988032,auto
1767942150612,Sunny,Day,0.06710069444444444,100.0,-6.0,27.089805999821692,auto
1767942150642,Sunny,Day,0.0666232638888889,100.0,-6.0,23.471642000004067,auto
1767942150672,Sunny,Day,0.06671006944444445,100.0,-6.0,24.19591700027013,auto
1767942150703,Sunny,Day,0.06666666666666667,100.0,-6.0,25.296797000009974,auto
1767942150735,Sunny,Day,0.06627604166666666,100.0,-6.0,18.181463000018994,auto
1767942150770,Sunny,Day,0.0661892361111111,100.0,-6.0,29.799355000250216,auto
1767942150796,Sunny,Day,0.06566840277777777,100.0,-6.0,20.477165000102104,auto
1767942150828,Sunny,Day,0.06493055555555556,100.0,-6.0,26.20056099976864,auto
1767942150864,Sunny,Day,0.06497395833333333,100.0,-6.0,30.512278000060178,auto
1767942150892,Sunny,Day,0.06519097222222223,100.0,-7.0,20.859903000200575,auto
1767942150923,Sunny,Day,0.064453125,100.0,-7.0,25.37197899982857,auto
1767942150954,Sunny,Day,0.06436631944444444,100.0,-8.0,25.637908000135212,auto
1767942150988,Sunny,Day,0.06388888888888888,100.0,-8.0,20.450758999686514,auto
1767942151017,Sunny,Day,0.06371527777777777,100.0,-8.0,23.535677999916516,auto
1767942151051,Sunny,Day,0.06384548611111111,100.0,-9.0,27.524100999926304,auto
1767942151082,Sunny,Day,0.06488715277777778,100.0,-9.0,25.74446100015848,auto
1767942151111,Sunny,Day,0.06545138888888889,100.0,-9.0,23.38187299983474,auto
1767942151142,Sunny,Day,0.06514756944444444,100.0,-8.0,25.36961199984944,auto
1767942151175,Sunny,Day,0.06597222222222222,100.0,-8.0,25.824105000083364,auto
1767942151206,Sunny,Day,0.06610243055555555,100.0,-7.0,24.282285000026604,auto
1767942151237,Sunny,Day,0.06753472222222222,100.0,-6.0,24.889010000151757,auto
1767942151270,Sunny,Day,0.06701388888888889,100.0,-6.0,26.33048300003793,auto
1767942151301,Sunny,Day,0.06714409722222223,100.0,-6.0,17.52300299995113,auto
1767942151331,Sunny,Day,0.06792534722222222,100.0,-6.0,24.062464000053296,auto
1767942151363,Sunny,Day,0.06853298611111111,100.0,-6.0,25.639688999945065,auto
1767942151396,Sunny,Day,0.06922743055555555,100.0,-6.0,26.65861200011932,auto
1767942151425,Sunny,Day,0.06892361111111112,100.0,-7.0,23.634803000277316,auto
1767942151458,Sunny,Day,0.06948784722222222,100.0,-7.0,26.689703000101872,auto
1767942151488,Sunny,Day,0.069921875,100.0,-7.0,24.069205000159855,auto
1767942151519,Sunny,Day,0.07000868055555555,100.0,-7.0,25.277914000071178,auto
1767942151552,Sunny,Day,0.07013888888888889,100.0,-8.0,27.185267999811913,auto
1767942151584,Sunny,Day,0.07109375,100.0,-8.0,25.28543099970193,auto
1767942151614,Sunny,Day,0.07109375,100.0,-8.0,14.4824349999908,auto
1767942151645,Sunny,Day,0.071875,100.0,-7.0,25.260006999815232,auto
1767942151677,Sunny,Day,0.07174479166666667,100.0,-7.0,25.982798999848455,auto
1767942151709,Sunny,Day,0.07126736111111111,100.0,-6.0,26.603466999858938,auto
1767942151741,Sunny,Day,0.07152777777777777,100.0,-7.0,25.658706000285747,auto
1767942151771,Sunny,Day,0.07265625,100.0,-6.0,24.702723999780574,auto
1767942151804,Sunny,Day,0.07287326388888889,100.0,-7.0,26.602561000345304,auto
1767942151836,Sunny,Day,0.07326388888888889,100.0,-6.0,26.897764999830542,auto
1767942151868,Sunny,Day,0.07387152777777778,100.0,-6.0,24.505068000053143,auto
1767942151896,Sunny,Day,0.07378472222222222,100.0,-6.0,20.091931000024488,auto
1767942151927,Sunny,Day,0.07404513888888889,100.0,21.0,24.725185000079364,auto
1767942151960,Sunny,Day,0.07395833333333333,100.0,21.0,26.38746100001299,auto
1767942151989,Sunny,Day,0.07339409722222222,100.0,21.0,24.150255000222387,auto
1767942152021,Sunny,Day,0.07361111111111111,100.0,19.0,26.42977499999688,auto
1767942152052,Sunny,Day,0.07599826388888889,100.0,16.0,25.8502540000336,auto
1767942152087,Sunny,Day,0.07717013888888889,100.0,10.0,29.067072000088956,auto
1767942152116,Sunny,Day,0.07664930555555556,100.0,6.0,20.59755300024335,auto
1767942152147,Sunny,Day,0.077734375,100.0,2.0,24.550902999635582,auto
1767942152180,Sunny,Day,0.07864583333333333,100.0,-2.0,25.730557999850134,auto
1767942152211,Sunny,Day,0.07973090277777778,100.0,-5.0,25.693133999993734,auto
1767942152241,Sunny,Day,0.08051215277777778,100.0,-7.0,23.752484999931767,auto
1767942152272,Sunny,Day,0.08159722222222222,100.0,-8.0,26.2438069999007,auto
1767942152305,Sunny,Day,0.08211805555555556,100.0,-9.0,26.822958000138897,auto
1767942152335,Sunny,Day,0.08268229166666667,100.0,-10.0,25.04198599990559,auto
1767942152368,Sunny,Day,0.08307291666666666,100.0,-10.0,26.860567999847262,auto
1767942152399,Sunny,Day,0.0818142361111111,100.0,-9.0,25.68461600003502,auto
1767942152433,Sunny,Day,0.08307291666666666,100.0,-9.0,28.34772400001384,auto
1767942152463,Sunny,Day,0.08324652777777777,100.0,-9.0,24.687097999958496,auto
1767942152494,Sunny,Day,0.08342013888888888,100.0,-8.0,24.275178000152664,auto
1767942152524,Sunny,Day,0.08415798611111111,100.0,-7.0,24.029560999679234,auto
1767942152557,Sunny,Day,0.0842013888888889,100.0,-7.0,27.19593799974973,auto
1767942152589,Sunny,Day,0.08407118055555556,100.0,-6.0,25.067391999982647,auto
1767942152620,Sunny,Day,0.08506944444444445,100.0,-6.0,24.221643999680964,auto
1767942152650,Sunny,Day,0.08663194444444444,100.0,-7.0,23.77563200025179,auto
1767942152681,Sunny,Day,0.08576388888888889,100.0,-6.0,24.793666999812558,auto
1767942152713,Sunny,Day,0.08654513888888889,100.0,-7.0,25.06866900012028,auto
1767942152745,Sunny,Day,0.08715277777777777,100.0,-7.0,26.151755999762827,auto
1767942152778,Sunny,Day,0.0859375,100.0,-6.0,25.96547000030114,auto
1767942152807,Sunny,Day,0.08628472222222222,100.0,-6.0,22.899607999988802,auto
1767942152838,Sunny,Day,0.08624131944444445,100.0,-6.0,25.182830000176182,auto
1767942152870,Sunny,Day,0.08628472222222222,100.0,-6.0,25.678522999896813,auto
1767942152901,Sunny,Day,0.08715277777777777,100.0,-6.0,19.734657000299194,auto
1767942152932,Sunny,Day,0.08723958333333333,100.0,-6.0,25.028117000147176,auto
1767942152964,Sunny,Day,0.08719618055555556,100.0,-6.0,26.303988000108802,auto
1767942152996,Sunny,Day,0.08706597222222222,100.0,-5.0,25.805923999996594,auto
1767942153029,Sunny,Day,0.08758680555555555,100.0,-5.0,27.519459999894025,auto
1767942153061,Sunny,Day,0.08763020833333333,100.0,-5.0,22.88553700009288,auto
1767942153092,Sunny,Day,0.08901909722222222,100.0,-6.0,24.80274300023666,auto
1767942153121,Sunny,Day,0.089453125,100.0,-6.0,23.668326000006346,auto
1767942153152,Sunny,Day,0.08776041666666666,100.0,-5.0,24.732302999836975,auto
1767942153184,Sunny,Day,0.08862847222222223,100.0,-6.0,26.424040999700082,auto
1767942153215,Sunny,Day,0.08832465277777778,100.0,-5.0,24.161965000075725,auto
1767942153247,Sunny,Day,0.08854166666666667,100.0,-5.0,24.06765500018082,auto
1767942153279,Sunny,Day,0.08836805555555556,100.0,-6.0,25.823519000368833,auto
1767942153309,Sunny,Day,0.08888888888888889,100.0,-6.0,23.26512699983141,auto
1767942153341,Sunny,Day,0.08914930555555556,100.0,-6.0,25.74289399990448,auto
1767942153371,Sunny,Day,0.09036458333333333,100.0,-6.0,24.531054999897606,auto
1767942153404,Sunny,Day,0.09010416666666667,100.0,-6.0,27.31335999988005,auto
1767942153437,Sunny,Day,0.08984375,100.0,-6.0,26.44198400003006,auto
1767942153466,Sunny,Day,0.0900607638888889,100.0,-6.0,23.812725999960094,auto
1767942153497,Sunny,Day,0.09058159722222223,100.0,-6.0,25.436541000090074,auto
1767942153530,Sunny,Day,0.09040798611111112,100.0,-5.0,26.537996000115527,auto
1767942153561,Sunny,Day,0.0900607638888889,100.0,-6.0,24.85775899958753,auto
1767942153592,Sunny,Day,0.09114583333333333,100.0,-5.0,25.103355999817722,auto
1767942153623,Sunny,Day,0.08997395833333334,100.0,-5.0,20.624886999939918,auto
1767942153655,Sunny,Day,0.09097222222222222,100.0,-5.0,25.755560000106925,auto
1767942153688,Sunny,Day,0.09045138888888889,100.0,-4.0,27.2175319996677,auto
1767942153717,Sunny,Day,0.0900607638888889,100.0,-4.0,22.9712729997118,auto
1767942153749,Sunny,Day,0.09184027777777778,100.0,-4.0,25.934845999927347,auto
1767942153780,Sunny,Day,0.09236111111111112,100.0,-4.0,25.492834000033326,auto
1767942153812,Sunny,Day,0.08875868055555555,100.0,-3.0,26.836795000235725,auto
1767942153843,Sunny,Day,0.09184027777777778,100.0,-3.0,25.780168999972375,auto
1767942153874,Sunny,Day,0.09249131944444444,100.0,-3.0,24.327307000021392,auto
1767942153908,Sunny,Day,0.09140625,100.0,-3.0,28.65343199982817,auto
1767942153939,Sunny,Day,0.09231770833333333,100.0,-3.0,24.569090000113647,auto
1767942153969,Sunny,Day,0.09301215277777777,100.0,-3.0,23.913386999993236,auto
1767942154000,Sunny,Day,0.09331597222222222,100.0,-3.0,22.364491999724123,auto
1767942154031,Sunny,Day,0.09244791666666667,100.0,-2.0,24.274238999623776,auto
1767942154062,Sunny,Day,0.09249131944444444,100.0,-2.0,25.146393999875727,auto
1767942154094,Sunny,Day,0.09288194444444445,100.0,-2.0,26.21874000033131,auto
1767942154127,Sunny,Day,0.09448784722222223,100.0,-2.0,27.386508000290632,auto
1767942154157,Sunny,Day,0.09453125,100.0,-2.0,21.593927999674634,auto
1767942154188,Sunny,Day,0.09435763888888889,100.0,-2.0,26.120301999981166,auto
1767942154220,Sunny,Day,0.09557291666666666,100.0,-1.0,25.201482999818836,auto
1767942154254,Sunny,Day,0.094921875,100.0,-1.0,27.04567599994334,auto
1767942154283,Sunny,Day,0.09561631944444444,100.0,-1.0,23.926480999762134,auto
1767942154314,Sunny,Day,0.09418402777777778,100.0,0.0,24.927980000029493,auto
1767942154345,Sunny,Day,0.09552951388888889,100.0,-1.0,25.612275000185036,auto
1767942154376,Sunny,Day,0.09631076388888889,100.0,-1.0,24.838837000061176,auto
1767942154408,Sunny,Day,0.09557291666666666,100.0,0.0,25.62940300003902,auto
1767942154439,Sunny,Day,0.098046875,100.0,-1.0,25.232259999938833,auto
1767942154470,Sunny,Day,0.09431423611111112,100.0,1.0,25.304145000063727,auto
1767942154503,Sunny,Day,0.09375,100.0,1.0,27.890034999927593,auto
1767942154535,Sunny,Day,0.09309895833333333,100.0,2.0,25.202297999840084,auto
1767942154567,Sunny,Day,0.09305555555555556,100.0,3.0,25.711991999742168,auto
1767942154596,Sunny,Day,0.09249131944444444,100.0,3.0,23.549483999886434,auto
1767942154628,Sunny,Day,0.0921875,100.0,4.0,26.53240800009371,auto
1767942154661,Sunny,Day,0.0920138888888889,100.0,4.0,27.403525999943668,auto
1767942154691,Sunny,Day,0.09131944444444444,100.0,5.0,23.604702999818983,auto
1767942154723,Sunny,Day,0.09097222222222222,100.0,5.0,26.144559999920602,auto
1767942154753,Sunny,Day,0.09071180555555555,100.0,6.0,23.11297200003537,auto
1767942154785,Sunny,Day,0.09053819444444444,100.0,6.0,24.556575000133307,auto
1767942154814,Sunny,Day,0.089453125,100.0,6.0,23.369309000372596,auto
1767942154845,Sunny,Day,0.09092881944444445,100.0,6.0,26.193482999588014,auto
1767942154877,Sunny,Day,0.09019097222222222,100.0,6.0,25.852261000181898,auto
1767942154908,Sunny,Day,0.08823784722222222,100.0,5.0,26.789578999796504,auto
1767942154941,Sunny,Day,0.088671875,100.0,5.0,27.355454999906215,auto
1767942154973,Sunny,Day,0.08845486111111112,100.0,5.0,26.635550999799307,auto
1767942155002,Sunny,Day,0.08862847222222223,100.0,4.0,23.950146000061068,auto
1767942155033,Sunny,Day,0.08693576388888889,100.0,4.0,26.277554999978747,auto
1767942155066,Sunny,Day,0.08684895833333334,100.0,3.0,27.86122500037891,auto
1767942155096,Sunny,Day,0.08576388888888889,100.0,3.0,23.64440800010925,auto
1767942155130,Sunny,Day,0.08715277777777777,100.0,2.0,28.547279000122217,auto
1767942155160,Sunny,Day,0.08637152777777778,100.0,2.0,25.542356000187283,auto
1767942155190,Sunny,Day,0.08585069444444444,100.0,2.0,24.022478999995656,auto
1767942155223,Sunny,Day,0.08493923611111111,100.0,3.0,27.7161970002453,auto
1767942155253,Sunny,Day,0.08559027777777778,100.0,3.0,24.25396600028762,auto
1767942155285,Sunny,Day,0.08559027777777778,100.0,3.0,22.02970300004381,auto
1767942155317,Sunny,Day,0.08684895833333334,100.0,3.0,27.008977999685158,auto
1767942155347,Sunny,Day,0.08715277777777777,100.0,3.0,22.583523000321293,auto
1767942155380,Sunny,Day,0.08680555555555555,100.0,3.0,27.695050000147603,auto
1767942155410,Sunny,Day,0.08754340277777778,100.0,3.0,24.815138000121806,auto
1767942155442,Sunny,Day,0.08793402777777778,100.0,3.0,26.43134399977498,auto
1767942155473,Sunny,Day,0.08697916666666666,100.0,3.0,26.590927000142983,auto
1767942155504,Sunny,Day,0.08776041666666666,100.0,4.0,26.238131999889447,auto
1767942155536,Sunny,Day,0.08832465277777778,100.0,4.0,26.85102299983555,auto
1767942155567,Sunny,Day,0.08897569444444445,100.0,3.0,26.581093999993755,auto
1767942155599,Sunny,Day,0.088671875,100.0,3.0,26.73736299993834,auto
1767942155630,Sunny,Day,0.08823784722222222,100.0,4.0,26.741419000245514,auto
1767942155661,Sunny,Day,0.0890625,100.0,3.0,26.478488000066136,auto
1767942155693,Sunny,Day,0.08845486111111112,100.0,3.0,25.972073000048113,auto
1767942155724,Sunny,Day,0.08884548611111111,100.0,3.0,26.64490500001193,auto
1767942155756,Sunny,Day,0.08845486111111112,100.0,3.0,26.169562000177393,auto
1767942155787,Sunny,Day,0.08784722222222222,100.0,3.0,26.197059999958583,auto
1767942155818,Sunny,Day,0.088671875,100.0,3.0,26.37536500014903,auto
1767942155852,Sunny,Day,0.08841145833333333,100.0,4.0,28.757656999914616,auto
1767942155881,Sunny,Day,0.08884548611111111,100.0,4.0,22.610520999933215,auto
1767942155913,Sunny,Day,0.08897569444444445,100.0,4.0,25.49078499987445,auto
1767942155944,Sunny,Day,0.09001736111111111,100.0,4.0,26.646665000043868,auto
1767942155975,Sunny,Day,0.08858506944444444,100.0,4.0,26.702105999902415,auto
1767942156007,Sunny,Day,0.08940972222222222,100.0,3.0,26.766305999899487,auto
1767942156038,Sunny,Day,0.08880208333333334,100.0,4.0,26.798326000061934,auto
1767942156069,Sunny,Day,0.08927951388888888,100.0,3.0,26.411347999783175,auto
1767942156101,Sunny,Day,0.08901909722222222,100.0,4.0,26.649666999674082,auto
1767942156132,Sunny,Day,0.08893229166666666,100.0,4.0,26.563079999959882,auto
1767942156164,Sunny,Day,0.08958333333333333,100.0,4.0,26.861877999635908,auto
1767942156195,Sunny,Day,0.08858506944444444,100.0,4.0,26.62024300025223,auto
1767942156226,Sunny,Day,0.0900607638888889,100.0,4.0,26.77840099977402,auto
1767942156258,Sunny,Day,0.08910590277777777,100.0,4.0,26.23698700017485,auto
1767942156289,Sunny,Day,0.08988715277777778,100.0,3.0,26.829860999896482,auto
1767942156320,Sunny,Day,0.08854166666666667,100.0,3.0,25.930949000212422,auto
1767942156353,Sunny,Day,0.0896267361111111,100.0,3.0,27.65753699986817,auto
1767942156384,Sunny,Day,0.08845486111111112,100.0,4.0,25.936669999737205,auto
1767942156415,Sunny,Day,0.08949652777777778,100.0,3.0,22.341520999816566,auto
1767942156446,Sunny,Day,0.08854166666666667,100.0,4.0,26.53345199996693,auto
1767942156478,Sunny,Day,0.088671875,100.0,3.0,26.507454000238795,auto
1767942156509,Sunny,Day,0.08927951388888888,100.0,3.0,26.207452000107878,auto
1767942156541,Sunny,Day,0.08780381944444444,100.0,3.0,26.70316500007175,auto
1767942156572,Sunny,Day,0.08845486111111112,100.0,3.0,26.65975999980219,auto
1767942156603,Sunny,Day,0.0875,100.0,4.0,26.150009999582835,auto
1767942156635,Sunny,Day,0.08841145833333333,100.0,3.0,26.648890000160463,auto
1767942156666,Sunny,Day,0.08819444444444445,100.0,3.0,26.585597000121197,auto
1767942156698,Sunny,Day,0.0876736111111111,100.0,4.0,27.206359000047087,auto
1767942156729,Sunny,Day,0.0881076388888889,100.0,3.0,26.247263999721326,auto
1767942156760,Sunny,Day,0.08893229166666666,100.0,3.0,26.8153249999159,auto
1767942156793,Sunny,Day,0.08841145833333333,100.0,3.0,27.849247999711224,auto
1767942156824,Sunny,Day,0.08745659722222222,100.0,3.0,24.96581800005515,auto
1767942156854,Sunny,Day,0.08745659722222222,100.0,3.0,25.383331999819347,auto
1767942156887,Sunny,Day,0.08815104166666667,100.0,3.0,28.193061999900237,auto
1767942156917,Sunny,Day,0.08719618055555556,100.0,3.0,22.61991300019872,auto
1767942156949,Sunny,Day,0.08797743055555556,100.0,3.0,26.44114200029435,auto
1767942156980,Sunny,Day,0.08671875,100.0,4.0,21.953710000161664,auto
1767942157011,Sunny,Day,0.08728298611111111,100.0,4.0,26.38772099999187,auto
1767942157043,Sunny,Day,0.08697916666666666,100.0,4.0,26.721167000232526,auto
1767942157075,Sunny,Day,0.08624131944444445,100.0,4.0,26.37605700010681,auto
1767942157106,Sunny,Day,0.08567708333333333,100.0,4.0,25.61158099979366,auto
1767942157137,Sunny,Day,0.08559027777777778,100.0,4.0,26.69211299962626,auto
1767942157169,Sunny,Day,0.08658854166666667,100.0,3.0,26.566768000066077,auto
1767942157200,Sunny,Day,0.08585069444444444,100.0,3.0,26.35618800013617,auto
1767942157231,Sunny,Day,0.08498263888888889,100.0,4.0,26.047409000057087,auto
1767942157263,Sunny,Day,0.08411458333333334,100.0,3.0,26.69759399987015,auto
1767942157294,Sunny,Day,0.08550347222222222,100.0,3.0,26.504161000048043,auto
1767942157326,Sunny,Day,0.08528645833333333,100.0,3.0,26.459144999989803,auto
1767942157357,Sunny,Day,0.08467881944444444,100.0,4.0,26.51145700019697,auto
1767942157388,Sunny,Day,0.08337673611111111,100.0,3.0,26.842309000130626,auto
1767942157420,Sunny,Day,0.08454861111111112,100.0,2.0,26.053852000131883,auto
1767942157451,Sunny,Day,0.08489583333333334,100.0,2.0,26.563158000044496,auto
1767942157484,Sunny,Day,0.08446180555555556,100.0,3.0,27.857362999839097,auto
1767942157517,Sunny,Day,0.08298611111111111,100.0,3.0,28.320355999767344,auto
1767942157545,Sunny,Day,0.0837673611111111,100.0,3.0,23.405131000345136,auto
1767942157578,Sunny,Day,0.08328993055555556,100.0,3.0,28.40460900006292,auto
1767942157608,Sunny,Day,0.08346354166666667,100.0,3.0,23.969691999809584,auto
1767942157639,Sunny,Day,0.08298611111111111,100.0,3.0,22.040743999696133,auto
1767942157671,Sunny,Day,0.08237847222222222,100.0,3.0,26.995355000053678,auto
1767942157702,Sunny,Day,0.08337673611111111,100.0,2.0,26.062463000016578,auto
1767942157734,Sunny,Day,0.08315972222222222,100.0,2.0,26.682242999868322,auto
1767942157765,Sunny,Day,0.0828125,100.0,2.0,26.038853000045492,auto
1767942157797,Sunny,Day,0.08285590277777778,100.0,2.0,25.62289499974213,auto
1767942157829,Sunny,Day,0.08350694444444444,100.0,2.0,27.19638100006705,auto
1767942157859,Sunny,Day,0.0828125,100.0,2.0,25.776535000204603,auto
1767942157891,Sunny,Day,0.08255208333333333,100.0,2.0,26.617450000230747,auto
1767942157922,Sunny,Day,0.08298611111111111,100.0,1.0,26.76884999982576,auto
1767942157954,Sunny,Day,0.08311631944444445,100.0,1.0,26.688261000344937,auto
1767942157987,Sunny,Day,0.08342013888888888,100.0,1.0,28.42653400011841,auto
1767942158016,Sunny,Day,0.08307291666666666,100.0,1.0,23.88632799966217,auto
1767942158048,Sunny,Day,0.08285590277777778,100.0,1.0,26.960213000165822,auto
1767942158080,Sunny,Day,0.08315972222222222,100.0,1.0,27.09074199992756,auto
1767942158111,Sunny,Day,0.08350694444444444,100.0,1.0,25.243513000077655,auto
1767942158142,Sunny,Day,0.08333333333333333,100.0,2.0,26.48896100026832,auto
1767942158173,Sunny,Day,0.08337673611111111,100.0,2.0,26.43046499997581,auto
1767942158206,Sunny,Day,0.08350694444444444,100.0,2.0,28.10037100016416,auto
1767942158238,Sunny,Day,0.0837673611111111,100.0,2.0,27.85484700007146,auto
1767942158267,Sunny,Day,0.08450520833333333,100.0,2.0,24.3048990000716,auto
1767942158299,Sunny,Day,0.08472222222222223,100.0,2.0,26.75372400017295,auto
1767942158330,Sunny,Day,0.08433159722222222,100.0,2.0,26.41353999979401,auto
1767942158362,Sunny,Day,0.08493923611111111,100.0,2.0,26.37441300021237,auto
1767942158393,Sunny,Day,0.084765625,100.0,2.0,27.013412999622233,auto
1767942158424,Sunny,Day,0.08498263888888889,100.0,2.0,26.399263000257633,auto
1767942158456,Sunny,Day,0.08489583333333334,100.0,2.0,26.342285000282573,auto
1767942158487,Sunny,Day,0.084765625,100.0,2.0,26.31111900018368,auto
1767942158518,Sunny,Day,0.08511284722222222,100.0,2.0,26.445296999554557,auto
1767942158552,Sunny,Day,0.08441840277777778,100.0,2.0,28.667357999893284,auto
1767942158581,Sunny,Day,0.08489583333333334,100.0,2.0,23.897421000128816,auto
1767942158613,Sunny,Day,0.08463541666666667,100.0,2.0,26.32143399978304,auto
1767942158645,Sunny,Day,0.084375,100.0,2.0,27.242382999702386,auto
1767942158675,Sunny,Day,0.08493923611111111,100.0,2.0,25.216903000000457,auto
1767942158711,Sunny,Day,0.08454861111111112,100.0,2.0,28.835959999923944,auto
1767942158738,Sunny,Day,0.08472222222222223,100.0,2.0,22.66754599986598,auto
1767942158771,Sunny,Day,0.08498263888888889,100.0,1.0,27.462833000299725,auto
1767942158801,Sunny,Day,0.0857204861111111,100.0,1.0,25.116611999692395,auto
1767942158833,Sunny,Day,0.08559027777777778,100.0,2.0,25.936565999927552,auto
1767942158864,Sunny,Day,0.08619791666666667,100.0,2.0,26.65397100008704,auto
1767942158895,Sunny,Day,0.0857204861111111,100.0,2.0,26.22558700022637,auto
1767942158927,Sunny,Day,0.08563368055555555,100.0,2.0,25.54860700001882,auto
1767942158960,Sunny,Day,0.08671875,100.0,2.0,28.402187999745365,auto
1767942158990,Sunny,Day,0.08624131944444445,100.0,2.0,23.580530999879556,auto
1767942159023,Sunny,Day,0.08602430555555556,100.0,1.0,28.672378999999637,auto
1767942159052,Sunny,Day,0.08684895833333334,100.0,1.0,23.525557000084518,auto
1767942159084,Sunny,Day,0.0859375,100.0,2.0,26.447060000009515,auto
1767942159115,Sunny,Day,0.08645833333333333,100.0,2.0,26.572960000066814,auto
1767942159147,Sunny,Day,0.08719618055555556,100.0,2.0,26.226591000067856,auto
1767942159178,Sunny,Day,0.08663194444444444,100.0,2.0,25.9149969997452,auto
1767942159209,Sunny,Day,0.08680555555555555,100.0,2.0,26.546666000285768,auto
1767942159241,Sunny,Day,0.08862847222222223,100.0,2.0,26.78039300008095,auto
1767942159272,Sunny,Day,0.08706597222222222,100.0,2.0,25.949069000034797,auto
1767942159304,Sunny,Day,0.08784722222222222,100.0,2.0,26.335473000017373,auto
1767942159336,Sunny,Day,0.08888888888888889,100.0,2.0,27.431911999883596,auto
1767942159367,Sunny,Day,0.089453125,100.0,1.0,26.009046999661223,auto
1767942159398,Sunny,Day,0.08967013888888889,100.0,1.0,22.02230700004293,auto
1767942159431,Sunny,Day,0.08949652777777778,100.0,1.0,28.796632000194222,auto
1767942159462,Sunny,Day,0.08884548611111111,100.0,1.0,26.035564999801863,auto
1767942159492,Sunny,Day,0.08793402777777778,100.0,1.0,24.4981320001898,auto
1767942159524,Sunny,Day,0.089453125,100.0,2.0,27.610347000063484,auto
1767942159555,Sunny,Day,0.08880208333333334,100.0,2.0,22.913016000075004,auto
1767942159586,Sunny,Day,0.08776041666666666,100.0,3.0,21.871464000014385,auto
1767942159617,Sunny,Day,0.08884548611111111,100.0,2.0,26.525684999796795,auto
1767942159649,Sunny,Day,0.08967013888888889,100.0,3.0,25.163723999867216,auto
1767942159680,Sunny,Day,0.0890625,100.0,3.0,25.85418499984371,auto
1767942159712,Sunny,Day,0.087890625,100.0,3.0,27.144705999944563,auto
1767942159747,Sunny,Day,0.08741319444444444,100.0,4.0,30.274123000253894,auto
1767942159776,Sunny,Day,0.08880208333333334,100.0,3.0,23.357658000350057,auto
1767942159809,Sunny,Day,0.08832465277777778,100.0,4.0,28.538258000025962,auto
1767942159843,Sunny,Day,0.08784722222222222,100.0,4.0,27.987196000140102,auto
1767942159874,Sunny,Day,0.08841145833333333,100.0,3.0,23.549462000119092,auto
1767942159902,Sunny,Day,0.08927951388888888,100.0,4.0,21.07104500009882,auto
1767942159934,Sunny,Day,0.0881076388888889,100.0,4.0,26.02458299998034,auto
1767942159970,Sunny,Day,0.08745659722222222,100.0,4.0,30.2929370000129,auto
1767942159997,Sunny,Day,0.08888888888888889,100.0,5.0,20.77928399967277,auto
1767942160029,Sunny,Day,0.09032118055555556,100.0,4.0,26.54257599988341,auto
1767942160060,Sunny,Day,0.08997395833333334,100.0,4.0,24.17241200009812,auto
1767942160092,Sunny,Day,0.08919270833333333,100.0,5.0,26.57074199987619,auto
1767942160123,Sunny,Day,0.08967013888888889,100.0,5.0,24.44395300017277,auto
1767942160155,Sunny,Day,0.08771701388888889,100.0,5.0,26.12411800009795,auto
1767942160186,Sunny,Day,0.09066840277777778,100.0,5.0,25.876429000163625,auto
1767942160217,Sunny,Day,0.08932291666666667,100.0,5.0,24.54179899996234,auto
1767942160250,Sunny,Day,0.08858506944444444,100.0,5.0,26.991699000063818,auto
1767942160280,Sunny,Day,0.08893229166666666,100.0,5.0,24.445192999792198,auto
1767942160312,Sunny,Day,0.08758680555555555,100.0,5.0,26.23518599966701,auto
1767942160342,Sunny,Day,0.087109375,100.0,5.0,24.028715999975248,auto
1767942160374,Sunny,Day,0.08381076388888889,100.0,6.0,26.100768000105745,auto
1767942160405,Sunny,Day,0.08259548611111112,100.0,6.0,21.98718199997529,auto
1767942160437,Sunny,Day,0.08285590277777778,100.0,5.0,25.12334099992586,auto
1767942160469,Sunny,Day,0.08151041666666667,100.0,6.0,26.148227999783558,auto
1767942160500,Sunny,Day,0.08138020833333333,100.0,7.0,24.389178000092215,auto
1767942160531,Sunny,Day,0.08020833333333334,100.0,7.0,24.784638000255654,auto
1767942160563,Sunny,Day,0.08016493055555556,100.0,7.0,21.525670000301034,auto
1767942160596,Sunny,Day,0.07981770833333333,100.0,6.0,20.95270299969343,auto
1767942160625,Sunny,Day,0.07808159722222222,100.0,7.0,22.81078499981959,auto
1767942160658,Sunny,Day,0.07994791666666666,100.0,7.0,27.432416000010562,auto
1767942160689,Sunny,Day,0.07634548611111111,100.0,8.0,25.583481000012398,auto
1767942160720,Sunny,Day,0.07855902777777778,100.0,8.0,25.153727999622788,auto
1767942160753,Sunny,Day,0.07751736111111111,100.0,9.0,27.30301600013263,auto
1767942160783,Sunny,Day,0.07703993055555555,100.0,8.0,24.8246719997951,auto
1767942160819,Sunny,Day,0.07717013888888889,100.0,7.0,29.365715000039927,auto
1767942160845,Sunny,Day,0.07599826388888889,100.0,7.0,20.04093899995496,auto
1767942160877,Sunny,Day,0.07747395833333333,100.0,6.0,26.100731000042288,auto
1767942160909,Sunny,Day,0.07556423611111111,100.0,6.0,26.652829999875394,auto
1767942160939,Sunny,Day,0.07734375,100.0,5.0,23.687662000156706,auto
1767942160972,Sunny,Day,0.07795138888888889,100.0,5.0,26.890316000390158,auto
1767942161002,Sunny,Day,0.07634548611111111,100.0,5.0,23.095972999726655,auto
1767942161033,Sunny,Day,0.07743055555555556,100.0,5.0,21.318184999927325,auto
1767942161066,Sunny,Day,0.07864583333333333,100.0,6.0,27.245874000072945,auto
1767942161096,Sunny,Day,0.07764756944444444,100.0,6.0,21.665277000010974,auto
1767942161127,Sunny,Day,0.07973090277777778,100.0,7.0,25.345609999931185,auto
1767942161159,Sunny,Day,0.07899305555555555,100.0,7.0,26.140472999941267,auto
1767942161191,Sunny,Day,0.0802951388888889,100.0,7.0,26.172562999818183,auto
1767942161224,Sunny,Day,0.07894965277777778,100.0,7.0,27.05258900004992,auto
1767942161256,Sunny,Day,0.07973090277777778,100.0,7.0,25.935983999715972,auto
1767942161286,Sunny,Day,0.08211805555555556,100.0,6.0,23.08417999984158,auto
1767942161316,Sunny,Day,0.08059895833333333,100.0,6.0,24.117882000155078,auto
1767942161347,Sunny,Day,0.08081597222222223,100.0,7.0,25.597133000246686,auto
1767942161379,Sunny,Day,0.08133680555555556,100.0,6.0,24.99177800018515,auto
1767942161410,Sunny,Day,0.08159722222222222,100.0,4.0,24.693386999842915,auto
1767942161441,Sunny,Day,0.08250868055555556,100.0,4.0,24.95178000026499,auto
1767942161474,Sunny,Day,0.08263888888888889,100.0,4.0,26.621928000167827,auto
1767942161504,Sunny,Day,0.08363715277777778,100.0,4.0,25.15576800033159,auto
1767942161536,Sunny,Day,0.08298611111111111,100.0,4.0,23.85324800025046,auto
1767942161568,Sunny,Day,0.08428819444444445,100.0,4.0,22.127584999907413,auto
1767942161600,Sunny,Day,0.08276909722222223,100.0,5.0,24.674832000073366,auto
1767942161629,Sunny,Day,0.08355034722222222,100.0,5.0,23.59028099999705,auto
1767942161663,Sunny,Day,0.08446180555555556,100.0,5.0,27.79158399971493,auto
1767942161693,Sunny,Day,0.08463541666666667,100.0,4.0,24.1910069998994,auto
1767942161725,Sunny,Day,0.08606770833333334,100.0,5.0,25.12045500043314,auto
1767942161756,Sunny,Day,0.084375,100.0,5.0,24.612094999611145,auto
1767942161789,Sunny,Day,0.08515625,100.0,6.0,26.53333999978713,auto
1767942161818,Sunny,Day,0.08624131944444445,100.0,4.0,22.537468999871635,auto
1767942161850,Sunny,Day,0.08806423611111111,100.0,3.0,25.976611000260164,auto
1767942161882,Sunny,Day,0.08515625,100.0,6.0,26.740513000277133,auto
1767942161914,Sunny,Day,0.08324652777777777,100.0,6.0,25.545283000155905,auto
1767942161944,Sunny,Day,0.08519965277777777,100.0,5.0,24.860525999883976,auto
1767942161976,Sunny,Day,0.08493923611111111,100.0,5.0,26.22739399976126,auto
1767942162008,Sunny,Day,0.08489583333333334,100.0,5.0,24.662055000135297,auto
1767942162038,Sunny,Day,0.08467881944444444,100.0,5.0,22.292283000297175,auto
1767942162069,Sunny,Day,0.08459201388888889,100.0,4.0,25.440367000101105,auto
1767942162101,Sunny,Day,0.08654513888888889,100.0,4.0,25.835752000148204,auto
1767942162134,Sunny,Day,0.08832465277777778,100.0,4.0,26.784811000197806,auto
1767942162164,Sunny,Day,0.087109375,100.0,4.0,23.58850699965842,auto
1767942162196,Sunny,Day,0.08654513888888889,100.0,3.0,26.63002300005246,auto
1767942162226,Sunny,Day,0.08858506944444444,100.0,3.0,24.121013999774732,auto
1767942162258,Sunny,Day,0.08763020833333333,100.0,4.0,26.065053999900556,auto
1767942162289,Sunny,Day,0.09010416666666667,100.0,3.0,26.17477100011456,auto
1767942162322,Sunny,Day,0.09084201388888889,100.0,3.0,26.999427999726322,auto
1767942162352,Sunny,Day,0.09084201388888889,100.0,3.0,23.891879000075278,auto
1767942162384,Sunny,Day,0.09144965277777778,100.0,3.0,25.569785999778105,auto
1767942162415,Sunny,Day,0.09131944444444444,100.0,4.0,25.48953099994833,auto
1767942162446,Sunny,Day,0.09383680555555556,100.0,4.0,25.12340299972493,auto
1767942162480,Sunny,Day,0.09162326388888889,100.0,5.0,26.184825000200362,auto
1767942162509,Sunny,Day,0.09444444444444444,100.0,4.0,18.7255539999569,auto
1767942162542,Sunny,Day,0.09587673611111111,100.0,4.0,27.973448000011558,auto
1767942162571,Sunny,Day,0.09388020833333334,100.0,5.0,23.461421000320115,auto
1767942162606,Sunny,Day,0.09392361111111111,100.0,5.0,29.311652000160393,auto
1767942162635,Sunny,Day,0.09635416666666667,100.0,5.0,23.038981999889074,auto
1767942162666,Sunny,Day,0.09761284722222222,100.0,5.0,25.261172999762493,auto
1767942162699,Sunny,Day,0.09587673611111111,100.0,6.0,26.677520999783155,auto
1767942162730,Sunny,Day,0.095703125,100.0,6.0,25.580155000170635,auto
1767942162760,Sunny,Day,0.09600694444444445,100.0,6.0,24.651763000292704,auto
1767942162791,Sunny,Day,0.09578993055555556,100.0,5.0,25.815049999891926,auto
1767942162823,Sunny,Day,0.09470486111111111,100.0,5.0,21.793494999656104,auto
1767942162855,Sunny,Day,0.09518229166666667,100.0,5.0,21.43045999991955,auto
1767942162886,Sunny,Day,0.09722222222222222,100.0,3.0,25.60687599998346,auto
1767942162918,Sunny,Day,0.09947916666666666,100.0,4.0,25.85806599972784,auto
1767942162949,Sunny,Day,0.09796006944444445,100.0,3.0,25.967300000047544,auto
1767942162979,Sunny,Day,0.09496527777777777,100.0,4.0,24.1995470000802,auto
1767942163012,Sunny,Day,0.09370659722222222,100.0,3.0,26.41222199963522,auto
1767942163045,Sunny,Day,0.09066840277777778,100.0,5.0,27.223475000027975,auto
1767942163074,Sunny,Day,0.09270833333333334,100.0,4.0,22.28121200005262,auto
1767942163105,Sunny,Day,0.09110243055555556,100.0,4.0,26.23601100003725,auto
1767942163138,Sunny,Day,0.09032118055555556,100.0,3.0,21.948990000055346,auto
1767942163168,Sunny,Day,0.08871527777777778,100.0,5.0,24.038762000145653,auto
1767942163199,Sunny,Day,0.0900607638888889,100.0,3.0,25.52860600007989,auto
1767942163231,Sunny,Day,0.08802083333333334,100.0,4.0,25.48379300014858,auto
1767942163262,Sunny,Day,0.0890625,100.0,4.0,24.55682700019679,auto
1767942163293,Sunny,Day,0.08580729166666666,100.0,3.0,25.685059999887017,auto
1767942163330,Sunny,Day,0.08728298611111111,100.0,3.0,30.28447299993786,auto
1767942163357,Sunny,Day,0.08528645833333333,100.0,5.0,20.243583000137733,auto
1767942163387,Sunny,Day,0.083984375,100.0,4.0,24.92284300024039,auto
1767942163423,Sunny,Day,0.08237847222222222,100.0,4.0,27.419501000167656,auto
1767942163451,Sunny,Day,0.08272569444444444,100.0,4.0,19.623322000370536,auto
1767942163482,Sunny,Day,0.08276909722222223,100.0,4.0,25.580306999927416,auto
1767942163514,Sunny,Day,0.08077256944444444,100.0,4.0,25.91730699987238,auto
1767942163547,Sunny,Day,0.07543402777777777,100.0,4.0,27.042504000291956,auto
1767942163576,Sunny,Day,0.07994791666666666,100.0,5.0,22.927434999928664,auto
1767942163607,Sunny,Day,0.07543402777777777,100.0,4.0,25.838163000116765,auto
1767942163639,Sunny,Day,0.07408854166666666,100.0,5.0,25.92163999997865,auto
1767942163671,Sunny,Day,0.07105034722222223,100.0,5.0,26.839607000056276,auto
1767942163702,Sunny,Day,0.06905381944444444,100.0,5.0,25.178550999953586,auto
1767942163735,Sunny,Day,0.07026909722222222,100.0,5.0,27.689171000019996,auto
1767942163765,Sunny,Day,0.06697048611111112,100.0,5.0,23.365224999906786,auto
1767942163796,Sunny,Day,0.0640625,100.0,5.0,22.821774000021833,auto
1767942163828,Sunny,Day,0.06180555555555556,100.0,5.0,26.18699499998911,auto
1767942163859,Sunny,Day,0.06193576388888889,100.0,4.0,24.16127400010737,auto
1767942163890,Sunny,Day,0.05980902777777778,100.0,5.0,25.13603499983219,auto
1767942163922,Sunny,Day,0.05277777777777778,100.0,5.0,25.86153199990804,auto
1767942163954,Sunny,Day,0.04969618055555555,99.3923611111111,8.0,25.017985999966186,auto
1767942163985,Sunny,Day,0.044921875,89.84375,9.0,24.725743000090006,auto
1767942164021,Sunny,Day,0.04188368055555555,83.7673611111111,-28.0,29.490371000065352,auto
1767942164050,Sunny,Day,0.031206597222222222,62.41319444444444,-28.0,16.803091000383574,auto
1767942164081,Sunny,Day,0.03671875,73.4375,-30.0,23.07702200005224,auto
1767942164111,Sunny,Day,0.03420138888888889,68.40277777777779,-29.0,23.442075999810186,auto
1767942164143,Sunny,Day,0.028645833333333332,57.291666666666664,-26.0,26.109374000043317,auto
1767942164177,Sunny,Day,0.033637152777777776,67.27430555555556,-24.0,28.72228499973062,auto
1767942164203,Sunny,Day,0.035546875,71.09375,-20.0,20.055003999914334,auto
1767942164238,Sunny,Day,0.03815104166666667,76.30208333333334,-18.0,28.261698999813234,auto
1767942164268,Sunny,Day,0.04422743055555556,88.45486111111111,-17.0,23.42118800015669,auto
1767942164299,Sunny,Day,0.04618055555555556,92.36111111111111,-14.0,17.44622200021695,auto
1767942164329,Sunny,Day,0.04700520833333333,94.01041666666667,-9.0,24.65869500019835,auto
1767942164365,Sunny,Day,0.05325520833333333,100.0,-9.0,28.669454000009864,auto
1767942164394,Sunny,Day,0.055815972222222225,100.0,-7.0,23.740152999835118,auto
1767942164423,Sunny,Day,0.06059027777777778,100.0,-4.0,23.210570000173902,auto
1767942164456,Sunny,Day,0.06354166666666666,100.0,-1.0,27.886812000360806,auto
1767942164486,Sunny,Day,0.06584201388888888,100.0,0.0,23.278066999864677,auto
1767942164519,Sunny,Day,0.07126736111111111,100.0,-1.0,26.978492000125698,auto
1767942164551,Sunny,Day,0.0734375,100.0,1.0,17.082427999866923,auto
1767942164583,Sunny,Day,0.07582465277777778,100.0,4.0,26.16975899991303,auto
1767942164613,Sunny,Day,0.07842881944444445,100.0,6.0,22.113538999747107,auto
1767942164644,Sunny,Day,0.0828125,100.0,7.0,25.19942400022046,auto
1767942164675,Sunny,Day,0.08802083333333334,100.0,8.0,17.726725000102306,auto
1767942164707,Sunny,Day,0.08936631944444444,100.0,11.0,25.61090100016372,auto
1767942164738,Sunny,Day,0.08871527777777778,100.0,13.0,25.6473989998085,auto
1767942164772,Sunny,Day,0.09110243055555556,100.0,12.0,28.409949999968376,auto
1767942164801,Sunny,Day,0.09331597222222222,100.0,12.0,22.77405799986809,auto
1767942164832,Sunny,Day,0.09453125,100.0,17.0,25.740967999809072,auto
1767942164865,Sunny,Day,0.09370659722222222,100.0,15.0,26.77324399974168,auto
1767942164895,Sunny,Day,0.09327256944444444,100.0,16.0,24.016988999846944,auto
1767942164926,Sunny,Day,0.09066840277777778,100.0,18.0,25.29202899995653,auto
1767942164959,Sunny,Day,0.09227430555555556,100.0,17.0,25.745672000084596,auto
1767942164991,Sunny,Day,0.09318576388888888,100.0,26.0,26.24642099999619,auto
1767942165020,Sunny,Day,0.08988715277777778,100.0,29.0,22.182204000273487,auto
1767942165051,Sunny,Day,0.09040798611111112,100.0,24.0,25.768507000066165,auto
1767942165083,Sunny,Day,0.09114583333333333,100.0,26.0,25.69758500021635,auto
1767942165116,Sunny,Day,0.08389756944444444,100.0,24.0,27.378584999951272,auto
1767942165149,Sunny,Day,0.084375,100.0,28.0,27.010142000108317,auto
1767942165179,Sunny,Day,0.08159722222222222,100.0,25.0,23.887258999820915,auto
1767942165214,Sunny,Day,0.087890625,100.0,29.0,28.477597999881255,auto
1767942165240,Sunny,Day,0.08658854166666667,100.0,30.0,20.11652100009087,auto
1767942165271,Sunny,Day,0.08958333333333333,100.0,30.0,25.773802999992768,auto
1767942165307,Sunny,Day,0.08967013888888889,100.0,31.0,25.055916999917827,auto
1767942165334,Sunny,Day,0.0875,100.0,34.0,19.652269999824057,auto
1767942165366,Sunny,Day,0.08880208333333334,100.0,31.0,25.729063999733626,auto
1767942165399,Sunny,Day,0.08428819444444445,100.0,30.0,27.569834000132687,auto
1767942165430,Sunny,Day,0.08871527777777778,100.0,29.0,16.98565700007748,auto
1767942165461,Sunny,Day,0.08793402777777778,100.0,29.0,23.960236000220902,auto
1767942165492,Sunny,Day,0.08480902777777778,100.0,24.0,25.315253999906417,auto
1767942165524,Sunny,Day,0.09053819444444444,100.0,24.0,25.956051999855845,auto
1767942165554,Sunny,Day,0.08524305555555556,100.0,25.0,23.881832999904873,auto
1767942165587,Sunny,Day,0.083203125,100.0,24.0,27.246054999977787,auto
1767942165619,Sunny,Day,0.08111979166666666,100.0,22.0,27.089137999610102,auto
1767942165649,Sunny,Day,0.08381076388888889,100.0,20.0,23.00551100006487,auto
1767942165680,Sunny,Day,0.08715277777777777,100.0,21.0,25.87170500009961,auto
1767942165711,Sunny,Day,0.08116319444444445,100.0,20.0,25.98362500020812,auto
1767942165743,Sunny,Day,0.08216145833333334,100.0,20.0,25.9746990000167,auto
1767942165774,Sunny,Day,0.08381076388888889,100.0,17.0,21.646936999786703,auto
1767942165806,Sunny,Day,0.08094618055555555,100.0,18.0,24.369416999888927,auto
1767942165837,Sunny,Day,0.08068576388888889,100.0,19.0,23.648733999834803,auto
1767942165870,Sunny,Day,0.07894965277777778,100.0,18.0,26.917239999875164,auto
1767942165901,Sunny,Day,0.08038194444444445,100.0,19.0,25.239053999939642,auto
1767942165933,Sunny,Day,0.07990451388888889,100.0,18.0,20.670399000209727,auto
1767942165962,Sunny,Day,0.077734375,100.0,18.0,23.5428519999914,auto
1767942165995,Sunny,Day,0.07703993055555555,100.0,17.0,27.050916999996844,auto
1767942166027,Sunny,Day,0.07786458333333333,100.0,13.0,25.700958000015817,auto
1767942166057,Sunny,Day,0.07573784722222222,100.0,12.0,20.599627000137843,auto
1767942166088,Sunny,Day,0.07565104166666667,100.0,10.0,24.373290999847086,auto
1767942166120,Sunny,Day,0.07352430555555556,100.0,10.0,25.282072999743832,auto
1767942166152,Sunny,Day,0.07526041666666666,100.0,7.0,25.690069999654952,auto
1767942166182,Sunny,Day,0.075390625,100.0,6.0,24.767398000221874,auto
1767942166216,Sunny,Day,0.07651909722222222,100.0,4.0,27.7923430003284,auto
1767942166247,Sunny,Day,0.07521701388888889,100.0,5.0,21.253777000310947,auto
1767942166276,Sunny,Day,0.07582465277777778,100.0,5.0,23.42776799969215,auto
1767942166312,Sunny,Day,0.07795138888888889,100.0,4.0,29.412088000299264,auto
1767942166339,Sunny,Day,0.07990451388888889,100.0,4.0,20.39439800000764,auto
1767942166370,Sunny,Day,0.07864583333333333,100.0,6.0,26.18711600007373,auto
1767942166403,Sunny,Day,0.08103298611111111,100.0,5.0,19.47454099990864,auto
1767942166435,Sunny,Day,0.08333333333333333,100.0,5.0,27.29272199985644,auto
1767942166465,Sunny,Day,0.08532986111111111,100.0,4.0,24.424140000064654,auto
1767942166497,Sunny,Day,0.08598090277777778,100.0,5.0,25.23103900011847,auto
1767942166529,Sunny,Day,0.08771701388888889,100.0,5.0,26.02057000012792,auto
1767942166561,Sunny,Day,0.08893229166666666,100.0,5.0,26.12386000009792,auto
1767942166591,Sunny,Day,0.08914930555555556,100.0,6.0,23.202946999845153,auto
1767942166624,Sunny,Day,0.09040798611111112,100.0,6.0,26.671422999697825,auto
1767942166653,Sunny,Day,0.08832465277777778,100.0,8.0,22.175447999870812,auto
1767942166687,Sunny,Day,0.09149305555555555,100.0,7.0,27.22909600015555,auto
1767942166718,Sunny,Day,0.091796875,100.0,6.0,23.23200099999667,auto
1767942166748,Sunny,Day,0.09249131944444444,100.0,6.0,23.421824000251945,auto
1767942166778,Sunny,Day,0.09227430555555556,100.0,6.0,24.85430099977748,auto
1767942166813,Sunny,Day,0.09262152777777778,100.0,6.0,28.874653999992006,auto
1767942166842,Sunny,Day,0.09552951388888889,100.0,4.0,22.519743999964703,auto
1767942166874,Sunny,Day,0.09626736111111112,100.0,4.0,26.44473200007269,auto
1767942166905,Sunny,Day,0.096484375,100.0,4.0,24.83720899999753,auto
1767942166936,Sunny,Day,0.09878472222222222,100.0,3.0,25.593574999675184,auto
1767942166969,Sunny,Day,0.09986979166666667,100.0,3.0,25.61207500002638,auto
1767942166999,Sunny,Day,0.09991319444444445,100.0,5.0,24.45028599959187,auto
1767942167031,Sunny,Day,0.1015625,100.0,5.0,25.86854499986657,auto
1767942167062,Sunny,Day,0.10203993055555556,100.0,6.0,15.93003400012094,auto
1767942167093,Sunny,Day,0.10529513888888889,100.0,5.0,25.275410999711312,auto
1767942167126,Sunny,Day,0.10794270833333333,100.0,3.0,27.538156999980856,auto
1767942167155,Sunny,Day,0.10603298611111112,100.0,5.0,23.325888000272244,auto
1767942167189,Sunny,Day,0.10499131944444444,100.0,7.0,26.325093999730598,auto
1767942167223,Sunny,Day,0.10616319444444444,100.0,7.0,22.82993400012856,auto
1767942167250,Sunny,Day,0.10855034722222222,100.0,6.0,21.916780000083236,auto
1767942167282,Sunny,Day,0.10828993055555555,100.0,7.0,26.695665999795892,auto
1767942167314,Sunny,Day,0.10690104166666667,100.0,8.0,17.49035599959825,auto
1767942167346,Sunny,Day,0.10759548611111111,100.0,8.0,25.333981000130734,auto
1767942167376,Sunny,Day,0.10933159722222222,100.0,6.0,20.156450999820663,auto
1767942167407,Sunny,Day,0.10828993055555555,100.0,6.0,25.652409000031184,auto
1767942167439,Sunny,Day,0.10837673611111111,100.0,5.0,24.687072999768134,auto
1767942167470,Sunny,Day,0.10828993055555555,100.0,5.0,26.195656999789207,auto
1767942167502,Sunny,Day,0.10815972222222223,100.0,5.0,26.523806000113836,auto
1767942167533,Sunny,Day,0.109375,100.0,4.0,25.475566000295657,auto
1767942167565,Sunny,Day,0.10703125,100.0,5.0,25.716737999573525,auto
1767942167594,Sunny,Day,0.105859375,100.0,5.0,21.595371000330488,auto
1767942167631,Sunny,Day,0.1056857638888889,100.0,5.0,30.921416000182944,auto
1767942167658,Sunny,Day,0.10646701388888889,100.0,5.0,20.981942000162235,auto
1767942167689,Sunny,Day,0.10577256944444445,100.0,5.0,25.491898999916884,auto
1767942167721,Sunny,Day,0.10629340277777778,100.0,4.0,25.277928999912547,auto
1767942167754,Sunny,Day,0.10611979166666667,100.0,5.0,25.648927000020194,auto
1767942167784,Sunny,Day,0.10629340277777778,100.0,4.0,24.244466999789438,auto
1767942167816,Sunny,Day,0.10750868055555556,100.0,4.0,26.34892599962768,auto
1767942167846,Sunny,Day,0.10286458333333333,100.0,6.0,21.139508000032947,auto
1767942167878,Sunny,Day,0.10477430555555556,100.0,5.0,17.998197999986587,auto
1767942167909,Sunny,Day,0.10642361111111111,100.0,4.0,25.493213999652653,auto
1767942167942,Sunny,Day,0.10646701388888889,100.0,4.0,26.814789000127348,auto
1767942167972,Sunny,Day,0.10559895833333334,100.0,5.0,21.171097999740596,auto
1767942168003,Sunny,Day,0.10438368055555555,100.0,6.0,15.842464999877848,auto
1767942168036,Sunny,Day,0.10559895833333334,100.0,5.0,27.164532999904623,auto
1767942168067,Sunny,Day,0.10677083333333333,100.0,5.0,25.408387999959814,auto
1767942168098,Sunny,Day,0.10633680555555555,100.0,5.0,24.40870200007339,auto
1767942168132,Sunny,Day,0.10611979166666667,100.0,4.0,26.826810000329715,auto
1767942168161,Sunny,Day,0.10724826388888889,100.0,4.0,21.888618000048154,auto
1767942168195,Sunny,Day,0.107421875,100.0,4.0,27.9806550001922,auto
1767942168223,Sunny,Day,0.10672743055555556,100.0,5.0,21.417606999875716,auto
1767942168253,Sunny,Day,0.10642361111111111,100.0,5.0,23.199657000077423,auto
1767942168285,Sunny,Day,0.10681423611111111,100.0,5.0,27.284008000151516,auto
1767942168315,Sunny,Day,0.107421875,100.0,5.0,24.495271999967372,auto
1767942168348,Sunny,Day,0.10772569444444445,100.0,4.0,28.57289999974455,auto
1767942168379,Sunny,Day,0.10842013888888889,100.0,4.0,24.116291999689565,auto
1767942168409,Sunny,Day,0.1072048611111111,100.0,6.0,25.044722000075126,auto
1767942168445,Sunny,Day,0.10733506944444444,100.0,6.0,30.628880000222125,auto
1767942168472,Sunny,Day,0.10846354166666666,100.0,6.0,19.611613000051875,auto
1767942168503,Sunny,Day,0.10837673611111111,100.0,5.0,26.467404999948485,auto
1767942168535,Sunny,Day,0.10681423611111111,100.0,6.0,26.694781000060175,auto
1767942168566,Sunny,Day,0.10659722222222222,100.0,6.0,26.729483000053733,auto
1767942168600,Sunny,Day,0.10733506944444444,100.0,6.0,28.66406199973426,auto
1767942168629,Sunny,Day,0.10833333333333334,100.0,5.0,24.811792000036803,auto
1767942168661,Sunny,Day,0.10681423611111111,100.0,5.0,26.899658999809617,auto
1767942168693,Sunny,Day,0.10590277777777778,100.0,5.0,27.22656600008122,auto
1767942168723,Sunny,Day,0.10750868055555556,100.0,4.0,24.974392999865813,auto
1767942168757,Sunny,Day,0.10711805555555555,100.0,4.0,27.99848699987706,auto
1767942168787,Sunny,Day,0.10707465277777778,100.0,3.0,23.447716999726254,auto
1767942168817,Sunny,Day,0.106640625,100.0,4.0,19.192116999874997,auto
1767942168851,Sunny,Day,0.10672743055555556,100.0,3.0,28.407242999946902,auto
1767942168883,Sunny,Day,0.10729166666666666,100.0,3.0,27.25156499991499,auto
1767942168912,Sunny,Day,0.10785590277777778,100.0,3.0,23.15304900002957,auto
1767942168944,Sunny,Day,0.10755208333333334,100.0,3.0,27.21619700014344,auto
1767942168974,Sunny,Day,0.10716145833333333,100.0,4.0,20.342443000117783,auto
1767942169006,Sunny,Day,0.1076388888888889,100.0,4.0,26.959247999911895,auto
1767942169037,Sunny,Day,0.10716145833333333,100.0,4.0,26.245271999869146,auto
1767942169072,Sunny,Day,0.10707465277777778,100.0,5.0,28.461502000027394,auto
1767942169100,Sunny,Day,0.10677083333333333,100.0,4.0,22.429831999943417,auto
1767942169132,Sunny,Day,0.10651041666666666,100.0,4.0,26.581622999856336,auto
1767942169163,Sunny,Day,0.10603298611111112,100.0,4.0,27.069022999967274,auto
1767942169194,Sunny,Day,0.105859375,100.0,4.0,25.484202000370715,auto
1767942169226,Sunny,Day,0.10577256944444445,100.0,4.0,25.666395999905944,auto
1767942169259,Sunny,Day,0.105078125,100.0,4.0,26.926253000056022,auto
1767942169289,Sunny,Day,0.1052517361111111,100.0,4.0,25.258028999814996,auto
1767942169320,Sunny,Day,0.10477430555555556,100.0,4.0,25.814535999870714,auto
1767942169353,Sunny,Day,0.10460069444444445,100.0,4.0,28.738597999563353,auto
1767942169385,Sunny,Day,0.10442708333333334,100.0,4.0,26.904606000243803,auto
1767942169414,Sunny,Day,0.10512152777777778,100.0,4.0,18.6720179999611,auto
1767942169445,Sunny,Day,0.10455729166666666,100.0,5.0,26.834812999823043,auto
1767942169477,Sunny,Day,0.10399305555555556,100.0,4.0,26.348173999849678,auto
1767942169508,Sunny,Day,0.10377604166666667,100.0,4.0,26.06418899995333,auto
1767942169539,Sunny,Day,0.10386284722222222,100.0,5.0,26.604123000197433,auto
1767942169571,Sunny,Day,0.10386284722222222,100.0,4.0,26.98684200004209,auto
1767942169602,Sunny,Day,0.10360243055555556,100.0,4.0,26.613787999849592,auto
1767942169634,Sunny,Day,0.10321180555555555,100.0,4.0,26.904791000106343,auto
1767942169667,Sunny,Day,0.10347222222222222,100.0,4.0,28.787615000055666,auto
1767942169699,Sunny,Day,0.10334201388888889,100.0,4.0,26.816350999979477,auto
1767942169728,Sunny,Day,0.10338541666666666,100.0,4.0,24.401688000125432,auto
1767942169760,Sunny,Day,0.10355902777777778,100.0,4.0,27.82798099997308,auto
1767942169791,Sunny,Day,0.10308159722222222,100.0,3.0,24.66889400011496,auto
1767942169822,Sunny,Day,0.10303819444444444,100.0,3.0,26.792648999617086,auto
1767942169853,Sunny,Day,0.10338541666666666,100.0,3.0,26.605937000113045,auto
1767942169885,Sunny,Day,0.10299479166666667,100.0,3.0,26.7640020001636,auto
1767942169916,Sunny,Day,0.10338541666666666,100.0,4.0,26.867108000260487,auto
1767942169948,Sunny,Day,0.10316840277777778,100.0,3.0,26.50531300014336,auto
1767942169979,Sunny,Day,0.10260416666666666,100.0,4.0,26.084668999828864,auto
1767942170012,Sunny,Day,0.10342881944444444,100.0,3.0,26.292807000118046,auto
1767942170042,Sunny,Day,0.10299479166666667,100.0,3.0,24.8533320000206,auto
1767942170075,Sunny,Day,0.10342881944444444,100.0,3.0,28.79728400012027,auto
1767942170107,Sunny,Day,0.10303819444444444,100.0,3.0,27.009992999865062,auto
1767942170136,Sunny,Day,0.10355902777777778,100.0,32.0,23.267325999768218,auto
1767942170167,Sunny,Day,0.10338541666666666,100.0,3.0,26.787838000018382,auto
1767942170199,Sunny,Day,0.10551215277777778,100.0,31.0,26.357399000062287,auto
1767942170230,Sunny,Day,0.1056857638888889,100.0,29.0,26.02436100005434,auto
1767942170262,Sunny,Day,0.10746527777777778,100.0,27.0,26.562776999980997,auto
1767942170294,Sunny,Day,0.11019965277777778,100.0,24.0,27.34356700011631,auto
1767942170325,Sunny,Day,0.1140625,100.0,22.0,26.206185000319238,auto
1767942170356,Sunny,Day,0.11510416666666666,100.0,19.0,25.72580400010338,auto
1767942170387,Sunny,Day,0.11974826388888889,100.0,17.0,26.628438999978243,auto
1767942170420,Sunny,Day,0.12165798611111112,100.0,15.0,28.060213000117074,auto
1767942170450,Sunny,Day,0.12534722222222222,100.0,13.0,25.29834500001016,auto
1767942170485,Sunny,Day,0.12556423611111112,100.0,12.0,30.17167200005133,auto
1767942170514,Sunny,Day,0.12821180555555556,100.0,10.0,23.064818999955605,auto
1767942170544,Sunny,Day,0.13216145833333334,100.0,9.0,22.31869299976097,auto
1767942170576,Sunny,Day,0.13337673611111112,100.0,7.0,26.71515600013663,auto
1767942170607,Sunny,Day,0.13311631944444444,100.0,6.0,26.459244999841758,auto
1767942170639,Sunny,Day,0.13736979166666666,100.0,5.0,26.430727999922965,auto
1767942170670,Sunny,Day,0.13802083333333334,100.0,4.0,26.307179000014003,auto
1767942170702,Sunny,Day,0.13897569444444444,100.0,3.0,27.334716000041226,auto
1767942170732,Sunny,Day,0.14032118055555556,100.0,2.0,25.789540000005218,auto
1767942170764,Sunny,Day,0.13923611111111112,100.0,2.0,26.782096999795613,auto
1767942170795,Sunny,Day,0.14006076388888888,100.0,1.0,25.702137999815022,auto
1767942170827,Sunny,Day,0.13975694444444445,100.0,1.0,26.386971000192716,auto
1767942170858,Sunny,Day,0.13967013888888888,100.0,1.0,26.90099800020107,auto
1767942170892,Sunny,Day,0.13953993055555555,100.0,1.0,28.80348700000468,auto
1767942170921,Sunny,Day,0.13919270833333333,100.0,1.0,24.453761000131635,auto
1767942170952,Sunny,Day,0.1392795138888889,100.0,1.0,24.86018299987336,auto
1767942170984,Sunny,Day,0.13967013888888888,100.0,1.0,26.26577399996677,auto
1767942171015,Sunny,Day,0.13967013888888888,100.0,1.0,19.119478999982675,auto
1767942171047,Sunny,Day,0.14032118055555556,100.0,1.0,26.630961000137177,auto
1767942171078,Sunny,Day,0.14223090277777778,100.0,1.0,26.579631000004156,auto
1767942171109,Sunny,Day,0.1424045138888889,100.0,1.0,26.34954999984984,auto
1767942171141,Sunny,Day,0.14253472222222222,100.0,1.0,26.587964000100328,auto
1767942171172,Sunny,Day,0.1431857638888889,100.0,1.0,25.67751300011878,auto
1767942171204,Sunny,Day,0.1421440972222222,100.0,1.0,26.75851000003604,auto
1767942171235,Sunny,Day,0.14383680555555556,100.0,1.0,22.057745999973122,auto
1767942171266,Sunny,Day,0.14457465277777778,100.0,1.0,26.541447999989032,auto
1767942171299,Sunny,Day,0.14453125,100.0,1.0,28.260168000088015,auto
1767942171329,Sunny,Day,0.1447048611111111,100.0,1.0,24.964311000076123,auto
1767942171360,Sunny,Day,0.14561631944444445,100.0,0.0,26.530021999860764,auto
1767942171392,Sunny,Day,0.14639756944444443,100.0,0.0,26.788285999828076,auto
1767942171423,Sunny,Day,0.14652777777777778,100.0,0.0,26.52439300027254,auto
1767942171456,Sunny,Day,0.14644097222222222,100.0,0.0,28.58476299979884,auto
1767942171486,Sunny,Day,0.14796006944444445,100.0,0.0,24.150928999915777,auto
1767942171517,Sunny,Day,0.1469184027777778,100.0,0.0,26.176763999956165,auto
1767942171549,Sunny,Day,0.14756944444444445,100.0,0.0,26.74099199975899,auto
1767942171580,Sunny,Day,0.146875,100.0,0.0,25.995847000103822,auto
1767942171613,Sunny,Day,0.14787326388888888,100.0,0.0,27.56476200011093,auto
1767942171643,Sunny,Day,0.14791666666666667,100.0,0.0,24.753321999924083,auto
1767942171675,Sunny,Day,0.14796006944444445,100.0,0.0,26.702587000272615,auto
1767942171707,Sunny,Day,0.1486545138888889,100.0,0.0,27.550503999918874,auto
1767942171737,Sunny,Day,0.14926215277777777,100.0,0.0,25.602776000141603,auto
1767942171769,Sunny,Day,0.15091145833333333,100.0,0.0,24.02132499992149,auto
1767942171800,Sunny,Day,0.15316840277777777,100.0,0.0,25.620331000027363,auto
1767942171833,Sunny,Day,0.15052083333333333,100.0,-1.0,28.530580999813537,auto
1767942171863,Sunny,Day,0.15321180555555555,100.0,-1.0,22.191498999745818,auto
1767942171896,Sunny,Day,0.15373263888888888,100.0,-1.0,26.257832999817765,auto
1767942171926,Sunny,Day,0.15286458333333333,100.0,0.0,25.723732000187738,auto
1767942171959,Sunny,Day,0.15538194444444445,100.0,0.0,27.92540900009044,auto
1767942171988,Sunny,Day,0.1564670138888889,100.0,0.0,23.76150600002802,auto
1767942172020,Sunny,Day,0.1584201388888889,100.0,0.0,26.92031800006589,auto
1767942172051,Sunny,Day,0.16119791666666666,100.0,0.0,22.66377200021452,auto
1767942172083,Sunny,Day,0.16154513888888888,100.0,1.0,26.25711400014552,auto
1767942172116,Sunny,Day,0.16297743055555555,100.0,0.0,28.768533999937063,auto
1767942172146,Sunny,Day,0.16432291666666668,100.0,0.0,25.10462100008226,auto
1767942172178,Sunny,Day,0.16553819444444445,100.0,0.0,26.792714000293927,auto
1767942172209,Sunny,Day,0.16549479166666667,100.0,0.0,25.83134099995732,auto
1767942172241,Sunny,Day,0.16393229166666667,100.0,0.0,27.347778000148537,auto
1767942172271,Sunny,Day,0.16380208333333332,100.0,-1.0,24.88811400007762,auto
1767942172304,Sunny,Day,0.16510416666666666,100.0,-1.0,26.67518399994151,auto
1767942172334,Sunny,Day,0.16571180555555556,100.0,-1.0,22.747508000065864,auto
1767942172365,Sunny,Day,0.16419270833333333,100.0,-1.0,26.624538999840297,auto
1767942172397,Sunny,Day,0.16371527777777778,100.0,-1.0,26.50208199975168,auto
1767942172428,Sunny,Day,0.16306423611111112,100.0,-1.0,26.51743400019768,auto
1767942172460,Sunny,Day,0.1636284722222222,100.0,0.0,25.472453000020323,auto
1767942172491,Sunny,Day,0.16041666666666668,100.0,-1.0,24.431898999864643,auto
1767942172526,Sunny,Day,0.15737847222222223,100.0,-1.0,30.247156999848812,auto
1767942172554,Sunny,Day,0.155859375,100.0,0.0,22.9473119998147,auto
1767942172587,Sunny,Day,0.1544704861111111,100.0,0.0,28.38774000019839,auto
1767942172616,Sunny,Day,0.15013020833333332,100.0,-1.0,24.97118400015097,auto
1767942172648,Sunny,Day,0.14652777777777778,100.0,-1.0,26.70562699995571,auto
1767942172679,Sunny,Day,0.14526909722222223,100.0,0.0,26.49954499975138,auto
1767942172711,Sunny,Day,0.14596354166666667,100.0,0.0,26.743403000182298,auto
1767942172742,Sunny,Day,0.14487847222222222,100.0,0.0,26.953984000101627,auto
1767942172773,Sunny,Day,0.1407986111111111,100.0,0.0,26.333498999974836,auto
1767942172805,Sunny,Day,0.13949652777777777,100.0,0.0,26.503379000132554,auto
1767942172837,Sunny,Day,0.13836805555555556,100.0,-1.0,26.087457000357972,auto
1767942172867,Sunny,Day,0.13763020833333334,100.0,-1.0,23.999050999918836,auto
1767942172899,Sunny,Day,0.1345486111111111,100.0,-1.0,26.15908200004924,auto
1767942172932,Sunny,Day,0.13155381944444444,100.0,-1.0,28.708702999665547,auto
1767942172962,Sunny,Day,0.12899305555555557,100.0,-1.0,24.40510400037965,auto
1767942172993,Sunny,Day,0.12734375,100.0,-1.0,26.856119000058243,auto
1767942173025,Sunny,Day,0.12352430555555556,100.0,-1.0,26.67318699968746,auto
1767942173057,Sunny,Day,0.122265625,100.0,-1.0,27.69959499983088,auto
1767942173087,Sunny,Day,0.11866319444444444,100.0,-1.0,24.987685999803944,auto
1767942173119,Sunny,Day,0.11710069444444444,100.0,-1.0,26.971856999807642,auto
1767942173152,Sunny,Day,0.11141493055555556,100.0,-1.0,28.179421000004368,auto
1767942173184,Sunny,Day,0.10520833333333333,100.0,-1.0,27.45797900024627,auto
1767942173213,Sunny,Day,0.09904513888888888,100.0,-1.0,24.217245999807346,auto
1767942173251,Sunny,Day,0.09765625,100.0,-1.0,32.98005100032242,auto
1767942173281,Sunny,Day,0.09878472222222222,100.0,-1.0,23.464082999907987,auto
1767942173311,Sunny,Day,0.09817708333333333,100.0,-1.0,22.803526000188867,auto
1767942173342,Sunny,Day,0.09826388888888889,100.0,0.0,25.670000999980402,auto
1767942173372,Sunny,Day,0.097265625,100.0,0.0,22.443211999870982,auto
1767942173405,Sunny,Day,0.09665798611111111,100.0,0.0,26.75525800032119,auto
1767942173436,Sunny,Day,0.09683159722222222,100.0,0.0,25.547379000272485,auto
1767942173469,Sunny,Day,0.09730902777777778,100.0,1.0,27.164105999872845,auto
1767942173499,Sunny,Day,0.09921875,100.0,1.0,24.0235159999429,auto
1767942173530,Sunny,Day,0.10043402777777778,100.0,1.0,25.521454000227095,auto
1767942173561,Sunny,Day,0.10190972222222222,100.0,1.0,25.393793999683112,auto
1767942173593,Sunny,Day,0.10316840277777778,100.0,1.0,25.342889000057767,auto
1767942173624,Sunny,Day,0.10516493055555555,100.0,1.0,25.57259900004283,auto
1767942173656,Sunny,Day,0.10668402777777777,100.0,1.0,25.833713999872998,auto
1767942173687,Sunny,Day,0.10872395833333333,100.0,1.0,25.332167000215122,auto
1767942173720,Sunny,Day,0.11019965277777778,100.0,1.0,26.479419999759557,auto
1767942173750,Sunny,Day,0.11150173611111111,100.0,1.0,23.82539700010966,auto
1767942173782,Sunny,Day,0.113671875,100.0,1.0,23.415642000145453,auto
1767942173812,Sunny,Day,0.11575520833333333,100.0,1.0,24.384237000049325,auto
1767942173843,Sunny,Day,0.11736111111111111,100.0,1.0,24.362071999803447,auto
1767942173875,Sunny,Day,0.11966145833333333,100.0,1.0,24.90426500025933,auto
1767942173906,Sunny,Day,0.1213107638888889,100.0,1.0,25.288615000135906,auto
1767942173938,Sunny,Day,0.12317708333333334,100.0,1.0,26.83823500001381,auto
1767942173970,Sunny,Day,0.12443576388888888,100.0,1.0,24.72070099975099,auto
1767942174001,Sunny,Day,0.12591145833333334,100.0,1.0,24.853490000168676,auto
1767942174032,Sunny,Day,0.12699652777777778,100.0,1.0,24.831790999996883,auto
1767942174065,Sunny,Day,0.12808159722222223,100.0,1.0,25.841366000349808,auto
1767942174096,Sunny,Day,0.1293402777777778,100.0,1.0,23.717091999969853,auto
1767942174127,Sunny,Day,0.13012152777777777,100.0,1.0,25.008429000081378,auto
1767942174158,Sunny,Day,0.13094618055555557,100.0,1.0,24.963320000097156,auto
1767942174189,Sunny,Day,0.131640625,100.0,1.0,24.860714000169537,auto
1767942174221,Sunny,Day,0.13268229166666667,100.0,1.0,25.243991000024835,auto
1767942174252,Sunny,Day,0.1332465277777778,100.0,1.0,25.404538000202592,auto
1767942174284,Sunny,Day,0.13346354166666666,100.0,1.0,25.795182999900135,auto
1767942174318,Sunny,Day,0.13446180555555556,100.0,1.0,29.20568399986223,auto
1767942174346,Sunny,Day,0.13515625,100.0,1.0,21.6673869999795,auto
1767942174377,Sunny,Day,0.13576388888888888,100.0,1.0,25.766352000118786,auto
1767942174409,Sunny,Day,0.13619791666666667,100.0,1.0,26.089314999808266,auto
1767942174441,Sunny,Day,0.1365017361111111,100.0,1.0,25.713298000027862,auto
1767942174474,Sunny,Day,0.1388888888888889,100.0,1.0,26.579140000194457,auto
1767942174503,Sunny,Day,0.1408420138888889,100.0,1.0,23.68677899994509,auto
1767942174536,Sunny,Day,0.14270833333333333,100.0,1.0,25.71411300004911,auto
1767942174567,Sunny,Day,0.146484375,100.0,1.0,24.985004999962257,auto
1767942174596,Sunny,Day,0.14761284722222223,100.0,0.0,24.35676000004605,auto
1767942174629,Sunny,Day,0.14796006944444445,100.0,0.0,26.75516899989816,auto
1767942174661,Sunny,Day,0.148046875,100.0,0.0,25.671818999853713,auto
1767942174692,Sunny,Day,0.1460503472222222,100.0,-1.0,25.47745899983056,auto
1767942174725,Sunny,Day,0.14609375,100.0,-1.0,25.039224000011018,auto
1767942174754,Sunny,Day,0.14509548611111112,100.0,0.0,22.036164000382996,auto
1767942174785,Sunny,Day,0.14283854166666668,100.0,1.0,24.838345000262052,auto
1767942174817,Sunny,Day,0.14053819444444443,100.0,1.0,25.102016999881016,auto
1767942174849,Sunny,Day,0.13745659722222223,100.0,1.0,18.55353600012677,auto
1767942174880,Sunny,Day,0.13463541666666667,100.0,2.0,25.06512899981317,auto
1767942174913,Sunny,Day,0.13229166666666667,100.0,2.0,26.289822999842727,auto
1767942174942,Sunny,Day,0.13138020833333333,100.0,3.0,22.55037600025389,auto
1767942174974,Sunny,Day,0.12955729166666666,100.0,3.0,26.217049000024417,auto
1767942175005,Sunny,Day,0.128515625,100.0,2.0,23.94885699959559,auto
1767942175038,Sunny,Day,0.1287326388888889,100.0,2.0,27.006416999938665,auto
1767942175069,Sunny,Day,0.1286892361111111,100.0,2.0,24.61606400038363,auto
1767942175103,Sunny,Day,0.13020833333333334,100.0,1.0,27.409543999965535,auto
1767942175131,Sunny,Day,0.13172743055555555,100.0,1.0,22.2231190000457,auto
1767942175162,Sunny,Day,0.13250868055555556,100.0,0.0,25.24651299972902,auto
1767942175193,Sunny,Day,0.13567708333333334,100.0,0.0,25.599863000024925,auto
1767942175225,Sunny,Day,0.14071180555555557,100.0,0.0,26.103409999905125,auto
1767942175257,Sunny,Day,0.14097222222222222,100.0,-1.0,26.04572800009919,auto
1767942175288,Sunny,Day,0.14322916666666666,100.0,0.0,25.37972699974489,auto
1767942175320,Sunny,Day,0.14947916666666666,100.0,0.0,27.19607399967572,auto
1767942175351,Sunny,Day,0.148828125,100.0,0.0,24.15612599997985,auto
1767942175384,Sunny,Day,0.1488715277777778,100.0,0.0,26.368063000063557,auto
1767942175414,Sunny,Day,0.14939236111111112,100.0,0.0,23.316709000027913,auto
1767942175447,Sunny,Day,0.14891493055555555,100.0,0.0,27.719860000161134,auto
1767942175476,Sunny,Day,0.14934895833333334,100.0,1.0,22.1925089999786,auto
1767942175508,Sunny,Day,0.14952256944444445,100.0,1.0,25.790483000037057,auto
1767942175540,Sunny,Day,0.1482638888888889,100.0,1.0,26.70187800003987,auto
1767942175570,Sunny,Day,0.14561631944444445,100.0,1.0,24.219271000220033,auto
1767942175602,Sunny,Day,0.1447048611111111,100.0,2.0,25.610734000110824,auto
1767942175635,Sunny,Day,0.14340277777777777,100.0,1.0,27.79996699973708,auto
1767942175666,Sunny,Day,0.14227430555555556,100.0,2.0,20.660999000028824,auto
1767942175697,Sunny,Day,0.14097222222222222,100.0,2.0,24.20578999999634,auto
1767942175731,Sunny,Day,0.13975694444444445,100.0,2.0,28.241388000424195,auto
1767942175759,Sunny,Day,0.1391059027777778,100.0,1.0,20.81075000023702,auto
1767942175791,Sunny,Day,0.13754340277777777,100.0,1.0,26.448707000326976,auto
1767942175821,Sunny,Day,0.13828125,100.0,1.0,24.228289000348013,auto
1767942175854,Sunny,Day,0.13793402777777777,100.0,1.0,26.913219000107347,auto
1767942175884,Sunny,Day,0.1382378472222222,100.0,1.0,24.55393800028105,auto
1767942175916,Sunny,Day,0.13754340277777777,100.0,1.0,25.58134599985351,auto
1767942175947,Sunny,Day,0.13719618055555555,100.0,1.0,25.430279999909544,auto
1767942175979,Sunny,Day,0.13706597222222222,100.0,0.0,25.75222500036034,auto
1767942176010,Sunny,Day,0.13723958333333333,100.0,0.0,25.520979999782867,auto
1767942176042,Sunny,Day,0.13680555555555557,100.0,0.0,25.748100000328122,auto
1767942176072,Sunny,Day,0.13663194444444443,100.0,0.0,25.11176300004081,auto
1767942176104,Sunny,Day,0.13702256944444444,100.0,0.0,25.96251399972971,auto
1767942176138,Sunny,Day,0.13697916666666668,100.0,0.0,28.14524799987339,auto
1767942176168,Sunny,Day,0.13546006944444444,100.0,1.0,24.09367000018392,auto
1767942176200,Sunny,Day,0.135546875,100.0,1.0,25.701343000037014,auto
1767942176231,Sunny,Day,0.13307291666666668,100.0,1.0,20.094975999654707,auto
1767942176261,Sunny,Day,0.12986111111111112,100.0,1.0,24.652879999848665,auto
1767942176292,Sunny,Day,0.12682291666666667,100.0,1.0,25.487761000022147,auto
1767942176323,Sunny,Day,0.12395833333333334,100.0,1.0,25.452745000166033,auto
1767942176357,Sunny,Day,0.12122395833333334,100.0,1.0,27.598963999935222,auto
1767942176387,Sunny,Day,0.11671006944444444,100.0,1.0,24.641752000206907,auto
1767942176419,Sunny,Day,0.11397569444444444,100.0,1.0,25.74904399989464,auto
1767942176449,Sunny,Day,0.10759548611111111,100.0,1.0,23.846665000291978,auto
1767942176480,Sunny,Day,0.10542534722222222,100.0,1.0,24.443576999601646,auto
1767942176511,Sunny,Day,0.10442708333333334,100.0,1.0,26.668588000120508,auto
1767942176544,Sunny,Day,0.10334201388888889,100.0,1.0,26.726806999704422,auto
1767942176576,Sunny,Day,0.10295138888888888,100.0,1.0,26.260035000177595,auto
1767942176610,Sunny,Day,0.10243055555555555,100.0,1.0,26.45137599984082,auto
1767942176641,Sunny,Day,0.10286458333333333,100.0,1.0,24.83529700020881,auto
1767942176669,Sunny,Day,0.10355902777777778,100.0,1.0,22.100295000200276,auto
1767942176700,Sunny,Day,0.10438368055555555,100.0,1.0,25.880591999793978,auto
1767942176734,Sunny,Day,0.10607638888888889,100.0,1.0,27.637739000056172,auto
1767942176766,Sunny,Day,0.10750868055555556,100.0,1.0,25.467892000051506,auto
1767942176796,Sunny,Day,0.11037326388888889,100.0,1.0,19.487193999793817,auto
1767942176827,Sunny,Day,0.114453125,100.0,1.0,25.298216999999568,auto
1767942176858,Sunny,Day,0.11827256944444445,100.0,1.0,24.25951300028828,auto
1767942176889,Sunny,Day,0.12061631944444444,100.0,1.0,25.491928000064945,auto
1767942176921,Sunny,Day,0.12126736111111111,100.0,1.0,25.656677999904787,auto
1767942176953,Sunny,Day,0.12313368055555556,100.0,1.0,26.22501799987731,auto
1767942176984,Sunny,Day,0.12604166666666666,100.0,0.0,25.505111999791552,auto
1767942177016,Sunny,Day,0.126953125,100.0,1.0,26.09197200035851,auto
1767942177047,Sunny,Day,0.128125,100.0,0.0,24.592627999936667,auto
1767942177078,Sunny,Day,0.12925347222222222,100.0,1.0,24.924276000092505,auto
1767942177110,Sunny,Day,0.13081597222222222,100.0,0.0,25.497319999885804,auto
1767942177143,Sunny,Day,0.13151041666666666,100.0,1.0,27.02842300004704,auto
1767942177172,Sunny,Day,0.1329861111111111,100.0,1.0,21.923955000147544,auto
1767942177205,Sunny,Day,0.13441840277777778,100.0,0.0,26.260094000008394,auto
1767942177235,Sunny,Day,0.13502604166666668,100.0,1.0,24.23457300028531,auto
1767942177267,Sunny,Day,0.1365017361111111,100.0,0.0,26.03784699977041,auto
1767942177297,Sunny,Day,0.13641493055555556,100.0,0.0,22.23662400001558,auto
1767942177328,Sunny,Day,0.13828125,100.0,0.0,25.18892899979619,auto
1767942177360,Sunny,Day,0.1384548611111111,100.0,0.0,26.00155199979781,auto
1767942177392,Sunny,Day,0.1390625,100.0,0.0,24.67812299983052,auto
1767942177425,Sunny,Day,0.13984375,100.0,0.0,27.268021000054432,auto
1767942177454,Sunny,Day,0.14049479166666667,100.0,0.0,18.378016000042408,auto
1767942177485,Sunny,Day,0.14201388888888888,100.0,0.0,24.9634970000443,auto
1767942177517,Sunny,Day,0.14223090277777778,100.0,0.0,25.868226000056893,auto
1767942177549,Sunny,Day,0.14283854166666668,100.0,0.0,24.74787799974365,auto
1767942177582,Sunny,Day,0.143359375,100.0,0.0,27.425217000200064,auto
1767942177611,Sunny,Day,0.14379340277777777,100.0,0.0,20.873085999937757,auto
1767942177642,Sunny,Day,0.14444444444444443,100.0,-1.0,25.947183999960544,auto
1767942177675,Sunny,Day,0.144921875,100.0,-1.0,26.1495989998366,auto
1767942177710,Sunny,Day,0.14509548611111112,100.0,0.0,29.71776000003956,auto
1767942177737,Sunny,Day,0.1453125,100.0,-1.0,20.98589399975026,auto
1767942177769,Sunny,Day,0.14565972222222223,100.0,0.0,26.405067999803578,auto
1767942177801,Sunny,Day,0.14574652777777777,100.0,-1.0,26.545857000201067,auto
1767942177833,Sunny,Day,0.14561631944444445,100.0,0.0,25.83687500009546,auto
1767942177865,Sunny,Day,0.14561631944444445,100.0,0.0,26.627925999946456,auto
1767942177895,Sunny,Day,0.14592013888888888,100.0,0.0,21.630970999922283,auto
1767942177926,Sunny,Day,0.14574652777777777,100.0,0.0,24.62634799985608,auto
1767942177957,Sunny,Day,0.14574652777777777,100.0,0.0,24.59964600029707,auto
1767942177989,Sunny,Day,0.145703125,100.0,0.0,26.1523029998898,auto
1767942178019,Sunny,Day,0.14618055555555556,100.0,0.0,23.243590999754815,auto
1767942178052,Sunny,Day,0.14539930555555555,100.0,-1.0,26.389126999674772,auto
1767942178084,Sunny,Day,0.14509548611111112,100.0,0.0,26.62346700026319,auto
1767942178115,Sunny,Day,0.14479166666666668,100.0,-1.0,24.819211000249197,auto
1767942178145,Sunny,Day,0.1443576388888889,100.0,-1.0,23.560147999887704,auto
1767942178178,Sunny,Day,0.14427083333333332,100.0,0.0,27.35839000024498,auto
1767942178208,Sunny,Day,0.143359375,100.0,0.0,22.98643899985109,auto
1767942178241,Sunny,Day,0.14296875,100.0,0.0,26.135954999972455,auto
1767942178271,Sunny,Day,0.14231770833333332,100.0,0.0,23.650976999761042,auto
1767942178304,Sunny,Day,0.14231770833333332,100.0,0.0,26.630965999629552,auto
1767942178333,Sunny,Day,0.14184027777777777,100.0,0.0,23.243592000198987,auto
1767942178366,Sunny,Day,0.14162326388888888,100.0,0.0,26.287335999768402,auto
1767942178396,Sunny,Day,0.14014756944444445,100.0,0.0,23.168317999989085,auto
1767942178429,Sunny,Day,0.14036458333333332,100.0,0.0,27.34714999996868,auto
1767942178460,Sunny,Day,0.13967013888888888,100.0,1.0,25.204930999734643,auto
1767942178496,Sunny,Day,0.13919270833333333,100.0,1.0,27.691872000104922,auto
1767942178522,Sunny,Day,0.13797743055555556,100.0,1.0,19.420498999807023,auto
1767942178554,Sunny,Day,0.1380642361111111,100.0,1.0,26.788161999775184,auto
1767942178584,Sunny,Day,0.13745659722222223,100.0,1.0,18.766201000289584,auto
1767942178617,Sunny,Day,0.13663194444444443,100.0,1.0,26.163639000060357,auto
1767942178649,Sunny,Day,0.13619791666666667,100.0,1.0,26.811346000158665,auto
1767942178679,Sunny,Day,0.13567708333333334,100.0,1.0,24.685087999841926,auto
1767942178711,Sunny,Day,0.13485243055555557,100.0,1.0,25.126251000074262,auto
1767942178741,Sunny,Day,0.13407118055555556,100.0,1.0,22.351879999860103,auto
1767942178773,Sunny,Day,0.13381076388888888,100.0,1.0,26.085272999807785,auto
1767942178805,Sunny,Day,0.13285590277777778,100.0,1.0,26.66157599969665,auto
1767942178836,Sunny,Day,0.13224826388888888,100.0,1.0,25.484305000190943,auto
1767942178867,Sunny,Day,0.13172743055555555,100.0,1.0,26.722201999746176,auto
1767942178900,Sunny,Day,0.1312934027777778,100.0,2.0,26.986965000105556,auto
1767942178933,Sunny,Day,0.13016493055555556,100.0,2.0,26.973114000156784,auto
1767942178961,Sunny,Day,0.13016493055555556,100.0,2.0,22.014323999883345,auto
1767942178992,Sunny,Day,0.12964409722222223,100.0,2.0,25.758865000170772,auto
1767942179026,Sunny,Day,0.12855902777777778,100.0,2.0,27.873013999851537,auto
1767942179056,Sunny,Day,0.12730034722222222,100.0,2.0,24.580060000062076,auto
1767942179088,Sunny,Day,0.12621527777777777,100.0,2.0,25.27261599971098,auto
1767942179120,Sunny,Day,0.1254340277777778,100.0,2.0,25.987264000377763,auto
1767942179153,Sunny,Day,0.12421875,100.0,2.0,25.48895600011747,auto
1767942179181,Sunny,Day,0.12378472222222223,100.0,2.0,22.503744999994524,auto
1767942179213,Sunny,Day,0.12209201388888889,100.0,2.0,25.928840999768,auto
1767942179245,Sunny,Day,0.12152777777777778,100.0,3.0,26.19769600005384,auto
1767942179276,Sunny,Day,0.12022569444444445,100.0,3.0,25.071645000025455,auto
1767942179307,Sunny,Day,0.1189236111111111,100.0,4.0,25.97842999966815,auto
1767942179339,Sunny,Day,0.11753472222222222,100.0,4.0,26.325838000047952,auto
1767942179369,Sunny,Day,0.11640625,100.0,4.0,23.97601900020163,auto
1767942179402,Sunny,Day,0.11519097222222222,100.0,4.0,27.342115999999805,auto
1767942179432,Sunny,Day,0.11332465277777778,100.0,4.0,22.378140999990137,auto
1767942179465,Sunny,Day,0.11184895833333333,100.0,4.0,18.993801999840798,auto
1767942179495,Sunny,Day,0.11041666666666666,100.0,5.0,24.423846999980015,auto
1767942179528,Sunny,Day,0.108984375,100.0,4.0,26.6544870000871,auto
1767942179558,Sunny,Day,0.10681423611111111,100.0,5.0,24.052365999978065,auto
1767942179589,Sunny,Day,0.10546875,100.0,4.0,25.854992999938986,auto
1767942179620,Sunny,Day,0.10368923611111111,100.0,5.0,25.88093599979402,auto
1767942179654,Sunny,Day,0.10243055555555555,100.0,4.0,28.04087599997729,auto
1767942179684,Sunny,Day,0.10112847222222222,100.0,4.0,23.849728999721265,auto
1767942179716,Sunny,Day,0.099609375,100.0,4.0,26.008707000073628,auto
1767942179750,Sunny,Day,0.09878472222222222,100.0,4.0,27.69578300012654,auto
1767942179778,Sunny,Day,0.09913194444444444,100.0,4.0,21.33410400028879,auto
1767942179809,Sunny,Day,0.09895833333333333,100.0,3.0,25.276911999753793,auto
1767942179843,Sunny,Day,0.09887152777777777,100.0,3.0,27.811851000024035,auto
1767942179872,Sunny,Day,0.09913194444444444,100.0,3.0,23.419363000357407,auto
1767942179903,Sunny,Day,0.098828125,100.0,3.0,25.315076999959274,auto
1767942179935,Sunny,Day,0.09921875,100.0,3.0,24.705664000066463,auto
1767942179967,Sunny,Day,0.09908854166666667,100.0,3.0,25.944080000044778,auto
1767942179998,Sunny,Day,0.09943576388888889,100.0,3.0,24.222172000008868,auto
1767942180029,Sunny,Day,0.09947916666666666,100.0,3.0,25.65413599995736,auto
1767942180062,Sunny,Day,0.09947916666666666,100.0,3.0,26.888089000294713,auto
1767942180091,Sunny,Day,0.10030381944444444,100.0,3.0,23.874768000041513,auto
1767942180124,Sunny,Day,0.09973958333333334,100.0,3.0,26.80944499979887,auto
1767942180157,Sunny,Day,0.09991319444444445,100.0,3.0,25.10179499995502,auto
1767942180186,Sunny,Day,0.09995659722222222,100.0,3.0,23.503304999849206,auto
1767942180218,Sunny,Day,0.10034722222222223,100.0,3.0,26.43031699972198,auto
1767942180250,Sunny,Day,0.10047743055555555,100.0,3.0,26.223549999940587,auto
1767942180280,Sunny,Day,0.10021701388888889,100.0,3.0,23.434550000274612,auto
1767942180311,Sunny,Day,0.10021701388888889,100.0,2.0,25.227455000276677,auto
1767942180345,Sunny,Day,0.10056423611111111,100.0,2.0,28.143874000306823,auto
1767942180377,Sunny,Day,0.10060763888888889,100.0,2.0,23.397218999889446,auto
1767942180408,Sunny,Day,0.101171875,100.0,2.0,25.79068399973039,auto
1767942180437,Sunny,Day,0.101171875,100.0,2.0,21.937869999874238,auto
1767942180469,Sunny,Day,0.10182291666666667,100.0,2.0,25.72761300007187,auto
1767942180501,Sunny,Day,0.10308159722222222,100.0,2.0,26.76585499966677,auto
1767942180532,Sunny,Day,0.10377604166666667,100.0,2.0,24.314207999850623,auto
1767942180563,Sunny,Day,0.10460069444444445,100.0,2.0,24.968116999843915,auto
1767942180595,Sunny,Day,0.10559895833333334,100.0,2.0,25.025872999776766,auto
1767942180626,Sunny,Day,0.10690104166666667,100.0,2.0,25.41111100026683,auto
1767942180659,Sunny,Day,0.10755208333333334,100.0,2.0,26.088760999755323,auto
1767942180689,Sunny,Day,0.10798611111111112,100.0,2.0,23.77123600035702,auto
1767942180720,Sunny,Day,0.109375,100.0,2.0,25.967433999994682,auto
1767942180752,Sunny,Day,0.11050347222222222,100.0,3.0,21.379807999892364,auto
1767942180784,Sunny,Day,0.11141493055555556,100.0,3.0,26.859128000069177,auto
1767942180814,Sunny,Day,0.11206597222222223,100.0,3.0,23.873305000051914,auto
1767942180845,Sunny,Day,0.11232638888888889,100.0,3.0,25.73192799991375,auto
1767942180877,Sunny,Day,0.1130642361111111,100.0,3.0,26.93701299995155,auto
1767942180908,Sunny,Day,0.11341145833333334,100.0,3.0,25.129107999873668,auto
1767942180940,Sunny,Day,0.11354166666666667,100.0,3.0,26.240789999974368,auto
1767942180970,Sunny,Day,0.11336805555555556,100.0,3.0,22.673812999983056,auto
1767942181001,Sunny,Day,0.11393229166666667,100.0,3.0,25.354707000133203,auto
1767942181034,Sunny,Day,0.11384548611111112,100.0,4.0,26.62186500037933,auto
1767942181066,Sunny,Day,0.11397569444444444,100.0,4.0,26.88820299999861,auto
1767942181099,Sunny,Day,0.11388888888888889,100.0,4.0,26.89690699980929,auto
1767942181129,Sunny,Day,0.11358506944444445,100.0,3.0,22.996575999968627,auto
1767942181162,Sunny,Day,0.11319444444444444,100.0,3.0,26.363972000126523,auto
1767942181191,Sunny,Day,0.11293402777777778,100.0,3.0,24.055723999936163,auto
1767942181222,Sunny,Day,0.11202256944444444,100.0,3.0,25.027784000030806,auto
1767942181253,Sunny,Day,0.11158854166666667,100.0,3.0,25.540942000134237,auto
1767942181286,Sunny,Day,0.11050347222222222,100.0,3.0,27.677791000314755,auto
1767942181319,Sunny,Day,0.10993923611111112,100.0,3.0,24.150274000021454,auto
1767942181348,Sunny,Day,0.10894097222222222,100.0,3.0,23.256266999851505,auto
1767942181380,Sunny,Day,0.10789930555555556,100.0,2.0,26.068468999710603,auto
1767942181410,Sunny,Day,0.10690104166666667,100.0,2.0,24.589307000042027,auto
1767942181442,Sunny,Day,0.10646701388888889,100.0,2.0,25.65995400027532,auto
1767942181475,Sunny,Day,0.10533854166666666,100.0,3.0,27.481319999878906,auto
1767942181505,Sunny,Day,0.10390625,100.0,3.0,24.57417699997677,auto
1767942181536,Sunny,Day,0.1032986111111111,100.0,3.0,25.52029499975106,auto
1767942181568,Sunny,Day,0.1015625,100.0,3.0,25.70582199996352,auto
1767942181599,Sunny,Day,0.10078125,100.0,3.0,25.22712500012858,auto
1767942181631,Sunny,Day,0.09874131944444445,100.0,3.0,25.619419000122434,auto
1767942181662,Sunny,Day,0.09778645833333334,100.0,3.0,25.784298999951716,auto
1767942181694,Sunny,Day,0.09652777777777778,100.0,4.0,26.18464799979847,auto
1767942181725,Sunny,Day,0.09466145833333334,100.0,4.0,24.660562000008213,auto
1767942181756,Sunny,Day,0.09327256944444444,100.0,4.0,25.48036999996839,auto
1767942181789,Sunny,Day,0.09127604166666667,100.0,4.0,26.623735000157467,auto
1767942181819,Sunny,Day,0.0896267361111111,100.0,4.0,23.824365000109538,auto
1767942181851,Sunny,Day,0.08841145833333333,100.0,5.0,26.62530899988269,auto
1767942181883,Sunny,Day,0.0857204861111111,100.0,5.0,25.340765999771975,auto
1767942181913,Sunny,Day,0.08372395833333333,100.0,5.0,24.01566999969873,auto
1767942181946,Sunny,Day,0.08159722222222222,100.0,5.0,27.126376000069286,auto
1767942181978,Sunny,Day,0.08033854166666667,100.0,5.0,25.805779000165785,auto
1767942182007,Sunny,Day,0.07886284722222223,100.0,6.0,23.368575999938912,auto
1767942182040,Sunny,Day,0.07673611111111112,100.0,5.0,26.9563140000173,auto
1767942182070,Sunny,Day,0.07395833333333333,100.0,6.0,22.97993199999837,auto
1767942182102,Sunny,Day,0.072265625,100.0,6.0,25.8740009999201,auto
1767942182133,Sunny,Day,0.06974826388888888,100.0,6.0,24.80937200016342,auto
1767942182165,Sunny,Day,0.06684027777777778,100.0,6.0,26.88665100004073,auto
1767942182196,Sunny,Day,0.06323784722222223,100.0,7.0,24.403135000284237,auto
1767942182227,Sunny,Day,0.05933159722222222,100.0,8.0,25.296827999682137,auto
1767942182261,Sunny,Day,0.05455729166666667,100.0,8.0,25.51331599988771,auto
1767942182291,Sunny,Day,0.05043402777777778,100.0,9.0,24.066855999990366,auto
1767942182322,Sunny,Day,0.045703125,91.40625,9.0,18.054211000162468,auto
1767942182353,Sunny,Day,0.04197048611111111,83.94097222222221,-40.0,25.655808999999863,auto
1767942182386,Sunny,Day,0.0390625,78.125,-40.0,26.590388999920833,auto
1767942182416,Sunny,Day,0.037890625,75.78125,-40.0,18.727323999883083,auto
1767942182447,Sunny,Day,0.03454861111111111,69.09722222222223,-39.0,25.277829000060592,auto
1767942182479,Sunny,Day,0.03615451388888889,72.30902777777779,-36.0,25.76721000014004,auto
1767942182509,Sunny,Day,0.04027777777777778,80.55555555555556,-33.0,23.740503000226454,auto
1767942182541,Sunny,Day,0.04709201388888889,94.18402777777777,-29.0,25.531056000090757,auto
1767942182573,Sunny,Day,0.054036458333333336,100.0,-25.0,25.18314899998586,auto
1767942182604,Sunny,Day,0.05993923611111111,100.0,-22.0,25.843724999958795,auto
1767942182635,Sunny,Day,0.065234375,100.0,-19.0,24.26667899999302,auto
1767942182666,Sunny,Day,0.07309027777777778,100.0,-16.0,25.09643099983805,auto
1767942182696,Sunny,Day,0.07808159722222222,100.0,-12.0,24.077133999981015,auto
1767942182727,Sunny,Day,0.08203125,100.0,-9.0,26.315034000162996,auto
1767942182758,Sunny,Day,0.08511284722222222,100.0,-5.0,26.541631999862147,auto
1767942182791,Sunny,Day,0.08641493055555556,100.0,-1.0,27.656796000428585,auto
1767942182821,Sunny,Day,0.08537326388888888,100.0,3.0,24.57510700014609,auto
1767942182854,Sunny,Day,0.08289930555555555,100.0,6.0,27.853970999785815,auto
1767942182884,Sunny,Day,0.08324652777777777,100.0,8.0,22.115959000075236,auto
1767942182915,Sunny,Day,0.0837673611111111,100.0,9.0,26.032789000055345,auto
1767942182947,Sunny,Day,0.08684895833333334,100.0,10.0,26.45652599994719,auto
1767942182980,Sunny,Day,0.09066840277777778,100.0,17.0,27.963111999724788,auto
1767942183010,Sunny,Day,0.09192708333333334,100.0,20.0,24.685972000042966,auto
1767942183041,Sunny,Day,0.0974392361111111,100.0,24.0,26.580670999919676,auto
1767942183072,Sunny,Day,0.09986979166666667,100.0,24.0,26.74764299990784,auto
1767942183104,Sunny,Day,0.10486111111111111,100.0,27.0,26.6011140001865,auto
1767942183135,Sunny,Day,0.11167534722222222,100.0,30.0,26.4820279999185,auto
1767942183166,Sunny,Day,0.11380208333333333,100.0,29.0,26.387161999991804,auto
1767942183198,Sunny,Day,0.11401909722222223,100.0,33.0,25.296682999851328,auto
1767942183230,Sunny,Day,0.11423611111111111,100.0,33.0,19.972445999883348,auto
1767942183261,Sunny,Day,0.11571180555555556,100.0,32.0,25.48409900009574,auto
1767942183292,Sunny,Day,0.11701388888888889,100.0,32.0,26.55596800013882,auto
1767942183324,Sunny,Day,0.11575520833333333,100.0,34.0,26.52758000022004,auto
1767942183355,Sunny,Day,0.11649305555555556,100.0,33.0,25.999924000188912,auto
1767942183386,Sunny,Day,0.11462673611111111,100.0,30.0,26.111287999810884,auto
1767942183418,Sunny,Day,0.10950520833333334,100.0,31.0,26.99072299992622,auto
1767942183449,Sunny,Day,0.10746527777777778,100.0,32.0,26.35045999977592,auto
1767942183481,Sunny,Day,0.1013454861111111,100.0,32.0,27.480438000111462,auto
1767942183513,Sunny,Day,0.10078125,100.0,34.0,26.51708100029282,auto
1767942183543,Sunny,Day,0.09891493055555556,100.0,36.0,25.7901199997832,auto
1767942183576,Sunny,Day,0.09874131944444445,100.0,36.0,28.202473999954236,auto
1767942183606,Sunny,Day,0.09626736111111112,100.0,36.0,24.789449999843782,auto
1767942183638,Sunny,Day,0.09605034722222222,100.0,37.0,26.531896000051347,auto
1767942183669,Sunny,Day,0.09301215277777777,100.0,38.0,26.563449000150285,auto
1767942183702,Sunny,Day,0.08893229166666666,100.0,34.0,28.256378000151017,auto
1767942183732,Sunny,Day,0.08559027777777778,100.0,37.0,21.310559999619727,auto
1767942183764,Sunny,Day,0.08454861111111112,100.0,36.0,27.277336999759427,auto
1767942183794,Sunny,Day,0.08098958333333334,100.0,35.0,24.25818200026697,auto
1767942183827,Sunny,Day,0.07760416666666667,100.0,35.0,28.120255999965593,auto
1767942183857,Sunny,Day,0.07508680555555555,100.0,32.0,24.623978000363422,auto
1767942183890,Sunny,Day,0.074609375,100.0,32.0,26.245040000048903,auto
1767942183923,Sunny,Day,0.073046875,100.0,30.0,26.851100999920163,auto
1767942183951,Sunny,Day,0.07252604166666667,100.0,29.0,23.663288000079774,auto
1767942183988,Sunny,Day,0.07000868055555555,100.0,27.0,31.88431699982175,auto
1767942184014,Sunny,Day,0.071875,100.0,26.0,20.45557000019471,auto
1767942184046,Sunny,Day,0.07395833333333333,100.0,25.0,26.331613000365905,auto
1767942184077,Sunny,Day,0.07287326388888889,100.0,25.0,26.533805999861215,auto
1767942184109,Sunny,Day,0.07300347222222223,100.0,25.0,26.878675999796542,auto
1767942184143,Sunny,Day,0.0759548611111111,100.0,24.0,26.81988399990587,auto
1767942184171,Sunny,Day,0.074609375,100.0,24.0,20.653634000154852,auto
1767942184204,Sunny,Day,0.07677951388888889,100.0,23.0,27.671135000218783,auto
1767942184235,Sunny,Day,0.07547743055555556,100.0,24.0,25.855083000351442,auto
1767942184267,Sunny,Day,0.07387152777777778,100.0,23.0,26.784792999933416,auto
1767942184297,Sunny,Day,0.07730034722222222,100.0,22.0,25.283686999955535,auto
1767942184329,Sunny,Day,0.07543402777777777,100.0,21.0,27.20199399982448,auto
1767942184362,Sunny,Day,0.075,100.0,20.0,28.111834000355884,auto
1767942184392,Sunny,Day,0.07543402777777777,100.0,19.0,24.844228999882034,auto
1767942184424,Sunny,Day,0.07552083333333333,100.0,19.0,26.060756999868318,auto
1767942184455,Sunny,Day,0.07604166666666666,100.0,17.0,24.722179000036704,auto
1767942184485,Sunny,Day,0.07673611111111112,100.0,17.0,18.737087000317842,auto
1767942184517,Sunny,Day,0.07712673611111111,100.0,17.0,26.831364999907237,auto
1767942184550,Sunny,Day,0.07578125,100.0,16.0,28.359227999771974,auto
1767942184579,Sunny,Day,0.07677951388888889,100.0,15.0,23.600590000114607,auto
1767942184611,Sunny,Day,0.07660590277777778,100.0,14.0,26.90771199968367,auto
1767942184642,Sunny,Day,0.07591145833333333,100.0,14.0,25.894968999637058,auto
1767942184674,Sunny,Day,0.07530381944444445,100.0,12.0,26.432478000060655,auto
1767942184705,Sunny,Day,0.0759548611111111,100.0,11.0,25.605076999909215,auto
1767942184738,Sunny,Day,0.07630208333333334,100.0,10.0,28.665009000178543,auto
1767942184768,Sunny,Day,0.07717013888888889,100.0,10.0,21.503255999959947,auto
1767942184799,Sunny,Day,0.07703993055555555,100.0,9.0,26.29241099975843,auto
1767942184832,Sunny,Day,0.0783420138888889,100.0,9.0,27.803683999991335,auto
1767942184865,Sunny,Day,0.07855902777777778,100.0,9.0,27.028149999750894,auto
1767942184893,Sunny,Day,0.07721354166666666,100.0,9.0,23.344697000084125,auto
1767942184925,Sunny,Day,0.07760416666666667,100.0,8.0,25.524471000153426,auto
1767942184956,Sunny,Day,0.07756076388888888,100.0,8.0,26.632948000042234,auto
1767942184987,Sunny,Day,0.08077256944444444,100.0,8.0,26.715685999988636,auto
1767942185020,Sunny,Day,0.08302951388888889,100.0,7.0,28.094466000311513,auto
1767942185052,Sunny,Day,0.08333333333333333,100.0,8.0,27.2828069996649,auto
1767942185082,Sunny,Day,0.08359375,100.0,7.0,20.644674000322993,auto
1767942185113,Sunny,Day,0.08485243055555555,100.0,7.0,26.118868000139628,auto
1767942185144,Sunny,Day,0.08519965277777777,100.0,7.0,25.701075000142737,auto
1767942185176,Sunny,Day,0.08723958333333333,100.0,7.0,26.778241000101843,auto
1767942185209,Sunny,Day,0.0896267361111111,100.0,7.0,28.485429000284057,auto
1767942185239,Sunny,Day,0.10260416666666666,100.0,7.0,19.428109000273253,auto
1767942185271,Sunny,Day,0.11119791666666666,100.0,1.0,27.16375699992568,auto
1767942185301,Sunny,Day,0.11788194444444444,100.0,42.0,25.186065000070812,auto
1767942185335,Sunny,Day,0.11927083333333334,100.0,47.0,28.373306000048615,auto
1767942185364,Sunny,Day,0.12625868055555556,100.0,54.0,24.105010999846854,auto
1767942185396,Sunny,Day,0.13333333333333333,100.0,56.0,27.004507000128797,auto
1767942185427,Sunny,Day,0.13797743055555556,100.0,57.0,26.20462300001236,auto
1767942185459,Sunny,Day,0.12921006944444444,100.0,57.0,26.74720499999239,auto
1767942185490,Sunny,Day,0.12881944444444443,100.0,54.0,27.1213149999312,auto
1767942185523,Sunny,Day,0.12834201388888888,100.0,54.0,28.437765000035142,auto
1767942185555,Sunny,Day,0.1314670138888889,100.0,54.0,26.514624999890657,auto
1767942185585,Sunny,Day,0.12964409722222223,100.0,54.0,24.26783600003546,auto
1767942185615,Sunny,Day,0.11723090277777778,100.0,46.0,19.48029100003623,auto
1767942185647,Sunny,Day,0.1193576388888889,100.0,49.0,26.802331999988382,auto
1767942185681,Sunny,Day,0.12278645833333333,100.0,45.0,28.970329999992828,auto
1767942185710,Sunny,Day,0.10911458333333333,100.0,40.0,23.885856000106287,auto
1767942185742,Sunny,Day,0.10238715277777778,100.0,38.0,27.099982999970962,auto
1767942185773,Sunny,Day,0.10086805555555556,100.0,32.0,17.96933400009948,auto
1767942185805,Sunny,Day,0.09973958333333334,100.0,25.0,27.142702999753965,auto
1767942185835,Sunny,Day,0.09522569444444444,100.0,26.0,26.06092699988949,auto
1767942185867,Sunny,Day,0.09479166666666666,100.0,25.0,26.647599999705562,auto
1767942185899,Sunny,Day,0.09223090277777778,100.0,26.0,26.742706000277394,auto
1767942185930,Sunny,Day,0.09240451388888889,100.0,26.0,25.873474000036367,auto
1767942185965,Sunny,Day,0.09752604166666666,100.0,14.0,29.895298999690567,auto
1767942185992,Sunny,Day,0.09071180555555555,100.0,15.0,21.908774000166886,auto
1767942186025,Sunny,Day,0.09379340277777778,100.0,14.0,26.030782999896473,auto
1767942186055,Sunny,Day,0.09605034722222222,100.0,13.0,25.424055999792472,auto
1767942186087,Sunny,Day,0.09639756944444444,100.0,12.0,26.492722000057256,auto
1767942186118,Sunny,Day,0.09930555555555555,100.0,13.0,25.743557999703626,auto
1767942186149,Sunny,Day,0.09965277777777778,100.0,12.0,26.257865000388847,auto
1767942186182,Sunny,Day,0.10056423611111111,100.0,12.0,27.13226300011229,auto
1767942186212,Sunny,Day,0.095703125,100.0,11.0,26.07048500021847,auto
1767942186243,Sunny,Day,0.09600694444444445,100.0,11.0,26.193552000222553,auto
1767942186275,Sunny,Day,0.09401041666666667,100.0,10.0,26.748357000087708,auto
1767942186306,Sunny,Day,0.09674479166666666,100.0,10.0,26.694452999890927,auto
1767942186338,Sunny,Day,0.09756944444444444,100.0,10.0,26.657750000140368,auto
1767942186369,Sunny,Day,0.10052083333333334,100.0,10.0,26.330398000027344,auto
1767942186402,Sunny,Day,0.101953125,100.0,10.0,24.088459000267903,auto
1767942186432,Sunny,Day,0.09917534722222222,100.0,9.0,24.66057700030433,auto
1767942186465,Sunny,Day,0.104296875,100.0,10.0,28.44982299984622,auto
1767942186495,Sunny,Day,0.10212673611111112,100.0,50.0,24.486197999976866,auto
1767942186526,Sunny,Day,0.10407986111111112,100.0,49.0,26.233625000259053,auto
1767942186558,Sunny,Day,0.10247395833333334,100.0,50.0,26.626677999956883,auto
1767942186589,Sunny,Day,0.09900173611111111,100.0,47.0,26.629214999957185,auto
1767942186621,Sunny,Day,0.10342881944444444,100.0,-3.0,27.201981999951386,auto
1767942186652,Sunny,Day,0.1013454861111111,100.0,41.0,26.423595999858662,auto
1767942186684,Sunny,Day,0.09513888888888888,100.0,40.0,27.240572000209795,auto
1767942186717,Sunny,Day,0.09292534722222222,100.0,38.0,26.833630000055564,auto
1767942186746,Sunny,Day,0.09618055555555556,100.0,35.0,22.384789000170713,auto
1767942186778,Sunny,Day,0.09140625,100.0,34.0,27.19311100008781,auto
1767942186810,Sunny,Day,0.090625,100.0,32.0,26.7394500001501,auto
1767942186840,Sunny,Day,0.09019097222222222,100.0,31.0,25.42644499999369,auto
1767942186873,Sunny,Day,0.08463541666666667,100.0,29.0,27.546926000013627,auto
1767942186905,Sunny,Day,0.08042534722222222,100.0,28.0,26.754079000056663,auto
1767942186934,Sunny,Day,0.08042534722222222,100.0,27.0,23.204969000289566,auto
1767942186970,Sunny,Day,0.08055555555555556,100.0,26.0,27.987811000002694,auto
1767942186997,Sunny,Day,0.07999131944444444,100.0,24.0,20.256937999874935,auto
1767942187029,Sunny,Day,0.08020833333333334,100.0,25.0,27.664626999921893,auto
1767942187060,Sunny,Day,0.07690972222222223,100.0,24.0,25.31695400011813,auto
1767942187092,Sunny,Day,0.07799479166666666,100.0,23.0,27.522467999915534,auto
1767942187124,Sunny,Day,0.07569444444444444,100.0,23.0,26.83387400020365,auto
1767942187154,Sunny,Day,0.07282986111111112,100.0,20.0,24.61169499974858,auto
1767942187189,Sunny,Day,0.07330729166666666,100.0,21.0,29.72885300005146,auto
1767942187219,Sunny,Day,0.07352430555555556,100.0,20.0,24.1752169999927,auto
1767942187248,Sunny,Day,0.07322048611111111,100.0,19.0,20.824910000101227,auto
1767942187283,Sunny,Day,0.07309027777777778,100.0,17.0,29.91202799967141,auto
1767942187311,Sunny,Day,0.07361111111111111,100.0,16.0,23.05884999987029,auto
1767942187344,Sunny,Day,0.07274305555555556,100.0,16.0,28.066123999906267,auto
1767942187374,Sunny,Day,0.07282986111111112,100.0,15.0,25.038783000127296,auto
1767942187405,Sunny,Day,0.07039930555555556,100.0,14.0,25.409319000118558,auto
1767942187437,Sunny,Day,0.06927083333333334,100.0,12.0,25.665306000064447,auto
1767942187468,Sunny,Day,0.06710069444444444,100.0,11.0,25.834389999999985,auto
1767942187500,Sunny,Day,0.06744791666666666,100.0,13.0,26.960237999901437,auto
1767942187532,Sunny,Day,0.06853298611111111,100.0,12.0,28.027588999975706,auto
1767942187562,Sunny,Day,0.06987847222222222,100.0,11.0,25.05741200002376,auto
1767942187596,Sunny,Day,0.06948784722222222,100.0,10.0,29.374833000019862,auto
1767942187627,Sunny,Day,0.06831597222222222,100.0,10.0,25.168943000153376,auto
1767942187657,Sunny,Day,0.06883680555555556,100.0,9.0,24.745724000240443,auto
1767942187691,Sunny,Day,0.06918402777777778,100.0,9.0,28.237597000043024,auto
1767942187724,Sunny,Day,0.07100694444444444,100.0,9.0,26.55901800017091,auto
1767942187753,Sunny,Day,0.07165798611111111,100.0,8.0,23.34214999973483,auto
1767942187786,Sunny,Day,0.0720486111111111,100.0,9.0,26.623495999956504,auto
1767942187817,Sunny,Day,0.07395833333333333,100.0,8.0,22.928077999949892,auto
1767942187847,Sunny,Day,0.07413194444444444,100.0,8.0,17.87941700013107,auto
1767942187878,Sunny,Day,0.0759548611111111,100.0,7.0,25.597160999950574,auto
1767942187913,Sunny,Day,0.07591145833333333,100.0,7.0,26.522113000282843,auto
1767942187943,Sunny,Day,0.07395833333333333,100.0,8.0,19.661435000216443,auto
1767942187972,Sunny,Day,0.07660590277777778,100.0,7.0,23.946894999880897,auto
1767942188004,Sunny,Day,0.07643229166666667,100.0,6.0,26.45878300018012,auto
1767942188037,Sunny,Day,0.07651909722222222,100.0,8.0,27.081771999746707,auto
1767942188068,Sunny,Day,0.07912326388888889,100.0,7.0,22.555156000180432,auto
1767942188100,Sunny,Day,0.07782118055555555,100.0,7.0,26.490100000046368,auto
1767942188130,Sunny,Day,0.07934027777777777,100.0,6.0,18.650249000074837,auto
1767942188163,Sunny,Day,0.07873263888888889,100.0,7.0,27.891507999811438,auto
1767942188193,Sunny,Day,0.07973090277777778,100.0,7.0,24.288121000154206,auto
1767942188225,Sunny,Day,0.08081597222222223,100.0,8.0,25.71039899976313,auto
1767942188255,Sunny,Day,0.08272569444444444,100.0,7.0,24.363932000142086,auto
1767942188289,Sunny,Day,0.08546006944444444,100.0,6.0,28.113329999996495,auto
1767942188319,Sunny,Day,0.08580729166666666,100.0,8.0,23.276471000372112,auto
1767942188350,Sunny,Day,0.08567708333333333,100.0,6.0,16.9637080002758,auto
1767942188381,Sunny,Day,0.08606770833333334,100.0,6.0,25.46791199984,auto
1767942188413,Sunny,Day,0.084765625,100.0,7.0,25.79758000001675,auto
1767942188446,Sunny,Day,0.08563368055555555,100.0,8.0,26.128858999982185,auto
1767942188474,Sunny,Day,0.08754340277777778,100.0,7.0,21.850970999821584,auto
1767942188507,Sunny,Day,0.08667534722222223,100.0,6.0,27.560507000089274,auto
1767942188540,Sunny,Day,0.08381076388888889,100.0,7.0,26.388104000034218,auto
1767942188570,Sunny,Day,0.08489583333333334,100.0,7.0,24.68485999997938,auto
1767942188600,Sunny,Day,0.08415798611111111,100.0,8.0,24.4681680001122,auto
1767942188634,Sunny,Day,0.08576388888888889,100.0,7.0,28.35753899989868,auto
1767942188664,Sunny,Day,0.08454861111111112,100.0,7.0,23.3198200003244,auto
1767942188695,Sunny,Day,0.08563368055555555,100.0,6.0,25.05722900014007,auto
1767942188727,Sunny,Day,0.08546006944444444,100.0,6.0,26.256648000071436,auto
1767942188759,Sunny,Day,0.08671875,100.0,5.0,26.00704999986192,auto
1767942188791,Sunny,Day,0.08637152777777778,100.0,5.0,26.936576000025525,auto
1767942188821,Sunny,Day,0.08663194444444444,100.0,5.0,18.34759799976382,auto
1767942188856,Sunny,Day,0.08537326388888888,100.0,6.0,29.157774999930552,auto
1767942188882,Sunny,Day,0.08650173611111112,100.0,6.0,15.35253299971373,auto
1767942188916,Sunny,Day,0.08671875,100.0,5.0,28.509622999990825,auto
1767942188946,Sunny,Day,0.08702256944444445,100.0,5.0,18.894829000146274,auto
1767942188977,Sunny,Day,0.08563368055555555,100.0,5.0,24.967734000256314,auto
1767942189008,Sunny,Day,0.08684895833333334,100.0,4.0,25.66266199983147,auto
1767942189041,Sunny,Day,0.08676215277777778,100.0,4.0,27.20162099967638,auto
1767942189073,Sunny,Day,0.0875,100.0,3.0,26.64972399998078,auto
1767942189104,Sunny,Day,0.08797743055555556,100.0,3.0,23.548997000034433,auto
1767942189136,Sunny,Day,0.08793402777777778,100.0,4.0,27.09895999987566,auto
1767942189169,Sunny,Day,0.08671875,100.0,5.0,26.599245000397786,auto
1767942189197,Sunny,Day,0.08758680555555555,100.0,5.0,19.916092000130448,auto
1767942189229,Sunny,Day,0.08719618055555556,100.0,5.0,26.274168999862013,auto
1767942189259,Sunny,Day,0.08793402777777778,100.0,4.0,18.577513999844086,auto
1767942189292,Sunny,Day,0.08754340277777778,100.0,4.0,27.208601999973325,auto
1767942189323,Sunny,Day,0.08736979166666667,100.0,4.0,24.493929000072967,auto
1767942189356,Sunny,Day,0.08758680555555555,100.0,3.0,21.765274000244972,auto
1767942189386,Sunny,Day,0.08719618055555556,100.0,4.0,24.03150899999673,auto
1767942189422,Sunny,Day,0.08706597222222222,100.0,4.0,29.952348000279017,auto
1767942189453,Sunny,Day,0.08715277777777777,100.0,4.0,24.818541000058758,auto
1767942189480,Sunny,Day,0.08754340277777778,100.0,4.0,19.822986000235687,auto
1767942189511,Sunny,Day,0.08728298611111111,100.0,4.0,25.350106999667332,auto
1767942189543,Sunny,Day,0.0881076388888889,100.0,5.0,26.077530999828014,auto
1767942189576,Sunny,Day,0.08776041666666666,100.0,6.0,28.30621200018868,auto
1767942189605,Sunny,Day,0.08706597222222222,100.0,6.0,23.14334999982748,auto
1767942189637,Sunny,Day,0.08706597222222222,100.0,6.0,18.581717999950342,auto
1767942189669,Sunny,Day,0.08671875,100.0,6.0,25.235557000087283,auto
1767942189700,Sunny,Day,0.08654513888888889,100.0,5.0,25.26377800040791,auto
1767942189731,Sunny,Day,0.08563368055555555,100.0,6.0,25.014531000124407,auto
1767942189763,Sunny,Day,0.08537326388888888,100.0,6.0,26.16136100004951,auto
1767942189797,Sunny,Day,0.085546875,100.0,5.0,25.00066099992182,auto
1767942189825,Sunny,Day,0.08606770833333334,100.0,4.0,22.407295999983035,auto
1767942189859,Sunny,Day,0.08606770833333334,100.0,4.0,27.86369800014654,auto
1767942189886,Sunny,Day,0.08598090277777778,100.0,4.0,20.72806900014257,auto
1767942189917,Sunny,Day,0.0861545138888889,100.0,4.0,25.865468000120018,auto
1767942189949,Sunny,Day,0.08580729166666666,100.0,4.0,27.2209350000594,auto
1767942189983,Sunny,Day,0.08576388888888889,100.0,4.0,28.914940000049683,auto
1767942190011,Sunny,Day,0.08580729166666666,100.0,4.0,24.153355000180454,auto
1767942190043,Sunny,Day,0.08563368055555555,100.0,5.0,27.183570000033797,auto
1767942190074,Sunny,Day,0.08576388888888889,100.0,5.0,26.02268600003299,auto
1767942190106,Sunny,Day,0.08541666666666667,100.0,5.0,27.020614999855752,auto
1767942190137,Sunny,Day,0.08602430555555556,100.0,5.0,25.9586889997081,auto
1767942190170,Sunny,Day,0.08602430555555556,100.0,4.0,28.212887000336195,auto
1767942190200,Sunny,Day,0.0859375,100.0,4.0,19.09595300003275,auto
1767942190231,Sunny,Day,0.08628472222222222,100.0,4.0,26.79146100035723,auto
1767942190263,Sunny,Day,0.08598090277777778,100.0,4.0,27.291842000067845,auto
1767942190295,Sunny,Day,0.08641493055555556,100.0,3.0,26.759406000110175,auto
1767942190325,Sunny,Day,0.08650173611111112,100.0,3.0,25.821084999734012,auto
1767942190358,Sunny,Day,0.086328125,100.0,4.0,27.969713999937085,auto
1767942190391,Sunny,Day,0.08645833333333333,100.0,4.0,27.383688000099937,auto
1767942190419,Sunny,Day,0.08611111111111111,100.0,4.0,17.452148999836936,auto
1767942190452,Sunny,Day,0.08628472222222222,100.0,4.0,28.01306300034412,auto
1767942190482,Sunny,Day,0.08654513888888889,100.0,5.0,18.275273000199377,auto
1767942190514,Sunny,Day,0.08663194444444444,100.0,5.0,26.061831999868446,auto
1767942190545,Sunny,Day,0.08658854166666667,100.0,6.0,26.40557299991997,auto
1767942190577,Sunny,Day,0.08684895833333334,100.0,5.0,26.798201000019617,auto
1767942190611,Sunny,Day,0.08671875,100.0,5.0,29.526967000037985,auto
1767942190639,Sunny,Day,0.08702256944444445,100.0,5.0,23.3719520001614,auto
1767942190672,Sunny,Day,0.08650173611111112,100.0,5.0,28.412839000338863,auto
1767942190703,Sunny,Day,0.08645833333333333,100.0,5.0,25.47884299974612,auto
1767942190734,Sunny,Day,0.08723958333333333,100.0,5.0,23.927553000248736,auto
1767942190767,Sunny,Day,0.08702256944444445,100.0,5.0,28.209608999986813,auto
1767942190799,Sunny,Day,0.08715277777777777,100.0,5.0,22.542699000041466,auto
1767942190829,Sunny,Day,0.0876736111111111,100.0,5.0,24.12778400002935,auto
1767942190860,Sunny,Day,0.08793402777777778,100.0,4.0,25.799733999974706,auto
1767942190891,Sunny,Day,0.08771701388888889,100.0,4.0,26.17501100030495,auto
1767942190922,Sunny,Day,0.08763020833333333,100.0,4.0,18.796596999891335,auto
1767942190953,Sunny,Day,0.087109375,100.0,5.0,25.988168999901973,auto
1767942190985,Sunny,Day,0.08706597222222222,100.0,5.0,27.056669000103284,auto
1767942191016,Sunny,Day,0.08658854166666667,100.0,5.0,26.441073000114557,auto
1767942191048,Sunny,Day,0.08654513888888889,100.0,5.0,26.976139999987936,auto
1767942191079,Sunny,Day,0.08619791666666667,100.0,5.0,26.276231000338157,auto
1767942191112,Sunny,Day,0.08658854166666667,100.0,5.0,27.873926000211213,auto
1767942191142,Sunny,Day,0.08650173611111112,100.0,4.0,25.056016000235104,auto
1767942191173,Sunny,Day,0.08650173611111112,100.0,4.0,25.98893100002897,auto
1767942191207,Sunny,Day,0.08650173611111112,100.0,4.0,29.030328999851918,auto
1767942191236,Sunny,Day,0.08628472222222222,100.0,4.0,24.302462999912677,auto
1767942191268,Sunny,Day,0.08637152777777778,100.0,4.0,27.672844000335317,auto
1767942191299,Sunny,Day,0.08585069444444444,100.0,4.0,25.640320000093197,auto
1767942191330,Sunny,Day,0.08589409722222222,100.0,4.0,19.399754000005487,auto
1767942191361,Sunny,Day,0.08567708333333333,100.0,4.0,26.764799000375206,auto
1767942191393,Sunny,Day,0.08528645833333333,100.0,5.0,27.072596999914822,auto
1767942191424,Sunny,Day,0.08563368055555555,100.0,4.0,18.571167000118294,auto
1767942191456,Sunny,Day,0.08528645833333333,100.0,4.0,26.578789000268443,auto
1767942191487,Sunny,Day,0.08511284722222222,100.0,4.0,26.312933000099292,auto
1767942191519,Sunny,Day,0.08546006944444444,100.0,4.0,27.179961999991065,auto
1767942191550,Sunny,Day,0.08589409722222222,100.0,4.0,25.863381999897683,auto
1767942191583,Sunny,Day,0.08637152777777778,100.0,4.0,27.93909000001804,auto
1767942191616,Sunny,Day,0.08650173611111112,100.0,4.0,27.720545000192942,auto
1767942191644,Sunny,Day,0.08706597222222222,100.0,4.0,21.54219899966847,auto
1767942191677,Sunny,Day,0.08719618055555556,100.0,4.0,27.265290999821445,auto
1767942191708,Sunny,Day,0.08715277777777777,100.0,4.0,24.0636970002015,auto
1767942191739,Sunny,Day,0.08819444444444445,100.0,4.0,19.148712000060186,auto
1767942191770,Sunny,Day,0.08823784722222222,100.0,4.0,25.881825999931607,auto
1767942191801,Sunny,Day,0.08845486111111112,100.0,4.0,26.351134999913484,auto
1767942191835,Sunny,Day,0.0881076388888889,100.0,4.0,29.15573000018412,auto
1767942191864,Sunny,Day,0.08823784722222222,100.0,31.0,23.1387639996683,auto
1767942191895,Sunny,Day,0.08841145833333333,100.0,3.0,26.69785799980673,auto
1767942191926,Sunny,Day,0.08980034722222222,100.0,2.0,26.039409999611962,auto
1767942191958,Sunny,Day,0.09105902777777777,100.0,28.0,26.57493800006705,auto
1767942191991,Sunny,Day,0.09092881944444445,100.0,27.0,28.02865900002871,auto
1767942192022,Sunny,Day,0.09136284722222222,100.0,26.0,25.675264000255993,auto
1767942192052,Sunny,Day,0.09513888888888888,100.0,24.0,20.756761000029655,auto
1767942192085,Sunny,Day,0.09895833333333333,100.0,20.0,28.18939499957196,auto
1767942192115,Sunny,Day,0.10173611111111111,100.0,18.0,24.415941999905044,auto
1767942192146,Sunny,Day,0.10190972222222222,100.0,16.0,26.261383000019123,auto
1767942192178,Sunny,Day,0.1052517361111111,100.0,14.0,27.37788099966565,auto
1767942192209,Sunny,Day,0.10768229166666667,100.0,11.0,25.425871000152256,auto
1767942192241,Sunny,Day,0.11119791666666666,100.0,9.0,26.537128000200028,auto
1767942192272,Sunny,Day,0.11293402777777778,100.0,7.0,26.058375000047818,auto
1767942192303,Sunny,Day,0.11323784722222222,100.0,4.0,26.49383400012084,auto
1767942192335,Sunny,Day,0.11315104166666666,100.0,3.0,26.97229100022014,auto
1767942192366,Sunny,Day,0.11276041666666667,100.0,1.0,26.431207999848993,auto
1767942192397,Sunny,Day,0.11302083333333333,100.0,1.0,26.498407999952178,auto
1767942192432,Sunny,Day,0.11236979166666666,100.0,0.0,29.854031000013492,auto
1767942192460,Sunny,Day,0.11215277777777778,100.0,-1.0,22.488800999781233,auto
1767942192491,Sunny,Day,0.11223958333333334,100.0,-1.0,26.672936000068148,auto
1767942192523,Sunny,Day,0.11184895833333333,100.0,-1.0,26.81874300014897,auto
1767942192555,Sunny,Day,0.11189236111111112,100.0,-1.0,26.263643000220327,auto
1767942192585,Sunny,Day,0.11215277777777778,100.0,-1.0,26.123890000235406,auto
1767942192617,Sunny,Day,0.11414930555555555,100.0,-1.0,25.477646000126697,auto
1767942192648,Sunny,Day,0.11549479166666667,100.0,-2.0,26.667288000226108,auto
1767942192680,Sunny,Day,0.11532118055555556,100.0,-2.0,26.015137000285904,auto
1767942192712,Sunny,Day,0.11553819444444445,100.0,-2.0,27.400435999879846,auto
1767942192743,Sunny,Day,0.11631944444444445,100.0,-2.0,25.813443000060943,auto
1767942192774,Sunny,Day,0.11684027777777778,100.0,-2.0,26.371970999662153,auto
1767942192807,Sunny,Day,0.11618923611111111,100.0,-2.0,27.812987999823235,auto
1767942192838,Sunny,Day,0.11566840277777778,100.0,-2.0,26.615160999881482,auto
1767942192868,Sunny,Day,0.11497395833333333,100.0,-2.0,24.54852699975163,auto
1767942192901,Sunny,Day,0.11532118055555556,100.0,-3.0,27.624590000414173,auto
1767942192931,Sunny,Day,0.11384548611111112,100.0,-2.0,20.92921399980696,auto
1767942192963,Sunny,Day,0.11328125,100.0,-3.0,26.860741000291455,auto
1767942192996,Sunny,Day,0.11271701388888888,100.0,-2.0,28.038124999966385,auto
1767942193025,Sunny,Day,0.11202256944444444,100.0,-3.0,24.10168300002624,auto
1767942193057,Sunny,Day,0.1109375,100.0,-2.0,26.199612000255,auto
1767942193088,Sunny,Day,0.11080729166666667,100.0,-3.0,26.62966400021105,auto
1767942193120,Sunny,Day,0.10993923611111112,100.0,-3.0,26.303013999950053,auto
1767942193151,Sunny,Day,0.10885416666666667,100.0,-3.0,26.743140000235144,auto
1767942193182,Sunny,Day,0.10824652777777778,100.0,-3.0,26.291754999874684,auto
1767942193213,Sunny,Day,0.10798611111111112,100.0,-3.0,26.527372000145988,auto
1767942193246,Sunny,Day,0.10733506944444444,100.0,-3.0,27.794752000318113,auto
1767942193276,Sunny,Day,0.10681423611111111,100.0,-4.0,25.1541279999401,auto
1767942193308,Sunny,Day,0.10677083333333333,100.0,-4.0,26.55431600032898,auto
1767942193339,Sunny,Day,0.10711805555555555,100.0,-5.0,26.61168299982819,auto
1767942193371,Sunny,Day,0.10672743055555556,100.0,-5.0,26.77474899974186,auto
1767942193402,Sunny,Day,0.10555555555555556,100.0,-5.0,26.56400100022438,auto
1767942193433,Sunny,Day,0.105859375,100.0,-6.0,26.79724699964936,auto
1767942193465,Sunny,Day,0.10503472222222222,100.0,-7.0,26.68121600027007,auto
1767942193496,Sunny,Day,0.10464409722222222,100.0,-7.0,25.80696499990154,auto
1767942193529,Sunny,Day,0.10247395833333334,100.0,-8.0,28.00383400017381,auto
1767942193562,Sunny,Day,0.10008680555555556,100.0,-9.0,26.49311499999385,auto
1767942193591,Sunny,Day,0.0998263888888889,100.0,-10.0,21.176575000026787,auto
1767942193623,Sunny,Day,0.09782986111111111,100.0,-11.0,27.320739000060712,auto
1767942193657,Sunny,Day,0.09561631944444444,100.0,-11.0,26.472208999621216,auto
1767942193685,Sunny,Day,0.09331597222222222,100.0,-12.0,22.117156000149407,auto
1767942193716,Sunny,Day,0.0915798611111111,100.0,-13.0,26.649959000224044,auto
1767942193749,Sunny,Day,0.08967013888888889,100.0,-13.0,28.2279150001159,auto
1767942193780,Sunny,Day,0.08836805555555556,100.0,-14.0,25.887516999773652,auto
1767942193810,Sunny,Day,0.08585069444444444,100.0,-14.0,24.35578099994018,auto
1767942193843,Sunny,Day,0.08532986111111111,100.0,-15.0,27.403087000038795,auto
1767942193874,Sunny,Day,0.08532986111111111,100.0,-14.0,26.90792799967312,auto
1767942193904,Sunny,Day,0.08641493055555556,100.0,-14.0,25.405688999853737,auto
1767942193937,Sunny,Day,0.08689236111111111,100.0,-14.0,27.70018199998958,auto
1767942193968,Sunny,Day,0.0881076388888889,100.0,-13.0,26.214111000172124,auto
1767942193999,Sunny,Day,0.08797743055555556,100.0,-13.0,26.16966899995532,auto
1767942194031,Sunny,Day,0.08832465277777778,100.0,-12.0,27.14275100015584,auto
1767942194063,Sunny,Day,0.08828125,100.0,-12.0,27.885657999831892,auto
1767942194094,Sunny,Day,0.08849826388888889,100.0,-11.0,25.692492999951355,auto
1767942194124,Sunny,Day,0.08862847222222223,100.0,-11.0,26.014272999873356,auto
1767942194156,Sunny,Day,0.088671875,100.0,-11.0,26.473787000213633,auto
1767942194188,Sunny,Day,0.08797743055555556,100.0,-10.0,27.294428999994125,auto
1767942194219,Sunny,Day,0.088671875,100.0,-10.0,26.263760000347247,auto
1767942194250,Sunny,Day,0.08823784722222222,100.0,-10.0,26.458138000180043,auto
1767942194282,Sunny,Day,0.08901909722222222,100.0,-9.0,27.309779999995953,auto
1767942194313,Sunny,Day,0.08823784722222222,100.0,-10.0,25.954275999993115,auto
1767942194344,Sunny,Day,0.08784722222222222,100.0,-10.0,26.70523699998739,auto
1767942194376,Sunny,Day,0.0875,100.0,-10.0,26.707828999860794,auto
1767942194407,Sunny,Day,0.08697916666666666,100.0,-9.0,26.21376200022496,auto
1767942194438,Sunny,Day,0.08559027777777778,100.0,-9.0,25.800580000122864,auto
1767942194471,Sunny,Day,0.08559027777777778,100.0,-8.0,28.169198999876244,auto
1767942194503,Sunny,Day,0.08506944444444445,100.0,-9.0,25.325382000119134,auto
1767942194532,Sunny,Day,0.08459201388888889,100.0,-8.0,24.16312699961054,auto
1767942194564,Sunny,Day,0.08433159722222222,100.0,-8.0,26.610667000113608,auto
1767942194597,Sunny,Day,0.08342013888888888,100.0,-8.0,28.561696999986452,auto
1767942194627,Sunny,Day,0.08250868055555556,100.0,-8.0,23.91315900013069,auto
1767942194659,Sunny,Day,0.08177083333333333,100.0,-9.0,27.633245000288298,auto
1767942194691,Sunny,Day,0.08142361111111111,100.0,-8.0,25.208406999809085,auto
1767942194721,Sunny,Day,0.08055555555555556,100.0,-9.0,22.45397500018953,auto
1767942194754,Sunny,Day,0.07903645833333334,100.0,-9.0,27.901082999960636,auto
1767942194784,Sunny,Day,0.07847222222222222,100.0,-9.0,22.708332000092923,auto
1767942194815,Sunny,Day,0.07769097222222222,100.0,-9.0,25.479855999947176,auto
1767942194846,Sunny,Day,0.07517361111111111,100.0,-9.0,26.73069899992697,auto
1767942194882,Sunny,Day,0.07417534722222222,100.0,-9.0,31.08156799999051,auto
1767942194915,Sunny,Day,0.07395833333333333,100.0,-10.0,26.524635999976454,auto
1767942194944,Sunny,Day,0.07300347222222223,100.0,-10.0,22.81258599987268,auto
1767942194976,Sunny,Day,0.07144097222222222,100.0,-10.0,26.088823999998567,auto
1767942195008,Sunny,Day,0.06831597222222222,100.0,-11.0,25.461135000114155,auto
1767942195038,Sunny,Day,0.06636284722222222,100.0,-11.0,23.722078999981022,auto
1767942195069,Sunny,Day,0.06375868055555556,100.0,-11.0,25.546428999859927,auto
1767942195102,Sunny,Day,0.06176215277777778,100.0,-12.0,27.382853999824874,auto
1767942195132,Sunny,Day,0.060807291666666666,100.0,-12.0,23.17118099972504,auto
1767942195163,Sunny,Day,0.056727430555555555,100.0,-13.0,25.081730999772844,auto
1767942195194,Sunny,Day,0.05611979166666667,100.0,-13.0,25.459933999627538,auto
1767942195226,Sunny,Day,0.05334201388888889,100.0,-13.0,26.085754000177985,auto
1767942195257,Sunny,Day,0.05290798611111111,100.0,-12.0,25.095526999848516,auto
1767942195289,Sunny,Day,0.04934895833333333,98.69791666666666,-13.0,25.974297000175284,auto
1767942195320,Sunny,Day,0.04878472222222222,97.56944444444444,-12.0,24.60070100005396,auto
1767942195352,Sunny,Day,0.04631076388888889,92.62152777777779,-12.0,25.405806999970082,auto
1767942195383,Sunny,Day,0.04457465277777778,89.14930555555556,-12.0,25.966592999793647,auto
1767942195414,Sunny,Day,0.042881944444444445,85.76388888888889,-12.0,25.012291000166442,auto
1767942195447,Sunny,Day,0.042491319444444446,84.98263888888889,-12.0,25.05026899962104,auto
1767942195477,Sunny,Day,0.041666666666666664,83.33333333333333,-12.0,17.34362900015185,auto
1767942195509,Sunny,Day,0.040190972222222225,80.38194444444446,-12.0,26.41475599966725,auto
1767942195539,Sunny,Day,0.03962673611111111,79.25347222222221,39.0,24.640643000111595,auto
1767942195578,Sunny,Day,0.03828125,76.5625,38.0,32.63449199994284,auto
1767942195603,Sunny,Day,0.037109375,74.21875,38.0,16.01519699988785,auto
1767942195635,Sunny,Day,0.03650173611111111,73.00347222222223,37.0,17.591486000128498,auto
1767942195666,Sunny,Day,0.03333333333333333,66.66666666666667,32.0,24.828150999837817,auto
1767942195698,Sunny,Day,0.03780381944444444,75.60763888888889,30.0,26.16667599977518,auto
1767942195729,Sunny,Day,0.03962673611111111,79.25347222222221,27.0,25.484785000116972,auto
1767942195759,Sunny,Day,0.04309895833333333,86.19791666666667,25.0,24.28403099975185,auto
1767942195793,Sunny,Day,0.04782986111111111,95.65972222222221,21.0,28.39861700022084,auto
1767942195821,Sunny,Day,0.04809027777777778,96.18055555555556,17.0,22.222545000204263,auto
1767942195853,Sunny,Day,0.05243055555555556,100.0,13.0,26.122010999642953,auto
1767942195887,Sunny,Day,0.055815972222222225,100.0,11.0,28.37200700014364,auto
1767942195918,Sunny,Day,0.06176215277777778,100.0,8.0,25.067139999919164,auto
1767942195948,Sunny,Day,0.06710069444444444,100.0,3.0,24.401894999755314,auto
1767942195981,Sunny,Day,0.07265625,100.0,0.0,26.97256000010384,auto
1767942196011,Sunny,Day,0.079296875,100.0,-5.0,20.303939999848808,auto
1767942196042,Sunny,Day,0.0837673611111111,100.0,-7.0,25.24367100022573,auto
1767942196077,Sunny,Day,0.08415798611111111,100.0,-11.0,29.492766999737796,auto
1767942196107,Sunny,Day,0.0890625,100.0,-13.0,21.907971000018733,auto
1767942196136,Sunny,Day,0.09275173611111111,100.0,-14.0,23.225421999995888,auto
1767942196169,Sunny,Day,0.09921875,100.0,-17.0,27.051095999922836,auto
1767942196199,Sunny,Day,0.09587673611111111,100.0,-17.0,22.780519000207278,auto
1767942196230,Sunny,Day,0.09683159722222222,100.0,-18.0,25.464380999892455,auto
1767942196262,Sunny,Day,0.097265625,100.0,-21.0,22.63424800003122,auto
1767942196294,Sunny,Day,0.09887152777777777,100.0,-20.0,26.107532999958494,auto
1767942196324,Sunny,Day,0.09327256944444444,100.0,-22.0,19.952941000155988,auto
1767942196356,Sunny,Day,0.09197048611111111,100.0,-23.0,25.298759999714093,auto
1767942196388,Sunny,Day,0.0915798611111111,100.0,-21.0,24.492080000072747,auto
1767942196422,Sunny,Day,0.08663194444444444,100.0,-19.0,26.020649000201956,auto
1767942196450,Sunny,Day,0.08498263888888889,100.0,-20.0,22.609565000038856,auto
1767942196481,Sunny,Day,0.08324652777777777,100.0,-21.0,25.678629000140063,auto
1767942196516,Sunny,Day,0.08203125,100.0,-27.0,28.59594300025492,auto
1767942196546,Sunny,Day,0.08381076388888889,100.0,-26.0,23.398228000132804,auto
1767942196577,Sunny,Day,0.08072916666666667,100.0,-24.0,24.872078000043985,auto
1767942196610,Sunny,Day,0.07703993055555555,100.0,-23.0,28.304199000103836,auto
1767942196639,Sunny,Day,0.07547743055555556,100.0,-22.0,22.200567000254523,auto
1767942196669,Sunny,Day,0.07799479166666666,100.0,-22.0,19.58734900017589,auto
1767942196701,Sunny,Day,0.07556423611111111,100.0,-20.0,26.562084000033792,auto
1767942196733,Sunny,Day,0.07964409722222222,100.0,-22.0,24.483375999807322,auto
1767942196764,Sunny,Day,0.07274305555555556,100.0,-21.0,24.061508000158938,auto
1767942196797,Sunny,Day,0.07326388888888889,100.0,-20.0,25.730570999712654,auto
1767942196827,Sunny,Day,0.07174479166666667,100.0,-18.0,23.757468999974662,auto
1767942196859,Sunny,Day,0.07118055555555555,100.0,-17.0,25.660538000011,auto
1767942196893,Sunny,Day,0.07196180555555555,100.0,-14.0,28.26499699995111,auto
1767942196923,Sunny,Day,0.07096354166666667,100.0,-13.0,24.237924999852112,auto
1767942196953,Sunny,Day,0.07170138888888888,100.0,-11.0,23.480222999751277,auto
1767942196985,Sunny,Day,0.07200520833333333,100.0,-10.0,26.194641000074625,auto
1767942197018,Sunny,Day,0.07252604166666667,100.0,-8.0,23.780171999987942,auto
1767942197051,Sunny,Day,0.07309027777777778,100.0,-8.0,27.004584000223986,auto
1767942197080,Sunny,Day,0.06827256944444444,100.0,-7.0,22.183366999797727,auto
1767942197109,Sunny,Day,0.07022569444444444,100.0,-6.0,21.59348900022451,auto
1767942197143,Sunny,Day,0.07074652777777778,100.0,-6.0,28.157320999980584,auto
1767942197172,Sunny,Day,0.07374131944444444,100.0,-7.0,22.709376999955566,auto
1767942197204,Sunny,Day,0.07417534722222222,100.0,-7.0,27.217388000281062,auto
1767942197235,Sunny,Day,0.07534722222222222,100.0,-7.0,25.05366499963202,auto
1767942197266,Sunny,Day,0.07717013888888889,100.0,-8.0,25.15713999991931,auto
1767942197299,Sunny,Day,0.07795138888888889,100.0,-7.0,26.48183200017229,auto
1767942197338,Sunny,Day,0.07951388888888888,100.0,-7.0,25.973266000164585,auto
1767942197363,Sunny,Day,0.080078125,100.0,-7.0,17.664781999883417,auto
1767942197392,Sunny,Day,0.08229166666666667,100.0,-8.0,22.97973299982914,auto
1767942197426,Sunny,Day,0.08276909722222223,100.0,-7.0,28.666035999776796,auto
1767942197455,Sunny,Day,0.08524305555555556,100.0,-8.0,23.25744100016891,auto
1767942197486,Sunny,Day,0.08606770833333334,100.0,-8.0,25.239989000056084,auto
1767942197519,Sunny,Day,0.08754340277777778,100.0,-8.0,26.190218000010645,auto
1767942197551,Sunny,Day,0.08828125,100.0,-7.0,26.324507000026642,auto
1767942197581,Sunny,Day,0.08971354166666666,100.0,-8.0,22.978788999807875,auto
1767942197612,Sunny,Day,0.091015625,100.0,-8.0,26.08166700019865,auto
1767942197645,Sunny,Day,0.09097222222222222,100.0,-6.0,26.7632439999943,auto
1767942197676,Sunny,Day,0.09357638888888889,100.0,-8.0,25.681651000013517,auto
1767942197706,Sunny,Day,0.09075520833333334,100.0,-8.0,23.268217999884655,auto
1767942197742,Sunny,Day,0.09275173611111111,100.0,-8.0,30.23343700033365,auto
1767942197772,Sunny,Day,0.09379340277777778,100.0,-9.0,24.05101200019999,auto
1767942197800,Sunny,Day,0.09470486111111111,100.0,-11.0,21.49777200020253,auto
1767942197832,Sunny,Day,0.09431423611111112,100.0,-11.0,26.3688939999156,auto
1767942197863,Sunny,Day,0.09153645833333333,100.0,-10.0,24.891710000247258,auto
1767942197895,Sunny,Day,0.091796875,100.0,-13.0,26.642526999694383,auto
1767942197928,Sunny,Day,0.09470486111111111,100.0,-13.0,27.31790000007095,auto
1767942197960,Sunny,Day,0.08988715277777778,100.0,-13.0,24.897764999877836,auto
1767942197990,Sunny,Day,0.09114583333333333,100.0,-14.0,21.11262500011435,auto
1767942198020,Sunny,Day,0.08980034722222222,100.0,-14.0,25.355761999890092,auto
1767942198052,Sunny,Day,0.08680555555555555,100.0,-13.0,24.57487699984995,auto
1767942198084,Sunny,Day,0.08624131944444445,100.0,-13.0,25.789463999899453,auto
1767942198114,Sunny,Day,0.08381076388888889,100.0,-12.0,24.061050999989675,auto
1767942198149,Sunny,Day,0.084765625,100.0,-13.0,29.33583899994119,auto
1767942198178,Sunny,Day,0.08272569444444444,100.0,-11.0,23.433325000041805,auto
1767942198208,Sunny,Day,0.08255208333333333,100.0,-11.0,19.462360000034096,auto
1767942198242,Sunny,Day,0.08298611111111111,100.0,-11.0,28.156101999684324,auto
1767942198276,Sunny,Day,0.08650173611111112,100.0,-11.0,24.396664000050805,auto
1767942198306,Sunny,Day,0.08268229166666667,100.0,-9.0,20.889082999929087,auto
1767942198334,Sunny,Day,0.08311631944444445,100.0,-9.0,21.227344000180892,auto
1767942198367,Sunny,Day,0.08237847222222222,100.0,-7.0,25.488442000096256,auto
1767942198395,Sunny,Day,0.08337673611111111,100.0,-7.0,21.96343599962347,auto
1767942198426,Sunny,Day,0.08272569444444444,100.0,-7.0,26.77689400024974,auto
1767942198459,Sunny,Day,0.08402777777777778,100.0,-7.0,28.521046000150818,auto
1767942198491,Sunny,Day,0.08372395833333333,100.0,-7.0,26.156314999752794,auto
1767942198520,Sunny,Day,0.08624131944444445,100.0,-8.0,21.896883999943384,auto
1767942198555,Sunny,Day,0.08697916666666666,100.0,-9.0,29.41024199981257,auto
1767942198585,Sunny,Day,0.08771701388888889,100.0,-8.0,24.534565000067232,auto
1767942198615,Sunny,Day,0.08680555555555555,100.0,-7.0,21.009207000133756,auto
1767942198646,Sunny,Day,0.08715277777777777,100.0,-7.0,26.873908000197844,auto
1767942198677,Sunny,Day,0.08528645833333333,100.0,-6.0,25.817202999860456,auto
1767942198708,Sunny,Day,0.0875,100.0,-7.0,26.303899999675195,auto
1767942198740,Sunny,Day,0.08702256944444445,100.0,-6.0,26.807929999904445,auto
1767942198773,Sunny,Day,0.08663194444444444,100.0,-5.0,27.160337999703188,auto
1767942198803,Sunny,Day,0.08884548611111111,100.0,-6.0,23.537560000022495,auto
1767942198836,Sunny,Day,0.0890625,100.0,-6.0,28.684981999958836,auto
1767942198866,Sunny,Day,0.088671875,100.0,-6.0,25.3959839997151,auto
1767942198897,Sunny,Day,0.08845486111111112,100.0,-6.0,27.09713800004465,auto
1767942198929,Sunny,Day,0.08932291666666667,100.0,-7.0,26.869870999689738,auto
1767942198961,Sunny,Day,0.09001736111111111,100.0,-7.0,27.573094999752357,auto
1767942198991,Sunny,Day,0.08819444444444445,100.0,-7.0,24.779347999810852,auto
1767942199023,Sunny,Day,0.08845486111111112,100.0,-6.0,26.19598199999018,auto
1767942199054,Sunny,Day,0.08988715277777778,100.0,-5.0,25.390690000222094,auto
1767942199086,Sunny,Day,0.08953993055555555,100.0,-6.0,27.095992999875307,auto
1767942199117,Sunny,Day,0.08901909722222222,100.0,-5.0,26.21146299998145,auto
1767942199148,Sunny,Day,0.0876736111111111,100.0,-5.0,26.623238999945897,auto
1767942199180,Sunny,Day,0.08858506944444444,100.0,-5.0,26.657404000161478,auto
1767942199212,Sunny,Day,0.08815104166666667,100.0,-5.0,20.65970900002867,auto
1767942199242,Sunny,Day,0.08841145833333333,100.0,-5.0,24.87747599980139,auto
1767942199274,Sunny,Day,0.08815104166666667,100.0,-5.0,26.476523999917845,auto
1767942199306,Sunny,Day,0.08988715277777778,100.0,-5.0,27.02908799983561,auto
1767942199337,Sunny,Day,0.09227430555555556,100.0,-5.0,26.33216200001698,auto
1767942199368,Sunny,Day,0.09162326388888889,100.0,-5.0,26.017269999556447,auto
1767942199400,Sunny,Day,0.09344618055555555,100.0,-5.0,17.709506999835867,auto
1767942199431,Sunny,Day,0.09340277777777778,100.0,-5.0,26.411472000290814,auto
1767942199463,Sunny,Day,0.09505208333333333,100.0,-5.0,27.60272600016833,auto
1767942199495,Sunny,Day,0.09513888888888888,100.0,-5.0,27.179617999991024,auto
1767942199525,Sunny,Day,0.09440104166666667,100.0,-5.0,19.70333099961863,auto
1767942199556,Sunny,Day,0.09739583333333333,100.0,-5.0,26.420971999868925,auto
1767942199589,Sunny,Day,0.10030381944444444,100.0,-4.0,28.216879999945377,auto
1767942199619,Sunny,Day,0.10099826388888888,100.0,-32.0,24.499161999756325,auto
1767942199652,Sunny,Day,0.10256076388888889,100.0,-31.0,28.203083999869705,auto
1767942199683,Sunny,Day,0.10104166666666667,100.0,-30.0,25.66180700023324,auto
1767942199713,Sunny,Day,0.10251736111111111,100.0,-28.0,24.4988290000947,auto
1767942199745,Sunny,Day,0.10377604166666667,100.0,-24.0,26.626924000083818,auto
1767942199777,Sunny,Day,0.10733506944444444,100.0,-20.0,22.48137600008704,auto
1767942199808,Sunny,Day,0.10277777777777777,100.0,-16.0,25.01733899998726,auto
1767942199839,Sunny,Day,0.10529513888888889,100.0,-13.0,26.18485299990425,auto
1767942199870,Sunny,Day,0.10590277777777778,100.0,-10.0,26.121819999843865,auto
1767942199903,Sunny,Day,0.10985243055555556,100.0,-7.0,27.553950999845256,auto
1767942199933,Sunny,Day,0.11072048611111111,100.0,-5.0,25.777745000141294,auto
1767942199964,Sunny,Day,0.11106770833333333,100.0,-3.0,26.58522299998367,auto
1767942199996,Sunny,Day,0.11067708333333333,100.0,-2.0,24.63674800037552,auto
1767942200027,Sunny,Day,0.112890625,100.0,-1.0,26.021641999705025,auto
1767942200059,Sunny,Day,0.11206597222222223,100.0,-1.0,26.224077000279067,auto
1767942200090,Sunny,Day,0.11163194444444445,100.0,-1.0,26.294740000139427,auto
1767942200121,Sunny,Day,0.11336805555555556,100.0,0.0,26.091010000072856,auto
1767942200154,Sunny,Day,0.11354166666666667,100.0,0.0,25.921184999788238,auto
1767942200189,Sunny,Day,0.115234375,100.0,0.0,30.460620999747334,auto
1767942200216,Sunny,Day,0.11744791666666667,100.0,-1.0,21.072857000035583,auto
1767942200247,Sunny,Day,0.11901041666666666,100.0,-1.0,26.441678000082902,auto
1767942200278,Sunny,Day,0.11966145833333333,100.0,-1.0,26.34466399968005,auto
1767942200310,Sunny,Day,0.119921875,100.0,-1.0,26.75918000022648,auto
1767942200341,Sunny,Day,0.12013888888888889,100.0,-1.0,26.516395000271586,auto
1767942200372,Sunny,Day,0.12126736111111111,100.0,-1.0,26.59565099975225,auto
1767942200404,Sunny,Day,0.12044270833333333,100.0,-1.0,26.712738000242098,auto
1767942200436,Sunny,Day,0.11983506944444444,100.0,-2.0,26.581985000120767,auto
1767942200468,Sunny,Day,0.11896701388888889,100.0,-2.0,27.284041999791953,auto
1767942200498,Sunny,Day,0.1174045138888889,100.0,-2.0,25.80102399997486,auto
1767942200530,Sunny,Day,0.11449652777777777,100.0,-1.0,26.539393999883032,auto
1767942200561,Sunny,Day,0.11458333333333333,100.0,-1.0,26.609631000155787,auto
1767942200592,Sunny,Day,0.11388888888888889,100.0,-1.0,26.528617000167287,auto
1767942200624,Sunny,Day,0.11202256944444444,100.0,-1.0,26.621335000072577,auto
1767942200655,Sunny,Day,0.11037326388888889,100.0,-1.0,26.579800000035902,auto
1767942200687,Sunny,Day,0.108984375,100.0,-1.0,27.0153150004262,auto
1767942200720,Sunny,Day,0.10503472222222222,100.0,-1.0,28.598198000054253,auto
1767942200750,Sunny,Day,0.10442708333333334,100.0,-1.0,23.968728999989253,auto
1767942200781,Sunny,Day,0.10403645833333333,100.0,-1.0,26.841637999950763,auto
1767942200812,Sunny,Day,0.10486111111111111,100.0,-1.0,21.50488999996014,auto
1767942200847,Sunny,Day,0.10551215277777778,100.0,-1.0,30.0430869997399,auto
1767942200875,Sunny,Day,0.10703125,100.0,0.0,21.975273999942146,auto
1767942200906,Sunny,Day,0.10950520833333334,100.0,-1.0,26.765641999645595,auto
1767942200939,Sunny,Day,0.11059027777777777,100.0,-1.0,27.675022000039462,auto
1767942200969,Sunny,Day,0.11315104166666666,100.0,-1.0,25.318364000213478,auto
1767942201000,Sunny,Day,0.11536458333333334,100.0,-1.0,26.79243700004008,auto
1767942201032,Sunny,Day,0.11684027777777778,100.0,-1.0,26.05119999998351,auto
1767942201063,Sunny,Day,0.11974826388888889,100.0,-1.0,26.440624999850115,auto
1767942201096,Sunny,Day,0.12300347222222222,100.0,-1.0,26.530547000220395,auto
1767942201126,Sunny,Day,0.12482638888888889,100.0,-1.0,24.76191400000971,auto
1767942201157,Sunny,Day,0.12881944444444443,100.0,-1.0,25.543615000060527,auto
1767942201189,Sunny,Day,0.13381076388888888,100.0,-1.0,26.725184999577323,auto
1767942201220,Sunny,Day,0.134765625,100.0,-1.0,26.52575000001889,auto
1767942201253,Sunny,Day,0.13719618055555555,100.0,-1.0,27.589585999976407,auto
1767942201283,Sunny,Day,0.13619791666666667,100.0,-1.0,25.490414000159944,auto
1767942201314,Sunny,Day,0.13311631944444444,100.0,-1.0,26.73948100027701,auto
1767942201347,Sunny,Day,0.12408854166666666,100.0,-1.0,27.802426000107516,auto
1767942201377,Sunny,Day,0.1130642361111111,100.0,0.0,25.2028549998613,auto
1767942201409,Sunny,Day,0.1046875,100.0,0.0,26.347480999902473,auto
1767942201440,Sunny,Day,0.10481770833333333,100.0,0.0,26.608542000303714,auto
1767942201471,Sunny,Day,0.10338541666666666,100.0,0.0,25.89828200007105,auto
1767942201503,Sunny,Day,0.10234375,100.0,0.0,26.88619499986089,auto
1767942201536,Sunny,Day,0.10138888888888889,100.0,-1.0,27.57877100020778,auto
1767942201567,Sunny,Day,0.10104166666666667,100.0,-1.0,26.02536800031885,auto
1767942201597,Sunny,Day,0.100390625,100.0,-1.0,25.255443999867566,auto
1767942201628,Sunny,Day,0.10095486111111111,100.0,-1.0,26.403608999771677,auto
1767942201660,Sunny,Day,0.09947916666666666,100.0,-1.0,26.33246400000644,auto
1767942201691,Sunny,Day,0.09800347222222222,100.0,-1.0,26.67892799991023,auto
1767942201724,Sunny,Day,0.09830729166666667,100.0,-1.0,23.31015399977332,auto
1767942201754,Sunny,Day,0.09769965277777778,100.0,-1.0,25.712569000006624,auto
1767942201785,Sunny,Day,0.09791666666666667,100.0,-1.0,26.21348799993939,auto
1767942201817,Sunny,Day,0.09769965277777778,100.0,-1.0,26.60791300013443,auto
1767942201848,Sunny,Day,0.09752604166666666,100.0,-1.0,21.393583999724797,auto
1767942201879,Sunny,Day,0.097265625,100.0,-1.0,26.119789999938803,auto
1767942201911,Sunny,Day,0.09796006944444445,100.0,-1.0,26.34020400000736,auto
1767942201942,Sunny,Day,0.09809027777777778,100.0,-1.0,26.49291900024764,auto
1767942201974,Sunny,Day,0.0978732638888889,100.0,-1.0,26.429440000356408,auto
1767942202005,Sunny,Day,0.09756944444444444,100.0,-1.0,26.624707999872044,auto
1767942202037,Sunny,Day,0.0974392361111111,100.0,-1.0,20.862021000084496,auto
1767942202068,Sunny,Day,0.09735243055555555,100.0,-1.0,24.5035969996934,auto
1767942202099,Sunny,Day,0.09826388888888889,100.0,-1.0,26.606323999658343,auto
1767942202131,Sunny,Day,0.09774305555555556,100.0,-1.0,26.45736800013765,auto
1767942202162,Sunny,Day,0.09769965277777778,100.0,-1.0,26.035203999981604,auto
1767942202194,Sunny,Day,0.09835069444444444,100.0,-1.0,26.508087000365776,auto
1767942202225,Sunny,Day,0.09869791666666666,100.0,-2.0,26.6043050000917,auto
1767942202256,Sunny,Day,0.09852430555555555,100.0,-2.0,26.367779999873164,auto
1767942202288,Sunny,Day,0.09791666666666667,100.0,-2.0,26.760685999761336,auto
1767942202319,Sunny,Day,0.09717881944444444,100.0,-1.0,26.280543999746442,auto
1767942202351,Sunny,Day,0.0993923611111111,100.0,-1.0,26.71444799989331,auto
1767942202382,Sunny,Day,0.10008680555555556,100.0,-1.0,26.69946700007131,auto
1767942202413,Sunny,Day,0.09943576388888889,100.0,-1.0,26.42964699998629,auto
1767942202447,Sunny,Day,0.09926215277777778,100.0,-1.0,28.439009000067017,auto
1767942202476,Sunny,Day,0.099609375,100.0,-1.0,24.34749300027761,auto
1767942202508,Sunny,Day,0.099609375,100.0,-1.0,26.345596000282967,auto
1767942202539,Sunny,Day,0.09917534722222222,100.0,-1.0,26.393556000130047,auto
1767942202571,Sunny,Day,0.09887152777777777,100.0,-1.0,27.454872999896907,auto
1767942202602,Sunny,Day,0.09852430555555555,100.0,-1.0,24.92866700004015,auto
1767942202635,Sunny,Day,0.09813368055555556,100.0,-1.0,28.300979000050575,auto
1767942202665,Sunny,Day,0.09722222222222222,100.0,-1.0,25.097140000070794,auto
1767942202696,Sunny,Day,0.09717881944444444,100.0,-1.0,26.722947000052955,auto
1767942202729,Sunny,Day,0.09696180555555556,100.0,-1.0,28.276257000015903,auto
1767942202759,Sunny,Day,0.09704861111111111,100.0,-1.0,24.708325999654335,auto
1767942202790,Sunny,Day,0.09652777777777778,100.0,-1.0,26.735076000022673,auto
1767942202821,Sunny,Day,0.09639756944444444,100.0,-1.0,26.49466200000461,auto
1767942202853,Sunny,Day,0.09639756944444444,100.0,-1.0,26.815350000106264,auto
1767942202884,Sunny,Day,0.09609375,100.0,-1.0,26.572566000140796,auto
1767942202916,Sunny,Day,0.0959201388888889,100.0,-1.0,26.647209999737242,auto
1767942202947,Sunny,Day,0.09561631944444444,100.0,-1.0,26.6907820000597,auto
1767942202979,Sunny,Day,0.09539930555555555,100.0,0.0,26.092220000009547,auto
1767942203010,Sunny,Day,0.09518229166666667,100.0,0.0,26.09920199984117,auto
1767942203041,Sunny,Day,0.09479166666666666,100.0,0.0,26.739430999896285,auto
1767942203074,Sunny,Day,0.09461805555555555,100.0,-1.0,28.00571999978274,auto
1767942203104,Sunny,Day,0.09483506944444445,100.0,-1.0,24.21502099969075,auto
1767942203135,Sunny,Day,0.09427083333333333,100.0,-1.0,26.58403100031137,auto
1767942203167,Sunny,Day,0.09461805555555555,100.0,-1.0,26.68778499992186,auto
1767942203198,Sunny,Day,0.09435763888888889,100.0,-1.0,26.665693999802897,auto
1767942203229,Sunny,Day,0.09453125,100.0,-1.0,26.584180000099877,auto
1767942203262,Sunny,Day,0.09440104166666667,100.0,-1.0,27.71823399962159,auto
1767942203296,Sunny,Day,0.09466145833333334,100.0,-1.0,30.024859000150173,auto
1767942203324,Sunny,Day,0.0953125,100.0,-1.0,21.76216399993791,auto
1767942203355,Sunny,Day,0.09505208333333333,100.0,0.0,26.75002299974949,auto
1767942203392,Sunny,Day,0.09522569444444444,100.0,0.0,32.22322900001018,auto
1767942203421,Sunny,Day,0.09500868055555556,100.0,0.0,23.011433000192483,auto
1767942203454,Sunny,Day,0.09505208333333333,100.0,0.0,26.053429000057804,auto
1767942203484,Sunny,Day,0.09522569444444444,100.0,1.0,24.213168999722257,auto
1767942203515,Sunny,Day,0.09539930555555555,100.0,0.0,23.876537999967695,auto
1767942203546,Sunny,Day,0.09565972222222222,100.0,1.0,25.794237999889447,auto
1767942203577,Sunny,Day,0.09587673611111111,100.0,1.0,25.46751399995628,auto
1767942203610,Sunny,Day,0.09613715277777778,100.0,1.0,27.289552000183903,auto
1767942203640,Sunny,Day,0.09626736111111112,100.0,2.0,24.679441999978735,auto
1767942203672,Sunny,Day,0.09683159722222222,100.0,1.0,25.81803300017782,auto
1767942203705,Sunny,Day,0.09822048611111112,100.0,1.0,27.80387700022402,auto
1767942203735,Sunny,Day,0.09813368055555556,100.0,2.0,23.78896900017935,auto
1767942203767,Sunny,Day,0.09791666666666667,100.0,2.0,25.764016999801242,auto
1767942203798,Sunny,Day,0.09878472222222222,100.0,2.0,24.632795999878,auto
1767942203829,Sunny,Day,0.09969618055555556,100.0,2.0,25.899529000071198,auto
1767942203861,Sunny,Day,0.099609375,100.0,2.0,25.471383999956743,auto
1767942203892,Sunny,Day,0.09865451388888889,100.0,2.0,24.884209999981977,auto
1767942203925,Sunny,Day,0.0984375,100.0,2.0,25.513177999982872,auto
1767942203955,Sunny,Day,0.09913194444444444,100.0,2.0,19.745746000353392,auto
1767942203989,Sunny,Day,0.09791666666666667,100.0,2.0,27.925705000143353,auto
1767942204017,Sunny,Day,0.09717881944444444,100.0,2.0,22.55092199993669,auto
1767942204048,Sunny,Day,0.09635416666666667,100.0,3.0,25.61039800002618,auto
1767942204080,Sunny,Day,0.0959201388888889,100.0,3.0,24.545581999973365,auto
1767942204111,Sunny,Day,0.09561631944444444,100.0,3.0,25.82744300025297,auto
1767942204143,Sunny,Day,0.09405381944444445,100.0,3.0,25.659636999989743,auto
1767942204174,Sunny,Day,0.09288194444444445,100.0,3.0,25.84310899965203,auto
1767942204207,Sunny,Day,0.09205729166666667,100.0,3.0,27.560652999909507,auto
1767942204238,Sunny,Day,0.0915798611111111,100.0,3.0,24.3921260002935,auto
1767942204270,Sunny,Day,0.08980034722222222,100.0,4.0,24.5887640003275,auto
1767942204301,Sunny,Day,0.08884548611111111,100.0,4.0,24.571598999955313,auto
1767942204332,Sunny,Day,0.08732638888888888,100.0,4.0,25.03088999992542,auto
1767942204364,Sunny,Day,0.086328125,100.0,4.0,27.00436500026626,auto
1767942204395,Sunny,Day,0.08498263888888889,100.0,4.0,24.1568780002126,auto
1767942204427,Sunny,Day,0.08394097222222222,100.0,4.0,25.99587899976541,auto
1767942204457,Sunny,Day,0.0818142361111111,100.0,4.0,24.29587199958405,auto
1767942204490,Sunny,Day,0.08051215277777778,100.0,4.0,27.55631899981381,auto
1767942204521,Sunny,Day,0.07938368055555556,100.0,3.0,23.73769599989828,auto
1767942204552,Sunny,Day,0.077734375,100.0,3.0,24.10978800025987,auto
1767942204585,Sunny,Day,0.07643229166666667,100.0,3.0,26.867798999774095,auto
1767942204614,Sunny,Day,0.07486979166666667,100.0,3.0,23.474950000036188,auto
1767942204645,Sunny,Day,0.07387152777777778,100.0,2.0,25.320487000044523,auto
1767942204676,Sunny,Day,0.07209201388888889,100.0,3.0,25.710449000143853,auto
1767942204710,Sunny,Day,0.07087673611111112,100.0,3.0,27.813528999558912,auto
1767942204740,Sunny,Day,0.06935763888888889,100.0,3.0,24.30553800013513,auto
1767942204772,Sunny,Day,0.06840277777777778,100.0,3.0,26.382784999896103,auto
1767942204803,Sunny,Day,0.06697048611111112,100.0,3.0,20.8486559999983,auto
1767942204834,Sunny,Day,0.06462673611111111,100.0,3.0,21.016314000007696,auto
1767942204866,Sunny,Day,0.06254340277777778,100.0,3.0,24.02253299987933,auto
1767942204900,Sunny,Day,0.061328125,100.0,3.0,28.072959999917657,auto
1767942204928,Sunny,Day,0.05915798611111111,100.0,27.0,22.284842999852117,auto
1767942204959,Sunny,Day,0.056380208333333334,100.0,27.0,20.545913000205474,auto
1767942204991,Sunny,Day,0.05416666666666667,100.0,15.0,25.454332000208524,auto
1767942205022,Sunny,Day,0.055815972222222225,100.0,14.0,25.704451000365225,auto
1767942205054,Sunny,Day,0.057769097222222225,100.0,15.0,25.88640599969949,auto
1767942205084,Sunny,Day,0.05807291666666667,100.0,15.0,24.903991999963182,auto
1767942205116,Sunny,Day,0.057074652777777776,100.0,15.0,26.130726999781473,auto
1767942205150,Sunny,Day,0.05651041666666667,100.0,15.0,27.833808999730536,auto
1767942205181,Sunny,Day,0.05555555555555555,100.0,16.0,24.680467000052886,auto
1767942205211,Sunny,Day,0.05607638888888889,100.0,14.0,23.41271500017683,auto
1767942205242,Sunny,Day,0.056727430555555555,100.0,13.0,25.049558999853616,auto
1767942205274,Sunny,Day,0.05698784722222222,100.0,12.0,25.49061099989558,auto
1767942205308,Sunny,Day,0.058333333333333334,100.0,12.0,28.701542999897356,auto
1767942205338,Sunny,Day,0.05859375,100.0,11.0,23.67199900027117,auto
1767942205368,Sunny,Day,0.05998263888888889,100.0,10.0,23.554171999876417,auto
1767942205400,Sunny,Day,0.060286458333333334,100.0,10.0,25.413393000235374,auto
1767942205430,Sunny,Day,0.05998263888888889,100.0,9.0,23.95122600000832,auto
1767942205463,Sunny,Day,0.05859375,100.0,9.0,27.256762999968487,auto
1767942205495,Sunny,Day,0.05750868055555555,100.0,9.0,26.29471900036151,auto
1767942205526,Sunny,Day,0.055815972222222225,100.0,10.0,25.035764000222116,auto
1767942205559,Sunny,Day,0.054036458333333336,100.0,10.0,27.258005000021512,auto
1767942205588,Sunny,Day,0.05112847222222222,100.0,11.0,20.217227000102866,auto
1767942205620,Sunny,Day,0.04761284722222222,95.22569444444444,12.0,27.19106299991836,auto
1767942205649,Sunny,Day,0.04613715277777778,92.27430555555556,12.0,22.87179799986916,auto
1767942205681,Sunny,Day,0.04509548611111111,90.19097222222221,12.0,22.21773800010851,auto
1767942205715,Sunny,Day,0.044444444444444446,88.88888888888889,12.0,28.30678500004069,auto
1767942205750,Sunny,Day,0.043402777777777776,86.80555555555556,11.0,29.22260900004403,auto
1767942205776,Sunny,Day,0.04292534722222222,85.85069444444444,12.0,19.064395999976114,auto
1767942205808,Sunny,Day,0.04240451388888889,84.80902777777779,12.0,24.09827299970857,auto
1767942205839,Sunny,Day,0.042578125,85.15625,12.0,19.735752000087814,auto
1767942205869,Sunny,Day,0.042144097222222225,84.28819444444446,13.0,24.55912100003843,auto
1767942205904,Sunny,Day,0.043229166666666666,86.45833333333333,14.0,29.244275000110065,auto
1767942205934,Sunny,Day,0.04366319444444444,87.32638888888889,14.0,23.51687700002003,auto
1767942205966,Sunny,Day,0.04453125,89.0625,15.0,26.426027000070462,auto
1767942205995,Sunny,Day,0.04618055555555556,92.36111111111111,15.0,22.694696000144177,auto
1767942206028,Sunny,Day,0.04739583333333333,94.79166666666666,16.0,27.114827999866975,auto
1767942206058,Sunny,Day,0.04939236111111111,98.78472222222221,16.0,22.878523000144924,auto
1767942206089,Sunny,Day,0.050694444444444445,100.0,16.0,21.116517999871576,auto
1767942206121,Sunny,Day,0.053559027777777775,100.0,17.0,26.472083000044222,auto
1767942206153,Sunny,Day,0.055121527777777776,100.0,15.0,24.940734999745473,auto
1767942206185,Sunny,Day,0.05768229166666667,100.0,16.0,25.418711000384064,auto
1767942206215,Sunny,Day,0.05967881944444445,100.0,16.0,24.63210199994137,auto
1767942206247,Sunny,Day,0.06154513888888889,100.0,16.0,26.040234999982204,auto
1767942206278,Sunny,Day,0.06293402777777778,100.0,15.0,26.082083999881434,auto
1767942206310,Sunny,Day,0.06458333333333334,100.0,15.0,25.987644999986514,auto
1767942206342,Sunny,Day,0.06727430555555555,100.0,16.0,26.28942699993786,auto
1767942206373,Sunny,Day,0.06987847222222222,100.0,15.0,25.265624999974534,auto
1767942206404,Sunny,Day,0.07269965277777778,100.0,16.0,24.91503199962608,auto
1767942206436,Sunny,Day,0.07621527777777778,100.0,15.0,26.75025500002448,auto
1767942206467,Sunny,Day,0.07838541666666667,100.0,14.0,25.57849899994835,auto
1767942206498,Sunny,Day,0.08046875,100.0,14.0,24.933697000051325,auto
1767942206531,Sunny,Day,0.08177083333333333,100.0,13.0,26.768013000037172,auto
1767942206562,Sunny,Day,0.08177083333333333,100.0,12.0,25.389563999851816,auto
1767942206592,Sunny,Day,0.08194444444444444,100.0,12.0,23.530786999799602,auto
1767942206623,Sunny,Day,0.08151041666666667,100.0,11.0,25.186166999901616,auto
1767942206656,Sunny,Day,0.08172743055555555,100.0,11.0,27.05822099960642,auto
1767942206687,Sunny,Day,0.08216145833333334,100.0,10.0,24.370799999815063,auto
1767942206717,Sunny,Day,0.08255208333333333,100.0,10.0,24.348189999727765,auto
1767942206750,Sunny,Day,0.08194444444444444,100.0,10.0,24.675228999967658,auto
1767942206781,Sunny,Day,0.08259548611111112,100.0,10.0,24.902846999793837,auto
1767942206811,Sunny,Day,0.08263888888888889,100.0,9.0,24.72713399993154,auto
1767942206844,Sunny,Day,0.08289930555555555,100.0,9.0,26.93676399985634,auto
1767942206875,Sunny,Day,0.08250868055555556,100.0,9.0,25.661679999757325,auto
1767942206906,Sunny,Day,0.08216145833333334,100.0,9.0,25.636866000240843,auto
1767942206938,Sunny,Day,0.08203125,100.0,8.0,26.094491000094422,auto
1767942206969,Sunny,Day,0.08216145833333334,100.0,8.0,25.022231000093598,auto
1767942207002,Sunny,Day,0.08237847222222222,100.0,8.0,26.441880999755085,auto
1767942207032,Sunny,Day,0.08207465277777778,100.0,8.0,23.81614499972784,auto
1767942207064,Sunny,Day,0.081640625,100.0,8.0,27.091573999769025,auto
1767942207096,Sunny,Day,0.08203125,100.0,7.0,24.972124999749212,auto
1767942207126,Sunny,Day,0.08233506944444445,100.0,7.0,24.15062799991574,auto
1767942207159,Sunny,Day,0.08220486111111111,100.0,8.0,26.679576000333327,auto
1767942207190,Sunny,Day,0.08246527777777778,100.0,7.0,25.278035000155796,auto
1767942207220,Sunny,Day,0.0828125,100.0,7.0,24.755005999850255,auto
1767942207253,Sunny,Day,0.08346354166666667,100.0,7.0,26.625264000358584,auto
1767942207284,Sunny,Day,0.08363715277777778,100.0,7.0,25.55296599985013,auto
1767942207314,Sunny,Day,0.08337673611111111,100.0,7.0,23.127827999815054,auto
1767942207346,Sunny,Day,0.08446180555555556,100.0,7.0,25.41349100010848,auto
1767942207379,Sunny,Day,0.08532986111111111,100.0,6.0,22.441565999997692,auto
1767942207408,Sunny,Day,0.08454861111111112,100.0,6.0,20.80059199988682,auto
1767942207442,Sunny,Day,0.08567708333333333,100.0,7.0,28.616906000024755,auto
1767942207472,Sunny,Day,0.08689236111111111,100.0,6.0,22.76288300026863,auto
1767942207504,Sunny,Day,0.08645833333333333,100.0,7.0,21.055171999705635,auto
1767942207537,Sunny,Day,0.08797743055555556,100.0,7.0,26.634633999947255,auto
1767942207567,Sunny,Day,0.08828125,100.0,7.0,23.608543999671383,auto
1767942207597,Sunny,Day,0.0875,100.0,7.0,23.607007000009617,auto
1767942207628,Sunny,Day,0.08819444444444445,100.0,7.0,20.349520999843662,auto
1767942207659,Sunny,Day,0.08815104166666667,100.0,6.0,26.010461000169016,auto
1767942207692,Sunny,Day,0.08797743055555556,100.0,7.0,25.022825000178273,auto
1767942207725,Sunny,Day,0.08858506944444444,100.0,7.0,25.82604499957597,auto
1767942207754,Sunny,Day,0.08728298611111111,100.0,6.0,23.788684000010107,auto
1767942207786,Sunny,Day,0.08832465277777778,100.0,6.0,25.509598000098777,auto
1767942207816,Sunny,Day,0.08793402777777778,100.0,6.0,23.86373600029401,auto
1767942207848,Sunny,Day,0.08745659722222222,100.0,6.0,26.964746999965428,auto
1767942207880,Sunny,Day,0.08841145833333333,100.0,6.0,25.757196999620646,auto
1767942207912,Sunny,Day,0.08849826388888889,100.0,6.0,25.496062000001984,auto
1767942207942,Sunny,Day,0.08819444444444445,100.0,6.0,24.048799999945913,auto
1767942207975,Sunny,Day,0.0875,100.0,6.0,27.49627599996529,auto
1767942208007,Sunny,Day,0.08745659722222222,100.0,6.0,25.61599999989994,auto
1767942208037,Sunny,Day,0.08732638888888888,100.0,6.0,19.25483799959693,auto
1767942208070,Sunny,Day,0.08706597222222222,100.0,6.0,25.918154000009963,auto
1767942208102,Sunny,Day,0.08676215277777778,100.0,6.0,25.13497100017048,auto
1767942208130,Sunny,Day,0.08650173611111112,100.0,6.0,22.603653000260238,auto
1767942208162,Sunny,Day,0.08580729166666666,100.0,6.0,26.30872800000361,auto
1767942208193,Sunny,Day,0.08589409722222222,100.0,5.0,25.26576099990052,auto
1767942208226,Sunny,Day,0.08559027777777778,100.0,5.0,26.902012999926228,auto
1767942208257,Sunny,Day,0.08498263888888889,100.0,5.0,25.313110999832134,auto
1767942208288,Sunny,Day,0.08385416666666666,100.0,5.0,24.621126000056393,auto
1767942208321,Sunny,Day,0.08385416666666666,100.0,5.0,27.758489000007103,auto
1767942208351,Sunny,Day,0.08250868055555556,100.0,5.0,22.437068999806797,auto
1767942208382,Sunny,Day,0.08237847222222222,100.0,4.0,25.23274399982256,auto
1767942208413,Sunny,Day,0.08042534722222222,100.0,5.0,24.402896000083274,auto
1767942208445,Sunny,Day,0.08051215277777778,100.0,5.0,25.774902000193833,auto
1767942208476,Sunny,Day,0.07821180555555556,100.0,5.0,25.1580809999723,auto
1767942208510,Sunny,Day,0.07743055555555556,100.0,5.0,27.470467000057397,auto
1767942208539,Sunny,Day,0.07743055555555556,100.0,5.0,23.764872000356263,auto
1767942208571,Sunny,Day,0.07660590277777778,100.0,5.0,25.757755000086036,auto
1767942208602,Sunny,Day,0.07664930555555556,100.0,5.0,25.83471499974621,auto
1767942208633,Sunny,Day,0.07612847222222222,100.0,5.0,22.38608999959979,auto
1767942208666,Sunny,Day,0.0734375,100.0,6.0,27.58888600010323,auto
1767942208695,Sunny,Day,0.07335069444444445,100.0,5.0,23.438389000148163,auto
1767942208726,Sunny,Day,0.07243923611111111,100.0,5.0,25.465585000347346,auto
1767942208758,Sunny,Day,0.07213541666666666,100.0,6.0,26.34072599994397,auto
1767942208790,Sunny,Day,0.0703125,100.0,6.0,21.04419399984181,auto
1767942208822,Sunny,Day,0.06783854166666667,100.0,6.0,22.29268700011744,auto
1767942208853,Sunny,Day,0.06918402777777778,100.0,5.0,26.344448999680026,auto
1767942208885,Sunny,Day,0.06805555555555555,100.0,6.0,25.511989000278845,auto
1767942208917,Sunny,Day,0.06228298611111111,100.0,5.0,22.095270000136225,auto
1767942208947,Sunny,Day,0.056380208333333334,100.0,5.0,24.46167100015373,auto
1767942208979,Sunny,Day,0.054427083333333334,100.0,6.0,25.47138099998847,auto
1767942209011,Sunny,Day,0.055512152777777775,100.0,6.0,25.81867900016732,auto
1767942209042,Sunny,Day,0.05399305555555556,100.0,6.0,25.288633999934973,auto
1767942209075,Sunny,Day,0.046223958333333336,92.44791666666667,6.0,27.672718999838253,auto
1767942209106,Sunny,Day,0.043402777777777776,86.80555555555556,6.0,24.61585199989713,auto
1767942209137,Sunny,Day,0.04383680555555555,87.6736111111111,6.0,24.604056000043784,auto
1767942209167,Sunny,Day,0.04114583333333333,82.29166666666667,7.0,23.55842199995095,auto
1767942209200,Sunny,Day,0.03706597222222222,74.13194444444444,7.0,27.07504499994684,auto
1767942209232,Sunny,Day,0.028038194444444445,56.07638888888889,-29.0,25.908860999606986,auto
1767942209261,Sunny,Day,0.027777777777777776,55.55555555555555,-29.0,21.262943999772688,auto
1767942209295,Sunny,Day,0.027213541666666667,54.427083333333336,-29.0,28.61109800005579,auto
1767942209324,Sunny,Day,0.02504340277777778,50.08680555555556,-29.0,21.999519000019063,auto
1767942209356,Sunny,Day,0.022699652777777777,45.39930555555556,-27.0,26.12205500008713,auto
1767942209386,Sunny,Day,0.025390625,50.78125,-25.0,24.78439900005469,auto
1767942209421,Sunny,Day,0.028776041666666665,57.55208333333333,-22.0,29.40979899995,auto
1767942209451,Sunny,Day,0.02990451388888889,59.80902777777778,-19.0,23.742302999835374,auto
1767942209482,Sunny,Day,0.03302951388888889,66.05902777777779,-16.0,24.99355600002673,auto
1767942209513,Sunny,Day,0.036631944444444446,73.26388888888889,-13.0,23.46041000009791,auto
1767942209545,Sunny,Day,0.041493055555555554,82.98611111111111,-13.0,25.73598100025265,auto
1767942209577,Sunny,Day,0.04596354166666667,91.92708333333334,-11.0,24.009196999941196,auto
1767942209608,Sunny,Day,0.049479166666666664,98.95833333333333,-9.0,25.196805000177847,auto
1767942209637,Sunny,Day,0.055078125,100.0,-6.0,21.544486000038887,auto
1767942209668,Sunny,Day,0.05750868055555555,100.0,-3.0,25.476495000020805,auto
1767942209702,Sunny,Day,0.059244791666666664,100.0,-2.0,27.216221999879053,auto
1767942209732,Sunny,Day,0.06219618055555556,100.0,1.0,18.697424000038154,auto
1767942209764,Sunny,Day,0.06536458333333334,100.0,3.0,26.78900299997622,auto
1767942209794,Sunny,Day,0.06762152777777777,100.0,3.0,24.13485800025228,auto
1767942209828,Sunny,Day,0.068359375,100.0,4.0,28.22441299986167,auto
1767942209859,Sunny,Day,0.07274305555555556,100.0,4.0,25.713816000006773,auto
1767942209889,Sunny,Day,0.07873263888888889,100.0,11.0,23.864279000008537,auto
1767942209921,Sunny,Day,0.08138020833333333,100.0,15.0,26.35476599971298,auto
1767942209952,Sunny,Day,0.08884548611111111,100.0,17.0,24.496301999988646,auto
1767942209982,Sunny,Day,0.09136284722222222,100.0,20.0,24.628758000289963,auto
1767942210017,Sunny,Day,0.08771701388888889,100.0,22.0,30.175539999618195,auto
1767942210046,Sunny,Day,0.08828125,100.0,24.0,21.57461599972521,auto
1767942210078,Sunny,Day,0.08758680555555555,100.0,23.0,25.80879599963737,auto
1767942210112,Sunny,Day,0.08919270833333333,100.0,23.0,29.03704300024401,auto
1767942210140,Sunny,Day,0.08728298611111111,100.0,31.0,20.21448000004966,auto
1767942210172,Sunny,Day,0.08324652777777777,100.0,31.0,25.239324000267516,auto
1767942210205,Sunny,Day,0.08142361111111111,100.0,33.0,26.832727000055456,auto
1767942210236,Sunny,Day,0.07868923611111112,100.0,35.0,15.486917999623984,auto
1767942210265,Sunny,Day,0.07378472222222222,100.0,37.0,22.351503999743727,auto
1767942210299,Sunny,Day,0.07578125,100.0,41.0,28.919123000378022,auto
1767942210330,Sunny,Day,0.06957465277777777,100.0,34.0,23.48542899972017,auto
1767942210360,Sunny,Day,0.06536458333333334,100.0,37.0,22.57101200029865,auto
1767942210392,Sunny,Day,0.07356770833333333,100.0,37.0,13.501830999757658,auto
1767942210424,Sunny,Day,0.06610243055555555,100.0,36.0,26.418432999889774,auto
1767942210455,Sunny,Day,0.061024305555555554,100.0,41.0,24.94076499988296,auto
1767942210484,Sunny,Day,0.05724826388888889,100.0,37.0,21.440344999973604,auto
1767942210517,Sunny,Day,0.05998263888888889,100.0,35.0,25.91332700012572,auto
1767942210550,Sunny,Day,0.05716145833333333,100.0,33.0,26.912054999684187,auto
1767942210579,Sunny,Day,0.06276041666666667,100.0,32.0,23.256551000031322,auto
1767942210614,Sunny,Day,0.060980902777777776,100.0,26.0,29.143333999854804,auto
1767942210645,Sunny,Day,0.059765625,100.0,28.0,24.83834399981788,auto
1767942210673,Sunny,Day,0.06228298611111111,100.0,22.0,21.898432999932993,auto
1767942210707,Sunny,Day,0.06176215277777778,100.0,23.0,28.579270000136603,auto
1767942210738,Sunny,Day,0.06401909722222222,100.0,26.0,21.73418300026242,auto
1767942210770,Sunny,Day,0.05334201388888889,100.0,18.0,22.086776999913127,auto
1767942210799,Sunny,Day,0.05798611111111111,100.0,21.0,14.743510000243987,auto
1767942210833,Sunny,Day,0.06427951388888889,100.0,21.0,28.913215999637032,auto
1767942210862,Sunny,Day,0.06384548611111111,100.0,19.0,15.876046999892424,auto
1767942210893,Sunny,Day,0.06614583333333333,100.0,19.0,26.153871000133222,auto
1767942210929,Sunny,Day,0.06692708333333333,100.0,20.0,30.451120999714476,auto
1767942210960,Sunny,Day,0.06818576388888889,100.0,16.0,24.046659999839903,auto
1767942210989,Sunny,Day,0.06996527777777778,100.0,22.0,22.656470000129048,auto
1767942211019,Sunny,Day,0.060980902777777776,100.0,13.0,24.33261100031814,auto
1767942211049,Sunny,Day,0.06597222222222222,100.0,14.0,19.241790000251058,auto
1767942211082,Sunny,Day,0.06753472222222222,100.0,-47.0,25.781003999782115,auto
1767942211117,Sunny,Day,0.06597222222222222,100.0,-45.0,30.245004999869707,auto
1767942211149,Sunny,Day,0.06644965277777778,100.0,-42.0,18.666725999992195,auto
1767942211179,Sunny,Day,0.07026909722222222,100.0,-41.0,23.895986000297853,auto
1767942211208,Sunny,Day,0.073828125,100.0,-38.0,23.35273500011681,auto
1767942211242,Sunny,Day,0.08498263888888889,100.0,-39.0,27.534953999747813,auto
1767942211270,Sunny,Day,0.08680555555555555,100.0,-34.0,22.349452000071324,auto
1767942211302,Sunny,Day,0.08342013888888888,100.0,-14.0,25.87087000028987,auto
1767942211334,Sunny,Day,0.08949652777777778,100.0,-28.0,26.410529000258975,auto
1767942211365,Sunny,Day,0.11102430555555555,100.0,-26.0,25.444076000439964,auto
1767942211397,Sunny,Day,0.11527777777777778,100.0,-23.0,26.076248999743257,auto
1767942211428,Sunny,Day,0.12335069444444445,100.0,-17.0,23.64285000021482,auto
1767942211463,Sunny,Day,0.14192708333333334,100.0,-11.0,27.391276999878755,auto
1767942211492,Sunny,Day,0.15894097222222223,100.0,-4.0,23.866247000114527,auto
1767942211523,Sunny,Day,0.1753472222222222,100.0,-1.0,18.82316199998968,auto
1767942211555,Sunny,Day,0.1736111111111111,100.0,3.0,25.420133000352507,auto
1767942211585,Sunny,Day,0.17612847222222222,100.0,8.0,22.0528180002475,auto
1767942211616,Sunny,Day,0.19778645833333333,100.0,8.0,24.230914000327175,auto
1767942211649,Sunny,Day,0.20638020833333334,100.0,9.0,26.29070100010722,auto
1767942211679,Sunny,Day,0.21206597222222223,100.0,10.0,23.857320999923104,auto
1767942211710,Sunny,Day,0.2396267361111111,100.0,9.0,17.404694999640924,auto
1767942211741,Sunny,Day,0.2484375,100.0,8.0,25.181330000123126,auto
1767942211774,Sunny,Day,0.2567274305555556,100.0,7.0,27.53908299973773,auto
1767942211806,Sunny,Day,0.2598958333333333,100.0,5.0,25.170422999963193,auto
1767942211836,Sunny,Day,0.2685329861111111,100.0,4.0,23.651219999919704,auto
1767942211868,Sunny,Day,0.27044270833333334,100.0,4.0,26.73040099989521,auto
1767942211900,Sunny,Day,0.28077256944444445,100.0,3.0,25.09961200030375,auto
1767942211931,Sunny,Day,0.26328125,100.0,-42.0,22.330860000238317,auto
1767942211962,Sunny,Day,0.2642361111111111,100.0,-40.0,25.608901000396145,auto
1767942211993,Sunny,Day,0.2800347222222222,100.0,-41.0,25.25241900002584,auto
1767942212024,Sunny,Day,0.276953125,100.0,-35.0,24.576195000008738,auto
1767942212056,Sunny,Day,0.2769965277777778,100.0,-25.0,26.54722799979936,auto
1767942212087,Sunny,Day,0.28120659722222224,100.0,-17.0,24.336356000276282,auto
1767942212118,Sunny,Day,0.2841579861111111,100.0,-7.0,24.50227300005281,auto
1767942212149,Sunny,Day,0.296875,100.0,2.0,25.415636000161612,auto
1767942212181,Sunny,Day,0.30225694444444445,100.0,7.0,25.474910999946587,auto
1767942212212,Sunny,Day,0.3099826388888889,100.0,12.0,24.83009099978517,auto
1767942212244,Sunny,Day,0.3155381944444444,100.0,14.0,26.00518099961846,auto
1767942212275,Sunny,Day,0.3292100694444444,100.0,18.0,25.255310000375175,auto
1767942212307,Sunny,Day,0.3391927083333333,100.0,20.0,26.672797000173887,auto
1767942212340,Sunny,Day,0.3427951388888889,100.0,19.0,23.904210000182502,auto
1767942212370,Sunny,Day,0.3458333333333333,100.0,17.0,23.77595799998744,auto
1767942212404,Sunny,Day,0.3636284722222222,100.0,17.0,26.316943999972864,auto
1767942212432,Sunny,Day,0.3689236111111111,100.0,16.0,21.489199999905395,auto
1767942212463,Sunny,Day,0.36549479166666665,100.0,16.0,25.692733000141743,auto
1767942212494,Sunny,Day,0.36080729166666664,100.0,15.0,24.980176000099164,auto
1767942212527,Sunny,Day,0.3726996527777778,100.0,15.0,25.814116999754333,auto
1767942212558,Sunny,Day,0.37469618055555554,100.0,14.0,24.483995999617036,auto
1767942212591,Sunny,Day,0.3624131944444444,100.0,12.0,27.059944000029645,auto
1767942212621,Sunny,Day,0.35564236111111114,100.0,12.0,23.047622999911255,auto
1767942212654,Sunny,Day,0.36163194444444446,100.0,12.0,27.47199700024794,auto
1767942212686,Sunny,Day,0.37452256944444445,100.0,11.0,22.065170999667316,auto
1767942212715,Sunny,Day,0.36701388888888886,100.0,13.0,22.34213900010218,auto
1767942212749,Sunny,Day,0.38003472222222223,100.0,11.0,25.401155000054132,auto
1767942212778,Sunny,Day,0.3720486111111111,100.0,7.0,22.3662130001685,auto
1767942212811,Sunny,Day,0.39305555555555555,100.0,-7.0,26.92135799998141,auto
1767942212841,Sunny,Day,0.39609375,100.0,-1.0,23.76003200015475,auto
1767942212872,Sunny,Day,0.37860243055555554,100.0,,25.150537999707012,auto
1767942212904,Sunny,Day,0.38233506944444445,100.0,,26.16182200017647,auto
1767942212934,Sunny,Day,0.3904079861111111,100.0,,17.303647000062483,auto
1767942212965,Sunny,Day,0.40086805555555555,100.0,,23.92350499985696,auto
1767942212998,Sunny,Day,0.4068142361111111,100.0,,27.08364599993729,auto
1767942213029,Sunny,Day,0.4053819444444444,100.0,,25.702550999994855,auto
1767942213062,Sunny,Day,0.4094184027777778,100.0,,27.319397000155732,auto
1767942213093,Sunny,Day,0.40772569444444445,100.0,,20.260837000023457,auto
1767942213124,Sunny,Day,0.408203125,100.0,,25.439342000026954,auto
1767942213157,Sunny,Day,0.40546875,100.0,,27.649992000078782,auto
1767942213187,Sunny,Day,0.403125,100.0,,24.661028000082297,auto
1767942213217,Sunny,Day,0.4037326388888889,100.0,,23.06208800018794,auto
1767942213250,Sunny,Day,0.4087673611111111,100.0,,24.115184000038425,auto
1767942213281,Sunny,Day,0.4047309027777778,100.0,,19.76124999964668,auto
1767942213313,Sunny,Day,0.40412326388888886,100.0,,25.947391000045172,auto
1767942213347,Sunny,Day,0.403125,100.0,,25.53165200015428,auto
1767942213374,Sunny,Day,0.40234375,100.0,,21.446389999709936,auto
1767942213410,Sunny,Day,0.404296875,100.0,,31.72138400032054,manual
1767942213436,Sunny,Day,0.4024739583333333,100.0,,14.266651000070851,manual
1767942213467,Sunny,Day,0.401171875,100.0,,25.389567000274837,manual
1767942213499,Sunny,Day,0.39448784722222224,100.0,,25.740974999735045,manual
1767942213533,Sunny,Day,0.39457465277777776,100.0,,28.27460999969844,manual
1767942213565,Sunny,Day,0.40164930555555556,100.0,,22.801712000273255,manual
1767942213595,Sunny,Day,0.3988715277777778,100.0,,20.721926000078383,manual
1767942213627,Sunny,Day,0.39986979166666664,100.0,,23.981393999747525,manual
1767942213658,Sunny,Day,0.4039496527777778,100.0,,24.645121000048675,manual
1767942213688,Sunny,Day,0.4017795138888889,100.0,,22.540928999660537,manual
1767942213719,Sunny,Day,0.40151909722222223,100.0,,24.199827999836998,manual
1767942213751,Sunny,Day,0.3919270833333333,100.0,,24.2008469999746,manual
1767942213782,Sunny,Day,0.39644097222222224,100.0,,20.81451300000481,manual
1767942213818,Sunny,Day,0.4037326388888889,100.0,,30.201941000086663,manual
1767942213846,Sunny,Day,0.4026909722222222,100.0,,22.638626999651024,manual
1767942213876,Sunny,Day,0.3974826388888889,100.0,,25.17222500000571,manual
1767942213908,Sunny,Day,0.3995225694444444,100.0,,23.535860999800207,manual
1767942213940,Sunny,Day,0.3967013888888889,100.0,,22.980425000241667,manual
1767942213973,Sunny,Day,0.39921875,100.0,,26.569767000182765,manual
1767942214003,Sunny,Day,0.391015625,100.0,,20.79838400004519,manual
1767942214034,Sunny,Day,0.3837673611111111,100.0,,23.49799500007066,manual
1767942214066,Sunny,Day,0.3868489583333333,100.0,,26.086887000019487,manual
1767942214096,Sunny,Day,0.3883246527777778,100.0,,24.87472400025581,manual
1767942214128,Sunny,Day,0.3760850694444444,100.0,,22.26548199996614,manual
1767942214160,Sunny,Day,0.3763454861111111,100.0,,25.873452999803703,manual
1767942214190,Sunny,Day,0.3755642361111111,100.0,,23.626414999853296,manual
1767942214223,Sunny,Day,0.37057291666666664,100.0,,26.65274800028783,manual
1767942214255,Sunny,Day,0.3659722222222222,100.0,,25.96622600003684,manual
1767942214285,Sunny,Day,0.3615451388888889,100.0,,21.661510999820166,manual
1767942214318,Sunny,Day,0.36015625,100.0,,27.059043000008387,manual
1767942214347,Sunny,Day,0.3590277777777778,100.0,,20.947860999967816,manual
1767942214381,Sunny,Day,0.3450954861111111,100.0,11.0,28.098140000111016,manual
1767942214410,Sunny,Day,0.3341145833333333,100.0,10.0,24.82317099975262,manual
1767942214443,Sunny,Day,0.3347222222222222,100.0,7.0,29.808352000145533,manual
1767942214473,Sunny,Day,0.32842881944444446,100.0,6.0,25.842732999990403,manual
1767942214507,Sunny,Day,0.319140625,100.0,5.0,28.69509200036191,manual
1767942214536,Sunny,Day,0.31137152777777777,100.0,4.0,23.6538770000152,manual
1767942214568,Sunny,Day,0.3120659722222222,100.0,2.0,20.522271000118053,manual
1767942214599,Sunny,Day,0.31888020833333336,100.0,1.0,26.69922699988092,manual
1767942214633,Sunny,Day,0.304296875,100.0,0.0,30.444894999618555,manual
1767942214662,Sunny,Day,0.30247395833333335,100.0,-1.0,24.70667700026752,manual
1767942214693,Sunny,Day,0.29830729166666664,100.0,-2.0,26.672118000078626,manual
1767942214725,Sunny,Day,0.2966579861111111,100.0,-4.0,16.35473499982254,manual
1767942214755,Sunny,Day,0.29466145833333335,100.0,-6.0,27.0327839998572,manual
1767942214789,Sunny,Day,0.2825954861111111,100.0,-7.0,30.562241000097856,manual
1767942214818,Sunny,Day,0.27196180555555555,100.0,-8.0,23.749279000185197,manual
1767942214850,Sunny,Day,0.27326388888888886,100.0,-10.0,29.13618200000201,manual
1767942214884,Sunny,Day,0.2683159722222222,100.0,-11.0,29.596769999898243,manual
1767942214913,Sunny,Day,0.2607638888888889,100.0,-13.0,23.84273799998482,manual
1767942214945,Sunny,Day,0.2567274305555556,100.0,-13.0,27.837986000122328,manual
1767942214979,Sunny,Day,0.26263020833333334,100.0,-14.0,28.506878999905894,manual
1767942215007,Sunny,Day,0.26059027777777777,100.0,-15.0,24.014154999804305,manual
1767942215039,Sunny,Day,0.24605034722222222,100.0,-16.0,28.482068999892363,manual
1767942215071,Sunny,Day,0.23914930555555555,100.0,-17.0,26.859759999751986,manual
1767942215102,Sunny,Day,0.23997395833333332,100.0,-18.0,26.27921300017988,manual
1767942215134,Sunny,Day,0.25221354166666665,100.0,-18.0,28.121142000145483,manual
1767942215164,Sunny,Day,0.24661458333333333,100.0,-19.0,20.289654999942286,manual
1767942215197,Sunny,Day,0.23472222222222222,100.0,-20.0,28.028405999975803,manual
1767942215232,Sunny,Day,0.2302517361111111,100.0,-21.0,29.725248999966425,manual
1767942215258,Sunny,Day,0.24153645833333334,100.0,-21.0,22.048384000299848,manual
1767942215290,Sunny,Day,0.23953993055555556,100.0,-22.0,28.299058999891713,manual
1767942215320,Sunny,Day,0.23081597222222222,100.0,-22.0,24.82624799995392,manual
1767942215354,Sunny,Day,0.22452256944444443,100.0,-23.0,29.733026000030804,manual
1767942215383,Sunny,Day,0.23255208333333333,100.0,-23.0,25.810643999648164,manual
1767942215416,Sunny,Day,0.22973090277777777,100.0,-24.0,27.40319600025032,manual
1767942215447,Sunny,Day,0.22669270833333333,100.0,-25.0,24.567685999954847,manual
1767942215478,Sunny,Day,0.22022569444444445,100.0,-25.0,18.63160599987168,manual
1767942215509,Sunny,Day,0.22374131944444445,100.0,-25.0,25.62985700024001,manual
1767942215544,Sunny,Day,0.22825520833333332,100.0,-25.0,29.26201200034484,manual
1767942215572,Sunny,Day,0.22452256944444443,100.0,-26.0,23.762984999848413,manual
1767942215605,Sunny,Day,0.21779513888888888,100.0,-27.0,29.819318000136263,manual
1767942215636,Sunny,Day,0.2140625,100.0,-27.0,25.520991999655962,manual
1767942215669,Sunny,Day,0.21371527777777777,100.0,-28.0,28.56837900026221,manual
1767942215698,Sunny,Day,0.21263020833333332,100.0,-28.0,24.2171849999977,manual
1767942215730,Sunny,Day,0.21410590277777777,100.0,-29.0,26.728395999725763,manual
1767942215762,Sunny,Day,0.21388888888888888,100.0,-29.0,24.52113300023484,manual
1767942215792,Sunny,Day,0.2085503472222222,100.0,-29.0,20.292191999942588,manual
1767942215825,Sunny,Day,0.20885416666666667,100.0,-30.0,26.86829599997509,manual
1767942215854,Sunny,Day,0.20620659722222223,100.0,-30.0,20.93284600005063,manual
1767942215886,Sunny,Day,0.2049045138888889,100.0,-31.0,28.36161200002607,manual
1767942215917,Sunny,Day,0.1986111111111111,100.0,-31.0,26.625493000210554,manual
1767942215952,Sunny,Day,0.19618055555555555,100.0,-32.0,29.734821999682026,manual
1767942215981,Sunny,Day,0.19114583333333332,100.0,-33.0,24.591629000042303,manual
1767942216015,Sunny,Day,0.18619791666666666,100.0,-34.0,30.225615000290418,manual
1767942216043,Sunny,Day,0.18459201388888888,100.0,-34.0,24.164337999991403,manual
1767942216076,Sunny,Day,0.18368055555555557,100.0,-35.0,27.570395000111603,manual
1767942216111,Sunny,Day,0.19188368055555555,100.0,-36.0,31.642085000385123,manual
1767942216138,Sunny,Day,0.1911892361111111,100.0,-37.0,22.887179000008473,manual
1767942216174,Sunny,Day,0.1859375,100.0,-38.0,30.965172999913193,manual
1767942216200,Sunny,Day,0.17803819444444444,100.0,-39.0,17.39013199994588,manual
1767942216233,Sunny,Day,0.17625868055555555,100.0,-39.0,27.8604909999558,manual
1767942216266,Sunny,Day,0.17269965277777777,100.0,-40.0,29.366824999669916,manual
1767942216294,Sunny,Day,0.16475694444444444,100.0,-41.0,24.329016000137926,manual
1767942216325,Sunny,Day,0.15950520833333334,100.0,-42.0,20.07187100025476,manual
1767942216355,Sunny,Day,0.15933159722222223,100.0,-43.0,24.480212000071333,manual
1767942216387,Sunny,Day,0.15334201388888888,100.0,-44.0,29.35645499974271,manual
1767942216421,Sunny,Day,0.149609375,100.0,-44.0,30.794145000072604,manual
1767942216449,Sunny,Day,0.14796006944444445,100.0,-45.0,25.608508000004804,manual
1767942216481,Sunny,Day,0.14418402777777778,100.0,-46.0,29.378955000083806,manual
1767942216514,Sunny,Day,0.13936631944444444,100.0,-47.0,30.112419000033697,manual
1767942216543,Sunny,Day,0.1384548611111111,100.0,-48.0,25.750113999947644,manual
1767942216577,Sunny,Day,0.13719618055555555,100.0,-49.0,30.747999000141135,manual
1767942216606,Sunny,Day,0.13315972222222222,100.0,-50.0,25.871237000046676,manual
1767942216637,Sunny,Day,0.13155381944444444,100.0,2.0,27.747626999826025,manual
1767942216669,Sunny,Day,0.12916666666666668,100.0,2.0,28.977252000004228,manual
1767942216702,Sunny,Day,0.12747395833333333,100.0,1.0,29.419082000003982,manual
1767942216731,Sunny,Day,0.12599826388888888,100.0,0.0,25.858682000034605,manual
1767942216764,Sunny,Day,0.124609375,100.0,0.0,28.83807300031549,manual
1767942216796,Sunny,Day,0.1234375,100.0,-1.0,26.760823000131495,manual
1767942216828,Sunny,Day,0.122265625,100.0,-2.0,26.859262000016315,manual
1767942216858,Sunny,Day,0.12074652777777778,100.0,-2.0,25.943345000086993,manual
1767942216888,Sunny,Day,0.11987847222222223,100.0,-3.0,26.682289999826025,manual
1767942216921,Sunny,Day,0.117578125,100.0,-4.0,29.498818999854848,manual
1767942216951,Sunny,Day,0.11792534722222223,100.0,-5.0,24.65163000033499,manual
1767942216984,Sunny,Day,0.117578125,100.0,-6.0,29.421155999898474,manual
1767942217014,Sunny,Day,0.12005208333333334,100.0,-7.0,26.830246999907104,manual
1767942217045,Sunny,Day,0.11970486111111112,100.0,-8.0,28.342100999907416,manual
1767942217078,Sunny,Day,0.11987847222222223,100.0,-9.0,28.518536999854405,manual
1767942217109,Sunny,Day,0.11996527777777778,100.0,-10.0,24.24283700020169,manual
1767942217140,Sunny,Day,0.11723090277777778,100.0,-11.0,25.47101800018936,manual
1767942217171,Sunny,Day,0.1154513888888889,100.0,0.0,27.186971999981324,manual
1767942217203,Sunny,Day,0.11371527777777778,100.0,-1.0,23.25471899985132,manual
1767942217235,Sunny,Day,0.11293402777777778,100.0,-3.0,23.31160500034457,manual
1767942217267,Sunny,Day,0.1091579861111111,100.0,-6.0,27.775479999945674,manual
1767942217299,Sunny,Day,0.10416666666666667,100.0,-8.0,26.46026599995821,manual
1767942217329,Sunny,Day,0.10386284722222222,100.0,-10.0,27.469292000205314,manual
1767942217359,Sunny,Day,0.09908854166666667,100.0,-12.0,25.682822999897326,manual
1767942217393,Sunny,Day,0.10121527777777778,100.0,-12.0,29.352995999943232,manual
1767942217424,Sunny,Day,0.10104166666666667,100.0,-12.0,26.072990000102436,manual
1767942217453,Sunny,Day,0.10138888888888889,100.0,-13.0,23.892095000064728,manual
1767942217486,Sunny,Day,0.10130208333333333,100.0,-13.0,28.246808999938366,manual
1767942217518,Sunny,Day,0.10112847222222222,100.0,-13.0,26.60566700023992,manual
1767942217547,Sunny,Day,0.10130208333333333,100.0,-13.0,24.43614300000263,manual
1767942217581,Sunny,Day,0.10160590277777778,100.0,-13.0,28.755210999861447,manual
1767942217612,Sunny,Day,0.10160590277777778,100.0,-13.0,25.162088999877597,manual
1767942217643,Sunny,Day,0.10160590277777778,100.0,-13.0,26.201224000033108,manual
1767942217674,Sunny,Day,0.10138888888888889,100.0,-13.0,26.542392000010295,manual
1767942217706,Sunny,Day,0.10130208333333333,100.0,-13.0,27.170973000011145,manual
1767942217737,Sunny,Day,0.10160590277777778,100.0,-13.0,26.925800000299205,manual
1767942217768,Sunny,Day,0.1015625,100.0,-13.0,25.955921000331728,manual
1767942217801,Sunny,Day,0.10125868055555555,100.0,-13.0,28.516278000097373,manual
1767942217832,Sunny,Day,0.10108506944444444,100.0,-12.0,26.01099299999987,manual
1767942217862,Sunny,Day,0.1015625,100.0,-13.0,24.296871999922587,manual
1767942217895,Sunny,Day,0.10121527777777778,100.0,-13.0,27.55776899994089,manual
1767942217926,Sunny,Day,0.10108506944444444,100.0,-12.0,26.863507000143727,manual
1767942217956,Sunny,Day,0.10095486111111111,100.0,-12.0,23.711067000022013,manual
1767942217988,Sunny,Day,0.1013454861111111,100.0,-12.0,28.123463000156335,manual
1767942218020,Sunny,Day,0.10121527777777778,100.0,-13.0,27.106459000151517,manual
1767942218051,Sunny,Day,0.10138888888888889,100.0,-13.0,23.847138000292034,manual
1767942218083,Sunny,Day,0.10099826388888888,100.0,-13.0,26.823215000149503,manual
1767942218113,Sunny,Day,0.10099826388888888,100.0,-12.0,22.56873699980133,manual
1767942218146,Sunny,Day,0.10099826388888888,100.0,-12.0,23.63748100015073,manual
1767942218175,Sunny,Day,0.10091145833333333,100.0,-12.0,24.665004999860685,manual
1767942218208,Sunny,Day,0.10086805555555556,100.0,-12.0,27.954289999797766,manual
1767942218238,Sunny,Day,0.10073784722222222,100.0,-12.0,23.86915399983991,manual
1767942218270,Sunny,Day,0.10104166666666667,100.0,-12.0,22.624974999871483,manual
1767942218301,Sunny,Day,0.10099826388888888,100.0,-12.0,26.704553999934433,manual
1767942218334,Sunny,Day,0.10095486111111111,100.0,-12.0,28.0826530001832,manual
1767942218364,Sunny,Day,0.10086805555555556,100.0,-12.0,25.130222999905527,manual
1767942218395,Sunny,Day,0.10069444444444445,100.0,-12.0,26.650094000160607,manual
1767942218427,Sunny,Day,0.10112847222222222,100.0,-13.0,27.005873000234715,manual
1767942218460,Sunny,Day,0.10082465277777777,100.0,-13.0,28.090209999845683,manual
1767942218489,Sunny,Day,0.10065104166666666,100.0,-12.0,25.109483000051114,manual
1767942218522,Sunny,Day,0.10091145833333333,100.0,-12.0,27.423593999628793,manual
1767942218554,Sunny,Day,0.10099826388888888,100.0,-13.0,26.850343000205612,manual
1767942218584,Sunny,Day,0.10078125,100.0,-12.0,24.77588800002195,manual
1767942218615,Sunny,Day,0.10073784722222222,100.0,-12.0,26.51058199990075,manual
1767942218646,Sunny,Day,0.10078125,100.0,-12.0,27.076905999820156,manual
1767942218678,Sunny,Day,0.10086805555555556,100.0,-12.0,26.765773000079207,manual
1767942218710,Sunny,Day,0.10082465277777777,100.0,-13.0,27.2353799996381,manual
1767942218742,Sunny,Day,0.10073784722222222,100.0,-12.0,28.00347199990938,manual
1767942218772,Sunny,Day,0.101171875,100.0,-13.0,24.85251400003108,manual
1767942218803,Sunny,Day,0.10112847222222222,100.0,-12.0,26.782180000282096,manual
1767942218835,Sunny,Day,0.10095486111111111,100.0,-12.0,27.449721999801113,manual
1767942218867,Sunny,Day,0.10082465277777777,100.0,-13.0,28.052580999883503,manual
1767942218897,Sunny,Day,0.10065104166666666,100.0,-12.0,25.30738099994778,manual
1767942218929,Sunny,Day,0.10091145833333333,100.0,-12.0,26.65233400011857,manual
1767942218960,Sunny,Day,0.10091145833333333,100.0,-13.0,26.674499999899126,manual
1767942218992,Sunny,Day,0.10099826388888888,100.0,-13.0,26.20742999988579,manual
1767942219023,Sunny,Day,0.10060763888888889,100.0,-12.0,26.107325999873865,manual
1767942219056,Sunny,Day,0.10086805555555556,100.0,-12.0,28.09750799997346,manual
