Timestamp,Weather,Time of Day,Mask White Ratio,Lane Quality Score,Lane Error,Processing Time (ms),Mode
1768181062217,Sunny,Day,0.08107638888888889,100.0,-70.0,431.28830300020127,manual
1768181062522,Sunny,Day,0.08055555555555556,100.0,-70.0,5.977055999665026,manual
1768181062533,Sunny,Day,0.07999131944444444,100.0,-70.0,4.451233000054344,manual
1768181062564,Sunny,Day,0.08025173611111111,100.0,-70.0,9.27960199987865,manual
1768181062593,Sunny,Day,0.0798611111111111,100.0,-70.0,14.07669399986844,manual
1768181062625,Sunny,Day,0.08059895833333333,100.0,-70.0,27.026812999793037,manual
1768181062658,Sunny,Day,0.08046875,100.0,-70.0,28.012023999963276,manual
1768181062687,Sunny,Day,0.07955729166666667,100.0,-70.0,23.96377900004154,manual
1768181062718,Sunny,Day,0.07803819444444444,100.0,-70.0,25.553098999807844,manual
1768181062750,Sunny,Day,0.0796875,100.0,-70.0,26.83137500025623,manual
1768181062782,Sunny,Day,0.08012152777777778,100.0,-70.0,28.09794700033308,manual
1768181062813,Sunny,Day,0.07877604166666667,100.0,-70.0,25.989326999933837,manual
1768181062844,Sunny,Day,0.08003472222222222,100.0,-70.0,27.065423999829363,manual
1768181062876,Sunny,Day,0.07808159722222222,100.0,-70.0,26.731712000128027,manual
1768181062907,Sunny,Day,0.07838541666666667,100.0,-70.0,26.977814000019862,manual
1768181062939,Sunny,Day,0.07960069444444444,100.0,-70.0,26.816671000233328,manual
1768181062970,Sunny,Day,0.07973090277777778,100.0,-70.0,25.22640600000159,manual
1768181063001,Sunny,Day,0.07907986111111111,100.0,-70.0,26.4411459997973,manual
1768181063033,Sunny,Day,0.07899305555555555,100.0,-70.0,26.259762999870873,manual
1768181063064,Sunny,Day,0.07886284722222223,100.0,-70.0,26.370390000010957,manual
1768181063095,Sunny,Day,0.07864583333333333,100.0,-70.0,26.867280999795184,manual
1768181063127,Sunny,Day,0.07951388888888888,100.0,-70.0,26.939317000142182,manual
1768181063158,Sunny,Day,0.07847222222222222,100.0,-70.0,26.49564500006818,manual
1768181063189,Sunny,Day,0.07921006944444445,100.0,-70.0,26.924075999886554,manual
1768181063221,Sunny,Day,0.07877604166666667,100.0,-70.0,22.357736000230943,manual
1768181063252,Sunny,Day,0.07821180555555556,100.0,-70.0,26.675361999878078,manual
1768181063283,Sunny,Day,0.07782118055555555,100.0,-70.0,26.86311499974181,manual
1768181063315,Sunny,Day,0.07899305555555555,100.0,-70.0,27.07736799993654,manual
1768181063346,Sunny,Day,0.0783420138888889,100.0,-70.0,26.919223999811948,manual
1768181063378,Sunny,Day,0.0796875,100.0,-70.0,26.875059999838413,manual
1768181063409,Sunny,Day,0.07838541666666667,100.0,-70.0,25.145779000013135,manual
1768181063442,Sunny,Day,0.07838541666666667,100.0,-70.0,28.49904599997899,manual
1768181063474,Sunny,Day,0.07890625,100.0,-70.0,20.11987899959422,manual
1768181063503,Sunny,Day,0.07899305555555555,100.0,-70.0,22.532119000061357,manual
1768181063536,Sunny,Day,0.07881944444444444,100.0,-70.0,28.55550700041931,manual
1768181063570,Sunny,Day,0.07868923611111112,100.0,-70.0,26.823154000339855,manual
1768181063597,Sunny,Day,0.07842881944444445,100.0,-70.0,22.235073000047123,manual
1768181063630,Sunny,Day,0.07955729166666667,100.0,-70.0,27.847769999880256,manual
1768181063663,Sunny,Day,0.07934027777777777,100.0,-70.0,28.37938299990128,manual
1768181063692,Sunny,Day,0.07855902777777778,100.0,-70.0,24.388561999785452,manual
1768181063728,Sunny,Day,0.07821180555555556,100.0,-70.0,31.533361000128934,manual
1768181063755,Sunny,Day,0.07829861111111111,100.0,-70.0,19.778186000166897,manual
1768181063786,Sunny,Day,0.07881944444444444,100.0,-70.0,26.738137999927858,manual
1768181063817,Sunny,Day,0.07864583333333333,100.0,-70.0,26.746082000045135,manual
1768181063849,Sunny,Day,0.078515625,100.0,-70.0,27.030962000026193,manual
1768181063880,Sunny,Day,0.07912326388888889,100.0,-70.0,26.87372599984883,manual
1768181063911,Sunny,Day,0.07912326388888889,100.0,-70.0,26.587863999793626,manual
1768181063943,Sunny,Day,0.07881944444444444,100.0,-70.0,26.608716000282584,manual
1768181063977,Sunny,Day,0.07816840277777778,100.0,-70.0,29.018530000030296,manual
1768181064006,Sunny,Day,0.07864583333333333,100.0,-70.0,22.615599000346265,manual
1768181064038,Sunny,Day,0.07894965277777778,100.0,-70.0,27.552891000141244,manual
1768181064069,Sunny,Day,0.07860243055555556,100.0,-70.0,26.438869000230625,manual
1768181064100,Sunny,Day,0.07877604166666667,100.0,-70.0,26.941539000290504,manual
1768181064131,Sunny,Day,0.07808159722222222,100.0,-70.0,26.80652499975622,manual
1768181064164,Sunny,Day,0.07873263888888889,100.0,-70.0,27.86667700001999,manual
1768181064195,Sunny,Day,0.07899305555555555,100.0,-70.0,26.183545000094455,manual
1768181064226,Sunny,Day,0.07847222222222222,100.0,-70.0,26.582697999856464,manual
1768181064258,Sunny,Day,0.07808159722222222,100.0,-70.0,27.600668000104633,manual
1768181064289,Sunny,Day,0.07829861111111111,100.0,-70.0,25.15015000017229,manual
1768181064320,Sunny,Day,0.07855902777777778,100.0,-70.0,26.480349999928876,manual
1768181064353,Sunny,Day,0.07825520833333334,100.0,-70.0,27.002352000181418,manual
1768181064385,Sunny,Day,0.07890625,100.0,-70.0,26.79256199962765,manual
1768181064414,Sunny,Day,0.07855902777777778,100.0,-70.0,23.98083400021278,manual
1768181064445,Sunny,Day,0.07799479166666666,100.0,-70.0,26.999018999958935,manual
1768181064477,Sunny,Day,0.0783420138888889,100.0,-70.0,26.911336000011943,manual
1768181064508,Sunny,Day,0.07860243055555556,100.0,-70.0,26.848598000015045,manual
1768181064540,Sunny,Day,0.07782118055555555,100.0,-70.0,26.401963999887812,manual
1768181064571,Sunny,Day,0.07860243055555556,100.0,-70.0,26.591920999635477,manual
1768181064602,Sunny,Day,0.07829861111111111,100.0,-70.0,26.63354900005288,manual
1768181064634,Sunny,Day,0.078125,100.0,-70.0,26.683621000302082,manual
1768181064665,Sunny,Day,0.07847222222222222,100.0,-70.0,26.612864000071568,manual
1768181064697,Sunny,Day,0.07816840277777778,100.0,-70.0,26.531145000262768,manual
1768181064728,Sunny,Day,0.07838541666666667,100.0,-70.0,26.928836000024603,manual
1768181064759,Sunny,Day,0.07838541666666667,100.0,-70.0,26.938742999846,manual
1768181064791,Sunny,Day,0.07769097222222222,100.0,-70.0,26.938649999920017,manual
1768181064822,Sunny,Day,0.0783420138888889,100.0,-70.0,26.46686900015993,manual
1768181064854,Sunny,Day,0.07816840277777778,100.0,-70.0,27.070683000147255,manual
1768181064885,Sunny,Day,0.07808159722222222,100.0,-70.0,26.888911000241933,manual
1768181064917,Sunny,Day,0.07803819444444444,100.0,-70.0,27.114922999771807,manual
1768181064948,Sunny,Day,0.07799479166666666,100.0,-70.0,26.803969999946275,manual
1768181064979,Sunny,Day,0.07825520833333334,100.0,-70.0,26.884762999998202,manual
1768181065011,Sunny,Day,0.07829861111111111,100.0,-70.0,26.106991000233393,manual
1768181065042,Sunny,Day,0.07708333333333334,100.0,-70.0,27.98269300001266,auto
1768181065073,Sunny,Day,0.07647569444444445,100.0,-69.0,26.125083999886556,auto
1768181065105,Sunny,Day,0.07513020833333334,100.0,-66.0,25.910867999755283,auto
1768181065136,Sunny,Day,0.07256944444444445,100.0,-62.0,26.591013000142993,auto
1768181065167,Sunny,Day,0.07174479166666667,100.0,-58.0,26.31146700014142,auto
1768181065200,Sunny,Day,0.06987847222222222,100.0,-54.0,27.4805229996673,auto
1768181065231,Sunny,Day,0.06940104166666666,100.0,-50.0,26.589254000100482,auto
1768181065262,Sunny,Day,0.06861979166666667,100.0,-45.0,26.47116600019217,auto
1768181065294,Sunny,Day,0.06905381944444444,100.0,-42.0,25.27242499991189,auto
1768181065325,Sunny,Day,0.07013888888888889,100.0,-39.0,26.50760899996385,auto
1768181065356,Sunny,Day,0.068359375,100.0,-36.0,26.401629999782017,auto
1768181065388,Sunny,Day,0.0700954861111111,100.0,-33.0,26.890394000020024,auto
1768181065420,Sunny,Day,0.07235243055555556,100.0,-29.0,27.478782999878604,auto
1768181065450,Sunny,Day,0.07361111111111111,100.0,-26.0,25.557008999840036,auto
1768181065482,Sunny,Day,0.07065972222222222,100.0,-23.0,27.353064000180893,auto
1768181065515,Sunny,Day,0.07135416666666666,100.0,,28.148261999831448,auto
1768181065545,Sunny,Day,0.07065972222222222,100.0,,24.40811800033771,auto
1768181065578,Sunny,Day,0.07161458333333333,100.0,,27.70494200012763,auto
1768181065611,Sunny,Day,0.07269965277777778,100.0,,27.591576000304485,auto
1768181065643,Sunny,Day,0.07139756944444445,100.0,,25.452881999626698,auto
1768181065673,Sunny,Day,0.07183159722222222,100.0,,23.93663300017579,auto
1768181065704,Sunny,Day,0.068359375,100.0,,25.42892000019492,auto
1768181065736,Sunny,Day,0.06866319444444445,100.0,,25.412679000055505,auto
1768181065767,Sunny,Day,0.07061631944444445,100.0,,24.673998999787727,auto
1768181065799,Sunny,Day,0.06996527777777778,100.0,,26.223061999644415,auto
1768181065832,Sunny,Day,0.07018229166666666,100.0,,27.162384999883216,auto
1768181065861,Sunny,Day,0.0700954861111111,100.0,,22.88685000030455,auto
1768181065892,Sunny,Day,0.06931423611111111,100.0,,25.690281999686704,auto
1768181065926,Sunny,Day,0.06883680555555556,100.0,,28.592119000222738,auto
1768181065955,Sunny,Day,0.06896701388888889,100.0,,23.248782999871764,auto
1768181065987,Sunny,Day,0.06888020833333333,100.0,,25.60530299979291,auto
1768181066019,Sunny,Day,0.06701388888888889,100.0,,26.343041000018275,auto
1768181066051,Sunny,Day,0.065234375,100.0,,26.40800200015292,auto
1768181066080,Sunny,Day,0.06484375,100.0,,23.56532999965566,auto
1768181066113,Sunny,Day,0.06354166666666666,100.0,,26.957485000366432,auto
1768181066144,Sunny,Day,0.06263020833333334,100.0,,21.782846999940375,auto
1768181066175,Sunny,Day,0.06145833333333333,100.0,-14.0,25.128670999947644,auto
1768181066207,Sunny,Day,0.060069444444444446,100.0,-17.0,25.479159000042273,auto
1768181066240,Sunny,Day,0.05920138888888889,100.0,-19.0,25.77074399960111,auto
1768181066269,Sunny,Day,0.059027777777777776,100.0,-19.0,21.217623999746138,auto
1768181066300,Sunny,Day,0.058203125,100.0,-19.0,25.888239999858342,auto
1768181066333,Sunny,Day,0.05872395833333333,100.0,-17.0,25.450679000186938,auto
1768181066365,Sunny,Day,0.05876736111111111,100.0,-15.0,25.387329000295722,auto
1768181066395,Sunny,Day,0.05881076388888889,100.0,-14.0,23.449054999673535,auto
1768181066428,Sunny,Day,0.058984375,100.0,-12.0,27.744460000121762,auto
1768181066457,Sunny,Day,0.05828993055555556,100.0,-10.0,22.818686000391608,auto
1768181066492,Sunny,Day,0.05889756944444444,100.0,-7.0,29.730621999988216,auto
1768181066521,Sunny,Day,0.05946180555555555,100.0,-5.0,22.902646000147797,auto
1768181066554,Sunny,Day,0.059418402777777775,100.0,-3.0,27.770385000167153,auto
1768181066582,Sunny,Day,0.059375,100.0,-3.0,22.392959000171686,auto
1768181066614,Sunny,Day,0.059027777777777776,100.0,-3.0,26.444573999924614,auto
1768181066646,Sunny,Day,0.05842013888888889,100.0,-5.0,25.921980000020994,auto
1768181066677,Sunny,Day,0.05724826388888889,100.0,-7.0,25.784816999930626,auto
1768181066709,Sunny,Day,0.05681423611111111,100.0,-8.0,25.53341700013334,auto
1768181066741,Sunny,Day,0.05659722222222222,100.0,-9.0,26.116362000266236,auto
1768181066771,Sunny,Day,0.056901041666666666,100.0,-10.0,25.03619199978857,auto
1768181066804,Sunny,Day,0.05659722222222222,100.0,-11.0,27.122942000005423,auto
1768181066835,Sunny,Day,0.055121527777777776,100.0,-11.0,26.106769999842072,auto
1768181066866,Sunny,Day,0.055078125,100.0,-11.0,24.63107499988837,auto
1768181066902,Sunny,Day,0.05499131944444444,100.0,-12.0,30.17744099997799,auto
1768181066934,Sunny,Day,0.055121527777777776,100.0,-11.0,21.118664999903558,auto
1768181066962,Sunny,Day,0.055164930555555554,100.0,-11.0,21.902158000102645,auto
1768181066991,Sunny,Day,0.055512152777777775,100.0,-10.0,21.581854000032763,auto
1768181067024,Sunny,Day,0.056163194444444446,100.0,-10.0,27.277549000245926,auto
1768181067056,Sunny,Day,0.055121527777777776,100.0,-10.0,24.910992000059196,auto
1768181067084,Sunny,Day,0.05481770833333333,100.0,-10.0,14.324763000331586,auto
1768181067117,Sunny,Day,0.054253472222222224,100.0,-10.0,29.139898999801517,auto
1768181067148,Sunny,Day,0.054427083333333334,100.0,-10.0,26.4357419996486,auto
1768181067179,Sunny,Day,0.05373263888888889,100.0,-11.0,20.585014000062074,auto
1768181067209,Sunny,Day,0.05399305555555556,100.0,-10.0,23.91117099978146,auto
1768181067240,Sunny,Day,0.05364583333333333,100.0,-11.0,27.286586000172974,auto
1768181067271,Sunny,Day,0.05286458333333333,100.0,-11.0,26.085364000209665,auto
1768181067303,Sunny,Day,0.053211805555555554,100.0,-11.0,26.788878999923327,auto
1768181067334,Sunny,Day,0.053515625,100.0,-10.0,26.595847999942634,auto
1768181067368,Sunny,Day,0.052256944444444446,100.0,-10.0,29.323708999982045,auto
1768181067397,Sunny,Day,0.05256076388888889,100.0,-9.0,18.21375400004399,auto
1768181067431,Sunny,Day,0.05251736111111111,100.0,-9.0,27.884937999715476,auto
1768181067462,Sunny,Day,0.05334201388888889,100.0,-8.0,25.760022000213212,auto
1768181067491,Sunny,Day,0.052256944444444446,100.0,-9.0,16.945645000305376,auto
1768181067524,Sunny,Day,0.05134548611111111,100.0,-9.0,27.88469699999041,auto
1768181067554,Sunny,Day,0.05186631944444445,100.0,-9.0,25.336071999845444,auto
1768181067585,Sunny,Day,0.05164930555555555,100.0,-9.0,25.91246100018907,auto
1768181067619,Sunny,Day,0.05177951388888889,100.0,-10.0,28.8950549997935,auto
1768181067648,Sunny,Day,0.05112847222222222,100.0,-11.0,24.213809999764635,auto
1768181067680,Sunny,Day,0.05017361111111111,100.0,-12.0,26.87106199982736,auto
1768181067711,Sunny,Day,0.05134548611111111,100.0,-13.0,26.69560399999682,auto
1768181067742,Sunny,Day,0.050347222222222224,100.0,-13.0,26.848266000342846,auto
1768181067774,Sunny,Day,0.05026041666666667,100.0,-14.0,26.75176899992948,auto
1768181067805,Sunny,Day,0.04956597222222222,99.13194444444444,-14.0,26.681548999931692,auto
1768181067837,Sunny,Day,0.049479166666666664,98.95833333333333,-15.0,27.459507000003214,auto
1768181067868,Sunny,Day,0.04865451388888889,97.30902777777779,-16.0,26.04053200002454,auto
1768181067899,Sunny,Day,0.046788194444444445,93.57638888888889,-16.0,25.04278400010662,auto
1768181067932,Sunny,Day,0.04756944444444444,95.13888888888889,-16.0,28.12476400004016,auto
1768181067962,Sunny,Day,0.048567708333333334,97.13541666666667,-16.0,24.756701000114845,auto
1768181067994,Sunny,Day,0.048741319444444445,97.48263888888889,-16.0,27.24623599988263,auto
1768181068030,Sunny,Day,0.04561631944444444,91.23263888888889,-17.0,31.346091000159504,auto
1768181068057,Sunny,Day,0.04496527777777778,89.93055555555556,-17.0,21.29327100010414,auto
1768181068088,Sunny,Day,0.04796006944444445,95.9201388888889,-17.0,26.03197700000237,auto
1768181068122,Sunny,Day,0.04618055555555556,92.36111111111111,-17.0,26.567275000161317,auto
1768181068153,Sunny,Day,0.04787326388888889,95.74652777777779,-17.0,15.045000000100117,auto
1768181068182,Sunny,Day,0.04596354166666667,91.92708333333334,-17.0,17.239636999875074,auto
1768181068214,Sunny,Day,0.04748263888888889,94.96527777777777,-17.0,26.793620999796985,auto
1768181068246,Sunny,Day,0.046875,93.75,-17.0,28.149783000117168,auto
1768181068277,Sunny,Day,0.047699652777777775,95.39930555555554,-18.0,25.37870100013606,auto
1768181068308,Sunny,Day,0.04765625,95.3125,-17.0,26.7536219998874,auto
1768181068341,Sunny,Day,0.04739583333333333,94.79166666666666,-17.0,28.593695000381558,auto
1768181068371,Sunny,Day,0.04700520833333333,94.01041666666667,-17.0,24.70450000009805,auto
1768181068402,Sunny,Day,0.04674479166666667,93.48958333333333,-17.0,26.158657999985735,auto
1768181068437,Sunny,Day,0.046440972222222224,92.88194444444444,-18.0,30.134388000078616,auto
1768181068464,Sunny,Day,0.047265625,94.53125,-17.0,21.459933000187448,auto
1768181068498,Sunny,Day,0.048350694444444446,96.70138888888889,-17.0,27.916993999951956,auto
1768181068528,Sunny,Day,0.049609375,99.21875,-17.0,22.237742000015714,auto
1768181068559,Sunny,Day,0.04887152777777778,97.74305555555556,-17.0,18.911547999778122,auto
1768181068592,Sunny,Day,0.04852430555555556,97.04861111111111,-17.0,20.37927999981548,auto
1768181068621,Sunny,Day,0.04761284722222222,95.22569444444444,-17.0,22.655136000139464,auto
1768181068653,Sunny,Day,0.048828125,97.65625,-17.0,27.330216000336804,auto
1768181068685,Sunny,Day,0.049305555555555554,98.61111111111111,-17.0,25.848944999779633,auto
1768181068716,Sunny,Day,0.04761284722222222,95.22569444444444,-17.0,25.587158000234922,auto
1768181068749,Sunny,Day,0.048003472222222225,96.00694444444446,-17.0,28.051599999798782,auto
1768181068780,Sunny,Day,0.04848090277777778,96.96180555555556,-17.0,25.733856999977434,auto
1768181068815,Sunny,Day,0.04869791666666667,97.39583333333333,-17.0,25.467382999977417,auto
1768181068841,Sunny,Day,0.04878472222222222,97.56944444444444,-17.0,21.35300999998435,auto
1768181068874,Sunny,Day,0.04683159722222222,93.66319444444444,-17.0,20.45407500008878,auto
1768181068907,Sunny,Day,0.048350694444444446,96.70138888888889,-17.0,25.37225700007184,auto
1768181068935,Sunny,Day,0.048567708333333334,97.13541666666667,-17.0,23.63371800038294,auto
1768181068967,Sunny,Day,0.047265625,94.53125,-17.0,26.23260099971958,auto
1768181068999,Sunny,Day,0.04704861111111111,94.09722222222221,-17.0,26.60105199993268,auto
1768181069030,Sunny,Day,0.04791666666666667,95.83333333333334,-17.0,25.966256999709003,auto
1768181069062,Sunny,Day,0.04683159722222222,93.66319444444444,-17.0,26.844526999866503,auto
1768181069093,Sunny,Day,0.04830729166666667,96.61458333333334,-17.0,25.396442000328534,auto
1768181069125,Sunny,Day,0.04691840277777778,93.83680555555556,-17.0,21.45382199978485,auto
1768181069158,Sunny,Day,0.04739583333333333,94.79166666666666,-17.0,22.08874799998739,auto
1768181069188,Sunny,Day,0.047265625,94.53125,-17.0,25.38123899967104,auto
1768181069218,Sunny,Day,0.04765625,95.3125,-17.0,24.98680600001535,auto
1768181069250,Sunny,Day,0.04704861111111111,94.09722222222221,-17.0,26.297025000076246,auto
1768181069281,Sunny,Day,0.04635416666666667,92.70833333333334,-17.0,25.910241000019596,auto
1768181069314,Sunny,Day,0.047699652777777775,95.39930555555554,-17.0,27.827514999898995,auto
1768181069344,Sunny,Day,0.04822048611111111,96.44097222222223,-17.0,21.949455000140006,auto
1768181069376,Sunny,Day,0.04440104166666667,88.80208333333334,-17.0,27.13812899992263,auto
1768181069407,Sunny,Day,0.045703125,91.40625,-17.0,26.063014000101248,auto
1768181069440,Sunny,Day,0.046875,93.75,-16.0,20.566145999964647,auto
1768181069469,Sunny,Day,0.04791666666666667,95.83333333333334,-16.0,20.937005000178033,auto
1768181069502,Sunny,Day,0.04761284722222222,95.22569444444444,-17.0,27.647280000110186,auto
1768181069532,Sunny,Day,0.046223958333333336,92.44791666666667,-17.0,25.441848000355094,auto
1768181069564,Sunny,Day,0.046961805555555555,93.92361111111111,-17.0,26.41728000025978,auto
1768181069596,Sunny,Day,0.04782986111111111,95.65972222222221,-16.0,27.435546000106115,auto
1768181069629,Sunny,Day,0.04691840277777778,93.83680555555556,-17.0,24.19618200019613,auto
1768181069658,Sunny,Day,0.04474826388888889,89.49652777777779,-17.0,23.338541999692097,auto
1768181069695,Sunny,Day,0.046050347222222225,92.10069444444446,-17.0,25.6855259999611,auto
1768181069721,Sunny,Day,0.04748263888888889,94.96527777777777,-17.0,20.489889000145922,auto
1768181069753,Sunny,Day,0.048177083333333336,96.35416666666667,-17.0,26.915468999959558,auto
1768181069784,Sunny,Day,0.046440972222222224,92.88194444444444,-17.0,18.944639999972424,auto
1768181069817,Sunny,Day,0.046961805555555555,93.92361111111111,-17.0,21.149201999833167,auto
1768181069846,Sunny,Day,0.04709201388888889,94.18402777777777,-17.0,22.854889999962325,auto
1768181069878,Sunny,Day,0.047526041666666664,95.05208333333333,-17.0,27.46632300022611,auto
1768181069910,Sunny,Day,0.046788194444444445,93.57638888888889,-17.0,26.546183999926143,auto
1768181069940,Sunny,Day,0.04704861111111111,94.09722222222221,-17.0,24.163275999853795,auto
1768181069972,Sunny,Day,0.04583333333333333,91.66666666666666,-17.0,26.67842099981499,auto
1768181070006,Sunny,Day,0.04778645833333333,95.57291666666666,-17.0,28.22824400027457,auto
1768181070035,Sunny,Day,0.047526041666666664,95.05208333333333,-17.0,23.354246000053536,auto
1768181070068,Sunny,Day,0.046961805555555555,93.92361111111111,-17.0,29.098403000261897,auto
1768181070100,Sunny,Day,0.04592013888888889,91.84027777777779,-17.0,26.214417000119283,auto
1768181070132,Sunny,Day,0.04700520833333333,94.01041666666667,-17.0,26.640477999990253,auto
1768181070161,Sunny,Day,0.048046875,96.09375,-17.0,24.005004000173358,auto
1768181070192,Sunny,Day,0.04453125,89.0625,-18.0,26.865453000027628,auto
1768181070223,Sunny,Day,0.044270833333333336,88.54166666666667,-18.0,26.022497000212752,auto
1768181070254,Sunny,Day,0.04626736111111111,92.53472222222223,-17.0,26.03088600017145,auto
1768181070287,Sunny,Day,0.04796006944444445,95.9201388888889,-17.0,28.601030000118044,auto
1768181070318,Sunny,Day,0.04487847222222222,89.75694444444444,-18.0,26.26210100015669,auto
1768181070348,Sunny,Day,0.04548611111111111,90.97222222222221,-17.0,24.64378000013312,auto
1768181070380,Sunny,Day,0.045746527777777775,91.49305555555554,-17.0,26.496742000290396,auto
1768181070412,Sunny,Day,0.046484375,92.96875,-17.0,25.84055899978921,auto
1768181070446,Sunny,Day,0.04618055555555556,92.36111111111111,-17.0,29.396541000096477,auto
1768181070476,Sunny,Day,0.043619791666666664,87.23958333333333,-18.0,25.80515199997535,auto
1768181070505,Sunny,Day,0.045399305555555554,90.79861111111111,-17.0,21.37797400018826,auto
1768181070540,Sunny,Day,0.04609375,92.1875,-17.0,29.56494299996848,auto
1768181070568,Sunny,Day,0.04700520833333333,94.01041666666667,-17.0,24.024725999879593,auto
1768181070600,Sunny,Day,0.046050347222222225,92.10069444444446,-17.0,26.493315999687184,auto
1768181070634,Sunny,Day,0.045182291666666666,90.36458333333333,-17.0,30.128203999993275,auto
1768181070662,Sunny,Day,0.04652777777777778,93.05555555555556,-17.0,22.99351600004229,auto
1768181070697,Sunny,Day,0.047135416666666666,94.27083333333333,-17.0,29.817899000136094,auto
1768181070726,Sunny,Day,0.04665798611111111,93.31597222222223,-17.0,23.35450500004299,auto
1768181070757,Sunny,Day,0.04691840277777778,93.83680555555556,-17.0,25.880687000153557,auto
1768181070790,Sunny,Day,0.04635416666666667,92.70833333333334,-17.0,28.374110000186192,auto
1768181070820,Sunny,Day,0.04513888888888889,90.27777777777777,-17.0,22.659360000034212,auto
1768181070853,Sunny,Day,0.04652777777777778,93.05555555555556,-17.0,28.10978499974226,auto
1768181070884,Sunny,Day,0.043793402777777775,87.58680555555554,-17.0,24.09050100004606,auto
1768181070914,Sunny,Day,0.045008680555555555,90.01736111111111,-17.0,21.873753999898327,auto
1768181070948,Sunny,Day,0.04600694444444445,92.0138888888889,-17.0,19.518974000220624,auto
1768181070978,Sunny,Day,0.04709201388888889,94.18402777777777,-17.0,17.847136999989743,auto
1768181071008,Sunny,Day,0.04505208333333333,90.10416666666667,-17.0,24.88477299993974,auto
1768181071041,Sunny,Day,0.04327256944444444,86.54513888888889,-17.0,28.495793000274716,auto
1768181071071,Sunny,Day,0.04578993055555555,91.5798611111111,-17.0,22.08158200028265,auto
1768181071102,Sunny,Day,0.046050347222222225,92.10069444444446,-17.0,26.211474000319868,auto
1768181071135,Sunny,Day,0.04301215277777778,86.02430555555556,-18.0,27.796201999990444,auto
1768181071166,Sunny,Day,0.044097222222222225,88.19444444444446,-17.0,25.99868300012531,auto
1768181071198,Sunny,Day,0.04422743055555556,88.45486111111111,-16.0,26.776864000112255,auto
1768181071229,Sunny,Day,0.04544270833333333,90.88541666666666,-17.0,21.467934000156674,auto
1768181071264,Sunny,Day,0.044835069444444445,89.67013888888889,-17.0,22.67293399972914,auto
1768181071290,Sunny,Day,0.04309895833333333,86.19791666666667,-17.0,21.56152399993516,auto
1768181071322,Sunny,Day,0.0453125,90.625,-17.0,26.835324999865406,auto
1768181071353,Sunny,Day,0.046223958333333336,92.44791666666667,-17.0,19.463644000097702,auto
1768181071385,Sunny,Day,0.04548611111111111,90.97222222222221,-17.0,26.55755500018131,auto
1768181071416,Sunny,Day,0.04388020833333333,87.76041666666666,-18.0,27.266719000181183,auto
1768181071448,Sunny,Day,0.04318576388888889,86.37152777777777,-17.0,26.132716000120126,auto
1768181071479,Sunny,Day,0.04544270833333333,90.88541666666666,-17.0,26.330228999995597,auto
1768181071514,Sunny,Day,0.045703125,91.40625,-17.0,30.44491700029539,auto
1768181071544,Sunny,Day,0.045399305555555554,90.79861111111111,-17.0,24.93401299989273,auto
1768181071574,Sunny,Day,0.04431423611111111,88.62847222222223,-17.0,25.026287999935448,auto
1768181071606,Sunny,Day,0.0453125,90.625,-17.0,27.364345000023604,auto
1768181071638,Sunny,Day,0.04765625,95.3125,-17.0,25.10030400026153,auto
1768181071668,Sunny,Day,0.04561631944444444,91.23263888888889,-18.0,24.58650500011572,auto
1768181071699,Sunny,Day,0.04118923611111111,82.37847222222221,-18.0,25.1265440001589,auto
1768181071730,Sunny,Day,0.044097222222222225,88.19444444444446,-18.0,26.154939000207378,auto
1768181071761,Sunny,Day,0.04683159722222222,93.66319444444444,-17.0,26.58401700000468,auto
1768181071793,Sunny,Day,0.04618055555555556,92.36111111111111,-17.0,25.94794400010869,auto
1768181071824,Sunny,Day,0.04496527777777778,89.93055555555556,-17.0,26.677440000185015,auto
1768181071856,Sunny,Day,0.04561631944444444,91.23263888888889,-17.0,26.805214999967575,auto
1768181071890,Sunny,Day,0.04652777777777778,93.05555555555556,-17.0,28.146488000402314,auto
1768181071921,Sunny,Day,0.046875,93.75,-17.0,25.887317000069743,auto
1768181071953,Sunny,Day,0.04544270833333333,90.88541666666666,-17.0,26.994985999863275,auto
1768181071981,Sunny,Day,0.04474826388888889,89.49652777777779,-17.0,23.337228999935178,auto
1768181072014,Sunny,Day,0.04561631944444444,91.23263888888889,-17.0,28.00589999969816,auto
1768181072046,Sunny,Day,0.04722222222222222,94.44444444444444,-17.0,22.637899000073958,auto
1768181072080,Sunny,Day,0.04613715277777778,92.27430555555556,-17.0,25.805208000292623,auto
1768181072110,Sunny,Day,0.04552951388888889,91.05902777777777,-17.0,21.170572999835713,auto
1768181072141,Sunny,Day,0.04652777777777778,93.05555555555556,-17.0,24.64157799977329,auto
1768181072172,Sunny,Day,0.045572916666666664,91.14583333333333,-17.0,25.20682000022134,auto
1768181072203,Sunny,Day,0.04704861111111111,94.09722222222221,-17.0,25.013658999796462,auto
1768181072234,Sunny,Day,0.046788194444444445,93.57638888888889,-17.0,25.475106999692798,auto
1768181072267,Sunny,Day,0.044835069444444445,89.67013888888889,-17.0,27.43577000001096,auto
1768181072298,Sunny,Day,0.04609375,92.1875,-17.0,24.46813899996414,auto
1768181072331,Sunny,Day,0.045182291666666666,90.36458333333333,-17.0,27.528767000148946,auto
1768181072364,Sunny,Day,0.04600694444444445,92.0138888888889,-17.0,27.509453000220674,auto
1768181072393,Sunny,Day,0.04262152777777778,85.24305555555556,-17.0,23.351525000180118,auto
1768181072422,Sunny,Day,0.04583333333333333,91.66666666666666,-16.0,24.546988000111014,auto
1768181072458,Sunny,Day,0.047265625,94.53125,-17.0,22.049306000099023,auto
1768181072488,Sunny,Day,0.04561631944444444,91.23263888888889,-17.0,22.373314000105893,auto
1768181072519,Sunny,Day,0.04505208333333333,90.10416666666667,-17.0,23.12819799999488,auto
1768181072549,Sunny,Day,0.046223958333333336,92.44791666666667,-17.0,23.028942000109964,auto
1768181072581,Sunny,Day,0.04578993055555555,91.5798611111111,-17.0,25.855170000340877,auto
1768181072611,Sunny,Day,0.04674479166666667,93.48958333333333,-17.0,24.878015000012965,auto
1768181072643,Sunny,Day,0.044097222222222225,88.19444444444446,-17.0,25.786709999920276,auto
1768181072674,Sunny,Day,0.04422743055555556,88.45486111111111,-17.0,18.147553999824595,auto
1768181072705,Sunny,Day,0.04631076388888889,92.62152777777779,-17.0,25.93403799983207,auto
1768181072740,Sunny,Day,0.04600694444444445,92.0138888888889,-17.0,24.408676999883028,auto
1768181072772,Sunny,Day,0.04422743055555556,88.45486111111111,-17.0,26.003757999660593,auto
1768181072801,Sunny,Day,0.04600694444444445,92.0138888888889,-17.0,23.948690999986866,auto
1768181072835,Sunny,Day,0.04613715277777778,92.27430555555556,-17.0,23.34754299999986,auto
1768181072864,Sunny,Day,0.04674479166666667,93.48958333333333,-17.0,13.724004999858153,auto
1768181072897,Sunny,Day,0.045746527777777775,91.49305555555554,-17.0,27.28714500017304,auto
1768181072925,Sunny,Day,0.04548611111111111,90.97222222222221,-17.0,22.23905900018508,auto
1768181072959,Sunny,Day,0.047265625,94.53125,-17.0,28.50964399976874,auto
1768181072989,Sunny,Day,0.046484375,92.96875,-17.0,24.171333000140294,auto
1768181073020,Sunny,Day,0.045572916666666664,91.14583333333333,-17.0,24.255257000277197,auto
1768181073051,Sunny,Day,0.04548611111111111,90.97222222222221,-17.0,26.20856699968499,auto
1768181073084,Sunny,Day,0.04596354166666667,91.92708333333334,-17.0,25.992185000177415,auto
1768181073116,Sunny,Day,0.04852430555555556,97.04861111111111,-17.0,26.034313999844017,auto
1768181073148,Sunny,Day,0.04765625,95.3125,-17.0,25.958704000004218,auto
1768181073180,Sunny,Day,0.04748263888888889,94.96527777777777,-17.0,24.705872000140516,auto
1768181073209,Sunny,Day,0.04396701388888889,87.93402777777779,-18.0,23.67905199980669,auto
1768181073240,Sunny,Day,0.047265625,94.53125,-17.0,24.653780999869923,auto
1768181073272,Sunny,Day,0.04782986111111111,95.65972222222221,-17.0,26.398525000331574,auto
1768181073303,Sunny,Day,0.048046875,96.09375,-17.0,24.164092999853892,auto
1768181073333,Sunny,Day,0.04717881944444444,94.35763888888889,-17.0,24.63330099999439,auto
1768181073366,Sunny,Day,0.04765625,95.3125,-17.0,27.669781999975385,auto
1768181073397,Sunny,Day,0.04796006944444445,95.9201388888889,-17.0,24.934477000442712,auto
1768181073428,Sunny,Day,0.04743923611111111,94.87847222222221,-17.0,24.96147600004406,auto
1768181073465,Sunny,Day,0.04578993055555555,91.5798611111111,-17.0,30.95921800013457,auto
1768181073491,Sunny,Day,0.044444444444444446,88.88888888888889,-17.0,20.199233000312233,auto
1768181073522,Sunny,Day,0.04665798611111111,93.31597222222223,-17.0,25.674102999801107,auto
1768181073553,Sunny,Day,0.04717881944444444,94.35763888888889,-17.0,25.936000999990938,auto
1768181073588,Sunny,Day,0.04578993055555555,91.5798611111111,-17.0,29.914082999766833,auto
1768181073619,Sunny,Day,0.04596354166666667,91.92708333333334,-17.0,15.348732999882486,auto
1768181073648,Sunny,Day,0.04878472222222222,97.56944444444444,-17.0,23.442652000085218,auto
1768181073680,Sunny,Day,0.04774305555555555,95.4861111111111,-17.0,27.39240199980486,auto
1768181073713,Sunny,Day,0.046440972222222224,92.88194444444444,-17.0,24.11776100007046,auto
1768181073742,Sunny,Day,0.04618055555555556,92.36111111111111,-17.0,22.861780999846815,auto
1768181073778,Sunny,Day,0.04826388888888889,96.52777777777779,-17.0,27.900719000172103,auto
1768181073805,Sunny,Day,0.04765625,95.3125,-17.0,20.487946000230295,auto
1768181073837,Sunny,Day,0.04657118055555556,93.14236111111111,-17.0,26.34974800002965,auto
1768181073869,Sunny,Day,0.047309027777777776,94.61805555555556,-17.0,26.207252999938646,auto
1768181073899,Sunny,Day,0.046961805555555555,93.92361111111111,-17.0,19.99109199960003,auto
1768181073930,Sunny,Day,0.047699652777777775,95.39930555555554,-17.0,25.43920200014327,auto
1768181073962,Sunny,Day,0.04756944444444444,95.13888888888889,-17.0,26.36919199994736,auto
1768181073995,Sunny,Day,0.04809027777777778,96.18055555555556,-17.0,18.41563900006804,auto
1768181074025,Sunny,Day,0.04626736111111111,92.53472222222223,-17.0,24.252868000075978,auto
1768181074056,Sunny,Day,0.04787326388888889,95.74652777777779,-17.0,25.646528999914153,auto
1768181074085,Sunny,Day,0.047352430555555554,94.70486111111111,-17.0,23.521150999840756,auto
1768181074116,Sunny,Day,0.04765625,95.3125,-17.0,26.322379000248475,auto
1768181074148,Sunny,Day,0.04618055555555556,92.36111111111111,-17.0,26.10988600008568,auto
1768181074179,Sunny,Day,0.046397569444444446,92.79513888888889,-17.0,26.669442000184063,auto
1768181074211,Sunny,Day,0.04887152777777778,97.74305555555556,-17.0,26.298379999843746,auto
1768181074242,Sunny,Day,0.047699652777777775,95.39930555555554,-17.0,25.954464999813354,auto
1768181074273,Sunny,Day,0.04440104166666667,88.80208333333334,-17.0,26.561779000076058,auto
1768181074305,Sunny,Day,0.04796006944444445,95.9201388888889,-16.0,27.164409000306478,auto
1768181074336,Sunny,Day,0.047699652777777775,95.39930555555554,-17.0,26.40995000001567,auto
1768181074367,Sunny,Day,0.047352430555555554,94.70486111111111,-17.0,26.76880999979403,auto
1768181074405,Sunny,Day,0.04700520833333333,94.01041666666667,-17.0,33.65900600010718,manual
1768181074432,Sunny,Day,0.047352430555555554,94.70486111111111,-17.0,21.539043999837304,manual
1768181074462,Sunny,Day,0.04765625,95.3125,-17.0,25.13978600018163,manual
1768181074493,Sunny,Day,0.04848090277777778,96.96180555555556,-17.0,26.8133829999897,manual
1768181074528,Sunny,Day,0.04704861111111111,94.09722222222221,-17.0,29.405247999875428,manual
1768181074556,Sunny,Day,0.04583333333333333,91.66666666666666,-17.0,22.495775000152207,manual
1768181074588,Sunny,Day,0.04709201388888889,94.18402777777777,-17.0,28.264911999940523,manual
1768181074620,Sunny,Day,0.048177083333333336,96.35416666666667,-17.0,26.481040999897232,manual
1768181074650,Sunny,Day,0.04700520833333333,94.01041666666667,-17.0,25.60195699970791,manual
1768181074684,Sunny,Day,0.04722222222222222,94.44444444444444,-17.0,29.486894000001485,manual
1768181074714,Sunny,Day,0.04657118055555556,93.14236111111111,-17.0,23.79325300034907,manual
1768181074745,Sunny,Day,0.04813368055555556,96.26736111111111,-17.0,26.048386999718787,manual
1768181074776,Sunny,Day,0.04613715277777778,92.27430555555556,-17.0,25.645380999776535,manual
1768181074811,Sunny,Day,0.04700520833333333,94.01041666666667,-17.0,30.04332099999374,manual
1768181074841,Sunny,Day,0.047135416666666666,94.27083333333333,-17.0,23.271621000276355,manual
1768181074870,Sunny,Day,0.047135416666666666,94.27083333333333,-17.0,24.01607999991029,manual
1768181074902,Sunny,Day,0.04700520833333333,94.01041666666667,-17.0,27.504528000008577,manual
1768181074933,Sunny,Day,0.04600694444444445,92.0138888888889,-17.0,26.192383000307018,manual
1768181074965,Sunny,Day,0.045182291666666666,90.36458333333333,-17.0,27.029690999825107,manual
1768181074995,Sunny,Day,0.04774305555555555,95.4861111111111,-17.0,23.427059999903577,manual
1768181075029,Sunny,Day,0.047526041666666664,95.05208333333333,-16.0,29.099646999839024,manual
1768181075058,Sunny,Day,0.04657118055555556,93.14236111111111,-17.0,25.38546400000996,manual
1768181075090,Sunny,Day,0.04513888888888889,90.27777777777777,-17.0,27.406253999743058,manual
1768181075122,Sunny,Day,0.04652777777777778,93.05555555555556,-18.0,27.99856899991937,manual
1768181075155,Sunny,Day,0.04032118055555556,80.64236111111111,-21.0,28.10852899983729,manual
1768181075184,Sunny,Day,0.03806423611111111,76.12847222222221,-27.0,23.797402000127477,manual
1768181075217,Sunny,Day,0.032769097222222224,65.53819444444444,-31.0,29.032000999904994,manual
1768181075247,Sunny,Day,0.02599826388888889,51.99652777777778,-31.0,24.86559099997976,manual
1768181075278,Sunny,Day,0.024348958333333334,48.697916666666664,-39.0,26.170236999860208,manual
1768181075309,Sunny,Day,0.024869791666666665,49.73958333333333,-43.0,26.148255000407516,manual
1768181075341,Sunny,Day,0.01349826388888889,26.99652777777778,,27.116595999814308,manual
1768181075373,Sunny,Day,0.005946180555555555,11.89236111111111,,26.754217999950924,manual
1768181075405,Sunny,Day,0.003298611111111111,6.597222222222222,,28.152564999800234,manual
1768181075436,Sunny,Day,0.0016927083333333334,3.385416666666667,,25.36394599974301,manual
1768181075467,Sunny,Day,0.001953125,3.90625,,26.424765999763622,manual
1768181075498,Sunny,Day,0.002864583333333333,5.729166666666666,,26.48607799983438,manual
1768181075529,Sunny,Day,0.0010416666666666667,2.0833333333333335,,26.340194000113115,manual
1768181075561,Sunny,Day,0.001736111111111111,3.472222222222222,,26.950490000217542,manual
1768181075592,Sunny,Day,0.0005208333333333333,1.0416666666666667,,26.16286600004969,manual
1768181075625,Sunny,Day,0.0005208333333333333,1.0416666666666667,,28.79265599995051,manual
1768181075655,Sunny,Day,0.0015190972222222222,3.0381944444444446,,23.967934000211244,manual
1768181075686,Sunny,Day,0.0012152777777777778,2.430555555555556,,26.022019000265573,manual
1768181075718,Sunny,Day,0.000390625,0.78125,,27.20944500015321,manual
1768181075749,Sunny,Day,0.003081597222222222,6.163194444444445,,26.59435300029145,manual
1768181075780,Sunny,Day,0.000390625,0.78125,,26.715812000020378,manual
1768181075812,Sunny,Day,0.0006076388888888889,1.215277777777778,,26.826753000023018,manual
1768181075843,Sunny,Day,0.0033854166666666668,6.770833333333334,,27.386403000036807,manual
1768181075874,Sunny,Day,0.002387152777777778,4.774305555555556,,26.51076300026034,manual
1768181075908,Sunny,Day,0.0045138888888888885,9.027777777777777,,28.63841999987926,manual
1768181075938,Sunny,Day,0.004861111111111111,9.722222222222223,,25.968353999815008,manual
1768181075970,Sunny,Day,0.004210069444444444,8.42013888888889,,26.892547999977978,manual
1768181076000,Sunny,Day,0.005598958333333333,11.197916666666666,,25.42814799971893,manual
1768181076032,Sunny,Day,0.002951388888888889,5.902777777777778,,27.101356999992277,manual
1768181076063,Sunny,Day,0.0015625,3.125,,26.840826999887213,manual
1768181076094,Sunny,Day,0.0009548611111111111,1.909722222222222,,26.11938600011854,manual
1768181076126,Sunny,Day,0.0008680555555555555,1.736111111111111,,27.377848000014637,manual
1768181076157,Sunny,Day,0.002126736111111111,4.253472222222221,,26.589317000343726,manual
1768181076189,Sunny,Day,0.0024305555555555556,4.861111111111112,,27.101356999992277,manual
1768181076221,Sunny,Day,0.0011284722222222221,2.256944444444444,,27.871591999883094,manual
1768181076251,Sunny,Day,0.001953125,3.90625,,23.30075100007889,manual
1768181076284,Sunny,Day,0.008463541666666666,16.927083333333332,,27.333441999871866,manual
1768181076314,Sunny,Day,0.014496527777777778,28.993055555555557,,24.82899999995425,manual
1768181076347,Sunny,Day,0.0037760416666666667,7.552083333333333,,23.5365759999695,manual
1768181076379,Sunny,Day,0.002560763888888889,5.121527777777778,,27.344479000021238,manual
1768181076408,Sunny,Day,0.005338541666666667,10.677083333333334,,24.87505399994916,manual
1768181076442,Sunny,Day,0.008506944444444444,17.013888888888886,,29.549818999839772,manual
1768181076473,Sunny,Day,0.007899305555555555,15.79861111111111,,22.535848000188707,manual
1768181076502,Sunny,Day,0.002864583333333333,5.729166666666666,,24.11681800003862,manual
1768181076534,Sunny,Day,0.006119791666666667,12.239583333333334,,27.289202999781992,manual
1768181076566,Sunny,Day,0.007725694444444445,15.45138888888889,,27.206317000036506,manual
1768181076598,Sunny,Day,0.006119791666666667,12.239583333333334,,25.973780000185798,manual
1768181076628,Sunny,Day,0.006293402777777778,12.586805555555555,,22.057065999888437,manual
1768181076660,Sunny,Day,0.005642361111111111,11.284722222222221,,27.019061999908445,manual
1768181076692,Sunny,Day,0.009722222222222222,19.444444444444446,,26.7643299998781,manual
1768181076722,Sunny,Day,0.008723958333333334,17.447916666666668,,25.941744000192557,manual
1768181076754,Sunny,Day,0.010026041666666667,20.052083333333336,,27.233445000092615,manual
1768181076785,Sunny,Day,0.011024305555555556,22.048611111111114,,26.225643000088894,manual
1768181076817,Sunny,Day,0.017100694444444446,34.20138888888889,,26.940286999888485,manual
1768181076850,Sunny,Day,0.01935763888888889,38.71527777777778,,28.77458300008584,manual
1768181076881,Sunny,Day,0.018489583333333334,36.979166666666664,,26.4837089998764,manual
1768181076911,Sunny,Day,0.0203125,40.625,,25.150600999950257,manual
1768181076942,Sunny,Day,0.025,50.0,,26.52994799973385,manual
1768181076973,Sunny,Day,0.028081597222222223,56.16319444444444,,26.548651000211976,manual
1768181077005,Sunny,Day,0.027430555555555555,54.86111111111111,,26.461821000339114,manual
1768181077038,Sunny,Day,0.028732638888888887,57.46527777777777,,28.303820000019186,manual
1768181077068,Sunny,Day,0.03125,62.5,,25.8363590000954,manual
1768181077099,Sunny,Day,0.034331597222222225,68.66319444444446,,26.21932800002469,manual
1768181077130,Sunny,Day,0.03780381944444444,75.60763888888889,,26.65194400015025,manual
1768181077162,Sunny,Day,0.03611111111111111,72.22222222222221,,26.75959000043804,manual
1768181077194,Sunny,Day,0.040625,81.25,,27.520770000137418,manual
1768181077225,Sunny,Day,0.04665798611111111,93.31597222222223,,26.24745699995401,manual
1768181077256,Sunny,Day,0.04691840277777778,93.83680555555556,,25.867155000014463,manual
1768181077287,Sunny,Day,0.04457465277777778,89.14930555555556,,27.06500700014658,manual
1768181077319,Sunny,Day,0.05360243055555555,100.0,,25.804785000218544,manual
1768181077354,Sunny,Day,0.05894097222222222,100.0,,30.91431399980138,manual
1768181077382,Sunny,Day,0.06128472222222222,100.0,,23.050351000165392,manual
1768181077413,Sunny,Day,0.05807291666666667,100.0,,27.03624800005855,manual
1768181077446,Sunny,Day,0.06653645833333334,100.0,,28.74391800014564,manual
1768181077477,Sunny,Day,0.07048611111111111,100.0,,26.082980999944994,manual
1768181077508,Sunny,Day,0.07335069444444445,100.0,,25.942874000065785,manual
1768181077540,Sunny,Day,0.0779079861111111,100.0,,27.107949000310327,manual
1768181077570,Sunny,Day,0.08350694444444444,100.0,,25.203395999596978,manual
1768181077602,Sunny,Day,0.09205729166666667,100.0,,26.883474999976897,manual
1768181077633,Sunny,Day,0.09084201388888889,100.0,,27.05787699960638,manual
1768181077664,Sunny,Day,0.08372395833333333,100.0,,26.450561999808997,manual
1768181077696,Sunny,Day,0.08619791666666667,100.0,,26.146441000037157,manual
1768181077727,Sunny,Day,0.08793402777777778,100.0,,26.808570000412146,manual
1768181077759,Sunny,Day,0.08658854166666667,100.0,,27.012304999971093,manual
1768181077790,Sunny,Day,0.07565104166666667,100.0,,27.0792469996195,manual
1768181077821,Sunny,Day,0.07591145833333333,100.0,,26.79410700011431,manual
1768181077855,Sunny,Day,0.07269965277777778,100.0,,29.351547999795002,manual
1768181077885,Sunny,Day,0.075390625,100.0,,25.2292469999702,manual
1768181077916,Sunny,Day,0.0642361111111111,100.0,,26.063963000069634,manual
1768181077947,Sunny,Day,0.06293402777777778,100.0,,26.661797000087972,manual
1768181077978,Sunny,Day,0.06697048611111112,100.0,,27.06737600010456,manual
1768181078010,Sunny,Day,0.07356770833333333,100.0,,26.565614999981335,manual
1768181078041,Sunny,Day,0.06827256944444444,100.0,,27.104098000108934,manual
1768181078072,Sunny,Day,0.061371527777777775,100.0,,26.88560500018866,manual
1768181078105,Sunny,Day,0.04809027777777778,96.18055555555556,,27.646841000205313,manual
1768181078135,Sunny,Day,0.049609375,99.21875,,26.190941000095336,manual
1768181078167,Sunny,Day,0.05,100.0,,27.370609000172408,manual
1768181078198,Sunny,Day,0.051605902777777775,100.0,,26.729443000022002,manual
1768181078230,Sunny,Day,0.046875,93.75,,26.823996000075567,manual
1768181078261,Sunny,Day,0.04973958333333333,99.47916666666666,,27.113321000342694,manual
1768181078292,Sunny,Day,0.0546875,100.0,,21.39812499990512,manual
1768181078324,Sunny,Day,0.049652777777777775,99.30555555555554,,26.946695999868098,manual
1768181078355,Sunny,Day,0.04592013888888889,91.84027777777779,,26.82040300032895,manual
1768181078388,Sunny,Day,0.044835069444444445,89.67013888888889,,28.2647479998559,manual
1768181078418,Sunny,Day,0.04561631944444444,91.23263888888889,,25.615292000111367,manual
1768181078449,Sunny,Day,0.04561631944444444,91.23263888888889,,26.669797000067774,manual
1768181078482,Sunny,Day,0.04440104166666667,88.80208333333334,,26.43863799994506,manual
1768181078512,Sunny,Day,0.040364583333333336,80.72916666666667,,24.006414999803383,manual
1768181078544,Sunny,Day,0.04175347222222222,83.50694444444444,,26.11451800021314,manual
1768181078577,Sunny,Day,0.041276041666666666,82.55208333333333,,28.108437999890157,manual
1768181078606,Sunny,Day,0.04118923611111111,82.37847222222221,,24.912646999837307,manual
1768181078638,Sunny,Day,0.03771701388888889,75.43402777777777,,27.060988999892288,manual
1768181078669,Sunny,Day,0.03511284722222222,70.22569444444444,,26.52698599968062,manual
1768181078700,Sunny,Day,0.03637152777777778,72.74305555555556,,26.603762000377174,manual
1768181078732,Sunny,Day,0.03298611111111111,65.97222222222223,,26.604316999964794,manual
1768181078763,Sunny,Day,0.030772569444444446,61.54513888888889,,26.59903999983726,manual
1768181078795,Sunny,Day,0.029427083333333333,58.854166666666664,,26.61248300000807,manual
1768181078826,Sunny,Day,0.03025173611111111,60.50347222222222,,26.263995000135765,manual
1768181078857,Sunny,Day,0.028211805555555556,56.423611111111114,,26.640631000191206,manual
1768181078892,Sunny,Day,0.028125,56.25,,29.98243599995476,manual
1768181078920,Sunny,Day,0.022786458333333332,45.572916666666664,,23.845679000260134,manual
1768181078952,Sunny,Day,0.023524305555555555,47.04861111111111,,27.40421900034562,manual
1768181078983,Sunny,Day,0.02261284722222222,45.22569444444444,,26.482727999791678,manual
1768181079014,Sunny,Day,0.026779513888888887,53.55902777777777,,26.892494000094302,manual
1768181079046,Sunny,Day,0.02521701388888889,50.43402777777778,,27.175930999874254,manual
1768181079081,Sunny,Day,0.023307291666666667,46.614583333333336,,30.10713699995904,manual
1768181079112,Sunny,Day,0.025,50.0,,20.280621999972936,manual
1768181079144,Sunny,Day,0.02521701388888889,50.43402777777778,,25.803824000377062,manual
1768181079174,Sunny,Day,0.025173611111111112,50.34722222222222,,23.993304999748943,manual
1768181079206,Sunny,Day,0.024739583333333332,49.479166666666664,-62.0,26.132702000268182,manual
1768181079237,Sunny,Day,0.02673611111111111,53.47222222222222,,24.85359399997833,manual
1768181079269,Sunny,Day,0.030772569444444446,61.54513888888889,-60.0,25.942375999875367,manual
1768181079302,Sunny,Day,0.030815972222222224,61.63194444444445,-58.0,27.296462999856885,manual
1768181079332,Sunny,Day,0.03211805555555555,64.2361111111111,-57.0,25.696272000004683,manual
1768181079363,Sunny,Day,0.03029513888888889,60.59027777777778,-56.0,25.887044000228343,manual
1768181079394,Sunny,Day,0.034331597222222225,68.66319444444446,-57.0,25.747992000106024,manual
1768181079427,Sunny,Day,0.03012152777777778,60.24305555555556,-58.0,24.308721000124933,manual
1768181079457,Sunny,Day,0.030381944444444444,60.763888888888886,-59.0,24.443809000331385,manual
1768181079488,Sunny,Day,0.025954861111111113,51.90972222222223,,24.640395999995235,manual
1768181079520,Sunny,Day,0.02990451388888889,59.80902777777778,-62.0,16.771081000115373,manual
1768181079550,Sunny,Day,0.02847222222222222,56.94444444444444,-61.0,23.526634000063495,manual
1768181079581,Sunny,Day,0.02578125,51.5625,,25.505110999802127,manual
1768181079613,Sunny,Day,0.021006944444444446,42.01388888888889,,26.426212999922427,manual
1768181079644,Sunny,Day,0.020789930555555555,41.57986111111111,,25.720140999965224,manual
1768181079676,Sunny,Day,0.02439236111111111,48.78472222222222,-62.0,21.154669000225113,manual
1768181079709,Sunny,Day,0.025173611111111112,50.34722222222222,-63.0,27.273761000287777,manual
1768181079741,Sunny,Day,0.019227430555555557,38.454861111111114,,26.461156000095798,manual
1768181079770,Sunny,Day,0.021006944444444446,42.01388888888889,,22.559070999705,manual
1768181079804,Sunny,Day,0.028602430555555555,57.20486111111111,,28.00403399987772,manual
1768181079833,Sunny,Day,0.022265625,44.53125,,23.328270000092743,manual
1768181079867,Sunny,Day,0.019140625,38.28125,,23.321102999943832,manual
1768181079897,Sunny,Day,0.020789930555555555,41.57986111111111,,24.492715999713255,manual
1768181079928,Sunny,Day,0.026649305555555555,53.29861111111111,,26.09842599986223,manual
1768181079959,Sunny,Day,0.03198784722222222,63.975694444444436,,26.121777000298607,manual
1768181079990,Sunny,Day,0.02521701388888889,50.43402777777778,,25.287172999924223,manual
1768181080022,Sunny,Day,0.027083333333333334,54.16666666666667,,25.695568999708485,manual
1768181080055,Sunny,Day,0.027300347222222222,54.60069444444444,,27.916611999899033,manual
1768181080085,Sunny,Day,0.035590277777777776,71.18055555555556,,24.847909000072832,manual
1768181080119,Sunny,Day,0.024131944444444445,48.26388888888889,,28.24445399983233,manual
1768181080148,Sunny,Day,0.03519965277777778,70.39930555555556,,23.011131000203022,manual
1768181080179,Sunny,Day,0.03723958333333333,74.47916666666667,,25.07418000004691,manual
1768181080210,Sunny,Day,0.04370659722222222,87.41319444444444,,26.05742800005828,manual
1768181080241,Sunny,Day,0.03940972222222222,78.81944444444444,,25.781047999771545,manual
1768181080274,Sunny,Day,0.03693576388888889,73.87152777777779,,27.063378999628185,manual
1768181080305,Sunny,Day,0.03676215277777778,73.52430555555556,-31.0,25.8619890000773,manual
1768181080337,Sunny,Day,0.04544270833333333,90.88541666666666,,25.08836400011205,manual
1768181080373,Sunny,Day,0.03229166666666667,64.58333333333334,-35.0,28.86645300031887,manual
1768181080400,Sunny,Day,0.03394097222222222,67.88194444444444,-3.0,16.65538099996411,manual
1768181080430,Sunny,Day,0.027994791666666668,55.989583333333336,,25.043755000297097,manual
1768181080462,Sunny,Day,0.037022569444444445,74.04513888888889,,25.632089000282576,manual
1768181080492,Sunny,Day,0.035243055555555555,70.48611111111111,,25.210510000306385,manual
1768181080531,Sunny,Day,0.02013888888888889,40.27777777777778,,33.846374999939144,manual
1768181080557,Sunny,Day,0.011631944444444445,23.26388888888889,,20.08475799993903,manual
1768181080586,Sunny,Day,0.02065972222222222,41.31944444444444,,23.897641000075964,manual
1768181080618,Sunny,Day,0.03064236111111111,61.28472222222222,,26.311401999919326,manual
1768181080649,Sunny,Day,0.02048611111111111,40.97222222222222,,26.30069800034107,manual
1768181080682,Sunny,Day,0.015104166666666667,30.208333333333332,,27.566530000058265,manual
1768181080714,Sunny,Day,0.02556423611111111,51.12847222222222,-8.0,25.670680000075663,manual
1768181080745,Sunny,Day,0.031206597222222222,62.41319444444444,-59.0,25.43015099990953,manual
1768181080780,Sunny,Day,0.029079861111111112,58.15972222222222,-60.0,27.587139999923238,manual
1768181080807,Sunny,Day,0.03229166666666667,64.58333333333334,-57.0,18.766483000035805,manual
1768181080839,Sunny,Day,0.03723958333333333,74.47916666666667,-26.0,25.832119999904535,manual
1768181080876,Sunny,Day,0.04188368055555555,83.7673611111111,-56.0,31.749680999837437,manual
1768181080901,Sunny,Day,0.05221354166666667,100.0,-54.0,17.804920000344282,manual
1768181080934,Sunny,Day,0.04453125,89.0625,-50.0,27.91922300002625,manual
1768181080965,Sunny,Day,0.04136284722222222,82.72569444444444,-49.0,25.004349000028014,manual
1768181080995,Sunny,Day,0.04461805555555556,89.23611111111111,-49.0,24.406515000009676,manual
1768181081026,Sunny,Day,0.058854166666666666,100.0,-47.0,26.20816399985415,manual
1768181081058,Sunny,Day,0.05677083333333333,100.0,-44.0,26.105870999799663,manual
1768181081090,Sunny,Day,0.05603298611111111,100.0,-42.0,26.57437600009871,manual
1768181081121,Sunny,Day,0.06041666666666667,100.0,-41.0,24.874519999684708,manual
1768181081153,Sunny,Day,0.06414930555555555,100.0,-39.0,25.96219099996233,manual
1768181081184,Sunny,Day,0.06280381944444445,100.0,-35.0,16.35077899982207,manual
1768181081215,Sunny,Day,0.06519097222222223,100.0,-33.0,25.576424000064435,manual
1768181081247,Sunny,Day,0.06453993055555556,100.0,-30.0,26.93536500009941,manual
1768181081280,Sunny,Day,0.06766493055555556,100.0,-27.0,23.909808999633242,manual
1768181081311,Sunny,Day,0.06831597222222222,100.0,-23.0,23.898901999928057,manual
1768181081342,Sunny,Day,0.06861979166666667,100.0,-19.0,25.027959999988525,manual
1768181081373,Sunny,Day,0.06328125,100.0,-16.0,21.919238999998925,auto
1768181081403,Sunny,Day,0.06697048611111112,100.0,-12.0,24.267797999982577,auto
1768181081434,Sunny,Day,0.06840277777777778,100.0,-8.0,25.87730499999452,auto
1768181081467,Sunny,Day,0.06657986111111111,100.0,-4.0,27.573770999879343,auto
1768181081498,Sunny,Day,0.06506076388888889,100.0,-1.0,19.15891599992392,auto
1768181081529,Sunny,Day,0.06536458333333334,100.0,1.0,24.629342000025645,auto
1768181081561,Sunny,Day,0.06692708333333333,100.0,3.0,22.339115000249876,auto
1768181081592,Sunny,Day,0.06723090277777778,100.0,3.0,24.819948000185832,auto
1768181081623,Sunny,Day,0.06506076388888889,100.0,3.0,25.919395000073564,auto
1768181081657,Sunny,Day,0.0661892361111111,100.0,2.0,28.401080000094225,auto
1768181081687,Sunny,Day,0.06605902777777778,100.0,1.0,23.81973800038395,auto
1768181081719,Sunny,Day,0.06597222222222222,100.0,1.0,26.80994299998929,auto
1768181081749,Sunny,Day,0.065234375,100.0,0.0,24.116339000102016,auto
1768181081780,Sunny,Day,0.06189236111111111,100.0,-1.0,24.66800799993507,auto
1768181081812,Sunny,Day,0.06549479166666666,100.0,-1.0,16.90213300025789,auto
1768181081842,Sunny,Day,0.06488715277777778,100.0,-1.0,24.950239999725454,auto
1768181081875,Sunny,Day,0.06306423611111112,100.0,-2.0,27.483663000111846,auto
1768181081906,Sunny,Day,0.060807291666666666,100.0,-2.0,20.334509999884176,auto
1768181081937,Sunny,Day,0.06332465277777778,100.0,-2.0,25.98622699997577,auto
1768181081969,Sunny,Day,0.06154513888888889,100.0,-1.0,26.18655400010539,auto
1768181082001,Sunny,Day,0.06328125,100.0,-1.0,26.433620000261726,auto
1768181082031,Sunny,Day,0.06176215277777778,100.0,-1.0,23.905068000203755,auto
1768181082063,Sunny,Day,0.062109375,100.0,-2.0,26.41675099994245,auto
1768181082096,Sunny,Day,0.060980902777777776,100.0,-2.0,26.95949400003883,auto
1768181082125,Sunny,Day,0.06380208333333333,100.0,-2.0,23.095000000012078,auto
1768181082157,Sunny,Day,0.06341145833333334,100.0,-3.0,25.81730600013543,auto
1768181082191,Sunny,Day,0.06336805555555555,100.0,-2.0,28.250844000012876,auto
1768181082220,Sunny,Day,0.0640625,100.0,-3.0,22.841525999865553,auto
1768181082253,Sunny,Day,0.06536458333333334,100.0,-3.0,24.658582999563805,auto
1768181082284,Sunny,Day,0.06419270833333333,100.0,-3.0,20.347453999875142,auto
1768181082313,Sunny,Day,0.06427951388888889,100.0,-3.0,22.5268879999021,auto
1768181082344,Sunny,Day,0.06328125,100.0,-2.0,25.56970299974637,auto
1768181082380,Sunny,Day,0.06332465277777778,100.0,-2.0,30.30383699979211,auto
1768181082409,Sunny,Day,0.06527777777777778,100.0,-2.0,23.07274199984022,auto
1768181082440,Sunny,Day,0.0642361111111111,100.0,-2.0,24.814910999793938,auto
1768181082473,Sunny,Day,0.06276041666666667,100.0,-2.0,26.896440000200528,auto
1768181082504,Sunny,Day,0.063671875,100.0,-3.0,26.418658000238793,auto
1768181082533,Sunny,Day,0.06558159722222222,100.0,-3.0,23.357010999916383,auto
1768181082568,Sunny,Day,0.06401909722222222,100.0,-3.0,27.502718000050663,auto
1768181082596,Sunny,Day,0.06267361111111111,100.0,-4.0,21.801483999752236,auto
1768181082628,Sunny,Day,0.06341145833333334,100.0,-4.0,26.483860000098502,auto
1768181082659,Sunny,Day,0.06475694444444445,100.0,-4.0,25.15684499985582,auto
1768181082692,Sunny,Day,0.06549479166666666,100.0,-4.0,26.991455999905156,auto
1768181082722,Sunny,Day,0.0627170138888889,100.0,-4.0,24.68002700015859,auto
1768181082753,Sunny,Day,0.06310763888888889,100.0,-4.0,25.787566999952105,auto
1768181082785,Sunny,Day,0.06436631944444444,100.0,-4.0,25.83917600031782,auto
1768181082816,Sunny,Day,0.06419270833333333,100.0,-3.0,24.77320799971494,auto
1768181082847,Sunny,Day,0.06453993055555556,100.0,-3.0,25.502964000224893,auto
1768181082881,Sunny,Day,0.06141493055555555,100.0,-2.0,28.088347999982943,auto
1768181082911,Sunny,Day,0.06519097222222223,100.0,-2.0,23.680260999753955,auto
1768181082942,Sunny,Day,0.06527777777777778,100.0,-2.0,17.87823400036359,auto
1768181082973,Sunny,Day,0.06545138888888889,100.0,-2.0,26.024114999927406,auto
1768181083007,Sunny,Day,0.06566840277777777,100.0,-2.0,28.153421000297385,auto
1768181083036,Sunny,Day,0.06558159722222222,100.0,-2.0,23.130980999667372,auto
1768181083068,Sunny,Day,0.06671006944444445,100.0,-2.0,24.416941999788833,auto
1768181083100,Sunny,Day,0.06675347222222222,100.0,-2.0,26.136835000215797,auto
1768181083131,Sunny,Day,0.0661892361111111,100.0,-2.0,25.215567000032024,auto
1768181083162,Sunny,Day,0.0666232638888889,100.0,-2.0,23.887403000117047,auto
1768181083194,Sunny,Day,0.06640625,100.0,-2.0,24.633750999782933,auto
1768181083226,Sunny,Day,0.06701388888888889,100.0,-2.0,21.09794999978476,auto
1768181083255,Sunny,Day,0.06801215277777778,100.0,-3.0,23.291162000077748,auto
1768181083289,Sunny,Day,0.06610243055555555,100.0,-2.0,28.759439999703318,auto
1768181083320,Sunny,Day,0.06775173611111111,100.0,-3.0,23.672335999890493,auto
1768181083351,Sunny,Day,0.06848958333333334,100.0,-2.0,23.15859200007253,auto
1768181083383,Sunny,Day,0.06783854166666667,100.0,-2.0,22.70923500009303,auto
1768181083415,Sunny,Day,0.06770833333333333,100.0,-2.0,16.260042000340036,auto
1768181083447,Sunny,Day,0.0685763888888889,100.0,-2.0,24.99897999996392,auto
1768181083476,Sunny,Day,0.06944444444444445,100.0,-1.0,22.61799699999756,auto
1768181083508,Sunny,Day,0.06927083333333334,100.0,-1.0,27.276392000203487,auto
1768181083538,Sunny,Day,0.06775173611111111,100.0,-1.0,24.679915999968216,auto
1768181083569,Sunny,Day,0.06935763888888889,100.0,-1.0,25.281304999680287,auto
1768181083601,Sunny,Day,0.0700954861111111,100.0,-1.0,26.15537100018628,auto
1768181083632,Sunny,Day,0.06970486111111111,100.0,-1.0,25.497131000065565,auto
1768181083664,Sunny,Day,0.06653645833333334,100.0,-1.0,26.565838999886182,auto
1768181083698,Sunny,Day,0.0661892361111111,100.0,-1.0,29.025820999777352,auto
1768181083729,Sunny,Day,0.06649305555555556,100.0,-1.0,22.805842999787274,auto
1768181083760,Sunny,Day,0.06744791666666666,100.0,-1.0,24.049212999671,auto
1768181083789,Sunny,Day,0.06701388888888889,100.0,-1.0,23.53893200006496,auto
1768181083821,Sunny,Day,0.06623263888888889,100.0,-1.0,18.712318999860145,auto
1768181083852,Sunny,Day,0.06627604166666666,100.0,-1.0,25.319728999875224,auto
1768181083886,Sunny,Day,0.06705729166666667,100.0,-1.0,28.930620000210183,auto
1768181083916,Sunny,Day,0.06684027777777778,100.0,0.0,24.867854999683914,auto
1768181083949,Sunny,Day,0.06675347222222222,100.0,0.0,26.44064000014623,auto
1768181083978,Sunny,Day,0.06671006944444445,100.0,0.0,22.82517599996936,auto
1768181084010,Sunny,Day,0.0681423611111111,100.0,-1.0,26.920031999907224,auto
1768181084042,Sunny,Day,0.0681423611111111,100.0,-1.0,26.314829000057216,auto
1768181084072,Sunny,Day,0.0685763888888889,100.0,-1.0,24.135228999966785,auto
1768181084107,Sunny,Day,0.06762152777777777,100.0,-2.0,29.878183999699104,auto
1768181084139,Sunny,Day,0.07000868055555555,100.0,-2.0,20.450896000056673,auto
1768181084167,Sunny,Day,0.07165798611111111,100.0,-2.0,18.99623799999972,auto
1768181084198,Sunny,Day,0.06783854166666667,100.0,-2.0,25.23223300022437,auto
1768181084231,Sunny,Day,0.06792534722222222,100.0,-2.0,27.51590399975612,auto
1768181084262,Sunny,Day,0.06905381944444444,100.0,-2.0,26.088429000083124,auto
1768181084292,Sunny,Day,0.07105034722222223,100.0,-2.0,23.794684000222333,auto
1768181084324,Sunny,Day,0.07144097222222222,100.0,-3.0,25.97957999978462,auto
1768181084356,Sunny,Day,0.06822916666666666,100.0,-2.0,26.55997000010757,auto
1768181084386,Sunny,Day,0.07018229166666666,100.0,-2.0,22.138919000099122,auto
1768181084417,Sunny,Day,0.07105034722222223,100.0,-2.0,25.123291999989306,auto
1768181084450,Sunny,Day,0.07174479166666667,100.0,-2.0,27.015455999844562,auto
1768181084480,Sunny,Day,0.07000868055555555,100.0,-2.0,24.49877299977743,auto
1768181084514,Sunny,Day,0.06848958333333334,100.0,-2.0,26.987993999682658,auto
1768181084544,Sunny,Day,0.06866319444444445,100.0,-2.0,20.3016230002504,auto
1768181084575,Sunny,Day,0.07096354166666667,100.0,-1.0,24.763986999914778,auto
1768181084606,Sunny,Day,0.06957465277777777,100.0,-1.0,25.325396999960503,auto
1768181084637,Sunny,Day,0.06905381944444444,100.0,-1.0,25.00418499994339,auto
1768181084670,Sunny,Day,0.06840277777777778,100.0,-1.0,27.4501290000444,auto
1768181084699,Sunny,Day,0.0705295138888889,100.0,-2.0,22.93798800019431,auto
1768181084732,Sunny,Day,0.07265625,100.0,-2.0,27.343778999693313,auto
1768181084763,Sunny,Day,0.068359375,100.0,-2.0,25.154458000088198,auto
1768181084795,Sunny,Day,0.06935763888888889,100.0,-2.0,26.479177000055643,auto
1768181084828,Sunny,Day,0.07122395833333334,100.0,-2.0,27.323798999987048,auto
1768181084860,Sunny,Day,0.07165798611111111,100.0,-2.0,24.789246000182175,auto
1768181084888,Sunny,Day,0.07096354166666667,100.0,-2.0,19.76643600028183,auto
1768181084923,Sunny,Day,0.07096354166666667,100.0,-2.0,29.163668999899528,auto
1768181084951,Sunny,Day,0.07074652777777778,100.0,21.0,22.18045500012522,auto
1768181084986,Sunny,Day,0.07222222222222222,100.0,-2.0,29.881795000164857,auto
1768181085016,Sunny,Day,0.07291666666666667,100.0,-2.0,20.000336000066454,auto
1768181085049,Sunny,Day,0.07105034722222223,100.0,-4.0,26.448436999999103,auto
1768181085078,Sunny,Day,0.07152777777777777,100.0,18.0,18.67845100014165,auto
1768181085108,Sunny,Day,0.07434895833333334,100.0,19.0,23.53880400005437,auto
1768181085141,Sunny,Day,0.07200520833333333,100.0,18.0,27.826302999983454,auto
1768181085171,Sunny,Day,0.0700954861111111,100.0,14.0,23.703483999724995,auto
1768181085203,Sunny,Day,0.07296006944444444,100.0,14.0,26.51239800024996,auto
1768181085234,Sunny,Day,0.075390625,100.0,11.0,25.800660999721003,auto
1768181085266,Sunny,Day,0.07699652777777778,100.0,8.0,26.129094999760127,auto
1768181085297,Sunny,Day,0.0759548611111111,100.0,5.0,25.753625000106695,auto
1768181085329,Sunny,Day,0.07955729166666667,100.0,4.0,25.534519999837357,auto
1768181085360,Sunny,Day,0.08255208333333333,100.0,4.0,25.713682000059634,auto
1768181085392,Sunny,Day,0.08107638888888889,100.0,2.0,25.598925999929634,auto
1768181085423,Sunny,Day,0.08138020833333333,100.0,1.0,24.940520000200195,auto
1768181085454,Sunny,Day,0.08216145833333334,100.0,0.0,25.85700999998153,auto
1768181085486,Sunny,Day,0.08372395833333333,100.0,2.0,25.48600299996906,auto
1768181085517,Sunny,Day,0.08433159722222222,100.0,1.0,24.613901000066107,auto
1768181085548,Sunny,Day,0.08259548611111112,100.0,0.0,25.594389000161755,auto
1768181085581,Sunny,Day,0.08250868055555556,100.0,1.0,26.654412999960186,auto
1768181085611,Sunny,Day,0.08450520833333333,100.0,1.0,24.49577400011549,auto
1768181085644,Sunny,Day,0.08372395833333333,100.0,2.0,27.431555000021035,auto
1768181085675,Sunny,Day,0.0857204861111111,100.0,2.0,25.10368200000812,auto
1768181085705,Sunny,Day,0.08185763888888889,100.0,1.0,23.924384000110877,auto
1768181085737,Sunny,Day,0.08697916666666666,100.0,1.0,25.336342000173318,auto
1768181085769,Sunny,Day,0.08654513888888889,100.0,2.0,26.49676900000486,auto
1768181085802,Sunny,Day,0.0861545138888889,100.0,2.0,25.355192000006355,auto
1768181085832,Sunny,Day,0.08493923611111111,100.0,2.0,23.491304999879503,auto
1768181085863,Sunny,Day,0.08719618055555556,100.0,2.0,24.913520999689354,auto
1768181085893,Sunny,Day,0.08680555555555555,100.0,3.0,23.495694000303047,auto
1768181085925,Sunny,Day,0.08854166666666667,100.0,3.0,25.587074999748438,auto
1768181085956,Sunny,Day,0.08663194444444444,100.0,4.0,25.558037999871885,auto
1768181085989,Sunny,Day,0.08828125,100.0,2.0,27.66878900001757,auto
1768181086021,Sunny,Day,0.09045138888888889,100.0,3.0,22.994116000063514,auto
1768181086052,Sunny,Day,0.09105902777777777,100.0,3.0,22.225826000067173,auto
1768181086082,Sunny,Day,0.08741319444444444,100.0,36.0,20.64220599959299,auto
1768181086116,Sunny,Day,0.08485243055555555,100.0,36.0,23.91675499984558,auto
1768181086145,Sunny,Day,0.087890625,100.0,2.0,23.311847999593738,auto
1768181086176,Sunny,Day,0.08350694444444444,100.0,33.0,24.590920000264305,auto
1768181086207,Sunny,Day,0.08693576388888889,100.0,30.0,24.787322000065615,auto
1768181086238,Sunny,Day,0.08502604166666666,100.0,27.0,24.196672000016406,auto
1768181086270,Sunny,Day,0.07903645833333334,100.0,25.0,26.444253000136086,auto
1768181086306,Sunny,Day,0.08272569444444444,100.0,22.0,30.47559300011926,auto
1768181086334,Sunny,Day,0.08650173611111112,100.0,19.0,22.455929999978252,auto
1768181086365,Sunny,Day,0.08953993055555555,100.0,15.0,25.10045999997601,auto
1768181086398,Sunny,Day,0.08355034722222222,100.0,9.0,27.746620000016264,auto
1768181086427,Sunny,Day,0.08888888888888889,100.0,7.0,23.398159999942436,auto
1768181086458,Sunny,Day,0.08524305555555556,100.0,2.0,25.417228000151226,auto
1768181086493,Sunny,Day,0.08424479166666667,100.0,-2.0,28.738404999785416,auto
1768181086522,Sunny,Day,0.08567708333333333,100.0,-3.0,23.92881000014313,auto
1768181086553,Sunny,Day,0.08645833333333333,100.0,-4.0,25.470485999903758,auto
1768181086585,Sunny,Day,0.087109375,100.0,-4.0,25.48037499991551,auto
1768181086616,Sunny,Day,0.087890625,100.0,-4.0,25.122533999820007,auto
1768181086646,Sunny,Day,0.08580729166666666,100.0,-3.0,17.601668999759568,auto
1768181086680,Sunny,Day,0.08328993055555556,100.0,-4.0,28.12549800000852,auto
1768181086709,Sunny,Day,0.08485243055555555,100.0,-3.0,23.562913999739976,auto
1768181086741,Sunny,Day,0.08498263888888889,100.0,-3.0,25.55416899986085,auto
1768181086772,Sunny,Day,0.08697916666666666,100.0,-2.0,25.440969000101177,auto
1768181086804,Sunny,Day,0.08407118055555556,100.0,-1.0,26.5424350000103,auto
1768181086836,Sunny,Day,0.07738715277777777,100.0,-2.0,26.1592799997743,auto
1768181086867,Sunny,Day,0.08172743055555555,100.0,1.0,24.30589199957467,auto
1768181086898,Sunny,Day,0.08229166666666667,100.0,0.0,25.130699999863282,auto
1768181086929,Sunny,Day,0.08203125,100.0,0.0,25.921824000306515,auto
1768181086962,Sunny,Day,0.073046875,100.0,-2.0,25.319454000054975,auto
1768181086995,Sunny,Day,0.07864583333333333,100.0,1.0,21.25131799994051,auto
1768181087024,Sunny,Day,0.07899305555555555,100.0,1.0,22.458782000285282,auto
1768181087055,Sunny,Day,0.07682291666666667,100.0,2.0,25.741275000200403,auto
1768181087088,Sunny,Day,0.06848958333333334,100.0,2.0,27.414927999870997,auto
1768181087118,Sunny,Day,0.07083333333333333,100.0,4.0,23.639949999960663,auto
1768181087150,Sunny,Day,0.07599826388888889,100.0,6.0,26.05191400016338,auto
1768181087181,Sunny,Day,0.0744357638888889,100.0,6.0,24.85444900003131,auto
1768181087212,Sunny,Day,0.06827256944444444,100.0,6.0,26.07017199989059,auto
1768181087243,Sunny,Day,0.06944444444444445,100.0,7.0,25.028981000104977,auto
1768181087276,Sunny,Day,0.07165798611111111,100.0,7.0,27.742769999804295,auto
1768181087306,Sunny,Day,0.076171875,100.0,10.0,20.611078000001726,auto
1768181087338,Sunny,Day,0.06332465277777778,100.0,6.0,26.014044000021386,auto
1768181087370,Sunny,Day,0.06141493055555555,100.0,6.0,25.997175000156858,auto
1768181087403,Sunny,Day,0.06397569444444444,100.0,6.0,27.31389299970033,auto
1768181087432,Sunny,Day,0.07209201388888889,100.0,11.0,19.761103999826446,auto
1768181087464,Sunny,Day,0.06636284722222222,100.0,6.0,25.259973999709473,auto
1768181087497,Sunny,Day,0.06180555555555556,100.0,5.0,27.921892999984266,auto
1768181087527,Sunny,Day,0.06197916666666667,100.0,5.0,22.25163999992219,auto
1768181087557,Sunny,Day,0.06966145833333333,100.0,5.0,24.370817000090028,auto
1768181087592,Sunny,Day,0.06154513888888889,100.0,4.0,28.51543099995979,auto
1768181087621,Sunny,Day,0.06349826388888889,100.0,6.0,23.669874999995955,auto
1768181087652,Sunny,Day,0.06276041666666667,100.0,4.0,24.56825499984916,auto
1768181087684,Sunny,Day,0.065625,100.0,8.0,26.650729000266438,auto
1768181087716,Sunny,Day,0.06219618055555556,100.0,6.0,21.96240700004637,auto
1768181087747,Sunny,Day,0.05828993055555556,100.0,5.0,25.426579999930254,auto
1768181087778,Sunny,Day,0.06302083333333333,100.0,7.0,25.671516999864252,auto
1768181087808,Sunny,Day,0.06766493055555556,100.0,13.0,23.757686999942962,auto
1768181087840,Sunny,Day,0.06280381944444445,100.0,12.0,26.50665900000604,auto
1768181087871,Sunny,Day,0.06002604166666667,100.0,7.0,25.515243999961967,auto
1768181087905,Sunny,Day,0.05026041666666667,100.0,2.0,25.19534700013537,auto
1768181087937,Sunny,Day,0.060546875,100.0,8.0,24.981260999993538,auto
1768181087966,Sunny,Day,0.05703125,100.0,,21.324816000287683,auto
1768181088000,Sunny,Day,0.046484375,92.96875,1.0,28.03172399990217,auto
1768181088028,Sunny,Day,0.041840277777777775,83.68055555555554,-2.0,21.802153999942675,auto
1768181088059,Sunny,Day,0.0515625,100.0,-1.0,25.787904000026174,auto
1768181088091,Sunny,Day,0.04887152777777778,97.74305555555556,-1.0,26.146559000153502,auto
1768181088123,Sunny,Day,0.038411458333333336,76.82291666666667,-2.0,26.716041999861773,auto
1768181088155,Sunny,Day,0.028862847222222224,57.72569444444445,,26.377403999958915,auto
1768181088187,Sunny,Day,0.03654513888888889,73.09027777777779,1.0,26.197817000138457,auto
1768181088219,Sunny,Day,0.03615451388888889,72.30902777777779,,25.653685000179394,auto
1768181088249,Sunny,Day,0.030989583333333334,61.97916666666667,,15.00056399981986,auto
1768181088280,Sunny,Day,0.027647569444444443,55.295138888888886,,24.8231539999324,auto
1768181088310,Sunny,Day,0.024609375,49.21875,,24.656604000028892,auto
1768181088342,Sunny,Day,0.025911458333333335,51.82291666666667,,24.802878000173223,auto
1768181088375,Sunny,Day,0.02573784722222222,51.47569444444444,,26.10996699968382,auto
1768181088407,Sunny,Day,0.023003472222222224,46.00694444444445,,26.596212999720592,auto
1768181088437,Sunny,Day,0.021875,43.75,,24.51914499988561,auto
1768181088469,Sunny,Day,0.02404513888888889,48.09027777777778,,25.01707500005068,auto
1768181088501,Sunny,Day,0.02504340277777778,50.08680555555556,,26.789706999807095,auto
1768181088532,Sunny,Day,0.026302083333333334,52.604166666666664,,24.858671999936632,auto
1768181088563,Sunny,Day,0.022395833333333334,44.791666666666664,,26.200852999863855,auto
1768181088595,Sunny,Day,0.024956597222222224,49.91319444444445,,25.906325000050856,auto
1768181088626,Sunny,Day,0.025303819444444445,50.60763888888889,,25.33439799981352,auto
1768181088657,Sunny,Day,0.02651909722222222,53.03819444444444,,25.463969000156794,auto
1768181088688,Sunny,Day,0.025911458333333335,51.82291666666667,,25.442006000048423,auto
1768181088719,Sunny,Day,0.026085069444444445,52.17013888888889,,25.75683100030801,auto
1768181088751,Sunny,Day,0.02699652777777778,53.99305555555556,,25.64911200033748,auto
1768181088782,Sunny,Day,0.02912326388888889,58.24652777777778,,25.226901000223734,auto
1768181088812,Sunny,Day,0.027734375,55.46875,,23.662616000365233,auto
1768181088842,Sunny,Day,0.02816840277777778,56.33680555555556,,23.33607100035806,auto
1768181088874,Sunny,Day,0.028732638888888887,57.46527777777777,,26.973460000135674,auto
1768181088905,Sunny,Day,0.029296875,58.59375,,26.081024000177422,auto
1768181088937,Sunny,Day,0.029210069444444445,58.42013888888889,,26.855260000047565,auto
1768181088968,Sunny,Day,0.027994791666666668,55.989583333333336,,26.177465000273514,auto
1768181089000,Sunny,Day,0.029817708333333335,59.63541666666667,,27.86126699993474,auto
1768181089031,Sunny,Day,0.030164930555555556,60.329861111111114,,25.961120999909326,auto
1768181089062,Sunny,Day,0.03142361111111111,62.84722222222222,,26.481270999738626,auto
1768181089094,Sunny,Day,0.03042534722222222,60.85069444444444,,27.322043000367557,auto
1768181089125,Sunny,Day,0.030946180555555557,61.892361111111114,,25.610428000163665,auto
1768181089156,Sunny,Day,0.03138020833333333,62.760416666666664,,27.022570000099222,auto
1768181089188,Sunny,Day,0.033289930555555555,66.57986111111111,,26.595009000175196,auto
1768181089219,Sunny,Day,0.03298611111111111,65.97222222222223,,26.89842600011616,auto
1768181089250,Sunny,Day,0.03246527777777778,64.93055555555556,,26.15861499998573,auto
1768181089282,Sunny,Day,0.03159722222222222,63.19444444444444,,26.849372000015137,auto
1768181089314,Sunny,Day,0.037196180555555555,74.39236111111111,,27.0714569996926,auto
1768181089345,Sunny,Day,0.03493923611111111,69.87847222222223,,25.755015999948228,auto
1768181089377,Sunny,Day,0.037934027777777775,75.86805555555554,,27.878526000222337,auto
1768181089409,Sunny,Day,0.037586805555555554,75.17361111111111,,27.039218000027176,auto
1768181089439,Sunny,Day,0.03984375,79.6875,,25.19275500026197,auto
1768181089470,Sunny,Day,0.04227430555555556,84.54861111111111,,26.859557000079803,auto
1768181089502,Sunny,Day,0.04331597222222222,86.63194444444444,,26.522604000092542,auto
1768181089533,Sunny,Day,0.040581597222222224,81.16319444444444,,26.736078999874735,auto
1768181089564,Sunny,Day,0.04587673611111111,91.75347222222221,,26.77176299994244,auto
1768181089596,Sunny,Day,0.04796006944444445,95.9201388888889,,26.830668999991758,auto
1768181089627,Sunny,Day,0.05130208333333333,100.0,,26.894852000168612,auto
1768181089658,Sunny,Day,0.046788194444444445,93.57638888888889,,26.601786999890464,auto
1768181089690,Sunny,Day,0.04939236111111111,98.78472222222221,,26.938109999719018,auto
1768181089725,Sunny,Day,0.052256944444444446,100.0,,30.634127000212175,auto
1768181089753,Sunny,Day,0.05334201388888889,100.0,,22.825863999969442,auto
1768181089787,Sunny,Day,0.05082465277777778,100.0,,27.54434999997102,auto
1768181089817,Sunny,Day,0.05186631944444445,100.0,,25.145904000055452,auto
1768181089847,Sunny,Day,0.05486111111111111,100.0,,25.387119999777497,auto
1768181089878,Sunny,Day,0.05846354166666667,100.0,,19.36333999992712,auto
1768181089910,Sunny,Day,0.05703125,100.0,,26.337757999954192,auto
1768181089941,Sunny,Day,0.05412326388888889,100.0,,26.874833999954717,auto
1768181089973,Sunny,Day,0.05572916666666667,100.0,,26.80855900007373,auto
1768181090004,Sunny,Day,0.06362847222222222,100.0,,26.487271999940276,auto
1768181090035,Sunny,Day,0.06267361111111111,100.0,,26.557714999853488,auto
1768181090067,Sunny,Day,0.05768229166666667,100.0,,26.838761999897542,auto
1768181090099,Sunny,Day,0.05520833333333333,100.0,,26.106191000053514,auto
1768181090130,Sunny,Day,0.06354166666666666,100.0,,26.58599200003664,auto
1768181090161,Sunny,Day,0.06631944444444444,100.0,,26.277425999978732,auto
1768181090193,Sunny,Day,0.06341145833333334,100.0,,27.464723999855778,auto
1768181090226,Sunny,Day,0.05360243055555555,100.0,,28.067631000340043,auto
1768181090255,Sunny,Day,0.06948784722222222,100.0,,24.740251999901375,auto
1768181090287,Sunny,Day,0.072265625,100.0,,26.54045600002064,auto
1768181090318,Sunny,Day,0.06644965277777778,100.0,,26.422478000313276,auto
1768181090350,Sunny,Day,0.05555555555555555,100.0,,27.110845999686717,auto
1768181090381,Sunny,Day,0.06371527777777777,100.0,,27.050810000218917,auto
1768181090412,Sunny,Day,0.06979166666666667,100.0,,25.758256999779405,auto
1768181090444,Sunny,Day,0.06766493055555556,100.0,,26.84283600001436,auto
1768181090475,Sunny,Day,0.06154513888888889,100.0,,27.04864399993312,auto
1768181090506,Sunny,Day,0.06037326388888889,100.0,,26.317537000068114,auto
1768181090538,Sunny,Day,0.07282986111111112,100.0,,26.826594999874942,auto
1768181090569,Sunny,Day,0.06653645833333334,100.0,,26.647229999980482,auto
1768181090601,Sunny,Day,0.06527777777777778,100.0,,26.82613200022388,auto
1768181090634,Sunny,Day,0.060460069444444445,100.0,,28.678780000063853,auto
1768181090664,Sunny,Day,0.078125,100.0,,24.75891699987187,auto
1768181090695,Sunny,Day,0.07760416666666667,100.0,,26.7198759997882,auto
1768181090726,Sunny,Day,0.06801215277777778,100.0,,25.216773000011017,auto
1768181090761,Sunny,Day,0.06388888888888888,100.0,,30.33750799977497,auto
1768181090790,Sunny,Day,0.07578125,100.0,,24.47462899999664,auto
1768181090821,Sunny,Day,0.08237847222222222,100.0,,24.997595000058936,auto
1768181090852,Sunny,Day,0.072265625,100.0,,25.35549100002754,auto
1768181090883,Sunny,Day,0.061328125,100.0,,26.82452099998045,auto
1768181090914,Sunny,Day,0.072265625,100.0,,26.030877999801305,auto
1768181090946,Sunny,Day,0.08051215277777778,100.0,,26.996700999916357,auto
1768181090978,Sunny,Day,0.06987847222222222,100.0,,26.89161199987211,auto
1768181091009,Sunny,Day,0.05798611111111111,100.0,,26.306332999865845,auto
1768181091042,Sunny,Day,0.066796875,100.0,,28.45158399986758,auto
1768181091071,Sunny,Day,0.08736979166666667,100.0,,24.706530000003113,auto
1768181091103,Sunny,Day,0.07330729166666666,100.0,,26.746153999738453,auto
1768181091134,Sunny,Day,0.06519097222222223,100.0,,26.679062999846792,auto
1768181091166,Sunny,Day,0.06684027777777778,100.0,,26.597585000217805,auto
1768181091198,Sunny,Day,0.088671875,100.0,,27.123328000016045,auto
1768181091229,Sunny,Day,0.08888888888888889,100.0,,25.755349999599275,auto
1768181091260,Sunny,Day,0.08229166666666667,100.0,,26.65311999999176,auto
1768181091292,Sunny,Day,0.07947048611111111,100.0,,26.59288099994228,auto
1768181091323,Sunny,Day,0.10017361111111112,100.0,,26.315444999909232,auto
1768181091355,Sunny,Day,0.10299479166666667,100.0,,27.020904999972117,auto
1768181091386,Sunny,Day,0.08415798611111111,100.0,,26.511975999710558,auto
1768181091417,Sunny,Day,0.07560763888888888,100.0,,26.26122400033637,auto
1768181091450,Sunny,Day,0.10559895833333334,100.0,,28.448732000015298,auto
1768181091480,Sunny,Day,0.10724826388888889,100.0,,25.317622999864398,auto
1768181091511,Sunny,Day,0.09019097222222222,100.0,,26.30311199982316,auto
1768181091543,Sunny,Day,0.05503472222222222,100.0,,26.72746999996889,auto
1768181091574,Sunny,Day,0.07795138888888889,100.0,,26.827502999822173,auto
1768181091605,Sunny,Day,0.07278645833333333,100.0,,26.166022999859706,auto
1768181091638,Sunny,Day,0.04934895833333333,98.69791666666666,,27.58229500022935,auto
1768181091669,Sunny,Day,0.02109375,42.1875,,24.809860000004846,auto
1768181091700,Sunny,Day,0.022569444444444444,45.138888888888886,,25.00083699987954,auto
1768181091731,Sunny,Day,0.019835069444444443,39.670138888888886,,26.62626800020007,auto
1768181091762,Sunny,Day,0.013454861111111112,26.909722222222225,,26.648786999885488,auto
1768181091794,Sunny,Day,0.00043402777777777775,0.8680555555555555,,26.501402000121743,auto
1768181091825,Sunny,Day,0.00034722222222222224,0.6944444444444444,,26.468588000170712,auto
1768181091858,Sunny,Day,0.0,0.0,,27.6090170000316,auto
1768181091888,Sunny,Day,0.0,0.0,,25.252032000025793,auto
1768181091919,Sunny,Day,0.0,0.0,,26.323832999878505,auto
1768181091951,Sunny,Day,0.0,0.0,,26.798966999649565,auto
1768181091982,Sunny,Day,0.0,0.0,,26.675730000079056,auto
1768181092013,Sunny,Day,0.0,0.0,,21.829616999639256,auto
1768181092045,Sunny,Day,0.0,0.0,,26.530122999702144,auto
1768181092076,Sunny,Day,0.0,0.0,,28.296034000049985,manual
1768181092108,Sunny,Day,0.0,0.0,,27.252084000338073,manual
1768181092139,Sunny,Day,0.0,0.0,,26.373795999916183,manual
1768181092171,Sunny,Day,0.0,0.0,,26.97340599979725,manual
1768181092203,Sunny,Day,0.0,0.0,,28.443677999803185,manual
1768181092233,Sunny,Day,0.0,0.0,,24.479038000208675,manual
1768181092267,Sunny,Day,0.0,0.0,,28.883442000278592,manual
1768181092297,Sunny,Day,0.0,0.0,,25.92934599988439,manual
1768181092328,Sunny,Day,0.0,0.0,,26.09689700011586,manual
1768181092359,Sunny,Day,0.0,0.0,,26.410516999931133,manual
1768181092391,Sunny,Day,0.0,0.0,,27.011923999907594,manual
1768181092422,Sunny,Day,0.0,0.0,,27.923619000375766,manual
1768181092453,Sunny,Day,0.0,0.0,,26.82894800000213,manual
1768181092484,Sunny,Day,0.0,0.0,,27.030461000322248,manual
1768181092516,Sunny,Day,0.0,0.0,,27.077810999799112,manual
1768181092548,Sunny,Day,0.0,0.0,,27.570795999963593,manual
1768181092580,Sunny,Day,0.0,0.0,,26.686729999710224,manual
1768181092611,Sunny,Day,0.0,0.0,,25.625077000313468,manual
1768181092642,Sunny,Day,0.0,0.0,,26.610547000018414,manual
1768181092675,Sunny,Day,0.0,0.0,,27.65921900027024,manual
1768181092704,Sunny,Day,0.0,0.0,,24.378966999847762,manual
1768181092736,Sunny,Day,0.0,0.0,,26.531605999934982,manual
1768181092767,Sunny,Day,0.0,0.0,,26.3450370002829,manual
1768181092799,Sunny,Day,0.0,0.0,,27.049051999711082,manual
1768181092830,Sunny,Day,0.0,0.0,,26.760542999909376,manual
1768181092861,Sunny,Day,0.0006944444444444445,1.3888888888888888,,27.12345700001606,manual
1768181092893,Sunny,Day,0.000390625,0.78125,,26.869558000271354,manual
1768181092924,Sunny,Day,0.0006076388888888889,1.215277777777778,,27.028109000184486,manual
1768181092956,Sunny,Day,0.0006510416666666666,1.3020833333333333,,28.627246000269224,manual
1768181092987,Sunny,Day,0.0008246527777777778,1.6493055555555556,,26.621953999892867,manual
1768181093019,Sunny,Day,0.0010416666666666667,2.0833333333333335,,27.32646999993449,manual
1768181093050,Sunny,Day,0.0006076388888888889,1.215277777777778,,28.328051999778836,manual
1768181093083,Sunny,Day,0.0,0.0,,30.598297999858914,manual
1768181093113,Sunny,Day,0.0,0.0,,26.706175000072108,manual
1768181093144,Sunny,Day,0.0,0.0,,28.574544000093738,manual
1768181093177,Sunny,Day,0.0,0.0,,24.527036000108637,manual
1768181093207,Sunny,Day,0.000390625,0.78125,,26.78167299973211,manual
1768181093238,Sunny,Day,0.0,0.0,,28.166335000150866,manual
1768181093270,Sunny,Day,0.000390625,0.78125,,26.66993500042736,manual
1768181093301,Sunny,Day,0.0025173611111111113,5.034722222222222,,26.848817999962193,manual
1768181093334,Sunny,Day,0.009809027777777778,19.618055555555554,,27.97496899984253,manual
1768181093365,Sunny,Day,0.019314236111111112,38.62847222222222,7.0,25.061205999918457,manual
1768181093395,Sunny,Day,0.017491319444444445,34.98263888888889,,24.105402000259346,manual
1768181093427,Sunny,Day,0.0005208333333333333,1.0416666666666667,,27.249769999798445,manual
1768181093460,Sunny,Day,0.0014756944444444444,2.951388888888889,,28.135649999967427,manual
1768181093491,Sunny,Day,0.0020833333333333333,4.166666666666667,,27.50696600014635,manual
1768181093521,Sunny,Day,0.0009982638888888888,1.9965277777777777,,24.266749000162235,manual
1768181093555,Sunny,Day,0.0013020833333333333,2.6041666666666665,,28.542508000100497,manual
1768181093584,Sunny,Day,0.000390625,0.78125,,17.126261000157683,manual
1768181093615,Sunny,Day,0.0,0.0,,26.743729000372696,manual
1768181093646,Sunny,Day,0.0,0.0,,26.13472900020497,manual
1768181093678,Sunny,Day,0.0,0.0,,26.80035699995642,manual
1768181093709,Sunny,Day,0.0,0.0,,26.788894000219443,manual
1768181093740,Sunny,Day,0.0,0.0,,26.840892999643984,manual
1768181093772,Sunny,Day,0.0014322916666666666,2.864583333333333,,27.140142999996897,manual
1768181093809,Sunny,Day,0.0035590277777777777,7.118055555555555,,32.00207100007901,manual
1768181093839,Sunny,Day,0.000390625,0.78125,,24.05610699997851,manual
1768181093872,Sunny,Day,0.0,0.0,,28.092521999951714,manual
1768181093904,Sunny,Day,0.006163194444444444,12.32638888888889,,25.793092000185425,manual
1768181093931,Sunny,Day,0.004036458333333334,8.072916666666668,,21.467443999881652,manual
1768181093964,Sunny,Day,0.0038194444444444443,7.638888888888888,,27.258695000000444,manual
1768181093995,Sunny,Day,0.006032986111111111,12.065972222222223,,24.498816000232182,manual
1768181094026,Sunny,Day,0.006857638888888889,13.715277777777777,,25.165054999888525,manual
1768181094057,Sunny,Day,0.025651041666666666,51.30208333333333,-45.0,25.559265000083542,manual
1768181094089,Sunny,Day,0.03424479166666667,68.48958333333334,,25.730538000061642,manual
1768181094120,Sunny,Day,0.02378472222222222,47.56944444444444,-53.0,25.97238299995297,manual
1768181094152,Sunny,Day,0.028038194444444445,56.07638888888889,-59.0,25.529562999963673,manual
1768181094184,Sunny,Day,0.03845486111111111,76.90972222222223,-60.0,24.42026300013822,manual
1768181094214,Sunny,Day,0.032552083333333336,65.10416666666667,,23.096339000403532,manual
1768181094248,Sunny,Day,0.03654513888888889,73.09027777777779,-59.0,28.82068500002788,manual
1768181094279,Sunny,Day,0.029210069444444445,58.42013888888889,,24.910210000143707,manual
1768181094311,Sunny,Day,0.039713541666666664,79.42708333333333,-70.0,27.426006000041525,manual
1768181094340,Sunny,Day,0.05590277777777778,100.0,,22.49800600020535,manual
1768181094371,Sunny,Day,0.045355902777777776,90.71180555555556,-78.0,26.484460000119725,manual
1768181094403,Sunny,Day,0.05060763888888889,100.0,-23.0,26.179319999755535,manual
1768181094434,Sunny,Day,0.05807291666666667,100.0,,23.751635000280658,manual
1768181094465,Sunny,Day,0.06905381944444444,100.0,,25.754796999990504,manual
1768181094501,Sunny,Day,0.069921875,100.0,,25.919292000253336,manual
1768181094527,Sunny,Day,0.06154513888888889,100.0,,9.289201000228786,manual
1768181094560,Sunny,Day,0.06341145833333334,100.0,,23.16033699980835,manual
1768181094592,Sunny,Day,0.07152777777777777,100.0,,26.64321399970504,manual
1768181094622,Sunny,Day,0.06762152777777777,100.0,,24.533203999908437,manual
1768181094655,Sunny,Day,0.06384548611111111,100.0,,27.175956999599293,manual
1768181094685,Sunny,Day,0.07122395833333334,100.0,,24.562054999933025,manual
1768181094719,Sunny,Day,0.08120659722222222,100.0,,28.02122799994322,manual
1768181094748,Sunny,Day,0.08311631944444445,100.0,,23.54827099998147,manual
1768181094779,Sunny,Day,0.08020833333333334,100.0,,25.354198000059114,manual
1768181094812,Sunny,Day,0.08255208333333333,100.0,,26.628751999851374,manual
1768181094843,Sunny,Day,0.08103298611111111,100.0,,25.553247000061674,manual
1768181094874,Sunny,Day,0.08151041666666667,100.0,,24.340802000097028,manual
1768181094906,Sunny,Day,0.08094618055555555,100.0,,25.117204999787646,manual
1768181094936,Sunny,Day,0.08129340277777777,100.0,,22.90521599979911,manual
1768181094968,Sunny,Day,0.08246527777777778,100.0,,26.69091699999626,manual
1768181094999,Sunny,Day,0.08359375,100.0,,25.49195299980056,manual
1768181095030,Sunny,Day,0.082421875,100.0,,24.832528999922943,manual
1768181095063,Sunny,Day,0.08220486111111111,100.0,,28.101208000407496,manual
1768181095094,Sunny,Day,0.08198784722222222,100.0,,25.879755999994813,manual
1768181095128,Sunny,Day,0.08081597222222223,100.0,,28.43379100022503,manual
1768181095156,Sunny,Day,0.08125,100.0,,23.208300000078452,manual
1768181095190,Sunny,Day,0.08142361111111111,100.0,,28.1432799997674,manual
1768181095220,Sunny,Day,0.08116319444444445,100.0,,22.449212000083207,manual
1768181095251,Sunny,Day,0.07999131944444444,100.0,,25.25794199982556,manual
1768181095282,Sunny,Day,0.08107638888888889,100.0,,25.57078400013779,manual
1768181095315,Sunny,Day,0.07999131944444444,100.0,,27.47217099977206,manual
1768181095346,Sunny,Day,0.07981770833333333,100.0,,25.35356899988983,manual
1768181095377,Sunny,Day,0.07990451388888889,100.0,,25.361402000271482,manual
1768181095410,Sunny,Day,0.078515625,100.0,,27.409525000166468,manual
1768181095440,Sunny,Day,0.078515625,100.0,,21.342818999983137,manual
1768181095471,Sunny,Day,0.07877604166666667,100.0,,23.429404000125942,manual
1768181095502,Sunny,Day,0.078125,100.0,,18.735509000180173,manual
1768181095534,Sunny,Day,0.078125,100.0,,25.863145999664994,manual
1768181095564,Sunny,Day,0.07942708333333333,100.0,,24.88436100020408,manual
1768181095596,Sunny,Day,0.07734375,100.0,,24.12553200019829,manual
1768181095629,Sunny,Day,0.07712673611111111,100.0,,26.21013599991784,manual
1768181095659,Sunny,Day,0.08211805555555556,100.0,,24.046293000083097,manual
1768181095690,Sunny,Day,0.08502604166666666,100.0,60.0,25.619597000059002,manual
1768181095724,Sunny,Day,0.08784722222222222,100.0,58.0,27.963489999820013,manual
1768181095753,Sunny,Day,0.08658854166666667,100.0,55.0,22.55335700010619,manual
1768181095787,Sunny,Day,0.09192708333333334,100.0,57.0,29.03260599987334,manual
1768181095817,Sunny,Day,0.09427083333333333,100.0,55.0,25.79772099988986,auto
1768181095847,Sunny,Day,0.096484375,100.0,54.0,23.827985000025365,auto
1768181095881,Sunny,Day,0.09240451388888889,100.0,49.0,28.228370000306313,auto
1768181095910,Sunny,Day,0.09184027777777778,100.0,45.0,22.38704699993832,auto
1768181095943,Sunny,Day,0.09105902777777777,100.0,41.0,27.91780600000493,auto
1768181095972,Sunny,Day,0.10308159722222222,100.0,-2.0,22.840681000161567,auto
1768181096005,Sunny,Day,0.09887152777777777,100.0,-6.0,27.033814000333223,auto
1768181096035,Sunny,Day,0.0978732638888889,100.0,-10.0,23.42644200007271,auto
1768181096067,Sunny,Day,0.09800347222222222,100.0,20.0,21.61712599991006,auto
1768181096099,Sunny,Day,0.1015625,100.0,-12.0,26.292484999885346,auto
1768181096130,Sunny,Day,0.10160590277777778,100.0,-12.0,24.734680999699776,auto
1768181096160,Sunny,Day,0.10082465277777777,100.0,-13.0,25.0459110002339,auto
1768181096193,Sunny,Day,0.10264756944444445,100.0,-13.0,26.75863800004663,auto
1768181096225,Sunny,Day,0.10073784722222222,100.0,20.0,26.39194499988662,auto
1768181096256,Sunny,Day,0.10073784722222222,100.0,-11.0,24.11169900005916,auto
1768181096289,Sunny,Day,0.103125,100.0,-9.0,24.512426999990566,auto
1768181096318,Sunny,Day,0.10008680555555556,100.0,24.0,23.2192810003653,auto
1768181096349,Sunny,Day,0.10190972222222222,100.0,24.0,25.3688279999551,auto
1768181096381,Sunny,Day,0.10052083333333334,100.0,25.0,24.002535000363423,auto
1768181096412,Sunny,Day,0.09704861111111111,100.0,23.0,25.045725999916613,auto
1768181096446,Sunny,Day,0.09197048611111111,100.0,-12.0,28.77313300041351,auto
1768181096476,Sunny,Day,0.09114583333333333,100.0,14.0,22.182831000009173,auto
1768181096506,Sunny,Day,0.0857204861111111,100.0,8.0,21.24341499984439,auto
1768181096538,Sunny,Day,0.08793402777777778,100.0,4.0,25.7495010000639,auto
1768181096570,Sunny,Day,0.084765625,100.0,3.0,25.920107000274584,auto
1768181096601,Sunny,Day,0.0828125,100.0,-1.0,24.906212000132655,auto
1768181096632,Sunny,Day,0.08559027777777778,100.0,-3.0,25.804035999954067,auto
1768181096663,Sunny,Day,0.08541666666666667,100.0,-4.0,25.548174000050494,auto
1768181096700,Sunny,Day,0.08541666666666667,100.0,-5.0,31.407349999881262,auto
1768181096727,Sunny,Day,0.0861545138888889,100.0,-5.0,20.82765000022846,auto
1768181096760,Sunny,Day,0.08576388888888889,100.0,-4.0,26.40877800013186,auto
1768181096790,Sunny,Day,0.0857204861111111,100.0,-4.0,23.392499000237876,auto
1768181096821,Sunny,Day,0.08489583333333334,100.0,-4.0,24.442465999982232,auto
1768181096853,Sunny,Day,0.085546875,100.0,-3.0,26.316799000142055,auto
1768181096884,Sunny,Day,0.08567708333333333,100.0,-3.0,23.935555999742064,auto
1768181096915,Sunny,Day,0.08559027777777778,100.0,-3.0,25.869406000310846,auto
1768181096946,Sunny,Day,0.08532986111111111,100.0,-2.0,17.93270100006339,auto
1768181096977,Sunny,Day,0.08585069444444444,100.0,-2.0,15.743136999844864,auto
1768181097009,Sunny,Day,0.0857204861111111,100.0,-2.0,25.32829200026754,auto
1768181097043,Sunny,Day,0.08606770833333334,100.0,-1.0,28.822835000028135,auto
1768181097072,Sunny,Day,0.0857204861111111,100.0,-2.0,23.179302000244206,auto
1768181097103,Sunny,Day,0.08563368055555555,100.0,-1.0,25.95732899999348,auto
1768181097137,Sunny,Day,0.08519965277777777,100.0,-1.0,28.731819999848085,auto
1768181097168,Sunny,Day,0.08563368055555555,100.0,-1.0,25.289812000210077,auto
1768181097197,Sunny,Day,0.08550347222222222,100.0,-1.0,23.555272000066907,auto
1768181097229,Sunny,Day,0.08506944444444445,100.0,-1.0,25.921866999851773,auto
1768181097260,Sunny,Day,0.08467881944444444,100.0,-1.0,24.68268199982049,auto
1768181097292,Sunny,Day,0.08515625,100.0,-2.0,26.15919300023961,auto
1768181097326,Sunny,Day,0.08498263888888889,100.0,-2.0,25.59161800036236,auto
1768181097354,Sunny,Day,0.08498263888888889,100.0,-2.0,16.643053999814583,auto
1768181097385,Sunny,Day,0.08489583333333334,100.0,-2.0,26.009513000190054,auto
1768181097420,Sunny,Day,0.08511284722222222,100.0,-2.0,29.474685999957728,auto
1768181097448,Sunny,Day,0.08498263888888889,100.0,-2.0,21.159140999770898,auto
1768181097479,Sunny,Day,0.08485243055555555,100.0,-2.0,25.218684999799734,auto
1768181097510,Sunny,Day,0.08446180555555556,100.0,-2.0,25.573395999799686,auto
1768181097543,Sunny,Day,0.08424479166666667,100.0,-2.0,27.103091000299173,auto
1768181097581,Sunny,Day,0.08480902777777778,100.0,-2.0,32.08097800006726,auto
1768181097606,Sunny,Day,0.08485243055555555,100.0,-2.0,18.874783999763167,auto
1768181097637,Sunny,Day,0.0837673611111111,100.0,-2.0,25.310145000275952,auto
1768181097668,Sunny,Day,0.08463541666666667,100.0,-2.0,24.960267000096792,auto
1768181097700,Sunny,Day,0.08489583333333334,100.0,-2.0,25.4620660002729,auto
1768181097734,Sunny,Day,0.08450520833333333,100.0,-2.0,28.402384999935748,auto
1768181097763,Sunny,Day,0.08424479166666667,100.0,-2.0,23.17652400006409,auto
1768181097795,Sunny,Day,0.08407118055555556,100.0,-1.0,25.523286999941774,auto
1768181097825,Sunny,Day,0.08467881944444444,100.0,-1.0,24.073867999959475,auto
1768181097860,Sunny,Day,0.084375,100.0,-1.0,29.519000000163942,auto
1768181097889,Sunny,Day,0.08441840277777778,100.0,-1.0,23.309944999709842,auto
1768181097920,Sunny,Day,0.08428819444444445,100.0,-1.0,25.31120000003284,auto
1768181097952,Sunny,Day,0.08389756944444444,100.0,-1.0,26.751675000014075,auto
1768181097982,Sunny,Day,0.0837673611111111,100.0,-1.0,18.64401300008467,auto
1768181098013,Sunny,Day,0.08415798611111111,100.0,-1.0,25.563414999851375,auto
1768181098045,Sunny,Day,0.08346354166666667,100.0,-2.0,26.382577000276797,auto
1768181098080,Sunny,Day,0.08346354166666667,100.0,-1.0,28.155892999620846,auto
1768181098107,Sunny,Day,0.08381076388888889,100.0,-2.0,18.601587999910407,auto
1768181098141,Sunny,Day,0.08272569444444444,100.0,-2.0,28.163133999896672,auto
1768181098172,Sunny,Day,0.08285590277777778,100.0,-2.0,25.003561999710655,auto
1768181098202,Sunny,Day,0.08302951388888889,100.0,-2.0,21.248842000204604,auto
1768181098233,Sunny,Day,0.0837673611111111,100.0,-2.0,26.10750999974698,auto
1768181098266,Sunny,Day,0.08324652777777777,100.0,-2.0,17.533139000079245,auto
1768181098298,Sunny,Day,0.08372395833333333,100.0,-3.0,25.954366999940248,auto
1768181098325,Sunny,Day,0.08359375,100.0,-2.0,20.402922999892326,auto
1768181098358,Sunny,Day,0.08394097222222222,100.0,-2.0,28.789688999950158,auto
1768181098391,Sunny,Day,0.08411458333333334,100.0,-2.0,24.606851000044117,auto
1768181098419,Sunny,Day,0.0837673611111111,100.0,-2.0,23.69721200011554,auto
1768181098451,Sunny,Day,0.083984375,100.0,-2.0,27.065778000178398,auto
1768181098482,Sunny,Day,0.08415798611111111,100.0,-2.0,26.078269999743497,auto
1768181098513,Sunny,Day,0.084375,100.0,-2.0,19.295679000151722,auto
1768181098545,Sunny,Day,0.08567708333333333,100.0,-2.0,24.52428000015061,auto
1768181098577,Sunny,Day,0.0857204861111111,100.0,-2.0,17.141464999895106,auto
1768181098610,Sunny,Day,0.08528645833333333,100.0,-3.0,28.907555999921897,auto
1768181098640,Sunny,Day,0.08658854166666667,100.0,-2.0,25.08333700006915,auto
1768181098671,Sunny,Day,0.08745659722222222,100.0,-3.0,20.09787699989829,auto
1768181098704,Sunny,Day,0.08658854166666667,100.0,-2.0,22.271939999882306,auto
1768181098733,Sunny,Day,0.08715277777777777,100.0,-2.0,22.253552000165655,auto
1768181098764,Sunny,Day,0.08715277777777777,100.0,-2.0,26.347280999743816,auto
1768181098798,Sunny,Day,0.08763020833333333,100.0,-2.0,28.345109000383673,auto
1768181098827,Sunny,Day,0.08806423611111111,100.0,-2.0,24.72808900029122,auto
1768181098859,Sunny,Day,0.08858506944444444,100.0,-2.0,26.837840000098367,auto
1768181098890,Sunny,Day,0.08875868055555555,100.0,-2.0,26.903986999968765,auto
1768181098922,Sunny,Day,0.0896267361111111,100.0,-2.0,27.240310000252066,auto
1768181098953,Sunny,Day,0.08888888888888889,100.0,-3.0,25.946532999569172,auto
1768181098985,Sunny,Day,0.08932291666666667,100.0,-4.0,26.973392000400054,auto
1768181099016,Sunny,Day,0.08923611111111111,100.0,-4.0,26.807564000137063,auto
1768181099047,Sunny,Day,0.09010416666666667,100.0,-4.0,26.394519999939803,auto
1768181099079,Sunny,Day,0.09144965277777778,100.0,-4.0,19.54220900006476,auto
1768181099110,Sunny,Day,0.0915798611111111,100.0,-4.0,26.202508000096714,auto
1768181099141,Sunny,Day,0.09105902777777777,100.0,-4.0,26.538422999692557,auto
1768181099173,Sunny,Day,0.09136284722222222,100.0,-4.0,26.6545499998756,auto
1768181099208,Sunny,Day,0.09253472222222223,100.0,-3.0,29.499685999780922,auto
1768181099236,Sunny,Day,0.09283854166666666,100.0,-2.0,15.493348999825685,auto
1768181099267,Sunny,Day,0.09296875,100.0,-1.0,26.68238200021733,auto
1768181099299,Sunny,Day,0.09388020833333334,100.0,0.0,26.58336700005748,auto
1768181099330,Sunny,Day,0.09357638888888889,100.0,-21.0,26.5104249997421,auto
1768181099367,Sunny,Day,0.0935329861111111,100.0,-21.0,31.855357000040385,auto
1768181099393,Sunny,Day,0.09296875,100.0,-20.0,21.13779000001159,auto
1768181099424,Sunny,Day,0.09270833333333334,100.0,-19.0,26.2771170000633,auto
1768181099455,Sunny,Day,0.09535590277777778,100.0,-16.0,26.758065999729297,auto
1768181099487,Sunny,Day,0.09830729166666667,100.0,12.0,27.050185999996756,auto
1768181099518,Sunny,Day,0.09917534722222222,100.0,-11.0,26.152973000080237,auto
1768181099549,Sunny,Day,0.09856770833333334,100.0,-10.0,26.58255200003623,auto
1768181099581,Sunny,Day,0.10151909722222222,100.0,-8.0,26.748473000225204,auto
1768181099614,Sunny,Day,0.10160590277777778,100.0,-7.0,28.905573999963963,auto
1768181099644,Sunny,Day,0.10190972222222222,100.0,-6.0,24.67138799966051,auto
1768181099675,Sunny,Day,0.10360243055555556,100.0,-5.0,26.696640999944066,auto
1768181099706,Sunny,Day,0.10503472222222222,100.0,-3.0,26.15286099990044,auto
1768181099738,Sunny,Day,0.106640625,100.0,-3.0,26.94011599987789,auto
1768181099769,Sunny,Day,0.106640625,100.0,-1.0,26.65671700015082,auto
1768181099801,Sunny,Day,0.10863715277777777,100.0,-2.0,26.20015599995895,auto
1768181099832,Sunny,Day,0.10824652777777778,100.0,0.0,26.911857999948552,auto
1768181099865,Sunny,Day,0.1078125,100.0,1.0,27.712074000191933,auto
1768181099897,Sunny,Day,0.10872395833333333,100.0,-1.0,21.875027000078262,auto
1768181099927,Sunny,Day,0.10824652777777778,100.0,0.0,25.17681699964669,auto
1768181099958,Sunny,Day,0.10798611111111112,100.0,0.0,25.889646999985416,auto
1768181099989,Sunny,Day,0.10833333333333334,100.0,0.0,26.78654600003938,auto
1768181100023,Sunny,Day,0.10902777777777778,100.0,-1.0,28.85559500009549,auto
1768181100052,Sunny,Day,0.10881076388888888,100.0,-1.0,24.3198799998936,auto
1768181100083,Sunny,Day,0.10911458333333333,100.0,-1.0,26.88221100015653,auto
1768181100114,Sunny,Day,0.10902777777777778,100.0,0.0,25.93299799991655,auto
1768181100146,Sunny,Day,0.10872395833333333,100.0,0.0,25.935610000033194,auto
1768181100179,Sunny,Day,0.10889756944444444,100.0,0.0,28.113635999943654,auto
1768181100211,Sunny,Day,0.10828993055555555,100.0,0.0,24.89156699994055,auto
1768181100241,Sunny,Day,0.10881076388888888,100.0,-1.0,24.87808599971686,auto
1768181100271,Sunny,Day,0.1095920138888889,100.0,-1.0,25.790910000068834,auto
1768181100303,Sunny,Day,0.1091579861111111,100.0,-1.0,26.93478299988783,auto
1768181100334,Sunny,Day,0.10802951388888889,100.0,-1.0,26.445372000125644,auto
1768181100366,Sunny,Day,0.10850694444444445,100.0,0.0,26.01258799995776,auto
1768181100397,Sunny,Day,0.10837673611111111,100.0,0.0,26.473871000234794,auto
1768181100428,Sunny,Day,0.10846354166666666,100.0,0.0,26.75573299984535,auto
1768181100461,Sunny,Day,0.1072048611111111,100.0,0.0,28.328036999937467,auto
1768181100491,Sunny,Day,0.10690104166666667,100.0,0.0,24.99158199998419,auto
1768181100523,Sunny,Day,0.10755208333333334,100.0,0.0,27.190552999854845,auto
1768181100555,Sunny,Day,0.10807291666666667,100.0,0.0,26.96663400001853,auto
1768181100586,Sunny,Day,0.10625,100.0,0.0,24.978637999993225,auto
1768181100617,Sunny,Day,0.10611979166666667,100.0,0.0,26.03762499984441,auto
1768181100648,Sunny,Day,0.10455729166666666,100.0,0.0,25.725004999912926,auto
1768181100680,Sunny,Day,0.10603298611111112,100.0,0.0,26.87045099992247,auto
1768181100711,Sunny,Day,0.1046875,100.0,0.0,26.4825189997282,auto
1768181100742,Sunny,Day,0.10425347222222223,100.0,1.0,26.586829999814654,auto
1768181100774,Sunny,Day,0.10481770833333333,100.0,1.0,26.95106000010128,auto
1768181100805,Sunny,Day,0.104296875,100.0,1.0,26.426520000313758,auto
1768181100837,Sunny,Day,0.10377604166666667,100.0,1.0,26.436611999997695,auto
1768181100868,Sunny,Day,0.10381944444444445,100.0,1.0,26.380410000001575,auto
1768181100900,Sunny,Day,0.103125,100.0,1.0,26.882784999997966,auto
1768181100931,Sunny,Day,0.10299479166666667,100.0,0.0,26.388631999907375,auto
1768181100964,Sunny,Day,0.102734375,100.0,0.0,27.317029999721854,auto
1768181100994,Sunny,Day,0.10091145833333333,100.0,0.0,24.98547100003634,auto
1768181101027,Sunny,Day,0.10056423611111111,100.0,0.0,28.320611999788525,auto
1768181101058,Sunny,Day,0.10026041666666667,100.0,0.0,25.35916399983762,auto
1768181101089,Sunny,Day,0.10004340277777778,100.0,-1.0,26.128140999844618,auto
1768181101119,Sunny,Day,0.09904513888888888,100.0,-1.0,25.453420000303595,auto
1768181101151,Sunny,Day,0.098828125,100.0,-1.0,27.35458600000129,auto
1768181101182,Sunny,Day,0.09921875,100.0,-1.0,26.01499699994747,auto
1768181101214,Sunny,Day,0.09835069444444444,100.0,-2.0,26.738511999610637,auto
1768181101247,Sunny,Day,0.09796006944444445,100.0,-2.0,28.533143000004202,auto
1768181101277,Sunny,Day,0.096875,100.0,-3.0,24.446042999898054,auto
1768181101308,Sunny,Day,0.09809027777777778,100.0,-2.0,26.842694000151823,auto
1768181101339,Sunny,Day,0.09861111111111111,100.0,-3.0,26.43044699971142,auto
1768181101371,Sunny,Day,0.10082465277777777,100.0,-47.0,26.776122000228497,auto
1768181101404,Sunny,Day,0.1013454861111111,100.0,-48.0,26.13197400023637,auto
1768181101435,Sunny,Day,0.09895833333333333,100.0,-49.0,23.001808999651985,auto
1768181101467,Sunny,Day,0.09900173611111111,100.0,-46.0,23.740526999972644,auto
1768181101496,Sunny,Day,0.09552951388888889,100.0,-41.0,24.184272999718814,auto
1768181101528,Sunny,Day,0.09383680555555556,100.0,,27.011911000045075,auto
1768181101559,Sunny,Day,0.08606770833333334,100.0,,19.296198000120057,auto
1768181101591,Sunny,Day,0.08372395833333333,100.0,59.0,26.60984899966934,auto
1768181101623,Sunny,Day,0.080078125,100.0,59.0,26.688624000144046,auto
1768181101657,Sunny,Day,0.07903645833333334,100.0,57.0,28.212207999786187,auto
1768181101685,Sunny,Day,0.08168402777777778,100.0,,23.044010999910824,auto
1768181101718,Sunny,Day,0.07161458333333333,100.0,53.0,28.539846000057878,auto
1768181101748,Sunny,Day,0.07252604166666667,100.0,50.0,24.516153000149643,auto
1768181101780,Sunny,Day,0.068359375,100.0,50.0,25.096931000007316,auto
1768181101810,Sunny,Day,0.073046875,100.0,-45.0,25.847890000022744,auto
1768181101842,Sunny,Day,0.07191840277777778,100.0,-50.0,26.454705000105605,auto
1768181101873,Sunny,Day,0.08059895833333333,100.0,-55.0,26.305598999897484,auto
1768181101904,Sunny,Day,0.08098958333333334,100.0,-56.0,26.446132000273792,auto
1768181101936,Sunny,Day,0.08051215277777778,100.0,-53.0,26.868637000006856,auto
1768181101967,Sunny,Day,0.07552083333333333,100.0,-50.0,26.443391000157135,auto
1768181101998,Sunny,Day,0.07821180555555556,100.0,-46.0,26.178769000125612,auto
1768181102030,Sunny,Day,0.07447916666666667,100.0,-42.0,25.615805000143155,auto
1768181102061,Sunny,Day,0.07413194444444444,100.0,,26.15580699966813,auto
1768181102093,Sunny,Day,0.07317708333333334,100.0,,26.771510999878956,auto
1768181102125,Sunny,Day,0.06727430555555555,100.0,,27.276717999939137,auto
1768181102156,Sunny,Day,0.06636284722222222,100.0,,26.52624000029391,auto
1768181102187,Sunny,Day,0.06453993055555556,100.0,,25.577158000032796,auto
1768181102219,Sunny,Day,0.06349826388888889,100.0,,27.111668000088684,auto
1768181102249,Sunny,Day,0.05625,100.0,,22.316051999951014,auto
1768181102281,Sunny,Day,0.05325520833333333,100.0,,26.70466200015653,auto
1768181102312,Sunny,Day,0.05065104166666667,100.0,,26.980931000252895,auto
1768181102344,Sunny,Day,0.051258680555555554,100.0,,26.89671100006308,auto
1768181102376,Sunny,Day,0.05290798611111111,100.0,,27.3190880002403,auto
1768181102407,Sunny,Day,0.050390625,100.0,,26.192065000032017,auto
1768181102440,Sunny,Day,0.053515625,100.0,,28.933853000125964,auto
1768181102473,Sunny,Day,0.055338541666666664,100.0,,24.521800999991683,auto
1768181102501,Sunny,Day,0.05520833333333333,100.0,,23.304244999962975,auto
1768181102534,Sunny,Day,0.055338541666666664,100.0,,27.809238999907393,auto
1768181102565,Sunny,Day,0.05499131944444444,100.0,,25.689968999813573,auto
1768181102595,Sunny,Day,0.057942708333333336,100.0,,25.615712000217172,auto
1768181102626,Sunny,Day,0.056727430555555555,100.0,,26.124603999960527,auto
1768181102660,Sunny,Day,0.055512152777777775,100.0,,28.556662000028155,auto
1768181102690,Sunny,Day,0.05538194444444444,100.0,,25.870834000215837,auto
1768181102721,Sunny,Day,0.056206597222222224,100.0,,25.41884799984473,auto
1768181102752,Sunny,Day,0.058116319444444446,100.0,,26.048292000268702,auto
1768181102784,Sunny,Day,0.055815972222222225,100.0,,27.355807999811077,auto
1768181102815,Sunny,Day,0.054774305555555555,100.0,,26.38502299987522,auto
1768181102846,Sunny,Day,0.055989583333333336,100.0,,26.299969000319834,auto
1768181102878,Sunny,Day,0.05412326388888889,100.0,,26.74834599974929,auto
1768181102909,Sunny,Day,0.05394965277777778,100.0,,26.6541630003303,auto
1768181102941,Sunny,Day,0.05173611111111111,100.0,,26.834917000087444,auto
1768181102973,Sunny,Day,0.05329861111111111,100.0,,26.018756000212306,auto
1768181103004,Sunny,Day,0.05212673611111111,100.0,,25.38225699981922,auto
1768181103035,Sunny,Day,0.05269097222222222,100.0,,19.584802000281343,auto
1768181103066,Sunny,Day,0.05047743055555556,100.0,,26.620498000283987,auto
1768181103098,Sunny,Day,0.048828125,97.65625,,26.077365999753965,auto
1768181103129,Sunny,Day,0.04969618055555555,99.3923611111111,,26.010182999925746,auto
1768181103160,Sunny,Day,0.048741319444444445,97.48263888888889,,26.711124000030395,auto
1768181103193,Sunny,Day,0.04717881944444444,94.35763888888889,,27.695131999735167,auto
1768181103223,Sunny,Day,0.04618055555555556,92.36111111111111,,25.901667999733036,auto
1768181103259,Sunny,Day,0.04513888888888889,90.27777777777777,,31.29241299984642,auto
1768181103286,Sunny,Day,0.044487847222222224,88.97569444444444,,21.90728699997635,auto
1768181103324,Sunny,Day,0.04561631944444444,91.23263888888889,,33.28713099972447,auto
1768181103352,Sunny,Day,0.04140625,82.8125,,22.139854000215564,auto
1768181103383,Sunny,Day,0.04001736111111111,80.03472222222221,,25.12380200005282,auto
1768181103416,Sunny,Day,0.03975694444444444,79.51388888888889,,27.00207899988527,auto
1768181103445,Sunny,Day,0.039496527777777776,78.99305555555556,,23.067455999807862,auto
1768181103477,Sunny,Day,0.03658854166666667,73.17708333333334,,26.77752999989025,auto
1768181103508,Sunny,Day,0.03441840277777778,68.83680555555556,,22.281349999957456,auto
1768181103540,Sunny,Day,0.03493923611111111,69.87847222222223,,26.056959000015922,auto
1768181103571,Sunny,Day,0.03289930555555556,65.79861111111111,,24.921066999922914,auto
1768181103603,Sunny,Day,0.028602430555555555,57.20486111111111,,25.910314999691764,auto
1768181103634,Sunny,Day,0.02699652777777778,53.99305555555556,,26.07612500014511,auto
1768181103665,Sunny,Day,0.027777777777777776,55.55555555555555,,25.12215299975651,auto
1768181103697,Sunny,Day,0.021961805555555554,43.92361111111111,,25.74978300026487,auto
1768181103729,Sunny,Day,0.02052951388888889,41.05902777777778,,26.309007000236306,auto
1768181103760,Sunny,Day,0.018012152777777776,36.02430555555555,,25.468569999702595,auto
1768181103791,Sunny,Day,0.018012152777777776,36.02430555555555,,24.409583000306156,auto
1768181103824,Sunny,Day,0.016102430555555554,32.20486111111111,,27.051466000102664,auto
1768181103853,Sunny,Day,0.008680555555555556,17.36111111111111,,23.49199900027088,auto
1768181103885,Sunny,Day,0.008550347222222223,17.100694444444446,,25.40405199988527,auto
1768181103920,Sunny,Day,0.008940972222222222,17.881944444444443,,27.74031599983573,auto
1768181103947,Sunny,Day,0.003515625,7.03125,,18.831045999831986,auto
1768181103979,Sunny,Day,0.0016493055555555556,3.298611111111111,,26.07293999972171,auto
1768181104011,Sunny,Day,0.00026041666666666666,0.5208333333333334,,26.26135999980761,auto
1768181104042,Sunny,Day,0.0,0.0,,25.371313000050577,auto
1768181104073,Sunny,Day,0.0006944444444444445,1.3888888888888888,,25.681211999653897,auto
1768181104107,Sunny,Day,0.0025173611111111113,5.034722222222222,,28.662103999977262,auto
1768181104136,Sunny,Day,0.001388888888888889,2.7777777777777777,,24.114499000006617,auto
1768181104169,Sunny,Day,0.004079861111111111,8.159722222222223,,26.643034999779047,auto
1768181104201,Sunny,Day,0.004861111111111111,9.722222222222223,,26.540964000105305,auto
1768181104232,Sunny,Day,0.007335069444444444,14.67013888888889,,24.39708299971244,auto
1768181104262,Sunny,Day,0.007682291666666666,15.364583333333332,,21.511928999643715,auto
1768181104293,Sunny,Day,0.009157986111111112,18.31597222222222,,25.391665000370267,auto
1768181104327,Sunny,Day,0.010112847222222223,20.225694444444446,,28.28576299998531,auto
1768181104357,Sunny,Day,0.009722222222222222,19.444444444444446,,23.69008699997721,auto
1768181104388,Sunny,Day,0.011414930555555555,22.82986111111111,,25.056859999949666,auto
1768181104420,Sunny,Day,0.012934027777777777,25.868055555555554,,26.258378999955312,auto
1768181104450,Sunny,Day,0.01328125,26.5625,,24.14464699995733,auto
1768181104482,Sunny,Day,0.014973958333333334,29.947916666666668,,26.761865000025864,auto
1768181104514,Sunny,Day,0.014756944444444444,29.51388888888889,,25.140969000403857,auto
1768181104544,Sunny,Day,0.016493055555555556,32.986111111111114,,23.76828700016631,auto
1768181104575,Sunny,Day,0.019314236111111112,38.62847222222222,,25.06615599986617,auto
1768181104607,Sunny,Day,0.01818576388888889,36.37152777777778,,25.432514999920386,auto
1768181104641,Sunny,Day,0.020052083333333335,40.10416666666667,,28.935983999872406,auto
1768181104670,Sunny,Day,0.021918402777777776,43.83680555555555,,22.076172000197403,auto
1768181104702,Sunny,Day,0.020963541666666665,41.92708333333333,,26.3340070000595,auto
1768181104732,Sunny,Day,0.024609375,49.21875,,23.672864999753074,auto
1768181104763,Sunny,Day,0.023958333333333335,47.91666666666667,,26.41422699980467,auto
1768181104795,Sunny,Day,0.02478298611111111,49.56597222222222,,26.73525399995924,auto
1768181104831,Sunny,Day,0.028776041666666665,57.55208333333333,,29.963750000206346,auto
1768181104861,Sunny,Day,0.026475694444444444,52.951388888888886,,21.26434399997379,auto
1768181104892,Sunny,Day,0.026041666666666668,52.083333333333336,,24.580430000241904,auto
1768181104922,Sunny,Day,0.025086805555555557,50.173611111111114,,23.18091600000116,auto
1768181104952,Sunny,Day,0.026692708333333332,53.385416666666664,,23.969262999798957,auto
1768181104983,Sunny,Day,0.027083333333333334,54.16666666666667,,25.469272999998793,auto
1768181105015,Sunny,Day,0.025694444444444443,51.388888888888886,,25.483385000370617,auto
1768181105047,Sunny,Day,0.02894965277777778,57.89930555555556,,25.980980999975145,auto
1768181105078,Sunny,Day,0.027907986111111113,55.81597222222223,,25.335390000236657,auto
1768181105109,Sunny,Day,0.027821180555555554,55.64236111111111,,25.340203999803634,auto
1768181105142,Sunny,Day,0.023133680555555557,46.267361111111114,,26.412949999667035,auto
1768181105172,Sunny,Day,0.02795138888888889,55.90277777777778,,25.15878399981375,auto
1768181105205,Sunny,Day,0.029253472222222222,58.50694444444444,,26.70232999980726,auto
1768181105236,Sunny,Day,0.030164930555555556,60.329861111111114,,25.322426999991876,auto
1768181105267,Sunny,Day,0.03029513888888889,60.59027777777778,,23.395910000090225,auto
1768181105299,Sunny,Day,0.029991319444444445,59.98263888888889,,26.60388900039834,auto
1768181105332,Sunny,Day,0.03246527777777778,64.93055555555556,,27.193537000130164,auto
1768181105362,Sunny,Day,0.03064236111111111,61.28472222222222,,24.265828999887162,auto
1768181105392,Sunny,Day,0.03224826388888889,64.49652777777779,,24.07844599974851,auto
1768181105424,Sunny,Day,0.0296875,59.375,,25.316667999959463,auto
1768181105455,Sunny,Day,0.03155381944444444,63.107638888888886,,25.814467999680346,auto
1768181105486,Sunny,Day,0.03315972222222222,66.31944444444444,,25.36501800022961,auto
1768181105518,Sunny,Day,0.03250868055555556,65.01736111111111,,26.207899999917572,auto
1768181105550,Sunny,Day,0.03224826388888889,64.49652777777779,,25.524234999920736,auto
1768181105581,Sunny,Day,0.03381076388888889,67.62152777777777,,25.117395000052056,auto
1768181105613,Sunny,Day,0.03411458333333333,68.22916666666666,,26.43748599984974,auto
1768181105643,Sunny,Day,0.036848958333333334,73.69791666666667,,24.55122699984713,auto
1768181105674,Sunny,Day,0.034375,68.75,,25.707897000302182,auto
1768181105706,Sunny,Day,0.035243055555555555,70.48611111111111,,25.735581000390084,auto
1768181105740,Sunny,Day,0.03572048611111111,71.44097222222221,,28.48386899995603,auto
1768181105771,Sunny,Day,0.03984375,79.6875,,24.692390000382147,auto
1768181105805,Sunny,Day,0.03381076388888889,67.62152777777777,,26.52524299992365,auto
1768181105832,Sunny,Day,0.03819444444444445,76.3888888888889,,18.608646000302542,auto
1768181105863,Sunny,Day,0.03671875,73.4375,,18.01084999988234,auto
1768181105895,Sunny,Day,0.039322916666666666,78.64583333333333,,25.233874000150536,auto
1768181105926,Sunny,Day,0.0375,75.0,,25.219560000095953,auto
1768181105958,Sunny,Day,0.03875868055555556,77.51736111111111,,26.93363699972906,auto
1768181105989,Sunny,Day,0.041666666666666664,83.33333333333333,,24.90545699993163,auto
1768181106020,Sunny,Day,0.04505208333333333,90.10416666666667,,25.647917999776837,auto
1768181106053,Sunny,Day,0.04240451388888889,84.80902777777779,,26.877065999997285,auto
1768181106085,Sunny,Day,0.04032118055555556,80.64236111111111,,26.1539759999323,auto
1768181106115,Sunny,Day,0.042708333333333334,85.41666666666667,,24.548525000227528,auto
1768181106146,Sunny,Day,0.04401041666666667,88.02083333333334,,24.189978999856976,auto
1768181106177,Sunny,Day,0.043402777777777776,86.80555555555556,,25.554549999924348,auto
1768181106208,Sunny,Day,0.04296875,85.9375,,26.02414700004374,auto
1768181106242,Sunny,Day,0.04357638888888889,87.15277777777777,,28.107139999974606,auto
1768181106274,Sunny,Day,0.04796006944444445,95.9201388888889,,26.186809000137146,auto
1768181106303,Sunny,Day,0.048177083333333336,96.35416666666667,,22.632617999988724,auto
1768181106334,Sunny,Day,0.04809027777777778,96.18055555555556,,25.521179999941523,auto
1768181106366,Sunny,Day,0.0453125,90.625,,25.21646699960911,auto
1768181106397,Sunny,Day,0.04917534722222222,98.35069444444444,,25.56623500004207,auto
1768181106428,Sunny,Day,0.05021701388888889,100.0,,25.798208999731287,auto
1768181106460,Sunny,Day,0.04496527777777778,89.93055555555556,,26.357914000072924,auto
1768181106490,Sunny,Day,0.04526909722222222,90.53819444444444,,24.46415700023863,auto
1768181106523,Sunny,Day,0.046440972222222224,92.88194444444444,,27.20494499999404,auto
1768181106555,Sunny,Day,0.04848090277777778,96.96180555555556,,25.811022999732813,auto
1768181106587,Sunny,Day,0.04787326388888889,95.74652777777779,,25.514366000152222,auto
1768181106616,Sunny,Day,0.04205729166666667,84.11458333333334,,22.895017999871925,auto
1768181106649,Sunny,Day,0.04674479166666667,93.48958333333333,,26.300472000002628,auto
1768181106680,Sunny,Day,0.05151909722222222,100.0,,24.62568900000406,auto
1768181106711,Sunny,Day,0.048567708333333334,97.13541666666667,,24.79625699970711,auto
1768181106744,Sunny,Day,0.045355902777777776,90.71180555555556,,24.11098199991102,auto
1768181106773,Sunny,Day,0.04739583333333333,94.79166666666666,,24.291679999805638,auto
1768181106805,Sunny,Day,0.05390625,100.0,,26.002109999808454,auto
1768181106836,Sunny,Day,0.05221354166666667,100.0,,25.274892000197724,auto
1768181106870,Sunny,Day,0.04388020833333333,87.76041666666666,,28.016327999921486,auto
1768181106900,Sunny,Day,0.04357638888888889,87.15277777777777,,24.232644999756303,auto
1768181106931,Sunny,Day,0.04869791666666667,97.39583333333333,,24.17086900004506,auto
1768181106962,Sunny,Day,0.03854166666666667,77.08333333333334,,25.034343000243098,auto
1768181106993,Sunny,Day,0.029166666666666667,58.333333333333336,,24.539542999718833,auto
1768181107024,Sunny,Day,0.024305555555555556,48.611111111111114,,26.035813000362396,auto
1768181107058,Sunny,Day,0.031640625,63.28125,,28.046050000284595,auto
1768181107088,Sunny,Day,0.025434027777777778,50.86805555555556,,24.18033200001446,auto
1768181107119,Sunny,Day,0.013758680555555555,27.51736111111111,,25.759285000276577,auto
1768181107151,Sunny,Day,0.007769097222222222,15.538194444444445,,26.182494000295264,auto
1768181107182,Sunny,Day,0.008159722222222223,16.319444444444446,,25.278225999954884,auto
1768181107218,Sunny,Day,0.009852430555555555,19.70486111111111,,29.88266200009093,auto
1768181107247,Sunny,Day,0.0012586805555555556,2.517361111111111,,24.140685000020312,manual
1768181107276,Sunny,Day,0.0,0.0,,17.226835999736068,manual
1768181107307,Sunny,Day,0.0,0.0,,25.46403399992414,manual
1768181107339,Sunny,Day,0.000390625,0.78125,,25.853393000033975,manual
1768181107370,Sunny,Day,0.0,0.0,,26.399840000067343,manual
1768181107402,Sunny,Day,0.0,0.0,,26.07690500008175,manual
1768181107433,Sunny,Day,0.0,0.0,,25.44512799977383,manual
1768181107464,Sunny,Day,0.0,0.0,,25.925187000211736,manual
1768181107496,Sunny,Day,0.0,0.0,,26.224104999982956,manual
1768181107527,Sunny,Day,0.0,0.0,,27.535434999663266,manual
1768181107560,Sunny,Day,0.0,0.0,,27.96132999992551,manual
1768181107592,Sunny,Day,0.0,0.0,,25.693563999993785,manual
1768181107622,Sunny,Day,0.0,0.0,,23.747031000311836,manual
1768181107653,Sunny,Day,0.0,0.0,,25.422665999940364,manual
1768181107685,Sunny,Day,0.0,0.0,,24.963512999875093,manual
1768181107716,Sunny,Day,0.0,0.0,,20.15580500028591,manual
1768181107747,Sunny,Day,0.0,0.0,,25.627010999869526,manual
1768181107779,Sunny,Day,0.0,0.0,,26.36061900011555,manual
1768181107810,Sunny,Day,0.0,0.0,,25.626030000239552,manual
1768181107842,Sunny,Day,0.0,0.0,,26.011889000074007,manual
1768181107873,Sunny,Day,0.0,0.0,,26.130995999665174,manual
1768181107905,Sunny,Day,0.0,0.0,,25.773691000267718,manual
1768181107936,Sunny,Day,0.0,0.0,,26.711331000115024,manual
1768181107967,Sunny,Day,0.0,0.0,,25.209171999904356,manual
1768181108000,Sunny,Day,0.0,0.0,,27.521694999904867,manual
1768181108030,Sunny,Day,0.0,0.0,,25.293911000062508,manual
1768181108061,Sunny,Day,0.0,0.0,,26.14397800016377,manual
1768181108092,Sunny,Day,0.0,0.0,,22.537307999755285,manual
1768181108124,Sunny,Day,0.0,0.0,,26.18943900006343,manual
1768181108155,Sunny,Day,0.0,0.0,,25.31163200001174,manual
1768181108187,Sunny,Day,0.0,0.0,,25.685935999717913,manual
1768181108220,Sunny,Day,0.0,0.0,,26.590871999815135,manual
1768181108250,Sunny,Day,0.0,0.0,,25.647030000072846,manual
1768181108281,Sunny,Day,0.0,0.0,,25.688788000024942,manual
1768181108312,Sunny,Day,0.0,0.0,,26.176901999861002,manual
1768181108344,Sunny,Day,0.0,0.0,,25.35237199981566,manual
1768181108377,Sunny,Day,0.0,0.0,,27.358014999663283,manual
1768181108407,Sunny,Day,0.0,0.0,,26.285881000148947,manual
1768181108438,Sunny,Day,0.0,0.0,,26.612796999870625,manual
1768181108469,Sunny,Day,0.0,0.0,,26.155735999964236,manual
1768181108501,Sunny,Day,0.0,0.0,,25.921540000126697,manual
1768181108533,Sunny,Day,0.0,0.0,,26.69681199995466,manual
1768181108564,Sunny,Day,0.0,0.0,,23.636478000298666,manual
1768181108597,Sunny,Day,0.0,0.0,,27.308406000429386,manual
1768181108631,Sunny,Day,0.0,0.0,,27.04352499995366,manual
1768181108657,Sunny,Day,0.0,0.0,,16.15114700007325,manual
1768181108689,Sunny,Day,0.0,0.0,,26.075535000018135,manual
1768181108720,Sunny,Day,0.0,0.0,,28.3285049999904,manual
1768181108752,Sunny,Day,0.0,0.0,,26.53824299977714,manual
1768181108784,Sunny,Day,0.0,0.0,,26.320564999878115,manual
1768181108815,Sunny,Day,0.0,0.0,,27.448586999980762,manual
1768181108847,Sunny,Day,0.0,0.0,,27.276776999769936,manual
1768181108877,Sunny,Day,0.0,0.0,,24.587061000147514,manual
1768181108909,Sunny,Day,0.0,0.0,,27.52965799982121,manual
1768181108941,Sunny,Day,0.0,0.0,,27.050895000229502,manual
1768181108973,Sunny,Day,0.0,0.0,,25.930873000106658,manual
1768181109004,Sunny,Day,0.0,0.0,,25.415739999971265,manual
1768181109037,Sunny,Day,0.0,0.0,,26.957082999615523,manual
1768181109066,Sunny,Day,0.0,0.0,,23.215529000026436,manual
1768181109097,Sunny,Day,0.0,0.0,,25.55062600004021,manual
1768181109130,Sunny,Day,0.0,0.0,,27.79696600009629,manual
1768181109160,Sunny,Day,0.0,0.0,,25.59208699994997,manual
1768181109192,Sunny,Day,0.0,0.0,,26.120867999907205,manual
1768181109223,Sunny,Day,0.0,0.0,,26.803514000221185,manual
1768181109254,Sunny,Day,0.0,0.0,,27.214630999878864,manual
1768181109285,Sunny,Day,0.0,0.0,,24.571951000325498,manual
1768181109317,Sunny,Day,0.0,0.0,,26.516521999838005,manual
1768181109348,Sunny,Day,0.0,0.0,,27.18648399968515,manual
1768181109380,Sunny,Day,0.0,0.0,,27.140097000028618,manual
1768181109411,Sunny,Day,0.0,0.0,,26.218031000098563,manual
1768181109443,Sunny,Day,0.0,0.0,,26.700147000155994,manual
1768181109473,Sunny,Day,0.0,0.0,,25.094194999837782,manual
1768181109505,Sunny,Day,0.0,0.0,,28.005996000047162,manual
1768181109536,Sunny,Day,0.0,0.0,,26.37002700021185,manual
1768181109569,Sunny,Day,0.0,0.0,,25.92068800004199,manual
1768181109603,Sunny,Day,0.0,0.0,,23.051274999943416,manual
1768181109631,Sunny,Day,0.0,0.0,,21.158757000193873,manual
1768181109662,Sunny,Day,0.0,0.0,,26.58576100020582,manual
1768181109693,Sunny,Day,0.0,0.0,,25.568643000042357,manual
1768181109727,Sunny,Day,0.0,0.0,,28.666773000168178,manual
1768181109758,Sunny,Day,0.0,0.0,,23.174141000254167,manual
1768181109788,Sunny,Day,0.0,0.0,,24.543601000004855,manual
1768181109819,Sunny,Day,0.0,0.0,,25.87204200017368,manual
1768181109851,Sunny,Day,0.0,0.0,,25.842321000254742,manual
1768181109884,Sunny,Day,0.0,0.0,,27.608211999904597,manual
1768181109913,Sunny,Day,0.0,0.0,,23.722901999917667,manual
1768181109945,Sunny,Day,0.00026041666666666666,0.5208333333333334,,25.823618000231363,manual
1768181109977,Sunny,Day,0.0,0.0,,26.182050999977946,manual
1768181110008,Sunny,Day,0.00034722222222222224,0.6944444444444444,,25.023159999818745,manual
1768181110040,Sunny,Day,0.0,0.0,,24.748909999743773,manual
1768181110070,Sunny,Day,0.0,0.0,,25.40764900004433,manual
1768181110101,Sunny,Day,0.0,0.0,,25.775934000193956,manual
1768181110133,Sunny,Day,0.0,0.0,,26.36313799985146,manual
1768181110165,Sunny,Day,0.0,0.0,,26.151477999974304,manual
1768181110197,Sunny,Day,0.0,0.0,,26.70823999960703,manual
1768181110228,Sunny,Day,0.0,0.0,,24.9315339997338,manual
1768181110262,Sunny,Day,0.0,0.0,,28.814769000291562,manual
1768181110291,Sunny,Day,0.0,0.0,,23.688534000029904,manual
1768181110323,Sunny,Day,0.0,0.0,,25.80232199989041,manual
1768181110354,Sunny,Day,0.0009982638888888888,1.9965277777777777,,24.880369000129576,manual
1768181110385,Sunny,Day,0.0,0.0,,20.245303000137937,manual
1768181110417,Sunny,Day,0.0008680555555555555,1.736111111111111,,25.536052999996173,manual
1768181110448,Sunny,Day,0.0009548611111111111,1.909722222222222,,24.045318999924348,manual
1768181110478,Sunny,Day,0.0018663194444444445,3.7326388888888893,,23.603442999956314,manual
1768181110511,Sunny,Day,0.001171875,2.34375,,25.193859000410157,manual
1768181110542,Sunny,Day,0.0016927083333333334,3.385416666666667,,25.455425000018295,manual
1768181110572,Sunny,Day,0.001953125,3.90625,,25.106584000241128,manual
1768181110603,Sunny,Day,0.001953125,3.90625,,25.947911000002932,manual
1768181110635,Sunny,Day,0.002690972222222222,5.381944444444445,,26.262993999807804,manual
1768181110668,Sunny,Day,0.00234375,4.6875,,28.496390000327665,manual
1768181110699,Sunny,Day,0.003689236111111111,7.378472222222222,,25.235468999653676,manual
1768181110731,Sunny,Day,0.0019965277777777776,3.9930555555555554,,25.942707000012888,manual
1768181110762,Sunny,Day,0.002864583333333333,5.729166666666666,,25.680380999801855,manual
1768181110795,Sunny,Day,0.003993055555555555,7.986111111111111,,27.058210000177496,manual
1768181110825,Sunny,Day,0.00546875,10.9375,,24.270405000152095,manual
1768181110857,Sunny,Day,0.005946180555555555,11.89236111111111,,26.076703000398993,manual
1768181110887,Sunny,Day,0.002560763888888889,5.121527777777778,,24.900738000269484,manual
1768181110918,Sunny,Day,0.0067708333333333336,13.541666666666668,,25.724417000219546,manual
1768181110951,Sunny,Day,0.004774305555555556,9.548611111111112,,27.160560000083933,manual
1768181110981,Sunny,Day,0.004210069444444444,8.42013888888889,,24.51280500008579,manual
1768181111012,Sunny,Day,0.005902777777777778,11.805555555555555,,25.629402000049595,manual
1768181111043,Sunny,Day,0.008854166666666666,17.708333333333332,,26.254587000039464,manual
1768181111076,Sunny,Day,0.008333333333333333,16.666666666666668,,27.71258000029775,manual
1768181111107,Sunny,Day,0.006380208333333333,12.760416666666666,,25.011661000007734,manual
1768181111138,Sunny,Day,0.005381944444444444,10.76388888888889,,25.773305000257096,manual
1768181111171,Sunny,Day,0.0046875,9.375,,26.64059400012775,manual
1768181111203,Sunny,Day,0.007855902777777778,15.711805555555555,,25.8336000001691,manual
1768181111232,Sunny,Day,0.005902777777777778,11.805555555555555,,24.05278299966085,manual
1768181111264,Sunny,Day,0.004253472222222222,8.506944444444443,,26.367435999873123,manual
1768181111296,Sunny,Day,0.007118055555555555,14.23611111111111,,25.438203999783582,manual
1768181111327,Sunny,Day,0.005989583333333334,11.979166666666668,,25.801193000006606,manual
1768181111358,Sunny,Day,0.007118055555555555,14.23611111111111,,25.977429000249685,manual
1768181111390,Sunny,Day,0.005425347222222222,10.850694444444445,,25.822766000146657,manual
1768181111421,Sunny,Day,0.006336805555555556,12.67361111111111,,26.03214900000239,manual
1768181111455,Sunny,Day,0.007638888888888889,15.277777777777777,,26.829403000192542,manual
1768181111484,Sunny,Day,0.006336805555555556,12.67361111111111,,20.196286000100372,manual
1768181111514,Sunny,Day,0.006380208333333333,12.760416666666666,,24.6610789999977,manual
1768181111546,Sunny,Day,0.00703125,14.0625,,25.894005999816727,manual
1768181111577,Sunny,Day,0.008420138888888888,16.84027777777778,,25.201970000125584,manual
1768181111608,Sunny,Day,0.008072916666666667,16.145833333333336,,25.747916999989684,manual
1768181111640,Sunny,Day,0.007638888888888889,15.277777777777777,,26.15205300025991,manual
1768181111672,Sunny,Day,0.005512152777777778,11.024305555555557,,26.407674999973096,manual
1768181111703,Sunny,Day,0.007725694444444445,15.45138888888889,,26.226033000057214,manual
1768181111734,Sunny,Day,0.008029513888888888,16.059027777777775,,26.102351000190538,manual
1768181111770,Sunny,Day,0.007682291666666666,15.364583333333332,,29.940496000108396,manual
1768181111799,Sunny,Day,0.008854166666666666,17.708333333333332,,23.448058999747445,manual
1768181111829,Sunny,Day,0.014019097222222223,28.038194444444446,,25.13615799989566,manual
1768181111861,Sunny,Day,0.01115451388888889,22.30902777777778,,26.4809499999501,manual
1768181111892,Sunny,Day,0.009895833333333333,19.791666666666664,,25.164155999846116,manual
1768181111923,Sunny,Day,0.011588541666666667,23.177083333333336,,25.96385500010001,manual
1768181111955,Sunny,Day,0.008940972222222222,17.881944444444443,,26.18525600018984,manual
1768181111986,Sunny,Day,0.010763888888888889,21.52777777777778,,25.75641600014933,manual
1768181112018,Sunny,Day,0.011762152777777778,23.524305555555554,,27.88333499984219,auto
1768181112049,Sunny,Day,0.014887152777777777,29.774305555555554,,24.49062200003027,auto
1768181112082,Sunny,Day,0.015842013888888888,31.684027777777775,,27.31975999995484,auto
1768181112112,Sunny,Day,0.018098958333333335,36.19791666666667,,23.923046000163595,auto
1768181112143,Sunny,Day,0.019921875,39.84375,,24.545880000005127,auto
1768181112178,Sunny,Day,0.016536458333333334,33.072916666666664,,29.161834999740677,auto
1768181112208,Sunny,Day,0.016883680555555555,33.76736111111111,,23.705201000211673,auto
1768181112242,Sunny,Day,0.017144097222222224,34.28819444444445,,27.55969700001515,auto
1768181112271,Sunny,Day,0.020920138888888887,41.84027777777777,,22.99792499979958,auto
1768181112303,Sunny,Day,0.020963541666666665,41.92708333333333,,26.619744000072387,auto
1768181112331,Sunny,Day,0.019227430555555557,38.454861111111114,,22.444442000050913,auto
1768181112364,Sunny,Day,0.01987847222222222,39.75694444444444,,27.261909999651834,auto
1768181112399,Sunny,Day,0.01796875,35.9375,,26.209458999801427,auto
1768181112427,Sunny,Day,0.022135416666666668,44.270833333333336,,21.62035500032289,auto
1768181112458,Sunny,Day,0.018055555555555554,36.11111111111111,,24.024912999720982,auto
1768181112488,Sunny,Day,0.018012152777777776,36.02430555555555,,23.45655999988594,auto
1768181112519,Sunny,Day,0.017534722222222222,35.06944444444444,,25.29926399984106,auto
1768181112551,Sunny,Day,0.019097222222222224,38.19444444444445,,25.815822999902593,auto
1768181112584,Sunny,Day,0.018619791666666666,37.239583333333336,,27.82726299983551,auto
1768181112616,Sunny,Day,0.015190972222222222,30.381944444444443,,21.185831999900984,auto
1768181112646,Sunny,Day,0.018055555555555554,36.11111111111111,,22.49990299969795,auto
1768181112677,Sunny,Day,0.019053819444444446,38.10763888888889,,24.744836000081705,auto
1768181112709,Sunny,Day,0.017838541666666666,35.67708333333333,,26.131868999982544,auto
1768181112740,Sunny,Day,0.008203125,16.40625,,24.9416450001263,auto
1768181112771,Sunny,Day,0.006032986111111111,12.065972222222223,,25.65332699987266,auto
1768181112802,Sunny,Day,0.013541666666666667,27.083333333333336,,25.49385100019208,auto
1768181112834,Sunny,Day,0.019270833333333334,38.54166666666667,,26.290105000043695,auto
1768181112865,Sunny,Day,0.008767361111111111,17.53472222222222,,24.926387000050454,auto
1768181112897,Sunny,Day,0.006076388888888889,12.152777777777779,,25.79100900038611,auto
1768181112930,Sunny,Day,0.010633680555555556,21.26736111111111,,27.601658000094176,auto
1768181112959,Sunny,Day,0.016883680555555555,33.76736111111111,,23.518890999639552,auto
1768181112992,Sunny,Day,0.008463541666666666,16.927083333333332,,27.174634999937552,auto
1768181113022,Sunny,Day,0.004557291666666667,9.114583333333334,,24.359477999951196,auto
1768181113054,Sunny,Day,0.005902777777777778,11.805555555555555,,25.46405599969148,auto
1768181113085,Sunny,Day,0.008420138888888888,16.84027777777778,,26.20047800019165,auto
1768181113117,Sunny,Day,0.01032986111111111,20.65972222222222,,25.863673999992898,auto
1768181113149,Sunny,Day,0.006640625,13.28125,,25.750789000085206,auto
1768181113179,Sunny,Day,0.005598958333333333,11.197916666666666,,23.349230000349053,auto
1768181113212,Sunny,Day,0.011241319444444444,22.48263888888889,,27.387035999709042,auto
1768181113245,Sunny,Day,0.009635416666666667,19.270833333333336,,26.608245000261377,auto
1768181113273,Sunny,Day,0.0045138888888888885,9.027777777777777,,21.77801800007728,auto
1768181113304,Sunny,Day,0.004557291666666667,9.114583333333334,,25.54898000016692,auto
1768181113338,Sunny,Day,0.007725694444444445,15.45138888888889,,24.286369000037666,auto
1768181113368,Sunny,Day,0.01506076388888889,30.12152777777778,,20.601460999841947,auto
1768181113403,Sunny,Day,0.008029513888888888,16.059027777777775,,28.756106999935582,auto
1768181113432,Sunny,Day,0.0023003472222222223,4.600694444444445,,23.371007000150712,auto
1768181113462,Sunny,Day,0.009895833333333333,19.791666666666664,,24.41899400037073,auto
1768181113493,Sunny,Day,0.011024305555555556,22.048611111111114,,24.85959300020113,auto
1768181113525,Sunny,Day,0.010894097222222222,21.788194444444443,,26.84575599960226,auto
1768181113556,Sunny,Day,0.007291666666666667,14.583333333333334,,25.031716999819764,auto
1768181113587,Sunny,Day,0.007942708333333333,15.885416666666666,,26.151758000196423,auto
1768181113621,Sunny,Day,0.018272569444444445,36.54513888888889,,27.59456700005103,auto
1768181113651,Sunny,Day,0.019270833333333334,38.54166666666667,,24.1753170002994,auto
1768181113682,Sunny,Day,0.013628472222222222,27.256944444444446,,25.159343000268564,auto
1768181113713,Sunny,Day,0.012413194444444444,24.826388888888886,,25.58514499969533,auto
1768181113745,Sunny,Day,0.029513888888888888,59.02777777777778,,25.549553000018932,auto
1768181113776,Sunny,Day,0.031901041666666664,63.80208333333333,,24.3082570000297,auto
1768181113810,Sunny,Day,0.02456597222222222,49.13194444444444,-32.0,28.181216000120912,auto
1768181113840,Sunny,Day,0.020269097222222223,40.53819444444444,,22.91909499990652,auto
1768181113870,Sunny,Day,0.026041666666666668,52.083333333333336,,24.219408000135445,auto
1768181113901,Sunny,Day,0.02699652777777778,53.99305555555556,,25.37902199992459,auto
1768181113933,Sunny,Day,0.01545138888888889,30.90277777777778,,26.419027999963873,auto
1768181113965,Sunny,Day,0.007118055555555555,14.23611111111111,,25.718214999869815,auto
1768181113995,Sunny,Day,0.015885416666666666,31.770833333333332,,24.174834999939776,auto
1768181114029,Sunny,Day,0.018967013888888887,37.93402777777777,-16.0,27.523533000021416,auto
1768181114061,Sunny,Day,0.014192708333333333,28.385416666666668,,20.098161000078107,auto
1768181114090,Sunny,Day,0.015407986111111112,30.815972222222225,,23.33762000034767,auto
1768181114121,Sunny,Day,0.022265625,44.53125,,25.35824500000672,auto
1768181114152,Sunny,Day,0.030815972222222224,61.63194444444445,,26.404010000078415,auto
1768181114186,Sunny,Day,0.02131076388888889,42.62152777777778,,27.79098700011673,auto
1768181114217,Sunny,Day,0.011197916666666667,22.395833333333332,,25.12565999995786,auto
1768181114247,Sunny,Day,0.012586805555555556,25.17361111111111,,24.324904999957653,auto
1768181114279,Sunny,Day,0.013975694444444445,27.95138888888889,,20.341635000022507,auto
1768181114309,Sunny,Day,0.021875,43.75,,24.179613999876892,auto
1768181114342,Sunny,Day,0.02013888888888889,40.27777777777778,,26.423712999985582,auto
1768181114374,Sunny,Day,0.008897569444444444,17.79513888888889,,16.755371000272135,auto
1768181114403,Sunny,Day,0.014105902777777778,28.211805555555557,,22.918150999885256,auto
1768181114435,Sunny,Day,0.024522569444444444,49.045138888888886,,26.24308900021788,auto
1768181114471,Sunny,Day,0.013758680555555555,27.51736111111111,,30.508442999689578,auto
1768181114498,Sunny,Day,0.012803819444444444,25.60763888888889,,22.358168000209844,auto
1768181114530,Sunny,Day,0.005381944444444444,10.76388888888889,,25.09129000009125,auto
1768181114562,Sunny,Day,0.013975694444444445,27.95138888888889,,25.97563400013314,auto
1768181114593,Sunny,Day,0.01310763888888889,26.21527777777778,,25.16873200011105,auto
1768181114626,Sunny,Day,0.01484375,29.6875,,26.818293999895104,auto
1768181114657,Sunny,Day,0.008723958333333334,17.447916666666668,,24.706023999897297,auto
1768181114687,Sunny,Day,0.008680555555555556,17.36111111111111,,23.596666999765148,auto
1768181114718,Sunny,Day,0.008506944444444444,17.013888888888886,,25.396354999884352,auto
1768181114749,Sunny,Day,0.010416666666666666,20.833333333333332,,25.423447000321175,auto
1768181114783,Sunny,Day,0.007335069444444444,14.67013888888889,,26.6159300003892,auto
1768181114811,Sunny,Day,0.00625,12.5,,23.03714800018497,auto
1768181114843,Sunny,Day,0.017361111111111112,34.72222222222222,,25.59440499999255,auto
1768181114874,Sunny,Day,0.013237847222222222,26.475694444444443,,25.94419100023515,auto
1768181114906,Sunny,Day,0.011111111111111112,22.22222222222222,,26.181627999903867,auto
1768181114937,Sunny,Day,0.0008246527777777778,1.6493055555555556,,25.398651999694266,auto
1768181114969,Sunny,Day,0.004296875,8.59375,,25.681438999981765,auto
1768181115001,Sunny,Day,0.006814236111111111,13.628472222222223,,26.24268099998517,auto
1768181115034,Sunny,Day,0.0038628472222222224,7.725694444444445,,27.703674999884242,auto
1768181115067,Sunny,Day,0.0006510416666666666,1.3020833333333333,,26.11361199979001,auto
1768181115095,Sunny,Day,0.0019965277777777776,3.9930555555555554,,21.424455000214948,auto
1768181115126,Sunny,Day,0.003949652777777778,7.899305555555555,,25.49455600001238,auto
1768181115159,Sunny,Day,0.0024305555555555556,4.861111111111112,,27.048250999996526,auto
1768181115189,Sunny,Day,0.0,0.0,,24.280073999761953,auto
1768181115221,Sunny,Day,0.00078125,1.5625,,24.68613600012759,auto
1768181115252,Sunny,Day,0.0009114583333333333,1.8229166666666667,,22.08867699982875,auto
1768181115283,Sunny,Day,0.003081597222222222,6.163194444444445,,26.22418299961282,auto
1768181115315,Sunny,Day,0.004991319444444444,9.982638888888888,,19.244186999912927,auto
1768181115346,Sunny,Day,0.0,0.0,,24.8552230000314,auto
1768181115377,Sunny,Day,0.0013020833333333333,2.6041666666666665,,25.808823999796005,auto
1768181115409,Sunny,Day,0.0072048611111111115,14.409722222222223,,24.889148000056593,auto
1768181115442,Sunny,Day,0.003689236111111111,7.378472222222222,,27.072269000200322,auto
1768181115472,Sunny,Day,0.0010416666666666667,2.0833333333333335,,23.89117799975793,auto
1768181115503,Sunny,Day,0.00390625,7.8125,,24.85512999965067,auto
1768181115535,Sunny,Day,0.01171875,23.4375,,26.643077999779052,auto
1768181115565,Sunny,Day,0.010460069444444444,20.920138888888886,,23.79518099996858,auto
1768181115597,Sunny,Day,0.01032986111111111,20.65972222222222,,25.547498999912932,auto
1768181115628,Sunny,Day,0.013454861111111112,26.909722222222225,,25.683921000108967,auto
1768181115660,Sunny,Day,0.02048611111111111,40.97222222222222,,25.693384000078368,auto
1768181115693,Sunny,Day,0.029166666666666667,58.333333333333336,46.0,27.20020900005693,auto
1768181115723,Sunny,Day,0.021571180555555555,43.14236111111111,52.0,19.773744999838527,auto
1768181115755,Sunny,Day,0.02404513888888889,48.09027777777778,40.0,25.19808400029433,auto
1768181115787,Sunny,Day,0.03715277777777778,74.30555555555556,52.0,26.431157999923016,auto
1768181115817,Sunny,Day,0.051909722222222225,100.0,39.0,24.413921999894228,auto
1768181115852,Sunny,Day,0.055512152777777775,100.0,33.0,28.42991300030917,auto
1768181115881,Sunny,Day,0.06128472222222222,100.0,28.0,17.436406999877363,auto
1768181115910,Sunny,Day,0.06072048611111111,100.0,28.0,23.068147000230965,auto
1768181115942,Sunny,Day,0.06579861111111111,100.0,18.0,26.01361500001076,auto
1768181115973,Sunny,Day,0.0609375,100.0,10.0,26.023854999948526,auto
1768181116009,Sunny,Day,0.05182291666666667,100.0,5.0,29.474957000275026,auto
1768181116037,Sunny,Day,0.05295138888888889,100.0,4.0,22.2332829998777,auto
1768181116070,Sunny,Day,0.03984375,79.6875,-6.0,27.157692999935534,auto
1768181116099,Sunny,Day,0.034678819444444446,69.35763888888889,-11.0,18.51098599991019,auto
1768181116130,Sunny,Day,0.028645833333333332,57.291666666666664,-18.0,25.716735000059998,auto
1768181116164,Sunny,Day,0.028645833333333332,57.291666666666664,-6.0,25.997948999702203,auto
1768181116196,Sunny,Day,0.039453125,78.90625,-6.0,19.048488999942492,manual
1768181116226,Sunny,Day,0.037934027777777775,75.86805555555554,-13.0,24.015453000174602,manual
1768181116258,Sunny,Day,0.023741319444444443,47.482638888888886,-21.0,21.691615000236197,manual
1768181116291,Sunny,Day,0.025303819444444445,50.60763888888889,-6.0,27.30202200018539,manual
1768181116319,Sunny,Day,0.026041666666666668,52.083333333333336,-6.0,18.118794999736565,manual
1768181116350,Sunny,Day,0.03233506944444445,64.6701388888889,-20.0,25.528240999847185,manual
1768181116385,Sunny,Day,0.026128472222222223,52.25694444444444,-21.0,29.241334999824176,manual
1768181116414,Sunny,Day,0.018012152777777776,36.02430555555555,-9.0,22.823321000032593,manual
1768181116444,Sunny,Day,0.012630208333333334,25.260416666666668,,23.00157500030764,manual
1768181116476,Sunny,Day,0.019270833333333334,38.54166666666667,,27.57331000020713,manual
1768181116508,Sunny,Day,0.018967013888888887,37.93402777777777,,22.531330000219896,manual
1768181116538,Sunny,Day,0.012630208333333334,25.260416666666668,,24.89587099989876,manual
1768181116569,Sunny,Day,0.010546875,21.09375,,26.310217000172997,manual
1768181116603,Sunny,Day,0.017057291666666665,34.11458333333333,,28.059961999588268,manual
1768181116633,Sunny,Day,0.027126736111111112,54.25347222222222,-4.0,22.49825699982466,manual
1768181116667,Sunny,Day,0.027604166666666666,55.20833333333333,-10.0,22.280856000179483,manual
1768181116697,Sunny,Day,0.016102430555555554,32.20486111111111,,24.700784000287968,manual
1768181116729,Sunny,Day,0.023177083333333334,46.35416666666667,7.0,24.394366999786143,manual
1768181116759,Sunny,Day,0.03980034722222222,79.60069444444444,-2.0,23.289677999855485,manual
1768181116791,Sunny,Day,0.03198784722222222,63.975694444444436,-2.0,26.342439000018203,manual
1768181116823,Sunny,Day,0.02573784722222222,51.47569444444444,13.0,26.572247000331117,manual
1768181116853,Sunny,Day,0.03771701388888889,75.43402777777777,14.0,22.876689999975497,manual
1768181116884,Sunny,Day,0.04544270833333333,90.88541666666666,-2.0,26.37484500019127,manual
1768181116917,Sunny,Day,0.04470486111111111,89.40972222222223,11.0,27.116804999877786,manual
1768181116947,Sunny,Day,0.05269097222222222,100.0,22.0,24.603194000064832,manual
1768181116980,Sunny,Day,0.055078125,100.0,26.0,26.643151999905967,manual
1768181117012,Sunny,Day,0.05438368055555556,100.0,29.0,21.183666000069934,manual
1768181117041,Sunny,Day,0.05703125,100.0,32.0,24.590787999841268,manual
1768181117076,Sunny,Day,0.05091145833333333,100.0,32.0,29.79596599971046,manual
1768181117106,Sunny,Day,0.04986979166666667,99.73958333333334,38.0,22.07386200007022,manual
1768181117137,Sunny,Day,0.06254340277777778,100.0,41.0,27.61138400001073,manual
1768181117166,Sunny,Day,0.06935763888888889,100.0,48.0,25.087864999932208,manual
1768181117200,Sunny,Day,0.05855034722222222,100.0,46.0,29.130041999906098,manual
1768181117230,Sunny,Day,0.06111111111111111,100.0,46.0,18.212219000361074,manual
1768181117261,Sunny,Day,0.06410590277777778,100.0,52.0,24.964462000298226,manual
1768181117294,Sunny,Day,0.0734375,100.0,56.0,28.88530800009903,manual
1768181117325,Sunny,Day,0.07200520833333333,100.0,57.0,26.737556999705703,manual
1768181117355,Sunny,Day,0.06627604166666666,100.0,59.0,25.756623000233958,manual
1768181117389,Sunny,Day,0.069140625,100.0,61.0,28.791589000320528,manual
1768181117420,Sunny,Day,0.06484375,100.0,67.0,26.50248999998439,manual
1768181117450,Sunny,Day,0.07096354166666667,100.0,68.0,25.83565799977805,manual
1768181117484,Sunny,Day,0.0681423611111111,100.0,72.0,28.060906999598956,manual
1768181117513,Sunny,Day,0.06341145833333334,100.0,75.0,20.589165999808756,manual
1768181117544,Sunny,Day,0.06371527777777777,100.0,,26.214870000330848,manual
1768181117576,Sunny,Day,0.06462673611111111,100.0,-72.0,28.490764999787643,manual
1768181117607,Sunny,Day,0.05920138888888889,100.0,-72.0,22.241469000164216,manual
1768181117640,Sunny,Day,0.056206597222222224,100.0,-65.0,27.604865000284917,manual
1768181117669,Sunny,Day,0.058984375,100.0,-59.0,24.63336100026936,manual
1768181117700,Sunny,Day,0.06471354166666667,100.0,-56.0,26.037541000277997,manual
1768181117732,Sunny,Day,0.07144097222222222,100.0,-57.0,27.475276000132,manual
1768181117763,Sunny,Day,0.07243923611111111,100.0,-50.0,26.59943100024975,manual
1768181117797,Sunny,Day,0.0705295138888889,100.0,-46.0,28.463432000080502,manual
1768181117829,Sunny,Day,0.07439236111111111,100.0,-48.0,28.154849000202375,manual
1768181117857,Sunny,Day,0.07087673611111112,100.0,-43.0,25.092792000123154,manual
1768181117890,Sunny,Day,0.07439236111111111,100.0,-45.0,27.80113699964204,manual
1768181117922,Sunny,Day,0.073046875,100.0,-42.0,26.36860600023283,manual
1768181117953,Sunny,Day,0.07348090277777777,100.0,-36.0,26.601636000123108,manual
1768181117983,Sunny,Day,0.06736111111111111,100.0,-33.0,26.131927000278665,manual
1768181118015,Sunny,Day,0.06740451388888889,100.0,-35.0,26.51436099995408,manual
1768181118049,Sunny,Day,0.06332465277777778,100.0,-32.0,27.724807000140572,manual
1768181118077,Sunny,Day,0.061024305555555554,100.0,-24.0,24.116191000302933,manual
1768181118108,Sunny,Day,0.06597222222222222,100.0,-23.0,25.67955200038341,manual
1768181118140,Sunny,Day,0.07152777777777777,100.0,-34.0,28.29952999991292,manual
1768181118171,Sunny,Day,0.0578125,100.0,-33.0,24.71322900009909,manual
1768181118202,Sunny,Day,0.06197916666666667,100.0,-7.0,28.05288899980951,manual
1768181118235,Sunny,Day,0.07269965277777778,100.0,-26.0,27.543663999949786,manual
1768181118265,Sunny,Day,0.07365451388888888,100.0,-27.0,25.87967599993135,manual
1768181118303,Sunny,Day,0.07690972222222223,100.0,-23.0,32.46977699973286,manual
1768181118330,Sunny,Day,0.06918402777777778,100.0,-26.0,22.408964000078413,manual
1768181118363,Sunny,Day,0.0759548611111111,100.0,-20.0,26.62769099970319,manual
1768181118392,Sunny,Day,0.08450520833333333,100.0,-19.0,21.893108999847755,manual
1768181118423,Sunny,Day,0.08172743055555555,100.0,-20.0,25.16345599997294,manual
1768181118454,Sunny,Day,0.07717013888888889,100.0,-21.0,25.62705399986953,manual
1768181118485,Sunny,Day,0.09461805555555555,100.0,-18.0,25.715959000081057,manual
1768181118517,Sunny,Day,0.09344618055555555,100.0,-18.0,26.183499999660853,manual
1768181118548,Sunny,Day,0.09691840277777777,100.0,-17.0,25.29080399972372,manual
1768181118581,Sunny,Day,0.09131944444444444,100.0,-23.0,26.572341000246524,manual
1768181118611,Sunny,Day,0.09392361111111111,100.0,-17.0,25.93947000013941,auto
1768181118644,Sunny,Day,0.10625,100.0,-16.0,27.016160000130185,auto
1768181118675,Sunny,Day,0.0920138888888889,100.0,-16.0,24.128394999934244,auto
1768181118707,Sunny,Day,0.079296875,100.0,-19.0,24.08296999965387,auto
1768181118738,Sunny,Day,0.063671875,100.0,-24.0,25.435540999751538,auto
1768181118769,Sunny,Day,0.07478298611111112,100.0,-25.0,24.347350999960327,auto
1768181118800,Sunny,Day,0.08333333333333333,100.0,-16.0,24.472625000271364,auto
1768181118831,Sunny,Day,0.07174479166666667,100.0,-23.0,25.80177099980574,auto
1768181118863,Sunny,Day,0.06085069444444444,100.0,-24.0,25.047978999737097,auto
1768181118894,Sunny,Day,0.06401909722222222,100.0,-24.0,24.85559500019008,auto
1768181118925,Sunny,Day,0.07387152777777778,100.0,-25.0,25.6867749999401,auto
1768181118957,Sunny,Day,0.06705729166666667,100.0,-24.0,25.12042099988321,auto
1768181118989,Sunny,Day,0.05056423611111111,100.0,-24.0,24.863853999704588,auto
1768181119020,Sunny,Day,0.05603298611111111,100.0,-24.0,22.37644700016972,auto
1768181119055,Sunny,Day,0.06150173611111111,100.0,-35.0,29.466958999819326,auto
1768181119082,Sunny,Day,0.06553819444444445,100.0,-23.0,17.741936999755126,auto
1768181119114,Sunny,Day,0.04761284722222222,95.22569444444444,-24.0,26.16850100002921,auto
1768181119145,Sunny,Day,0.047135416666666666,94.27083333333333,-22.0,25.065516000267962,auto
1768181119178,Sunny,Day,0.046875,93.75,-33.0,26.900330999978905,auto
1768181119208,Sunny,Day,0.06323784722222223,100.0,-36.0,23.827071000141586,auto
1768181119240,Sunny,Day,0.05243055555555556,100.0,-24.0,25.287693999871408,auto
1768181119271,Sunny,Day,0.04722222222222222,94.44444444444444,-25.0,25.413727999875846,auto
1768181119302,Sunny,Day,0.04157986111111111,83.15972222222221,-33.0,25.757309999789868,auto
1768181119336,Sunny,Day,0.050347222222222224,100.0,-32.0,27.03788300004817,auto
1768181119365,Sunny,Day,0.04796006944444445,95.9201388888889,-20.0,16.989570000077947,auto
1768181119400,Sunny,Day,0.043229166666666666,86.45833333333333,-30.0,29.107414000009157,auto
1768181119427,Sunny,Day,0.034375,68.75,-30.0,20.014314000036393,auto
1768181119459,Sunny,Day,0.04852430555555556,97.04861111111111,-32.0,25.98747000001822,auto
1768181119491,Sunny,Day,0.05486111111111111,100.0,-30.0,26.578636999602168,auto
1768181119522,Sunny,Day,0.06584201388888888,100.0,-12.0,25.18686399980652,auto
1768181119555,Sunny,Day,0.05499131944444444,100.0,-28.0,26.217018000352255,auto
1768181119586,Sunny,Day,0.06471354166666667,100.0,-27.0,22.823434000201814,auto
1768181119618,Sunny,Day,0.07786458333333333,100.0,1.0,23.148405000029015,auto
1768181119648,Sunny,Day,0.07660590277777778,100.0,3.0,24.67500900002051,auto
1768181119682,Sunny,Day,0.07252604166666667,100.0,-21.0,27.883542999916244,auto
1768181119711,Sunny,Day,0.07838541666666667,100.0,-21.0,22.152083000037237,auto
1768181119742,Sunny,Day,0.07955729166666667,100.0,9.0,25.18260500028191,auto
1768181119777,Sunny,Day,0.08285590277777778,100.0,4.0,29.95292600007815,auto
1768181119804,Sunny,Day,0.0765625,100.0,-15.0,20.555150000291178,auto
1768181119836,Sunny,Day,0.0744357638888889,100.0,-16.0,25.63040599989108,auto
1768181119867,Sunny,Day,0.08350694444444444,100.0,13.0,23.528504999831057,auto
1768181119898,Sunny,Day,0.09071180555555555,100.0,-16.0,25.833011000031547,auto
1768181119932,Sunny,Day,0.08984375,100.0,13.0,23.795090000021446,auto
1768181119963,Sunny,Day,0.08988715277777778,100.0,9.0,23.863514000368014,auto
1768181119993,Sunny,Day,0.08776041666666666,100.0,14.0,24.03119400014475,auto
1768181120024,Sunny,Day,0.09470486111111111,100.0,15.0,24.980147999940527,auto
1768181120055,Sunny,Day,0.09596354166666667,100.0,11.0,25.861937000172475,auto
1768181120087,Sunny,Day,0.08524305555555556,100.0,-17.0,26.31123800028945,auto
1768181120119,Sunny,Day,0.08897569444444445,100.0,-3.0,26.13894700016317,auto
1768181120150,Sunny,Day,0.09609375,100.0,2.0,24.64021400010097,auto
1768181120183,Sunny,Day,0.09904513888888888,100.0,4.0,27.04743899994355,auto
1768181120213,Sunny,Day,0.09409722222222222,100.0,3.0,23.822496999855503,auto
1768181120244,Sunny,Day,0.09075520833333334,100.0,2.0,25.220475000423903,auto
1768181120275,Sunny,Day,0.090234375,100.0,2.0,19.388665999940713,auto
1768181120307,Sunny,Day,0.10108506944444444,100.0,4.0,25.216659999841795,auto
1768181120339,Sunny,Day,0.09639756944444444,100.0,1.0,26.538342999629094,auto
1768181120370,Sunny,Day,0.09175347222222222,100.0,-5.0,24.733582000408205,auto
1768181120402,Sunny,Day,0.09583333333333334,100.0,0.0,25.874102999750903,auto
1768181120433,Sunny,Day,0.09965277777777778,100.0,2.0,24.79443100037315,auto
1768181120464,Sunny,Day,0.09856770833333334,100.0,1.0,23.54624600002353,auto
1768181120495,Sunny,Day,0.09596354166666667,100.0,0.0,25.996395999754895,auto
1768181120526,Sunny,Day,0.10377604166666667,100.0,1.0,24.905001999741216,auto
1768181120557,Sunny,Day,0.10516493055555555,100.0,2.0,25.82695599994622,auto
1768181120590,Sunny,Day,0.1037326388888889,100.0,1.0,26.90929500022321,auto
1768181120624,Sunny,Day,0.09678819444444445,100.0,-1.0,27.415390999976808,auto
1768181120652,Sunny,Day,0.09835069444444444,100.0,0.0,22.561090999715816,auto
1768181120684,Sunny,Day,0.10481770833333333,100.0,-2.0,23.52967200022249,auto
1768181120716,Sunny,Day,0.1078125,100.0,1.0,26.18352000035884,auto
1768181120747,Sunny,Day,0.10069444444444445,100.0,-1.0,25.03575799983082,auto
1768181120778,Sunny,Day,0.09618055555555556,100.0,-3.0,25.789679999888904,auto
1768181120810,Sunny,Day,0.09800347222222222,100.0,-4.0,25.009684999986348,auto
1768181120840,Sunny,Day,0.10360243055555556,100.0,-1.0,24.828874999911932,auto
1768181120876,Sunny,Day,0.10225694444444444,100.0,-2.0,28.23614399994767,auto
1768181120903,Sunny,Day,0.09965277777777778,100.0,-3.0,21.449567999752617,auto
1768181120935,Sunny,Day,0.1037326388888889,100.0,-2.0,26.15403999971022,auto
1768181120966,Sunny,Day,0.105859375,100.0,-2.0,25.213234000148077,auto
1768181120997,Sunny,Day,0.1037326388888889,100.0,-2.0,24.992443999963143,auto
1768181121031,Sunny,Day,0.100390625,100.0,-2.0,27.413928999976633,auto
1768181121061,Sunny,Day,0.10104166666666667,100.0,-4.0,23.82170099963332,auto
1768181121092,Sunny,Day,0.10750868055555556,100.0,-1.0,25.282381000124587,auto
1768181121125,Sunny,Day,0.10030381944444444,100.0,-4.0,27.013420999992377,auto
1768181121155,Sunny,Day,0.10047743055555555,100.0,-4.0,24.1225999998278,auto
1768181121186,Sunny,Day,0.09487847222222222,100.0,-28.0,24.78337599995939,auto
1768181121217,Sunny,Day,0.10455729166666666,100.0,-2.0,20.055443000273954,auto
1768181121248,Sunny,Day,0.10703125,100.0,-1.0,24.359833999824332,auto
1768181121279,Sunny,Day,0.09900173611111111,100.0,-1.0,26.31990500003667,auto
1768181121311,Sunny,Day,0.09969618055555556,100.0,0.0,25.8687519999512,auto
1768181121344,Sunny,Day,0.09956597222222222,100.0,1.0,26.18746400003147,auto
1768181121374,Sunny,Day,0.10559895833333334,100.0,2.0,24.301816999923176,auto
1768181121406,Sunny,Day,0.10421006944444444,100.0,1.0,25.520226000026014,auto
1768181121439,Sunny,Day,0.10316840277777778,100.0,1.0,27.008200000182114,auto
1768181121469,Sunny,Day,0.10559895833333334,100.0,1.0,23.79025800019008,auto
1768181121500,Sunny,Day,0.10755208333333334,100.0,1.0,25.395246999778465,auto
1768181121531,Sunny,Day,0.10785590277777778,100.0,1.0,25.4375610002171,auto
1768181121564,Sunny,Day,0.10473090277777777,100.0,0.0,26.505214999815507,auto
1768181121595,Sunny,Day,0.10611979166666667,100.0,-1.0,25.16856900001585,auto
1768181121627,Sunny,Day,0.11397569444444444,100.0,1.0,25.90036199990209,auto
1768181121656,Sunny,Day,0.11419270833333334,100.0,1.0,22.93900599988774,auto
1768181121688,Sunny,Day,0.10881076388888888,100.0,1.0,26.010619000317092,auto
1768181121720,Sunny,Day,0.10759548611111111,100.0,1.0,26.289035999980115,auto
1768181121751,Sunny,Day,0.11163194444444445,100.0,1.0,25.392432999979064,auto
1768181121783,Sunny,Day,0.1171875,100.0,2.0,25.929212999926676,auto
1768181121815,Sunny,Day,0.11263020833333333,100.0,2.0,25.063886999760143,auto
1768181121845,Sunny,Day,0.10902777777777778,100.0,2.0,23.401844000090932,auto
1768181121877,Sunny,Day,0.11089409722222222,100.0,2.0,26.589414999762084,auto
1768181121907,Sunny,Day,0.11883680555555555,100.0,2.0,18.937013000140723,auto
1768181121939,Sunny,Day,0.11814236111111111,100.0,2.0,26.54932399991594,auto
1768181121972,Sunny,Day,0.11215277777777778,100.0,1.0,27.286599000035494,auto
1768181122003,Sunny,Day,0.11436631944444445,100.0,1.0,24.63934400020662,auto
1768181122034,Sunny,Day,0.11814236111111111,100.0,0.0,25.254900000163616,auto
1768181122066,Sunny,Day,0.12100694444444444,100.0,0.0,25.732405000326253,auto
1768181122097,Sunny,Day,0.1150173611111111,100.0,0.0,24.9558169998636,auto
1768181122131,Sunny,Day,0.1125,100.0,0.0,28.856108999661956,auto
1768181122158,Sunny,Day,0.11879340277777778,100.0,0.0,21.511214999918593,auto
1768181122192,Sunny,Day,0.12135416666666667,100.0,0.0,28.29342099994392,auto
1768181122221,Sunny,Day,0.11553819444444445,100.0,0.0,18.30666200021369,auto
1768181122255,Sunny,Day,0.11527777777777778,100.0,-1.0,27.17554700029723,auto
1768181122284,Sunny,Day,0.11714409722222222,100.0,-1.0,25.056832000245777,auto
1768181122316,Sunny,Day,0.11901041666666666,100.0,0.0,25.907641000230797,auto
1768181122350,Sunny,Day,0.12078993055555555,100.0,0.0,28.093631000047026,auto
1768181122380,Sunny,Day,0.11371527777777778,100.0,-1.0,24.507422000169754,auto
1768181122413,Sunny,Day,0.11796875,100.0,-1.0,26.94949800024915,auto
1768181122442,Sunny,Day,0.11788194444444444,100.0,-1.0,23.078001999692788,auto
1768181122472,Sunny,Day,0.11775173611111112,100.0,-1.0,19.842616000005364,auto
1768181122504,Sunny,Day,0.11419270833333334,100.0,-1.0,26.16555900021922,auto
1768181122537,Sunny,Day,0.1134982638888889,100.0,-2.0,27.561868999782746,auto
1768181122569,Sunny,Day,0.1174045138888889,100.0,-2.0,26.16253999985929,auto
1768181122599,Sunny,Day,0.12144097222222222,100.0,-1.0,23.33786400004101,auto
1768181122632,Sunny,Day,0.112109375,100.0,-2.0,26.84516800036363,auto
1768181122663,Sunny,Day,0.11115451388888889,100.0,-3.0,24.47058999996443,auto
1768181122693,Sunny,Day,0.11519097222222222,100.0,-2.0,24.908558999868546,auto
1768181122725,Sunny,Day,0.11918402777777778,100.0,-2.0,25.620574000186025,auto
1768181122761,Sunny,Day,0.11584201388888889,100.0,-2.0,27.59947899994586,auto
1768181122792,Sunny,Day,0.11419270833333334,100.0,-2.0,24.308206000114296,auto
1768181122819,Sunny,Day,0.11050347222222222,100.0,-1.0,21.24514899969654,auto
1768181122849,Sunny,Day,0.11814236111111111,100.0,-2.0,23.740908000036143,auto
1768181122880,Sunny,Day,0.11618923611111111,100.0,-2.0,25.82803099994635,auto
1768181122911,Sunny,Day,0.11228298611111111,100.0,-3.0,25.87771500020608,auto
1768181122946,Sunny,Day,0.10933159722222222,100.0,-2.0,29.14521100001366,auto
1768181122977,Sunny,Day,0.1150173611111111,100.0,-2.0,23.223553000207176,auto
1768181123008,Sunny,Day,0.11597222222222223,100.0,-2.0,24.55503300006967,auto
1768181123038,Sunny,Day,0.11197916666666667,100.0,-2.0,23.667983999985154,auto
1768181123070,Sunny,Day,0.10920138888888889,100.0,-2.0,25.936214000012114,auto
1768181123101,Sunny,Day,0.10842013888888889,100.0,-1.0,25.25315999992017,auto
1768181123135,Sunny,Day,0.11536458333333334,100.0,-2.0,28.140999999777705,auto
1768181123165,Sunny,Day,0.11553819444444445,100.0,-1.0,23.33342099973379,auto
1768181123198,Sunny,Day,0.1056857638888889,100.0,-1.0,27.476519999709126,auto
1768181123228,Sunny,Day,0.1111111111111111,100.0,-3.0,22.84637999991901,auto
1768181123259,Sunny,Day,0.11393229166666667,100.0,-2.0,24.924355000166543,auto
1768181123290,Sunny,Day,0.11762152777777778,100.0,-3.0,25.048241000149574,auto
1768181123323,Sunny,Day,0.11280381944444444,100.0,-2.0,26.878963999934058,auto
1768181123354,Sunny,Day,0.11302083333333333,100.0,-3.0,25.093832000038674,auto
1768181123385,Sunny,Day,0.11410590277777778,100.0,-2.0,25.79873700005919,auto
1768181123416,Sunny,Day,0.12105034722222222,100.0,-3.0,24.27854000006846,auto
1768181123447,Sunny,Day,0.11241319444444445,100.0,-3.0,24.73849100033476,auto
1768181123478,Sunny,Day,0.108984375,100.0,-3.0,24.39520400002948,auto
1768181123510,Sunny,Day,0.11080729166666667,100.0,-3.0,25.325177000013355,auto
1768181123542,Sunny,Day,0.11471354166666667,100.0,-3.0,26.1230969999815,auto
1768181123574,Sunny,Day,0.11688368055555555,100.0,-3.0,24.45166600000448,auto
1768181123606,Sunny,Day,0.1130642361111111,100.0,-3.0,25.008925999827625,auto
1768181123637,Sunny,Day,0.11345486111111111,100.0,-3.0,24.940948000221397,auto
1768181123667,Sunny,Day,0.11779513888888889,100.0,-3.0,23.963660999925196,auto
1768181123700,Sunny,Day,0.11636284722222222,100.0,-3.0,25.30232499975682,auto
1768181123729,Sunny,Day,0.11341145833333334,100.0,-4.0,22.93322800005626,auto
1768181123762,Sunny,Day,0.11124131944444444,100.0,-4.0,26.916019000054803,auto
1768181123793,Sunny,Day,0.1193576388888889,100.0,-4.0,21.00065700005871,auto
1768181123823,Sunny,Day,0.12018229166666666,100.0,-3.0,23.971401999915543,auto
1768181123855,Sunny,Day,0.11944444444444445,100.0,-4.0,25.291010000273673,auto
1768181123888,Sunny,Day,0.11714409722222222,100.0,-5.0,22.723365000274498,auto
1768181123918,Sunny,Day,0.11519097222222222,100.0,-5.0,22.95833899961508,auto
1768181123948,Sunny,Day,0.11809895833333334,100.0,-5.0,25.02814900026351,auto
1768181123980,Sunny,Day,0.11723090277777778,100.0,-5.0,26.121208999938972,auto
1768181124013,Sunny,Day,0.1150173611111111,100.0,-5.0,26.968238999870664,auto
1768181124044,Sunny,Day,0.10620659722222223,100.0,-6.0,24.81395099994188,auto
1768181124076,Sunny,Day,0.10993923611111112,100.0,-5.0,26.56652900031986,auto
1768181124107,Sunny,Day,0.11267361111111111,100.0,-5.0,25.117942000179028,auto
1768181124139,Sunny,Day,0.10980902777777778,100.0,-4.0,25.301474000116286,auto
1768181124166,Sunny,Day,0.10308159722222222,100.0,-6.0,22.0939199998611,auto
1768181124198,Sunny,Day,0.108203125,100.0,-6.0,26.554287999715598,auto
1768181124229,Sunny,Day,0.11536458333333334,100.0,-5.0,26.587695000216627,auto
1768181124260,Sunny,Day,0.10703125,100.0,-6.0,26.71241400003055,auto
1768181124292,Sunny,Day,0.10342881944444444,100.0,-6.0,26.66365599998244,auto
1768181124323,Sunny,Day,0.09869791666666666,100.0,-7.0,26.501198000005388,auto
1768181124355,Sunny,Day,0.10564236111111111,100.0,-57.0,27.08771700008583,auto
1768181124386,Sunny,Day,0.10642361111111111,100.0,-6.0,25.959102000342682,auto
1768181124418,Sunny,Day,0.11106770833333333,100.0,-5.0,26.926111000193487,auto
1768181124449,Sunny,Day,0.10876736111111111,100.0,-2.0,26.375350000307662,auto
1768181124480,Sunny,Day,0.10902777777777778,100.0,-1.0,26.835539999865432,auto
1768181124512,Sunny,Day,0.11297743055555555,100.0,0.0,27.033404000121664,auto
1768181124543,Sunny,Day,0.11223958333333334,100.0,0.0,25.201735999871744,auto
1768181124574,Sunny,Day,0.11141493055555556,100.0,53.0,26.558085000033316,auto
1768181124606,Sunny,Day,0.11215277777777778,100.0,-1.0,26.433717999680084,auto
1768181124638,Sunny,Day,0.11215277777777778,100.0,-2.0,25.985861000208388,auto
1768181124668,Sunny,Day,0.11163194444444445,100.0,-4.0,25.15414499976032,auto
1768181124701,Sunny,Day,0.112890625,100.0,-6.0,27.30682199990042,auto
1768181124731,Sunny,Day,0.11241319444444445,100.0,-7.0,24.99616800014337,auto
1768181124763,Sunny,Day,0.11401909722222223,100.0,-7.0,26.60717599974305,auto
1768181124796,Sunny,Day,0.11171875,100.0,-62.0,28.267589999813936,auto
1768181124826,Sunny,Day,0.10954861111111111,100.0,,21.22916799999075,auto
1768181124857,Sunny,Day,0.10759548611111111,100.0,,26.639193999926647,auto
1768181124889,Sunny,Day,0.10842013888888889,100.0,49.0,27.57496300000639,auto
1768181124920,Sunny,Day,0.10815972222222223,100.0,,20.05635200021061,auto
1768181124951,Sunny,Day,0.108203125,100.0,,26.642026999979862,auto
1768181124982,Sunny,Day,0.1095920138888889,100.0,,26.639471000180492,auto
1768181125014,Sunny,Day,0.10620659722222223,100.0,,26.63834199984194,auto
1768181125045,Sunny,Day,0.108203125,100.0,,25.783996999962255,auto
1768181125077,Sunny,Day,0.105859375,100.0,,26.805282000168518,auto
1768181125108,Sunny,Day,0.10390625,100.0,-7.0,27.199159000247164,auto
1768181125139,Sunny,Day,0.10217013888888889,100.0,-9.0,26.022619999821472,auto
1768181125171,Sunny,Day,0.10625,100.0,-10.0,26.606010000250535,auto
1768181125202,Sunny,Day,0.10577256944444445,100.0,-10.0,26.53645600003074,auto
1768181125234,Sunny,Day,0.10251736111111111,100.0,-30.0,26.762578999750986,auto
1768181125267,Sunny,Day,0.09926215277777778,100.0,-11.0,28.876553999907628,auto
1768181125297,Sunny,Day,0.101953125,100.0,,23.474139999962063,auto
1768181125328,Sunny,Day,0.10425347222222223,100.0,,26.633786999809672,auto
1768181125359,Sunny,Day,0.10577256944444445,100.0,,26.542345000052592,auto
1768181125391,Sunny,Day,0.10846354166666666,100.0,,26.755209999919316,auto
1768181125423,Sunny,Day,0.11341145833333334,100.0,52.0,28.093854999951873,auto
1768181125453,Sunny,Day,0.11375868055555556,100.0,53.0,23.71929899982206,auto
1768181125485,Sunny,Day,0.11167534722222222,100.0,54.0,26.382608999938384,auto
1768181125517,Sunny,Day,0.10368923611111111,100.0,52.0,27.30952599995362,auto
1768181125549,Sunny,Day,0.10060763888888889,100.0,,27.041941999868868,auto
1768181125580,Sunny,Day,0.09778645833333334,100.0,43.0,25.34417700007907,auto
1768181125611,Sunny,Day,0.100390625,100.0,-20.0,26.450865999777307,auto
1768181125644,Sunny,Day,0.10130208333333333,100.0,-24.0,27.15502999990349,auto
1768181125673,Sunny,Day,0.10733506944444444,100.0,3.0,24.180360000173096,auto
1768181125705,Sunny,Day,0.11332465277777778,100.0,3.0,26.548104000085004,auto
1768181125738,Sunny,Day,0.11336805555555556,100.0,3.0,29.239932000109548,auto
1768181125767,Sunny,Day,0.11419270833333334,100.0,2.0,24.18387799980337,auto
1768181125799,Sunny,Day,0.11627604166666666,100.0,2.0,26.77565300018614,auto
1768181125832,Sunny,Day,0.119140625,100.0,2.0,28.389735000018845,auto
1768181125862,Sunny,Day,0.12300347222222222,100.0,2.0,24.375204999614652,auto
1768181125893,Sunny,Day,0.12291666666666666,100.0,2.0,26.16700499993385,auto
1768181125924,Sunny,Day,0.12118055555555556,100.0,2.0,26.238410000132717,auto
1768181125956,Sunny,Day,0.12361111111111112,100.0,2.0,26.32785200012222,auto
1768181125989,Sunny,Day,0.12816840277777777,100.0,2.0,27.86936099982995,auto
1768181126018,Sunny,Day,0.12530381944444444,100.0,2.0,24.534312000014324,auto
1768181126050,Sunny,Day,0.12452256944444444,100.0,1.0,26.64136099974712,auto
1768181126081,Sunny,Day,0.12647569444444445,100.0,2.0,26.8439300002683,auto
1768181126113,Sunny,Day,0.13051215277777778,100.0,1.0,26.633028000105696,auto
1768181126144,Sunny,Day,0.1304253472222222,100.0,2.0,26.709117999871523,auto
1768181126176,Sunny,Day,0.1265625,100.0,1.0,26.48386600003505,auto
1768181126207,Sunny,Day,0.12821180555555556,100.0,0.0,26.635620999968523,auto
1768181126241,Sunny,Day,0.12977430555555555,100.0,0.0,28.7148550000893,auto
1768181126270,Sunny,Day,0.13363715277777777,100.0,0.0,23.536452999906032,auto
1768181126301,Sunny,Day,0.12730034722222222,100.0,-1.0,26.418718999593693,auto
1768181126333,Sunny,Day,0.1213107638888889,100.0,-1.0,26.36666599983073,auto
1768181126366,Sunny,Day,0.13333333333333333,100.0,0.0,28.23461000025418,auto
1768181126395,Sunny,Day,0.1328125,100.0,-1.0,24.33985500010749,auto
1768181126427,Sunny,Day,0.13090277777777778,100.0,0.0,27.130994999879476,auto
1768181126458,Sunny,Day,0.12842881944444445,100.0,-1.0,26.30520399998204,auto
1768181126493,Sunny,Day,0.12547743055555555,100.0,-1.0,30.179608999787888,auto
1768181126522,Sunny,Day,0.13420138888888888,100.0,0.0,22.265083000093,auto
1768181126553,Sunny,Day,0.1290798611111111,100.0,0.0,25.345991999984108,auto
1768181126585,Sunny,Day,0.127734375,100.0,-1.0,28.13611299961849,auto
1768181126615,Sunny,Day,0.12573784722222223,100.0,-1.0,19.169730999692547,auto
1768181126648,Sunny,Day,0.12964409722222223,100.0,-2.0,27.699884999947244,auto
1768181126678,Sunny,Day,0.13172743055555555,100.0,-1.0,24.965632999737863,auto
1768181126710,Sunny,Day,0.127734375,100.0,-1.0,26.4996070000052,auto
1768181126741,Sunny,Day,0.1252170138888889,100.0,-2.0,26.807097000073554,auto
1768181126773,Sunny,Day,0.129296875,100.0,-2.0,27.470650999930513,auto
1768181126803,Sunny,Day,0.13233506944444445,100.0,-2.0,25.572856000053434,auto
1768181126837,Sunny,Day,0.1263454861111111,100.0,-3.0,28.80540900014239,auto
1768181126867,Sunny,Day,0.12265625,100.0,-5.0,24.302430999796343,auto
1768181126900,Sunny,Day,0.12417534722222222,100.0,-4.0,28.42440099993837,auto
1768181126929,Sunny,Day,0.11875,100.0,-7.0,24.571570999796677,auto
1768181126961,Sunny,Day,0.12044270833333333,100.0,-5.0,26.46621900021273,auto
1768181126992,Sunny,Day,0.11336805555555556,100.0,-5.0,27.12295899982564,auto
1768181127024,Sunny,Day,0.10863715277777777,100.0,-5.0,26.573438000013994,auto
1768181127055,Sunny,Day,0.10876736111111111,100.0,-3.0,21.661285999925894,auto
1768181127086,Sunny,Day,0.10985243055555556,100.0,-2.0,26.277428999947006,auto
1768181127118,Sunny,Day,0.10924479166666666,100.0,-4.0,26.11315600006492,auto
1768181127149,Sunny,Day,0.10173611111111111,100.0,-1.0,26.41412799994214,auto
1768181127181,Sunny,Day,0.11158854166666667,100.0,-2.0,27.126755000153935,auto
1768181127212,Sunny,Day,0.10876736111111111,100.0,-1.0,26.048010000067734,auto
1768181127243,Sunny,Day,0.10920138888888889,100.0,-2.0,26.809004999904573,auto
1768181127275,Sunny,Day,0.10212673611111112,100.0,-2.0,26.654250999854412,auto
1768181127306,Sunny,Day,0.10247395833333334,100.0,-2.0,25.762332000340393,auto
1768181127338,Sunny,Day,0.09444444444444444,100.0,1.0,26.825968000139255,auto
1768181127369,Sunny,Day,0.10377604166666667,100.0,-2.0,25.96419599967703,auto
1768181127401,Sunny,Day,0.09487847222222222,100.0,-2.0,26.92829699981303,auto
1768181127433,Sunny,Day,0.0935329861111111,100.0,-2.0,28.217038000093453,auto
1768181127464,Sunny,Day,0.09713541666666667,100.0,0.0,23.344680999798584,auto
1768181127495,Sunny,Day,0.09340277777777778,100.0,1.0,24.483332999807317,auto
1768181127529,Sunny,Day,0.08875868055555555,100.0,0.0,29.259598999942682,auto
1768181127557,Sunny,Day,0.08988715277777778,100.0,-2.0,23.1303730001855,auto
1768181127589,Sunny,Day,0.085546875,100.0,0.0,26.65821299979143,auto
1768181127620,Sunny,Day,0.09040798611111112,100.0,-1.0,26.26589100009369,auto
1768181127652,Sunny,Day,0.08815104166666667,100.0,-1.0,26.58480799982499,auto
1768181127683,Sunny,Day,0.08368055555555555,100.0,-2.0,26.06182399995305,auto
1768181127714,Sunny,Day,0.0783420138888889,100.0,3.0,26.840078000077483,auto
1768181127746,Sunny,Day,0.08589409722222222,100.0,1.0,26.672065000184375,auto
1768181127779,Sunny,Day,0.08602430555555556,100.0,-1.0,28.37605100012297,auto
1768181127808,Sunny,Day,0.08198784722222222,100.0,-3.0,21.370053999817173,auto
1768181127840,Sunny,Day,0.07105034722222223,100.0,-10.0,26.78870999989158,auto
1768181127871,Sunny,Day,0.0763888888888889,100.0,-4.0,26.586585999666568,auto
1768181127903,Sunny,Day,0.08598090277777778,100.0,-2.0,26.552938000349968,auto
1768181127934,Sunny,Day,0.08997395833333334,100.0,-3.0,27.038794999953097,auto
1768181127966,Sunny,Day,0.08446180555555556,100.0,-3.0,26.834892999886506,auto
1768181127997,Sunny,Day,0.08485243055555555,100.0,-5.0,25.85034799994901,auto
1768181128029,Sunny,Day,0.10295138888888888,100.0,-4.0,26.517995999711275,auto
1768181128061,Sunny,Day,0.11423611111111111,100.0,-3.0,27.491244999964692,auto
1768181128093,Sunny,Day,0.11671006944444444,100.0,-1.0,27.824308999697678,auto
1768181128123,Sunny,Day,0.1267361111111111,100.0,-2.0,24.517147000096884,auto
1768181128154,Sunny,Day,0.12977430555555555,100.0,-2.0,25.766295999801514,auto
1768181128185,Sunny,Day,0.13224826388888888,100.0,-1.0,26.426757000081125,auto
1768181128216,Sunny,Day,0.13094618055555557,100.0,-1.0,26.17815400026302,auto
1768181128248,Sunny,Day,0.1325954861111111,100.0,-1.0,26.528310000230704,auto
1768181128279,Sunny,Day,0.13311631944444444,100.0,-2.0,26.2063200002558,auto
1768181128311,Sunny,Day,0.13671875,100.0,-1.0,26.248559999658028,auto
1768181128342,Sunny,Day,0.12790798611111112,100.0,-1.0,26.76210000026913,auto
1768181128373,Sunny,Day,0.12842881944444445,100.0,-2.0,25.594171000193455,auto
1768181128407,Sunny,Day,0.1322048611111111,100.0,-1.0,28.00400699970851,auto
1768181128436,Sunny,Day,0.13758680555555555,100.0,-1.0,18.981033000272873,auto
1768181128468,Sunny,Day,0.13159722222222223,100.0,-1.0,27.03423999992083,auto
1768181128499,Sunny,Day,0.12942708333333333,100.0,-2.0,26.60502999970049,auto
1768181128533,Sunny,Day,0.13389756944444445,100.0,-2.0,28.991219000090496,auto
1768181128562,Sunny,Day,0.13637152777777778,100.0,-1.0,21.804931000133365,auto
1768181128593,Sunny,Day,0.1329861111111111,100.0,-2.0,26.673176000258536,auto
1768181128625,Sunny,Day,0.13311631944444444,100.0,-2.0,26.60788200000752,auto
1768181128657,Sunny,Day,0.13111979166666668,100.0,-2.0,27.338156000041636,auto
1768181128687,Sunny,Day,0.13272569444444443,100.0,-2.0,25.697928000226966,auto
1768181128719,Sunny,Day,0.13307291666666668,100.0,-3.0,26.353964000009,auto
1768181128751,Sunny,Day,0.127734375,100.0,-3.0,26.716712000052212,auto
1768181128782,Sunny,Day,0.13012152777777777,100.0,-3.0,26.127802999781125,auto
1768181128813,Sunny,Day,0.133984375,100.0,-2.0,26.165542999933677,auto
1768181128845,Sunny,Day,0.1306423611111111,100.0,-2.0,27.524318000359926,auto
1768181128876,Sunny,Day,0.13033854166666667,100.0,-2.0,25.637743000061164,auto
1768181128908,Sunny,Day,0.12039930555555556,100.0,-2.0,26.40544299993053,auto
1768181128939,Sunny,Day,0.1267361111111111,100.0,-2.0,26.429757999721915,auto
1768181128970,Sunny,Day,0.13207465277777777,100.0,0.0,26.76904400004787,auto
1768181129002,Sunny,Day,0.12925347222222222,100.0,-1.0,26.643196000350144,auto
1768181129033,Sunny,Day,0.12278645833333333,100.0,0.0,26.59156800018536,auto
1768181129064,Sunny,Day,0.12118055555555556,100.0,-1.0,26.645065999673534,auto
1768181129096,Sunny,Day,0.12452256944444444,100.0,-1.0,27.135275000091497,auto
1768181129128,Sunny,Day,0.12504340277777778,100.0,-1.0,27.40700700041998,auto
1768181129162,Sunny,Day,0.12552083333333333,100.0,0.0,28.934442999798193,auto
1768181129195,Sunny,Day,0.12252604166666667,100.0,0.0,26.661009999770613,auto
1768181129225,Sunny,Day,0.12152777777777778,100.0,0.0,23.737707999771374,auto
1768181129257,Sunny,Day,0.12239583333333333,100.0,1.0,25.890606999837473,auto
1768181129287,Sunny,Day,0.12035590277777777,100.0,0.0,23.29266499964433,auto
1768181129320,Sunny,Day,0.11453993055555556,100.0,0.0,19.778120999944804,auto
1768181129352,Sunny,Day,0.11332465277777778,100.0,0.0,21.96707500024786,auto
1768181129382,Sunny,Day,0.116015625,100.0,1.0,21.127858999989257,auto
1768181129412,Sunny,Day,0.11662326388888888,100.0,1.0,23.1051710002248,auto
1768181129443,Sunny,Day,0.11597222222222223,100.0,1.0,26.028658999621257,auto
1768181129475,Sunny,Day,0.11566840277777778,100.0,1.0,25.448731000324187,auto
1768181129506,Sunny,Day,0.11549479166666667,100.0,0.0,25.342178999835596,auto
1768181129539,Sunny,Day,0.11848958333333333,100.0,0.0,26.6626580000775,auto
1768181129570,Sunny,Day,0.12252604166666667,100.0,0.0,25.707205000344402,auto
1768181129602,Sunny,Day,0.12109375,100.0,-1.0,26.09965600004216,auto
1768181129633,Sunny,Day,0.12482638888888889,100.0,-1.0,20.79712800014022,auto
1768181129666,Sunny,Day,0.12513020833333333,100.0,-1.0,28.041673000188894,auto
1768181129695,Sunny,Day,0.12356770833333333,100.0,-2.0,23.394570000164094,auto
1768181129727,Sunny,Day,0.12265625,100.0,-3.0,25.32758699999249,auto
1768181129759,Sunny,Day,0.12886284722222222,100.0,-3.0,26.541866000115988,auto
1768181129792,Sunny,Day,0.1306857638888889,100.0,-3.0,27.75068300024941,auto
1768181129822,Sunny,Day,0.130859375,100.0,-3.0,24.05741999973543,auto
1768181129853,Sunny,Day,0.126171875,100.0,-4.0,25.38238099987211,auto
1768181129884,Sunny,Day,0.12816840277777777,100.0,-4.0,25.56026499996733,auto
1768181129915,Sunny,Day,0.12721354166666668,100.0,-4.0,25.886477999847557,auto
1768181129947,Sunny,Day,0.12730034722222222,100.0,-3.0,26.73428599973704,auto
1768181129978,Sunny,Day,0.12439236111111111,100.0,-3.0,24.91259899989018,auto
1768181130010,Sunny,Day,0.12452256944444444,100.0,-2.0,26.184951000232104,auto
1768181130042,Sunny,Day,0.12981770833333334,100.0,-1.0,23.442513000190957,auto
1768181130073,Sunny,Day,0.13072916666666667,100.0,-1.0,25.21981300014886,auto
1768181130105,Sunny,Day,0.12747395833333333,100.0,-1.0,24.694679999811342,auto
1768181130136,Sunny,Day,0.12864583333333332,100.0,-1.0,25.71616900013396,auto
1768181130165,Sunny,Day,0.1314670138888889,100.0,-1.0,23.187798999970255,auto
1768181130197,Sunny,Day,0.13016493055555556,100.0,-2.0,25.649318999967363,auto
1768181130228,Sunny,Day,0.12834201388888888,100.0,-2.0,25.642115000209742,auto
1768181130260,Sunny,Day,0.12760416666666666,100.0,-1.0,26.523330000145506,auto
1768181130294,Sunny,Day,0.12513020833333333,100.0,-2.0,25.19660899997689,auto
1768181130325,Sunny,Day,0.12795138888888888,100.0,-2.0,25.563265000073443,auto
1768181130354,Sunny,Day,0.12803819444444445,100.0,-1.0,22.276658000009775,auto
1768181130387,Sunny,Day,0.1271701388888889,100.0,-2.0,25.97043899959317,auto
1768181130417,Sunny,Day,0.12400173611111111,100.0,-3.0,24.187565999909566,auto
1768181130450,Sunny,Day,0.13090277777777778,100.0,-1.0,26.853282999582007,auto
1768181130480,Sunny,Day,0.12582465277777777,100.0,-1.0,23.810613000023295,auto
1768181130511,Sunny,Day,0.12565104166666666,100.0,-1.0,25.79770300008022,auto
1768181130545,Sunny,Day,0.12022569444444445,100.0,-2.0,28.34336899968548,auto
1768181130575,Sunny,Day,0.12400173611111111,100.0,-2.0,23.332961000051,auto
1768181130606,Sunny,Day,0.12330729166666667,100.0,-1.0,25.68078099966442,auto
1768181130638,Sunny,Day,0.12165798611111112,100.0,0.0,24.995523000143294,auto
1768181130669,Sunny,Day,0.12287326388888889,100.0,0.0,25.212017000285414,auto
1768181130701,Sunny,Day,0.12434895833333333,100.0,0.0,27.00185200001215,auto
1768181130731,Sunny,Day,0.1284722222222222,100.0,0.0,24.01706999989983,auto
1768181130765,Sunny,Day,0.12565104166666666,100.0,1.0,27.628853000351228,auto
1768181130793,Sunny,Day,0.12387152777777778,100.0,0.0,23.041118000037386,auto
1768181130825,Sunny,Day,0.12504340277777778,100.0,1.0,25.796868999805156,auto
1768181130859,Sunny,Day,0.1271267361111111,100.0,1.0,28.99481199983711,auto
1768181130888,Sunny,Day,0.12938368055555555,100.0,1.0,17.241215000012744,auto
1768181130920,Sunny,Day,0.1234375,100.0,-1.0,25.66837399990618,auto
1768181130951,Sunny,Day,0.12126736111111111,100.0,-1.0,20.485767000081978,auto
1768181130982,Sunny,Day,0.12452256944444444,100.0,1.0,25.488249999852997,auto
1768181131013,Sunny,Day,0.122265625,100.0,0.0,25.86672000006729,auto
1768181131050,Sunny,Day,0.11875,100.0,0.0,30.34403299989208,auto
1768181131077,Sunny,Day,0.11805555555555555,100.0,1.0,20.1250559998698,auto
1768181131108,Sunny,Day,0.11805555555555555,100.0,0.0,25.270459999774175,auto
1768181131144,Sunny,Day,0.12122395833333334,100.0,0.0,29.46144700035802,auto
1768181131171,Sunny,Day,0.12048611111111111,100.0,0.0,20.488193000346655,auto
1768181131207,Sunny,Day,0.11888020833333333,100.0,0.0,29.897027999595593,auto
1768181131235,Sunny,Day,0.11766493055555556,100.0,-1.0,18.290091999915603,auto
1768181131267,Sunny,Day,0.12317708333333334,100.0,1.0,15.569800999855943,auto
1768181131295,Sunny,Day,0.12026909722222222,100.0,0.0,22.524948999944172,auto
1768181131329,Sunny,Day,0.11948784722222222,100.0,0.0,27.634946000034688,auto
1768181131360,Sunny,Day,0.11948784722222222,100.0,-1.0,24.844361999839748,auto
1768181131390,Sunny,Day,0.12230902777777777,100.0,1.0,23.600695000368432,auto
1768181131421,Sunny,Day,0.12135416666666667,100.0,0.0,26.390000999981567,auto
1768181131453,Sunny,Day,0.11883680555555555,100.0,-1.0,25.89788600016618,auto
1768181131484,Sunny,Day,0.11692708333333333,100.0,-1.0,25.12614899978871,auto
1768181131516,Sunny,Day,0.11961805555555556,100.0,0.0,25.916089000020293,auto
1768181131547,Sunny,Day,0.1203125,100.0,0.0,25.59852400008822,auto
1768181131579,Sunny,Day,0.11966145833333333,100.0,0.0,26.479979999749048,auto
1768181131610,Sunny,Day,0.11705729166666666,100.0,0.0,24.350060999950074,auto
1768181131644,Sunny,Day,0.11870659722222222,100.0,0.0,28.335702999811474,auto
1768181131676,Sunny,Day,0.1189236111111111,100.0,0.0,26.23911599994244,auto
1768181131704,Sunny,Day,0.11970486111111112,100.0,1.0,21.902650999891193,auto
1768181131737,Sunny,Day,0.11744791666666667,100.0,0.0,26.477127999896766,auto
1768181131769,Sunny,Day,0.11440972222222222,100.0,0.0,17.53752100012207,auto
1768181131799,Sunny,Day,0.11848958333333333,100.0,0.0,21.843522999915876,auto
1768181131831,Sunny,Day,0.11571180555555556,100.0,0.0,25.372290999712277,auto
1768181131863,Sunny,Day,0.11692708333333333,100.0,0.0,25.58226500013916,auto
1768181131896,Sunny,Day,0.11657986111111111,100.0,0.0,25.323309999748744,auto
1768181131924,Sunny,Day,0.11401909722222223,100.0,0.0,22.849420000056853,auto
1768181131957,Sunny,Day,0.11354166666666667,100.0,-1.0,27.23958699971263,auto
1768181131987,Sunny,Day,0.11002604166666667,100.0,-2.0,22.215660999790998,auto
1768181132018,Sunny,Day,0.11297743055555555,100.0,-2.0,25.031412000316777,auto
1768181132050,Sunny,Day,0.11032986111111111,100.0,-1.0,25.47945400010576,auto
1768181132083,Sunny,Day,0.11657986111111111,100.0,1.0,27.413822999733384,auto
1768181132113,Sunny,Day,0.11783854166666667,100.0,0.0,23.445477000223036,auto
1768181132144,Sunny,Day,0.11323784722222222,100.0,-1.0,25.06748499990863,auto
1768181132177,Sunny,Day,0.11158854166666667,100.0,-1.0,24.604683000234218,auto
1768181132207,Sunny,Day,0.11345486111111111,100.0,0.0,17.599926000002597,auto
1768181132238,Sunny,Day,0.11397569444444444,100.0,0.0,25.28577500015672,auto
1768181132270,Sunny,Day,0.11480034722222222,100.0,0.0,25.379290000273613,auto
1768181132301,Sunny,Day,0.11124131944444444,100.0,0.0,26.248432000102184,auto
1768181132334,Sunny,Day,0.11453993055555556,100.0,1.0,27.34089999967182,auto
1768181132365,Sunny,Day,0.1150173611111111,100.0,1.0,23.22426099999575,auto
1768181132395,Sunny,Day,0.11640625,100.0,1.0,24.781271000392735,auto
1768181132426,Sunny,Day,0.11623263888888889,100.0,2.0,25.52873099966746,auto
1768181132459,Sunny,Day,0.11701388888888889,100.0,2.0,27.289937999739777,auto
1768181132492,Sunny,Day,0.11510416666666666,100.0,2.0,26.50958999993236,auto
1768181132521,Sunny,Day,0.11471354166666667,100.0,1.0,21.2425230001827,auto
1768181132554,Sunny,Day,0.11167534722222222,100.0,1.0,26.722048000010545,auto
1768181132586,Sunny,Day,0.11710069444444444,100.0,1.0,26.442574000157038,auto
1768181132615,Sunny,Day,0.11610243055555555,100.0,1.0,22.48704199973872,auto
1768181132647,Sunny,Day,0.11866319444444444,100.0,2.0,26.053289000174118,auto
1768181132680,Sunny,Day,0.11783854166666667,100.0,1.0,27.403675000186922,auto
1768181132709,Sunny,Day,0.11723090277777778,100.0,1.0,22.82477300013852,auto
1768181132741,Sunny,Day,0.11731770833333334,100.0,1.0,25.449492000007012,auto
1768181132776,Sunny,Day,0.12005208333333334,100.0,1.0,29.705460000059247,auto
1768181132804,Sunny,Day,0.11831597222222222,100.0,1.0,22.146516000248084,auto
1768181132835,Sunny,Day,0.11566840277777778,100.0,0.0,25.540451999859215,auto
1768181132866,Sunny,Day,0.11480034722222222,100.0,1.0,25.729725000019243,auto
1768181132900,Sunny,Day,0.11814236111111111,100.0,1.0,28.584417999809375,auto
1768181132928,Sunny,Day,0.11801215277777778,100.0,0.0,21.798673999910534,auto
1768181132960,Sunny,Day,0.11423611111111111,100.0,0.0,26.44931499980885,auto
1768181132992,Sunny,Day,0.11653645833333333,100.0,0.0,25.610301999677176,auto
1768181133025,Sunny,Day,0.11302083333333333,100.0,-1.0,26.381336000213196,auto
1768181133055,Sunny,Day,0.11536458333333334,100.0,1.0,23.758967999583547,auto
1768181133086,Sunny,Day,0.11471354166666667,100.0,0.0,24.738144000366447,auto
1768181133120,Sunny,Day,0.1150173611111111,100.0,-1.0,27.04285300023912,auto
1768181133149,Sunny,Day,0.11762152777777778,100.0,-1.0,19.529943999714305,auto
1768181133182,Sunny,Day,0.12018229166666666,100.0,0.0,27.246310000009544,auto
1768181133211,Sunny,Day,0.12417534722222222,100.0,0.0,21.217061999777798,auto
1768181133243,Sunny,Day,0.12044270833333333,100.0,0.0,25.490454000191676,auto
1768181133275,Sunny,Day,0.12200520833333334,100.0,-1.0,26.249691999964853,auto
1768181133308,Sunny,Day,0.12348090277777778,100.0,0.0,21.06089900007646,auto
1768181133337,Sunny,Day,0.12339409722222222,100.0,-1.0,19.13812299972051,auto
1768181133369,Sunny,Day,0.1208767361111111,100.0,-1.0,26.29309700023441,auto
1768181133400,Sunny,Day,0.121484375,100.0,-1.0,20.930348000092636,auto
1768181133431,Sunny,Day,0.12178819444444444,100.0,-2.0,25.216350999926362,auto
1768181133463,Sunny,Day,0.12122395833333334,100.0,-2.0,25.969811000322807,auto
1768181133495,Sunny,Day,0.12126736111111111,100.0,-1.0,25.954144000024826,auto
1768181133526,Sunny,Day,0.11822916666666666,100.0,-2.0,25.30925600012779,auto
1768181133557,Sunny,Day,0.123828125,100.0,-2.0,24.790623000171763,auto
1768181133589,Sunny,Day,0.12235243055555556,100.0,-2.0,26.067697000144108,auto
1768181133620,Sunny,Day,0.12252604166666667,100.0,-3.0,25.983921000261034,auto
1768181133651,Sunny,Day,0.12061631944444444,100.0,-2.0,25.37436499960677,auto
1768181133683,Sunny,Day,0.11866319444444444,100.0,-3.0,25.618838999889704,auto
1768181133716,Sunny,Day,0.12243923611111111,100.0,-3.0,27.659872000185715,auto
1768181133746,Sunny,Day,0.11901041666666666,100.0,-2.0,23.9605169999777,auto
1768181133778,Sunny,Day,0.118359375,100.0,-2.0,26.471500000297965,auto
1768181133809,Sunny,Day,0.11762152777777778,100.0,-3.0,25.667672000054154,auto
1768181133840,Sunny,Day,0.12209201388888889,100.0,-2.0,25.29755199975625,auto
1768181133870,Sunny,Day,0.12152777777777778,100.0,-3.0,25.259552999614243,auto
1768181133903,Sunny,Day,0.1189236111111111,100.0,-3.0,27.328197000315413,auto
1768181133934,Sunny,Day,0.11866319444444444,100.0,-3.0,24.712995999834675,auto
1768181133965,Sunny,Day,0.11961805555555556,100.0,-3.0,24.500428000010288,auto
1768181133997,Sunny,Day,0.11966145833333333,100.0,-3.0,26.56897899987598,auto
1768181134029,Sunny,Day,0.11909722222222222,100.0,-4.0,23.462069999823143,auto
1768181134060,Sunny,Day,0.12061631944444444,100.0,-3.0,23.493143999985477,auto
1768181134091,Sunny,Day,0.12078993055555555,100.0,-3.0,25.222685000244383,auto
1768181134124,Sunny,Day,0.11861979166666667,100.0,-4.0,27.626818000044295,auto
1768181134153,Sunny,Day,0.11957465277777778,100.0,-3.0,23.194484999748965,auto
1768181134184,Sunny,Day,0.11762152777777778,100.0,-4.0,25.3506069998366,auto
1768181134215,Sunny,Day,0.11688368055555555,100.0,-3.0,26.03206899993893,auto
1768181134247,Sunny,Day,0.11488715277777778,100.0,-4.0,26.233395999952336,auto
1768181134280,Sunny,Day,0.11401909722222223,100.0,-4.0,27.934716999880038,auto
1768181134313,Sunny,Day,0.11302083333333333,100.0,-4.0,26.55129400000078,auto
1768181134344,Sunny,Day,0.11228298611111111,100.0,-5.0,22.14012800004639,auto
1768181134375,Sunny,Day,0.11063368055555556,100.0,-5.0,24.576056000114477,auto
1768181134405,Sunny,Day,0.112109375,100.0,-4.0,24.01764700016429,auto
1768181134437,Sunny,Day,0.11297743055555555,100.0,-5.0,25.34394099984638,auto
1768181134468,Sunny,Day,0.11098090277777778,100.0,-50.0,25.18033500018646,auto
1768181134499,Sunny,Day,0.10911458333333333,100.0,-50.0,25.134909999906085,auto
1768181134534,Sunny,Day,0.10885416666666667,100.0,-50.0,29.751477999980125,auto
1768181134562,Sunny,Day,0.10499131944444444,100.0,-46.0,22.070776999953523,auto
1768181134594,Sunny,Day,0.09444444444444444,100.0,-41.0,26.28681999976834,auto
1768181134627,Sunny,Day,0.09266493055555555,100.0,-35.0,27.894032000403968,auto
1768181134657,Sunny,Day,0.09149305555555555,100.0,-30.0,23.236114000155794,auto
1768181134688,Sunny,Day,0.08893229166666666,100.0,-25.0,25.32138600008693,auto
1768181134721,Sunny,Day,0.08823784722222222,100.0,-21.0,27.6734829999441,auto
1768181134751,Sunny,Day,0.08637152777777778,100.0,-17.0,21.527201000026253,auto
1768181134782,Sunny,Day,0.08385416666666666,100.0,-14.0,24.387746000229527,auto
1768181134813,Sunny,Day,0.08294270833333334,100.0,-12.0,25.717744999838033,auto
1768181134844,Sunny,Day,0.08342013888888888,100.0,-12.0,25.8106679998491,auto
1768181134876,Sunny,Day,0.08272569444444444,100.0,-12.0,26.4288159996795,auto
1768181134909,Sunny,Day,0.08259548611111112,100.0,-12.0,26.823749000413954,auto
1768181134943,Sunny,Day,0.08168402777777778,100.0,-12.0,28.348519000246597,auto
1768181134970,Sunny,Day,0.0822482638888889,100.0,-12.0,20.13142699979653,auto
1768181135004,Sunny,Day,0.08103298611111111,100.0,-11.0,26.36455899983048,auto
1768181135034,Sunny,Day,0.08051215277777778,100.0,-11.0,20.76314999976603,auto
1768181135065,Sunny,Day,0.07977430555555555,100.0,-11.0,15.571914000247489,auto
1768181135095,Sunny,Day,0.07947048611111111,100.0,-11.0,24.225548000231356,auto
1768181135129,Sunny,Day,0.08012152777777778,100.0,-11.0,28.339927999695647,auto
1768181135158,Sunny,Day,0.08020833333333334,100.0,-11.0,23.06752599997708,auto
1768181135190,Sunny,Day,0.07725694444444445,100.0,-10.0,26.169879999997647,auto
1768181135221,Sunny,Day,0.07664930555555556,100.0,-9.0,25.07689300000493,auto
1768181135253,Sunny,Day,0.07473958333333333,100.0,-8.0,26.050549999581563,auto
1768181135284,Sunny,Day,0.07534722222222222,100.0,-7.0,25.370976999965933,auto
1768181135315,Sunny,Day,0.075,100.0,-7.0,25.72885600011432,auto
1768181135349,Sunny,Day,0.07330729166666666,100.0,-7.0,28.517718999864883,auto
1768181135378,Sunny,Day,0.07313368055555555,100.0,-7.0,22.69244500030254,auto
1768181135409,Sunny,Day,0.073828125,100.0,-7.0,26.140769999983604,auto
1768181135442,Sunny,Day,0.07339409722222222,100.0,-8.0,26.94465400008994,auto
1768181135475,Sunny,Day,0.07265625,100.0,-8.0,26.654476999738108,auto
1768181135504,Sunny,Day,0.07217881944444444,100.0,-8.0,23.49921799986987,auto
1768181135538,Sunny,Day,0.07313368055555555,100.0,-9.0,27.79461000000083,auto
1768181135573,Sunny,Day,0.07330729166666666,100.0,-8.0,28.777211000033276,auto
1768181135598,Sunny,Day,0.07131076388888889,100.0,-8.0,18.224149999696238,auto
1768181135629,Sunny,Day,0.07191840277777778,100.0,-8.0,25.862463000066782,auto
1768181135663,Sunny,Day,0.07313368055555555,100.0,-8.0,28.16078500018193,auto
1768181135692,Sunny,Day,0.07369791666666667,100.0,-9.0,23.346869999841147,auto
1768181135728,Sunny,Day,0.071484375,100.0,-9.0,30.67239599977256,auto
1768181135757,Sunny,Day,0.07105034722222223,100.0,-9.0,23.222095999699377,auto
1768181135787,Sunny,Day,0.07243923611111111,100.0,-9.0,23.971648000042478,auto
1768181135817,Sunny,Day,0.071875,100.0,-8.0,24.506818000190833,auto
1768181135850,Sunny,Day,0.07139756944444445,100.0,-8.0,26.946523999868077,auto
1768181135881,Sunny,Day,0.07183159722222222,100.0,-8.0,25.944367999727547,auto
1768181135912,Sunny,Day,0.07161458333333333,100.0,-8.0,23.97661099985271,auto
1768181135946,Sunny,Day,0.07239583333333334,100.0,-8.0,24.387988000398764,auto
1768181135977,Sunny,Day,0.07235243055555556,100.0,-8.0,16.62090099989655,auto
1768181136006,Sunny,Day,0.07196180555555555,100.0,-8.0,23.40720100028193,auto
1768181136037,Sunny,Day,0.07261284722222222,100.0,-8.0,24.80003199980274,auto
1768181136069,Sunny,Day,0.07100694444444444,100.0,-7.0,25.016100000357255,auto
1768181136100,Sunny,Day,0.07369791666666667,100.0,-7.0,25.235815000087314,auto
1768181136132,Sunny,Day,0.07131076388888889,100.0,-7.0,26.671884000279533,auto
1768181136166,Sunny,Day,0.07000868055555555,100.0,-8.0,28.02878900001815,auto
1768181136196,Sunny,Day,0.07135416666666666,100.0,-7.0,25.05991299995003,auto
1768181136226,Sunny,Day,0.07309027777777778,100.0,-8.0,23.723099999642727,auto
1768181136260,Sunny,Day,0.071484375,100.0,-7.0,29.410007000024052,auto
1768181136289,Sunny,Day,0.06922743055555555,100.0,-8.0,23.29322499963382,auto
1768181136320,Sunny,Day,0.07196180555555555,100.0,-8.0,25.019544000315364,auto
1768181136352,Sunny,Day,0.07309027777777778,100.0,-8.0,26.055586999973457,auto
1768181136384,Sunny,Day,0.07139756944444445,100.0,-7.0,26.423928999975033,auto
1768181136414,Sunny,Day,0.071484375,100.0,-7.0,24.538206000215723,auto
1768181136446,Sunny,Day,0.07118055555555555,100.0,-6.0,25.555676000294625,auto
1768181136477,Sunny,Day,0.07269965277777778,100.0,-6.0,25.49149300011777,auto
1768181136508,Sunny,Day,0.07217881944444444,100.0,-5.0,25.475845000073605,auto
1768181136540,Sunny,Day,0.06861979166666667,100.0,-5.0,24.393209999743704,auto
1768181136574,Sunny,Day,0.06710069444444444,100.0,-5.0,27.38619599995218,auto
1768181136603,Sunny,Day,0.07100694444444444,100.0,-5.0,15.305755000099452,auto
1768181136634,Sunny,Day,0.07074652777777778,100.0,-5.0,25.880129999677592,auto
1768181136665,Sunny,Day,0.0705295138888889,100.0,-5.0,25.9699409998575,auto
1768181136697,Sunny,Day,0.06870659722222222,100.0,-6.0,26.412484000047698,auto
1768181136729,Sunny,Day,0.07118055555555555,100.0,-6.0,25.679635999949824,auto
1768181136760,Sunny,Day,0.07291666666666667,100.0,-6.0,25.599822999993194,auto
1768181136794,Sunny,Day,0.07044270833333334,100.0,-7.0,28.549588000259973,auto
1768181136823,Sunny,Day,0.06940104166666666,100.0,-7.0,23.026565999771265,auto
1768181136855,Sunny,Day,0.06558159722222222,100.0,-7.0,26.158177000070282,auto
1768181136889,Sunny,Day,0.06506076388888889,100.0,-8.0,25.29883199986216,auto
1768181136916,Sunny,Day,0.06783854166666667,100.0,-7.0,18.309759000203485,auto
1768181136949,Sunny,Day,0.06506076388888889,100.0,-7.0,28.4789610000189,auto
1768181136983,Sunny,Day,0.064453125,100.0,-7.0,28.295298999637453,auto
1768181137013,Sunny,Day,0.06510416666666667,100.0,-7.0,24.192345999836107,auto
1768181137043,Sunny,Day,0.06666666666666667,100.0,-7.0,23.87361499995677,auto
1768181137074,Sunny,Day,0.06653645833333334,100.0,-7.0,25.93611099973714,auto
1768181137105,Sunny,Day,0.06666666666666667,100.0,-7.0,25.599509000130638,auto
1768181137137,Sunny,Day,0.06293402777777778,100.0,-7.0,26.203212999917014,auto
1768181137168,Sunny,Day,0.06614583333333333,100.0,-6.0,25.80540999997538,auto
1768181137201,Sunny,Day,0.06453993055555556,100.0,-6.0,18.309852000129467,auto
1768181137231,Sunny,Day,0.06506076388888889,100.0,-6.0,24.874826000086614,auto
1768181137263,Sunny,Day,0.06701388888888889,100.0,-6.0,26.076272999944194,auto
1768181137295,Sunny,Day,0.06545138888888889,100.0,-6.0,26.415392000217253,auto
1768181137325,Sunny,Day,0.066796875,100.0,-6.0,22.616781999658997,auto
1768181137356,Sunny,Day,0.06575520833333333,100.0,-7.0,24.881400000140275,auto
1768181137388,Sunny,Day,0.0627170138888889,100.0,-9.0,26.437318000262167,auto
1768181137420,Sunny,Day,0.06462673611111111,100.0,-9.0,26.407393000226875,auto
1768181137451,Sunny,Day,0.06675347222222222,100.0,-10.0,23.858781999933854,auto
1768181137482,Sunny,Day,0.06927083333333334,100.0,-10.0,25.10852299974431,auto
1768181137514,Sunny,Day,0.06558159722222222,100.0,-11.0,25.831000999914977,auto
1768181137545,Sunny,Day,0.06484375,100.0,-12.0,24.969805000182532,auto
1768181137579,Sunny,Day,0.06675347222222222,100.0,-13.0,25.265315000069677,auto
1768181137608,Sunny,Day,0.07044270833333334,100.0,-13.0,22.887273999913305,auto
1768181137639,Sunny,Day,0.06584201388888888,100.0,-13.0,24.7821070001919,auto
1768181137672,Sunny,Day,0.06540798611111111,100.0,-13.0,27.2150910000164,auto
1768181137701,Sunny,Day,0.06783854166666667,100.0,-12.0,23.35742700006449,auto
1768181137733,Sunny,Day,0.06584201388888888,100.0,-10.0,25.358090000281663,auto
1768181137764,Sunny,Day,0.0661892361111111,100.0,-8.0,25.210464999872784,auto
1768181137798,Sunny,Day,0.06653645833333334,100.0,-7.0,28.60812500011889,auto
1768181137832,Sunny,Day,0.06536458333333334,100.0,-5.0,21.933801000159292,auto
1768181137859,Sunny,Day,0.06940104166666666,100.0,-5.0,19.424485999934404,auto
1768181137891,Sunny,Day,0.06940104166666666,100.0,-5.0,25.692654000067705,auto
1768181137923,Sunny,Day,0.06970486111111111,100.0,-4.0,25.73650500016811,auto
1768181137952,Sunny,Day,0.0685763888888889,100.0,-4.0,21.336875000088185,auto
1768181137985,Sunny,Day,0.07074652777777778,100.0,-5.0,27.619709000191506,auto
1768181138019,Sunny,Day,0.06905381944444444,100.0,-4.0,27.76759399966977,auto
1768181138047,Sunny,Day,0.069140625,100.0,-5.0,22.218571999928827,auto
1768181138078,Sunny,Day,0.06453993055555556,100.0,-5.0,24.94302900004186,auto
1768181138111,Sunny,Day,0.06710069444444444,100.0,-5.0,27.010541999970883,auto
1768181138142,Sunny,Day,0.06935763888888889,100.0,-6.0,21.73934399979771,auto
1768181138172,Sunny,Day,0.06818576388888889,100.0,-6.0,25.207002000115608,auto
1768181138205,Sunny,Day,0.06584201388888888,100.0,-6.0,26.96628400008194,auto
1768181138235,Sunny,Day,0.06588541666666667,100.0,-6.0,24.97915699996156,auto
1768181138276,Sunny,Day,0.0700954861111111,100.0,-6.0,28.558404000250448,auto
1768181138298,Sunny,Day,0.06684027777777778,100.0,-6.0,13.704876000247168,auto
1768181138330,Sunny,Day,0.06666666666666667,100.0,-6.0,25.39757099975759,auto
1768181138361,Sunny,Day,0.06558159722222222,100.0,-6.0,25.630823000028613,auto
1768181138393,Sunny,Day,0.06766493055555556,100.0,-6.0,26.629053000306158,auto
1768181138424,Sunny,Day,0.06536458333333334,100.0,-6.0,24.85664200003157,auto
1768181138455,Sunny,Day,0.06592881944444444,100.0,-6.0,25.83889100014858,auto
1768181138486,Sunny,Day,0.06671006944444445,100.0,-6.0,24.50046800004202,auto
1768181138518,Sunny,Day,0.06853298611111111,100.0,-6.0,26.32197000002634,auto
1768181138551,Sunny,Day,0.06822916666666666,100.0,-6.0,27.54637800035198,auto
1768181138583,Sunny,Day,0.0661892361111111,100.0,-6.0,26.090902999840182,auto
1768181138614,Sunny,Day,0.0671875,100.0,-6.0,19.450855999821215,auto
1768181138643,Sunny,Day,0.06579861111111111,100.0,-6.0,20.443456000066362,auto
1768181138675,Sunny,Day,0.0671875,100.0,-7.0,26.256155999817565,auto
1768181138706,Sunny,Day,0.067578125,100.0,-7.0,25.334036000003834,auto
1768181138738,Sunny,Day,0.06723090277777778,100.0,-7.0,26.9051559998843,auto
1768181138771,Sunny,Day,0.06888020833333333,100.0,-7.0,21.401540000169916,auto
1768181138800,Sunny,Day,0.06961805555555556,100.0,-7.0,22.564486999726796,auto
1768181138832,Sunny,Day,0.06935763888888889,100.0,-7.0,26.206843000181834,auto
1768181138864,Sunny,Day,0.07065972222222222,100.0,-7.0,27.2205539999959,auto
1768181138897,Sunny,Day,0.06848958333333334,100.0,-6.0,27.87697899975683,auto
1768181138926,Sunny,Day,0.06944444444444445,100.0,-6.0,23.156024999934743,auto
1768181138958,Sunny,Day,0.07013888888888889,100.0,-7.0,25.150764000045456,auto
1768181138989,Sunny,Day,0.07000868055555555,100.0,-7.0,25.834686999587575,auto
1768181139024,Sunny,Day,0.06831597222222222,100.0,-7.0,29.479543999968882,auto
1768181139054,Sunny,Day,0.070703125,100.0,-7.0,24.683314000412793,auto
1768181139086,Sunny,Day,0.07243923611111111,100.0,-7.0,26.083144000040193,auto
1768181139115,Sunny,Day,0.07161458333333333,100.0,-7.0,23.467294000056427,auto
1768181139147,Sunny,Day,0.07161458333333333,100.0,-8.0,25.932722000106878,auto
1768181139179,Sunny,Day,0.07447916666666667,100.0,-8.0,20.80192800031,auto
1768181139209,Sunny,Day,0.07417534722222222,100.0,-8.0,19.407191000027524,auto
1768181139240,Sunny,Day,0.07560763888888888,100.0,-8.0,26.188104000084422,auto
1768181139272,Sunny,Day,0.07664930555555556,100.0,-9.0,26.119531999938772,auto
1768181139303,Sunny,Day,0.07756076388888888,100.0,-9.0,24.88658599986593,auto
1768181139337,Sunny,Day,0.0818142361111111,100.0,-8.0,28.465481999774056,auto
1768181139365,Sunny,Day,0.08350694444444444,100.0,-9.0,22.371216000010463,auto
1768181139397,Sunny,Day,0.0842013888888889,100.0,-8.0,27.26764599992748,auto
1768181139430,Sunny,Day,0.08628472222222222,100.0,-8.0,26.4115039999524,auto
1768181139460,Sunny,Day,0.087890625,100.0,-8.0,23.985928000001877,auto
1768181139491,Sunny,Day,0.09032118055555556,100.0,-8.0,25.039008000021568,auto
1768181139524,Sunny,Day,0.09765625,100.0,-8.0,19.082348000210914,auto
1768181139554,Sunny,Day,0.09943576388888889,100.0,-8.0,24.751738000304613,auto
1768181139588,Sunny,Day,0.10212673611111112,100.0,-7.0,27.414512000177638,auto
1768181139617,Sunny,Day,0.10729166666666666,100.0,-8.0,23.132525999699283,auto
1768181139648,Sunny,Day,0.1109375,100.0,-7.0,25.881278999804636,auto
1768181139680,Sunny,Day,0.11072048611111111,100.0,-8.0,25.647711999681633,auto
1768181139712,Sunny,Day,0.10768229166666667,100.0,-8.0,20.6593759999123,auto
1768181139743,Sunny,Day,0.10833333333333334,100.0,-10.0,24.817848000111553,auto
1768181139774,Sunny,Day,0.10920138888888889,100.0,-11.0,25.756801000170526,auto
1768181139805,Sunny,Day,0.10772569444444445,100.0,-11.0,24.958195999715826,auto
1768181139838,Sunny,Day,0.10546875,100.0,-12.0,27.597136000167666,auto
1768181139870,Sunny,Day,0.1056857638888889,100.0,-14.0,26.093458000104874,auto
1768181139899,Sunny,Day,0.10455729166666666,100.0,-14.0,22.515674000260333,auto
1768181139932,Sunny,Day,0.10243055555555555,100.0,-15.0,27.19283299984454,auto
1768181139964,Sunny,Day,0.10143229166666666,100.0,-15.0,25.75213500040263,auto
1768181139994,Sunny,Day,0.10043402777777778,100.0,-16.0,23.50197899977502,auto
1768181140025,Sunny,Day,0.09986979166666667,100.0,-16.0,25.698821999867505,auto
1768181140057,Sunny,Day,0.10008680555555556,100.0,-16.0,25.51597599995148,auto
1768181140089,Sunny,Day,0.09930555555555555,100.0,-17.0,26.688329999615235,auto
1768181140120,Sunny,Day,0.09700520833333333,100.0,-16.0,25.421053000172833,auto
1768181140151,Sunny,Day,0.09856770833333334,100.0,-17.0,25.526031000026705,auto
1768181140183,Sunny,Day,0.09756944444444444,100.0,-17.0,26.33708099983778,auto
1768181140215,Sunny,Day,0.09848090277777778,100.0,-17.0,25.42003400003523,auto
1768181140246,Sunny,Day,0.09752604166666666,100.0,-17.0,25.434847999804333,auto
1768181140277,Sunny,Day,0.09652777777777778,100.0,-17.0,24.490228000104253,auto
1768181140308,Sunny,Day,0.09670138888888889,100.0,-17.0,25.83557700017991,auto
1768181140340,Sunny,Day,0.097265625,100.0,-17.0,25.900075000208744,auto
1768181140371,Sunny,Day,0.09748263888888889,100.0,-17.0,24.95513999974719,auto
1768181140403,Sunny,Day,0.09600694444444445,100.0,-17.0,26.038201000119443,auto
1768181140435,Sunny,Day,0.09713541666666667,100.0,-17.0,26.42250500002774,auto
1768181140466,Sunny,Day,0.09752604166666666,100.0,-17.0,18.162042999847472,auto
1768181140496,Sunny,Day,0.09769965277777778,100.0,-17.0,15.125113000067358,auto
1768181140527,Sunny,Day,0.09631076388888889,100.0,-17.0,25.803893000102107,auto
1768181140560,Sunny,Day,0.09752604166666666,100.0,-17.0,27.09322600003361,auto
1768181140590,Sunny,Day,0.09700520833333333,100.0,-17.0,24.137311999766098,auto
1768181140621,Sunny,Day,0.09756944444444444,100.0,-17.0,25.554381999882025,auto
1768181140656,Sunny,Day,0.09700520833333333,100.0,-17.0,27.164112999798817,auto
1768181140685,Sunny,Day,0.09683159722222222,100.0,-17.0,18.628565999733837,auto
1768181140716,Sunny,Day,0.09735243055555555,100.0,-17.0,24.11994300018705,auto
1768181140747,Sunny,Day,0.09765625,100.0,-17.0,25.707229000090592,auto
1768181140779,Sunny,Day,0.097265625,100.0,-17.0,15.788907999649382,auto
1768181140810,Sunny,Day,0.09670138888888889,100.0,-17.0,24.9241780002194,auto
1768181140842,Sunny,Day,0.097265625,100.0,-17.0,26.215603000309784,auto
1768181140874,Sunny,Day,0.09778645833333334,100.0,-17.0,26.907915999800025,auto
1768181140905,Sunny,Day,0.09609375,100.0,-16.0,25.393646000338777,auto
1768181140936,Sunny,Day,0.09539930555555555,100.0,-16.0,25.468865999755508,auto
1768181140969,Sunny,Day,0.09587673611111111,100.0,-14.0,27.317775000028632,auto
1768181141000,Sunny,Day,0.09574652777777778,100.0,-13.0,23.552737000045454,auto
1768181141030,Sunny,Day,0.09539930555555555,100.0,-12.0,23.246747000030155,auto
1768181141064,Sunny,Day,0.09453125,100.0,-12.0,28.619329999855836,auto
1768181141095,Sunny,Day,0.09513888888888888,100.0,-11.0,21.084531999804312,auto
1768181141124,Sunny,Day,0.09544270833333333,100.0,-11.0,22.617874999923515,auto
1768181141155,Sunny,Day,0.0959201388888889,100.0,-11.0,25.35642500015456,auto
1768181141188,Sunny,Day,0.09444444444444444,100.0,-11.0,26.165993999711645,auto
1768181141218,Sunny,Day,0.09401041666666667,100.0,-11.0,25.118247000136762,auto
1768181141253,Sunny,Day,0.09578993055555556,100.0,-11.0,28.20119399984833,auto
1768181141283,Sunny,Day,0.09609375,100.0,-11.0,23.40709300005983,auto
1768181141312,Sunny,Day,0.09639756944444444,100.0,-12.0,23.30515199992078,auto
1768181141344,Sunny,Day,0.09522569444444444,100.0,-11.0,26.1383469996872,auto
1768181141377,Sunny,Day,0.09626736111111112,100.0,-12.0,18.262022000271827,auto
1768181141407,Sunny,Day,0.09626736111111112,100.0,-11.0,22.065743999974075,auto
1768181141438,Sunny,Day,0.09561631944444444,100.0,-11.0,24.91667900039829,auto
1768181141471,Sunny,Day,0.09609375,100.0,-11.0,28.163694999875588,auto
1768181141502,Sunny,Day,0.09661458333333334,100.0,-11.0,24.700463000044692,auto
1768181141532,Sunny,Day,0.096875,100.0,-11.0,23.461407000013423,auto
1768181141565,Sunny,Day,0.09735243055555555,100.0,-12.0,27.196204000119906,auto
1768181141597,Sunny,Day,0.09644097222222223,100.0,-12.0,20.649377999689023,auto
1768181141628,Sunny,Day,0.09678819444444445,100.0,-12.0,15.676023000196437,auto
1768181141658,Sunny,Day,0.09644097222222223,100.0,-12.0,23.78548900014721,auto
1768181141689,Sunny,Day,0.09544270833333333,100.0,-12.0,25.096006999774545,auto
1768181141722,Sunny,Day,0.09348958333333333,100.0,-12.0,27.005265999832773,auto
1768181141752,Sunny,Day,0.09309895833333333,100.0,-12.0,24.698981000256026,auto
1768181141785,Sunny,Day,0.09223090277777778,100.0,-12.0,27.720189000319806,auto
1768181141815,Sunny,Day,0.09262152777777778,100.0,-11.0,20.895314999961556,auto
1768181141846,Sunny,Day,0.09097222222222222,100.0,-11.0,26.12792099989747,auto
1768181141881,Sunny,Day,0.08993055555555556,100.0,-10.0,29.088204999879963,auto
1768181141909,Sunny,Day,0.0896267361111111,100.0,-9.0,19.352804999925866,auto
1768181141940,Sunny,Day,0.08975694444444444,100.0,-8.0,17.411825000181125,auto
1768181141972,Sunny,Day,0.08932291666666667,100.0,-7.0,25.724988000092708,auto
1768181142004,Sunny,Day,0.09058159722222223,100.0,-7.0,26.874937000229693,auto
1768181142035,Sunny,Day,0.08927951388888888,100.0,-6.0,25.406109999948967,auto
1768181142069,Sunny,Day,0.091015625,100.0,-6.0,28.353411999887612,auto
1768181142099,Sunny,Day,0.09049479166666667,100.0,-6.0,24.467915000059293,auto
1768181142131,Sunny,Day,0.09019097222222222,100.0,-6.0,23.708028999863018,auto
1768181142161,Sunny,Day,0.08936631944444444,100.0,-16.0,24.190997000005154,auto
1768181142194,Sunny,Day,0.08832465277777778,100.0,-15.0,27.082542000243848,auto
1768181142226,Sunny,Day,0.0875,100.0,-14.0,23.997557999791752,auto
1768181142254,Sunny,Day,0.0861545138888889,100.0,-12.0,23.153581999849848,auto
1768181142288,Sunny,Day,0.08441840277777778,100.0,-10.0,29.702707000069495,auto
1768181142319,Sunny,Day,0.08350694444444444,100.0,-8.0,24.962937999589485,auto
1768181142350,Sunny,Day,0.08012152777777778,100.0,-5.0,24.251198999991175,auto
1768181142381,Sunny,Day,0.08038194444444445,100.0,2.0,24.862550999841915,auto
1768181142411,Sunny,Day,0.07738715277777777,100.0,3.0,24.53902300021582,auto
1768181142443,Sunny,Day,0.0703125,100.0,3.0,25.649029000305745,auto
1768181142474,Sunny,Day,0.06714409722222223,100.0,2.0,25.890150999657635,auto
1768181142507,Sunny,Day,0.06749131944444445,100.0,0.0,27.41599499995573,auto
1768181142543,Sunny,Day,0.06666666666666667,100.0,-2.0,27.365293000002566,auto
1768181142569,Sunny,Day,0.06536458333333334,100.0,-4.0,13.482457999998587,auto
1768181142602,Sunny,Day,0.06510416666666667,100.0,-5.0,26.915342999927816,auto
1768181142633,Sunny,Day,0.0640625,100.0,-7.0,16.69878900020194,auto
1768181142662,Sunny,Day,0.063671875,100.0,-8.0,24.047038999924553,auto
1768181142697,Sunny,Day,0.06449652777777778,100.0,-9.0,29.944346999855043,auto
1768181142725,Sunny,Day,0.06323784722222223,100.0,-10.0,21.906730999944557,auto
1768181142757,Sunny,Day,0.06354166666666666,100.0,-10.0,26.213937999727932,auto
1768181142788,Sunny,Day,0.06323784722222223,100.0,-9.0,25.148079999780748,auto
1768181142821,Sunny,Day,0.06349826388888889,100.0,-8.0,26.980526999977883,auto
1768181142851,Sunny,Day,0.06050347222222222,100.0,-7.0,24.747721000039746,auto
1768181142884,Sunny,Day,0.060980902777777776,100.0,-7.0,27.17644599988489,auto
1768181142915,Sunny,Day,0.06059027777777778,100.0,-6.0,24.497192000126233,auto
1768181142946,Sunny,Day,0.059375,100.0,-5.0,20.416403000126593,auto
1768181142976,Sunny,Day,0.05920138888888889,100.0,-5.0,24.101257999973313,auto
1768181143009,Sunny,Day,0.05876736111111111,100.0,-5.0,27.303925000069285,auto
1768181143039,Sunny,Day,0.059375,100.0,-5.0,19.546835999790346,auto
1768181143070,Sunny,Day,0.05933159722222222,100.0,-5.0,25.847523000265937,auto
1768181143103,Sunny,Day,0.058159722222222224,100.0,-5.0,27.907445000437292,auto
1768181143134,Sunny,Day,0.05855034722222222,100.0,-5.0,24.552560999836714,auto
1768181143165,Sunny,Day,0.058203125,100.0,-6.0,24.80892399989898,auto
1768181143197,Sunny,Day,0.058333333333333334,100.0,-6.0,25.947427000119205,auto
1768181143230,Sunny,Day,0.05807291666666667,100.0,-6.0,26.638870000169845,auto
1768181143260,Sunny,Day,0.05750868055555555,100.0,-7.0,20.94822099979865,auto
1768181143291,Sunny,Day,0.05763888888888889,100.0,-8.0,24.80459099979271,auto
1768181143322,Sunny,Day,0.05802951388888889,100.0,-8.0,25.627102999806084,auto
1768181143356,Sunny,Day,0.05698784722222222,100.0,-8.0,28.548888999921473,auto
1768181143384,Sunny,Day,0.05759548611111111,100.0,-8.0,22.73170599983132,auto
1768181143419,Sunny,Day,0.0578125,100.0,-8.0,28.580942999724357,auto
1768181143449,Sunny,Day,0.05750868055555555,100.0,-7.0,22.96427400005996,auto
1768181143480,Sunny,Day,0.057421875,100.0,-7.0,22.373846999926172,auto
1768181143514,Sunny,Day,0.05768229166666667,100.0,-7.0,24.26919800018368,auto
1768181143542,Sunny,Day,0.05737847222222222,100.0,-7.0,21.713439999984985,auto
1768181143573,Sunny,Day,0.056727430555555555,100.0,-6.0,24.899624999761727,auto
1768181143608,Sunny,Day,0.05716145833333333,100.0,-6.0,28.886898000109795,auto
1768181143636,Sunny,Day,0.05720486111111111,100.0,-5.0,22.519156999806,auto
1768181143668,Sunny,Day,0.057074652777777776,100.0,-5.0,25.996166999902925,auto
1768181143700,Sunny,Day,0.056727430555555555,100.0,-4.0,26.165847000356734,auto
1768181143730,Sunny,Day,0.05642361111111111,100.0,-4.0,17.437138999866875,auto
1768181143761,Sunny,Day,0.05759548611111111,100.0,-4.0,18.06513899964557,auto
1768181143793,Sunny,Day,0.05568576388888889,100.0,-4.0,26.180625000051805,auto
1768181143824,Sunny,Day,0.055338541666666664,100.0,-4.0,25.44734899993273,auto
1768181143855,Sunny,Day,0.05568576388888889,100.0,-4.0,16.910227999687777,auto
1768181143886,Sunny,Day,0.05473090277777778,100.0,-5.0,25.81102500016641,auto
1768181143920,Sunny,Day,0.05447048611111111,100.0,-5.0,28.19897299968943,auto
1768181143951,Sunny,Day,0.05407986111111111,100.0,-6.0,23.590070999944146,auto
1768181143982,Sunny,Day,0.05559895833333333,100.0,-6.0,25.4944590001287,auto
1768181144013,Sunny,Day,0.05590277777777778,100.0,-6.0,24.719611999898916,auto
1768181144045,Sunny,Day,0.05407986111111111,100.0,-6.0,27.073358000052394,auto
1768181144078,Sunny,Day,0.05407986111111111,100.0,-7.0,25.468108000040957,auto
1768181144107,Sunny,Day,0.05381944444444445,100.0,-7.0,23.731454999960988,auto
1768181144141,Sunny,Day,0.05412326388888889,100.0,-8.0,29.016709000188712,auto
1768181144172,Sunny,Day,0.05538194444444444,100.0,-8.0,24.623428999802854,auto
1768181144202,Sunny,Day,0.05464409722222222,100.0,-9.0,23.410632000377518,auto
1768181144234,Sunny,Day,0.05347222222222222,100.0,-10.0,25.66454700036047,auto
1768181144266,Sunny,Day,0.054036458333333336,100.0,-10.0,20.41332999988299,auto
1768181144296,Sunny,Day,0.05538194444444444,100.0,-11.0,23.464833999696566,auto
1768181144327,Sunny,Day,0.055078125,100.0,-11.0,25.911983999776567,auto
1768181144359,Sunny,Day,0.05399305555555556,100.0,-10.0,26.25573399973291,auto
1768181144389,Sunny,Day,0.05629340277777778,100.0,-9.0,25.285726000220166,auto
1768181144422,Sunny,Day,0.056727430555555555,100.0,-8.0,25.36550000013449,auto
1768181144454,Sunny,Day,0.055859375,100.0,-7.0,25.010510999891267,auto
1768181144484,Sunny,Day,0.054036458333333336,100.0,-8.0,23.09760299976915,auto
1768181144515,Sunny,Day,0.054253472222222224,100.0,-7.0,24.988900999687758,auto
1768181144546,Sunny,Day,0.05798611111111111,100.0,-6.0,25.89526299971112,auto
1768181144577,Sunny,Day,0.05698784722222222,100.0,-5.0,25.25905899983627,auto
1768181144610,Sunny,Day,0.054947916666666666,100.0,-4.0,27.390997000111383,auto
1768181144645,Sunny,Day,0.055121527777777776,100.0,-4.0,28.585166000084428,auto
1768181144676,Sunny,Day,0.05481770833333333,100.0,-4.0,25.01080699994418,auto
1768181144704,Sunny,Day,0.057074652777777776,100.0,-3.0,22.17705700013539,auto
1768181144737,Sunny,Day,0.05538194444444444,100.0,-4.0,25.218856000265077,auto
1768181144766,Sunny,Day,0.05399305555555556,100.0,-4.0,23.5917929999232,auto
1768181144798,Sunny,Day,0.05490451388888889,100.0,-3.0,25.873874999888358,auto
1768181144830,Sunny,Day,0.05377604166666667,100.0,-4.0,25.849005000054603,auto
1768181144862,Sunny,Day,0.054036458333333336,100.0,-4.0,27.25270500013721,auto
1768181144893,Sunny,Day,0.05368923611111111,100.0,-4.0,23.88559900009568,auto
1768181144923,Sunny,Day,0.05368923611111111,100.0,-4.0,24.730426000132866,auto
1768181144955,Sunny,Day,0.05381944444444445,100.0,-4.0,25.779395999961707,auto
1768181144986,Sunny,Day,0.05464409722222222,100.0,-4.0,25.92913199987379,auto
1768181145019,Sunny,Day,0.05295138888888889,100.0,-4.0,27.43564399997922,auto
1768181145050,Sunny,Day,0.05234375,100.0,-4.0,25.25378299969816,auto
1768181145083,Sunny,Day,0.05256076388888889,100.0,-5.0,26.239197999984754,auto
1768181145112,Sunny,Day,0.052821180555555555,100.0,-4.0,23.15013999987059,auto
1768181145146,Sunny,Day,0.05277777777777778,100.0,-5.0,28.43102299993916,auto
1768181145176,Sunny,Day,0.052821180555555555,100.0,-6.0,25.075527999888436,auto
1768181145208,Sunny,Day,0.05473090277777778,100.0,-7.0,25.20780199984074,auto
1768181145238,Sunny,Day,0.0546875,100.0,-7.0,24.635781000142742,auto
1768181145269,Sunny,Day,0.054947916666666666,100.0,-7.0,19.632926999747724,auto
1768181145300,Sunny,Day,0.055338541666666664,100.0,-7.0,21.62229599980492,auto
1768181145333,Sunny,Day,0.055859375,100.0,-7.0,27.190688000246155,auto
1768181145364,Sunny,Day,0.05716145833333333,100.0,-6.0,19.18553299992709,auto
1768181145397,Sunny,Day,0.05889756944444444,100.0,-5.0,26.971603000220057,auto
1768181145424,Sunny,Day,0.05694444444444444,100.0,-5.0,20.842614000230242,auto
1768181145455,Sunny,Day,0.05759548611111111,100.0,-4.0,26.688942999953724,auto
1768181145487,Sunny,Day,0.057118055555555554,100.0,-4.0,27.08708000000115,auto
1768181145518,Sunny,Day,0.058203125,100.0,-3.0,26.52922600009333,auto
1768181145549,Sunny,Day,0.05855034722222222,100.0,-3.0,26.66898199959178,auto
1768181145582,Sunny,Day,0.05677083333333333,100.0,-3.0,28.39613499963889,auto
1768181145612,Sunny,Day,0.05720486111111111,100.0,-3.0,24.181460999898263,auto
1768181145646,Sunny,Day,0.05993923611111111,100.0,-4.0,29.1045590001886,auto
1768181145677,Sunny,Day,0.057465277777777775,100.0,-4.0,25.202264999734325,auto
1768181145707,Sunny,Day,0.05559895833333333,100.0,-5.0,25.046750999990763,auto
1768181145737,Sunny,Day,0.05651041666666667,100.0,-5.0,25.5414580001343,auto
1768181145770,Sunny,Day,0.058203125,100.0,-6.0,28.414263999820832,auto
1768181145803,Sunny,Day,0.057291666666666664,100.0,-6.0,27.00773000015033,auto
1768181145832,Sunny,Day,0.05681423611111111,100.0,-5.0,24.470934999953897,auto
1768181145863,Sunny,Day,0.05668402777777778,100.0,-5.0,26.709981000294647,auto
1768181145895,Sunny,Day,0.05828993055555556,100.0,-5.0,26.484634999633272,auto
1768181145926,Sunny,Day,0.058203125,100.0,-5.0,25.266799999826617,auto
1768181145957,Sunny,Day,0.057942708333333336,100.0,-5.0,25.95753900004638,auto
1768181145989,Sunny,Day,0.05698784722222222,100.0,-5.0,27.035507999698893,auto
1768181146020,Sunny,Day,0.056640625,100.0,-5.0,26.594724000005954,auto
1768181146053,Sunny,Day,0.05625,100.0,-5.0,28.09918100001596,auto
1768181146083,Sunny,Day,0.058116319444444446,100.0,-5.0,22.011081000073318,auto
1768181146114,Sunny,Day,0.05633680555555556,100.0,-5.0,25.547236999955203,auto
1768181146145,Sunny,Day,0.055164930555555554,100.0,-6.0,26.15081200019631,auto
1768181146177,Sunny,Day,0.05668402777777778,100.0,-6.0,26.85440200002631,auto
1768181146209,Sunny,Day,0.056380208333333334,100.0,-6.0,27.110765999623254,auto
1768181146240,Sunny,Day,0.057118055555555554,100.0,-7.0,26.28056799994738,auto
1768181146271,Sunny,Day,0.055989583333333336,100.0,-6.0,26.52722699986043,auto
1768181146304,Sunny,Day,0.05824652777777778,100.0,-6.0,27.865299000040977,auto
1768181146334,Sunny,Day,0.05724826388888889,100.0,-6.0,24.90294100016399,auto
1768181146367,Sunny,Day,0.05594618055555556,100.0,-6.0,28.539815999920393,auto
1768181146397,Sunny,Day,0.055859375,100.0,-7.0,22.593934999804333,auto
1768181146429,Sunny,Day,0.05750868055555555,100.0,-7.0,27.23659499997666,auto
1768181146459,Sunny,Day,0.05789930555555556,100.0,-7.0,26.190754999788624,auto
1768181146493,Sunny,Day,0.056727430555555555,100.0,-7.0,28.618295000342187,auto
1768181146524,Sunny,Day,0.05681423611111111,100.0,-7.0,24.831351000102586,auto
1768181146554,Sunny,Day,0.057074652777777776,100.0,-6.0,25.4197229996862,auto
1768181146586,Sunny,Day,0.057118055555555554,100.0,-6.0,27.953982000326505,auto
1768181146618,Sunny,Day,0.05837673611111111,100.0,-6.0,27.325777999976708,auto
1768181146648,Sunny,Day,0.05668402777777778,100.0,-6.0,24.858054000105767,auto
1768181146681,Sunny,Day,0.056727430555555555,100.0,-6.0,28.45944899991082,auto
1768181146714,Sunny,Day,0.058506944444444445,100.0,-7.0,28.154939000160084,auto
1768181146742,Sunny,Day,0.05759548611111111,100.0,-9.0,23.334171999977116,auto
1768181146775,Sunny,Day,0.05625,100.0,-10.0,27.699878000021272,auto
1768181146807,Sunny,Day,0.05542534722222222,100.0,-11.0,26.938381000036316,auto
1768181146836,Sunny,Day,0.056553819444444445,100.0,-11.0,23.248378000062075,auto
1768181146868,Sunny,Day,0.05807291666666667,100.0,-12.0,26.89673499980927,auto
1768181146900,Sunny,Day,0.05594618055555556,100.0,-12.0,27.950962999966578,auto
1768181146933,Sunny,Day,0.05629340277777778,100.0,-13.0,26.51852400003918,auto
1768181146962,Sunny,Day,0.057118055555555554,100.0,-13.0,20.399794000240945,auto
1768181146993,Sunny,Day,0.05768229166666667,100.0,-14.0,26.41006300018489,auto
1768181147025,Sunny,Day,0.05694444444444444,100.0,-14.0,27.02102700004616,auto
1768181147056,Sunny,Day,0.05698784722222222,100.0,-14.0,26.51446899972143,auto
1768181147088,Sunny,Day,0.05542534722222222,100.0,-14.0,26.950826999836863,auto
1768181147122,Sunny,Day,0.05737847222222222,100.0,-14.0,29.377348000252823,auto
1768181147152,Sunny,Day,0.05798611111111111,100.0,-13.0,25.1022689999445,auto
1768181147182,Sunny,Day,0.05668402777777778,100.0,-11.0,24.27599700013161,auto
1768181147213,Sunny,Day,0.05642361111111111,100.0,-9.0,26.78564500001812,auto
1768181147245,Sunny,Day,0.056640625,100.0,-7.0,25.497108999843476,auto
1768181147276,Sunny,Day,0.05768229166666667,100.0,-6.0,26.623927999935404,auto
1768181147307,Sunny,Day,0.05733506944444444,100.0,-5.0,26.719203000084235,auto
1768181147340,Sunny,Day,0.05842013888888889,100.0,-5.0,27.91552100006811,auto
1768181147370,Sunny,Day,0.05863715277777778,100.0,-5.0,17.808536999837088,auto
1768181147402,Sunny,Day,0.05876736111111111,100.0,-5.0,26.003113000115263,auto
1768181147433,Sunny,Day,0.05894097222222222,100.0,-5.0,26.765257999613823,auto
1768181147464,Sunny,Day,0.05603298611111111,100.0,-5.0,26.25704999991285,auto
1768181147496,Sunny,Day,0.05755208333333333,100.0,-6.0,26.54298600009497,auto
1768181147527,Sunny,Day,0.05703125,100.0,-6.0,26.119777000076283,auto
1768181147559,Sunny,Day,0.05750868055555555,100.0,-7.0,27.041343000291818,auto
1768181147590,Sunny,Day,0.06111111111111111,100.0,-7.0,26.57611499989798,auto
1768181147622,Sunny,Day,0.05889756944444444,100.0,-8.0,26.545633999830898,auto
1768181147654,Sunny,Day,0.056380208333333334,100.0,-9.0,27.585529000134557,auto
1768181147684,Sunny,Day,0.05603298611111111,100.0,-9.0,24.738704999890615,auto
1768181147715,Sunny,Day,0.056727430555555555,100.0,-10.0,26.876809999976103,auto
1768181147747,Sunny,Day,0.05559895833333333,100.0,-10.0,26.108036000096035,auto
1768181147778,Sunny,Day,0.055815972222222225,100.0,-10.0,26.100443999894196,auto
1768181147810,Sunny,Day,0.05607638888888889,100.0,-10.0,26.551096999810397,auto
1768181147841,Sunny,Day,0.05703125,100.0,-9.0,26.140220000343106,auto
1768181147874,Sunny,Day,0.05594618055555556,100.0,-9.0,28.330230999927153,auto
1768181147904,Sunny,Day,0.05750868055555555,100.0,-9.0,25.014734000251337,auto
1768181147935,Sunny,Day,0.05677083333333333,100.0,-9.0,26.137701999687124,auto
1768181147967,Sunny,Day,0.057421875,100.0,-9.0,26.49833999976181,auto
1768181147998,Sunny,Day,0.05603298611111111,100.0,-9.0,26.693166999848472,auto
1768181148030,Sunny,Day,0.05694444444444444,100.0,-9.0,26.82384899981116,auto
1768181148061,Sunny,Day,0.058159722222222224,100.0,-9.0,27.140451000377652,auto
1768181148092,Sunny,Day,0.05828993055555556,100.0,-9.0,26.43426799977533,auto
1768181148124,Sunny,Day,0.057421875,100.0,-9.0,26.825922999705654,auto
1768181148155,Sunny,Day,0.057942708333333336,100.0,-9.0,19.455896000181383,auto
1768181148189,Sunny,Day,0.05855034722222222,100.0,-9.0,20.77774800000043,auto
1768181148218,Sunny,Day,0.060112847222222224,100.0,-9.0,23.748253000121622,auto
1768181148249,Sunny,Day,0.06024305555555556,100.0,-9.0,26.77964599979532,auto
1768181148281,Sunny,Day,0.05855034722222222,100.0,-8.0,26.34912199982864,auto
1768181148312,Sunny,Day,0.05915798611111111,100.0,-8.0,26.66728000031071,auto
1768181148344,Sunny,Day,0.059895833333333336,100.0,-8.0,26.687018999837164,auto
1768181148375,Sunny,Day,0.060069444444444446,100.0,-8.0,26.508468999963952,auto
1768181148406,Sunny,Day,0.058984375,100.0,-7.0,26.662965000014083,auto
1768181148438,Sunny,Day,0.0609375,100.0,-7.0,26.572115000362828,auto
1768181148469,Sunny,Day,0.06141493055555555,100.0,-7.0,26.405546000205504,auto
1768181148500,Sunny,Day,0.06254340277777778,100.0,-8.0,26.69944499984922,auto
1768181148532,Sunny,Day,0.060286458333333334,100.0,-8.0,26.91162400014946,auto
1768181148563,Sunny,Day,0.06115451388888889,100.0,-8.0,26.67222399986713,auto
1768181148595,Sunny,Day,0.0625,100.0,-8.0,26.499080999656144,auto
1768181148626,Sunny,Day,0.06419270833333333,100.0,-8.0,26.249551000091742,auto
1768181148658,Sunny,Day,0.06302083333333333,100.0,-7.0,27.137599000070622,auto
1768181148691,Sunny,Day,0.06297743055555556,100.0,-7.0,22.428662000038457,auto
1768181148720,Sunny,Day,0.06323784722222223,100.0,-7.0,23.353876000328455,auto
1768181148752,Sunny,Day,0.06419270833333333,100.0,-7.0,27.13069199990059,auto
1768181148783,Sunny,Day,0.06384548611111111,100.0,-7.0,17.13474200005294,auto
1768181148818,Sunny,Day,0.06341145833333334,100.0,-7.0,29.824150999957055,auto
1768181148848,Sunny,Day,0.06336805555555555,100.0,-7.0,24.244553000244196,auto
1768181148878,Sunny,Day,0.06345486111111111,100.0,-6.0,24.273386000004393,auto
1768181148909,Sunny,Day,0.06310763888888889,100.0,-6.0,25.25741299996298,auto
1768181148941,Sunny,Day,0.0627170138888889,100.0,-6.0,27.833244999783346,auto
1768181148972,Sunny,Day,0.06354166666666666,100.0,-6.0,24.798352000289015,auto
1768181149003,Sunny,Day,0.06336805555555555,100.0,-6.0,26.61553999996613,auto
1768181149034,Sunny,Day,0.06410590277777778,100.0,-6.0,26.311179000003904,auto
1768181149067,Sunny,Day,0.062239583333333334,100.0,-7.0,27.95174200036854,auto
1768181149097,Sunny,Day,0.06245659722222222,100.0,-7.0,25.183304000165663,auto
1768181149128,Sunny,Day,0.06258680555555556,100.0,-7.0,24.839500000325643,auto
1768181149160,Sunny,Day,0.062239583333333334,100.0,-7.0,26.418527999794605,auto
1768181149192,Sunny,Day,0.06336805555555555,100.0,-7.0,26.490470000226196,auto
1768181149223,Sunny,Day,0.06180555555555556,100.0,-7.0,25.229191999642353,auto
1768181149254,Sunny,Day,0.06336805555555555,100.0,-8.0,25.456018999648222,auto
1768181149285,Sunny,Day,0.06315104166666667,100.0,-8.0,26.00372500000958,auto
1768181149317,Sunny,Day,0.06323784722222223,100.0,-8.0,26.725500000338798,auto
1768181149348,Sunny,Day,0.06263020833333334,100.0,-8.0,26.470414999948844,auto
1768181149379,Sunny,Day,0.06176215277777778,100.0,-8.0,26.187776000369922,auto
1768181149411,Sunny,Day,0.06163194444444445,100.0,-7.0,26.737074999800825,auto
1768181149445,Sunny,Day,0.06180555555555556,100.0,-7.0,28.83677300042109,auto
1768181149474,Sunny,Day,0.06111111111111111,100.0,-7.0,23.740624000311072,auto
1768181149505,Sunny,Day,0.0625,100.0,-7.0,25.83937800000058,auto
1768181149537,Sunny,Day,0.061371527777777775,100.0,-6.0,25.713769999583747,auto
1768181149568,Sunny,Day,0.06280381944444445,100.0,-6.0,26.35628899997755,auto
1768181149601,Sunny,Day,0.06232638888888889,100.0,-6.0,28.2663070001945,auto
1768181149631,Sunny,Day,0.061197916666666664,100.0,-6.0,22.912889000053838,auto
1768181149662,Sunny,Day,0.0627170138888889,100.0,-6.0,26.549634999810223,auto
1768181149694,Sunny,Day,0.06449652777777778,100.0,-6.0,26.85781100035456,auto
1768181149725,Sunny,Day,0.06736111111111111,100.0,-6.0,26.366289000179677,auto
1768181149758,Sunny,Day,0.06705729166666667,100.0,-6.0,27.64006600000357,auto
1768181149788,Sunny,Day,0.06584201388888888,100.0,-6.0,25.42527900004643,auto
1768181149819,Sunny,Day,0.06675347222222222,100.0,-6.0,26.32825299997421,auto
1768181149851,Sunny,Day,0.06727430555555555,100.0,-5.0,26.12640699999247,auto
1768181149884,Sunny,Day,0.06671006944444445,100.0,-5.0,27.84098600022844,auto
1768181149916,Sunny,Day,0.0666232638888889,100.0,-5.0,25.373281000156567,auto
1768181149945,Sunny,Day,0.06623263888888889,100.0,-5.0,24.38271699975303,auto
1768181149979,Sunny,Day,0.06805555555555555,100.0,-5.0,29.40951500022493,auto
1768181150008,Sunny,Day,0.06844618055555556,100.0,-5.0,23.083883999788668,auto
1768181150039,Sunny,Day,0.06766493055555556,100.0,-4.0,26.760277999983373,auto
1768181150074,Sunny,Day,0.06675347222222222,100.0,-5.0,29.038397000022087,auto
1768181150103,Sunny,Day,0.06909722222222223,100.0,-5.0,16.83706699986942,auto
1768181150133,Sunny,Day,0.06875,100.0,-5.0,25.53142399983699,auto
1768181150165,Sunny,Day,0.06853298611111111,100.0,-5.0,26.230385999951977,auto
1768181150197,Sunny,Day,0.06861979166666667,100.0,-5.0,27.53458799998043,auto
1768181150228,Sunny,Day,0.06796875,100.0,-5.0,26.454027999989194,auto
1768181150262,Sunny,Day,0.06970486111111111,100.0,-5.0,29.04052599978968,auto
1768181150290,Sunny,Day,0.0685763888888889,100.0,-5.0,20.90529899987814,auto
1768181150322,Sunny,Day,0.06749131944444445,100.0,-5.0,26.634022000052937,auto
1768181150353,Sunny,Day,0.07087673611111112,100.0,-5.0,26.880754999638157,auto
1768181150384,Sunny,Day,0.06979166666666667,100.0,-5.0,26.341271000092092,auto
1768181150420,Sunny,Day,0.07105034722222223,100.0,-5.0,30.648868000298535,auto
1768181150451,Sunny,Day,0.07100694444444444,100.0,-5.0,25.27039500000683,auto
1768181150485,Sunny,Day,0.07126736111111111,100.0,-5.0,27.14132300025085,auto
1768181150515,Sunny,Day,0.069140625,100.0,-5.0,23.840696000206663,auto
1768181150543,Sunny,Day,0.0720486111111111,100.0,-5.0,22.963703000186797,auto
1768181150575,Sunny,Day,0.0705295138888889,100.0,-5.0,26.14633299981506,auto
1768181150607,Sunny,Day,0.07005208333333333,100.0,-4.0,25.05388200006564,auto
1768181150639,Sunny,Day,0.07126736111111111,100.0,-4.0,25.250636999771814,auto
1768181150670,Sunny,Day,0.07352430555555556,100.0,-4.0,25.672049999684532,auto
1768181150705,Sunny,Day,0.07061631944444445,100.0,-4.0,29.281593000177963,auto
1768181150732,Sunny,Day,0.07161458333333333,100.0,-4.0,21.71625800019683,auto
1768181150763,Sunny,Day,0.072265625,100.0,-4.0,25.352466000185814,auto
1768181150796,Sunny,Day,0.07282986111111112,100.0,-4.0,26.85257100029048,auto
1768181150828,Sunny,Day,0.07278645833333333,100.0,-3.0,21.25862299999426,auto
1768181150859,Sunny,Day,0.07165798611111111,100.0,-4.0,23.81132600021374,auto
1768181150889,Sunny,Day,0.07217881944444444,100.0,-4.0,24.196853000375995,auto
1768181150922,Sunny,Day,0.07274305555555556,100.0,-4.0,27.316298999721766,auto
1768181150952,Sunny,Day,0.07157118055555556,100.0,-5.0,23.558426999898074,auto
1768181150983,Sunny,Day,0.07139756944444445,100.0,-5.0,25.514813999961916,auto
1768181151017,Sunny,Day,0.07165798611111111,100.0,23.0,26.91053299986379,auto
1768181151046,Sunny,Day,0.07296006944444444,100.0,24.0,19.847590000154014,auto
1768181151078,Sunny,Day,0.07261284722222222,100.0,24.0,25.421576000098867,auto
1768181151109,Sunny,Day,0.07217881944444444,100.0,21.0,26.107629999842175,auto
1768181151141,Sunny,Day,0.0724826388888889,100.0,19.0,24.90492400011135,auto
1768181151172,Sunny,Day,0.07569444444444444,100.0,-16.0,25.485018999916065,auto
1768181151203,Sunny,Day,0.07604166666666666,100.0,-20.0,25.36242999985916,auto
1768181151234,Sunny,Day,0.07669270833333333,100.0,-24.0,24.44699399984529,auto
1768181151266,Sunny,Day,0.07560763888888888,100.0,-24.0,25.760140999864234,auto
1768181151297,Sunny,Day,0.07530381944444445,100.0,11.0,26.034002999949735,auto
1768181151331,Sunny,Day,0.07664930555555556,100.0,14.0,28.59137399991596,auto
1768181151360,Sunny,Day,0.07478298611111112,100.0,15.0,23.530113000106212,auto
1768181151392,Sunny,Day,0.07560763888888888,100.0,15.0,25.74427099989407,auto
1768181151424,Sunny,Day,0.07565104166666667,100.0,14.0,25.998336999691674,auto
1768181151455,Sunny,Day,0.0779079861111111,100.0,12.0,25.854083000012906,auto
1768181151487,Sunny,Day,0.07934027777777777,100.0,11.0,25.693420999687078,auto
1768181151519,Sunny,Day,0.07816840277777778,100.0,7.0,25.832138999703602,auto
1768181151550,Sunny,Day,0.07847222222222222,100.0,4.0,24.671302000115247,auto
1768181151581,Sunny,Day,0.08151041666666667,100.0,4.0,25.44105800006946,auto
1768181151614,Sunny,Day,0.08298611111111111,100.0,-37.0,26.598430999911216,auto
1768181151646,Sunny,Day,0.0802951388888889,100.0,0.0,25.66354999999021,auto
1768181151674,Sunny,Day,0.08177083333333333,100.0,0.0,20.8193400003438,auto
1768181151706,Sunny,Day,0.08268229166666667,100.0,2.0,25.25139699991996,auto
1768181151737,Sunny,Day,0.08211805555555556,100.0,3.0,25.043347000064387,auto
1768181151768,Sunny,Day,0.083203125,100.0,4.0,25.502480999875843,auto
1768181151799,Sunny,Day,0.08237847222222222,100.0,3.0,25.365189000240207,auto
1768181151832,Sunny,Day,0.084765625,100.0,4.0,27.494516000388103,auto
1768181151864,Sunny,Day,0.08550347222222222,100.0,3.0,26.147648000005574,auto
1768181151894,Sunny,Day,0.08619791666666667,100.0,4.0,23.834437000004982,auto
1768181151925,Sunny,Day,0.084375,100.0,3.0,24.87272199959989,auto
1768181151960,Sunny,Day,0.08511284722222222,100.0,3.0,25.93035800009602,auto
1768181151988,Sunny,Day,0.08802083333333334,100.0,4.0,22.306556000330602,auto
1768181152020,Sunny,Day,0.0857204861111111,100.0,2.0,25.88213699982589,auto
1768181152052,Sunny,Day,0.08793402777777778,100.0,46.0,18.241247999867483,auto
1768181152083,Sunny,Day,0.08689236111111111,100.0,46.0,23.600667000209796,auto
1768181152115,Sunny,Day,0.08684895833333334,100.0,46.0,26.652781999928266,auto
1768181152145,Sunny,Day,0.08754340277777778,100.0,1.0,15.485994999835384,auto
1768181152177,Sunny,Day,0.08493923611111111,100.0,-1.0,25.500332999854436,auto
1768181152208,Sunny,Day,0.08155381944444444,100.0,38.0,25.9542470002998,auto
1768181152238,Sunny,Day,0.08198784722222222,100.0,39.0,19.72196399992754,auto
1768181152270,Sunny,Day,0.07921006944444445,100.0,37.0,27.09189899997,auto
1768181152300,Sunny,Day,0.07621527777777778,100.0,35.0,25.290857999607397,auto
1768181152331,Sunny,Day,0.07482638888888889,100.0,32.0,27.068159000009473,auto
1768181152363,Sunny,Day,0.07877604166666667,100.0,30.0,27.25882000004276,auto
1768181152394,Sunny,Day,0.08146701388888888,100.0,27.0,21.281197000007523,auto
1768181152426,Sunny,Day,0.08268229166666667,100.0,25.0,19.544933000361198,auto
1768181152458,Sunny,Day,0.08146701388888888,100.0,21.0,18.372745000306168,auto
1768181152488,Sunny,Day,0.08576388888888889,100.0,21.0,22.201819000201795,auto
1768181152522,Sunny,Day,0.08780381944444444,100.0,20.0,28.26767899978222,auto
1768181152555,Sunny,Day,0.08984375,100.0,18.0,25.1206039997669,auto
1768181152582,Sunny,Day,0.08940972222222222,100.0,16.0,22.608806999869557,auto
1768181152615,Sunny,Day,0.09019097222222222,100.0,16.0,27.519645000211312,auto
1768181152645,Sunny,Day,0.09049479166666667,100.0,15.0,25.649977000284707,auto
1768181152678,Sunny,Day,0.09045138888888889,100.0,13.0,25.068512999951054,auto
1768181152708,Sunny,Day,0.08758680555555555,100.0,12.0,24.510121999810508,auto
1768181152739,Sunny,Day,0.09053819444444444,100.0,12.0,26.811999000074138,auto
1768181152771,Sunny,Day,0.08754340277777778,100.0,10.0,26.993327000127465,auto
1768181152802,Sunny,Day,0.09114583333333333,100.0,9.0,26.766315999793733,auto
1768181152836,Sunny,Day,0.0890625,100.0,8.0,29.000195999742573,auto
1768181152865,Sunny,Day,0.08702256944444445,100.0,7.0,23.10034700030883,auto
1768181152897,Sunny,Day,0.0875,100.0,4.0,24.84111200010375,auto
1768181152928,Sunny,Day,0.08836805555555556,100.0,1.0,26.55078499992669,auto
1768181152962,Sunny,Day,0.08524305555555556,100.0,-2.0,29.85317100001339,auto
1768181152991,Sunny,Day,0.08294270833333334,100.0,-4.0,22.566066999843315,auto
1768181153022,Sunny,Day,0.08111979166666666,100.0,-5.0,26.590821999889158,auto
1768181153055,Sunny,Day,0.07912326388888889,100.0,-5.0,28.403824000179156,auto
1768181153085,Sunny,Day,0.080078125,100.0,-3.0,23.827457000152208,auto
1768181153116,Sunny,Day,0.07899305555555555,100.0,-3.0,26.788962999944488,auto
1768181153147,Sunny,Day,0.07977430555555555,100.0,-3.0,26.563025000086782,auto
1768181153180,Sunny,Day,0.07899305555555555,100.0,-2.0,28.219940999861137,auto
1768181153211,Sunny,Day,0.07955729166666667,100.0,-2.0,25.51635300005728,auto
1768181153242,Sunny,Day,0.08020833333333334,100.0,-2.0,26.09050199998819,auto
1768181153274,Sunny,Day,0.07860243055555556,100.0,-1.0,27.877523999904952,auto
1768181153305,Sunny,Day,0.07907986111111111,100.0,-1.0,25.69795899989913,auto
1768181153336,Sunny,Day,0.07799479166666666,100.0,-1.0,26.7715190002491,auto
1768181153370,Sunny,Day,0.08072916666666667,100.0,0.0,29.764728999907675,auto
1768181153399,Sunny,Day,0.07951388888888888,100.0,0.0,22.62241799962794,auto
1768181153431,Sunny,Day,0.08003472222222222,100.0,1.0,27.406038000208355,auto
1768181153462,Sunny,Day,0.0802951388888889,100.0,1.0,25.284359000124823,auto
1768181153493,Sunny,Day,0.08016493055555556,100.0,2.0,26.259867000135273,auto
1768181153525,Sunny,Day,0.07999131944444444,100.0,2.0,26.74733499998183,auto
1768181153556,Sunny,Day,0.08081597222222223,100.0,2.0,26.144537999698514,auto
1768181153587,Sunny,Day,0.08051215277777778,100.0,3.0,26.06909500036636,auto
1768181153620,Sunny,Day,0.07838541666666667,100.0,3.0,27.564293000068574,auto
1768181153650,Sunny,Day,0.07799479166666666,100.0,4.0,25.391467999725137,auto
1768181153683,Sunny,Day,0.07964409722222222,100.0,4.0,27.948171000389266,auto
1768181153713,Sunny,Day,0.07682291666666667,100.0,4.0,24.66085900005055,auto
1768181153745,Sunny,Day,0.07938368055555556,100.0,4.0,25.20502800007307,auto
1768181153775,Sunny,Day,0.07934027777777777,100.0,4.0,25.679291999949783,auto
1768181153807,Sunny,Day,0.08020833333333334,100.0,4.0,26.33210700014388,auto
1768181153840,Sunny,Day,0.08033854166666667,100.0,4.0,26.99899400022332,auto
1768181153871,Sunny,Day,0.07938368055555556,100.0,4.0,26.399400000173046,auto
1768181153901,Sunny,Day,0.079296875,100.0,4.0,25.020218000008754,auto
1768181153933,Sunny,Day,0.08159722222222222,100.0,4.0,27.468202999898494,auto
1768181153966,Sunny,Day,0.08012152777777778,100.0,4.0,27.51570200007336,auto
1768181153997,Sunny,Day,0.08020833333333334,100.0,4.0,23.572761000195896,auto
1768181154027,Sunny,Day,0.078125,100.0,4.0,24.380959999689367,auto
1768181154058,Sunny,Day,0.08111979166666666,100.0,4.0,25.812565999785875,auto
1768181154091,Sunny,Day,0.08046875,100.0,4.0,27.96572599982028,auto
1768181154121,Sunny,Day,0.07842881944444445,100.0,4.0,23.175160999926447,auto
1768181154154,Sunny,Day,0.08155381944444444,100.0,4.0,27.343651999672147,auto
1768181154185,Sunny,Day,0.08068576388888889,100.0,4.0,26.66754099982427,auto
1768181154215,Sunny,Day,0.08033854166666667,100.0,4.0,25.27147099999638,auto
1768181154247,Sunny,Day,0.08042534722222222,100.0,4.0,26.827389000118274,auto
1768181154278,Sunny,Day,0.07942708333333333,100.0,5.0,26.414122999995016,auto
1768181154309,Sunny,Day,0.08268229166666667,100.0,5.0,25.57577700008551,auto
1768181154341,Sunny,Day,0.08120659722222222,100.0,5.0,26.81435300019075,auto
1768181154372,Sunny,Day,0.08068576388888889,100.0,5.0,26.69896699990204,auto
1768181154404,Sunny,Day,0.08020833333333334,100.0,5.0,27.005717000065488,auto
1768181154435,Sunny,Day,0.08051215277777778,100.0,5.0,26.093337000020256,auto
1768181154468,Sunny,Day,0.080859375,100.0,5.0,27.753676999964227,auto
1768181154498,Sunny,Day,0.07825520833333334,100.0,5.0,25.665312000000995,auto
1768181154529,Sunny,Day,0.0783420138888889,100.0,5.0,23.372192999886465,auto
1768181154561,Sunny,Day,0.07847222222222222,100.0,6.0,26.680689999921015,auto
1768181154592,Sunny,Day,0.07994791666666666,100.0,6.0,26.666078999824094,auto
1768181154624,Sunny,Day,0.080078125,100.0,6.0,27.896913999938988,auto
1768181154655,Sunny,Day,0.07604166666666666,100.0,5.0,25.423225999929855,auto
1768181154686,Sunny,Day,0.07842881944444445,100.0,6.0,26.7648169997301,auto
1768181154718,Sunny,Day,0.08263888888888889,100.0,6.0,27.466536999781965,auto
1768181154749,Sunny,Day,0.08259548611111112,100.0,6.0,25.888397000016994,auto
1768181154783,Sunny,Day,0.08407118055555556,100.0,6.0,27.995633000045927,auto
1768181154812,Sunny,Day,0.08285590277777778,100.0,6.0,21.944122999684623,auto
1768181154844,Sunny,Day,0.08407118055555556,100.0,6.0,26.92157199999201,auto
1768181154876,Sunny,Day,0.08480902777777778,100.0,7.0,27.479554999899847,auto
1768181154907,Sunny,Day,0.0822482638888889,100.0,7.0,22.803098000167665,auto
1768181154938,Sunny,Day,0.08311631944444445,100.0,8.0,21.613485000216315,auto
1768181154969,Sunny,Day,0.07573784722222222,100.0,9.0,27.07456699999966,auto
1768181155000,Sunny,Day,0.077734375,100.0,11.0,26.157223000154772,auto
1768181155031,Sunny,Day,0.07365451388888888,100.0,11.0,26.235796000037226,auto
1768181155063,Sunny,Day,0.07530381944444445,100.0,10.0,26.659209000172268,auto
1768181155096,Sunny,Day,0.07764756944444444,100.0,8.0,23.28613999998197,auto
1768181155130,Sunny,Day,0.07890625,100.0,9.0,27.598811999723694,auto
1768181155157,Sunny,Day,0.07504340277777778,100.0,9.0,21.906198000124277,auto
1768181155189,Sunny,Day,0.06714409722222223,100.0,7.0,27.64092100005655,auto
1768181155220,Sunny,Day,0.06805555555555555,100.0,7.0,25.867455000025075,auto
1768181155252,Sunny,Day,0.06931423611111111,100.0,7.0,27.63294099986524,auto
1768181155283,Sunny,Day,0.0705295138888889,100.0,7.0,25.18727000006038,auto
1768181155315,Sunny,Day,0.07035590277777778,100.0,6.0,26.27631299992572,auto
1768181155346,Sunny,Day,0.06840277777777778,100.0,5.0,26.128835000235995,auto
1768181155377,Sunny,Day,0.06996527777777778,100.0,6.0,25.122550000105548,auto
1768181155408,Sunny,Day,0.06727430555555555,100.0,7.0,26.26718300007269,auto
1768181155440,Sunny,Day,0.06631944444444444,100.0,7.0,27.092769999853772,auto
1768181155471,Sunny,Day,0.065625,100.0,5.0,26.616377000209468,auto
1768181155503,Sunny,Day,0.07013888888888889,100.0,6.0,26.7595209998035,auto
1768181155534,Sunny,Day,0.06896701388888889,100.0,7.0,26.853759000005084,auto
1768181155565,Sunny,Day,0.06701388888888889,100.0,5.0,26.111131999641657,auto
1768181155598,Sunny,Day,0.06354166666666666,100.0,6.0,28.37867800008098,auto
1768181155628,Sunny,Day,0.06675347222222222,100.0,4.0,20.225784000103886,auto
1768181155661,Sunny,Day,0.06671006944444445,100.0,6.0,27.989226000045164,auto
1768181155692,Sunny,Day,0.06501736111111112,100.0,8.0,25.97926499993264,auto
1768181155726,Sunny,Day,0.05720486111111111,100.0,11.0,28.240348000053928,auto
1768181155754,Sunny,Day,0.06744791666666666,100.0,10.0,17.387570000209962,auto
1768181155785,Sunny,Day,0.06462673611111111,100.0,9.0,26.330514999699517,auto
1768181155817,Sunny,Day,0.061675347222222225,100.0,9.0,26.57593399999314,auto
1768181155848,Sunny,Day,0.06115451388888889,100.0,7.0,19.427529000040522,auto
1768181155879,Sunny,Day,0.06553819444444445,100.0,6.0,25.334691999887582,auto
1768181155911,Sunny,Day,0.06019965277777778,100.0,6.0,26.874831999975868,auto
1768181155942,Sunny,Day,0.061675347222222225,100.0,6.0,26.658023999971192,auto
1768181155974,Sunny,Day,0.06458333333333334,100.0,6.0,27.131935999932466,auto
1768181156006,Sunny,Day,0.0661892361111111,100.0,4.0,26.856813999984297,auto
1768181156036,Sunny,Day,0.06553819444444445,100.0,4.0,19.76652000030299,auto
1768181156069,Sunny,Day,0.06822916666666666,100.0,4.0,27.930339999784337,auto
1768181156099,Sunny,Day,0.06401909722222222,100.0,5.0,24.550788999931683,auto
1768181156130,Sunny,Day,0.06158854166666667,100.0,4.0,26.4928990000044,auto
1768181156162,Sunny,Day,0.06302083333333333,100.0,5.0,26.01054299975658,auto
1768181156194,Sunny,Day,0.06974826388888888,100.0,4.0,27.882766999937303,auto
1768181156225,Sunny,Day,0.059895833333333336,100.0,5.0,25.194381999881443,auto
1768181156256,Sunny,Day,0.06193576388888889,100.0,5.0,26.902092000000266,auto
1768181156288,Sunny,Day,0.06232638888888889,100.0,5.0,26.02567199983241,auto
1768181156321,Sunny,Day,0.06345486111111111,100.0,5.0,28.27388500008965,auto
1768181156351,Sunny,Day,0.06323784722222223,100.0,6.0,23.96865800028536,auto
1768181156382,Sunny,Day,0.059418402777777775,100.0,5.0,25.645239000368747,auto
1768181156414,Sunny,Day,0.04704861111111111,94.09722222222221,9.0,27.580996999859053,auto
1768181156446,Sunny,Day,0.05720486111111111,100.0,4.0,26.167150000219408,auto
1768181156477,Sunny,Day,0.056553819444444445,100.0,5.0,26.048672000342776,auto
1768181156507,Sunny,Day,0.05789930555555556,100.0,3.0,25.327896999897348,auto
1768181156539,Sunny,Day,0.05568576388888889,100.0,1.0,26.535120000062307,auto
1768181156570,Sunny,Day,0.05577256944444445,100.0,2.0,25.926175999757106,auto
1768181156601,Sunny,Day,0.05959201388888889,100.0,3.0,25.77460600014092,auto
1768181156633,Sunny,Day,0.054600694444444445,100.0,2.0,26.902183999936824,auto
1768181156664,Sunny,Day,0.04453125,89.0625,2.0,25.620165999953315,auto
1768181156696,Sunny,Day,0.04822048611111111,96.44097222222223,0.0,26.563583000097424,auto
1768181156730,Sunny,Day,0.052083333333333336,100.0,5.0,28.705873000035353,auto
1768181156759,Sunny,Day,0.04813368055555556,96.26736111111111,6.0,23.601780000262806,auto
1768181156790,Sunny,Day,0.03697916666666667,73.95833333333333,,25.897231999806536,auto
1768181156821,Sunny,Day,0.04197048611111111,83.94097222222221,,26.732225999694492,auto
1768181156854,Sunny,Day,0.04118923611111111,82.37847222222221,6.0,28.181629000300745,auto
1768181156887,Sunny,Day,0.04583333333333333,91.66666666666666,6.0,26.766466000026412,auto
1768181156915,Sunny,Day,0.037760416666666664,75.52083333333333,,21.092852000037965,auto
1768181156947,Sunny,Day,0.03780381944444444,75.60763888888889,,26.717392999671574,auto
1768181156978,Sunny,Day,0.03962673611111111,79.25347222222221,,26.653117000023485,auto
1768181157010,Sunny,Day,0.04266493055555556,85.32986111111111,,27.7161970002453,auto
1768181157041,Sunny,Day,0.04309895833333333,86.19791666666667,,25.55690899998808,auto
1768181157074,Sunny,Day,0.041015625,82.03125,-2.0,28.659633000188478,auto
1768181157104,Sunny,Day,0.03502604166666667,70.05208333333333,,22.986520000358723,auto
1768181157135,Sunny,Day,0.042491319444444446,84.98263888888889,,27.06273500007228,auto
1768181157168,Sunny,Day,0.043619791666666664,87.23958333333333,-4.0,27.833990999624802,auto
1768181157199,Sunny,Day,0.03641493055555556,72.82986111111111,,18.467169999894395,auto
1768181157232,Sunny,Day,0.03376736111111111,67.53472222222221,,28.779907999705756,auto
1768181157264,Sunny,Day,0.035243055555555555,70.48611111111111,,25.14671700009785,auto
1768181157297,Sunny,Day,0.04162326388888889,83.24652777777777,,26.310961000035604,auto
1768181157326,Sunny,Day,0.03129340277777778,62.58680555555556,,23.096850000001723,auto
1768181157359,Sunny,Day,0.03315972222222222,66.31944444444444,,25.721903999965434,auto
1768181157389,Sunny,Day,0.030989583333333334,61.97916666666667,,24.100413000269327,auto
1768181157421,Sunny,Day,0.031119791666666667,62.239583333333336,,25.659758000074362,auto
1768181157452,Sunny,Day,0.03302951388888889,66.05902777777779,,24.79093100009777,auto
1768181157485,Sunny,Day,0.032942708333333334,65.88541666666667,,26.489677999961714,auto
1768181157515,Sunny,Day,0.03259548611111111,65.19097222222223,,22.902412000348704,auto
1768181157545,Sunny,Day,0.03585069444444444,71.70138888888889,,24.843243999839615,auto
1768181157577,Sunny,Day,0.036675347222222224,73.35069444444444,,25.40372799967372,auto
1768181157609,Sunny,Day,0.03654513888888889,73.09027777777779,,24.368573000174365,auto
1768181157641,Sunny,Day,0.03407118055555555,68.1423611111111,-13.0,24.780763999842748,auto
1768181157673,Sunny,Day,0.035590277777777776,71.18055555555556,,26.091393000115204,auto
1768181157705,Sunny,Day,0.040538194444444446,81.07638888888889,-36.0,25.43670800014297,auto
1768181157734,Sunny,Day,0.03693576388888889,73.87152777777779,-34.0,22.594624000248587,auto
1768181157765,Sunny,Day,0.03511284722222222,70.22569444444444,-13.0,25.872824999623845,auto
1768181157797,Sunny,Day,0.03546006944444444,70.92013888888889,-33.0,25.91645399979825,auto
1768181157829,Sunny,Day,0.03576388888888889,71.52777777777777,,26.982275000136724,auto
1768181157865,Sunny,Day,0.03619791666666667,72.39583333333334,,29.236375999971642,auto
1768181157892,Sunny,Day,0.033637152777777776,67.27430555555556,,21.136313999704726,auto
1768181157924,Sunny,Day,0.03697916666666667,73.95833333333333,,25.898417000007612,auto
1768181157955,Sunny,Day,0.03993055555555555,79.8611111111111,,26.01026600041223,auto
1768181157986,Sunny,Day,0.04014756944444445,80.2951388888889,,24.86609600009615,auto
1768181158017,Sunny,Day,0.04097222222222222,81.94444444444444,,25.238750999960757,auto
1768181158048,Sunny,Day,0.03984375,79.6875,,25.802142999964417,auto
1768181158080,Sunny,Day,0.04171006944444444,83.42013888888889,,26.393958999960887,auto
1768181158113,Sunny,Day,0.04383680555555555,87.6736111111111,,27.521258999968268,auto
1768181158143,Sunny,Day,0.04544270833333333,90.88541666666666,,24.137673000041104,auto
1768181158174,Sunny,Day,0.04982638888888889,99.65277777777779,,26.084578999871155,auto
1768181158206,Sunny,Day,0.052300347222222224,100.0,,25.61720299991066,auto
1768181158237,Sunny,Day,0.052734375,100.0,,23.841644000185624,auto
1768181158269,Sunny,Day,0.055512152777777775,100.0,-6.0,26.154798999868945,auto
1768181158300,Sunny,Day,0.05486111111111111,100.0,-5.0,24.836262999997416,auto
1768181158330,Sunny,Day,0.06041666666666667,100.0,-6.0,23.88427200003207,auto
1768181158361,Sunny,Day,0.060112847222222224,100.0,,25.883234000048105,auto
1768181158393,Sunny,Day,0.05872395833333333,100.0,-3.0,26.69930199999726,auto
1768181158426,Sunny,Day,0.06024305555555556,100.0,-5.0,26.95925800026089,auto
1768181158458,Sunny,Day,0.062022569444444446,100.0,-3.0,25.523188000079244,auto
1768181158489,Sunny,Day,0.057421875,100.0,-2.0,24.641027999678045,auto
1768181158523,Sunny,Day,0.05915798611111111,100.0,-2.0,28.383402000144997,auto
1768181158553,Sunny,Day,0.05625,100.0,-1.0,22.182043000157137,auto
1768181158586,Sunny,Day,0.05828993055555556,100.0,-1.0,16.435858000022563,auto
1768181158614,Sunny,Day,0.058506944444444445,100.0,-1.0,21.084408999740845,auto
1768181158644,Sunny,Day,0.061024305555555554,100.0,-4.0,25.13853199980076,auto
1768181158676,Sunny,Day,0.05837673611111111,100.0,-2.0,22.307911000098102,auto
1768181158707,Sunny,Day,0.057465277777777775,100.0,-2.0,25.415117000193277,auto
1768181158739,Sunny,Day,0.06050347222222222,100.0,-4.0,25.959896999665943,auto
1768181158772,Sunny,Day,0.059375,100.0,-4.0,27.327821000199037,auto
1768181158801,Sunny,Day,0.05772569444444445,100.0,-3.0,22.64025300019057,auto
1768181158834,Sunny,Day,0.05802951388888889,100.0,-3.0,26.51906700020845,auto
1768181158866,Sunny,Day,0.060286458333333334,100.0,-3.0,26.58578699993086,auto
1768181158897,Sunny,Day,0.05802951388888889,100.0,-2.0,24.642472999858,auto
1768181158932,Sunny,Day,0.058159722222222224,100.0,-1.0,28.61845000006724,auto
1768181158959,Sunny,Day,0.059418402777777775,100.0,0.0,19.044596999719943,auto
1768181158991,Sunny,Day,0.05520833333333333,100.0,0.0,17.76835700002266,auto
1768181159024,Sunny,Day,0.055859375,100.0,0.0,27.855880000061006,auto
1768181159052,Sunny,Day,0.05755208333333333,100.0,-1.0,22.426536999773816,auto
1768181159084,Sunny,Day,0.05555555555555555,100.0,-4.0,25.498558999970555,auto
1768181159116,Sunny,Day,0.052647569444444445,100.0,-1.0,26.760411000395834,auto
1768181159147,Sunny,Day,0.052994791666666666,100.0,-2.0,24.530976999812992,auto
1768181159179,Sunny,Day,0.05169270833333333,100.0,-3.0,24.899151000226993,auto
1768181159210,Sunny,Day,0.05303819444444444,100.0,-5.0,25.215345000106026,auto
1768181159241,Sunny,Day,0.05203993055555556,100.0,-6.0,25.288027999977203,auto
1768181159275,Sunny,Day,0.046788194444444445,93.57638888888889,-2.0,27.905471999929432,auto
1768181159304,Sunny,Day,0.048567708333333334,97.13541666666667,-3.0,23.21077399983551,auto
1768181159337,Sunny,Day,0.05099826388888889,100.0,-5.0,27.07397700032743,auto
1768181159369,Sunny,Day,0.04756944444444444,95.13888888888889,-3.0,26.03137699998115,auto
1768181159398,Sunny,Day,0.048828125,97.65625,-4.0,23.266882999905647,auto
1768181159430,Sunny,Day,0.05004340277777778,100.0,-4.0,25.751810999736335,auto
1768181159460,Sunny,Day,0.05043402777777778,100.0,-4.0,25.52783700002692,auto
1768181159493,Sunny,Day,0.05134548611111111,100.0,-6.0,25.45333899979596,auto
1768181159524,Sunny,Day,0.04986979166666667,99.73958333333334,-8.0,26.391293000415317,auto
1768181159555,Sunny,Day,0.04978298611111111,99.56597222222221,-9.0,25.129514999662206,auto
1768181159589,Sunny,Day,0.05082465277777778,100.0,-12.0,28.162111999790795,auto
1768181159618,Sunny,Day,0.05095486111111111,100.0,-13.0,22.91630099989561,auto
1768181159649,Sunny,Day,0.04865451388888889,97.30902777777779,-11.0,25.563391000105185,auto
1768181159680,Sunny,Day,0.04852430555555556,97.04861111111111,-12.0,25.44850599997517,auto
1768181159716,Sunny,Day,0.04973958333333333,99.47916666666666,-12.0,30.06998199998634,auto
1768181159745,Sunny,Day,0.045572916666666664,91.14583333333333,-9.0,24.137209999935294,auto
1768181159777,Sunny,Day,0.049262152777777776,98.52430555555556,-14.0,25.834624000253825,auto
1768181159809,Sunny,Day,0.04822048611111111,96.44097222222223,-11.0,24.22470700003032,auto
1768181159839,Sunny,Day,0.05173611111111111,100.0,-11.0,24.599066999599017,auto
1768181159872,Sunny,Day,0.052647569444444445,100.0,-12.0,26.574398999855475,auto
1768181159901,Sunny,Day,0.05217013888888889,100.0,-12.0,20.575424000071507,auto
1768181159932,Sunny,Day,0.052734375,100.0,-10.0,26.040210999781266,auto
1768181159963,Sunny,Day,0.055078125,100.0,-11.0,25.174642999900243,auto
1768181159995,Sunny,Day,0.05503472222222222,100.0,-10.0,26.064616999974533,auto
1768181160033,Sunny,Day,0.05473090277777778,100.0,-9.0,32.2282729998733,auto
1768181160058,Sunny,Day,0.0546875,100.0,-9.0,19.53010199986238,auto
1768181160089,Sunny,Day,0.055989583333333336,100.0,-8.0,25.092664000112563,auto
1768181160122,Sunny,Day,0.05642361111111111,100.0,-8.0,26.725006000106077,auto
1768181160154,Sunny,Day,0.0578125,100.0,-9.0,25.887457000408176,auto
1768181160183,Sunny,Day,0.055815972222222225,100.0,-9.0,23.32317799982775,auto
1768181160215,Sunny,Day,0.05603298611111111,100.0,-9.0,26.664580999749887,auto
1768181160246,Sunny,Day,0.05381944444444445,100.0,-12.0,25.377100000241626,auto
1768181160277,Sunny,Day,0.052647569444444445,100.0,-12.0,25.756903999990755,auto
1768181160309,Sunny,Day,0.05203993055555556,100.0,-14.0,26.117208000414394,auto
1768181160341,Sunny,Day,0.05060763888888889,100.0,-14.0,16.924621999805822,auto
1768181160372,Sunny,Day,0.05082465277777778,100.0,-13.0,21.11068600015642,auto
1768181160405,Sunny,Day,0.05078125,100.0,-13.0,28.266905999771552,auto
1768181160437,Sunny,Day,0.050694444444444445,100.0,-12.0,23.00935399989612,auto
1768181160468,Sunny,Day,0.051171875,100.0,-12.0,17.067322000002605,auto
1768181160497,Sunny,Day,0.05095486111111111,100.0,-10.0,23.500913999669137,auto
1768181160530,Sunny,Day,0.052473958333333334,100.0,-9.0,27.912193999782176,auto
1768181160562,Sunny,Day,0.053211805555555554,100.0,-9.0,25.839253999947687,auto
1768181160591,Sunny,Day,0.05347222222222222,100.0,-9.0,24.19811599975219,auto
1768181160622,Sunny,Day,0.05342881944444444,100.0,-9.0,25.42002500013041,auto
1768181160656,Sunny,Day,0.05455729166666667,100.0,-8.0,18.578019000415225,auto
1768181160686,Sunny,Day,0.05451388888888889,100.0,-9.0,21.751020000010612,auto
1768181160718,Sunny,Day,0.054947916666666666,100.0,-9.0,26.499567999962892,auto
1768181160749,Sunny,Day,0.056206597222222224,100.0,-9.0,25.408507000065583,auto
1768181160780,Sunny,Day,0.056640625,100.0,-9.0,25.495115000012447,auto
1768181160812,Sunny,Day,0.05651041666666667,100.0,-9.0,26.631342000200675,auto
1768181160845,Sunny,Day,0.05594618055555556,100.0,-9.0,26.68972900028166,auto
1768181160874,Sunny,Day,0.0546875,100.0,-9.0,23.427379000168003,auto
1768181160905,Sunny,Day,0.05473090277777778,100.0,-9.0,23.706315000254108,auto
1768181160937,Sunny,Day,0.0546875,100.0,-9.0,25.995452999723057,auto
1768181160970,Sunny,Day,0.05625,100.0,-9.0,27.980562000266218,auto
1768181161001,Sunny,Day,0.05555555555555555,100.0,-9.0,24.99544500005868,auto
1768181161033,Sunny,Day,0.056206597222222224,100.0,-9.0,19.579954000164435,auto
1768181161066,Sunny,Day,0.052734375,100.0,-8.0,23.283587000150874,auto
1768181161094,Sunny,Day,0.05499131944444444,100.0,-8.0,18.453374999808148,auto
1768181161125,Sunny,Day,0.05529513888888889,100.0,-7.0,26.076562000071135,auto
1768181161156,Sunny,Day,0.05651041666666667,100.0,-8.0,24.67747299988332,auto
1768181161190,Sunny,Day,0.05572916666666667,100.0,-8.0,19.36229300008563,auto
1768181161219,Sunny,Day,0.05625,100.0,-9.0,20.402984999691398,auto
1768181161252,Sunny,Day,0.05798611111111111,100.0,-9.0,27.17169700008526,auto
1768181161284,Sunny,Day,0.057074652777777776,100.0,-8.0,26.409441999931005,auto
1768181161314,Sunny,Day,0.055338541666666664,100.0,-8.0,24.021714000355132,auto
1768181161346,Sunny,Day,0.058506944444444445,100.0,-8.0,26.89944599978844,auto
1768181161379,Sunny,Day,0.058854166666666666,100.0,-7.0,26.075432000197907,auto
1768181161408,Sunny,Day,0.06037326388888889,100.0,-7.0,23.265012999672763,auto
1768181161439,Sunny,Day,0.05824652777777778,100.0,-6.0,25.41674799977045,auto
1768181161471,Sunny,Day,0.06050347222222222,100.0,-6.0,23.886200000106328,auto
1768181161502,Sunny,Day,0.060460069444444445,100.0,-6.0,25.5764469998212,auto
1768181161540,Sunny,Day,0.06037326388888889,100.0,-6.0,31.948485000157234,auto
1768181161565,Sunny,Day,0.05928819444444444,100.0,-6.0,19.53121499991539,auto
1768181161597,Sunny,Day,0.06111111111111111,100.0,-6.0,25.57204000004276,auto
1768181161630,Sunny,Day,0.06236979166666667,100.0,-6.0,28.190889999677893,auto
1768181161659,Sunny,Day,0.06072048611111111,100.0,-7.0,22.472202999779256,auto
1768181161691,Sunny,Day,0.06089409722222222,100.0,-7.0,27.234602999669733,auto
1768181161721,Sunny,Day,0.060807291666666666,100.0,-8.0,24.28755800019644,auto
1768181161754,Sunny,Day,0.060980902777777776,100.0,-8.0,27.193678000003274,auto
1768181161787,Sunny,Day,0.062022569444444446,100.0,-8.0,27.56024200016327,auto
1768181161816,Sunny,Day,0.06076388888888889,100.0,-8.0,23.625891999927262,auto
1768181161849,Sunny,Day,0.06019965277777778,100.0,-8.0,18.194734000189783,auto
1768181161879,Sunny,Day,0.06067708333333333,100.0,-8.0,18.20484400013811,auto
1768181161910,Sunny,Day,0.06150173611111111,100.0,-8.0,19.71857899980023,auto
1768181161942,Sunny,Day,0.06002604166666667,100.0,-7.0,25.077017000057822,auto
1768181161973,Sunny,Day,0.06154513888888889,100.0,-7.0,25.467154000125447,auto
1768181162007,Sunny,Day,0.060980902777777776,100.0,-7.0,28.222906999872066,auto
1768181162038,Sunny,Day,0.06232638888888889,100.0,-7.0,25.37584199990306,auto
1768181162067,Sunny,Day,0.06189236111111111,100.0,-6.0,22.673031000067567,auto
1768181162101,Sunny,Day,0.061848958333333336,100.0,-6.0,28.45212400006858,auto
1768181162130,Sunny,Day,0.06284722222222222,100.0,-6.0,23.251162999713415,auto
1768181162163,Sunny,Day,0.06436631944444444,100.0,-6.0,26.161467999827437,auto
1768181162196,Sunny,Day,0.06284722222222222,100.0,-7.0,24.682177000158845,auto
1768181162224,Sunny,Day,0.06427951388888889,100.0,-7.0,22.319819000131247,auto
1768181162257,Sunny,Day,0.06280381944444445,100.0,-7.0,26.674212000216357,auto
1768181162291,Sunny,Day,0.06475694444444445,100.0,-7.0,27.319174999774987,auto
1768181162320,Sunny,Day,0.06610243055555555,100.0,-7.0,20.5973509996511,auto
1768181162349,Sunny,Day,0.06506076388888889,100.0,-7.0,20.59255399990434,auto
1768181162381,Sunny,Day,0.06497395833333333,100.0,-6.0,26.533882999956404,auto
1768181162412,Sunny,Day,0.0646701388888889,100.0,-7.0,25.100109000049997,auto
1768181162445,Sunny,Day,0.06762152777777777,100.0,-7.0,27.268768999874737,auto
1768181162476,Sunny,Day,0.06623263888888889,100.0,-7.0,26.094543999988673,auto
1768181162507,Sunny,Day,0.06584201388888888,100.0,-7.0,25.714906999837694,auto
1768181162538,Sunny,Day,0.06697048611111112,100.0,-7.0,24.97216900019339,auto
1768181162572,Sunny,Day,0.06510416666666667,100.0,-6.0,28.744060000008176,auto
1768181162604,Sunny,Day,0.06631944444444444,100.0,-6.0,26.462218999768083,auto
1768181162632,Sunny,Day,0.0661892361111111,100.0,-6.0,23.044002000006003,auto
1768181162664,Sunny,Day,0.06579861111111111,100.0,-6.0,26.243927999985317,auto
1768181162695,Sunny,Day,0.06597222222222222,100.0,-6.0,24.952577000021847,auto
1768181162727,Sunny,Day,0.06701388888888889,100.0,-6.0,25.612891000037052,auto
1768181162758,Sunny,Day,0.06375868055555556,100.0,-6.0,26.427496999986033,auto
1768181162789,Sunny,Day,0.06358506944444445,100.0,-6.0,25.48080199994729,auto
1768181162821,Sunny,Day,0.06540798611111111,100.0,-6.0,25.95115900021483,auto
1768181162855,Sunny,Day,0.06588541666666667,100.0,-6.0,28.53502900006788,auto
1768181162887,Sunny,Day,0.06545138888888889,100.0,-6.0,19.17211399995722,auto
1768181162918,Sunny,Day,0.06401909722222222,100.0,-6.0,20.319988000210287,auto
1768181162946,Sunny,Day,0.06432291666666666,100.0,-6.0,21.950607000235323,auto
1768181162979,Sunny,Day,0.06714409722222223,100.0,-7.0,26.93139000029987,auto
1768181163011,Sunny,Day,0.06514756944444444,100.0,-6.0,27.17962399992757,auto
1768181163042,Sunny,Day,0.06519097222222223,100.0,-6.0,25.32143600001291,auto
1768181163074,Sunny,Day,0.06419270833333333,100.0,-6.0,25.74005499991472,auto
1768181163104,Sunny,Day,0.0661892361111111,100.0,-7.0,24.802044000352907,auto
1768181163135,Sunny,Day,0.06649305555555556,100.0,-7.0,25.005981999584037,auto
1768181163167,Sunny,Day,0.06549479166666666,100.0,-6.0,26.186151999809226,auto
1768181163199,Sunny,Day,0.06532118055555555,100.0,-7.0,26.508217000355216,auto
1768181163229,Sunny,Day,0.0642361111111111,100.0,-6.0,25.220180999895092,auto
1768181163262,Sunny,Day,0.06653645833333334,100.0,-6.0,25.493487999938225,auto
1768181163292,Sunny,Day,0.06588541666666667,100.0,-6.0,17.61464099990917,auto
1768181163325,Sunny,Day,0.06471354166666667,100.0,-6.0,27.90488099981303,auto
1768181163354,Sunny,Day,0.06553819444444445,100.0,-6.0,23.94258800040916,auto
1768181163386,Sunny,Day,0.06553819444444445,100.0,-6.0,26.06930399997509,auto
1768181163419,Sunny,Day,0.065625,100.0,-6.0,27.380785000332253,auto
1768181163449,Sunny,Day,0.06623263888888889,100.0,-6.0,24.874209000245173,auto
1768181163481,Sunny,Day,0.06705729166666667,100.0,-6.0,25.363768999795866,auto
1768181163515,Sunny,Day,0.06788194444444444,100.0,-6.0,28.39223699993454,auto
1768181163542,Sunny,Day,0.066796875,100.0,-7.0,21.13205699970422,auto
1768181163574,Sunny,Day,0.06519097222222223,100.0,-7.0,26.424164999752975,auto
1768181163605,Sunny,Day,0.06605902777777778,100.0,-8.0,26.20081900022342,auto
1768181163637,Sunny,Day,0.06701388888888889,100.0,-8.0,25.809942000250885,auto
1768181163670,Sunny,Day,0.06749131944444445,100.0,-8.0,27.55209399992964,auto
1768181163701,Sunny,Day,0.06610243055555555,100.0,-7.0,17.235966000043845,auto
1768181163732,Sunny,Day,0.06592881944444444,100.0,-6.0,14.359401000092475,auto
1768181163764,Sunny,Day,0.06705729166666667,100.0,-6.0,26.466367000011815,auto
1768181163795,Sunny,Day,0.068359375,100.0,-5.0,18.60683400036578,auto
1768181163829,Sunny,Day,0.06744791666666666,100.0,-5.0,26.392443000077037,auto
1768181163857,Sunny,Day,0.06705729166666667,100.0,-5.0,22.041456999886577,auto
1768181163888,Sunny,Day,0.06883680555555556,100.0,-5.0,22.517203000006702,auto
1768181163921,Sunny,Day,0.06961805555555556,100.0,-5.0,27.092181999705645,auto
1768181163951,Sunny,Day,0.06927083333333334,100.0,-5.0,24.37494500009052,auto
1768181163984,Sunny,Day,0.07000868055555555,100.0,-5.0,26.966833000187762,auto
1768181164014,Sunny,Day,0.07057291666666667,100.0,-5.0,24.608772000192403,auto
1768181164046,Sunny,Day,0.06953125,100.0,-6.0,25.533431000440032,auto
1768181164078,Sunny,Day,0.07122395833333334,100.0,-6.0,25.85853299979135,auto
1768181164112,Sunny,Day,0.07044270833333334,100.0,-7.0,26.864781999847764,auto
1768181164140,Sunny,Day,0.07170138888888888,100.0,-8.0,21.972088999973494,auto
1768181164171,Sunny,Day,0.07196180555555555,100.0,-9.0,25.30936399989514,auto
1768181164204,Sunny,Day,0.07269965277777778,100.0,-9.0,25.828107000052114,auto
1768181164234,Sunny,Day,0.07335069444444445,100.0,-10.0,22.491277999961312,auto
1768181164265,Sunny,Day,0.07126736111111111,100.0,-11.0,25.33445600010964,auto
1768181164298,Sunny,Day,0.07261284722222222,100.0,-12.0,27.193846000045596,auto
1768181164330,Sunny,Day,0.07278645833333333,100.0,-13.0,25.34865899997385,auto
1768181164359,Sunny,Day,0.07217881944444444,100.0,-13.0,22.341652999784856,auto
1768181164390,Sunny,Day,0.07118055555555555,100.0,-13.0,25.03622299991548,auto
1768181164421,Sunny,Day,0.07269965277777778,100.0,-12.0,26.23183700006848,auto
1768181164454,Sunny,Day,0.07200520833333333,100.0,-10.0,28.22337299994615,auto
1768181164485,Sunny,Day,0.07044270833333334,100.0,-9.0,24.49649900017903,auto
1768181164518,Sunny,Day,0.07217881944444444,100.0,-8.0,26.428627999848686,auto
1768181164548,Sunny,Day,0.07096354166666667,100.0,-6.0,19.432515000062267,auto
1768181164580,Sunny,Day,0.07039930555555556,100.0,-5.0,25.93334599987429,auto
1768181164612,Sunny,Day,0.07326388888888889,100.0,-5.0,16.810330000225804,auto
1768181164647,Sunny,Day,0.073046875,100.0,-6.0,23.27434800008632,auto
1768181164674,Sunny,Day,0.0740017361111111,100.0,-6.0,20.563259000027756,auto
1768181164704,Sunny,Day,0.07282986111111112,100.0,-6.0,24.579755000104342,auto
1768181164736,Sunny,Day,0.07452256944444445,100.0,-7.0,25.94193799995992,auto
1768181164769,Sunny,Day,0.07413194444444444,100.0,-7.0,27.67270300000746,auto
1768181164799,Sunny,Day,0.07491319444444444,100.0,-7.0,24.16174800009685,auto
1768181164832,Sunny,Day,0.07508680555555555,100.0,-7.0,27.55813199974,auto
1768181164862,Sunny,Day,0.07591145833333333,100.0,-7.0,19.842909000090003,auto
1768181164893,Sunny,Day,0.07552083333333333,100.0,-7.0,25.725074000092718,auto
1768181164927,Sunny,Day,0.07517361111111111,100.0,-7.0,27.702794000106223,auto
1768181164956,Sunny,Day,0.07430555555555556,100.0,-7.0,22.41266999999425,auto
1768181164987,Sunny,Day,0.07504340277777778,100.0,-7.0,25.64746500002002,auto
1768181165018,Sunny,Day,0.07426215277777778,100.0,-8.0,25.72212999984913,auto
1768181165056,Sunny,Day,0.07434895833333334,100.0,-8.0,32.485657000052015,auto
1768181165083,Sunny,Day,0.07369791666666667,100.0,-8.0,16.460878000088996,auto
1768181165114,Sunny,Day,0.07235243055555556,100.0,-8.0,25.260662000164302,auto
1768181165147,Sunny,Day,0.07278645833333333,100.0,-8.0,25.03246499964007,auto
1768181165176,Sunny,Day,0.07261284722222222,100.0,-8.0,24.03645599997617,auto
1768181165207,Sunny,Day,0.07092013888888889,100.0,-8.0,23.37025299993911,auto
1768181165242,Sunny,Day,0.07265625,100.0,-9.0,29.12032799986264,auto
1768181165270,Sunny,Day,0.07196180555555555,100.0,-9.0,19.503105000239884,auto
1768181165302,Sunny,Day,0.07352430555555556,100.0,-9.0,25.978956000017206,auto
1768181165333,Sunny,Day,0.071875,100.0,-9.0,25.498914000309014,auto
1768181165366,Sunny,Day,0.07144097222222222,100.0,-9.0,27.95393599990348,auto
1768181165396,Sunny,Day,0.07174479166666667,100.0,-9.0,24.05791900037002,auto
1768181165427,Sunny,Day,0.07105034722222223,100.0,-8.0,24.811081999814633,auto
1768181165462,Sunny,Day,0.07087673611111112,100.0,-8.0,28.20566999980656,auto
1768181165491,Sunny,Day,0.07139756944444445,100.0,-7.0,21.530973000153608,auto
1768181165522,Sunny,Day,0.07139756944444445,100.0,-7.0,25.60217099971851,auto
1768181165556,Sunny,Day,0.07256944444444445,100.0,-8.0,27.68896199995652,auto
1768181165585,Sunny,Day,0.07196180555555555,100.0,-8.0,23.009505000118224,auto
1768181165617,Sunny,Day,0.07161458333333333,100.0,-7.0,25.934122999842657,auto
1768181165647,Sunny,Day,0.07196180555555555,100.0,-7.0,15.453703999810386,auto
1768181165679,Sunny,Day,0.07217881944444444,100.0,-8.0,25.69909399971948,auto
1768181165709,Sunny,Day,0.07252604166666667,100.0,-8.0,24.76730599983057,auto
1768181165743,Sunny,Day,0.0724826388888889,100.0,-8.0,27.721349999865197,auto
1768181165773,Sunny,Day,0.07113715277777778,100.0,-8.0,20.36724699974002,auto
1768181165804,Sunny,Day,0.0734375,100.0,-9.0,17.408517000149004,auto
1768181165835,Sunny,Day,0.07152777777777777,100.0,-8.0,25.635428999976284,auto
1768181165869,Sunny,Day,0.07191840277777778,100.0,-9.0,27.770959999998013,auto
1768181165898,Sunny,Day,0.07309027777777778,100.0,-9.0,20.009109000056924,auto
1768181165929,Sunny,Day,0.07361111111111111,100.0,-9.0,25.42217600012009,auto
1768181165962,Sunny,Day,0.07404513888888889,100.0,-9.0,27.1500339999875,auto
1768181165992,Sunny,Day,0.07395833333333333,100.0,-8.0,24.55029300017486,auto
1768181166023,Sunny,Day,0.07369791666666667,100.0,-9.0,25.749055000233056,auto
1768181166058,Sunny,Day,0.07404513888888889,100.0,-8.0,28.599121999832278,auto
1768181166088,Sunny,Day,0.07452256944444445,100.0,-8.0,23.43319600004179,auto
1768181166118,Sunny,Day,0.07421875,100.0,-7.0,19.319463000101678,auto
1768181166149,Sunny,Day,0.07421875,100.0,-7.0,26.10754499983159,auto
1768181166182,Sunny,Day,0.07408854166666666,100.0,-6.0,27.70599899986337,auto
1768181166212,Sunny,Day,0.07439236111111111,100.0,-6.0,22.68627400007972,auto
1768181166243,Sunny,Day,0.07473958333333333,100.0,-6.0,25.726037999902474,auto
1768181166278,Sunny,Day,0.0740017361111111,100.0,-5.0,29.36584100007167,auto
1768181166306,Sunny,Day,0.07447916666666667,100.0,-5.0,22.090235000177927,auto
1768181166339,Sunny,Day,0.07473958333333333,100.0,-5.0,27.52011600023252,auto
1768181166369,Sunny,Day,0.07473958333333333,100.0,-5.0,24.35913299996173,auto
1768181166402,Sunny,Day,0.07456597222222222,100.0,-5.0,28.020545999879687,auto
1768181166432,Sunny,Day,0.0744357638888889,100.0,-6.0,23.063743999955477,auto
1768181166463,Sunny,Day,0.07478298611111112,100.0,-6.0,25.72450099978596,auto
1768181166496,Sunny,Day,0.07556423611111111,100.0,-6.0,26.35053899984996,auto
1768181166526,Sunny,Day,0.07508680555555555,100.0,-7.0,23.50480500035701,auto
1768181166558,Sunny,Day,0.074609375,100.0,-7.0,26.353648999702273,auto
1768181166589,Sunny,Day,0.07530381944444445,100.0,-7.0,18.30423299998074,auto
1768181166621,Sunny,Day,0.07621527777777778,100.0,-8.0,25.176295000164828,auto
1768181166652,Sunny,Day,0.07725694444444445,100.0,-8.0,24.893987999803358,auto
1768181166686,Sunny,Day,0.07495659722222223,100.0,-7.0,27.334045999850787,auto
1768181166715,Sunny,Day,0.07578125,100.0,-7.0,23.864312999648973,auto
1768181166746,Sunny,Day,0.07599826388888889,100.0,-6.0,25.110591999691678,auto
1768181166779,Sunny,Day,0.076171875,100.0,-6.0,27.58598400032497,auto
1768181166808,Sunny,Day,0.07621527777777778,100.0,-5.0,22.846584000035364,auto
1768181166840,Sunny,Day,0.07647569444444445,100.0,-5.0,26.065527999890037,auto
1768181166872,Sunny,Day,0.07664930555555556,100.0,-5.0,26.341760999912367,auto
1768181166907,Sunny,Day,0.07651909722222222,100.0,-5.0,25.152758000331232,auto
1768181166934,Sunny,Day,0.07682291666666667,100.0,-5.0,18.093700999997964,auto
1768181166966,Sunny,Day,0.076953125,100.0,-6.0,25.25766200005819,auto
1768181166998,Sunny,Day,0.07686631944444444,100.0,-6.0,25.39984400027606,auto
1768181167031,Sunny,Day,0.07690972222222223,100.0,-6.0,23.585173999890685,auto
1768181167064,Sunny,Day,0.076953125,100.0,-6.0,27.10212900001352,auto
1768181167092,Sunny,Day,0.07721354166666666,100.0,-5.0,22.779549000006227,auto
1768181167122,Sunny,Day,0.07634548611111111,100.0,-5.0,24.701660000118864,auto
1768181167153,Sunny,Day,0.07747395833333333,100.0,-5.0,25.759536999885313,auto
1768181167188,Sunny,Day,0.07751736111111111,100.0,-5.0,29.466135000348004,auto
1768181167220,Sunny,Day,0.07764756944444444,100.0,-5.0,25.417455000024347,auto
1768181167248,Sunny,Day,0.07764756944444444,100.0,-5.0,20.869381000011344,auto
1768181167283,Sunny,Day,0.07734375,100.0,-5.0,30.544177000138006,auto
1768181167311,Sunny,Day,0.07799479166666666,100.0,-5.0,21.630044999710663,auto
1768181167343,Sunny,Day,0.07708333333333334,100.0,-5.0,26.547995999862906,auto
1768181167374,Sunny,Day,0.07690972222222223,100.0,-5.0,25.639467000019067,auto
1768181167406,Sunny,Day,0.07708333333333334,100.0,-5.0,26.26707899980829,auto
1768181167437,Sunny,Day,0.07721354166666666,100.0,-5.0,22.324524999930873,auto
1768181167468,Sunny,Day,0.07786458333333333,100.0,-5.0,25.3111799997896,auto
1768181167500,Sunny,Day,0.07717013888888889,100.0,-5.0,26.819637000244256,auto
1768181167531,Sunny,Day,0.07712673611111111,100.0,-5.0,24.980023000352958,auto
1768181167562,Sunny,Day,0.07808159722222222,100.0,-5.0,24.868525999863778,auto
1768181167594,Sunny,Day,0.07756076388888888,100.0,-6.0,26.00702999961868,auto
1768181167625,Sunny,Day,0.07751736111111111,100.0,-6.0,25.838089999979275,auto
1768181167656,Sunny,Day,0.07730034722222222,100.0,-6.0,25.94323599987547,auto
1768181167688,Sunny,Day,0.07782118055555555,100.0,-6.0,25.50172900009784,auto
1768181167720,Sunny,Day,0.07751736111111111,100.0,-6.0,25.60465299984571,auto
1768181167751,Sunny,Day,0.07673611111111112,100.0,-5.0,25.10590800011414,auto
1768181167783,Sunny,Day,0.07708333333333334,100.0,-5.0,26.071027999932994,auto
1768181167814,Sunny,Day,0.07647569444444445,100.0,-5.0,24.805693999951473,auto
1768181167845,Sunny,Day,0.07682291666666667,100.0,-5.0,25.290273000337038,auto
1768181167881,Sunny,Day,0.07795138888888889,100.0,-5.0,29.832272000021476,auto
1768181167909,Sunny,Day,0.07721354166666666,100.0,-5.0,21.864353000182746,auto
1768181167941,Sunny,Day,0.07734375,100.0,-5.0,25.51117399980285,auto
1768181167972,Sunny,Day,0.07860243055555556,100.0,-5.0,22.205194999969535,auto
1768181168003,Sunny,Day,0.07873263888888889,100.0,-5.0,22.700050999901578,auto
1768181168036,Sunny,Day,0.07877604166666667,100.0,-5.0,26.73043500044514,auto
1768181168066,Sunny,Day,0.07886284722222223,100.0,-5.0,24.390594999658788,auto
1768181168096,Sunny,Day,0.07795138888888889,100.0,-6.0,23.406179000176053,auto
1768181168127,Sunny,Day,0.07886284722222223,100.0,-6.0,25.972142000227905,auto
1768181168158,Sunny,Day,0.07738715277777777,100.0,-6.0,26.034770000023855,auto
1768181168191,Sunny,Day,0.07686631944444444,100.0,-6.0,27.66403800023909,auto
1768181168222,Sunny,Day,0.07821180555555556,100.0,-6.0,25.628931000028388,auto
1768181168253,Sunny,Day,0.07721354166666666,100.0,-6.0,23.792649999904825,auto
1768181168284,Sunny,Day,0.07795138888888889,100.0,-6.0,25.600615999792353,auto
1768181168317,Sunny,Day,0.07881944444444444,100.0,-6.0,27.24925400025313,auto
1768181168349,Sunny,Day,0.07912326388888889,100.0,-6.0,24.81210199994166,auto
1768181168378,Sunny,Day,0.07829861111111111,100.0,-6.0,24.353947999770753,auto
1768181168412,Sunny,Day,0.07886284722222223,100.0,-6.0,27.615298999990046,auto
1768181168442,Sunny,Day,0.07868923611111112,100.0,-5.0,25.05763199997091,auto
1768181168472,Sunny,Day,0.07903645833333334,100.0,-5.0,24.496129999988625,auto
1768181168505,Sunny,Day,0.07886284722222223,100.0,-4.0,26.718621000327403,auto
1768181168535,Sunny,Day,0.07934027777777777,100.0,-4.0,24.816360999921017,auto
1768181168567,Sunny,Day,0.07977430555555555,100.0,-4.0,25.333957000384544,auto
1768181168598,Sunny,Day,0.080078125,100.0,-4.0,25.785406999602856,auto
1768181168630,Sunny,Day,0.07907986111111111,100.0,-4.0,25.659947999884025,auto
1768181168661,Sunny,Day,0.07981770833333333,100.0,-4.0,25.27045899978475,auto
1768181168694,Sunny,Day,0.07934027777777777,100.0,-4.0,28.10124799998448,auto
1768181168729,Sunny,Day,0.08072916666666667,100.0,-4.0,28.813321000143333,auto
1768181168755,Sunny,Day,0.080859375,100.0,-4.0,20.693812999979855,auto
1768181168788,Sunny,Day,0.080859375,100.0,-4.0,26.0686399997212,auto
1768181168818,Sunny,Day,0.08077256944444444,100.0,-4.0,20.759811000061745,auto
1768181168850,Sunny,Day,0.08142361111111111,100.0,-4.0,26.139212000089174,auto
1768181168881,Sunny,Day,0.0822482638888889,100.0,-4.0,25.630652000018017,auto
1768181168915,Sunny,Day,0.0818142361111111,100.0,-4.0,26.949095999952988,auto
1768181168945,Sunny,Day,0.08276909722222223,100.0,-5.0,23.764336000112962,auto
1768181168975,Sunny,Day,0.08302951388888889,100.0,-5.0,19.66904600021735,auto
1768181169007,Sunny,Day,0.08311631944444445,100.0,-5.0,26.971539999976812,auto
1768181169038,Sunny,Day,0.08363715277777778,100.0,-5.0,24.709494000035193,auto
1768181169071,Sunny,Day,0.08498263888888889,100.0,-5.0,27.871996000158106,auto
1768181169103,Sunny,Day,0.08493923611111111,100.0,-5.0,26.61477299989201,auto
1768181169135,Sunny,Day,0.08485243055555555,100.0,-5.0,25.206628999967506,auto
1768181169164,Sunny,Day,0.08624131944444445,100.0,-5.0,23.068355999839696,auto
1768181169196,Sunny,Day,0.08559027777777778,100.0,-5.0,26.034196999717096,auto
1768181169228,Sunny,Day,0.08606770833333334,100.0,-5.0,26.731844000096316,auto
1768181169260,Sunny,Day,0.08602430555555556,100.0,-5.0,25.64959599976646,auto
1768181169289,Sunny,Day,0.08628472222222222,100.0,6.0,21.432811000067886,auto
1768181169320,Sunny,Day,0.08550347222222222,100.0,6.0,26.119361000382924,auto
1768181169352,Sunny,Day,0.08546006944444444,100.0,6.0,26.369817000158946,auto
1768181169383,Sunny,Day,0.08658854166666667,100.0,4.0,24.732401000164828,auto
1768181169414,Sunny,Day,0.0859375,100.0,4.0,25.984569000229385,auto
1768181169446,Sunny,Day,0.08741319444444444,100.0,2.0,17.51805300000342,auto
1768181169478,Sunny,Day,0.08871527777777778,100.0,0.0,26.87906200026191,auto
1768181169509,Sunny,Day,0.08884548611111111,100.0,-2.0,24.55942500000674,auto
1768181169542,Sunny,Day,0.08914930555555556,100.0,-3.0,26.535385999977734,auto
1768181169572,Sunny,Day,0.08940972222222222,100.0,-5.0,20.99717500004772,auto
1768181169604,Sunny,Day,0.08975694444444444,100.0,-5.0,26.505442000143375,auto
1768181169636,Sunny,Day,0.09010416666666667,100.0,-6.0,21.641674999955285,auto
1768181169665,Sunny,Day,0.08893229166666666,100.0,19.0,22.3576729999877,auto
1768181169696,Sunny,Day,0.09040798611111112,100.0,19.0,25.503767000373045,auto
1768181169728,Sunny,Day,0.09092881944444445,100.0,18.0,26.494127999740158,auto
1768181169759,Sunny,Day,0.09188368055555556,100.0,18.0,25.792537000143057,auto
1768181169791,Sunny,Day,0.09479166666666666,100.0,17.0,26.55277499980002,auto
1768181169822,Sunny,Day,0.09917534722222222,100.0,13.0,25.50913799996124,auto
1768181169857,Sunny,Day,0.100390625,100.0,10.0,22.076126000229124,auto
1768181169886,Sunny,Day,0.10082465277777777,100.0,8.0,14.58080299971698,auto
1768181169917,Sunny,Day,0.10759548611111111,100.0,6.0,26.16795300036756,auto
1768181169951,Sunny,Day,0.10876736111111111,100.0,5.0,28.073546000086935,auto
1768181169981,Sunny,Day,0.112109375,100.0,3.0,24.196657000175037,auto
1768181170011,Sunny,Day,0.11050347222222222,100.0,1.0,24.672698999893328,auto
1768181170044,Sunny,Day,0.11315104166666666,100.0,0.0,27.501081000082195,auto
1768181170075,Sunny,Day,0.1154513888888889,100.0,-1.0,24.455094000131794,auto
1768181170106,Sunny,Day,0.11723090277777778,100.0,-2.0,24.234414999682485,auto
1768181170137,Sunny,Day,0.11779513888888889,100.0,-2.0,25.543470999764395,auto
1768181170169,Sunny,Day,0.11788194444444444,100.0,-2.0,24.815417999889178,auto
1768181170199,Sunny,Day,0.11866319444444444,100.0,-3.0,24.824824999996054,auto
1768181170230,Sunny,Day,0.11792534722222223,100.0,-3.0,24.844990000019607,auto
1768181170264,Sunny,Day,0.11848958333333333,100.0,-4.0,28.022102999784693,auto
1768181170294,Sunny,Day,0.11974826388888889,100.0,-4.0,24.80523299982451,auto
1768181170327,Sunny,Day,0.11866319444444444,100.0,-4.0,26.607291999880545,auto
1768181170359,Sunny,Day,0.11657986111111111,100.0,-5.0,26.226228999803425,auto
1768181170388,Sunny,Day,0.11588541666666667,100.0,-5.0,23.220036999646254,auto
1768181170419,Sunny,Day,0.11631944444444445,100.0,-5.0,25.411549000182276,auto
1768181170452,Sunny,Day,0.11488715277777778,100.0,-6.0,26.508664999710163,auto
1768181170485,Sunny,Day,0.11297743055555555,100.0,-5.0,26.78621299992301,auto
1768181170514,Sunny,Day,0.11310763888888889,100.0,-5.0,22.80558700022084,auto
1768181170545,Sunny,Day,0.1095920138888889,100.0,-5.0,25.429158999941137,auto
1768181170577,Sunny,Day,0.10989583333333333,100.0,-5.0,24.94641400016917,auto
1768181170608,Sunny,Day,0.10846354166666666,100.0,-5.0,24.020440000185772,auto
1768181170641,Sunny,Day,0.10711805555555555,100.0,-4.0,26.576848999866343,auto
1768181170672,Sunny,Day,0.10811631944444444,100.0,-5.0,25.292681999872002,auto
1768181170702,Sunny,Day,0.10698784722222222,100.0,-4.0,24.25113799972678,auto
1768181170735,Sunny,Day,0.10703125,100.0,-4.0,27.775981000104366,auto
1768181170766,Sunny,Day,0.10690104166666667,100.0,-5.0,25.570840000000317,auto
1768181170800,Sunny,Day,0.10434027777777778,100.0,-5.0,25.939384999674076,auto
1768181170828,Sunny,Day,0.10234375,100.0,-5.0,21.361647000048833,auto
1768181170860,Sunny,Day,0.09800347222222222,100.0,-5.0,26.092584999787505,auto
1768181170889,Sunny,Day,0.09622395833333333,100.0,18.0,23.095764000117924,auto
1768181170919,Sunny,Day,0.0935329861111111,100.0,18.0,23.50167699978556,auto
1768181170951,Sunny,Day,0.0921875,100.0,18.0,26.4315199997327,auto
1768181170982,Sunny,Day,0.094140625,100.0,17.0,26.489313999718433,auto
1768181171014,Sunny,Day,0.09904513888888888,100.0,15.0,26.37639099975786,auto
1768181171045,Sunny,Day,0.10225694444444444,100.0,11.0,26.645587000075466,auto
1768181171076,Sunny,Day,0.10269097222222222,100.0,8.0,26.963023000007524,auto
1768181171108,Sunny,Day,0.09995659722222222,100.0,5.0,26.715937999597372,auto
1768181171141,Sunny,Day,0.09583333333333334,100.0,3.0,28.395445000114705,auto
1768181171170,Sunny,Day,0.09305555555555556,100.0,0.0,24.242157000117004,auto
1768181171206,Sunny,Day,0.09244791666666667,100.0,-2.0,29.52861700032372,auto
1768181171233,Sunny,Day,0.09188368055555556,100.0,-3.0,22.624628999892593,auto
1768181171265,Sunny,Day,0.09270833333333334,100.0,-4.0,26.53475699980845,auto
1768181171296,Sunny,Day,0.09379340277777778,100.0,-4.0,26.15345399999569,auto
1768181171328,Sunny,Day,0.09500868055555556,100.0,-4.0,26.97939299969221,auto
1768181171359,Sunny,Day,0.09314236111111111,100.0,-4.0,26.250451000123576,auto
1768181171390,Sunny,Day,0.09227430555555556,100.0,-4.0,27.000539999789908,auto
1768181171422,Sunny,Day,0.09088541666666666,100.0,-5.0,26.99585600021237,auto
1768181171453,Sunny,Day,0.09084201388888889,100.0,-5.0,26.364003000253433,auto
1768181171485,Sunny,Day,0.090234375,100.0,-4.0,26.62679200011553,auto
1768181171516,Sunny,Day,0.08771701388888889,100.0,-4.0,26.516257999901427,auto
1768181171547,Sunny,Day,0.08602430555555556,100.0,-4.0,26.63677300006384,auto
1768181171579,Sunny,Day,0.08693576388888889,100.0,-4.0,26.76593599971966,auto
1768181171610,Sunny,Day,0.086328125,100.0,-3.0,26.346171000113827,auto
1768181171641,Sunny,Day,0.08736979166666667,100.0,-3.0,26.847914999962086,auto
1768181171673,Sunny,Day,0.087890625,100.0,-3.0,26.909931999853143,auto
1768181171704,Sunny,Day,0.08728298611111111,100.0,-47.0,26.374317999852792,auto
1768181171739,Sunny,Day,0.08671875,100.0,-2.0,24.797252000098524,auto
1768181171771,Sunny,Day,0.08849826388888889,100.0,-47.0,27.02620600030059,auto
1768181171799,Sunny,Day,0.08862847222222223,100.0,-45.0,21.395534000021144,auto
1768181171830,Sunny,Day,0.0896267361111111,100.0,-44.0,26.560276000054728,auto
1768181171861,Sunny,Day,0.0881076388888889,100.0,-41.0,26.710733999607328,auto
1768181171893,Sunny,Day,0.08650173611111112,100.0,-37.0,26.829563000319467,auto
1768181171926,Sunny,Day,0.07903645833333334,100.0,-34.0,28.177672999845527,auto
1768181171955,Sunny,Day,0.07560763888888888,100.0,-29.0,23.68513500005065,auto
1768181171987,Sunny,Day,0.07335069444444445,100.0,-25.0,26.509018000069773,auto
1768181172018,Sunny,Day,0.07447916666666667,100.0,,26.620200000252225,auto
1768181172050,Sunny,Day,0.07534722222222222,100.0,,27.302846999646135,auto
1768181172082,Sunny,Day,0.07330729166666666,100.0,,26.790620999690873,auto
1768181172113,Sunny,Day,0.07599826388888889,100.0,,26.321263999761868,auto
1768181172144,Sunny,Day,0.07599826388888889,100.0,,26.52549899994483,auto
1768181172175,Sunny,Day,0.07756076388888888,100.0,,26.461852000011277,auto
1768181172207,Sunny,Day,0.08203125,100.0,,26.361281999925268,auto
1768181172239,Sunny,Day,0.08276909722222223,100.0,,24.639664000005723,auto
1768181172269,Sunny,Day,0.08485243055555555,100.0,,24.821511000027385,auto
1768181172301,Sunny,Day,0.084765625,100.0,,27.797555000233842,auto
1768181172332,Sunny,Day,0.08541666666666667,100.0,,26.770787999794265,auto
1768181172363,Sunny,Day,0.08719618055555556,100.0,,26.668124000025273,auto
1768181172398,Sunny,Day,0.08841145833333333,100.0,,30.34066800000801,auto
1768181172427,Sunny,Day,0.08984375,100.0,,23.458032000235107,auto
1768181172458,Sunny,Day,0.08932291666666667,100.0,,25.876499000332842,auto
1768181172489,Sunny,Day,0.088671875,100.0,,26.60520000017641,auto
1768181172521,Sunny,Day,0.08728298611111111,100.0,,26.977856000030442,auto
1768181172552,Sunny,Day,0.08333333333333333,100.0,,26.553054000032716,auto
1768181172584,Sunny,Day,0.07999131944444444,100.0,6.0,26.55459100014923,auto
1768181172615,Sunny,Day,0.07886284722222223,100.0,8.0,26.260562000061327,auto
1768181172646,Sunny,Day,0.07751736111111111,100.0,9.0,26.529036000283668,auto
1768181172678,Sunny,Day,0.07803819444444444,100.0,9.0,25.134557000001223,auto
1768181172709,Sunny,Day,0.07838541666666667,100.0,7.0,27.014578000034817,auto
1768181172742,Sunny,Day,0.0783420138888889,100.0,7.0,19.857281999975385,auto
1768181172772,Sunny,Day,0.07981770833333333,100.0,6.0,25.888036000196735,auto
1768181172804,Sunny,Day,0.07877604166666667,100.0,4.0,26.506722000249283,auto
1768181172838,Sunny,Day,0.07981770833333333,100.0,3.0,21.871520999866334,auto
1768181172866,Sunny,Day,0.08046875,100.0,2.0,23.299220999888348,auto
1768181172898,Sunny,Day,0.07999131944444444,100.0,1.0,25.27799800009234,auto
1768181172932,Sunny,Day,0.08094618055555555,100.0,1.0,29.291418999946472,auto
1768181172960,Sunny,Day,0.08133680555555556,100.0,25.0,22.18623499993555,auto
1768181172992,Sunny,Day,0.08216145833333334,100.0,25.0,26.79810199970234,auto
1768181173023,Sunny,Day,0.08537326388888888,100.0,25.0,26.082568000219908,auto
1768181173054,Sunny,Day,0.0857204861111111,100.0,-3.0,26.33691299979546,auto
1768181173086,Sunny,Day,0.08802083333333334,100.0,-5.0,26.675532000353996,auto
1768181173120,Sunny,Day,0.08819444444444445,100.0,21.0,21.302001000094606,auto
1768181173150,Sunny,Day,0.08745659722222222,100.0,21.0,22.684017000301537,auto
1768181173180,Sunny,Day,0.08650173611111112,100.0,22.0,24.214805999690725,auto
1768181173211,Sunny,Day,0.08598090277777778,100.0,22.0,26.544072999968193,auto
1768181173243,Sunny,Day,0.08715277777777777,100.0,22.0,26.844212000014522,auto
1768181173274,Sunny,Day,0.08736979166666667,100.0,21.0,25.479621999693336,auto
1768181173308,Sunny,Day,0.08628472222222222,100.0,22.0,29.75700000024517,auto
1768181173337,Sunny,Day,0.0857204861111111,100.0,22.0,23.967312999957358,auto
1768181173368,Sunny,Day,0.08663194444444444,100.0,22.0,25.83189000006314,auto
1768181173400,Sunny,Day,0.08667534722222223,100.0,22.0,27.287940999940474,auto
1768181173434,Sunny,Day,0.08658854166666667,100.0,22.0,28.394964000199252,auto
1768181173463,Sunny,Day,0.08641493055555556,100.0,22.0,24.22056600016731,auto
1768181173494,Sunny,Day,0.08645833333333333,100.0,22.0,26.59144200015362,auto
1768181173525,Sunny,Day,0.08624131944444445,100.0,22.0,25.991088999944623,auto
1768181173557,Sunny,Day,0.08641493055555556,100.0,22.0,26.2503970002399,auto
1768181173588,Sunny,Day,0.086328125,100.0,22.0,27.000874999885127,auto
1768181173624,Sunny,Day,0.08619791666666667,100.0,22.0,25.794428000153857,auto
1768181173651,Sunny,Day,0.0859375,100.0,22.0,22.34856299992316,auto
1768181173682,Sunny,Day,0.08650173611111112,100.0,22.0,26.127454999823385,auto
1768181173714,Sunny,Day,0.086328125,100.0,22.0,27.019653000024846,auto
1768181173745,Sunny,Day,0.08576388888888889,100.0,22.0,26.345912000124372,auto
1768181173776,Sunny,Day,0.08624131944444445,100.0,22.0,26.67305100021622,auto
1768181173808,Sunny,Day,0.08645833333333333,100.0,22.0,27.012541000203782,auto
1768181173839,Sunny,Day,0.08628472222222222,100.0,22.0,26.407169999856706,auto
1768181173871,Sunny,Day,0.086328125,100.0,22.0,26.465019000170287,auto
1768181173904,Sunny,Day,0.08637152777777778,100.0,22.0,28.561996999997064,auto
1768181173935,Sunny,Day,0.08697916666666666,100.0,21.0,26.683142999900156,auto
1768181173966,Sunny,Day,0.08684895833333334,100.0,22.0,25.537768000049255,auto
1768181173996,Sunny,Day,0.08689236111111111,100.0,22.0,26.063215999784006,auto
1768181174028,Sunny,Day,0.08658854166666667,100.0,22.0,26.774233000196546,auto
1768181174059,Sunny,Day,0.08671875,100.0,22.0,26.912895999885222,auto
1768181174090,Sunny,Day,0.08693576388888889,100.0,22.0,26.530648000061774,auto
1768181174122,Sunny,Day,0.08706597222222222,100.0,22.0,26.55805499989583,auto
1768181174153,Sunny,Day,0.08693576388888889,100.0,22.0,26.50157500011119,auto
1768181174185,Sunny,Day,0.08680555555555555,100.0,22.0,26.433021000229928,auto
1768181174218,Sunny,Day,0.08723958333333333,100.0,21.0,27.665282000270963,auto
1768181174249,Sunny,Day,0.08706597222222222,100.0,21.0,25.909018000220385,auto
1768181174279,Sunny,Day,0.08693576388888889,100.0,21.0,23.818355000003066,auto
1768181174310,Sunny,Day,0.08663194444444444,100.0,21.0,26.103994000095554,auto
1768181174342,Sunny,Day,0.08676215277777778,100.0,21.0,26.891914999850997,auto
1768181174373,Sunny,Day,0.08736979166666667,100.0,21.0,26.456946000052994,auto
1768181174405,Sunny,Day,0.08684895833333334,100.0,21.0,26.7244749998099,auto
1768181174436,Sunny,Day,0.08654513888888889,100.0,21.0,26.734586999737076,auto
1768181174468,Sunny,Day,0.08723958333333333,100.0,21.0,27.170037999894703,auto
1768181174499,Sunny,Day,0.08732638888888888,100.0,21.0,26.5375729995867,auto
1768181174530,Sunny,Day,0.08728298611111111,100.0,22.0,26.47355699991749,auto
1768181174562,Sunny,Day,0.08667534722222223,100.0,22.0,25.81322400010322,auto
1768181174594,Sunny,Day,0.08645833333333333,100.0,22.0,27.3851229999309,auto
1768181174625,Sunny,Day,0.08637152777777778,100.0,22.0,26.78719599998658,auto
1768181174658,Sunny,Day,0.08641493055555556,100.0,22.0,27.930162999837194,auto
1768181174688,Sunny,Day,0.08641493055555556,100.0,22.0,24.670090999734384,auto
1768181174718,Sunny,Day,0.08663194444444444,100.0,22.0,26.14832600011141,auto
1768181174751,Sunny,Day,0.08667534722222223,100.0,22.0,26.66853299979266,auto
1768181174782,Sunny,Day,0.08663194444444444,100.0,22.0,26.329467999858025,auto
1768181174813,Sunny,Day,0.08671875,100.0,22.0,26.19139799980985,auto
1768181174844,Sunny,Day,0.086328125,100.0,22.0,26.844213000003947,auto
1768181174875,Sunny,Day,0.08676215277777778,100.0,22.0,26.184509999893635,auto
1768181174907,Sunny,Day,0.08715277777777777,100.0,22.0,26.559573000213277,auto
1768181174938,Sunny,Day,0.08680555555555555,100.0,22.0,26.862768000228243,auto
1768181174970,Sunny,Day,0.086328125,100.0,22.0,26.85304599981464,auto
1768181175001,Sunny,Day,0.08641493055555556,100.0,22.0,26.689068999985466,auto
1768181175033,Sunny,Day,0.08680555555555555,100.0,22.0,27.01998700013064,auto
1768181175064,Sunny,Day,0.08693576388888889,100.0,22.0,26.304599000013695,auto
1768181175097,Sunny,Day,0.08667534722222223,100.0,22.0,28.70391899978131,auto
1768181175127,Sunny,Day,0.08602430555555556,100.0,22.0,24.253527999917424,auto
1768181175158,Sunny,Day,0.08641493055555556,100.0,22.0,26.781679000123404,auto
1768181175190,Sunny,Day,0.08624131944444445,100.0,22.0,26.436318000378378,auto
1768181175221,Sunny,Day,0.086328125,100.0,22.0,25.13446600005409,auto
1768181175252,Sunny,Day,0.08606770833333334,100.0,22.0,26.531925999734085,auto
1768181175284,Sunny,Day,0.08619791666666667,100.0,22.0,26.504389999900013,auto
1768181175315,Sunny,Day,0.08680555555555555,100.0,22.0,26.355486999818822,auto
1768181175347,Sunny,Day,0.08663194444444444,100.0,22.0,26.642774999800167,auto
1768181175378,Sunny,Day,0.08606770833333334,100.0,22.0,26.361930999883043,auto
1768181175409,Sunny,Day,0.08602430555555556,100.0,22.0,26.09538300021086,auto
1768181175442,Sunny,Day,0.08654513888888889,100.0,22.0,27.471435999814275,auto
1768181175473,Sunny,Day,0.08598090277777778,100.0,22.0,26.133418999961577,auto
1768181175505,Sunny,Day,0.08693576388888889,100.0,22.0,25.36101499981669,auto
1768181175535,Sunny,Day,0.08624131944444445,100.0,21.0,25.247629000205052,auto
1768181175566,Sunny,Day,0.08619791666666667,100.0,22.0,26.363265000327374,auto
1768181175598,Sunny,Day,0.08684895833333334,100.0,22.0,25.99473800000851,auto
1768181175629,Sunny,Day,0.08637152777777778,100.0,22.0,26.91356299965264,auto
1768181175661,Sunny,Day,0.08689236111111111,100.0,22.0,26.740382999832946,auto
1768181175692,Sunny,Day,0.08641493055555556,100.0,22.0,26.823047999641858,auto
1768181175723,Sunny,Day,0.08589409722222222,100.0,22.0,26.5592029995787,auto
1768181175755,Sunny,Day,0.08598090277777778,100.0,22.0,26.770418999603862,auto
1768181175786,Sunny,Day,0.08559027777777778,100.0,22.0,26.974728999903164,auto
1768181175818,Sunny,Day,0.08624131944444445,100.0,21.0,26.675440999952116,auto
1768181175850,Sunny,Day,0.08628472222222222,100.0,21.0,28.09602899969832,auto
1768181175884,Sunny,Day,0.08763020833333333,100.0,22.0,27.330941000400344,auto
1768181175915,Sunny,Day,0.08619791666666667,100.0,22.0,25.19548300006136,auto
1768181175947,Sunny,Day,0.08637152777777778,100.0,22.0,25.07261600021593,auto
1768181175978,Sunny,Day,0.08585069444444444,100.0,22.0,25.50827000004574,auto
1768181176010,Sunny,Day,0.08602430555555556,100.0,22.0,25.417938999908074,auto
1768181176041,Sunny,Day,0.08619791666666667,100.0,22.0,23.575308000090445,auto
1768181176072,Sunny,Day,0.08602430555555556,100.0,22.0,24.65257299991208,auto
1768181176103,Sunny,Day,0.08689236111111111,100.0,22.0,25.058469000214245,auto
1768181176135,Sunny,Day,0.08498263888888889,100.0,22.0,25.05122900038259,auto
1768181176166,Sunny,Day,0.08658854166666667,100.0,22.0,24.972470999728102,auto
1768181176198,Sunny,Day,0.08546006944444444,100.0,22.0,25.461198999892076,auto
1768181176228,Sunny,Day,0.08654513888888889,100.0,22.0,23.721951999959856,auto
1768181176259,Sunny,Day,0.08580729166666666,100.0,22.0,25.67324700021345,auto
1768181176291,Sunny,Day,0.08606770833333334,100.0,22.0,25.78907800034358,auto
1768181176323,Sunny,Day,0.08563368055555555,100.0,22.0,25.277259000176855,auto
1768181176354,Sunny,Day,0.08611111111111111,100.0,22.0,25.689302000046155,auto
1768181176386,Sunny,Day,0.08602430555555556,100.0,22.0,25.579250000191678,auto
1768181176421,Sunny,Day,0.08559027777777778,100.0,22.0,27.770205999786413,auto
1768181176450,Sunny,Day,0.08654513888888889,100.0,22.0,19.946541000081197,auto
1768181176482,Sunny,Day,0.08550347222222222,100.0,22.0,19.621809999989637,auto
1768181176512,Sunny,Day,0.08580729166666666,100.0,22.0,23.757209999985207,auto
1768181176542,Sunny,Day,0.08528645833333333,100.0,22.0,23.991518000002543,auto
1768181176575,Sunny,Day,0.08619791666666667,100.0,22.0,26.66418299986617,auto
1768181176604,Sunny,Day,0.08637152777777778,100.0,22.0,23.79882000013822,auto
1768181176636,Sunny,Day,0.08658854166666667,100.0,22.0,25.971182999910525,auto
1768181176668,Sunny,Day,0.08650173611111112,100.0,22.0,26.168362999669625,auto
1768181176699,Sunny,Day,0.08611111111111111,100.0,22.0,25.76030099999116,auto
1768181176731,Sunny,Day,0.08663194444444444,100.0,22.0,21.348612000110734,auto
1768181176762,Sunny,Day,0.08684895833333334,100.0,22.0,25.107800000114366,auto
1768181176794,Sunny,Day,0.08715277777777777,100.0,22.0,26.170900000124675,auto
1768181176826,Sunny,Day,0.08658854166666667,100.0,22.0,25.60274899997239,auto
1768181176856,Sunny,Day,0.08663194444444444,100.0,22.0,24.526668999897083,auto
1768181176889,Sunny,Day,0.08532986111111111,100.0,22.0,26.127605000056064,auto
1768181176919,Sunny,Day,0.08663194444444444,100.0,22.0,24.540816999888193,auto
1768181176951,Sunny,Day,0.08693576388888889,100.0,21.0,25.314127999990887,auto
1768181176984,Sunny,Day,0.08671875,100.0,22.0,26.514353000038682,auto
1768181177015,Sunny,Day,0.08654513888888889,100.0,22.0,25.037765999968542,auto
1768181177045,Sunny,Day,0.08650173611111112,100.0,22.0,22.92536300001302,auto
1768181177078,Sunny,Day,0.08693576388888889,100.0,22.0,27.05430100013473,auto
1768181177108,Sunny,Day,0.08693576388888889,100.0,22.0,23.694249000072887,auto
1768181177140,Sunny,Day,0.08658854166666667,100.0,22.0,26.774457000101393,auto
1768181177170,Sunny,Day,0.08641493055555556,100.0,22.0,23.765080999964994,auto
1768181177202,Sunny,Day,0.08697916666666666,100.0,22.0,26.94978599993192,auto
1768181177232,Sunny,Day,0.08684895833333334,100.0,22.0,24.24764099987442,auto
1768181177264,Sunny,Day,0.08658854166666667,100.0,22.0,25.5570849999458,auto
1768181177296,Sunny,Day,0.086328125,100.0,22.0,26.390394999907585,auto
1768181177329,Sunny,Day,0.08650173611111112,100.0,22.0,26.91285999981119,auto
1768181177359,Sunny,Day,0.08671875,100.0,22.0,23.255409999819676,auto
1768181177392,Sunny,Day,0.08667534722222223,100.0,22.0,25.71439499979533,auto
1768181177423,Sunny,Day,0.08637152777777778,100.0,22.0,21.67580600007568,auto
1768181177453,Sunny,Day,0.08624131944444445,100.0,22.0,20.24075500003164,auto
1768181177486,Sunny,Day,0.08654513888888889,100.0,22.0,27.00513600029808,auto
1768181177516,Sunny,Day,0.08671875,100.0,22.0,23.52777199985212,auto
1768181177547,Sunny,Day,0.08667534722222223,100.0,22.0,25.422644000173023,auto
1768181177580,Sunny,Day,0.08645833333333333,100.0,21.0,26.880935999997746,auto
1768181177611,Sunny,Day,0.08650173611111112,100.0,22.0,24.325009000222053,auto
1768181177641,Sunny,Day,0.08697916666666666,100.0,21.0,23.73717399996167,auto
1768181177673,Sunny,Day,0.08676215277777778,100.0,21.0,24.59053800021138,auto
1768181177704,Sunny,Day,0.08645833333333333,100.0,22.0,24.878734000139957,auto
1768181177736,Sunny,Day,0.08654513888888889,100.0,22.0,26.31921100010004,auto
1768181177766,Sunny,Day,0.08702256944444445,100.0,22.0,21.668103000138217,auto
1768181177798,Sunny,Day,0.08658854166666667,100.0,22.0,25.362072000007174,auto
1768181177831,Sunny,Day,0.08641493055555556,100.0,22.0,26.45931799997925,auto
1768181177861,Sunny,Day,0.08619791666666667,100.0,22.0,20.523672999843257,auto
1768181177892,Sunny,Day,0.08641493055555556,100.0,22.0,24.50485600002139,auto
1768181177923,Sunny,Day,0.08663194444444444,100.0,22.0,25.980110000091372,auto
1768181177955,Sunny,Day,0.08628472222222222,100.0,22.0,25.650674999724288,auto
1768181177988,Sunny,Day,0.08624131944444445,100.0,22.0,26.67590399960318,auto
1768181178020,Sunny,Day,0.08650173611111112,100.0,22.0,22.248402000059286,auto
1768181178050,Sunny,Day,0.08780381944444444,100.0,22.0,23.726749000161362,auto
1768181178083,Sunny,Day,0.08663194444444444,100.0,22.0,26.64170199977889,auto
1768181178113,Sunny,Day,0.08693576388888889,100.0,22.0,23.199892999855365,auto
1768181178144,Sunny,Day,0.08689236111111111,100.0,21.0,25.369700999817724,auto
1768181178175,Sunny,Day,0.08671875,100.0,22.0,24.619093999717734,auto
1768181178207,Sunny,Day,0.08606770833333334,100.0,21.0,26.173957000082737,auto
1768181178237,Sunny,Day,0.08689236111111111,100.0,22.0,24.286176999794407,auto
1768181178270,Sunny,Day,0.08650173611111112,100.0,22.0,22.420581999995193,auto
1768181178300,Sunny,Day,0.08628472222222222,100.0,21.0,23.538532000202395,auto
1768181178332,Sunny,Day,0.087109375,100.0,22.0,24.641963000249234,auto
1768181178364,Sunny,Day,0.08619791666666667,100.0,21.0,26.470354999673873,auto
1768181178394,Sunny,Day,0.08667534722222223,100.0,22.0,23.84455999981583,auto
1768181178427,Sunny,Day,0.086328125,100.0,22.0,29.197684999871854,manual
1768181178457,Sunny,Day,0.08676215277777778,100.0,22.0,17.7304189996903,manual
1768181178489,Sunny,Day,0.08693576388888889,100.0,21.0,26.331062999815913,manual
1768181178522,Sunny,Day,0.08641493055555556,100.0,21.0,27.518084999883285,manual
1768181178552,Sunny,Day,0.08680555555555555,100.0,21.0,24.5757979996597,manual
1768181178585,Sunny,Day,0.08728298611111111,100.0,21.0,27.47793799971987,manual
1768181178615,Sunny,Day,0.08697916666666666,100.0,21.0,24.5098179998422,manual
1768181178646,Sunny,Day,0.08663194444444444,100.0,21.0,25.501679000171862,manual
1768181178677,Sunny,Day,0.08637152777777778,100.0,21.0,21.042992000275262,manual
1768181178709,Sunny,Day,0.08689236111111111,100.0,21.0,25.770264000129828,manual
1768181178741,Sunny,Day,0.08689236111111111,100.0,21.0,26.678646000164008,manual
1768181178771,Sunny,Day,0.08658854166666667,100.0,21.0,25.241279000056238,manual
1768181178803,Sunny,Day,0.08663194444444444,100.0,21.0,26.563779000298382,manual
1768181178836,Sunny,Day,0.08628472222222222,100.0,21.0,26.54046499992546,manual
1768181178869,Sunny,Day,0.08689236111111111,100.0,21.0,27.080486000159,manual
1768181178897,Sunny,Day,0.08663194444444444,100.0,21.0,22.707017999891832,manual
1768181178929,Sunny,Day,0.08693576388888889,100.0,21.0,26.41794999999547,manual
1768181178961,Sunny,Day,0.086328125,100.0,21.0,25.65748999995776,manual
1768181178991,Sunny,Day,0.08693576388888889,100.0,21.0,24.862197000402375,manual
1768181179022,Sunny,Day,0.08689236111111111,100.0,21.0,25.68145299983371,manual
1768181179054,Sunny,Day,0.08637152777777778,100.0,21.0,26.380062000043836,manual
1768181179087,Sunny,Day,0.08628472222222222,100.0,21.0,27.829095000015514,manual
1768181179117,Sunny,Day,0.08680555555555555,100.0,21.0,24.43154399998093,manual
1768181179152,Sunny,Day,0.08693576388888889,100.0,21.0,29.82327899962911,manual
1768181179180,Sunny,Day,0.08663194444444444,100.0,21.0,22.36471400010487,manual
1768181179211,Sunny,Day,0.08637152777777778,100.0,21.0,23.95702000012534,manual
1768181179243,Sunny,Day,0.08663194444444444,100.0,21.0,27.26525900015986,manual
1768181179276,Sunny,Day,0.08702256944444445,100.0,21.0,25.235465000150725,manual
1768181179305,Sunny,Day,0.08680555555555555,100.0,21.0,22.509727999931783,manual
1768181179338,Sunny,Day,0.08628472222222222,100.0,21.0,27.76718900031483,manual
1768181179368,Sunny,Day,0.086328125,100.0,21.0,24.568928000007872,manual
1768181179400,Sunny,Day,0.08671875,100.0,21.0,26.95245300037641,manual
1768181179430,Sunny,Day,0.08663194444444444,100.0,21.0,24.831088000155432,manual
1768181179462,Sunny,Day,0.08645833333333333,100.0,21.0,26.30358200030969,manual
1768181179494,Sunny,Day,0.08658854166666667,100.0,21.0,26.4332460001242,manual
1768181179525,Sunny,Day,0.08697916666666666,100.0,21.0,25.67715599980147,manual
1768181179556,Sunny,Day,0.08689236111111111,100.0,21.0,25.85854000017207,manual
1768181179590,Sunny,Day,0.08645833333333333,100.0,21.0,28.382320000218897,manual
1768181179620,Sunny,Day,0.08641493055555556,100.0,21.0,23.102730000118754,manual
1768181179652,Sunny,Day,0.08658854166666667,100.0,21.0,26.903194999704283,manual
1768181179682,Sunny,Day,0.08671875,100.0,21.0,23.9080589999503,manual
1768181179715,Sunny,Day,0.08680555555555555,100.0,21.0,23.567900999751146,manual
1768181179745,Sunny,Day,0.08658854166666667,100.0,21.0,24.250660000234348,manual
1768181179777,Sunny,Day,0.08684895833333334,100.0,21.0,22.982381000019814,manual
1768181179810,Sunny,Day,0.08654513888888889,100.0,21.0,26.693960999637056,manual
1768181179839,Sunny,Day,0.08658854166666667,100.0,21.0,23.890947999916534,manual
1768181179870,Sunny,Day,0.08619791666666667,100.0,21.0,25.907817000188516,manual
1768181179903,Sunny,Day,0.08645833333333333,100.0,21.0,27.70320899981016,manual
1768181179934,Sunny,Day,0.08654513888888889,100.0,21.0,25.108246999934636,manual
1768181179965,Sunny,Day,0.08654513888888889,100.0,21.0,25.78380199975072,manual
1768181179995,Sunny,Day,0.08641493055555556,100.0,21.0,24.756331000389764,manual
1768181180026,Sunny,Day,0.08628472222222222,100.0,21.0,26.07357100032459,manual
1768181180060,Sunny,Day,0.08619791666666667,100.0,21.0,28.53664900021613,manual
1768181180091,Sunny,Day,0.08676215277777778,100.0,21.0,26.3958770001409,manual
1768181180123,Sunny,Day,0.08645833333333333,100.0,21.0,25.957538000056957,manual
1768181180155,Sunny,Day,0.086328125,100.0,21.0,25.899910000134696,manual
1768181180186,Sunny,Day,0.08619791666666667,100.0,21.0,25.305352000032144,manual
1768181180219,Sunny,Day,0.08658854166666667,100.0,21.0,25.036414999703993,manual
1768181180247,Sunny,Day,0.08650173611111112,100.0,21.0,16.871797000021616,manual
1768181180279,Sunny,Day,0.08641493055555556,100.0,21.0,25.430997000057687,manual
1768181180310,Sunny,Day,0.086328125,100.0,21.0,25.625972999932856,manual
1768181180341,Sunny,Day,0.08654513888888889,100.0,21.0,26.12814400026764,manual
1768181180373,Sunny,Day,0.08654513888888889,100.0,21.0,26.92160300011892,manual
1768181180405,Sunny,Day,0.08641493055555556,100.0,21.0,26.759217999824614,manual
1768181180436,Sunny,Day,0.0861545138888889,100.0,21.0,25.437256000259367,manual
1768181180469,Sunny,Day,0.08641493055555556,100.0,21.0,27.759874999901513,manual
1768181180501,Sunny,Day,0.08667534722222223,100.0,21.0,26.33860099967933,manual
1768181180530,Sunny,Day,0.08645833333333333,100.0,21.0,23.058047000176884,manual
1768181180562,Sunny,Day,0.08641493055555556,100.0,21.0,27.432643999873108,manual
1768181180593,Sunny,Day,0.08650173611111112,100.0,21.0,24.80827399995178,manual
1768181180625,Sunny,Day,0.08676215277777778,100.0,21.0,25.982870000007097,manual
1768181180656,Sunny,Day,0.08628472222222222,100.0,21.0,25.4183679999187,manual
1768181180688,Sunny,Day,0.08628472222222222,100.0,21.0,26.785235999795987,manual
1768181180718,Sunny,Day,0.08619791666666667,100.0,21.0,24.41132200010543,manual
1768181180750,Sunny,Day,0.08654513888888889,100.0,21.0,26.089311999839992,manual
1768181180781,Sunny,Day,0.08684895833333334,100.0,21.0,25.947241999801918,manual
1768181180814,Sunny,Day,0.08637152777777778,100.0,21.0,26.465968000138673,manual
1768181180846,Sunny,Day,0.08654513888888889,100.0,21.0,26.177642999755335,manual
1768181180878,Sunny,Day,0.08689236111111111,100.0,21.0,25.258445999952528,manual
1768181180908,Sunny,Day,0.08676215277777778,100.0,21.0,23.79997000025469,manual
1768181180938,Sunny,Day,0.08637152777777778,100.0,21.0,23.58780900021884,manual
1768181180970,Sunny,Day,0.08663194444444444,100.0,21.0,27.192928999738797,manual
1768181181004,Sunny,Day,0.08663194444444444,100.0,21.0,28.315341000052285,manual
1768181181032,Sunny,Day,0.08676215277777778,100.0,21.0,21.315856000001077,manual
1768181181065,Sunny,Day,0.08658854166666667,100.0,21.0,26.441969000188692,manual
1768181181096,Sunny,Day,0.08624131944444445,100.0,21.0,22.28841999976794,manual
1768181181127,Sunny,Day,0.086328125,100.0,21.0,24.794681999992463,manual
1768181181159,Sunny,Day,0.08654513888888889,100.0,21.0,22.483080999791127,manual
1768181181190,Sunny,Day,0.08671875,100.0,21.0,19.70078999966063,manual
1768181181221,Sunny,Day,0.08624131944444445,100.0,21.0,26.032073000351375,manual
1768181181252,Sunny,Day,0.08624131944444445,100.0,21.0,25.146449999738252,manual
1768181181287,Sunny,Day,0.08602430555555556,100.0,21.0,30.127419000109512,manual
1768181181316,Sunny,Day,0.08663194444444444,100.0,21.0,23.621920000095997,manual
1768181181349,Sunny,Day,0.08654513888888889,100.0,21.0,26.65325899988602,manual
1768181181378,Sunny,Day,0.0859375,100.0,21.0,23.737583000183804,manual
1768181181410,Sunny,Day,0.08637152777777778,100.0,21.0,26.75427399981345,manual
1768181181441,Sunny,Day,0.08663194444444444,100.0,21.0,25.344499999846448,manual
1768181181473,Sunny,Day,0.08624131944444445,100.0,21.0,25.992962999680458,manual
1768181181504,Sunny,Day,0.08641493055555556,100.0,21.0,21.510071999728098,manual
1768181181537,Sunny,Day,0.08624131944444445,100.0,21.0,27.01884099997187,manual
1768181181567,Sunny,Day,0.08667534722222223,100.0,21.0,23.824413000056666,manual
1768181181598,Sunny,Day,0.08637152777777778,100.0,21.0,24.832719000187353,manual
1768181181627,Sunny,Day,0.08645833333333333,100.0,21.0,23.7843779996183,manual
1768181181658,Sunny,Day,0.08611111111111111,100.0,21.0,25.91655800006265,manual
1768181181691,Sunny,Day,0.08645833333333333,100.0,21.0,28.708904000268376,manual
1768181181721,Sunny,Day,0.08641493055555556,100.0,21.0,25.428441999792994,manual
1768181181752,Sunny,Day,0.08650173611111112,100.0,21.0,26.490819999708037,manual
1768181181785,Sunny,Day,0.08580729166666666,100.0,21.0,28.63097999988895,manual
1768181181815,Sunny,Day,0.08641493055555556,100.0,21.0,25.208855999608204,manual
1768181181846,Sunny,Day,0.08654513888888889,100.0,21.0,26.86543800018626,manual
1768181181877,Sunny,Day,0.08641493055555556,100.0,21.0,26.918807000129163,manual
1768181181909,Sunny,Day,0.08602430555555556,100.0,21.0,26.622389999829466,manual
1768181181940,Sunny,Day,0.086328125,100.0,21.0,26.78238499993313,manual
1768181181972,Sunny,Day,0.086328125,100.0,21.0,26.955713000006654,manual
1768181182003,Sunny,Day,0.08658854166666667,100.0,21.0,26.97593399989273,manual
1768181182034,Sunny,Day,0.086328125,100.0,21.0,26.80112600000939,manual
1768181182066,Sunny,Day,0.08606770833333334,100.0,21.0,24.79245999984414,manual
1768181182099,Sunny,Day,0.08624131944444445,100.0,21.0,27.379627999835066,manual
1768181182129,Sunny,Day,0.08658854166666667,100.0,21.0,24.72149899995202,manual
1768181182161,Sunny,Day,0.08645833333333333,100.0,21.0,27.654397999867797,manual
1768181182193,Sunny,Day,0.086328125,100.0,21.0,27.799634000075457,manual
1768181182223,Sunny,Day,0.08658854166666667,100.0,21.0,25.318483000319247,manual
1768181182254,Sunny,Day,0.08684895833333334,100.0,21.0,26.877401000092505,manual
1768181182286,Sunny,Day,0.08654513888888889,100.0,21.0,28.011998999772914,manual
1768181182317,Sunny,Day,0.08619791666666667,100.0,21.0,26.983769000253233,manual
1768181182349,Sunny,Day,0.08628472222222222,100.0,21.0,27.36735000007684,manual
1768181182380,Sunny,Day,0.08645833333333333,100.0,21.0,22.546153999883245,manual
1768181182411,Sunny,Day,0.08658854166666667,100.0,21.0,27.22407600003862,manual
1768181182443,Sunny,Day,0.08645833333333333,100.0,21.0,26.369174999672396,manual
1768181182474,Sunny,Day,0.0859375,100.0,21.0,26.8126249998204,manual
1768181182507,Sunny,Day,0.08606770833333334,100.0,21.0,28.843771000083507,manual
1768181182537,Sunny,Day,0.08650173611111112,100.0,21.0,24.386916999901587,manual
1768181182568,Sunny,Day,0.08606770833333334,100.0,21.0,26.619131000188645,manual
1768181182600,Sunny,Day,0.08589409722222222,100.0,21.0,26.992027999767743,manual
1768181182631,Sunny,Day,0.08589409722222222,100.0,21.0,26.35210099970209,manual
1768181182662,Sunny,Day,0.0859375,100.0,21.0,26.86553100011224,manual
1768181182694,Sunny,Day,0.08624131944444445,100.0,21.0,26.65483300006599,manual
1768181182725,Sunny,Day,0.08576388888888889,100.0,21.0,26.67492599994148,manual
1768181182757,Sunny,Day,0.08589409722222222,100.0,21.0,26.569168999685644,manual
1768181182788,Sunny,Day,0.0859375,100.0,21.0,26.91871499973786,manual
1768181182819,Sunny,Day,0.08637152777777778,100.0,21.0,26.35865599995668,manual
1768181182851,Sunny,Day,0.08598090277777778,100.0,21.0,26.51241100011248,manual
1768181182882,Sunny,Day,0.0857204861111111,100.0,21.0,26.62631599969245,manual
1768181182915,Sunny,Day,0.08606770833333334,100.0,21.0,28.403986999819608,manual
1768181182946,Sunny,Day,0.0861545138888889,100.0,21.0,26.450931999988825,manual
1768181182976,Sunny,Day,0.08585069444444444,100.0,22.0,25.046193999969546,manual
1768181183008,Sunny,Day,0.08598090277777778,100.0,21.0,26.776774999689223,manual
1768181183040,Sunny,Day,0.08585069444444444,100.0,21.0,26.24801199999638,manual
1768181183070,Sunny,Day,0.08611111111111111,100.0,21.0,25.823357999797736,manual
1768181183102,Sunny,Day,0.08624131944444445,100.0,21.0,26.918975000171486,manual
1768181183133,Sunny,Day,0.08563368055555555,100.0,21.0,26.998083999842493,manual
1768181183165,Sunny,Day,0.0857204861111111,100.0,21.0,27.341147999777604,manual
1768181183196,Sunny,Day,0.086328125,100.0,21.0,23.210969000047044,manual
1768181183227,Sunny,Day,0.0861545138888889,100.0,21.0,26.52587400007178,manual
1768181183259,Sunny,Day,0.08611111111111111,100.0,21.0,26.886179000030097,manual
1768181183290,Sunny,Day,0.08576388888888889,100.0,21.0,26.889920000030543,manual
1768181183324,Sunny,Day,0.086328125,100.0,21.0,29.17339199984781,manual
1768181183354,Sunny,Day,0.08619791666666667,100.0,21.0,25.723731000198313,manual
1768181183385,Sunny,Day,0.08602430555555556,100.0,21.0,25.87789300014265,manual
1768181183416,Sunny,Day,0.08598090277777778,100.0,21.0,26.95695500005968,manual
1768181183447,Sunny,Day,0.08611111111111111,100.0,21.0,26.874309000049834,manual
1768181183479,Sunny,Day,0.086328125,100.0,21.0,26.6808339997624,manual
1768181183510,Sunny,Day,0.08606770833333334,100.0,21.0,26.94988099983675,manual
1768181183542,Sunny,Day,0.08585069444444444,100.0,21.0,26.94214099983583,manual
1768181183574,Sunny,Day,0.08611111111111111,100.0,21.0,28.398395999829518,manual
1768181183604,Sunny,Day,0.08624131944444445,100.0,21.0,25.143544000002294,manual
1768181183636,Sunny,Day,0.08628472222222222,100.0,21.0,26.995028000328603,manual
1768181183667,Sunny,Day,0.08580729166666666,100.0,21.0,26.942954999867652,manual
1768181183699,Sunny,Day,0.0857204861111111,100.0,21.0,26.894567999988794,manual
1768181183732,Sunny,Day,0.08589409722222222,100.0,21.0,28.897048000089853,manual
1768181183761,Sunny,Day,0.0861545138888889,100.0,21.0,24.84227400009331,manual
1768181183793,Sunny,Day,0.08619791666666667,100.0,21.0,26.875680000102875,manual
1768181183824,Sunny,Day,0.0859375,100.0,21.0,26.996008999958576,manual
1768181183857,Sunny,Day,0.08624131944444445,100.0,21.0,28.47883799995543,manual
1768181183888,Sunny,Day,0.08641493055555556,100.0,21.0,25.398128999768232,manual
1768181183918,Sunny,Day,0.0861545138888889,100.0,21.0,25.623603999974875,manual
1768181183950,Sunny,Day,0.08589409722222222,100.0,21.0,26.76670099981493,manual
1768181183981,Sunny,Day,0.0859375,100.0,21.0,25.31476100011787,manual
1768181184013,Sunny,Day,0.08645833333333333,100.0,21.0,26.315398999940953,manual
1768181184045,Sunny,Day,0.08645833333333333,100.0,21.0,27.4231459998191,manual
1768181184076,Sunny,Day,0.08598090277777778,100.0,21.0,26.717368999925384,manual
1768181184107,Sunny,Day,0.08606770833333334,100.0,21.0,25.75436000006448,manual
1768181184141,Sunny,Day,0.08641493055555556,100.0,21.0,29.481773000043177,manual
1768181184171,Sunny,Day,0.086328125,100.0,21.0,26.092072000210464,manual
1768181184202,Sunny,Day,0.086328125,100.0,21.0,22.26603300005081,manual
1768181184232,Sunny,Day,0.08585069444444444,100.0,21.0,25.236911999854783,manual
1768181184264,Sunny,Day,0.0861545138888889,100.0,21.0,27.262651000000915,manual
1768181184295,Sunny,Day,0.08628472222222222,100.0,21.0,26.74512900011905,manual
1768181184327,Sunny,Day,0.086328125,100.0,21.0,26.901328000349167,manual
1768181184358,Sunny,Day,0.08576388888888889,100.0,21.0,26.997454000138532,manual
1768181184390,Sunny,Day,0.0861545138888889,100.0,21.0,27.4288680002428,manual
1768181184421,Sunny,Day,0.086328125,100.0,21.0,26.407118999941304,manual
1768181184452,Sunny,Day,0.08628472222222222,100.0,21.0,26.65327900012926,manual
1768181184484,Sunny,Day,0.08628472222222222,100.0,21.0,26.971918000072037,manual
1768181184515,Sunny,Day,0.08619791666666667,100.0,21.0,26.217384000119637,manual
1768181184549,Sunny,Day,0.086328125,100.0,21.0,29.795263999858435,manual
1768181184578,Sunny,Day,0.08650173611111112,100.0,21.0,20.963958999800525,manual
1768181184612,Sunny,Day,0.08637152777777778,100.0,21.0,30.17847499995696,manual
1768181184641,Sunny,Day,0.08663194444444444,100.0,21.0,24.019021000185603,manual
1768181184672,Sunny,Day,0.08628472222222222,100.0,21.0,26.690907000102015,manual
1768181184703,Sunny,Day,0.08658854166666667,100.0,21.0,26.499319999857107,manual
1768181184735,Sunny,Day,0.086328125,100.0,21.0,27.048397000271507,manual
1768181184768,Sunny,Day,0.086328125,100.0,21.0,28.373137000016868,manual
1768181184800,Sunny,Day,0.08654513888888889,100.0,21.0,26.640595000117173,manual
1768181184829,Sunny,Day,0.08676215277777778,100.0,21.0,23.490647000016907,manual
1768181184860,Sunny,Day,0.08684895833333334,100.0,21.0,27.025158000014926,manual
1768181184892,Sunny,Day,0.08667534722222223,100.0,21.0,27.455088999886357,manual
1768181184926,Sunny,Day,0.08641493055555556,100.0,21.0,28.10232999991058,manual
1768181184957,Sunny,Day,0.08676215277777778,100.0,21.0,25.97129900004802,manual
1768181184986,Sunny,Day,0.08689236111111111,100.0,21.0,24.60907800013956,manual
1768181185022,Sunny,Day,0.08689236111111111,100.0,21.0,31.38951500022813,manual
1768181185049,Sunny,Day,0.08658854166666667,100.0,21.0,22.664689000066573,manual
1768181185080,Sunny,Day,0.08676215277777778,100.0,21.0,26.608446999944135,manual
1768181185112,Sunny,Day,0.08715277777777777,100.0,21.0,25.941836000129115,manual
1768181185143,Sunny,Day,0.08702256944444445,100.0,21.0,27.02817599993068,manual
1768181185174,Sunny,Day,0.08684895833333334,100.0,21.0,26.56696699978056,manual
1768181185206,Sunny,Day,0.08654513888888889,100.0,21.0,27.050417000282323,manual
1768181185237,Sunny,Day,0.08697916666666666,100.0,21.0,26.710463000199525,manual
1768181185270,Sunny,Day,0.08684895833333334,100.0,21.0,28.506874999948195,manual
1768181185300,Sunny,Day,0.08684895833333334,100.0,21.0,25.379057000009198,manual
1768181185331,Sunny,Day,0.08676215277777778,100.0,21.0,26.70103799982826,manual
1768181185364,Sunny,Day,0.08684895833333334,100.0,21.0,27.93889099984881,manual
1768181185394,Sunny,Day,0.087109375,100.0,21.0,21.58573799988517,manual
1768181185426,Sunny,Day,0.08693576388888889,100.0,21.0,26.980066999840346,manual
1768181185457,Sunny,Day,0.08680555555555555,100.0,21.0,26.493857999867032,manual
1768181185490,Sunny,Day,0.08715277777777777,100.0,21.0,27.84557799986942,manual
1768181185522,Sunny,Day,0.08706597222222222,100.0,21.0,27.53073600024436,manual
1768181185551,Sunny,Day,0.08723958333333333,100.0,21.0,23.281912000129523,manual
1768181185584,Sunny,Day,0.08728298611111111,100.0,21.0,27.57449299997461,manual
1768181185614,Sunny,Day,0.08745659722222222,100.0,21.0,24.804146999940713,manual
1768181185646,Sunny,Day,0.08797743055555556,100.0,21.0,26.53894900004161,manual
1768181185677,Sunny,Day,0.08806423611111111,100.0,21.0,27.092841000012413,manual
1768181185708,Sunny,Day,0.08802083333333334,100.0,21.0,25.960983999993914,manual
1768181185740,Sunny,Day,0.08793402777777778,100.0,21.0,26.839515000119718,manual
1768181185774,Sunny,Day,0.08793402777777778,100.0,21.0,29.7710609997921,manual
1768181185804,Sunny,Day,0.08784722222222222,100.0,21.0,24.067279000064445,manual
1768181185835,Sunny,Day,0.08780381944444444,100.0,21.0,26.76640599975144,manual
1768181185867,Sunny,Day,0.08763020833333333,100.0,21.0,26.066500000069937,manual
1768181185897,Sunny,Day,0.08741319444444444,100.0,21.0,21.710549000090396,manual
1768181185928,Sunny,Day,0.0875,100.0,21.0,26.815274999989924,manual
1768181185959,Sunny,Day,0.08702256944444445,100.0,21.0,26.61748400032593,manual
1768181185991,Sunny,Day,0.086328125,100.0,21.0,27.32326000023022,manual
1768181186022,Sunny,Day,0.08624131944444445,100.0,21.0,23.26850600002217,manual
1768181186054,Sunny,Day,0.08641493055555556,100.0,21.0,27.388517999952455,manual
1768181186085,Sunny,Day,0.08684895833333334,100.0,21.0,26.383638999959658,manual
1768181186116,Sunny,Day,0.08658854166666667,100.0,21.0,26.574559999971825,manual
1768181186148,Sunny,Day,0.08676215277777778,100.0,21.0,26.76861000009012,manual
1768181186181,Sunny,Day,0.08676215277777778,100.0,21.0,28.67238900034863,manual
1768181186211,Sunny,Day,0.087109375,100.0,21.0,24.9492170000849,manual
1768181186242,Sunny,Day,0.08715277777777777,100.0,21.0,26.73188900007517,manual
1768181186273,Sunny,Day,0.08706597222222222,100.0,21.0,26.54783799971483,manual
1768181186306,Sunny,Day,0.08745659722222222,100.0,21.0,28.009593000206223,manual
1768181186338,Sunny,Day,0.08758680555555555,100.0,21.0,24.85994100015887,manual
1768181186369,Sunny,Day,0.08736979166666667,100.0,21.0,25.295262999861734,manual
1768181186400,Sunny,Day,0.08763020833333333,100.0,21.0,26.430268000240176,manual
1768181186430,Sunny,Day,0.08723958333333333,100.0,21.0,25.58508799984338,manual
1768181186463,Sunny,Day,0.08732638888888888,100.0,21.0,28.475932000219473,manual
1768181186493,Sunny,Day,0.08723958333333333,100.0,21.0,24.933422000231076,manual
1768181186525,Sunny,Day,0.08689236111111111,100.0,21.0,26.096721999692818,manual
1768181186556,Sunny,Day,0.08580729166666666,100.0,22.0,26.36778800024331,manual
1768181186589,Sunny,Day,0.085546875,100.0,22.0,27.991037999981927,manual
1768181186622,Sunny,Day,0.08532986111111111,100.0,22.0,28.909604999626026,manual
1768181186654,Sunny,Day,0.08528645833333333,100.0,22.0,25.50720099998216,manual
1768181186685,Sunny,Day,0.08511284722222222,100.0,22.0,26.093815000422182,manual
1768181186717,Sunny,Day,0.08502604166666666,100.0,22.0,26.195774999905552,manual
1768181186748,Sunny,Day,0.08524305555555556,100.0,22.0,24.80201800017312,manual
1768181186779,Sunny,Day,0.08532986111111111,100.0,22.0,25.669548999758263,manual
1768181186811,Sunny,Day,0.08485243055555555,100.0,22.0,22.58622900035334,manual
1768181186845,Sunny,Day,0.08506944444444445,100.0,22.0,29.386480000084703,manual
1768181186874,Sunny,Day,0.084765625,100.0,22.0,21.917618000315997,manual
1768181186905,Sunny,Day,0.08493923611111111,100.0,22.0,25.751156999831437,manual
1768181186937,Sunny,Day,0.08472222222222223,100.0,22.0,25.018363999606663,manual
1768181186968,Sunny,Day,0.08454861111111112,100.0,22.0,24.962549999600014,manual
1768181186999,Sunny,Day,0.08441840277777778,100.0,22.0,26.209459000256174,manual
1768181187029,Sunny,Day,0.08428819444444445,100.0,22.0,24.177461999897787,manual
1768181187061,Sunny,Day,0.084375,100.0,22.0,26.36065900014728,manual
1768181187092,Sunny,Day,0.08463541666666667,100.0,22.0,25.221505999979854,manual
1768181187128,Sunny,Day,0.08372395833333333,100.0,22.0,30.769682000027387,manual
1768181187155,Sunny,Day,0.08415798611111111,100.0,22.0,21.955543999865768,manual
1768181187187,Sunny,Day,0.08385416666666666,100.0,22.0,25.779119999697286,manual
1768181187218,Sunny,Day,0.083984375,100.0,22.0,25.23150600018198,manual
1768181187250,Sunny,Day,0.08359375,100.0,22.0,25.678604000404448,manual
1768181187282,Sunny,Day,0.08385416666666666,100.0,22.0,23.01282899998114,manual
1768181187312,Sunny,Day,0.08363715277777778,100.0,22.0,24.281496000185143,manual
1768181187344,Sunny,Day,0.08389756944444444,100.0,22.0,25.822563000019727,manual
1768181187375,Sunny,Day,0.08328993055555556,100.0,22.0,25.47783199997866,manual
1768181187407,Sunny,Day,0.08342013888888888,100.0,22.0,26.29430900014995,manual
1768181187440,Sunny,Day,0.08359375,100.0,22.0,27.319872999669315,manual
1768181187470,Sunny,Day,0.08350694444444444,100.0,22.0,24.052279999978055,manual
1768181187501,Sunny,Day,0.08328993055555556,100.0,22.0,25.51095999979225,manual
1768181187533,Sunny,Day,0.08359375,100.0,22.0,26.707055999850127,manual
1768181187564,Sunny,Day,0.08359375,100.0,22.0,25.924874999873282,manual
1768181187595,Sunny,Day,0.08359375,100.0,22.0,25.25222699978258,manual
1768181187626,Sunny,Day,0.08363715277777778,100.0,22.0,25.56020099973466,manual
1768181187657,Sunny,Day,0.08337673611111111,100.0,22.0,26.207811999938713,manual
1768181187689,Sunny,Day,0.08363715277777778,100.0,22.0,25.641235000421148,manual
1768181187720,Sunny,Day,0.08346354166666667,100.0,22.0,25.61308700023801,manual
1768181187753,Sunny,Day,0.08363715277777778,100.0,22.0,24.9934570001642,manual
1768181187783,Sunny,Day,0.08355034722222222,100.0,22.0,24.750963999849773,manual
1768181187815,Sunny,Day,0.08372395833333333,100.0,22.0,25.890467999943212,manual
1768181187847,Sunny,Day,0.08355034722222222,100.0,22.0,26.93858700013152,manual
1768181187878,Sunny,Day,0.08372395833333333,100.0,22.0,26.14066600017395,manual
1768181187909,Sunny,Day,0.08342013888888888,100.0,22.0,24.6544299998277,manual
1768181187941,Sunny,Day,0.08328993055555556,100.0,22.0,26.556024000001344,manual
1768181187972,Sunny,Day,0.08372395833333333,100.0,22.0,25.51251599970783,manual
1768181188003,Sunny,Day,0.08359375,100.0,22.0,20.638803000110784,manual
1768181188036,Sunny,Day,0.08333333333333333,100.0,22.0,27.87526500014792,manual
1768181188068,Sunny,Day,0.08324652777777777,100.0,22.0,25.403149999874586,manual
1768181188098,Sunny,Day,0.08407118055555556,100.0,22.0,25.03186400008417,manual
1768181188128,Sunny,Day,0.0837673611111111,100.0,22.0,21.69179200018334,manual
1768181188159,Sunny,Day,0.08342013888888888,100.0,22.0,26.207422999959817,manual
1768181188191,Sunny,Day,0.08328993055555556,100.0,22.0,26.72346400004244,manual
1768181188224,Sunny,Day,0.08337673611111111,100.0,22.0,25.522609999825363,manual
1768181188254,Sunny,Day,0.08337673611111111,100.0,22.0,25.02029000015682,manual
1768181188286,Sunny,Day,0.08311631944444445,100.0,22.0,25.752955000371003,manual
1768181188317,Sunny,Day,0.08298611111111111,100.0,22.0,25.66484599992691,manual
1768181188349,Sunny,Day,0.08285590277777778,100.0,22.0,26.412249999793858,manual
1768181188381,Sunny,Day,0.0828125,100.0,22.0,22.88292499997624,manual
1768181188413,Sunny,Day,0.08328993055555556,100.0,21.0,26.807869000094797,manual
1768181188444,Sunny,Day,0.08263888888888889,100.0,-13.0,24.75731699996686,manual
1768181188480,Sunny,Day,0.10503472222222222,100.0,14.0,22.653282999726798,manual
1768181188506,Sunny,Day,0.11080729166666667,100.0,22.0,19.227342999784014,manual
1768181188536,Sunny,Day,0.11453993055555556,100.0,22.0,24.31305100026293,manual
1768181188567,Sunny,Day,0.11467013888888888,100.0,22.0,26.438009000230522,manual
1768181188598,Sunny,Day,0.11549479166666667,100.0,22.0,26.35241899997709,manual
1768181188632,Sunny,Day,0.11684027777777778,100.0,22.0,28.756794999935664,manual
1768181188664,Sunny,Day,0.12039930555555556,100.0,22.0,26.277771999957622,manual
1768181188697,Sunny,Day,0.12100694444444444,100.0,22.0,24.52709999988656,manual
1768181188725,Sunny,Day,0.12230902777777777,100.0,22.0,13.068720999854122,manual
1768181188756,Sunny,Day,0.12165798611111112,100.0,23.0,26.04926100002558,manual
1768181188788,Sunny,Day,0.12217881944444445,100.0,23.0,26.377621999927214,manual
1768181188819,Sunny,Day,0.12126736111111111,100.0,22.0,26.405603000057454,manual
1768181188850,Sunny,Day,0.12209201388888889,100.0,22.0,25.7915829997728,manual
1768181188882,Sunny,Day,0.12174479166666667,100.0,22.0,26.13651799993022,manual
1768181188913,Sunny,Day,0.12265625,100.0,22.0,26.356493000093906,manual
1768181188945,Sunny,Day,0.12126736111111111,100.0,22.0,26.186128000063036,manual
1768181188976,Sunny,Day,0.122265625,100.0,22.0,25.64310600018871,manual
1768181189009,Sunny,Day,0.12230902777777777,100.0,23.0,27.759898000113026,manual
1768181189040,Sunny,Day,0.12191840277777778,100.0,23.0,25.821212999744603,manual
1768181189071,Sunny,Day,0.12118055555555556,100.0,23.0,25.218489000053523,manual
1768181189106,Sunny,Day,0.11848958333333333,100.0,23.0,28.83988599978693,manual
1768181189134,Sunny,Day,0.1134982638888889,100.0,22.0,22.323034000237385,manual
1768181189165,Sunny,Day,0.10759548611111111,100.0,22.0,25.70551200005866,manual
1768181189197,Sunny,Day,0.09761284722222222,100.0,13.0,26.376345000244328,manual
1768181189227,Sunny,Day,0.08780381944444444,100.0,14.0,24.269627000194305,manual
1768181189259,Sunny,Day,0.08385416666666666,100.0,14.0,26.346735000061017,manual
1768181189290,Sunny,Day,0.08598090277777778,100.0,15.0,24.920867999753682,manual
1768181189321,Sunny,Day,0.08897569444444445,100.0,15.0,25.12486200021158,manual
1768181189353,Sunny,Day,0.09175347222222222,100.0,13.0,25.158731000374246,manual
1768181189387,Sunny,Day,0.09422743055555556,100.0,-10.0,28.74240799974359,manual
1768181189416,Sunny,Day,0.08289930555555555,100.0,-11.0,21.405449000212684,manual
1768181189448,Sunny,Day,0.06983506944444444,100.0,-11.0,24.832240999785427,manual
1768181189480,Sunny,Day,0.07165798611111111,100.0,15.0,26.734741999916878,manual
1768181189510,Sunny,Day,0.07838541666666667,100.0,15.0,23.89817499988567,manual
1768181189542,Sunny,Day,0.06605902777777778,100.0,10.0,25.69134600025791,manual
1768181189573,Sunny,Day,0.06584201388888888,100.0,-16.0,25.505442999929073,manual
1768181189607,Sunny,Day,0.07782118055555555,100.0,-10.0,29.129507999641646,manual
1768181189637,Sunny,Day,0.06236979166666667,100.0,19.0,19.44044899983055,manual
1768181189667,Sunny,Day,0.055512152777777775,100.0,1.0,20.462420000058046,manual
1768181189699,Sunny,Day,0.06002604166666667,100.0,19.0,25.94272699980138,manual
1768181189728,Sunny,Day,0.067578125,100.0,-3.0,23.082346000137477,manual
1768181189759,Sunny,Day,0.06996527777777778,100.0,-6.0,25.903877000018838,manual
1768181189790,Sunny,Day,0.07087673611111112,100.0,19.0,26.73287200013874,manual
1768181189822,Sunny,Day,0.06927083333333334,100.0,-10.0,26.543655000295985,manual
1768181189855,Sunny,Day,0.06323784722222223,100.0,-11.0,26.09211199978745,manual
1768181189885,Sunny,Day,0.05368923611111111,100.0,-18.0,21.863898999981757,manual
1768181189917,Sunny,Day,0.057769097222222225,100.0,,28.06259399994815,manual
1768181189947,Sunny,Day,0.06853298611111111,100.0,46.0,22.968460000356572,manual
1768181189979,Sunny,Day,0.06983506944444444,100.0,50.0,26.361679000274307,manual
1768181190010,Sunny,Day,0.07894965277777778,100.0,51.0,26.71779799993601,manual
1768181190042,Sunny,Day,0.09097222222222222,100.0,52.0,26.99627199990573,manual
1768181190074,Sunny,Day,0.11128472222222222,100.0,49.0,27.254024000285426,manual
1768181190104,Sunny,Day,0.14982638888888888,100.0,44.0,20.223593000082474,manual
1768181190136,Sunny,Day,0.1720486111111111,100.0,42.0,27.372817000014038,manual
1768181190167,Sunny,Day,0.20021701388888888,100.0,40.0,26.45941699984178,manual
1768181190198,Sunny,Day,0.21037326388888888,100.0,39.0,26.73827899980097,manual
1768181190230,Sunny,Day,0.21961805555555555,100.0,38.0,26.957883999784826,manual
1768181190261,Sunny,Day,0.21809895833333334,100.0,38.0,26.60115400021823,manual
1768181190293,Sunny,Day,0.22543402777777777,100.0,38.0,26.47906399988642,manual
1768181190324,Sunny,Day,0.202734375,100.0,40.0,26.671615000395832,manual
1768181190355,Sunny,Day,0.2037326388888889,100.0,39.0,26.489842000046337,manual
1768181190387,Sunny,Day,0.18797743055555555,100.0,41.0,27.562329999909707,manual
1768181190418,Sunny,Day,0.19782986111111112,100.0,40.0,23.032032999708463,manual
1768181190449,Sunny,Day,0.17157118055555556,100.0,41.0,26.877090000198223,manual
1768181190481,Sunny,Day,0.15855034722222222,100.0,43.0,26.94162600027994,manual
1768181190513,Sunny,Day,0.14131944444444444,100.0,45.0,27.293355999972846,manual
1768181190545,Sunny,Day,0.14895833333333333,100.0,41.0,27.96509600011632,manual
1768181190575,Sunny,Day,0.1467013888888889,100.0,36.0,24.222332000135793,manual
1768181190606,Sunny,Day,0.15594618055555556,100.0,27.0,26.33160499999576,manual
1768181190638,Sunny,Day,0.1529513888888889,100.0,20.0,26.95008799992138,manual
1768181190672,Sunny,Day,0.17356770833333332,100.0,16.0,28.63800299974173,manual
1768181190701,Sunny,Day,0.14813368055555556,100.0,16.0,24.785927000266383,manual
1768181190732,Sunny,Day,0.13463541666666667,100.0,-14.0,26.72498300034931,manual
1768181190764,Sunny,Day,0.11731770833333334,100.0,-8.0,23.862175999965984,manual
1768181190796,Sunny,Day,0.12465277777777778,100.0,-12.0,27.660253000249213,manual
1768181190830,Sunny,Day,0.14097222222222222,100.0,16.0,23.90417400010847,manual
1768181190859,Sunny,Day,0.12222222222222222,100.0,17.0,23.310764999678213,manual
1768181190890,Sunny,Day,0.12248263888888888,100.0,16.0,26.82414700029767,manual
1768181190920,Sunny,Day,0.1458767361111111,100.0,14.0,21.664348999820504,manual
1768181190954,Sunny,Day,0.14743923611111112,100.0,14.0,28.606373999991774,manual
1768181190984,Sunny,Day,0.15681423611111112,100.0,13.0,25.556182999935118,manual
1768181191015,Sunny,Day,0.15329861111111112,100.0,13.0,25.798288000260072,manual
1768181191046,Sunny,Day,0.16002604166666667,100.0,13.0,26.128129999960947,manual
1768181191080,Sunny,Day,0.1488715277777778,100.0,15.0,28.615930000341905,manual
1768181191109,Sunny,Day,0.15690104166666666,100.0,14.0,24.429604000033578,manual
1768181191140,Sunny,Day,0.13381076388888888,100.0,15.0,26.917422999758855,manual
1768181191171,Sunny,Day,0.14735243055555555,100.0,14.0,26.336588000049233,manual
1768181191203,Sunny,Day,0.13871527777777778,100.0,15.0,26.94103300018469,manual
1768181191234,Sunny,Day,0.1501736111111111,100.0,14.0,26.06155800003762,manual
1768181191268,Sunny,Day,0.14166666666666666,100.0,50.0,28.549562000534934,manual
1768181191297,Sunny,Day,0.14270833333333333,100.0,14.0,22.48751099978108,manual
1768181191329,Sunny,Day,0.13858506944444443,100.0,15.0,26.44362099999853,manual
1768181191362,Sunny,Day,0.15143229166666666,100.0,-21.0,28.531525999824225,manual
1768181191391,Sunny,Day,0.15946180555555556,100.0,14.0,22.230074000617606,manual
1768181191424,Sunny,Day,0.1661892361111111,100.0,14.0,27.650957999867387,manual
1768181191454,Sunny,Day,0.16397569444444443,100.0,14.0,25.6380340006217,manual
1768181191485,Sunny,Day,0.16380208333333332,100.0,14.0,26.48789799968654,manual
1768181191519,Sunny,Day,0.150390625,100.0,15.0,26.652115999240777,manual
1768181191550,Sunny,Day,0.14357638888888888,100.0,15.0,17.88428899999417,manual
1768181191580,Sunny,Day,0.13828125,100.0,16.0,25.316708999525872,manual
1768181191611,Sunny,Day,0.12265625,100.0,16.0,25.900524999997288,manual
1768181191643,Sunny,Day,0.10911458333333333,100.0,16.0,27.14317600020877,manual
1768181191674,Sunny,Day,0.10620659722222223,100.0,17.0,26.797278000231017,manual
1768181191705,Sunny,Day,0.10759548611111111,100.0,9.0,26.937792999888188,manual
1768181191737,Sunny,Day,0.07934027777777777,100.0,19.0,26.96738499980711,manual
1768181191768,Sunny,Day,0.07369791666666667,100.0,20.0,27.06143700015673,manual
1768181191799,Sunny,Day,0.06805555555555555,100.0,26.0,26.861184000154026,manual
1768181191831,Sunny,Day,0.055859375,100.0,26.0,26.982587999555108,manual
1768181191864,Sunny,Day,0.08519965277777777,100.0,-11.0,28.968290999728197,manual
1768181191897,Sunny,Day,0.0857204861111111,100.0,18.0,27.59453399994527,manual
1768181191926,Sunny,Day,0.086328125,100.0,18.0,24.566471000071033,manual
1768181191958,Sunny,Day,0.08580729166666666,100.0,18.0,24.57526699981827,manual
1768181191989,Sunny,Day,0.08598090277777778,100.0,18.0,26.091909000570013,manual
1768181192019,Sunny,Day,0.08611111111111111,100.0,18.0,26.029856000604923,manual
1768181192051,Sunny,Day,0.08619791666666667,100.0,18.0,26.859128999603854,manual
1768181192082,Sunny,Day,0.08671875,100.0,18.0,26.702596999712114,manual
1768181192114,Sunny,Day,0.08624131944444445,100.0,18.0,26.058485000248766,manual
1768181192146,Sunny,Day,0.08624131944444445,100.0,18.0,28.136148000157846,manual
1768181192177,Sunny,Day,0.08637152777777778,100.0,18.0,25.70912499959377,manual
1768181192208,Sunny,Day,0.08619791666666667,100.0,18.0,26.350309000008565,manual
1768181192241,Sunny,Day,0.0861545138888889,100.0,18.0,28.439362000426627,manual
1768181192272,Sunny,Day,0.08563368055555555,100.0,-10.0,26.334162000239303,manual
1768181192303,Sunny,Day,0.08619791666666667,100.0,-10.0,27.31439400031377,manual
1768181192333,Sunny,Day,0.08624131944444445,100.0,18.0,25.338782999824616,manual
1768181192365,Sunny,Day,0.08532986111111111,100.0,-10.0,26.939737000247987,manual
1768181192396,Sunny,Day,0.08532986111111111,100.0,-10.0,26.46034299959865,manual
1768181192428,Sunny,Day,0.085546875,100.0,18.0,27.389281000068877,manual
1768181192460,Sunny,Day,0.0857204861111111,100.0,18.0,20.259778000763617,manual
1768181192490,Sunny,Day,0.08567708333333333,100.0,18.0,25.720697999531694,manual
1768181192522,Sunny,Day,0.08519965277777777,100.0,18.0,26.609691999510687,manual
1768181192553,Sunny,Day,0.08537326388888888,100.0,18.0,26.378790000308072,manual
1768181192585,Sunny,Day,0.085546875,100.0,18.0,26.74940900033107,manual
1768181192616,Sunny,Day,0.08585069444444444,100.0,18.0,26.691467000091507,manual
1768181192648,Sunny,Day,0.085546875,100.0,-10.0,27.654735000396613,manual
1768181192679,Sunny,Day,0.085546875,100.0,18.0,25.755475000551087,manual
1768181192710,Sunny,Day,0.085546875,100.0,18.0,26.444511000590865,manual
1768181192743,Sunny,Day,0.0857204861111111,100.0,18.0,28.204702000039106,manual
1768181192774,Sunny,Day,0.08611111111111111,100.0,18.0,26.096279999364924,manual
1768181192806,Sunny,Day,0.08559027777777778,100.0,18.0,26.77657599997474,manual
1768181192836,Sunny,Day,0.085546875,100.0,18.0,25.36039400001755,manual
1768181192867,Sunny,Day,0.08576388888888889,100.0,18.0,26.046984999993583,manual
1768181192899,Sunny,Day,0.08567708333333333,100.0,18.0,26.25001600063115,manual
1768181192930,Sunny,Day,0.0857204861111111,100.0,18.0,27.019531999940227,manual
1768181192962,Sunny,Day,0.08559027777777778,100.0,-10.0,27.282209000077273,manual
1768181192993,Sunny,Day,0.08567708333333333,100.0,18.0,24.70339400042576,manual
1768181193024,Sunny,Day,0.08602430555555556,100.0,18.0,26.452658999915002,manual
1768181193057,Sunny,Day,0.08550347222222222,100.0,-10.0,28.464916999837442,manual
1768181193087,Sunny,Day,0.08580729166666666,100.0,18.0,24.59169300072972,manual
1768181193119,Sunny,Day,0.08576388888888889,100.0,18.0,27.081567000095674,manual
1768181193150,Sunny,Day,0.08602430555555556,100.0,18.0,26.90171999984159,manual
1768181193181,Sunny,Day,0.08619791666666667,100.0,18.0,25.891303999742377,manual
1768181193213,Sunny,Day,0.08559027777777778,100.0,-10.0,27.017679999516986,manual
1768181193244,Sunny,Day,0.08606770833333334,100.0,18.0,26.875814000050013,manual
1768181193275,Sunny,Day,0.08580729166666666,100.0,18.0,26.68835599979502,manual
1768181193307,Sunny,Day,0.08567708333333333,100.0,18.0,26.999439999599417,manual
1768181193338,Sunny,Day,0.08567708333333333,100.0,18.0,26.505325000471203,manual
1768181193369,Sunny,Day,0.08576388888888889,100.0,-10.0,26.969643999109394,manual
1768181193406,Sunny,Day,0.08567708333333333,100.0,18.0,28.399696000633412,manual
1768181193432,Sunny,Day,0.08641493055555556,100.0,18.0,11.359197000274435,manual
1768181193465,Sunny,Day,0.08606770833333334,100.0,-10.0,27.74636300000566,manual
1768181193496,Sunny,Day,0.08567708333333333,100.0,-10.0,23.4541520003404,manual
1768181193527,Sunny,Day,0.08606770833333334,100.0,-10.0,26.409919999423437,manual
1768181193560,Sunny,Day,0.08611111111111111,100.0,18.0,28.4816020002836,manual
1768181193591,Sunny,Day,0.0857204861111111,100.0,-10.0,22.460828000475885,manual
1768181193622,Sunny,Day,0.08550347222222222,100.0,18.0,26.487009999982547,manual
1768181193652,Sunny,Day,0.08563368055555555,100.0,-10.0,25.211582999872917,manual
1768181193687,Sunny,Day,0.08559027777777778,100.0,-10.0,30.14462899955106,manual
1768181193720,Sunny,Day,0.08537326388888888,100.0,-10.0,26.008339000327396,manual
1768181193747,Sunny,Day,0.08598090277777778,100.0,-10.0,20.408348999808368,manual
1768181193778,Sunny,Day,0.08515625,100.0,-10.0,27.252007000242884,manual
1768181193809,Sunny,Day,0.08567708333333333,100.0,-10.0,26.279960000465508,manual
1768181193841,Sunny,Day,0.0857204861111111,100.0,-10.0,25.77623399974982,manual
1768181193872,Sunny,Day,0.08606770833333334,100.0,-10.0,26.878128000134893,manual
1768181193910,Sunny,Day,0.08589409722222222,100.0,-10.0,33.93209600017144,manual
1768181193941,Sunny,Day,0.08628472222222222,100.0,-10.0,25.906285999553802,manual
1768181193966,Sunny,Day,0.08645833333333333,100.0,-10.0,20.755468000061228,manual
1768181193998,Sunny,Day,0.08676215277777778,100.0,-10.0,26.47543599960045,manual
1768181194029,Sunny,Day,0.08667534722222223,100.0,-10.0,26.895351000348455,manual
1768181194062,Sunny,Day,0.08598090277777778,100.0,-10.0,21.023035000325763,manual
1768181194092,Sunny,Day,0.08559027777777778,100.0,-10.0,23.46613299960154,manual
1768181194125,Sunny,Day,0.08515625,100.0,-10.0,20.556066999233735,manual
1768181194155,Sunny,Day,0.08515625,100.0,-10.0,23.501519999626908,manual
1768181194190,Sunny,Day,0.08546006944444444,100.0,-10.0,30.519748000187974,manual
1768181194219,Sunny,Day,0.08589409722222222,100.0,-10.0,23.211992999677022,manual
1768181194250,Sunny,Day,0.08641493055555556,100.0,-10.0,26.368643000751035,manual
1768181194280,Sunny,Day,0.08697916666666666,100.0,-10.0,25.249620000067807,manual
1768181194313,Sunny,Day,0.08723958333333333,100.0,-10.0,27.365745000679453,manual
1768181194348,Sunny,Day,0.08728298611111111,100.0,-10.0,25.50516800056357,manual
1768181194375,Sunny,Day,0.08719618055555556,100.0,-10.0,19.56844699998328,manual
1768181194406,Sunny,Day,0.08680555555555555,100.0,-10.0,26.898258999608515,manual
1768181194438,Sunny,Day,0.08697916666666666,100.0,-10.0,27.245580999988306,manual
1768181194469,Sunny,Day,0.08723958333333333,100.0,-10.0,26.424327000313497,manual
1768181194501,Sunny,Day,0.087109375,100.0,-10.0,28.23884999997972,manual
1768181194532,Sunny,Day,0.08745659722222222,100.0,-10.0,26.211925000097835,manual
1768181194563,Sunny,Day,0.08585069444444444,100.0,-10.0,26.388958000097773,manual
1768181194596,Sunny,Day,0.0837673611111111,100.0,-10.0,28.1743710002047,manual
1768181194627,Sunny,Day,0.08936631944444444,100.0,-9.0,25.834750999820244,manual
1768181194657,Sunny,Day,0.08671875,100.0,-7.0,25.43911399970966,manual
1768181194688,Sunny,Day,0.08541666666666667,100.0,-7.0,25.97808099926624,manual
1768181194725,Sunny,Day,0.08519965277777777,100.0,-8.0,24.171465000108583,manual
1768181194755,Sunny,Day,0.08268229166666667,100.0,-9.0,16.684862000147405,manual
1768181194786,Sunny,Day,0.08246527777777778,100.0,-9.0,25.48770500015962,manual
1768181194819,Sunny,Day,0.08203125,100.0,-9.0,26.379624000583135,manual
1768181194848,Sunny,Day,0.08125,100.0,-9.0,23.795791000338795,manual
1768181194879,Sunny,Day,0.08246527777777778,100.0,-10.0,25.634108999838645,manual
1768181194911,Sunny,Day,0.08324652777777777,100.0,-11.0,27.308802000334254,manual
1768181194944,Sunny,Day,0.08333333333333333,100.0,-10.0,27.29028500016284,manual
1768181194975,Sunny,Day,0.08350694444444444,100.0,-11.0,25.54116699957376,manual
1768181195005,Sunny,Day,0.08328993055555556,100.0,-11.0,23.960934000569978,manual
1768181195037,Sunny,Day,0.08328993055555556,100.0,-11.0,27.381171000342874,manual
1768181195068,Sunny,Day,0.08446180555555556,100.0,-12.0,25.631572000747838,manual
1768181195099,Sunny,Day,0.08433159722222222,100.0,-13.0,25.297988999227528,manual
1768181195132,Sunny,Day,0.08407118055555556,100.0,-13.0,28.21086899984948,manual
1768181195165,Sunny,Day,0.08441840277777778,100.0,-13.0,27.556666000236874,manual
1768181195195,Sunny,Day,0.08433159722222222,100.0,-13.0,23.80253100000118,manual
1768181195225,Sunny,Day,0.08407118055555556,100.0,-14.0,24.69556200048828,manual
1768181195256,Sunny,Day,0.08385416666666666,100.0,-14.0,24.902945000576437,manual
1768181195288,Sunny,Day,0.08394097222222222,100.0,-14.0,21.716127000217966,manual
1768181195320,Sunny,Day,0.08411458333333334,100.0,-14.0,23.47915100017417,manual
1768181195351,Sunny,Day,0.08385416666666666,100.0,-14.0,25.546519000272383,manual
1768181195381,Sunny,Day,0.08342013888888888,100.0,-14.0,22.951611000280536,manual
1768181195416,Sunny,Day,0.08363715277777778,100.0,-14.0,30.37666000000172,manual
1768181195447,Sunny,Day,0.08454861111111112,100.0,-15.0,24.36840399968787,manual
1768181195478,Sunny,Day,0.08650173611111112,100.0,-16.0,26.238683999508794,manual
1768181195508,Sunny,Day,0.08914930555555556,100.0,-16.0,23.90528800060565,manual
1768181195538,Sunny,Day,0.08858506944444444,100.0,16.0,24.25712999956886,manual
1768181195569,Sunny,Day,0.08888888888888889,100.0,16.0,26.81126100014808,manual
1768181195600,Sunny,Day,0.08914930555555556,100.0,16.0,26.382218000435387,manual
1768181195636,Sunny,Day,0.0890625,100.0,-16.0,30.26410799975565,manual
1768181195665,Sunny,Day,0.08797743055555556,100.0,-17.0,19.679110999277327,manual
1768181195697,Sunny,Day,0.08745659722222222,100.0,-17.0,24.50551199945039,manual
1768181195730,Sunny,Day,0.08680555555555555,100.0,-17.0,27.86719399955473,manual
1768181195760,Sunny,Day,0.08663194444444444,100.0,-16.0,25.010941999425995,manual
1768181195790,Sunny,Day,0.0861545138888889,100.0,-16.0,23.880955000095128,manual
1768181195824,Sunny,Day,0.08637152777777778,100.0,-16.0,28.08763299981365,manual
1768181195855,Sunny,Day,0.08606770833333334,100.0,-16.0,25.075531999391387,manual
1768181195886,Sunny,Day,0.08619791666666667,100.0,-16.0,25.675626000520424,manual
1768181195916,Sunny,Day,0.08671875,100.0,-15.0,22.870372999932442,manual
1768181195946,Sunny,Day,0.08671875,100.0,-15.0,25.22449099978985,manual
1768181195977,Sunny,Day,0.08676215277777778,100.0,-15.0,25.33833899997262,manual
1768181196008,Sunny,Day,0.08715277777777777,100.0,-15.0,25.499873000626394,manual
1768181196041,Sunny,Day,0.08793402777777778,100.0,17.0,27.15351099959662,manual
1768181196072,Sunny,Day,0.08819444444444445,100.0,17.0,26.002118000178598,manual
1768181196103,Sunny,Day,0.08828125,100.0,17.0,26.052967999930843,manual
1768181196136,Sunny,Day,0.08797743055555556,100.0,17.0,26.908517999800097,manual
1768181196166,Sunny,Day,0.08741319444444444,100.0,17.0,24.30253599959542,manual
1768181196197,Sunny,Day,0.08819444444444445,100.0,17.0,26.64278500014916,manual
1768181196232,Sunny,Day,0.09114583333333333,100.0,17.0,28.191870000227937,manual
1768181196262,Sunny,Day,0.08910590277777777,100.0,18.0,17.37343599961605,manual
1768181196295,Sunny,Day,0.08806423611111111,100.0,18.0,21.850641999662912,manual
1768181196323,Sunny,Day,0.08884548611111111,100.0,18.0,23.286306000045442,manual
1768181196355,Sunny,Day,0.08875868055555555,100.0,18.0,26.35060800002975,manual
1768181196386,Sunny,Day,0.089453125,100.0,18.0,25.21823300048709,manual
1768181196417,Sunny,Day,0.08940972222222222,100.0,19.0,26.117577999684727,manual
1768181196450,Sunny,Day,0.08958333333333333,100.0,18.0,27.598481000495667,manual
1768181196482,Sunny,Day,0.08940972222222222,100.0,18.0,23.40720899974258,manual
1768181196512,Sunny,Day,0.08919270833333333,100.0,18.0,24.737134999668342,manual
1768181196544,Sunny,Day,0.089453125,100.0,19.0,26.572398000098474,manual
1768181196576,Sunny,Day,0.08967013888888889,100.0,18.0,25.88099200056604,manual
1768181196606,Sunny,Day,0.08953993055555555,100.0,18.0,25.013220000801084,manual
1768181196638,Sunny,Day,0.08923611111111111,100.0,18.0,26.462290000381472,manual
1768181196669,Sunny,Day,0.08984375,100.0,18.0,25.55713099991408,manual
1768181196701,Sunny,Day,0.08980034722222222,100.0,18.0,26.08181899995543,manual
1768181196732,Sunny,Day,0.08967013888888889,100.0,18.0,24.972942999738734,manual
1768181196763,Sunny,Day,0.089453125,100.0,18.0,25.460521999775665,manual
1768181196798,Sunny,Day,0.08932291666666667,100.0,18.0,29.24878500016348,manual
1768181196826,Sunny,Day,0.08953993055555555,100.0,18.0,21.954621000077168,manual
1768181196858,Sunny,Day,0.08975694444444444,100.0,18.0,26.35045999977592,manual
1768181196890,Sunny,Day,0.08927951388888888,100.0,19.0,26.263907000611653,manual
1768181196921,Sunny,Day,0.08845486111111112,100.0,19.0,24.164892000044347,manual
1768181196951,Sunny,Day,0.08858506944444444,100.0,18.0,23.562575000141806,manual
1768181196983,Sunny,Day,0.08880208333333334,100.0,18.0,27.55861100013135,manual
1768181197014,Sunny,Day,0.08880208333333334,100.0,18.0,25.64551700015727,manual
1768181197045,Sunny,Day,0.08871527777777778,100.0,18.0,25.6350729996484,manual
1768181197077,Sunny,Day,0.08841145833333333,100.0,19.0,26.262944000336574,manual
1768181197108,Sunny,Day,0.08849826388888889,100.0,-10.0,25.970341000174813,manual
1768181197141,Sunny,Day,0.08771701388888889,100.0,-10.0,26.865816000281484,manual
1768181197175,Sunny,Day,0.08771701388888889,100.0,-10.0,22.240131000216934,manual
1768181197206,Sunny,Day,0.08793402777777778,100.0,-9.0,18.972613000187266,manual
1768181197234,Sunny,Day,0.08862847222222223,100.0,19.0,20.281909000004816,manual
1768181197264,Sunny,Day,0.08862847222222223,100.0,19.0,25.560279000274022,manual
1768181197294,Sunny,Day,0.08836805555555556,100.0,19.0,25.506095999844547,manual
1768181197326,Sunny,Day,0.08815104166666667,100.0,19.0,26.780633000271337,manual
1768181197357,Sunny,Day,0.08828125,100.0,18.0,27.12753099967813,manual
1768181197389,Sunny,Day,0.08828125,100.0,-9.0,26.557305999631353,manual
1768181197420,Sunny,Day,0.08836805555555556,100.0,19.0,26.62676699947042,manual
1768181197452,Sunny,Day,0.08841145833333333,100.0,18.0,27.89956499964319,manual
1768181197483,Sunny,Day,0.08845486111111112,100.0,18.0,26.08970799974486,manual
1768181197514,Sunny,Day,0.08880208333333334,100.0,19.0,26.33018300002732,manual
1768181197545,Sunny,Day,0.08880208333333334,100.0,18.0,26.81977999964147,manual
1768181197577,Sunny,Day,0.08845486111111112,100.0,18.0,26.49502999975084,manual
1768181197608,Sunny,Day,0.08893229166666666,100.0,19.0,26.869037999858847,manual
1768181197640,Sunny,Day,0.08888888888888889,100.0,19.0,26.75931900012074,manual
1768181197671,Sunny,Day,0.08893229166666666,100.0,19.0,27.350395000212302,manual
1768181197705,Sunny,Day,0.08875868055555555,100.0,-10.0,28.743188999214908,manual
1768181197735,Sunny,Day,0.08832465277777778,100.0,-10.0,25.406097000086447,manual
1768181197768,Sunny,Day,0.08910590277777777,100.0,18.0,28.927203000421287,manual
1768181197798,Sunny,Day,0.08923611111111111,100.0,18.0,24.482105000060983,manual
1768181197830,Sunny,Day,0.08880208333333334,100.0,18.0,27.48583599986887,manual
1768181197860,Sunny,Day,0.08880208333333334,100.0,18.0,24.31881299980887,manual
1768181197891,Sunny,Day,0.088671875,100.0,18.0,26.521529000092414,manual
1768181197922,Sunny,Day,0.0890625,100.0,18.0,25.954803999411524,manual
1768181197954,Sunny,Day,0.08923611111111111,100.0,18.0,26.493140999264142,manual
1768181197985,Sunny,Day,0.08888888888888889,100.0,-10.0,26.54139900005248,manual
1768181198016,Sunny,Day,0.088671875,100.0,18.0,25.55400199980795,manual
1768181198048,Sunny,Day,0.08936631944444444,100.0,18.0,26.320091000343382,manual
1768181198080,Sunny,Day,0.08940972222222222,100.0,19.0,27.192603999537823,manual
1768181198111,Sunny,Day,0.08880208333333334,100.0,19.0,25.8069390001765,manual
1768181198142,Sunny,Day,0.08875868055555555,100.0,19.0,25.841826999567274,manual
1768181198173,Sunny,Day,0.08914930555555556,100.0,19.0,26.81076199951349,manual
1768181198205,Sunny,Day,0.08919270833333333,100.0,19.0,26.627100999576214,manual
1768181198237,Sunny,Day,0.08880208333333334,100.0,-9.0,26.68674800042936,manual
1768181198271,Sunny,Day,0.08858506944444444,100.0,19.0,28.973331000088365,manual
1768181198301,Sunny,Day,0.08888888888888889,100.0,19.0,25.510706000204664,manual
1768181198331,Sunny,Day,0.08914930555555556,100.0,19.0,26.09980099987297,manual
1768181198362,Sunny,Day,0.08893229166666666,100.0,19.0,25.717237999742792,manual
1768181198393,Sunny,Day,0.08884548611111111,100.0,19.0,27.068643999882624,manual
1768181198425,Sunny,Day,0.08875868055555555,100.0,19.0,27.450484999462788,manual
1768181198456,Sunny,Day,0.08897569444444445,100.0,19.0,26.303091000045242,manual
1768181198489,Sunny,Day,0.08914930555555556,100.0,19.0,28.92068500023015,manual
1768181198521,Sunny,Day,0.08871527777777778,100.0,19.0,26.971905999744195,manual
1768181198550,Sunny,Day,0.08849826388888889,100.0,19.0,25.04405299987411,manual
1768181198583,Sunny,Day,0.08901909722222222,100.0,19.0,28.581786999893666,manual
1768181198614,Sunny,Day,0.08893229166666666,100.0,19.0,25.68397899995034,manual
1768181198645,Sunny,Day,0.08884548611111111,100.0,19.0,26.341664999563363,manual
1768181198676,Sunny,Day,0.08845486111111112,100.0,19.0,26.60480499980622,manual
1768181198708,Sunny,Day,0.08880208333333334,100.0,19.0,23.38256300026842,manual
1768181198740,Sunny,Day,0.08897569444444445,100.0,19.0,25.816216000748682,manual
1768181198770,Sunny,Day,0.08910590277777777,100.0,19.0,25.5603349996818,manual
1768181198802,Sunny,Day,0.08893229166666666,100.0,-9.0,26.88148299966997,manual
1768181198833,Sunny,Day,0.08875868055555555,100.0,19.0,25.936805999663193,manual
1768181198864,Sunny,Day,0.08901909722222222,100.0,19.0,26.812133000021277,manual
1768181198896,Sunny,Day,0.08901909722222222,100.0,19.0,27.263046000371105,manual
1768181198927,Sunny,Day,0.088671875,100.0,19.0,26.838613999643712,manual
1768181198959,Sunny,Day,0.08858506944444444,100.0,18.0,26.8999640002221,manual
1768181198990,Sunny,Day,0.08875868055555555,100.0,19.0,26.82685399940965,manual
1768181199021,Sunny,Day,0.08897569444444445,100.0,19.0,26.89674199973524,manual
1768181199055,Sunny,Day,0.08897569444444445,100.0,19.0,26.839281000320625,manual
1768181199084,Sunny,Day,0.08854166666666667,100.0,18.0,23.551744000542385,manual
1768181199116,Sunny,Day,0.088671875,100.0,18.0,27.259046999461134,manual
1768181199147,Sunny,Day,0.08884548611111111,100.0,18.0,25.694980000480427,manual
1768181199178,Sunny,Day,0.08888888888888889,100.0,19.0,26.404125999761163,manual
1768181199210,Sunny,Day,0.08858506944444444,100.0,18.0,26.053265999507857,manual
1768181199243,Sunny,Day,0.088671875,100.0,18.0,28.195409000545624,manual
1768181199272,Sunny,Day,0.08919270833333333,100.0,18.0,23.818421999749262,manual
1768181199304,Sunny,Day,0.08923611111111111,100.0,18.0,26.947408000523865,manual
1768181199335,Sunny,Day,0.08841145833333333,100.0,18.0,27.175845000783738,manual
1768181199367,Sunny,Day,0.08845486111111112,100.0,18.0,26.147466999645985,manual
1768181199398,Sunny,Day,0.08888888888888889,100.0,-10.0,27.061275000050955,manual
1768181199429,Sunny,Day,0.08893229166666666,100.0,18.0,26.416126000185614,manual
1768181199461,Sunny,Day,0.08884548611111111,100.0,18.0,26.199298000392446,manual
1768181199492,Sunny,Day,0.08832465277777778,100.0,18.0,26.866391000112344,manual
1768181199524,Sunny,Day,0.08875868055555555,100.0,18.0,26.317906000258517,manual
1768181199556,Sunny,Day,0.08897569444444445,100.0,18.0,27.021849999982805,manual
1768181199586,Sunny,Day,0.08923611111111111,100.0,18.0,25.73988600033772,manual
1768181199618,Sunny,Day,0.08849826388888889,100.0,18.0,27.240139999776147,manual
1768181199649,Sunny,Day,0.088671875,100.0,18.0,26.580288000332075,manual
1768181199682,Sunny,Day,0.08932291666666667,100.0,19.0,28.145078000306967,manual
1768181199712,Sunny,Day,0.08940972222222222,100.0,19.0,25.745292999999947,manual
1768181199744,Sunny,Day,0.08901909722222222,100.0,19.0,26.813059000232897,manual
1768181199775,Sunny,Day,0.08875868055555555,100.0,18.0,27.01058999991801,manual
1768181199806,Sunny,Day,0.08897569444444445,100.0,19.0,26.37807100018108,manual
1768181199838,Sunny,Day,0.08927951388888888,100.0,19.0,26.55199199944036,manual
1768181199869,Sunny,Day,0.08914930555555556,100.0,19.0,26.997812999979942,manual
1768181199900,Sunny,Day,0.08845486111111112,100.0,19.0,26.370996999503404,manual
1768181199932,Sunny,Day,0.0890625,100.0,19.0,27.072756000052323,manual
1768181199963,Sunny,Day,0.08914930555555556,100.0,19.0,26.967147000505065,manual
1768181199995,Sunny,Day,0.0890625,100.0,19.0,24.858892999873206,manual
1768181200027,Sunny,Day,0.088671875,100.0,19.0,28.05098800035921,manual
1768181200058,Sunny,Day,0.088671875,100.0,19.0,25.789254999835975,manual
1768181200089,Sunny,Day,0.08919270833333333,100.0,19.0,26.41571899948758,manual
1768181200120,Sunny,Day,0.08919270833333333,100.0,18.0,27.074775000073714,manual
1768181200153,Sunny,Day,0.08884548611111111,100.0,18.0,28.384719000314362,manual
1768181200183,Sunny,Day,0.08871527777777778,100.0,19.0,24.479996000081883,manual
1768181200214,Sunny,Day,0.08897569444444445,100.0,18.0,26.954981000017142,manual
1768181200246,Sunny,Day,0.0890625,100.0,19.0,26.43760699993436,manual
1768181200278,Sunny,Day,0.08880208333333334,100.0,19.0,26.339758999711194,manual
1768181200309,Sunny,Day,0.08832465277777778,100.0,18.0,26.474125000277127,manual
1768181200341,Sunny,Day,0.0881076388888889,100.0,18.0,28.132893000474724,manual
1768181200372,Sunny,Day,0.08897569444444445,100.0,18.0,26.01280399994721,manual
1768181200403,Sunny,Day,0.088671875,100.0,18.0,22.47932999944169,manual
1768181200434,Sunny,Day,0.08841145833333333,100.0,18.0,26.370053000391636,manual
1768181200466,Sunny,Day,0.08797743055555556,100.0,18.0,27.069570999628922,manual
1768181200498,Sunny,Day,0.08832465277777778,100.0,18.0,28.02298900041933,manual
1768181200529,Sunny,Day,0.08871527777777778,100.0,18.0,25.95832499991957,manual
1768181200560,Sunny,Day,0.08836805555555556,100.0,18.0,26.86392900068313,manual
1768181200591,Sunny,Day,0.08815104166666667,100.0,18.0,26.07343299951026,manual
1768181200623,Sunny,Day,0.08828125,100.0,18.0,26.82696699957887,manual
1768181200656,Sunny,Day,0.08854166666666667,100.0,18.0,28.660840999691573,manual
1768181200685,Sunny,Day,0.08823784722222222,100.0,18.0,24.052211000707757,manual
1768181200717,Sunny,Day,0.08836805555555556,100.0,18.0,26.35694299988245,manual
1768181200750,Sunny,Day,0.08828125,100.0,18.0,28.587916999640584,manual
1768181200781,Sunny,Day,0.08854166666666667,100.0,18.0,23.66620399970998,manual
1768181200811,Sunny,Day,0.08862847222222223,100.0,18.0,25.55770700018911,manual
1768181200843,Sunny,Day,0.08823784722222222,100.0,18.0,26.430218999848876,manual
1768181200874,Sunny,Day,0.08823784722222222,100.0,18.0,26.880723999965994,manual
1768181200905,Sunny,Day,0.08854166666666667,100.0,18.0,26.501013000597595,manual
1768181200938,Sunny,Day,0.088671875,100.0,18.0,27.165012000295974,manual
1768181200968,Sunny,Day,0.08836805555555556,100.0,18.0,16.604532999735966,manual
1768181200999,Sunny,Day,0.08815104166666667,100.0,18.0,26.43770000031509,manual
1768181201031,Sunny,Day,0.08828125,100.0,18.0,26.47869999964314,manual
1768181201062,Sunny,Day,0.08862847222222223,100.0,18.0,26.971852000315266,manual
1768181201093,Sunny,Day,0.08845486111111112,100.0,18.0,26.62432400029502,manual
1768181201125,Sunny,Day,0.0881076388888889,100.0,18.0,27.009370000087074,manual
1768181201157,Sunny,Day,0.08823784722222222,100.0,18.0,26.725155000349332,manual
1768181201189,Sunny,Day,0.08854166666666667,100.0,18.0,27.790477000053215,manual
1768181201219,Sunny,Day,0.08875868055555555,100.0,18.0,25.32513900041522,manual
1768181201251,Sunny,Day,0.08832465277777778,100.0,18.0,26.933926999845426,manual
1768181201284,Sunny,Day,0.08832465277777778,100.0,18.0,28.130597999734164,manual
1768181201313,Sunny,Day,0.08845486111111112,100.0,18.0,24.23176299998886,manual
1768181201345,Sunny,Day,0.08901909722222222,100.0,18.0,26.920722999420832,manual
1768181201376,Sunny,Day,0.08832465277777778,100.0,18.0,26.98198100006266,manual
1768181201408,Sunny,Day,0.08823784722222222,100.0,18.0,26.931556999443274,manual
1768181201439,Sunny,Day,0.08841145833333333,100.0,18.0,26.696452999203757,manual
1768181201473,Sunny,Day,0.08884548611111111,100.0,18.0,29.558481999629294,manual
1768181201502,Sunny,Day,0.08871527777777778,100.0,18.0,23.033684999973048,manual
1768181201533,Sunny,Day,0.08828125,100.0,18.0,26.85529900008987,manual
1768181201565,Sunny,Day,0.08841145833333333,100.0,18.0,26.749302999633073,manual
1768181201598,Sunny,Day,0.08858506944444444,100.0,18.0,28.60304699970584,manual
1768181201627,Sunny,Day,0.08854166666666667,100.0,18.0,24.99929600071482,manual
1768181201659,Sunny,Day,0.08875868055555555,100.0,18.0,27.122884999698726,manual
1768181201692,Sunny,Day,0.08854166666666667,100.0,18.0,27.843253000355617,manual
1768181201722,Sunny,Day,0.08897569444444445,100.0,18.0,24.380498999562406,manual
1768181201753,Sunny,Day,0.08862847222222223,100.0,18.0,26.89259500039043,manual
1768181201784,Sunny,Day,0.08858506944444444,100.0,18.0,22.12978399984422,manual
1768181201818,Sunny,Day,0.08845486111111112,100.0,18.0,28.9886660002594,manual
1768181201847,Sunny,Day,0.08884548611111111,100.0,18.0,24.129171999447863,manual
1768181201879,Sunny,Day,0.08901909722222222,100.0,18.0,25.717294000060065,manual
1768181201911,Sunny,Day,0.08862847222222223,100.0,18.0,27.4448210002447,manual
1768181201941,Sunny,Day,0.08858506944444444,100.0,18.0,26.326297000196064,manual
1768181201974,Sunny,Day,0.08888888888888889,100.0,18.0,28.102283000407624,manual
1768181202005,Sunny,Day,0.08884548611111111,100.0,18.0,26.51441999933013,manual
1768181202036,Sunny,Day,0.08888888888888889,100.0,18.0,25.71201699993253,manual
1768181202067,Sunny,Day,0.08858506944444444,100.0,18.0,26.700416000494442,manual
1768181202098,Sunny,Day,0.08845486111111112,100.0,18.0,26.994888999979594,manual
1768181202130,Sunny,Day,0.08858506944444444,100.0,18.0,26.679472000068927,manual
1768181202161,Sunny,Day,0.08880208333333334,100.0,18.0,26.690842000789416,manual
1768181202193,Sunny,Day,0.08854166666666667,100.0,18.0,27.82256899990898,manual
1768181202226,Sunny,Day,0.088671875,100.0,18.0,28.570548000061535,manual
1768181202259,Sunny,Day,0.088671875,100.0,18.0,27.24010400015686,manual
1768181202290,Sunny,Day,0.08897569444444445,100.0,18.0,26.590881999254634,manual
1768181202322,Sunny,Day,0.08845486111111112,100.0,18.0,26.509662000535172,manual
1768181202351,Sunny,Day,0.08862847222222223,100.0,18.0,23.070314000506187,manual
1768181202383,Sunny,Day,0.08854166666666667,100.0,18.0,27.02873999987787,manual
1768181202415,Sunny,Day,0.0890625,100.0,18.0,26.25989100033621,manual
1768181202447,Sunny,Day,0.08884548611111111,100.0,18.0,27.324843000315013,manual
1768181202477,Sunny,Day,0.08858506944444444,100.0,18.0,25.014482000187854,manual
1768181202509,Sunny,Day,0.08858506944444444,100.0,18.0,26.110099000106857,manual
1768181202541,Sunny,Day,0.08875868055555555,100.0,18.0,25.985047000176564,manual
1768181202572,Sunny,Day,0.0890625,100.0,18.0,24.444256999231584,manual
1768181202603,Sunny,Day,0.088671875,100.0,18.0,25.624593999964418,manual
1768181202638,Sunny,Day,0.08880208333333334,100.0,18.0,28.89568699993106,manual
1768181202666,Sunny,Day,0.08880208333333334,100.0,18.0,22.338631000820897,manual
1768181202699,Sunny,Day,0.08914930555555556,100.0,18.0,27.30386199982604,manual
1768181202730,Sunny,Day,0.08875868055555555,100.0,18.0,24.52423600061593,manual
1768181202760,Sunny,Day,0.08849826388888889,100.0,18.0,24.186005000046862,manual
1768181202792,Sunny,Day,0.088671875,100.0,18.0,25.563707000401337,manual
1768181202825,Sunny,Day,0.08884548611111111,100.0,18.0,25.936881999768957,manual
1768181202856,Sunny,Day,0.08880208333333334,100.0,18.0,17.384713999490486,manual
1768181202886,Sunny,Day,0.08871527777777778,100.0,18.0,23.138145000302757,manual
1768181202918,Sunny,Day,0.08836805555555556,100.0,18.0,26.034397999865178,manual
1768181202950,Sunny,Day,0.08875868055555555,100.0,18.0,27.03151700006856,manual
1768181202980,Sunny,Day,0.08888888888888889,100.0,18.0,22.581105999961437,manual
1768181203012,Sunny,Day,0.08897569444444445,100.0,18.0,26.497680999455042,manual
1768181203044,Sunny,Day,0.08849826388888889,100.0,18.0,26.42035000008036,manual
1768181203074,Sunny,Day,0.08845486111111112,100.0,18.0,25.28773399990314,manual
1768181203107,Sunny,Day,0.08897569444444445,100.0,18.0,27.389749000576558,manual
1768181203137,Sunny,Day,0.08854166666666667,100.0,18.0,24.026638999202987,manual
1768181203169,Sunny,Day,0.08845486111111112,100.0,18.0,25.963048000448907,manual
1768181203201,Sunny,Day,0.08845486111111112,100.0,18.0,26.13648800070223,manual
1768181203233,Sunny,Day,0.08888888888888889,100.0,18.0,27.53676300017105,manual
1768181203263,Sunny,Day,0.08888888888888889,100.0,18.0,23.94421600001806,manual
1768181203296,Sunny,Day,0.08854166666666667,100.0,18.0,27.68333200037887,manual
1768181203326,Sunny,Day,0.08845486111111112,100.0,18.0,23.45989599962195,manual
1768181203357,Sunny,Day,0.08880208333333334,100.0,18.0,25.76149800006533,manual
1768181203389,Sunny,Day,0.08888888888888889,100.0,18.0,26.197041999694193,manual
1768181203420,Sunny,Day,0.08849826388888889,100.0,18.0,25.09249800004909,manual
1768181203451,Sunny,Day,0.08836805555555556,100.0,18.0,25.643648999903235,manual
1768181203483,Sunny,Day,0.088671875,100.0,18.0,25.53111599991098,manual
1768181203514,Sunny,Day,0.08888888888888889,100.0,18.0,25.1884590006739,manual
1768181203545,Sunny,Day,0.08862847222222223,100.0,18.0,25.483450000137964,manual
1768181203577,Sunny,Day,0.08841145833333333,100.0,18.0,25.183533000017633,manual
1768181203608,Sunny,Day,0.08849826388888889,100.0,18.0,26.005675999840605,manual
1768181203642,Sunny,Day,0.08862847222222223,100.0,18.0,28.292001000409073,manual
1768181203671,Sunny,Day,0.08888888888888889,100.0,18.0,21.21303399962926,manual
1768181203702,Sunny,Day,0.08845486111111112,100.0,18.0,25.816923000093084,manual
1768181203734,Sunny,Day,0.08832465277777778,100.0,18.0,25.881809000566136,manual
1768181203768,Sunny,Day,0.08858506944444444,100.0,18.0,26.788117000251077,manual
1768181203797,Sunny,Day,0.08888888888888889,100.0,18.0,17.80009300000529,manual
1768181203830,Sunny,Day,0.088671875,100.0,18.0,27.164772999640263,manual
1768181203859,Sunny,Day,0.08875868055555555,100.0,18.0,22.055083999475755,manual
1768181203890,Sunny,Day,0.08849826388888889,100.0,18.0,25.835125000412518,manual
1768181203922,Sunny,Day,0.08893229166666666,100.0,18.0,25.80340399981651,manual
1768181203954,Sunny,Day,0.08880208333333334,100.0,18.0,26.95679799944628,manual
1768181203985,Sunny,Day,0.08836805555555556,100.0,18.0,22.007122000104573,manual
1768181204017,Sunny,Day,0.08845486111111112,100.0,18.0,26.00993499981996,manual
1768181204050,Sunny,Day,0.08880208333333334,100.0,18.0,27.785145999587257,manual
1768181204080,Sunny,Day,0.08884548611111111,100.0,18.0,21.53922799971042,manual
1768181204111,Sunny,Day,0.08862847222222223,100.0,18.0,24.904818000322848,manual
1768181204143,Sunny,Day,0.08845486111111112,100.0,18.0,26.433276000716432,manual
1768181204174,Sunny,Day,0.08858506944444444,100.0,18.0,22.202617000402824,manual
1768181204205,Sunny,Day,0.08888888888888889,100.0,18.0,25.30545500030712,manual
1768181204237,Sunny,Day,0.08845486111111112,100.0,18.0,26.4526079999996,manual
1768181204267,Sunny,Day,0.08806423611111111,100.0,18.0,24.221931000283803,manual
1768181204299,Sunny,Day,0.08841145833333333,100.0,18.0,26.01137999954517,manual
1768181204330,Sunny,Day,0.08884548611111111,100.0,18.0,26.223244999528106,manual
1768181204362,Sunny,Day,0.08862847222222223,100.0,18.0,26.39992500007793,manual
1768181204394,Sunny,Day,0.08832465277777778,100.0,18.0,25.571707999915816,manual
1768181204425,Sunny,Day,0.08845486111111112,100.0,18.0,25.558299999829615,manual
1768181204459,Sunny,Day,0.08871527777777778,100.0,18.0,28.772450999895227,manual
1768181204488,Sunny,Day,0.08862847222222223,100.0,18.0,22.69630600039818,manual
1768181204519,Sunny,Day,0.08823784722222222,100.0,18.0,26.216374999421532,manual
1768181204551,Sunny,Day,0.08871527777777778,100.0,18.0,26.347074000113935,manual
1768181204582,Sunny,Day,0.08880208333333334,100.0,18.0,25.09416499924555,manual
1768181204613,Sunny,Day,0.0890625,100.0,18.0,20.941133000633272,manual
1768181204646,Sunny,Day,0.08858506944444444,100.0,18.0,27.01755499947467,manual
1768181204676,Sunny,Day,0.08828125,100.0,18.0,23.984918999303773,manual
1768181204709,Sunny,Day,0.088671875,100.0,18.0,25.42137799991906,manual
1768181204740,Sunny,Day,0.08880208333333334,100.0,18.0,24.919096000303398,manual
1768181204770,Sunny,Day,0.08849826388888889,100.0,18.0,23.141183000007004,manual
1768181204801,Sunny,Day,0.08828125,100.0,18.0,25.865847000204667,manual
1768181204834,Sunny,Day,0.08858506944444444,100.0,18.0,28.020786000524822,manual
1768181204866,Sunny,Day,0.08897569444444445,100.0,18.0,25.891679999404005,manual
1768181204895,Sunny,Day,0.08888888888888889,100.0,18.0,23.88784799950372,manual
1768181204928,Sunny,Day,0.088671875,100.0,18.0,27.28665899940097,manual
1768181204959,Sunny,Day,0.08854166666666667,100.0,18.0,24.074027000096976,manual
1768181204992,Sunny,Day,0.08919270833333333,100.0,18.0,27.890105000551557,manual
1768181205022,Sunny,Day,0.08932291666666667,100.0,18.0,23.90371799992863,manual
1768181205053,Sunny,Day,0.08897569444444445,100.0,18.0,25.380305999533448,manual
1768181205085,Sunny,Day,0.08871527777777778,100.0,18.0,26.033379999717,manual
1768181205115,Sunny,Day,0.08875868055555555,100.0,18.0,24.28422600041813,manual
1768181205148,Sunny,Day,0.0890625,100.0,18.0,27.40445300059946,manual
1768181205178,Sunny,Day,0.08880208333333334,100.0,18.0,24.158987999726378,manual
1768181205209,Sunny,Day,0.08823784722222222,100.0,18.0,26.06467599980533,manual
1768181205242,Sunny,Day,0.08823784722222222,100.0,18.0,28.01650899982633,manual
1768181205274,Sunny,Day,0.08854166666666667,100.0,18.0,25.521042000036687,manual
1768181205305,Sunny,Day,0.08858506944444444,100.0,18.0,26.392222000140464,manual
1768181205337,Sunny,Day,0.08802083333333334,100.0,18.0,24.745435000113503,manual
1768181205368,Sunny,Day,0.0881076388888889,100.0,18.0,24.98596500026906,manual
1768181205397,Sunny,Day,0.08858506944444444,100.0,19.0,24.28815199982637,manual
1768181205429,Sunny,Day,0.0890625,100.0,19.0,26.011510999524035,manual
1768181205461,Sunny,Day,0.08858506944444444,100.0,18.0,27.00183399974776,manual
1768181205493,Sunny,Day,0.08819444444444445,100.0,18.0,24.85933899970405,manual
1768181205524,Sunny,Day,0.08836805555555556,100.0,18.0,25.623724999604747,manual
1768181205556,Sunny,Day,0.08849826388888889,100.0,18.0,26.350500999797077,manual
1768181205586,Sunny,Day,0.08875868055555555,100.0,18.0,24.128026000653335,manual
1768181205619,Sunny,Day,0.08823784722222222,100.0,18.0,26.79880300001969,manual
1768181205651,Sunny,Day,0.08815104166666667,100.0,18.0,24.83261700035655,manual
1768181205683,Sunny,Day,0.08832465277777778,100.0,18.0,25.20703299978777,manual
1768181205712,Sunny,Day,0.08845486111111112,100.0,18.0,23.37367699965398,manual
1768181205743,Sunny,Day,0.08849826388888889,100.0,18.0,25.53822699974262,manual
1768181205775,Sunny,Day,0.08884548611111111,100.0,18.0,25.548042000082205,manual
1768181205807,Sunny,Day,0.08893229166666666,100.0,19.0,26.369074000285764,manual
1768181205837,Sunny,Day,0.08858506944444444,100.0,18.0,24.388795999584545,manual
1768181205869,Sunny,Day,0.08819444444444445,100.0,18.0,25.870015000691637,manual
1768181205901,Sunny,Day,0.0881076388888889,100.0,18.0,25.68052000060561,manual
1768181205932,Sunny,Day,0.08862847222222223,100.0,18.0,25.876161999804026,manual
1768181205964,Sunny,Day,0.08854166666666667,100.0,19.0,26.12989600038418,manual
1768181205994,Sunny,Day,0.08841145833333333,100.0,18.0,25.078796000343573,manual
1768181206026,Sunny,Day,0.08806423611111111,100.0,18.0,25.952142999813077,manual
1768181206058,Sunny,Day,0.08819444444444445,100.0,18.0,26.00886299933336,manual
1768181206091,Sunny,Day,0.08862847222222223,100.0,18.0,26.447647000168217,manual
1768181206120,Sunny,Day,0.08880208333333334,100.0,18.0,17.14790699952573,manual
1768181206152,Sunny,Day,0.08845486111111112,100.0,18.0,26.124582000193186,manual
1768181206184,Sunny,Day,0.08849826388888889,100.0,18.0,27.264346999800182,manual
1768181206215,Sunny,Day,0.08880208333333334,100.0,18.0,23.168202000306337,manual
1768181206246,Sunny,Day,0.08854166666666667,100.0,18.0,25.746110000000044,manual
1768181206278,Sunny,Day,0.08854166666666667,100.0,18.0,26.612900999680278,manual
1768181206309,Sunny,Day,0.08862847222222223,100.0,18.0,25.66637299969443,manual
1768181206340,Sunny,Day,0.08849826388888889,100.0,18.0,24.408889000369527,manual
1768181206371,Sunny,Day,0.08875868055555555,100.0,18.0,25.914346999343252,manual
1768181206402,Sunny,Day,0.08854166666666667,100.0,18.0,25.155090000225755,manual
1768181206434,Sunny,Day,0.08849826388888889,100.0,18.0,26.67480699983571,manual
1768181206465,Sunny,Day,0.08832465277777778,100.0,18.0,26.70141699945816,manual
1768181206498,Sunny,Day,0.08884548611111111,100.0,18.0,27.444304000709963,manual
1768181206528,Sunny,Day,0.08875868055555555,100.0,18.0,24.580477000199608,manual
1768181206560,Sunny,Day,0.08880208333333334,100.0,18.0,26.92411499992886,manual
1768181206593,Sunny,Day,0.08884548611111111,100.0,18.0,20.87578400005441,manual
1768181206623,Sunny,Day,0.08919270833333333,100.0,18.0,23.226088999763306,manual
1768181206654,Sunny,Day,0.08949652777777778,100.0,18.0,25.71140899999591,manual
1768181206686,Sunny,Day,0.089453125,100.0,18.0,26.305355000658892,manual
1768181206716,Sunny,Day,0.08953993055555555,100.0,18.0,25.127869000243663,manual
1768181206748,Sunny,Day,0.0896267361111111,100.0,18.0,26.202154000202427,manual
1768181206782,Sunny,Day,0.08997395833333334,100.0,18.0,28.480015999775787,manual
1768181206812,Sunny,Day,0.08953993055555555,100.0,18.0,23.598245999892242,manual
1768181206843,Sunny,Day,0.0896267361111111,100.0,18.0,25.93003200036037,manual
1768181206873,Sunny,Day,0.08958333333333333,100.0,18.0,23.386251000374614,manual
1768181206907,Sunny,Day,0.08971354166666666,100.0,18.0,27.62255899961019,manual
1768181206936,Sunny,Day,0.089453125,100.0,18.0,18.89424700038944,manual
1768181206968,Sunny,Day,0.08901909722222222,100.0,18.0,26.39587100020435,manual
1768181207001,Sunny,Day,0.0890625,100.0,18.0,27.024592999623565,manual
1768181207031,Sunny,Day,0.08914930555555556,100.0,18.0,24.39903799950116,manual
1768181207062,Sunny,Day,0.08875868055555555,100.0,18.0,25.1457019994632,manual
1768181207094,Sunny,Day,0.08845486111111112,100.0,18.0,25.462934000643145,manual
1768181207125,Sunny,Day,0.08823784722222222,100.0,18.0,25.437860999772965,manual
1768181207157,Sunny,Day,0.08819444444444445,100.0,18.0,26.312484000300174,manual
1768181207190,Sunny,Day,0.08793402777777778,100.0,18.0,27.639001999887114,manual
1768181207220,Sunny,Day,0.08784722222222222,100.0,18.0,23.661336000259325,manual
1768181207251,Sunny,Day,0.08754340277777778,100.0,18.0,25.263292000090587,manual
1768181207281,Sunny,Day,0.0876736111111111,100.0,18.0,25.07713100021647,manual
1768181207317,Sunny,Day,0.08802083333333334,100.0,18.0,30.11645199967461,manual
1768181207345,Sunny,Day,0.08745659722222222,100.0,18.0,22.08675099973334,manual
1768181207377,Sunny,Day,0.08741319444444444,100.0,18.0,27.08931399956782,manual
1768181207409,Sunny,Day,0.08763020833333333,100.0,18.0,25.984807999520854,manual
1768181207440,Sunny,Day,0.08780381944444444,100.0,18.0,25.341640999613446,manual
1768181207471,Sunny,Day,0.08784722222222222,100.0,18.0,25.53337700010161,manual
1768181207502,Sunny,Day,0.08732638888888888,100.0,18.0,25.671946000329626,manual
1768181207540,Sunny,Day,0.08728298611111111,100.0,18.0,25.378787999216,manual
1768181207565,Sunny,Day,0.08732638888888888,100.0,18.0,13.746762000664603,manual
1768181207597,Sunny,Day,0.08693576388888889,100.0,18.0,25.97008700013248,manual
1768181207627,Sunny,Day,0.08723958333333333,100.0,18.0,23.366492999230104,manual
1768181207658,Sunny,Day,0.08676215277777778,100.0,18.0,25.561765000020387,manual
1768181207693,Sunny,Day,0.08611111111111111,100.0,18.0,29.85673599960137,manual
1768181207724,Sunny,Day,0.08585069444444444,100.0,18.0,23.481453000385955,manual
1768181207753,Sunny,Day,0.08585069444444444,100.0,18.0,23.359882000477228,manual
1768181207787,Sunny,Day,0.08589409722222222,100.0,18.0,27.47537800041755,manual
1768181207817,Sunny,Day,0.08624131944444445,100.0,19.0,20.704956000372476,manual
1768181207849,Sunny,Day,0.086328125,100.0,19.0,26.55018099994777,manual
1768181207879,Sunny,Day,0.0859375,100.0,19.0,22.534312000061618,manual
1768181207910,Sunny,Day,0.08524305555555556,100.0,-10.0,25.38949199970375,manual
1768181207943,Sunny,Day,0.08550347222222222,100.0,19.0,26.4243150004404,manual
1768181207974,Sunny,Day,0.08537326388888888,100.0,19.0,22.843396000098437,manual
1768181208005,Sunny,Day,0.08532986111111111,100.0,19.0,24.881746000573912,manual
1768181208037,Sunny,Day,0.08580729166666666,100.0,18.0,26.669716000469634,manual
1768181208067,Sunny,Day,0.08498263888888889,100.0,19.0,20.129509999605943,manual
1768181208098,Sunny,Day,0.08528645833333333,100.0,19.0,25.606004999644938,manual
1768181208133,Sunny,Day,0.08585069444444444,100.0,19.0,29.130110000551213,manual
1768181208161,Sunny,Day,0.08515625,100.0,19.0,22.024419999979727,manual
1768181208193,Sunny,Day,0.0857204861111111,100.0,18.0,25.717612000335066,manual
1768181208225,Sunny,Day,0.08559027777777778,100.0,18.0,26.23143200071354,manual
1768181208255,Sunny,Day,0.08550347222222222,100.0,18.0,24.82852599951002,manual
1768181208287,Sunny,Day,0.08519965277777777,100.0,-10.0,25.915218000591267,manual
1768181208319,Sunny,Day,0.08489583333333334,100.0,19.0,25.94271799989656,manual
1768181208350,Sunny,Day,0.08576388888888889,100.0,19.0,25.09127899975283,manual
1768181208381,Sunny,Day,0.08576388888888889,100.0,19.0,25.39321399945038,manual
1768181208412,Sunny,Day,0.08650173611111112,100.0,19.0,25.546764999489824,manual
1768181208448,Sunny,Day,0.08650173611111112,100.0,19.0,30.79921100015781,manual
1768181208476,Sunny,Day,0.08676215277777778,100.0,19.0,20.77588099928107,manual
1768181208506,Sunny,Day,0.08602430555555556,100.0,19.0,24.403630999586312,manual
1768181208539,Sunny,Day,0.08619791666666667,100.0,19.0,28.01419600018562,manual
1768181208573,Sunny,Day,0.08715277777777777,100.0,19.0,28.118064000409504,manual
1768181208601,Sunny,Day,0.08637152777777778,100.0,18.0,22.700567999891064,manual
1768181208632,Sunny,Day,0.08619791666666667,100.0,18.0,26.036141000076896,manual
1768181208663,Sunny,Day,0.08537326388888888,100.0,18.0,25.825405999967188,manual
1768181208695,Sunny,Day,0.08559027777777778,100.0,18.0,26.56025599935674,manual
1768181208726,Sunny,Day,0.08493923611111111,100.0,18.0,25.258607000068878,manual
1768181208758,Sunny,Day,0.08537326388888888,100.0,18.0,26.206172999991395,manual
1768181208796,Sunny,Day,0.08532986111111111,100.0,18.0,32.898170000407845,manual
1768181208821,Sunny,Day,0.08511284722222222,100.0,18.0,19.266273999164696,manual
1768181208853,Sunny,Day,0.08511284722222222,100.0,18.0,25.39112100021157,manual
1768181208883,Sunny,Day,0.08559027777777778,100.0,18.0,25.020076999680896,manual
1768181208914,Sunny,Day,0.08559027777777778,100.0,18.0,25.75340800012782,manual
1768181208949,Sunny,Day,0.08611111111111111,100.0,18.0,28.49992400024348,manual
1768181208977,Sunny,Day,0.08641493055555556,100.0,18.0,22.58340399930603,manual
1768181209009,Sunny,Day,0.08624131944444445,100.0,18.0,25.908218000040506,manual
1768181209041,Sunny,Day,0.08598090277777778,100.0,-11.0,27.010966000489134,manual
1768181209073,Sunny,Day,0.08515625,100.0,-11.0,25.480768000306853,manual
1768181209103,Sunny,Day,0.08511284722222222,100.0,-11.0,24.805508999634185,manual
1768181209134,Sunny,Day,0.08454861111111112,100.0,-11.0,25.17435099980503,manual
1768181209166,Sunny,Day,0.08485243055555555,100.0,-11.0,26.097454000591824,manual
1768181209198,Sunny,Day,0.08472222222222223,100.0,-11.0,27.25086700047541,manual
1768181209231,Sunny,Day,0.08446180555555556,100.0,-11.0,27.669205999700353,manual
1768181209261,Sunny,Day,0.08415798611111111,100.0,-11.0,22.93411700065917,manual
1768181209293,Sunny,Day,0.08433159722222222,100.0,-11.0,26.028179000604723,manual
1768181209323,Sunny,Day,0.08324652777777777,100.0,-11.0,24.786009000308695,manual
1768181209359,Sunny,Day,0.08285590277777778,100.0,-11.0,30.096989999947255,manual
1768181209387,Sunny,Day,0.08311631944444445,100.0,-11.0,20.928599000399117,manual
1768181209422,Sunny,Day,0.08111979166666666,100.0,-12.0,27.527598999768088,manual
1768181209449,Sunny,Day,0.08250868055555556,100.0,-12.0,17.536027000460308,manual
1768181209482,Sunny,Day,0.08103298611111111,100.0,-12.0,27.23357099966961,manual
1768181209511,Sunny,Day,0.08207465277777778,100.0,-12.0,23.720391000097152,manual
1768181209549,Sunny,Day,0.08194444444444444,100.0,-11.0,32.0293060003678,manual
1768181209574,Sunny,Day,0.08155381944444444,100.0,-11.0,15.273295000042708,manual
1768181209605,Sunny,Day,0.08211805555555556,100.0,-12.0,25.510025999210484,manual
1768181209637,Sunny,Day,0.08120659722222222,100.0,-12.0,25.864756999908423,manual
1768181209669,Sunny,Day,0.08311631944444445,100.0,-13.0,26.653697999790893,manual
1768181209699,Sunny,Day,0.08311631944444445,100.0,18.0,24.40224199926888,manual
1768181209731,Sunny,Day,0.08289930555555555,100.0,17.0,26.272949000485823,manual
1768181209764,Sunny,Day,0.084375,100.0,-15.0,25.515471000289836,manual
1768181209797,Sunny,Day,0.08342013888888888,100.0,-16.0,26.525682999817946,manual
1768181209826,Sunny,Day,0.08394097222222222,100.0,-16.0,22.230044000025373,manual
1768181209857,Sunny,Day,0.08333333333333333,100.0,-15.0,25.707354000587657,manual
1768181209891,Sunny,Day,0.08415798611111111,100.0,-15.0,27.73563099981402,manual
1768181209920,Sunny,Day,0.08489583333333334,100.0,17.0,22.80202800011466,manual
1768181209951,Sunny,Day,0.08368055555555555,100.0,-14.0,25.63913300036802,manual
1768181209984,Sunny,Day,0.08311631944444445,100.0,-14.0,27.29082899986679,manual
1768181210014,Sunny,Day,0.08285590277777778,100.0,-14.0,24.174322999897413,manual
1768181210046,Sunny,Day,0.0828125,100.0,-14.0,26.13395299977128,manual
1768181210077,Sunny,Day,0.08333333333333333,100.0,18.0,24.595312000201375,manual
1768181210109,Sunny,Day,0.08289930555555555,100.0,18.0,26.664975000130653,manual
1768181210140,Sunny,Day,0.08368055555555555,100.0,18.0,23.609579999174457,manual
1768181210173,Sunny,Day,0.08780381944444444,100.0,18.0,27.60235699952318,manual
1768181210202,Sunny,Day,0.08532986111111111,100.0,17.0,22.7662520001104,manual
1768181210233,Sunny,Day,0.08402777777777778,100.0,18.0,26.053586000671203,manual
1768181210267,Sunny,Day,0.08381076388888889,100.0,19.0,28.62721700057591,manual
1768181210296,Sunny,Day,0.08368055555555555,100.0,19.0,22.26878500005114,manual
1768181210332,Sunny,Day,0.08272569444444444,100.0,18.0,31.12998000051448,manual
1768181210362,Sunny,Day,0.08298611111111111,100.0,19.0,22.522999000102573,manual
1768181210391,Sunny,Day,0.08307291666666666,100.0,19.0,23.296237000067777,manual
1768181210424,Sunny,Day,0.08307291666666666,100.0,-10.0,26.666439000109676,manual
1768181210454,Sunny,Day,0.08480902777777778,100.0,19.0,18.842657999812218,manual
1768181210485,Sunny,Day,0.08580729166666666,100.0,18.0,25.145610999970813,manual
1768181210516,Sunny,Day,0.08511284722222222,100.0,18.0,25.487656999757746,manual
1768181210548,Sunny,Day,0.08515625,100.0,-11.0,26.36679900024319,manual
1768181210584,Sunny,Day,0.08567708333333333,100.0,-11.0,29.65468799993687,manual
1768181210611,Sunny,Day,0.08576388888888889,100.0,18.0,17.84540799962997,manual
1768181210642,Sunny,Day,0.08372395833333333,100.0,-11.0,25.993457000367926,manual
1768181210674,Sunny,Day,0.08328993055555556,100.0,-10.0,25.16048100005719,manual
1768181210706,Sunny,Day,0.08433159722222222,100.0,18.0,25.629986000240024,manual
1768181210736,Sunny,Day,0.08567708333333333,100.0,19.0,24.243209999440296,manual
1768181210767,Sunny,Day,0.08450520833333333,100.0,19.0,25.874664999719243,manual
1768181210799,Sunny,Day,0.08441840277777778,100.0,18.0,26.78056500008097,manual
1768181210830,Sunny,Day,0.08424479166666667,100.0,19.0,24.861842000063916,manual
1768181210861,Sunny,Day,0.08463541666666667,100.0,18.0,24.94444999956613,manual
1768181210893,Sunny,Day,0.08441840277777778,100.0,18.0,25.886256999910984,manual
1768181210926,Sunny,Day,0.08498263888888889,100.0,18.0,27.11068600001454,manual
1768181210956,Sunny,Day,0.08550347222222222,100.0,18.0,24.437315999421116,manual
1768181210989,Sunny,Day,0.08493923611111111,100.0,19.0,28.120805000071414,manual
1768181211019,Sunny,Day,0.08567708333333333,100.0,18.0,24.39568799945846,manual
1768181211051,Sunny,Day,0.0857204861111111,100.0,18.0,25.41953000036301,manual
1768181211083,Sunny,Day,0.08602430555555556,100.0,18.0,26.992318999873532,manual
1768181211113,Sunny,Day,0.08563368055555555,100.0,18.0,23.4954719999223,manual
1768181211144,Sunny,Day,0.08589409722222222,100.0,18.0,25.000319000355375,manual
1768181211177,Sunny,Day,0.08524305555555556,100.0,19.0,26.596718999826408,manual
1768181211206,Sunny,Day,0.08559027777777778,100.0,18.0,23.435232999872824,manual
1768181211240,Sunny,Day,0.08589409722222222,100.0,19.0,28.410130999873218,manual
1768181211269,Sunny,Day,0.08684895833333334,100.0,18.0,23.279904999981227,manual
1768181211302,Sunny,Day,0.087109375,100.0,18.0,26.036752999971213,manual
1768181211335,Sunny,Day,0.08736979166666667,100.0,18.0,22.099028999946313,manual
1768181211364,Sunny,Day,0.08741319444444444,100.0,18.0,22.443261000262282,manual
1768181211399,Sunny,Day,0.08697916666666666,100.0,18.0,29.27334800006065,manual
1768181211427,Sunny,Day,0.08793402777777778,100.0,18.0,22.619682000367902,manual
1768181211457,Sunny,Day,0.08984375,100.0,18.0,23.70868799971504,manual
1768181211489,Sunny,Day,0.18832465277777777,100.0,-6.0,25.80161199966824,manual
1768181211522,Sunny,Day,0.15933159722222223,100.0,48.0,26.998152000487607,manual
1768181211552,Sunny,Day,0.06627604166666666,100.0,11.0,23.50638000007166,manual
1768181211584,Sunny,Day,0.07730034722222222,100.0,14.0,26.033548999294,manual
1768181211615,Sunny,Day,0.08715277777777777,100.0,18.0,26.263968999955978,manual
1768181211647,Sunny,Day,0.08741319444444444,100.0,18.0,26.472944000488496,manual
1768181211678,Sunny,Day,0.08758680555555555,100.0,18.0,24.742992999563285,manual
1768181211709,Sunny,Day,0.0876736111111111,100.0,18.0,25.957181000194396,manual
1768181211742,Sunny,Day,0.08784722222222222,100.0,18.0,27.54491500036238,manual
1768181211773,Sunny,Day,0.08841145833333333,100.0,18.0,24.20978499958437,manual
1768181211806,Sunny,Day,0.08914930555555556,100.0,18.0,28.182359999846085,manual
1768181211835,Sunny,Day,0.09001736111111111,100.0,18.0,22.63021899943851,manual
1768181211866,Sunny,Day,0.08997395833333334,100.0,18.0,25.67902300052083,manual
1768181211901,Sunny,Day,0.09032118055555556,100.0,18.0,28.541034999761905,manual
1768181211929,Sunny,Day,0.09084201388888889,100.0,18.0,22.68673500020668,manual
1768181211960,Sunny,Day,0.09066840277777778,100.0,18.0,25.835610999820346,manual
1768181211992,Sunny,Day,0.09092881944444445,100.0,18.0,26.63336600016919,manual
1768181212023,Sunny,Day,0.09123263888888888,100.0,18.0,21.221720999164972,manual
1768181212055,Sunny,Day,0.09149305555555555,100.0,18.0,25.117224000496208,manual
1768181212086,Sunny,Day,0.09144965277777778,100.0,18.0,25.385900999935984,manual
1768181212117,Sunny,Day,0.09118923611111111,100.0,18.0,25.353531999826373,manual
1768181212149,Sunny,Day,0.09140625,100.0,18.0,26.481406999664614,manual
1768181212181,Sunny,Day,0.09127604166666667,100.0,18.0,25.578155999937735,manual
1768181212213,Sunny,Day,0.0915798611111111,100.0,18.0,26.720030999968003,manual
1768181212245,Sunny,Day,0.0915798611111111,100.0,18.0,23.590210999827832,manual
1768181212277,Sunny,Day,0.09162326388888889,100.0,18.0,25.825591999819153,manual
1768181212305,Sunny,Day,0.09140625,100.0,18.0,22.74162300000171,manual
1768181212337,Sunny,Day,0.09149305555555555,100.0,18.0,25.92870100033906,manual
1768181212368,Sunny,Day,0.09144965277777778,100.0,18.0,26.33363399945665,manual
1768181212403,Sunny,Day,0.09127604166666667,100.0,18.0,29.569117000391998,manual
1768181212432,Sunny,Day,0.09118923611111111,100.0,18.0,23.46706600019388,manual
1768181212464,Sunny,Day,0.09136284722222222,100.0,18.0,25.913405000210332,manual
1768181212496,Sunny,Day,0.09144965277777778,100.0,18.0,26.59197800039692,manual
1768181212527,Sunny,Day,0.09084201388888889,100.0,18.0,23.3492360002856,manual
1768181212557,Sunny,Day,0.09053819444444444,100.0,18.0,25.22755399968446,manual
1768181212589,Sunny,Day,0.09049479166666667,100.0,18.0,25.87435099940194,manual
1768181212621,Sunny,Day,0.09084201388888889,100.0,18.0,26.51272200000676,manual
1768181212653,Sunny,Day,0.09079861111111111,100.0,18.0,26.371504000053392,manual
1768181212683,Sunny,Day,0.09092881944444445,100.0,18.0,23.657504999391676,manual
1768181212714,Sunny,Day,0.09079861111111111,100.0,18.0,25.95060800013016,manual
1768181212746,Sunny,Day,0.09092881944444445,100.0,18.0,26.036606000161555,manual
1768181212777,Sunny,Day,0.09084201388888889,100.0,18.0,25.80164900064119,manual
1768181212809,Sunny,Day,0.09079861111111111,100.0,18.0,26.493093000681256,manual
1768181212841,Sunny,Day,0.09088541666666666,100.0,18.0,25.92499799993675,manual
1768181212873,Sunny,Day,0.09114583333333333,100.0,18.0,26.177063999966776,manual
1768181212903,Sunny,Day,0.09105902777777777,100.0,18.0,24.292987000080757,manual
1768181212934,Sunny,Day,0.09092881944444445,100.0,18.0,25.65389400024287,manual
1768181212967,Sunny,Day,0.09088541666666666,100.0,18.0,27.78498200041213,manual
1768181212997,Sunny,Day,0.09097222222222222,100.0,18.0,23.06324399978621,manual
1768181213030,Sunny,Day,0.09136284722222222,100.0,18.0,27.991717000077188,manual
1768181213061,Sunny,Day,0.09123263888888888,100.0,18.0,25.371901999278634,manual
1768181213091,Sunny,Day,0.091015625,100.0,18.0,23.668523999731406,manual
1768181213123,Sunny,Day,0.091015625,100.0,18.0,26.830436000636837,manual
1768181213154,Sunny,Day,0.09097222222222222,100.0,18.0,21.439419000671478,manual
1768181213188,Sunny,Day,0.09088541666666666,100.0,18.0,25.976218999858247,manual
1768181213215,Sunny,Day,0.09075520833333334,100.0,18.0,16.33126600063406,manual
1768181213247,Sunny,Day,0.09058159722222223,100.0,18.0,26.027123999483592,manual
1768181213279,Sunny,Day,0.090625,100.0,18.0,26.63610800027527,manual
1768181213311,Sunny,Day,0.09045138888888889,100.0,18.0,26.126843999918492,manual
1768181213342,Sunny,Day,0.09040798611111112,100.0,18.0,26.080234000801283,manual
1768181213374,Sunny,Day,0.08997395833333334,100.0,18.0,25.014411999109143,manual
1768181213408,Sunny,Day,0.09027777777777778,100.0,18.0,28.196377999847755,manual
1768181213438,Sunny,Day,0.09049479166666667,100.0,18.0,24.97096900060569,manual
1768181213470,Sunny,Day,0.090234375,100.0,18.0,25.48097399994731,manual
1768181213501,Sunny,Day,0.08993055555555556,100.0,18.0,23.668265000196698,manual
1768181213530,Sunny,Day,0.09001736111111111,100.0,18.0,23.57045200005814,manual
1768181213563,Sunny,Day,0.09010416666666667,100.0,18.0,26.451854000697494,manual
1768181213593,Sunny,Day,0.09014756944444445,100.0,18.0,24.932489000093483,manual
1768181213625,Sunny,Day,0.08980034722222222,100.0,18.0,25.963682000110566,manual
1768181213656,Sunny,Day,0.08984375,100.0,18.0,25.60546999939106,manual
1768181213687,Sunny,Day,0.08997395833333334,100.0,18.0,25.783353999941028,manual
1768181213719,Sunny,Day,0.08997395833333334,100.0,18.0,25.25197900013154,manual
1768181213753,Sunny,Day,0.08993055555555556,100.0,18.0,28.724141999191488,manual
1768181213781,Sunny,Day,0.08984375,100.0,18.0,22.56077699985326,manual
1768181213814,Sunny,Day,0.08967013888888889,100.0,18.0,27.205127999877732,manual
1768181213847,Sunny,Day,0.09036458333333333,100.0,18.0,27.631062000182283,manual
1768181213876,Sunny,Day,0.08980034722222222,100.0,18.0,22.646200000053796,manual
1768181213907,Sunny,Day,0.08975694444444444,100.0,18.0,25.774001999707252,manual
1768181213940,Sunny,Day,0.08988715277777778,100.0,18.0,27.3952340003234,manual
1768181213970,Sunny,Day,0.09010416666666667,100.0,18.0,23.735410999506712,manual
1768181214002,Sunny,Day,0.089453125,100.0,18.0,26.713828000538342,manual
1768181214033,Sunny,Day,0.08914930555555556,100.0,18.0,22.582202999728906,manual
1768181214065,Sunny,Day,0.08923611111111111,100.0,18.0,23.989441000594525,manual
1768181214096,Sunny,Day,0.08953993055555555,100.0,18.0,25.294979000136664,manual
1768181214130,Sunny,Day,0.08923611111111111,100.0,18.0,19.89822199993796,manual
1768181214159,Sunny,Day,0.089453125,100.0,18.0,23.51319500030513,manual
1768181214190,Sunny,Day,0.08901909722222222,100.0,18.0,25.327884999569505,manual
1768181214221,Sunny,Day,0.08936631944444444,100.0,18.0,24.27474800060736,manual
1768181214256,Sunny,Day,0.08953993055555555,100.0,18.0,28.538537000713404,manual
1768181214284,Sunny,Day,0.08919270833333333,100.0,18.0,21.02939399992465,manual
1768181214315,Sunny,Day,0.08923611111111111,100.0,18.0,25.541435000377533,manual
1768181214347,Sunny,Day,0.08953993055555555,100.0,18.0,26.07245699982741,manual
1768181214378,Sunny,Day,0.08927951388888888,100.0,18.0,24.977506000141148,manual
1768181214410,Sunny,Day,0.08927951388888888,100.0,18.0,26.2428230007572,manual
1768181214441,Sunny,Day,0.0890625,100.0,18.0,25.11616900028457,manual
1768181214473,Sunny,Day,0.08919270833333333,100.0,18.0,26.17952799937484,manual
1768181214504,Sunny,Day,0.08936631944444444,100.0,18.0,25.261536000471096,manual
1768181214535,Sunny,Day,0.08958333333333333,100.0,18.0,25.63054399979592,manual
1768181214568,Sunny,Day,0.08927951388888888,100.0,18.0,28.37028200065106,auto
1768181214598,Sunny,Day,0.08871527777777778,100.0,18.0,24.069623999821488,auto
1768181214629,Sunny,Day,0.09444444444444444,100.0,18.0,25.335940000331902,auto
1768181214663,Sunny,Day,0.09322916666666667,100.0,17.0,27.54571199966449,auto
1768181214692,Sunny,Day,0.09418402777777778,100.0,15.0,23.690485999395605,auto
1768181214724,Sunny,Day,0.09596354166666667,100.0,14.0,26.3958180003101,auto
1768181214758,Sunny,Day,0.10104166666666667,100.0,13.0,28.13110399983998,auto
1768181214787,Sunny,Day,0.10169270833333334,100.0,12.0,21.756873999947857,auto
1768181214819,Sunny,Day,0.10447048611111111,100.0,10.0,25.98545999990165,auto
1768181214849,Sunny,Day,0.10729166666666666,100.0,9.0,24.139677999301057,auto
1768181214882,Sunny,Day,0.10768229166666667,100.0,8.0,26.98591300031694,auto
1768181214912,Sunny,Day,0.11171875,100.0,7.0,24.28395199967781,auto
1768181214944,Sunny,Day,0.11618923611111111,100.0,6.0,25.802723999731825,auto
1768181214975,Sunny,Day,0.11796875,100.0,6.0,25.538026999129215,auto
1768181215006,Sunny,Day,0.12035590277777777,100.0,5.0,25.2322770002138,auto
1768181215039,Sunny,Day,0.12513020833333333,100.0,5.0,26.706940000622126,auto
1768181215073,Sunny,Day,0.12886284722222222,100.0,4.0,23.899035999420448,auto
1768181215103,Sunny,Day,0.13111979166666668,100.0,4.0,19.74902299934911,auto
1768181215131,Sunny,Day,0.13315972222222222,100.0,-24.0,21.76720799980103,auto
1768181215163,Sunny,Day,0.13546006944444444,100.0,-24.0,25.485751999440254,auto
1768181215195,Sunny,Day,0.13953993055555555,100.0,-24.0,26.277655000740197,auto
1768181215228,Sunny,Day,0.14171006944444445,100.0,-22.0,26.863972999308317,auto
1768181215258,Sunny,Day,0.13919270833333333,100.0,-19.0,23.31016400057706,auto
1768181215290,Sunny,Day,0.13645833333333332,100.0,5.0,26.185620999967796,auto
1768181215321,Sunny,Day,0.1275607638888889,100.0,8.0,19.25077699979738,auto
1768181215352,Sunny,Day,0.12699652777777778,100.0,9.0,25.49071500015998,auto
1768181215383,Sunny,Day,0.127734375,100.0,9.0,24.507316000381252,auto
1768181215414,Sunny,Day,0.13389756944444445,100.0,9.0,25.403883000763017,auto
1768181215448,Sunny,Day,0.134375,100.0,6.0,28.283303000534943,auto
1768181215479,Sunny,Day,0.13719618055555555,100.0,6.0,24.511779000022216,auto
1768181215509,Sunny,Day,0.13828125,100.0,4.0,23.484437000661273,auto
1768181215540,Sunny,Day,0.14262152777777778,100.0,3.0,25.970033999328734,auto
1768181215572,Sunny,Day,0.14561631944444445,100.0,1.0,25.671301999864227,auto
1768181215603,Sunny,Day,0.15108506944444444,100.0,-1.0,25.731837999956042,auto
1768181215635,Sunny,Day,0.15434027777777778,100.0,-2.0,26.24352699967858,auto
1768181215666,Sunny,Day,0.15828993055555557,100.0,-2.0,25.35586600060924,auto
1768181215700,Sunny,Day,0.16106770833333334,100.0,-3.0,27.435456000603153,auto
1768181215728,Sunny,Day,0.1655815972222222,100.0,-5.0,22.26645299924712,auto
1768181215759,Sunny,Day,0.16940104166666667,100.0,-5.0,25.80802099964785,auto
1768181215791,Sunny,Day,0.17183159722222222,100.0,-5.0,26.347672000156308,auto
1768181215824,Sunny,Day,0.1724826388888889,100.0,-5.0,23.0397270006506,auto
1768181215855,Sunny,Day,0.17486979166666666,100.0,-6.0,24.5458339995821,auto
1768181215886,Sunny,Day,0.17252604166666666,100.0,-5.0,24.73990200087428,auto
1768181215919,Sunny,Day,0.16905381944444445,100.0,-4.0,26.226805000078457,auto
1768181215949,Sunny,Day,0.16497395833333334,100.0,-4.0,23.273332000826485,auto
1768181215980,Sunny,Day,0.16297743055555555,100.0,-2.0,25.19977799966,auto
1768181216013,Sunny,Day,0.16080729166666666,100.0,-2.0,25.03431900004216,auto
1768181216043,Sunny,Day,0.15737847222222223,100.0,-2.0,23.679709999669285,auto
1768181216073,Sunny,Day,0.15638020833333333,100.0,-2.0,24.604481000096712,auto
1768181216105,Sunny,Day,0.1536892361111111,100.0,-2.0,26.308896000045934,auto
1768181216137,Sunny,Day,0.14817708333333332,100.0,-1.0,26.759754000522662,auto
1768181216168,Sunny,Day,0.14743923611111112,100.0,-1.0,24.99089599950821,auto
1768181216201,Sunny,Day,0.1427517361111111,100.0,-1.0,26.809345000401663,auto
1768181216231,Sunny,Day,0.14036458333333332,100.0,-1.0,20.8144190000894,auto
1768181216263,Sunny,Day,0.13719618055555555,100.0,-1.0,25.923387999682745,auto
1768181216294,Sunny,Day,0.13472222222222222,100.0,-1.0,25.274240000726422,auto
1768181216327,Sunny,Day,0.13046875,100.0,-1.0,27.090356000371685,auto
1768181216357,Sunny,Day,0.13098958333333333,100.0,-1.0,23.022616999696766,auto
1768181216388,Sunny,Day,0.13051215277777778,100.0,-1.0,25.074338000194984,auto
1768181216420,Sunny,Day,0.13111979166666668,100.0,-2.0,25.90557399980753,auto
1768181216451,Sunny,Day,0.1310763888888889,100.0,-2.0,25.66432099956728,auto
1768181216482,Sunny,Day,0.13038194444444445,100.0,-2.0,24.652015999890864,auto
1768181216515,Sunny,Day,0.13055555555555556,100.0,-2.0,27.417142999183852,auto
1768181216545,Sunny,Day,0.13098958333333333,100.0,-2.0,23.889834000328847,auto
1768181216576,Sunny,Day,0.12955729166666666,100.0,-2.0,25.883333999445313,auto
1768181216608,Sunny,Day,0.12886284722222222,100.0,-2.0,26.272711999808962,auto
1768181216639,Sunny,Day,0.12903645833333333,100.0,-2.0,24.104087000523577,auto
1768181216670,Sunny,Day,0.1296875,100.0,-3.0,25.31781299967406,auto
1768181216705,Sunny,Day,0.12894965277777778,100.0,-3.0,28.44363300027908,auto
1768181216734,Sunny,Day,0.12881944444444443,100.0,-2.0,23.237573999722372,auto
1768181216766,Sunny,Day,0.12916666666666668,100.0,-2.0,25.880666999910318,auto
1768181216797,Sunny,Day,0.1286892361111111,100.0,-2.0,20.85519599950203,auto
1768181216828,Sunny,Day,0.12916666666666668,100.0,-3.0,25.70282099986798,auto
1768181216860,Sunny,Day,0.12864583333333332,100.0,-2.0,26.049143999443913,auto
1768181216890,Sunny,Day,0.12647569444444445,100.0,-2.0,23.26018399980967,auto
1768181216922,Sunny,Day,0.1247829861111111,100.0,-1.0,24.85304800029553,auto
1768181216957,Sunny,Day,0.12473958333333333,100.0,0.0,26.685885000006238,auto
1768181216985,Sunny,Day,0.12413194444444445,100.0,0.0,14.47539200034953,auto
1768181217017,Sunny,Day,0.12274305555555555,100.0,0.0,26.13452999958099,auto
1768181217047,Sunny,Day,0.12222222222222222,100.0,1.0,24.478131999785546,auto
1768181217079,Sunny,Day,0.12165798611111112,100.0,1.0,25.425347000236798,auto
1768181217109,Sunny,Day,0.12374131944444444,100.0,1.0,24.91371300038736,auto
1768181217141,Sunny,Day,0.1228298611111111,100.0,0.0,26.967191999574425,auto
1768181217174,Sunny,Day,0.12022569444444445,100.0,-1.0,26.33208099996409,auto
1768181217204,Sunny,Day,0.11710069444444444,100.0,-2.0,22.970656000325107,auto
1768181217235,Sunny,Day,0.11684027777777778,100.0,-2.0,25.451864000388014,auto
1768181217266,Sunny,Day,0.11636284722222222,100.0,-2.0,25.813502999881166,auto
1768181217300,Sunny,Day,0.11241319444444445,100.0,-2.0,27.600675000030606,auto
1768181217329,Sunny,Day,0.11297743055555555,100.0,-2.0,24.265952999485307,auto
1768181217363,Sunny,Day,0.11263020833333333,100.0,-2.0,28.118013000494102,auto
1768181217393,Sunny,Day,0.11197916666666667,100.0,-2.0,23.92424099980417,auto
1768181217425,Sunny,Day,0.11141493055555556,100.0,-2.0,26.021496000794286,auto
1768181217456,Sunny,Day,0.11206597222222223,100.0,-2.0,25.137206999716,auto
1768181217488,Sunny,Day,0.112890625,100.0,-2.0,25.89161099967896,auto
1768181217518,Sunny,Day,0.11315104166666666,100.0,-2.0,25.111948000812845,auto
1768181217550,Sunny,Day,0.11475694444444444,100.0,-2.0,25.828835000538675,auto
1768181217583,Sunny,Day,0.11618923611111111,100.0,-2.0,26.84773300006782,auto
1768181217613,Sunny,Day,0.11866319444444444,100.0,-2.0,24.33971099981136,auto
1768181217644,Sunny,Day,0.11966145833333333,100.0,-2.0,25.65539599982003,auto
1768181217676,Sunny,Day,0.12026909722222222,100.0,-2.0,26.063866000185953,auto
1768181217707,Sunny,Day,0.12152777777777778,100.0,-2.0,23.89866700013954,auto
1768181217738,Sunny,Day,0.12491319444444444,100.0,-2.0,25.269573000514356,auto
1768181217770,Sunny,Day,0.12703993055555557,100.0,-2.0,25.273683999330387,auto
1768181217801,Sunny,Day,0.12491319444444444,100.0,-2.0,25.448012999731873,auto
1768181217832,Sunny,Day,0.123828125,100.0,-2.0,25.507141000161937,auto
1768181217865,Sunny,Day,0.12330729166666667,100.0,-2.0,27.177409000614716,auto
1768181217898,Sunny,Day,0.12309027777777778,100.0,-2.0,23.90255599948432,auto
1768181217927,Sunny,Day,0.123046875,100.0,-2.0,22.747773000446614,auto
1768181217958,Sunny,Day,0.12296006944444444,100.0,-2.0,24.833381999997073,auto
1768181217989,Sunny,Day,0.12313368055555556,100.0,-2.0,25.74809700035985,auto
1768181218020,Sunny,Day,0.12339409722222222,100.0,-2.0,25.32714599965402,auto
1768181218051,Sunny,Day,0.12439236111111111,100.0,-2.0,25.743598000190104,auto
1768181218084,Sunny,Day,0.12434895833333333,100.0,-2.0,27.226723000239872,auto
1768181218114,Sunny,Day,0.12395833333333334,100.0,-3.0,23.652786000639026,auto
1768181218147,Sunny,Day,0.12352430555555556,100.0,-3.0,26.857530000597762,auto
1768181218179,Sunny,Day,0.12426215277777777,100.0,-3.0,25.483493999672646,auto
1768181218209,Sunny,Day,0.125,100.0,-4.0,24.1011799998887,auto
1768181218242,Sunny,Day,0.12565104166666666,100.0,-4.0,26.72223700028553,auto
1768181218272,Sunny,Day,0.12647569444444445,100.0,-4.0,21.416032999695744,auto
1768181218303,Sunny,Day,0.12421875,100.0,-3.0,25.440698000238626,auto
1768181218335,Sunny,Day,0.12434895833333333,100.0,-3.0,26.370710000264808,auto
1768181218366,Sunny,Day,0.12486979166666666,100.0,-3.0,22.493928000585584,auto
1768181218397,Sunny,Day,0.12356770833333333,100.0,-2.0,24.69218300029752,auto
1768181218428,Sunny,Day,0.12491319444444444,100.0,-2.0,25.394032999429328,auto
1768181218459,Sunny,Day,0.125,100.0,-2.0,24.7299220000059,auto
1768181218492,Sunny,Day,0.12439236111111111,100.0,-2.0,27.281294999738748,auto
1768181218524,Sunny,Day,0.12482638888888889,100.0,-2.0,25.429014000110328,auto
1768181218555,Sunny,Day,0.12556423611111112,100.0,-2.0,26.361950999671535,auto
1768181218587,Sunny,Day,0.12647569444444445,100.0,-3.0,25.696395000522898,auto
1768181218617,Sunny,Day,0.12699652777777778,100.0,-3.0,23.862946000008378,auto
1768181218648,Sunny,Day,0.12612847222222223,100.0,-3.0,23.883908000243537,auto
1768181218679,Sunny,Day,0.126953125,100.0,-3.0,25.656396999693243,auto
1768181218713,Sunny,Day,0.12790798611111112,100.0,-2.0,28.820845000154804,auto
1768181218743,Sunny,Day,0.12743055555555555,100.0,-2.0,23.652340999433363,auto
1768181218774,Sunny,Day,0.12777777777777777,100.0,-2.0,25.468494000051578,auto
1768181218805,Sunny,Day,0.1284722222222222,100.0,-2.0,25.6056019998141,auto
1768181218839,Sunny,Day,0.12816840277777777,100.0,-2.0,25.93303699995886,auto
1768181218868,Sunny,Day,0.1295138888888889,100.0,-2.0,21.20290900074906,auto
1768181218900,Sunny,Day,0.12864583333333332,100.0,-2.0,25.608083000406623,auto
1768181218932,Sunny,Day,0.129296875,100.0,-2.0,19.295369999781542,auto
1768181218962,Sunny,Day,0.1291232638888889,100.0,-3.0,24.217195000346692,auto
1768181218994,Sunny,Day,0.1310763888888889,100.0,-3.0,25.908037999215594,auto
1768181219025,Sunny,Day,0.1293402777777778,100.0,-3.0,21.892779000154405,auto
1768181219057,Sunny,Day,0.13003472222222223,100.0,-2.0,26.536760999988473,auto
1768181219088,Sunny,Day,0.12886284722222222,100.0,-3.0,24.72360799947637,auto
1768181219119,Sunny,Day,0.1293402777777778,100.0,-3.0,25.83915099967271,auto
1768181219151,Sunny,Day,0.12990451388888888,100.0,-3.0,25.490697999885015,auto
1768181219182,Sunny,Day,0.1295138888888889,100.0,-3.0,25.820873999691685,auto
1768181219216,Sunny,Day,0.13003472222222223,100.0,-3.0,27.496789999531757,auto
1768181219245,Sunny,Day,0.12990451388888888,100.0,-3.0,22.859640999740805,auto
1768181219276,Sunny,Day,0.129296875,100.0,-3.0,25.449161999858916,auto
1768181219308,Sunny,Day,0.12925347222222222,100.0,-3.0,25.793299999349983,auto
1768181219339,Sunny,Day,0.12977430555555555,100.0,-2.0,25.50647500083869,auto
1768181219371,Sunny,Day,0.12977430555555555,100.0,-3.0,26.374451000265253,auto
1768181219402,Sunny,Day,0.12986111111111112,100.0,-3.0,24.764624999988882,auto
1768181219435,Sunny,Day,0.12864583333333332,100.0,-3.0,26.472392999494332,auto
1768181219465,Sunny,Day,0.1286892361111111,100.0,-3.0,24.05912599988369,auto
1768181219497,Sunny,Day,0.12899305555555557,100.0,-2.0,26.304768000045442,auto
1768181219528,Sunny,Day,0.12864583333333332,100.0,-3.0,23.88398299990513,auto
1768181219559,Sunny,Day,0.12860243055555556,100.0,-3.0,25.425144000109867,auto
1768181219591,Sunny,Day,0.12834201388888888,100.0,-3.0,26.112162000572425,auto
1768181219622,Sunny,Day,0.12782118055555555,100.0,-3.0,24.878270000044722,auto
1768181219654,Sunny,Day,0.1291232638888889,100.0,-4.0,26.767884000037157,auto
1768181219686,Sunny,Day,0.1293402777777778,100.0,-4.0,25.906074999511475,auto
1768181219718,Sunny,Day,0.1287326388888889,100.0,-4.0,25.523938000333146,auto
1768181219749,Sunny,Day,0.12877604166666667,100.0,-5.0,24.320397000337834,auto
1768181219779,Sunny,Day,0.12916666666666668,100.0,-5.0,22.727088999999978,auto
1768181219810,Sunny,Day,0.13038194444444445,100.0,-6.0,24.63425800033292,auto
1768181219842,Sunny,Day,0.12916666666666668,100.0,-6.0,26.370450000285928,auto
1768181219873,Sunny,Day,0.12669270833333332,100.0,-4.0,25.198354000167456,auto
1768181219904,Sunny,Day,0.1267361111111111,100.0,-4.0,25.585751000107848,auto
1768181219936,Sunny,Day,0.1256076388888889,100.0,-3.0,25.961055000152555,auto
1768181219967,Sunny,Day,0.12482638888888889,100.0,-3.0,24.90954699987924,auto
1768181219998,Sunny,Day,0.12447916666666667,100.0,-3.0,26.271546000316448,auto
1768181220029,Sunny,Day,0.123828125,100.0,-3.0,25.361998000335007,auto
1768181220063,Sunny,Day,0.12400173611111111,100.0,-2.0,28.380728000229283,auto
1768181220094,Sunny,Day,0.12261284722222222,100.0,-2.0,24.440320000394422,auto
1768181220126,Sunny,Day,0.12309027777777778,100.0,-2.0,26.429728000039177,auto
1768181220155,Sunny,Day,0.12291666666666666,100.0,-2.0,23.23361299932003,auto
1768181220186,Sunny,Day,0.12261284722222222,100.0,-2.0,25.59452900004544,auto
1768181220218,Sunny,Day,0.12309027777777778,100.0,-3.0,25.333591000162414,auto
1768181220249,Sunny,Day,0.12248263888888888,100.0,-3.0,24.39356200011389,auto
1768181220281,Sunny,Day,0.122265625,100.0,-3.0,25.99807300066459,auto
1768181220313,Sunny,Day,0.12278645833333333,100.0,-4.0,25.791783000386204,auto
1768181220344,Sunny,Day,0.1234375,100.0,-5.0,25.420347999897785,auto
1768181220372,Sunny,Day,0.12261284722222222,100.0,-5.0,23.314554999160464,auto
1768181220406,Sunny,Day,0.12204861111111111,100.0,-5.0,28.971619999538234,auto
1768181220436,Sunny,Day,0.12222222222222222,100.0,-5.0,24.32271199995739,auto
1768181220467,Sunny,Day,0.121484375,100.0,-5.0,26.32902599998488,auto
1768181220499,Sunny,Day,0.11983506944444444,100.0,-4.0,27.33233199978713,auto
1768181220531,Sunny,Day,0.11905381944444444,100.0,-4.0,27.56147400032205,auto
1768181220561,Sunny,Day,0.11827256944444445,100.0,-3.0,24.624925999887637,auto
1768181220593,Sunny,Day,0.11844618055555556,100.0,-3.0,26.90758500011725,auto
1768181220624,Sunny,Day,0.11666666666666667,100.0,-3.0,25.774967999495857,auto
1768181220656,Sunny,Day,0.11684027777777778,100.0,-3.0,26.865640999858442,auto
1768181220687,Sunny,Day,0.11710069444444444,100.0,-3.0,26.28367600027559,auto
1768181220723,Sunny,Day,0.11605902777777778,100.0,-3.0,30.71036799974536,auto
1768181220749,Sunny,Day,0.11540798611111111,100.0,-3.0,20.965471999261354,auto
1768181220781,Sunny,Day,0.115625,100.0,-4.0,26.152328000534908,auto
1768181220813,Sunny,Day,0.11605902777777778,100.0,-4.0,27.682119000019156,auto
1768181220844,Sunny,Day,0.11458333333333333,100.0,-4.0,25.952760000109265,auto
1768181220875,Sunny,Day,0.11410590277777778,100.0,-4.0,26.604908000081195,auto
1768181220907,Sunny,Day,0.11380208333333333,100.0,-4.0,27.09198699994886,auto
1768181220938,Sunny,Day,0.11341145833333334,100.0,-4.0,22.413247000258707,auto
1768181220970,Sunny,Day,0.11223958333333334,100.0,-3.0,26.817012999345025,auto
1768181221001,Sunny,Day,0.11284722222222222,100.0,-4.0,26.486873999601812,auto
1768181221032,Sunny,Day,0.11254340277777777,100.0,-4.0,26.85677199951897,auto
1768181221063,Sunny,Day,0.11245659722222222,100.0,-5.0,25.40229399983218,auto
1768181221095,Sunny,Day,0.11393229166666667,100.0,-5.0,26.408764999359846,auto
1768181221126,Sunny,Day,0.11436631944444445,100.0,-54.0,25.99499999996624,auto
1768181221158,Sunny,Day,0.11484375,100.0,-55.0,26.67394299987791,auto
1768181221189,Sunny,Day,0.11145833333333334,100.0,-6.0,26.018128000032448,auto
1768181221221,Sunny,Day,0.11015625,100.0,-52.0,26.365877999523946,auto
1768181221255,Sunny,Day,0.10750868055555556,100.0,-2.0,28.97989799930656,auto
1768181221283,Sunny,Day,0.1052517361111111,100.0,0.0,20.933566000167048,auto
1768181221315,Sunny,Day,0.09965277777777778,100.0,-43.0,25.707507000333862,auto
1768181221349,Sunny,Day,0.10047743055555555,100.0,-42.0,28.915806999975757,auto
1768181221380,Sunny,Day,0.0978732638888889,100.0,-42.0,26.040701000056288,auto
1768181221409,Sunny,Day,0.09639756944444444,100.0,-38.0,21.907299000304192,auto
1768181221440,Sunny,Day,0.09388020833333334,100.0,-33.0,26.37648900054046,auto
1768181221472,Sunny,Day,0.09040798611111112,100.0,-27.0,26.989805000084743,auto
1768181221503,Sunny,Day,0.08407118055555556,100.0,-21.0,26.468987000043853,auto
1768181221535,Sunny,Day,0.0802951388888889,100.0,-16.0,27.230038999732642,auto
1768181221566,Sunny,Day,0.07977430555555555,100.0,-11.0,25.295147999713663,auto
1768181221597,Sunny,Day,0.076171875,100.0,-8.0,26.461689999450755,auto
1768181221629,Sunny,Day,0.0740017361111111,100.0,-5.0,26.746737999928882,auto
1768181221661,Sunny,Day,0.07352430555555556,100.0,-3.0,24.982546000501316,auto
1768181221695,Sunny,Day,0.07317708333333334,100.0,-2.0,29.249872000036703,auto
1768181221723,Sunny,Day,0.07282986111111112,100.0,-1.0,22.668276999866066,auto
1768181221754,Sunny,Day,0.072265625,100.0,-2.0,26.258214999870688,auto
1768181221786,Sunny,Day,0.072265625,100.0,-3.0,26.57631600050081,auto
1768181221817,Sunny,Day,0.07252604166666667,100.0,-4.0,26.45370800019009,auto
1768181221849,Sunny,Day,0.07309027777777778,100.0,-6.0,27.17744799974753,auto
1768181221880,Sunny,Day,0.07335069444444445,100.0,-7.0,26.51628100011294,auto
1768181221912,Sunny,Day,0.07278645833333333,100.0,-8.0,27.80217100007576,auto
1768181221943,Sunny,Day,0.07265625,100.0,-8.0,17.900613000165322,auto
1768181221974,Sunny,Day,0.07326388888888889,100.0,-9.0,26.763700000628887,auto
1768181222005,Sunny,Day,0.07335069444444445,100.0,-9.0,25.995776999479858,auto
1768181222037,Sunny,Day,0.07322048611111111,100.0,-9.0,26.2918250000439,auto
1768181222068,Sunny,Day,0.07291666666666667,100.0,-9.0,26.65353700012929,auto
1768181222100,Sunny,Day,0.07322048611111111,100.0,-9.0,26.829809000446403,auto
1768181222131,Sunny,Day,0.07287326388888889,100.0,-10.0,26.807551000274543,auto
1768181222162,Sunny,Day,0.07278645833333333,100.0,-10.0,25.787671999751183,auto
1768181222195,Sunny,Day,0.07282986111111112,100.0,-9.0,27.330814000379178,auto
1768181222225,Sunny,Day,0.07322048611111111,100.0,-8.0,25.718766999489162,auto
1768181222260,Sunny,Day,0.07282986111111112,100.0,-8.0,29.616546999932325,auto
1768181222288,Sunny,Day,0.07256944444444445,100.0,-7.0,20.419043999936548,auto
1768181222320,Sunny,Day,0.07243923611111111,100.0,-7.0,27.6221029998851,auto
1768181222351,Sunny,Day,0.07170138888888888,100.0,-7.0,26.09621900046477,auto
1768181222382,Sunny,Day,0.07235243055555556,100.0,-6.0,26.227418999951624,auto
1768181222415,Sunny,Day,0.07239583333333334,100.0,-6.0,28.01138799986802,auto
1768181222445,Sunny,Day,0.07230902777777778,100.0,-6.0,25.370053999722586,auto
1768181222478,Sunny,Day,0.07261284722222222,100.0,-6.0,28.22156799993536,auto
1768181222508,Sunny,Day,0.07322048611111111,100.0,-6.0,24.09786800035363,auto
1768181222539,Sunny,Day,0.07352430555555556,100.0,-6.0,26.75725599965517,auto
1768181222571,Sunny,Day,0.07330729166666666,100.0,-7.0,26.533225999628485,auto
1768181222605,Sunny,Day,0.07287326388888889,100.0,-7.0,28.877086000647978,auto
1768181222634,Sunny,Day,0.07339409722222222,100.0,-7.0,19.860114999573852,auto
1768181222665,Sunny,Day,0.07265625,100.0,-6.0,26.57498400003533,auto
1768181222696,Sunny,Day,0.07296006944444444,100.0,-7.0,26.742257000478276,auto
1768181222728,Sunny,Day,0.07243923611111111,100.0,-6.0,27.279815999463608,auto
1768181222759,Sunny,Day,0.07274305555555556,100.0,-6.0,26.18510599950241,auto
1768181222791,Sunny,Day,0.07256944444444445,100.0,-6.0,26.907030000074883,auto
1768181222822,Sunny,Day,0.07278645833333333,100.0,-6.0,26.425395999467582,auto
1768181222853,Sunny,Day,0.0724826388888889,100.0,-6.0,26.808810000147787,auto
1768181222887,Sunny,Day,0.07269965277777778,100.0,-6.0,28.83206899969082,auto
1768181222916,Sunny,Day,0.07287326388888889,100.0,-6.0,24.50015300019004,auto
1768181222948,Sunny,Day,0.0734375,100.0,-6.0,26.43306199934159,auto
1768181222979,Sunny,Day,0.07309027777777778,100.0,-6.0,26.632167000570917,auto
1768181223013,Sunny,Day,0.07348090277777777,100.0,-6.0,28.81166199949803,auto
1768181223042,Sunny,Day,0.07361111111111111,100.0,-6.0,23.163560000284633,auto
1768181223073,Sunny,Day,0.07452256944444445,100.0,-6.0,26.86325400009082,auto
1768181223107,Sunny,Day,0.0744357638888889,100.0,-6.0,28.801792000194837,auto
1768181223137,Sunny,Day,0.07469618055555556,100.0,-6.0,25.80907900028251,auto
1768181223167,Sunny,Day,0.075390625,100.0,-6.0,25.49386600003345,auto
1768181223199,Sunny,Day,0.07586805555555555,100.0,-5.0,26.55443000003288,auto
1768181223230,Sunny,Day,0.07747395833333333,100.0,-5.0,26.46387599997979,auto
1768181223263,Sunny,Day,0.07803819444444444,100.0,-5.0,27.862152000125207,auto
1768181223293,Sunny,Day,0.07951388888888888,100.0,-5.0,23.183115999927395,auto
1768181223324,Sunny,Day,0.08116319444444445,100.0,-5.0,26.63468599985208,auto
1768181223356,Sunny,Day,0.08129340277777777,100.0,-9.0,26.772015999995347,auto
1768181223388,Sunny,Day,0.08059895833333333,100.0,-8.0,27.342295999915223,auto
1768181223418,Sunny,Day,0.08155381944444444,100.0,-7.0,26.33925000009185,auto
1768181223450,Sunny,Day,0.08194444444444444,100.0,-6.0,26.83151400015049,auto
1768181223481,Sunny,Day,0.08294270833333334,100.0,-6.0,25.907910000569245,auto
1768181223513,Sunny,Day,0.083984375,100.0,-9.0,26.590390999444935,auto
1768181223546,Sunny,Day,0.0822482638888889,100.0,-4.0,24.192828000195732,auto
1768181223575,Sunny,Day,0.08233506944444445,100.0,-5.0,24.417988999630325,auto
1768181223608,Sunny,Day,0.08302951388888889,100.0,-4.0,27.341870000782365,auto
1768181223638,Sunny,Day,0.0837673611111111,100.0,-8.0,25.622473000112223,auto
1768181223670,Sunny,Day,0.083984375,100.0,-9.0,26.757738000014797,auto
1768181223701,Sunny,Day,0.08372395833333333,100.0,-9.0,26.728554000328586,auto
1768181223733,Sunny,Day,0.084375,100.0,-9.0,27.61606700005359,auto
1768181223764,Sunny,Day,0.08472222222222223,100.0,-9.0,16.75123800032452,auto
1768181223795,Sunny,Day,0.08454861111111112,100.0,-8.0,25.647269000728556,auto
1768181223827,Sunny,Day,0.08524305555555556,100.0,-8.0,27.053636999880837,auto
1768181223858,Sunny,Day,0.08441840277777778,100.0,-7.0,26.24651200039807,auto
1768181223890,Sunny,Day,0.08363715277777778,100.0,-5.0,26.259807999849727,auto
1768181223921,Sunny,Day,0.08546006944444444,100.0,-6.0,26.633222999407735,auto
1768181223954,Sunny,Day,0.08524305555555556,100.0,-5.0,28.81327399973088,auto
1768181223984,Sunny,Day,0.08454861111111112,100.0,-5.0,24.487653000505816,auto
1768181224015,Sunny,Day,0.08515625,100.0,-5.0,27.065044999289967,auto
1768181224046,Sunny,Day,0.08415798611111111,100.0,-4.0,26.398303999485506,auto
1768181224084,Sunny,Day,0.08537326388888888,100.0,-5.0,32.97236199978215,auto
1768181224110,Sunny,Day,0.083984375,100.0,-4.0,17.49334699979954,auto
1768181224141,Sunny,Day,0.08537326388888888,100.0,-5.0,26.427007999700436,auto
1768181224172,Sunny,Day,0.08515625,100.0,,26.64679699955741,auto
1768181224203,Sunny,Day,0.08528645833333333,100.0,-5.0,26.721647000158555,auto
1768181224235,Sunny,Day,0.08489583333333334,100.0,,25.98809299979621,auto
1768181224266,Sunny,Day,0.08506944444444445,100.0,,26.875328000642185,auto
1768181224298,Sunny,Day,0.08489583333333334,100.0,,27.009860999896773,auto
1768181224331,Sunny,Day,0.08550347222222222,100.0,,28.84814400022151,auto
1768181224362,Sunny,Day,0.08493923611111111,100.0,,25.306223000370665,auto
1768181224392,Sunny,Day,0.08506944444444445,100.0,,25.19548600048438,auto
1768181224423,Sunny,Day,0.08628472222222222,100.0,,26.724405999630108,auto
1768181224454,Sunny,Day,0.08559027777777778,100.0,,26.244382000186306,auto
1768181224487,Sunny,Day,0.08515625,100.0,,26.283419000719732,auto
1768181224517,Sunny,Day,0.08563368055555555,100.0,,24.31945399985125,auto
1768181224550,Sunny,Day,0.08580729166666666,100.0,,28.162922000774415,auto
1768181224580,Sunny,Day,0.0857204861111111,100.0,,23.117469000681012,auto
1768181224611,Sunny,Day,0.085546875,100.0,,25.500959000055445,auto
1768181224644,Sunny,Day,0.08598090277777778,100.0,,28.30197399998724,auto
1768181224674,Sunny,Day,0.08598090277777778,100.0,,24.93399299964949,auto
1768181224706,Sunny,Day,0.08606770833333334,100.0,,26.955344999805675,auto
1768181224737,Sunny,Day,0.08559027777777778,100.0,,26.49804199973005,auto
1768181224770,Sunny,Day,0.08524305555555556,100.0,,27.818597999612393,auto
1768181224802,Sunny,Day,0.08502604166666666,100.0,,28.067609999197884,auto
1768181224832,Sunny,Day,0.08702256944444445,100.0,,24.758163999649696,auto
1768181224862,Sunny,Day,0.08580729166666666,100.0,,22.655075000329816,auto
1768181224894,Sunny,Day,0.08506944444444445,100.0,,26.56787300020369,auto
1768181224926,Sunny,Day,0.08611111111111111,100.0,,27.054860000134795,auto
1768181224957,Sunny,Day,0.08619791666666667,100.0,-23.0,26.260104000357387,auto
1768181224988,Sunny,Day,0.08585069444444444,100.0,,26.230252999994264,auto
1768181225020,Sunny,Day,0.08585069444444444,100.0,,27.18715299943142,auto
1768181225051,Sunny,Day,0.08654513888888889,100.0,,26.62994699949195,auto
1768181225082,Sunny,Day,0.08654513888888889,100.0,,25.560104999385658,auto
1768181225116,Sunny,Day,0.0859375,100.0,,29.148599000109243,auto
1768181225147,Sunny,Day,0.08537326388888888,100.0,,26.40450799935934,auto
1768181225179,Sunny,Day,0.08411458333333334,100.0,,25.78682100011065,auto
1768181225209,Sunny,Day,0.08407118055555556,100.0,,25.61917799994262,auto
1768181225239,Sunny,Day,0.08216145833333334,100.0,,24.074109999673965,auto
1768181225273,Sunny,Day,0.08185763888888889,100.0,,23.73230400007742,auto
1768181225302,Sunny,Day,0.08077256944444444,100.0,,23.47888599979342,auto
1768181225333,Sunny,Day,0.08125,100.0,,26.436637000188057,auto
1768181225369,Sunny,Day,0.08151041666666667,100.0,,30.28790000007575,auto
1768181225400,Sunny,Day,0.08111979166666666,100.0,,24.4678950002708,auto
1768181225433,Sunny,Day,0.08077256944444444,100.0,,22.74885000042559,auto
1768181225462,Sunny,Day,0.08003472222222222,100.0,,21.35916699990048,auto
1768181225494,Sunny,Day,0.07977430555555555,100.0,,22.96910399945773,auto
1768181225525,Sunny,Day,0.08025173611111111,100.0,,25.72769300059008,auto
1768181225556,Sunny,Day,0.07925347222222222,100.0,,25.301964999925985,auto
1768181225589,Sunny,Day,0.07803819444444444,100.0,,27.092025999991165,auto
1768181225618,Sunny,Day,0.0783420138888889,100.0,,23.976686999958474,auto
1768181225650,Sunny,Day,0.07803819444444444,100.0,,24.998695000249427,auto
1768181225682,Sunny,Day,0.07756076388888888,100.0,,26.705000000220025,auto
1768181225713,Sunny,Day,0.07686631944444444,100.0,,24.662075000378536,auto
1768181225745,Sunny,Day,0.07582465277777778,100.0,,24.383323999245476,auto
1768181225777,Sunny,Day,0.07586805555555555,100.0,,25.32703799988667,auto
1768181225807,Sunny,Day,0.075,100.0,,24.63055800035363,auto
1768181225838,Sunny,Day,0.07521701388888889,100.0,,25.209726999491977,auto
1768181225871,Sunny,Day,0.07404513888888889,100.0,,26.95051099999546,auto
1768181225901,Sunny,Day,0.07313368055555555,100.0,,24.364584000068135,auto
1768181225933,Sunny,Day,0.07183159722222222,100.0,,26.12042399960046,auto
1768181225965,Sunny,Day,0.07191840277777778,100.0,,25.964706000195292,auto
1768181225998,Sunny,Day,0.07026909722222222,100.0,,27.283446999717853,auto
1768181226027,Sunny,Day,0.0703125,100.0,,24.058906999925966,auto
1768181226061,Sunny,Day,0.06957465277777777,100.0,,22.423841999625438,auto
1768181226090,Sunny,Day,0.069140625,100.0,,22.56757800023479,auto
1768181226122,Sunny,Day,0.06831597222222222,100.0,,26.78605399978551,auto
1768181226155,Sunny,Day,0.06866319444444445,100.0,,26.390195000203676,auto
1768181226184,Sunny,Day,0.06740451388888889,100.0,,23.42644299915264,auto
1768181226216,Sunny,Day,0.06653645833333334,100.0,,24.76807299990469,auto
1768181226247,Sunny,Day,0.06575520833333333,100.0,,24.635538999973505,auto
1768181226279,Sunny,Day,0.06592881944444444,100.0,,25.93965100004425,auto
1768181226310,Sunny,Day,0.06480034722222222,100.0,,23.854911999478645,auto
1768181226341,Sunny,Day,0.06432291666666666,100.0,,25.445090999710374,auto
1768181226374,Sunny,Day,0.06401909722222222,100.0,,21.163117000469356,auto
1768181226406,Sunny,Day,0.06349826388888889,100.0,,24.63237299980392,auto
1768181226438,Sunny,Day,0.061328125,100.0,,26.127739000003203,auto
1768181226466,Sunny,Day,0.06258680555555556,100.0,,22.972306999690772,auto
1768181226498,Sunny,Day,0.061024305555555554,100.0,,25.04860200042458,auto
1768181226529,Sunny,Day,0.060980902777777776,100.0,,26.16566399956355,auto
1768181226561,Sunny,Day,0.05933159722222222,100.0,,27.887985999768716,manual
1768181226593,Sunny,Day,0.061024305555555554,100.0,,27.146192000145675,manual
1768181226624,Sunny,Day,0.059722222222222225,100.0,,25.103322999711963,manual
1768181226655,Sunny,Day,0.05980902777777778,100.0,,25.572753999767883,manual
1768181226687,Sunny,Day,0.05950520833333333,100.0,,26.769647000037367,manual
1768181226718,Sunny,Day,0.05993923611111111,100.0,,25.042694000148913,manual
1768181226750,Sunny,Day,0.05920138888888889,100.0,,26.570115000140504,manual
1768181226782,Sunny,Day,0.05985243055555556,100.0,,26.785719999679714,manual
1768181226813,Sunny,Day,0.05946180555555555,100.0,,25.00676999989082,manual
1768181226844,Sunny,Day,0.06059027777777778,100.0,,24.452247000226635,manual
1768181226875,Sunny,Day,0.05985243055555556,100.0,,25.757451999197656,manual
1768181226906,Sunny,Day,0.06059027777777778,100.0,,25.71621300012339,manual
1768181226938,Sunny,Day,0.06067708333333333,100.0,,26.20621799997025,manual
1768181226969,Sunny,Day,0.060633680555555555,100.0,,25.985556999330583,manual
1768181227001,Sunny,Day,0.06072048611111111,100.0,,25.853561000076297,manual
1768181227032,Sunny,Day,0.05954861111111111,100.0,,26.227514000311203,manual
1768181227062,Sunny,Day,0.060980902777777776,100.0,,24.994010999762395,manual
1768181227094,Sunny,Day,0.06024305555555556,100.0,,26.75301799990848,manual
1768181227126,Sunny,Day,0.060633680555555555,100.0,,25.792618000195944,manual
1768181227158,Sunny,Day,0.06124131944444444,100.0,,27.606087000094703,manual
1768181227190,Sunny,Day,0.060286458333333334,100.0,,25.36057500037714,manual
1768181227222,Sunny,Day,0.06089409722222222,100.0,,23.429073000443168,manual
1768181227252,Sunny,Day,0.06141493055555555,100.0,,24.219329000516154,manual
1768181227283,Sunny,Day,0.06180555555555556,100.0,,22.808015999544295,manual
1768181227315,Sunny,Day,0.06171875,100.0,,24.32045499972446,manual
1768181227346,Sunny,Day,0.06193576388888889,100.0,,25.207950000549317,manual
1768181227377,Sunny,Day,0.06128472222222222,100.0,,25.195968000844005,manual
1768181227408,Sunny,Day,0.06150173611111111,100.0,,26.246550999530882,manual
1768181227439,Sunny,Day,0.062109375,100.0,,26.21967999948538,manual
1768181227473,Sunny,Day,0.061675347222222225,100.0,,28.171051999379415,manual
1768181227504,Sunny,Day,0.06145833333333333,100.0,,25.964817999920342,manual
1768181227535,Sunny,Day,0.06106770833333333,100.0,,24.29128999938257,manual
1768181227566,Sunny,Day,0.06115451388888889,100.0,,25.425906000236864,manual
1768181227597,Sunny,Day,0.061328125,100.0,,26.157850000345206,manual
1768181227631,Sunny,Day,0.060546875,100.0,,27.93365100023948,manual
