Timestamp,Weather,Time of Day,Mask White Ratio,Lane Quality Score,Lane Error,Processing Time (ms),Mode
1767947272058,Sunny,Day,0.07526041666666666,100.0,-8.0,433.99528000009013,manual
1767947272378,Sunny,Day,0.07578125,100.0,-8.0,3.052880000041114,manual
1767947272407,Sunny,Day,0.075390625,100.0,-8.0,3.0958049999298964,manual
1767947272435,Sunny,Day,0.07530381944444445,100.0,-9.0,17.79289899991454,manual
1767947272467,Sunny,Day,0.07517361111111111,100.0,-8.0,27.219571999921754,manual
1767947272497,Sunny,Day,0.07591145833333333,100.0,-9.0,25.276157000007515,manual
1767947272529,Sunny,Day,0.07560763888888888,100.0,-8.0,26.498008000089612,manual
1767947272560,Sunny,Day,0.07582465277777778,100.0,-9.0,25.854332999870167,manual
1767947272596,Sunny,Day,0.07543402777777777,100.0,-8.0,31.58772800020415,manual
1767947272623,Sunny,Day,0.07573784722222222,100.0,-8.0,21.775597999976526,manual
1767947272654,Sunny,Day,0.07591145833333333,100.0,-8.0,26.669265000009545,manual
1767947272685,Sunny,Day,0.07552083333333333,100.0,-9.0,26.59463700001652,manual
1767947272718,Sunny,Day,0.07530381944444445,100.0,-8.0,23.56355300003088,manual
1767947272748,Sunny,Day,0.07543402777777777,100.0,-8.0,25.551689999929295,manual
1767947272780,Sunny,Day,0.07565104166666667,100.0,-8.0,26.835800000071686,manual
1767947272811,Sunny,Day,0.07543402777777777,100.0,-8.0,26.787410999986605,manual
1767947272842,Sunny,Day,0.07513020833333334,100.0,-8.0,26.629432999925484,manual
1767947272874,Sunny,Day,0.07534722222222222,100.0,-8.0,27.09629500009214,manual
1767947272905,Sunny,Day,0.07526041666666666,100.0,-8.0,26.716079000152604,manual
1767947272939,Sunny,Day,0.07560763888888888,100.0,-8.0,28.786140999955023,manual
1767947272968,Sunny,Day,0.07560763888888888,100.0,-9.0,24.51357499990081,manual
1767947272999,Sunny,Day,0.075,100.0,-8.0,26.820004000001063,manual
1767947273031,Sunny,Day,0.07543402777777777,100.0,-8.0,26.97837199980313,manual
1767947273062,Sunny,Day,0.07565104166666667,100.0,-8.0,26.3944729999821,manual
1767947273094,Sunny,Day,0.07547743055555556,100.0,-9.0,26.872892000028514,manual
1767947273126,Sunny,Day,0.07517361111111111,100.0,-8.0,27.71089799989568,manual
1767947273157,Sunny,Day,0.07530381944444445,100.0,-8.0,26.043459999982588,manual
1767947273188,Sunny,Day,0.07547743055555556,100.0,-8.0,26.663765999956013,manual
1767947273219,Sunny,Day,0.07521701388888889,100.0,-8.0,26.58030400016287,manual
1767947273251,Sunny,Day,0.07521701388888889,100.0,-8.0,27.28357099999812,manual
1767947273282,Sunny,Day,0.07482638888888889,100.0,-8.0,25.16384399996241,manual
1767947273313,Sunny,Day,0.07534722222222222,100.0,-8.0,26.927205999982107,manual
1767947273345,Sunny,Day,0.07508680555555555,100.0,-8.0,26.536286000009568,manual
1767947273376,Sunny,Day,0.07504340277777778,100.0,-8.0,26.80759700001545,manual
1767947273408,Sunny,Day,0.07508680555555555,100.0,-8.0,26.830281000002287,manual
1767947273439,Sunny,Day,0.07521701388888889,100.0,-8.0,26.685098000143626,manual
1767947273470,Sunny,Day,0.075390625,100.0,-8.0,26.731042000164962,manual
1767947273502,Sunny,Day,0.07543402777777777,100.0,-8.0,26.746949999960634,manual
1767947273535,Sunny,Day,0.07526041666666666,100.0,-8.0,28.386221000118894,manual
1767947273565,Sunny,Day,0.07508680555555555,100.0,-8.0,25.024920000078055,manual
1767947273596,Sunny,Day,0.07543402777777777,100.0,-8.0,26.757855999903768,manual
1767947273629,Sunny,Day,0.07547743055555556,100.0,-8.0,27.76165599993874,manual
1767947273660,Sunny,Day,0.07534722222222222,100.0,-8.0,25.90237000003981,manual
1767947273690,Sunny,Day,0.07530381944444445,100.0,-8.0,24.96105099999113,manual
1767947273722,Sunny,Day,0.07521701388888889,100.0,-8.0,27.56277099979343,manual
1767947273753,Sunny,Day,0.07565104166666667,100.0,-8.0,26.31182599998283,manual
1767947273784,Sunny,Day,0.07530381944444445,100.0,-8.0,26.55230400000619,manual
1767947273816,Sunny,Day,0.07508680555555555,100.0,-8.0,26.996316000122533,manual
1767947273847,Sunny,Day,0.07526041666666666,100.0,-8.0,26.65554399982284,manual
1767947273878,Sunny,Day,0.07573784722222222,100.0,-8.0,26.417917000117086,manual
1767947273910,Sunny,Day,0.07513020833333334,100.0,-8.0,27.44006900002205,manual
1767947273943,Sunny,Day,0.075,100.0,-8.0,27.78719299999466,manual
1767947273973,Sunny,Day,0.07508680555555555,100.0,-8.0,25.61215200012157,manual
1767947274004,Sunny,Day,0.07552083333333333,100.0,-8.0,26.73893099995439,manual
1767947274036,Sunny,Day,0.07530381944444445,100.0,-8.0,26.69826499982264,manual
1767947274067,Sunny,Day,0.07526041666666666,100.0,-8.0,26.633359000015844,manual
1767947274098,Sunny,Day,0.07530381944444445,100.0,-8.0,26.972187000183112,manual
1767947274130,Sunny,Day,0.07513020833333334,100.0,-8.0,26.21401299984427,manual
1767947274161,Sunny,Day,0.07517361111111111,100.0,-8.0,26.93127999987155,manual
1767947274193,Sunny,Day,0.07508680555555555,100.0,-8.0,26.731560999905923,manual
1767947274224,Sunny,Day,0.07495659722222223,100.0,-8.0,26.06614499995885,manual
1767947274258,Sunny,Day,0.07513020833333334,100.0,-8.0,28.67458700006864,manual
1767947274287,Sunny,Day,0.07526041666666666,100.0,-8.0,25.69950300016899,manual
1767947274320,Sunny,Day,0.07495659722222223,100.0,-8.0,28.59544099987943,manual
1767947274351,Sunny,Day,0.075,100.0,-8.0,27.505920000066908,manual
1767947274381,Sunny,Day,0.07517361111111111,100.0,-8.0,24.99486499982595,manual
1767947274412,Sunny,Day,0.07508680555555555,100.0,-7.0,26.81644800009053,manual
1767947274444,Sunny,Day,0.07430555555555556,100.0,-6.0,27.04798199988545,manual
1767947274475,Sunny,Day,0.07452256944444445,100.0,-4.0,26.69350599990139,manual
1767947274507,Sunny,Day,0.0744357638888889,100.0,-3.0,27.542955999933838,manual
1767947274538,Sunny,Day,0.07387152777777778,100.0,-2.0,26.264901000104146,manual
1767947274569,Sunny,Day,0.07526041666666666,100.0,0.0,26.62302599992472,manual
1767947274601,Sunny,Day,0.0744357638888889,100.0,1.0,26.923576999934085,manual
1767947274634,Sunny,Day,0.07582465277777778,100.0,3.0,28.97617500002525,manual
1767947274665,Sunny,Day,0.07673611111111112,100.0,4.0,25.32845200016709,manual
1767947274695,Sunny,Day,0.0779079861111111,100.0,6.0,25.43513599994185,manual
1767947274727,Sunny,Day,0.078125,100.0,7.0,26.93174299997736,manual
1767947274760,Sunny,Day,0.08020833333333334,100.0,9.0,28.59264400012762,manual
1767947274789,Sunny,Day,0.08198784722222222,100.0,-36.0,25.27443500002846,manual
1767947274823,Sunny,Day,0.08333333333333333,100.0,-34.0,27.96352400014257,manual
1767947274853,Sunny,Day,0.084765625,100.0,-31.0,25.751241999842023,manual
1767947274885,Sunny,Day,0.08441840277777778,100.0,-29.0,27.517308999904344,manual
1767947274916,Sunny,Day,0.08619791666666667,100.0,-27.0,27.3415340000156,manual
1767947274947,Sunny,Day,0.08758680555555555,100.0,-25.0,26.046830000041155,manual
1767947274978,Sunny,Day,0.09010416666666667,100.0,-23.0,27.96022699999412,manual
1767947275009,Sunny,Day,0.09045138888888889,100.0,-20.0,26.889650999919468,manual
1767947275041,Sunny,Day,0.09162326388888889,100.0,-17.0,26.88659600016763,manual
1767947275073,Sunny,Day,0.090625,100.0,-13.0,28.258482999945045,manual
1767947275104,Sunny,Day,0.09001736111111111,100.0,-8.0,21.378030000050785,manual
1767947275136,Sunny,Day,0.09084201388888889,100.0,-5.0,26.99626100002206,manual
1767947275168,Sunny,Day,0.08988715277777778,100.0,0.0,28.079466000008324,manual
1767947275198,Sunny,Day,0.0900607638888889,100.0,4.0,27.34038500011593,manual
1767947275229,Sunny,Day,0.08958333333333333,100.0,7.0,26.10710699991614,manual
1767947275261,Sunny,Day,0.08975694444444444,100.0,11.0,29.026933999830362,manual
1767947275292,Sunny,Day,0.08997395833333334,100.0,15.0,27.7900270000373,manual
1767947275323,Sunny,Day,0.09097222222222222,100.0,20.0,28.15968800018709,manual
1767947275356,Sunny,Day,0.09162326388888889,100.0,24.0,27.636344000029567,manual
1767947275386,Sunny,Day,0.09153645833333333,100.0,28.0,22.849119000056817,manual
1767947275417,Sunny,Day,0.09166666666666666,100.0,32.0,28.189853999947445,manual
1767947275451,Sunny,Day,0.09184027777777778,100.0,37.0,28.964453999833495,manual
1767947275480,Sunny,Day,0.09283854166666666,100.0,40.0,26.11392199992224,manual
1767947275512,Sunny,Day,0.09344618055555555,100.0,45.0,26.28827199987427,manual
1767947275543,Sunny,Day,0.09552951388888889,100.0,48.0,28.542533999825537,manual
1767947275577,Sunny,Day,0.09318576388888888,100.0,53.0,30.553263000001607,manual
1767947275606,Sunny,Day,0.09418402777777778,100.0,56.0,26.28634500001681,manual
1767947275637,Sunny,Day,0.09448784722222223,100.0,62.0,26.967224000145507,manual
1767947275670,Sunny,Day,0.09448784722222223,100.0,65.0,28.118725000013,manual
1767947275702,Sunny,Day,0.09539930555555555,100.0,70.0,28.39240699995571,manual
1767947275731,Sunny,Day,0.09470486111111111,100.0,73.0,24.41052199992555,manual
1767947275763,Sunny,Day,0.09474826388888889,100.0,77.0,27.023445999930118,manual
1767947275795,Sunny,Day,0.09487847222222222,100.0,-79.0,26.26958599989848,manual
1767947275826,Sunny,Day,0.09539930555555555,100.0,-75.0,26.6484329999912,manual
1767947275860,Sunny,Day,0.095703125,100.0,-71.0,31.447323000065808,manual
1767947275889,Sunny,Day,0.09756944444444444,100.0,-66.0,26.112866000175927,manual
1767947275920,Sunny,Day,0.09613715277777778,100.0,-63.0,28.101058999936868,manual
1767947275951,Sunny,Day,0.09609375,100.0,-59.0,28.142022000110956,manual
1767947275985,Sunny,Day,0.09565972222222222,100.0,-55.0,30.335839999906966,manual
1767947276014,Sunny,Day,0.09552951388888889,100.0,-51.0,25.75941000009152,manual
1767947276046,Sunny,Day,0.09565972222222222,100.0,-48.0,28.626626000004762,manual
1767947276079,Sunny,Day,0.09565972222222222,100.0,-44.0,30.50604200007001,manual
1767947276109,Sunny,Day,0.09557291666666666,100.0,-40.0,26.752079999823764,manual
1767947276140,Sunny,Day,0.09505208333333333,100.0,-37.0,27.526123999905394,manual
1767947276173,Sunny,Day,0.09470486111111111,100.0,-34.0,28.131095999924582,manual
1767947276204,Sunny,Day,0.09431423611111112,100.0,-30.0,26.67257999996764,manual
1767947276234,Sunny,Day,0.09383680555555556,100.0,-27.0,24.585908999824824,manual
1767947276266,Sunny,Day,0.09366319444444444,100.0,-25.0,28.7595859999783,manual
1767947276297,Sunny,Day,0.09309895833333333,100.0,-21.0,27.743582999846694,manual
1767947276328,Sunny,Day,0.09231770833333333,100.0,-18.0,28.40931300011107,manual
1767947276360,Sunny,Day,0.0915798611111111,100.0,-16.0,26.987002000169014,manual
1767947276393,Sunny,Day,0.0915798611111111,100.0,-13.0,29.940678999992087,manual
1767947276422,Sunny,Day,0.09053819444444444,100.0,-10.0,24.503594999941924,manual
1767947276455,Sunny,Day,0.09032118055555556,100.0,-7.0,29.212246000042796,manual
1767947276485,Sunny,Day,0.08927951388888888,100.0,-5.0,19.84277600013229,manual
1767947276518,Sunny,Day,0.08854166666666667,100.0,-3.0,22.55290200014315,manual
1767947276548,Sunny,Day,0.08736979166666667,100.0,-1.0,24.51505800013365,manual
1767947276580,Sunny,Day,0.08819444444444445,100.0,1.0,27.242832000183625,manual
1767947276614,Sunny,Day,0.08563368055555555,100.0,2.0,30.08647399997244,manual
1767947276642,Sunny,Day,0.08411458333333334,100.0,4.0,23.535331999937625,manual
1767947276673,Sunny,Day,0.08151041666666667,100.0,5.0,26.49715699999433,manual
1767947276707,Sunny,Day,0.08012152777777778,100.0,8.0,30.556410999906802,manual
1767947276736,Sunny,Day,0.07916666666666666,100.0,10.0,22.02157600004284,manual
1767947276768,Sunny,Day,0.07842881944444445,100.0,12.0,26.86068899993188,manual
1767947276799,Sunny,Day,0.0779079861111111,100.0,15.0,26.668987999983074,manual
1767947276834,Sunny,Day,0.07660590277777778,100.0,17.0,32.04670300010548,manual
1767947276861,Sunny,Day,0.07573784722222222,100.0,19.0,22.79738000015641,manual
1767947276897,Sunny,Day,0.07482638888888889,100.0,21.0,31.03090400009023,manual
1767947276925,Sunny,Day,0.07291666666666667,100.0,23.0,23.926214000084656,manual
1767947276956,Sunny,Day,0.07165798611111111,100.0,26.0,27.53997500008154,manual
1767947276988,Sunny,Day,0.06966145833333333,100.0,28.0,26.861743999916143,manual
1767947277020,Sunny,Day,0.06731770833333334,100.0,30.0,29.304651999837006,manual
1767947277050,Sunny,Day,0.065234375,100.0,32.0,27.019095000014204,manual
1767947277084,Sunny,Day,0.06302083333333333,100.0,35.0,28.870676999986244,manual
1767947277113,Sunny,Day,0.06037326388888889,100.0,37.0,22.79608300000291,manual
1767947277144,Sunny,Day,0.05798611111111111,100.0,38.0,25.988610000013068,manual
1767947277176,Sunny,Day,0.05503472222222222,100.0,39.0,28.437332000066817,manual
1767947277211,Sunny,Day,0.05234375,100.0,41.0,30.2801749999162,manual
1767947277240,Sunny,Day,0.050347222222222224,100.0,43.0,26.180291999935434,manual
1767947277270,Sunny,Day,0.047135416666666666,94.27083333333333,44.0,26.610599999912665,manual
1767947277303,Sunny,Day,0.04435763888888889,88.71527777777779,45.0,28.72977200013338,manual
1767947277335,Sunny,Day,0.040538194444444446,81.07638888888889,47.0,29.120561999889105,manual
1767947277364,Sunny,Day,0.037890625,75.78125,49.0,25.469246999819006,manual
1767947277398,Sunny,Day,0.037109375,74.21875,50.0,28.574478000109593,manual
1767947277429,Sunny,Day,0.03493923611111111,69.87847222222223,51.0,27.302053000084925,manual
1767947277461,Sunny,Day,0.032378472222222225,64.75694444444446,52.0,27.716787000144905,manual
1767947277492,Sunny,Day,0.030164930555555556,60.329861111111114,54.0,26.113478999832296,manual
1767947277523,Sunny,Day,0.027430555555555555,54.86111111111111,55.0,26.005073000078482,manual
1767947277554,Sunny,Day,0.025260416666666667,50.520833333333336,57.0,26.66111799999271,manual
1767947277584,Sunny,Day,0.022916666666666665,45.83333333333333,58.0,27.067500999919503,manual
1767947277615,Sunny,Day,0.021006944444444446,42.01388888888889,60.0,28.379092000022865,manual
1767947277647,Sunny,Day,0.019010416666666665,38.02083333333333,61.0,28.370463000101154,manual
1767947277678,Sunny,Day,0.01723090277777778,34.46180555555556,63.0,28.355185000009442,manual
1767947277713,Sunny,Day,0.015407986111111112,30.815972222222225,63.0,29.933884000001854,manual
1767947277742,Sunny,Day,0.013628472222222222,27.256944444444446,65.0,26.171940000040195,manual
1767947277772,Sunny,Day,0.011935763888888888,23.871527777777775,,27.533881999943333,manual
1767947277804,Sunny,Day,0.010460069444444444,20.920138888888886,,29.014729999971678,manual
1767947277835,Sunny,Day,0.008854166666666666,17.708333333333332,,28.054559999873163,manual
1767947277866,Sunny,Day,0.007378472222222222,14.756944444444445,,27.965801999926043,manual
1767947277899,Sunny,Day,0.006076388888888889,12.152777777777779,,29.473908999989362,manual
1767947277931,Sunny,Day,0.0047309027777777775,9.461805555555555,,26.63556199991035,manual
1767947277965,Sunny,Day,0.003515625,7.03125,,28.896195000015723,manual
1767947277996,Sunny,Day,0.002387152777777778,4.774305555555556,,25.133195999842428,manual
1767947278028,Sunny,Day,0.0013020833333333333,2.6041666666666665,,28.258593999908044,manual
1767947278057,Sunny,Day,0.0005642361111111111,1.128472222222222,,25.171639999825857,manual
1767947278088,Sunny,Day,0.00017361111111111112,0.3472222222222222,,27.398051000091073,manual
1767947278120,Sunny,Day,0.0,0.0,,26.51606399990669,manual
1767947278152,Sunny,Day,0.0,0.0,,27.84408100001201,manual
1767947278183,Sunny,Day,0.0,0.0,,27.02881699997306,manual
1767947278216,Sunny,Day,0.0,0.0,,27.310201000091183,manual
1767947278245,Sunny,Day,0.0,0.0,,24.82609000003322,manual
1767947278277,Sunny,Day,0.0,0.0,,28.309260000014547,manual
1767947278308,Sunny,Day,0.0,0.0,,25.70122499992067,manual
1767947278340,Sunny,Day,0.0,0.0,,26.99859400013338,manual
1767947278371,Sunny,Day,0.0,0.0,,26.985353999862127,manual
1767947278403,Sunny,Day,0.0,0.0,,27.079612000079578,manual
1767947278440,Sunny,Day,0.00017361111111111112,0.3472222222222222,,31.00668299998688,manual
1767947278466,Sunny,Day,0.0005642361111111111,1.128472222222222,,22.35810900015167,manual
1767947278497,Sunny,Day,0.0011284722222222221,2.256944444444444,,26.20590300011827,manual
1767947278529,Sunny,Day,0.0015625,3.125,,26.344122999944375,manual
1767947278559,Sunny,Day,0.0024739583333333332,4.947916666666666,,26.60069300009127,manual
1767947278590,Sunny,Day,0.002994791666666667,5.989583333333334,,27.457920999950147,manual
1767947278621,Sunny,Day,0.0038194444444444443,7.638888888888888,,26.218791000019337,manual
1767947278654,Sunny,Day,0.004644097222222222,9.288194444444445,,28.638422000085484,manual
1767947278685,Sunny,Day,0.005729166666666666,11.458333333333332,,27.452921000076458,manual
1767947278717,Sunny,Day,0.006597222222222222,13.194444444444445,,26.49580600018453,manual
1767947278750,Sunny,Day,0.007595486111111111,15.190972222222221,,30.014103999974395,manual
1767947278781,Sunny,Day,0.008463541666666666,16.927083333333332,,26.37858499997492,manual
1767947278812,Sunny,Day,0.008767361111111111,17.53472222222222,,26.72061700013728,manual
1767947278843,Sunny,Day,0.009852430555555555,19.70486111111111,,25.757390999842755,manual
1767947278874,Sunny,Day,0.011414930555555555,22.82986111111111,,26.85170800009473,manual
1767947278906,Sunny,Day,0.013411458333333333,26.822916666666664,-68.0,25.989703000050213,manual
1767947278937,Sunny,Day,0.014713541666666666,29.427083333333332,-67.0,20.958241000016642,manual
1767947278970,Sunny,Day,0.016102430555555554,32.20486111111111,-66.0,27.967858000010892,manual
1767947278999,Sunny,Day,0.015364583333333333,30.729166666666664,-66.0,24.226005999935296,manual
1767947279031,Sunny,Day,0.015190972222222222,30.381944444444443,-66.0,26.314902000194706,manual
1767947279063,Sunny,Day,0.014453125,28.90625,-66.0,21.732007999844427,manual
1767947279094,Sunny,Day,0.014626736111111111,29.25347222222222,-66.0,24.43070699996497,manual
1767947279127,Sunny,Day,0.014756944444444444,29.51388888888889,-66.0,27.808786000150576,manual
1767947279159,Sunny,Day,0.014887152777777777,29.774305555555554,-66.0,25.33360100005666,manual
1767947279190,Sunny,Day,0.015104166666666667,30.208333333333332,-66.0,25.209732999883272,manual
1767947279219,Sunny,Day,0.01545138888888889,30.90277777777778,-65.0,18.449019000172484,manual
1767947279251,Sunny,Day,0.015234375,30.46875,-65.0,26.115441000001738,manual
1767947279284,Sunny,Day,0.015755208333333333,31.510416666666664,-66.0,27.251646999957302,manual
1767947279312,Sunny,Day,0.015755208333333333,31.510416666666664,-66.0,23.544682999954603,manual
1767947279347,Sunny,Day,0.015711805555555555,31.42361111111111,-66.0,29.48489100003826,manual
1767947279378,Sunny,Day,0.015668402777777778,31.336805555555554,-66.0,24.61788899995554,manual
1767947279408,Sunny,Day,0.015928819444444443,31.857638888888886,-65.0,23.357816000043385,manual
1767947279443,Sunny,Day,0.015842013888888888,31.684027777777775,-66.0,28.951270000106888,manual
1767947279471,Sunny,Day,0.016362847222222223,32.72569444444444,-66.0,21.90057899997555,manual
1767947279502,Sunny,Day,0.01657986111111111,33.15972222222222,-65.0,16.71076799993898,manual
1767947279534,Sunny,Day,0.016883680555555555,33.76736111111111,-65.0,26.916281000012532,manual
1767947279567,Sunny,Day,0.016927083333333332,33.854166666666664,-65.0,28.00294999997277,manual
1767947279597,Sunny,Day,0.01723090277777778,34.46180555555556,-65.0,24.56503899998097,manual
1767947279628,Sunny,Day,0.017534722222222222,35.06944444444444,-65.0,24.888089000114633,manual
1767947279661,Sunny,Day,0.01775173611111111,35.50347222222222,-65.0,28.049042000020563,manual
1767947279692,Sunny,Day,0.018098958333333335,36.19791666666667,-65.0,25.617022999995243,manual
1767947279722,Sunny,Day,0.01857638888888889,37.15277777777778,-65.0,23.463073999892003,manual
1767947279755,Sunny,Day,0.019227430555555557,38.454861111111114,-65.0,27.898229000129504,manual
1767947279785,Sunny,Day,0.019487847222222222,38.97569444444444,-65.0,24.768905999962954,manual
1767947279816,Sunny,Day,0.019661458333333333,39.322916666666664,-65.0,25.35649000014928,manual
1767947279849,Sunny,Day,0.020008680555555554,40.01736111111111,-64.0,27.759342000081233,manual
1767947279880,Sunny,Day,0.02052951388888889,41.05902777777778,-64.0,21.01507300017147,manual
1767947279909,Sunny,Day,0.020616319444444444,41.232638888888886,-64.0,21.063369000103194,manual
1767947279940,Sunny,Day,0.02109375,42.1875,-64.0,24.14480399988861,manual
1767947279973,Sunny,Day,0.021614583333333333,43.229166666666664,-64.0,26.379549000012048,manual
1767947280005,Sunny,Day,0.021918402777777776,43.83680555555555,-63.0,26.67485899996791,manual
1767947280035,Sunny,Day,0.022265625,44.53125,-63.0,25.458469999875888,manual
1767947280068,Sunny,Day,0.022743055555555555,45.48611111111111,-63.0,26.971131999971476,manual
1767947280100,Sunny,Day,0.02326388888888889,46.52777777777778,-63.0,23.8900490001015,manual
1767947280129,Sunny,Day,0.024175347222222223,48.35069444444444,-63.0,23.21168900016346,manual
1767947280161,Sunny,Day,0.02599826388888889,51.99652777777778,-62.0,26.334196999869164,manual
1767947280192,Sunny,Day,0.028993055555555557,57.986111111111114,-62.0,18.357872000024145,manual
1767947280225,Sunny,Day,0.032769097222222224,65.53819444444444,-62.0,24.808090000078664,manual
1767947280255,Sunny,Day,0.03693576388888889,73.87152777777779,-65.0,23.91306699996676,manual
1767947280286,Sunny,Day,0.041449652777777776,82.89930555555556,-65.0,26.244013999985327,manual
1767947280317,Sunny,Day,0.04561631944444444,91.23263888888889,-65.0,27.65926999995827,manual
1767947280351,Sunny,Day,0.05091145833333333,100.0,-64.0,28.326444999947853,manual
1767947280381,Sunny,Day,0.05590277777777778,100.0,-62.0,23.792050000110976,manual
1767947280414,Sunny,Day,0.059722222222222225,100.0,-60.0,28.31116800007294,manual
1767947280444,Sunny,Day,0.06163194444444445,100.0,-57.0,23.369168000044738,manual
1767947280479,Sunny,Day,0.06375868055555556,100.0,-55.0,28.83454899983917,manual
1767947280509,Sunny,Day,0.06488715277777778,100.0,-52.0,23.804531999985556,manual
1767947280538,Sunny,Day,0.065234375,100.0,-50.0,23.234355000113283,manual
1767947280574,Sunny,Day,0.06536458333333334,100.0,-47.0,29.835775000037756,manual
1767947280602,Sunny,Day,0.06553819444444445,100.0,-45.0,19.88788700009536,manual
1767947280632,Sunny,Day,0.06536458333333334,100.0,-43.0,24.31232000003547,manual
1767947280664,Sunny,Day,0.06779513888888888,100.0,-40.0,26.5478979999898,manual
1767947280696,Sunny,Day,0.06792534722222222,100.0,-37.0,26.382752000017717,manual
1767947280727,Sunny,Day,0.06779513888888888,100.0,-35.0,25.94805500007169,manual
1767947280758,Sunny,Day,0.06610243055555555,100.0,-32.0,25.80639099983273,manual
1767947280790,Sunny,Day,0.0666232638888889,100.0,-30.0,25.993221000135236,manual
1767947280822,Sunny,Day,0.06766493055555556,100.0,-27.0,26.04833200007306,manual
1767947280854,Sunny,Day,0.06870659722222222,100.0,-24.0,28.295723999917755,manual
1767947280884,Sunny,Day,0.07057291666666667,100.0,-21.0,25.348915999984456,manual
1767947280915,Sunny,Day,0.07078993055555556,100.0,-18.0,24.938422000104765,manual
1767947280946,Sunny,Day,0.07213541666666666,100.0,-14.0,26.00888799997847,manual
1767947280978,Sunny,Day,0.072265625,100.0,-11.0,26.942133000147805,manual
1767947281012,Sunny,Day,0.07387152777777778,100.0,-8.0,26.51539899989075,manual
1767947281040,Sunny,Day,0.07322048611111111,100.0,-5.0,22.014465999973254,manual
1767947281073,Sunny,Day,0.07278645833333333,100.0,-2.0,27.303128000085053,manual
1767947281106,Sunny,Day,0.07322048611111111,100.0,1.0,22.491848000072423,manual
1767947281135,Sunny,Day,0.07439236111111111,100.0,4.0,19.83351700005187,manual
1767947281167,Sunny,Day,0.07604166666666666,100.0,7.0,27.030872000068484,manual
1767947281198,Sunny,Day,0.07699652777777778,100.0,10.0,24.172100999976465,manual
1767947281229,Sunny,Day,0.07786458333333333,100.0,14.0,25.715243999911763,manual
1767947281260,Sunny,Day,0.07712673611111111,100.0,18.0,26.262271999939912,manual
1767947281291,Sunny,Day,0.07721354166666666,100.0,22.0,25.961684000094465,manual
1767947281325,Sunny,Day,0.07756076388888888,100.0,26.0,27.733973000067635,manual
1767947281354,Sunny,Day,0.07782118055555555,100.0,30.0,23.685218000082386,manual
1767947281386,Sunny,Day,0.07829861111111111,100.0,34.0,26.22901399990951,manual
1767947281418,Sunny,Day,0.07894965277777778,100.0,37.0,20.066032000158884,manual
1767947281449,Sunny,Day,0.07960069444444444,100.0,41.0,20.463860000063505,manual
1767947281479,Sunny,Day,0.07955729166666667,100.0,45.0,24.901810999836016,manual
1767947281512,Sunny,Day,0.08072916666666667,100.0,49.0,27.046131000133755,manual
1767947281544,Sunny,Day,0.08090277777777778,100.0,52.0,21.90861600001881,manual
1767947281574,Sunny,Day,0.08077256944444444,100.0,56.0,20.290232999968794,manual
1767947281607,Sunny,Day,0.08159722222222222,100.0,60.0,27.913636999983282,manual
1767947281639,Sunny,Day,0.08072916666666667,100.0,64.0,24.603649000027872,manual
1767947281668,Sunny,Day,0.08190104166666666,100.0,68.0,23.129634000042643,manual
1767947281706,Sunny,Day,0.08103298611111111,100.0,72.0,33.41351700009909,manual
1767947281731,Sunny,Day,0.08168402777777778,100.0,76.0,15.904353999985688,manual
1767947281764,Sunny,Day,0.07994791666666666,100.0,-79.0,26.36190099997293,manual
1767947281796,Sunny,Day,0.0798611111111111,100.0,-75.0,25.999017000003732,manual
1767947281828,Sunny,Day,0.0796875,100.0,-72.0,23.339427999871987,manual
1767947281857,Sunny,Day,0.08068576388888889,100.0,-67.0,22.101687000031234,manual
1767947281887,Sunny,Day,0.08059895833333333,100.0,-63.0,25.350676000016392,manual
1767947281920,Sunny,Day,0.080078125,100.0,-58.0,27.026612999861754,manual
1767947281950,Sunny,Day,0.08016493055555556,100.0,-54.0,24.611760999960097,manual
1767947281983,Sunny,Day,0.08003472222222222,100.0,-50.0,27.441124999995736,manual
1767947282015,Sunny,Day,0.07921006944444445,100.0,-44.0,25.46109900004012,manual
1767947282047,Sunny,Day,0.079296875,100.0,-40.0,26.66354500001944,manual
1767947282076,Sunny,Day,0.07916666666666666,100.0,-35.0,22.661085999970965,manual
1767947282109,Sunny,Day,0.07916666666666666,100.0,-31.0,27.920321999999942,manual
1767947282141,Sunny,Day,0.07886284722222223,100.0,-26.0,25.87089000007836,manual
1767947282172,Sunny,Day,0.07816840277777778,100.0,-21.0,26.01783200020691,manual
1767947282202,Sunny,Day,0.07608506944444444,100.0,-17.0,24.54733500007933,manual
1767947282233,Sunny,Day,0.07508680555555555,100.0,-12.0,25.965591999920434,manual
1767947282265,Sunny,Day,0.07495659722222223,100.0,-8.0,26.709821999929773,manual
1767947282296,Sunny,Day,0.07608506944444444,100.0,-4.0,25.553080000008777,manual
1767947282331,Sunny,Day,0.07625868055555556,100.0,1.0,29.312412000081167,manual
1767947282362,Sunny,Day,0.07348090277777777,100.0,5.0,25.74066900001526,manual
1767947282391,Sunny,Day,0.07361111111111111,100.0,10.0,23.191911999902004,manual
1767947282424,Sunny,Day,0.07313368055555555,100.0,14.0,24.04410300005111,manual
1767947282454,Sunny,Day,0.07378472222222222,100.0,19.0,23.500388000002204,manual
1767947282485,Sunny,Day,0.07278645833333333,100.0,24.0,24.489169999924343,manual
1767947282516,Sunny,Day,0.07209201388888889,100.0,28.0,25.55091299996093,manual
1767947282548,Sunny,Day,0.0703125,100.0,32.0,26.50680600004307,manual
1767947282590,Sunny,Day,0.07174479166666667,100.0,-6.0,3.289321000011114,auto
1767947282621,Sunny,Day,0.07161458333333333,100.0,-5.0,3.336653999895134,auto
1767947282647,Sunny,Day,0.07209201388888889,100.0,-2.0,6.985358000065389,auto
1767947282673,Sunny,Day,0.07578125,100.0,-2.0,4.5902280000973406,auto
1767947282702,Sunny,Day,0.07517361111111111,100.0,-1.0,6.417756000018926,auto
1767947282733,Sunny,Day,0.07465277777777778,100.0,0.0,8.553463999987798,auto
1767947282765,Sunny,Day,0.07339409722222222,100.0,3.0,11.4544030000161,auto
1767947282799,Sunny,Day,0.07330729166666666,100.0,4.0,20.146530999909373,auto
1767947282831,Sunny,Day,0.073046875,100.0,5.0,18.4335200001442,auto
1767947282859,Sunny,Day,0.07291666666666667,100.0,6.0,13.477260999934515,auto
1767947282890,Sunny,Day,0.07222222222222222,100.0,8.0,15.582358999836288,auto
1767947282922,Sunny,Day,0.07022569444444444,100.0,9.0,17.76799299977938,auto
1767947282953,Sunny,Day,0.07135416666666666,100.0,9.0,15.11505100006616,auto
1767947282985,Sunny,Day,0.06879340277777778,100.0,10.0,8.264413000006243,auto
1767947283016,Sunny,Day,0.06727430555555555,100.0,11.0,11.133129000199915,auto
1767947283047,Sunny,Day,0.06901041666666667,100.0,9.0,9.490894000009575,auto
1767947283079,Sunny,Day,0.06931423611111111,100.0,9.0,13.29631899989181,auto
1767947283110,Sunny,Day,0.06801215277777778,100.0,8.0,8.465910000040822,auto
1767947283141,Sunny,Day,0.067578125,100.0,7.0,15.957002000050124,auto
1767947283173,Sunny,Day,0.06844618055555556,100.0,7.0,16.95124599996234,auto
1767947283204,Sunny,Day,0.07330729166666666,100.0,5.0,13.869774000113466,auto
1767947283237,Sunny,Day,0.07322048611111111,100.0,5.0,14.328581000199847,auto
1767947283267,Sunny,Day,0.07330729166666666,100.0,5.0,14.621391999980915,auto
1767947283299,Sunny,Day,0.07256944444444445,100.0,5.0,17.726159999938318,auto
1767947283330,Sunny,Day,0.07287326388888889,100.0,6.0,17.129353999962404,auto
1767947283361,Sunny,Day,0.073828125,100.0,5.0,10.18888499993409,auto
1767947283393,Sunny,Day,0.07309027777777778,100.0,5.0,10.995926999839867,auto
1767947283424,Sunny,Day,0.07278645833333333,100.0,6.0,12.047541000129058,auto
1767947283456,Sunny,Day,0.07183159722222222,100.0,6.0,18.4403900000234,auto
1767947283487,Sunny,Day,0.07309027777777778,100.0,6.0,16.569955000022674,auto
1767947283518,Sunny,Day,0.07209201388888889,100.0,7.0,18.006748999823685,auto
1767947283550,Sunny,Day,0.06922743055555555,100.0,8.0,12.94628699997702,auto
1767947283585,Sunny,Day,0.07326388888888889,100.0,8.0,21.79609899985735,auto
1767947283612,Sunny,Day,0.07269965277777778,100.0,8.0,13.744849999966391,auto
1767947283645,Sunny,Day,0.0720486111111111,100.0,8.0,18.267059999971025,auto
1767947283675,Sunny,Day,0.06970486111111111,100.0,8.0,16.564548000133072,auto
1767947283707,Sunny,Day,0.06944444444444445,100.0,7.0,16.08775899990178,auto
1767947283738,Sunny,Day,0.06666666666666667,100.0,7.0,17.69249399990258,auto
1767947283770,Sunny,Day,0.06770833333333333,100.0,7.0,9.849000000031083,auto
1767947283801,Sunny,Day,0.06657986111111111,100.0,7.0,12.648533000174211,auto
1767947283832,Sunny,Day,0.0640625,100.0,7.0,18.021340999894164,auto
1767947283864,Sunny,Day,0.061848958333333336,100.0,7.0,11.115259000007427,auto
1767947283895,Sunny,Day,0.07760416666666667,100.0,5.0,12.111651999930473,auto
1767947283926,Sunny,Day,0.07513020833333334,100.0,5.0,11.463754000033077,auto
1767947283960,Sunny,Day,0.0703125,100.0,6.0,13.647795000224505,auto
1767947283991,Sunny,Day,0.07573784722222222,100.0,5.0,16.594954999845868,auto
1767947284020,Sunny,Day,0.07404513888888889,100.0,5.0,16.406197999913275,auto
1767947284054,Sunny,Day,0.07478298611111112,100.0,5.0,20.33477000009043,auto
1767947284083,Sunny,Day,0.07170138888888888,100.0,4.0,12.312242000007245,auto
1767947284115,Sunny,Day,0.075390625,100.0,5.0,17.33505500010324,auto
1767947284146,Sunny,Day,0.077734375,100.0,5.0,17.82910399992943,auto
1767947284178,Sunny,Day,0.07513020833333334,100.0,5.0,17.929268999978376,auto
1767947284209,Sunny,Day,0.07339409722222222,100.0,6.0,17.303000000083557,auto
1767947284243,Sunny,Day,0.07152777777777777,100.0,6.0,15.311956000005011,auto
1767947284272,Sunny,Day,0.076171875,100.0,6.0,16.12218499985829,auto
1767947284303,Sunny,Day,0.07786458333333333,100.0,6.0,15.296455999987302,auto
1767947284335,Sunny,Day,0.07387152777777778,100.0,6.0,11.664639999935389,auto
1767947284368,Sunny,Day,0.07078993055555556,100.0,6.0,19.284062999986418,auto
1767947284399,Sunny,Day,0.07078993055555556,100.0,6.0,4.748650999999882,auto
1767947284429,Sunny,Day,0.08055555555555556,100.0,6.0,7.916176999970048,auto
1767947284463,Sunny,Day,0.07782118055555555,100.0,6.0,13.853828999799589,auto
1767947284493,Sunny,Day,0.07447916666666667,100.0,6.0,11.552049999863812,auto
1767947284523,Sunny,Day,0.07651909722222222,100.0,6.0,16.60232500012171,auto
1767947284555,Sunny,Day,0.08381076388888889,100.0,5.0,17.52536699996199,auto
1767947284586,Sunny,Day,0.08368055555555555,100.0,6.0,11.76976800002194,auto
1767947284617,Sunny,Day,0.08207465277777778,100.0,6.0,9.609559999944395,auto
1767947284648,Sunny,Day,0.08142361111111111,100.0,6.0,11.771268000074997,auto
1767947284680,Sunny,Day,0.08372395833333333,100.0,5.0,10.763190000034228,auto
1767947284711,Sunny,Day,0.08528645833333333,100.0,6.0,11.144795000063823,auto
1767947284743,Sunny,Day,0.08363715277777778,100.0,6.0,9.969332000082431,auto
1767947284774,Sunny,Day,0.08472222222222223,100.0,6.0,18.000563999976293,auto
1767947284806,Sunny,Day,0.08763020833333333,100.0,6.0,15.135939999936454,auto
1767947284837,Sunny,Day,0.08754340277777778,100.0,6.0,14.333895999925517,auto
1767947284870,Sunny,Day,0.08693576388888889,100.0,6.0,14.689186999930826,auto
1767947284902,Sunny,Day,0.08663194444444444,100.0,6.0,9.80059399989841,auto
1767947284933,Sunny,Day,0.08784722222222222,100.0,6.0,16.95559800009505,auto
1767947284963,Sunny,Day,0.08763020833333333,100.0,6.0,15.678858000001128,auto
1767947284996,Sunny,Day,0.08624131944444445,100.0,5.0,15.121310000040467,auto
1767947285027,Sunny,Day,0.08745659722222222,100.0,5.0,12.708809000059773,auto
1767947285057,Sunny,Day,0.08754340277777778,100.0,5.0,16.530381999928068,auto
1767947285090,Sunny,Day,0.087890625,100.0,5.0,19.801870000037525,auto
1767947285120,Sunny,Day,0.08888888888888889,100.0,4.0,14.595299000120576,auto
1767947285151,Sunny,Day,0.08880208333333334,100.0,5.0,17.9382500000429,auto
1767947285183,Sunny,Day,0.08949652777777778,100.0,5.0,16.318070999886913,auto
1767947285214,Sunny,Day,0.08897569444444445,100.0,5.0,18.4886300000926,auto
1767947285245,Sunny,Day,0.09105902777777777,100.0,4.0,16.687971999999718,auto
1767947285279,Sunny,Day,0.09283854166666666,100.0,4.0,18.664571999806867,auto
1767947285308,Sunny,Day,0.09210069444444445,100.0,4.0,9.188251000068703,auto
1767947285340,Sunny,Day,0.09223090277777778,100.0,4.0,11.232850999931543,auto
1767947285371,Sunny,Day,0.09453125,100.0,4.0,8.271765000017695,auto
1767947285402,Sunny,Day,0.09505208333333333,100.0,4.0,6.520531999967716,auto
1767947285434,Sunny,Day,0.09448784722222223,100.0,5.0,10.260901000037848,auto
1767947285465,Sunny,Day,0.09522569444444444,100.0,5.0,11.450051000110761,auto
1767947285496,Sunny,Day,0.0959201388888889,100.0,4.0,8.984586999986277,auto
1767947285528,Sunny,Day,0.09609375,100.0,5.0,9.78990899989185,auto
1767947285559,Sunny,Day,0.09613715277777778,100.0,5.0,10.262568999905852,auto
1767947285591,Sunny,Day,0.09578993055555556,100.0,5.0,17.28648199991767,auto
1767947285622,Sunny,Day,0.09652777777777778,100.0,4.0,18.256857000096716,auto
1767947285654,Sunny,Day,0.09709201388888888,100.0,5.0,16.216497999948842,auto
1767947285686,Sunny,Day,0.09691840277777777,100.0,4.0,19.34087700010423,auto
1767947285716,Sunny,Day,0.09609375,100.0,4.0,15.461211999991065,auto
1767947285748,Sunny,Day,0.0974392361111111,100.0,4.0,14.313470999923084,auto
1767947285779,Sunny,Day,0.09813368055555556,100.0,4.0,17.573126000115735,auto
1767947285811,Sunny,Day,0.09817708333333333,100.0,5.0,17.635088000133692,auto
1767947285842,Sunny,Day,0.09800347222222222,100.0,5.0,6.1080380000930745,auto
1767947285873,Sunny,Day,0.09852430555555555,100.0,5.0,13.429113999791298,auto
1767947285906,Sunny,Day,0.09869791666666666,100.0,5.0,13.562148999881174,auto
1767947285939,Sunny,Day,0.098828125,100.0,5.0,11.065185999996174,auto
1767947285968,Sunny,Day,0.09874131944444445,100.0,5.0,5.231329000025653,auto
1767947286000,Sunny,Day,0.09926215277777778,100.0,5.0,11.449846999994406,auto
1767947286031,Sunny,Day,0.09934895833333333,100.0,5.0,9.841908999987936,auto
1767947286062,Sunny,Day,0.09900173611111111,100.0,5.0,15.778614999817364,auto
1767947286096,Sunny,Day,0.09904513888888888,100.0,5.0,15.888465000216456,auto
1767947286127,Sunny,Day,0.0998263888888889,100.0,5.0,14.348674000075334,auto
1767947286157,Sunny,Day,0.10056423611111111,100.0,5.0,12.272260999907303,auto
1767947286187,Sunny,Day,0.09991319444444445,100.0,5.0,10.280438000108916,auto
1767947286219,Sunny,Day,0.1,100.0,5.0,9.191399999963323,auto
1767947286250,Sunny,Day,0.09947916666666666,100.0,4.0,6.832768000094802,auto
1767947286281,Sunny,Day,0.10047743055555555,100.0,4.0,9.101086000100622,auto
1767947286313,Sunny,Day,0.10091145833333333,100.0,4.0,9.849704000089332,auto
1767947286344,Sunny,Day,0.10078125,100.0,4.0,8.424891999993633,auto
1767947286376,Sunny,Day,0.10082465277777777,100.0,4.0,10.067090000120515,auto
1767947286409,Sunny,Day,0.10225694444444444,100.0,-11.0,13.110396000001856,auto
1767947286439,Sunny,Day,0.10342881944444444,100.0,-11.0,16.80815600002461,auto
1767947286470,Sunny,Day,0.1032986111111111,100.0,-10.0,16.156720999788377,auto
1767947286503,Sunny,Day,0.10169270833333334,100.0,-10.0,18.877643000223543,auto
1767947286534,Sunny,Day,0.10390625,100.0,-9.0,7.022080000069764,auto
1767947286566,Sunny,Day,0.10516493055555555,100.0,-7.0,9.687115000133417,auto
1767947286595,Sunny,Day,0.10598958333333333,100.0,-6.0,13.077544999987367,auto
1767947286627,Sunny,Day,0.10863715277777777,100.0,-4.0,18.33605899992108,auto
1767947286658,Sunny,Day,0.10941840277777778,100.0,-2.0,16.372218000014982,auto
1767947286690,Sunny,Day,0.11263020833333333,100.0,-1.0,16.092704000129743,auto
1767947286722,Sunny,Day,0.11145833333333334,100.0,0.0,18.96660400007022,auto
1767947286755,Sunny,Day,0.10924479166666666,100.0,0.0,18.862329000057798,auto
1767947286784,Sunny,Day,0.10607638888888889,100.0,0.0,8.915958999978102,auto
1767947286815,Sunny,Day,0.110546875,100.0,1.0,10.739858000079039,auto
1767947286849,Sunny,Day,0.10989583333333333,100.0,2.0,9.08497500017802,auto
1767947286878,Sunny,Day,0.1111111111111111,100.0,2.0,15.32351099990592,auto
1767947286912,Sunny,Day,0.10685763888888888,100.0,1.0,20.076107000022603,auto
1767947286941,Sunny,Day,0.10802951388888889,100.0,2.0,15.291066999907343,auto
1767947286972,Sunny,Day,0.10941840277777778,100.0,2.0,16.219682999917495,auto
1767947287003,Sunny,Day,0.11080729166666667,100.0,3.0,17.879657999856136,auto
1767947287035,Sunny,Day,0.11006944444444444,100.0,3.0,13.508576000049288,auto
1767947287067,Sunny,Day,0.10750868055555556,100.0,2.0,8.757293999906324,auto
1767947287100,Sunny,Day,0.11015625,100.0,3.0,19.828925999945568,auto
1767947287130,Sunny,Day,0.11150173611111111,100.0,3.0,15.028885999981867,auto
1767947287161,Sunny,Day,0.1111111111111111,100.0,3.0,17.689976000156094,auto
1767947287192,Sunny,Day,0.11102430555555555,100.0,3.0,10.68300699989777,auto
1767947287224,Sunny,Day,0.11128472222222222,100.0,2.0,9.605966999970406,auto
1767947287255,Sunny,Day,0.11375868055555556,100.0,3.0,17.09472600009576,auto
1767947287286,Sunny,Day,0.11432291666666666,100.0,4.0,12.288260000104856,auto
1767947287320,Sunny,Day,0.11354166666666667,100.0,4.0,19.85620300001756,auto
1767947287350,Sunny,Day,0.11345486111111111,100.0,4.0,7.137707999845588,auto
1767947287382,Sunny,Day,0.11519097222222222,100.0,4.0,9.96042499991745,auto
1767947287412,Sunny,Day,0.11571180555555556,100.0,4.0,15.048553000042375,auto
1767947287444,Sunny,Day,0.11532118055555556,100.0,4.0,16.64673200002653,auto
1767947287475,Sunny,Day,0.11471354166666667,100.0,4.0,10.78772799996841,auto
1767947287506,Sunny,Day,0.11584201388888889,100.0,4.0,11.768898000127592,auto
1767947287538,Sunny,Day,0.11710069444444444,100.0,4.0,18.47016800002166,auto
1767947287569,Sunny,Day,0.11788194444444444,100.0,4.0,16.645583999888913,auto
1767947287600,Sunny,Day,0.11662326388888888,100.0,3.0,17.1955020000496,auto
1767947287635,Sunny,Day,0.11844618055555556,100.0,4.0,21.09259100006966,auto
1767947287666,Sunny,Day,0.11809895833333334,100.0,4.0,16.194071999962034,auto
1767947287697,Sunny,Day,0.12044270833333333,100.0,4.0,10.644915000057154,auto
1767947287733,Sunny,Day,0.119921875,100.0,4.0,3.0712320001384796,auto
1767947287763,Sunny,Day,0.1203125,100.0,4.0,2.1877270000913995,auto
1767947287789,Sunny,Day,0.11979166666666667,100.0,4.0,5.18916300006822,auto
1767947287820,Sunny,Day,0.12139756944444445,100.0,3.0,10.845893999885448,auto
1767947287854,Sunny,Day,0.12105034722222222,100.0,3.0,20.449064000104045,auto
1767947287884,Sunny,Day,0.12126736111111111,100.0,3.0,15.995168000017657,auto
1767947287914,Sunny,Day,0.12213541666666666,100.0,4.0,16.728360999877623,auto
1767947287946,Sunny,Day,0.12161458333333333,100.0,3.0,18.15232100011599,auto
1767947287977,Sunny,Day,0.12196180555555555,100.0,4.0,14.768149000019548,auto
1767947288008,Sunny,Day,0.12174479166666667,100.0,3.0,7.40318499993009,auto
1767947288041,Sunny,Day,0.12209201388888889,100.0,3.0,11.172425000040676,auto
1767947288073,Sunny,Day,0.12204861111111111,100.0,3.0,11.172999999871536,auto
1767947288103,Sunny,Day,0.12152777777777778,100.0,3.0,15.736413000013272,auto
1767947288136,Sunny,Day,0.12065972222222222,100.0,3.0,19.786667000062153,auto
1767947288166,Sunny,Day,0.12100694444444444,100.0,3.0,10.850058999949397,auto
1767947288198,Sunny,Day,0.12009548611111111,100.0,3.0,13.52988999997251,auto
1767947288228,Sunny,Day,0.12074652777777778,100.0,3.0,15.729116000102294,auto
1767947288260,Sunny,Day,0.11974826388888889,100.0,3.0,17.551756000102614,auto
1767947288291,Sunny,Day,0.11749131944444445,100.0,3.0,15.592433000165329,auto
1767947288323,Sunny,Day,0.11866319444444444,100.0,3.0,10.439159000043219,auto
1767947288354,Sunny,Day,0.11809895833333334,100.0,3.0,9.680633000016314,auto
1767947288385,Sunny,Day,0.11644965277777777,100.0,3.0,10.914706999983537,auto
1767947288416,Sunny,Day,0.11579861111111112,100.0,3.0,17.858213999943473,auto
1767947288448,Sunny,Day,0.11471354166666667,100.0,3.0,18.20133900014298,auto
1767947288481,Sunny,Day,0.11280381944444444,100.0,3.0,18.992697000157932,auto
1767947288511,Sunny,Day,0.11119791666666666,100.0,3.0,16.336126000169315,auto
1767947288544,Sunny,Day,0.11037326388888889,100.0,3.0,19.561502999977165,auto
1767947288574,Sunny,Day,0.10911458333333333,100.0,3.0,16.40768099991874,auto
1767947288605,Sunny,Day,0.10889756944444444,100.0,3.0,17.681642999832548,auto
1767947288637,Sunny,Day,0.10659722222222222,100.0,3.0,17.682605999880252,auto
1767947288668,Sunny,Day,0.10555555555555556,100.0,3.0,17.297408000104042,auto
1767947288699,Sunny,Day,0.10421006944444444,100.0,-67.0,16.195332000052076,auto
1767947288731,Sunny,Day,0.10308159722222222,100.0,-68.0,6.557401999998547,auto
1767947288764,Sunny,Day,0.10147569444444444,100.0,-68.0,12.447424999891155,auto
1767947288795,Sunny,Day,0.10190972222222222,100.0,-67.0,10.640506999834543,auto
1767947288826,Sunny,Day,0.10798611111111112,100.0,-65.0,5.913244999874223,auto
1767947288857,Sunny,Day,0.11970486111111112,100.0,-62.0,9.428044000060254,auto
1767947288892,Sunny,Day,0.13645833333333332,100.0,-59.0,4.775335999966046,auto
1767947288922,Sunny,Day,0.15464409722222222,100.0,-56.0,6.119501000057426,auto
1767947288952,Sunny,Day,0.17078993055555555,100.0,-52.0,7.152097000016511,auto
1767947288983,Sunny,Day,0.18663194444444445,100.0,-49.0,15.90491000001748,auto
1767947289015,Sunny,Day,0.20473090277777778,100.0,-44.0,13.60159199998634,auto
1767947289045,Sunny,Day,0.22170138888888888,100.0,-41.0,9.084142000119755,auto
1767947289076,Sunny,Day,0.23229166666666667,100.0,-38.0,15.249142999891774,auto
1767947289109,Sunny,Day,0.24574652777777778,100.0,-35.0,11.725343000080102,auto
1767947289139,Sunny,Day,0.26141493055555554,100.0,-32.0,15.626451999878554,auto
1767947289170,Sunny,Day,0.2759982638888889,100.0,-54.0,11.314738999999463,auto
1767947289202,Sunny,Day,0.291015625,100.0,-48.0,11.197148000064772,auto
1767947289233,Sunny,Day,0.2967447916666667,100.0,-42.0,9.000958000115133,auto
1767947289264,Sunny,Day,0.3131510416666667,100.0,-37.0,11.727083999858223,auto
1767947289297,Sunny,Day,0.34188368055555557,100.0,-29.0,12.971954000022379,auto
1767947289327,Sunny,Day,0.371484375,100.0,-23.0,16.386550999868632,auto
1767947289359,Sunny,Day,0.39288194444444446,100.0,-16.0,18.798847999960344,auto
1767947289390,Sunny,Day,0.41432291666666665,100.0,-9.0,11.343071000055716,auto
1767947289423,Sunny,Day,0.44309895833333335,100.0,1.0,11.789767999971446,auto
1767947289453,Sunny,Day,0.47078993055555557,100.0,8.0,8.298949999925753,auto
1767947289486,Sunny,Day,0.4889322916666667,100.0,14.0,11.016299000175422,auto
1767947289516,Sunny,Day,0.5064670138888889,100.0,20.0,6.7836769999303215,auto
1767947289547,Sunny,Day,0.51875,100.0,15.0,27.6682339999752,manual
1767947289582,Sunny,Day,0.5168402777777777,100.0,16.0,30.22302900012619,manual
1767947289612,Sunny,Day,0.5246961805555556,100.0,21.0,24.25871100012955,manual
1767947289643,Sunny,Day,0.5274305555555555,100.0,21.0,26.956966999932774,manual
1767947289673,Sunny,Day,0.5363715277777777,100.0,22.0,24.854869000137114,manual
1767947289704,Sunny,Day,0.5346354166666667,100.0,18.0,26.819506000038018,manual
1767947289737,Sunny,Day,0.5315972222222223,100.0,21.0,21.43973400006871,manual
1767947289769,Sunny,Day,0.5197916666666667,100.0,15.0,25.19673399979183,manual
1767947289799,Sunny,Day,0.5094618055555555,100.0,13.0,25.549450999960754,manual
1767947289830,Sunny,Day,0.5125434027777778,100.0,11.0,26.127682999913304,manual
1767947289861,Sunny,Day,0.5109809027777777,100.0,15.0,26.94287499980419,manual
1767947289897,Sunny,Day,0.5001302083333333,100.0,12.0,30.69646699987061,manual
1767947289925,Sunny,Day,0.48407118055555554,100.0,2.0,23.164837999956944,manual
1767947289956,Sunny,Day,0.46176215277777777,100.0,-4.0,26.790617999949973,manual
1767947289987,Sunny,Day,0.4690972222222222,100.0,0.0,26.34369899988087,manual
1767947290020,Sunny,Day,0.4700520833333333,100.0,-2.0,28.388648999907673,manual
1767947290051,Sunny,Day,0.44609375,100.0,-7.0,24.79685100001916,manual
1767947290081,Sunny,Day,0.4203125,100.0,-19.0,25.214215000005424,manual
1767947290113,Sunny,Day,0.41879340277777777,100.0,-20.0,26.12631300007706,manual
1767947290145,Sunny,Day,0.4247829861111111,100.0,-18.0,26.6763979998359,manual
1767947290177,Sunny,Day,0.40225694444444443,100.0,-9.0,27.086650999990525,manual
1767947290207,Sunny,Day,0.3802517361111111,100.0,-27.0,24.78140700009135,manual
1767947290238,Sunny,Day,0.378125,100.0,-29.0,25.69970799982002,manual
1767947290269,Sunny,Day,0.37139756944444446,100.0,-33.0,26.643712999884883,manual
1767947290301,Sunny,Day,0.34375,100.0,-37.0,26.773617999879207,manual
1767947290332,Sunny,Day,0.328515625,100.0,-40.0,26.30318100000295,manual
1767947290363,Sunny,Day,0.32860243055555555,100.0,-42.0,26.090961999898354,manual
1767947290395,Sunny,Day,0.32491319444444444,100.0,-43.0,26.806524999983594,manual
1767947290428,Sunny,Day,0.3134982638888889,100.0,-43.0,28.636404999815568,manual
1767947290457,Sunny,Day,0.30082465277777776,100.0,-48.0,24.30493299993941,manual
1767947290490,Sunny,Day,0.30277777777777776,100.0,-49.0,28.215579000061553,manual
1767947290521,Sunny,Day,0.3045572916666667,100.0,-51.0,26.182405000099607,manual
1767947290552,Sunny,Day,0.30438368055555554,100.0,-51.0,26.312292000056914,manual
1767947290584,Sunny,Day,0.30060763888888886,100.0,-52.0,27.940489000002344,manual
1767947290616,Sunny,Day,0.29696180555555557,100.0,-53.0,26.701471000023957,manual
1767947290647,Sunny,Day,0.29539930555555555,100.0,-55.0,26.444993000040995,manual
1767947290677,Sunny,Day,0.2915798611111111,100.0,-57.0,25.589673000013136,manual
1767947290710,Sunny,Day,0.28823784722222223,100.0,-58.0,27.957711999988533,manual
1767947290740,Sunny,Day,0.2758246527777778,100.0,-36.0,24.106064999841692,manual
1767947290772,Sunny,Day,0.2681423611111111,100.0,-37.0,25.22921599984329,manual
1767947290803,Sunny,Day,0.26553819444444443,100.0,-38.0,25.83163200006311,manual
1767947290836,Sunny,Day,0.2652777777777778,100.0,-39.0,28.705514999955994,manual
1767947290867,Sunny,Day,0.25190972222222224,100.0,-40.0,24.95227600002181,manual
1767947290898,Sunny,Day,0.25017361111111114,100.0,-41.0,25.5695249998098,manual
1767947290929,Sunny,Day,0.24166666666666667,100.0,-42.0,26.453290000063134,manual
1767947290962,Sunny,Day,0.24535590277777777,100.0,-43.0,28.372075000106634,manual
1767947290994,Sunny,Day,0.24405381944444443,100.0,-43.0,26.31338500009406,manual
1767947291027,Sunny,Day,0.2400173611111111,100.0,-44.0,28.353280000146697,manual
1767947291057,Sunny,Day,0.23854166666666668,100.0,-45.0,24.309118000019225,manual
1767947291086,Sunny,Day,0.23315972222222223,100.0,-45.0,21.85476599993308,manual
1767947291118,Sunny,Day,0.2309027777777778,100.0,-46.0,27.333425000051648,manual
1767947291151,Sunny,Day,0.22300347222222222,100.0,-47.0,23.080970000137313,manual
1767947291183,Sunny,Day,0.21362847222222223,100.0,-48.0,26.10918400000628,manual
1767947291211,Sunny,Day,0.21059027777777778,100.0,-49.0,22.417628000084733,manual
1767947291243,Sunny,Day,0.2046875,100.0,-49.0,26.04503600014141,manual
1767947291276,Sunny,Day,0.20394965277777777,100.0,-50.0,28.767959000106202,manual
1767947291306,Sunny,Day,0.19578993055555555,100.0,-51.0,24.140861999967456,manual
1767947291338,Sunny,Day,0.19496527777777778,100.0,-52.0,27.716622000070856,manual
1767947291370,Sunny,Day,0.19105902777777778,100.0,-52.0,26.93254199994044,manual
1767947291401,Sunny,Day,0.1853298611111111,100.0,-53.0,26.33379100007005,manual
1767947291434,Sunny,Day,0.18046875,100.0,-54.0,27.912360000073022,manual
1767947291465,Sunny,Day,0.17586805555555557,100.0,-55.0,25.647245999834922,manual
1767947291494,Sunny,Day,0.1705295138888889,100.0,-56.0,23.952604999976757,manual
1767947291526,Sunny,Day,0.16636284722222222,100.0,-56.0,26.451455999904283,manual
1767947291557,Sunny,Day,0.16215277777777778,100.0,-57.0,19.753352999941853,manual
1767947291589,Sunny,Day,0.15907118055555555,100.0,-57.0,27.087595000011788,manual
1767947291620,Sunny,Day,0.1558159722222222,100.0,-58.0,26.465715000085765,manual
1767947291652,Sunny,Day,0.15264756944444444,100.0,-59.0,26.25486700003421,manual
1767947291684,Sunny,Day,0.15143229166666666,100.0,-59.0,27.5704579999001,manual
1767947291714,Sunny,Day,0.14596354166666667,100.0,-60.0,25.744003999989218,manual
1767947291747,Sunny,Day,0.14331597222222223,100.0,-60.0,27.357368999901155,manual
1767947291778,Sunny,Day,0.1404079861111111,100.0,-60.0,26.10668300008001,manual
1767947291809,Sunny,Day,0.13658854166666667,100.0,-61.0,25.94103899991751,manual
1767947291841,Sunny,Day,0.13233506944444445,100.0,-62.0,27.426626999840664,manual
1767947291872,Sunny,Day,0.12964409722222223,100.0,-62.0,24.624002000109613,manual
1767947291902,Sunny,Day,0.12604166666666666,100.0,-63.0,21.49434500006464,manual
1767947291934,Sunny,Day,0.12170138888888889,100.0,-63.0,26.29905100002361,manual
1767947291965,Sunny,Day,0.11809895833333334,100.0,-64.0,26.65649100003975,manual
1767947292000,Sunny,Day,0.11458333333333333,100.0,-65.0,30.589543000132835,manual
1767947292028,Sunny,Day,0.112109375,100.0,-65.0,22.657143000060387,manual
1767947292061,Sunny,Day,0.11115451388888889,100.0,-66.0,28.465463999964413,manual
1767947292091,Sunny,Day,0.10859375,100.0,-66.0,24.8710180001126,manual
1767947292123,Sunny,Day,0.10603298611111112,100.0,-67.0,11.532753999972556,auto
1767947292156,Sunny,Day,0.10355902777777778,100.0,-67.0,8.30320899990511,auto
1767947292188,Sunny,Day,0.10529513888888889,100.0,-67.0,7.585330999972939,auto
1767947292218,Sunny,Day,0.11163194444444445,100.0,-65.0,7.61746100010896,auto
1767947292252,Sunny,Day,0.12981770833333334,100.0,-62.0,18.06021100014732,auto
1767947292280,Sunny,Day,0.14249131944444443,100.0,-61.0,11.86013799997454,auto
1767947292311,Sunny,Day,0.15672743055555555,100.0,-58.0,5.218070999944757,auto
1767947292342,Sunny,Day,0.17352430555555556,100.0,-55.0,10.227217999954519,auto
1767947292376,Sunny,Day,0.18758680555555557,100.0,-53.0,13.651998999876014,auto
1767947292405,Sunny,Day,0.20555555555555555,100.0,-51.0,4.9383709999801795,auto
1767947292440,Sunny,Day,0.21879340277777778,100.0,-49.0,20.03638599990154,auto
1767947292467,Sunny,Day,0.22816840277777778,100.0,-47.0,7.4426300000141055,auto
1767947292499,Sunny,Day,0.23836805555555557,100.0,-45.0,12.294835000147941,auto
1767947292530,Sunny,Day,0.24861111111111112,100.0,-43.0,11.058039000090503,auto
1767947292564,Sunny,Day,0.2860243055555556,100.0,-59.0,17.33476000003975,auto
1767947292597,Sunny,Day,0.3045572916666667,100.0,-54.0,8.087526999815964,auto
1767947292626,Sunny,Day,0.32591145833333335,100.0,-48.0,15.589822000038112,auto
1767947292658,Sunny,Day,0.3441840277777778,100.0,-43.0,17.794845000025816,auto
1767947292689,Sunny,Day,0.36649305555555556,100.0,-36.0,27.873417000137124,manual
1767947292718,Sunny,Day,0.40802951388888886,100.0,-30.0,23.900865000086924,manual
1767947292750,Sunny,Day,0.41011284722222224,100.0,-29.0,26.528307000035056,manual
1767947292784,Sunny,Day,0.41592881944444443,100.0,-28.0,28.96397499989689,manual
1767947292816,Sunny,Day,0.41597222222222224,100.0,-28.0,25.275288999864642,manual
1767947292846,Sunny,Day,0.41458333333333336,100.0,-28.0,24.68113200006883,manual
1767947292878,Sunny,Day,0.4110243055555556,100.0,-28.0,26.534899000125733,manual
1767947292910,Sunny,Day,0.4098090277777778,100.0,-28.0,26.086388000067018,manual
1767947292941,Sunny,Day,0.4114583333333333,100.0,-29.0,24.40928300006817,manual
1767947292974,Sunny,Day,0.41354166666666664,100.0,-28.0,27.402627999890683,manual
1767947293006,Sunny,Day,0.413671875,100.0,-28.0,25.974463000011383,manual
1767947293038,Sunny,Day,0.41336805555555556,100.0,-28.0,27.840417000106754,manual
1767947293067,Sunny,Day,0.411328125,100.0,-28.0,20.955761000095663,manual
1767947293099,Sunny,Day,0.406640625,100.0,-30.0,26.398809000056644,manual
1767947293129,Sunny,Day,0.39305555555555555,100.0,-32.0,24.74487099993894,manual
1767947293162,Sunny,Day,0.3815104166666667,100.0,-35.0,27.14861300000848,manual
1767947293194,Sunny,Day,0.3732638888888889,100.0,-38.0,24.978367999892725,manual
1767947293224,Sunny,Day,0.36875,100.0,-40.0,24.111565999874074,manual
1767947293257,Sunny,Day,0.35824652777777777,100.0,-43.0,27.296350999904462,manual
1767947293287,Sunny,Day,0.348828125,100.0,-46.0,23.897012999896106,manual
1767947293318,Sunny,Day,0.3351996527777778,100.0,-49.0,25.383435999856374,manual
1767947293349,Sunny,Day,0.327734375,100.0,-52.0,25.303381999947305,manual
1767947293381,Sunny,Day,0.3189236111111111,100.0,-55.0,26.741432999870085,manual
1767947293412,Sunny,Day,0.31006944444444445,100.0,-58.0,26.141145999872606,manual
1767947293444,Sunny,Day,0.29735243055555555,100.0,-60.0,26.50654800004304,manual
1767947293475,Sunny,Day,0.2868923611111111,100.0,-43.0,25.22745600003873,manual
1767947293506,Sunny,Day,0.2741753472222222,100.0,-44.0,27.287833999935174,manual
1767947293537,Sunny,Day,0.26154513888888886,100.0,-46.0,25.299306999841065,manual
1767947293570,Sunny,Day,0.25546875,100.0,-47.0,27.276038000081826,manual
1767947293601,Sunny,Day,0.24075520833333333,100.0,-48.0,26.131053999961296,manual
1767947293631,Sunny,Day,0.23723958333333334,100.0,-49.0,25.223105000122814,manual
1767947293663,Sunny,Day,0.23020833333333332,100.0,-50.0,28.323891999889383,manual
1767947293696,Sunny,Day,0.2244357638888889,100.0,-51.0,28.786736000029123,manual
1767947293727,Sunny,Day,0.2163628472222222,100.0,-52.0,26.66504600006192,manual
1767947293761,Sunny,Day,0.20750868055555555,100.0,-53.0,25.749614999995174,manual
1767947293789,Sunny,Day,0.1998263888888889,100.0,-54.0,21.124906999830273,manual
1767947293821,Sunny,Day,0.18958333333333333,100.0,-55.0,26.281403999973918,manual
1767947293852,Sunny,Day,0.17921006944444445,100.0,-57.0,26.392012999849612,manual
1767947293883,Sunny,Day,0.17183159722222222,100.0,-58.0,27.145817000018724,manual
1767947293918,Sunny,Day,0.16276041666666666,100.0,-59.0,30.844817000115654,manual
1767947293945,Sunny,Day,0.15486111111111112,100.0,-60.0,22.35938800004078,manual
1767947293979,Sunny,Day,0.14652777777777778,100.0,-61.0,28.155801999901087,manual
1767947294009,Sunny,Day,0.14153645833333334,100.0,-62.0,24.31028499995591,manual
1767947294041,Sunny,Day,0.13624131944444445,100.0,-63.0,27.686530999972092,manual
1767947294071,Sunny,Day,0.13307291666666668,100.0,-63.0,24.35321099983412,manual
1767947294103,Sunny,Day,0.13125,100.0,-64.0,28.25993000010385,manual
1767947294136,Sunny,Day,0.12947048611111112,100.0,-64.0,29.00834400020358,manual
1767947294165,Sunny,Day,0.12643229166666667,100.0,-65.0,24.235175000058007,manual
1767947294199,Sunny,Day,0.12595486111111112,100.0,-65.0,27.083133000132875,manual
1767947294229,Sunny,Day,0.119921875,100.0,-66.0,26.3079960000141,manual
1767947294261,Sunny,Day,0.11857638888888888,100.0,-66.0,24.475133999885657,manual
1767947294291,Sunny,Day,0.11710069444444444,100.0,-66.0,24.301100000002407,manual
1767947294322,Sunny,Day,0.11449652777777777,100.0,-67.0,26.876024000102916,manual
1767947294354,Sunny,Day,0.11145833333333334,100.0,-67.0,27.559015000178988,manual
1767947294385,Sunny,Day,0.10950520833333334,100.0,-67.0,25.82676299994091,manual
1767947294417,Sunny,Day,0.10716145833333333,100.0,-68.0,27.321850999896924,manual
1767947294450,Sunny,Day,0.10551215277777778,100.0,-68.0,27.523477999920942,manual
1767947294479,Sunny,Day,0.1037326388888889,100.0,-68.0,25.05040400001235,manual
1767947294511,Sunny,Day,0.1017795138888889,100.0,-69.0,23.28122600010829,manual
1767947294544,Sunny,Day,0.09839409722222223,100.0,-69.0,28.027285000007396,manual
1767947294574,Sunny,Day,0.09835069444444444,100.0,-70.0,24.325655999973606,manual
1767947294610,Sunny,Day,0.0974392361111111,100.0,-70.0,32.17098300001453,manual
1767947294638,Sunny,Day,0.096875,100.0,-70.0,22.854306999988694,manual
1767947294671,Sunny,Day,0.09440104166666667,100.0,-70.0,26.001334000056886,manual
1767947294699,Sunny,Day,0.09348958333333333,100.0,-71.0,22.76923399995212,manual
1767947294732,Sunny,Day,0.09236111111111112,100.0,-71.0,28.390038999987155,manual
1767947294762,Sunny,Day,0.09131944444444444,100.0,-71.0,26.690990999895803,manual
1767947294793,Sunny,Day,0.09188368055555556,100.0,-72.0,24.12786199988659,manual
1767947294826,Sunny,Day,0.0920138888888889,100.0,-72.0,29.021973999988404,manual
1767947294859,Sunny,Day,0.08971354166666666,100.0,-31.0,28.789069999902495,manual
1767947294887,Sunny,Day,0.089453125,100.0,-34.0,23.960993999935454,manual
1767947294918,Sunny,Day,0.08784722222222222,100.0,17.0,28.040839999903255,manual
1767947294951,Sunny,Day,0.08793402777777778,100.0,16.0,26.07861100000264,manual
1767947294982,Sunny,Day,0.08993055555555556,100.0,15.0,25.9697789999791,manual
1767947295014,Sunny,Day,0.09244791666666667,100.0,13.0,29.15813899994646,manual
1767947295046,Sunny,Day,0.08980034722222222,100.0,13.0,27.14805699997669,manual
1767947295078,Sunny,Day,0.093359375,100.0,12.0,28.31594799999948,manual
1767947295110,Sunny,Day,0.09431423611111112,100.0,10.0,26.230385999951977,manual
1767947295141,Sunny,Day,0.09552951388888889,100.0,8.0,26.136443999803305,manual
1767947295171,Sunny,Day,0.09683159722222222,100.0,6.0,24.93042399987644,manual
1767947295201,Sunny,Day,0.09908854166666667,100.0,4.0,26.98109800007842,manual
1767947295233,Sunny,Day,0.09887152777777777,100.0,2.0,22.929342999987057,manual
1767947295265,Sunny,Day,0.09978298611111111,100.0,-1.0,26.193054000032134,manual
1767947295295,Sunny,Day,0.09952256944444444,100.0,-2.0,25.300176999962787,manual
1767947295327,Sunny,Day,0.10056423611111111,100.0,-4.0,25.75168999987909,manual
1767947295360,Sunny,Day,0.10034722222222223,100.0,-6.0,27.46671900013098,manual
1767947295390,Sunny,Day,0.09835069444444444,100.0,-8.0,26.52166000007128,manual
1767947295423,Sunny,Day,0.09600694444444445,100.0,-10.0,27.023874999940745,manual
1767947295454,Sunny,Day,0.09266493055555555,100.0,-11.0,27.239482000140924,manual
1767947295486,Sunny,Day,0.08993055555555556,100.0,-13.0,25.32815900008245,manual
1767947295517,Sunny,Day,0.08680555555555555,100.0,-15.0,26.31790300006287,manual
1767947295549,Sunny,Day,0.08346354166666667,100.0,-17.0,25.574543999937305,manual
1767947295578,Sunny,Day,0.0822482638888889,100.0,37.0,22.181520999993154,manual
1767947295610,Sunny,Day,0.07881944444444444,100.0,34.0,25.281530000029306,manual
1767947295641,Sunny,Day,0.08038194444444445,100.0,33.0,25.456489999896803,manual
1767947295676,Sunny,Day,0.0798611111111111,100.0,33.0,29.31528400017669,manual
1767947295705,Sunny,Day,0.079296875,100.0,32.0,23.092766999980086,manual
1767947295738,Sunny,Day,0.07994791666666666,100.0,31.0,27.65782799997396,manual
1767947295769,Sunny,Day,0.08051215277777778,100.0,30.0,24.900294999952166,manual
1767947295798,Sunny,Day,0.08168402777777778,100.0,30.0,20.48984200018822,manual
1767947295830,Sunny,Day,0.0822482638888889,100.0,30.0,26.67699099993115,manual
1767947295870,Sunny,Day,0.08328993055555556,100.0,29.0,3.632111999877452,auto
1767947295898,Sunny,Day,0.08328993055555556,100.0,-12.0,2.0889130000796285,auto
1767947295923,Sunny,Day,0.08446180555555556,100.0,-13.0,3.4355599998434627,auto
1767947295953,Sunny,Day,0.087109375,100.0,-17.0,13.29976500005614,auto
1767947295984,Sunny,Day,0.08862847222222223,100.0,-21.0,16.97469100008675,auto
1767947296015,Sunny,Day,0.08815104166666667,100.0,-21.0,17.53879400007463,auto
1767947296047,Sunny,Day,0.09010416666666667,100.0,-20.0,17.31866699992679,auto
1767947296078,Sunny,Day,0.0900607638888889,100.0,-17.0,17.644235999796365,auto
1767947296111,Sunny,Day,0.09014756944444445,100.0,-13.0,19.639947999849028,auto
1767947296141,Sunny,Day,0.09075520833333334,100.0,-38.0,9.601041999985682,auto
1767947296172,Sunny,Day,0.088671875,100.0,-35.0,17.30303800013644,auto
1767947296204,Sunny,Day,0.089453125,100.0,-31.0,8.753888000001098,auto
1767947296236,Sunny,Day,0.09214409722222222,100.0,-27.0,18.746534999991127,auto
1767947296267,Sunny,Day,0.09166666666666666,100.0,-23.0,16.14064800014603,auto
1767947296298,Sunny,Day,0.09049479166666667,100.0,-19.0,12.461795000035636,auto
1767947296329,Sunny,Day,0.0876736111111111,100.0,-15.0,9.46619199999077,auto
1767947296361,Sunny,Day,0.08046875,100.0,-10.0,7.295669000086491,auto
1767947296394,Sunny,Day,0.07925347222222222,100.0,-8.0,14.136622000023635,auto
1767947296424,Sunny,Day,0.0779079861111111,100.0,-5.0,15.10655299989594,auto
1767947296456,Sunny,Day,0.07934027777777777,100.0,-3.0,18.716609999955836,auto
1767947296488,Sunny,Day,0.08090277777777778,100.0,-2.0,8.72368499994991,auto
1767947296518,Sunny,Day,0.083984375,100.0,0.0,14.873704000137877,auto
1767947296551,Sunny,Day,0.08546006944444444,100.0,1.0,19.773408999981257,auto
1767947296580,Sunny,Day,0.08741319444444444,100.0,-1.0,14.928333000170824,auto
1767947296612,Sunny,Day,0.08910590277777777,100.0,1.0,10.522953999952733,auto
1767947296643,Sunny,Day,0.09184027777777778,100.0,-1.0,17.758790000016234,auto
1767947296676,Sunny,Day,0.09231770833333333,100.0,0.0,18.563666999853012,auto
1767947296706,Sunny,Day,0.09357638888888889,100.0,-1.0,15.959076999934041,auto
1767947296737,Sunny,Day,0.09483506944444445,100.0,-1.0,17.661125000131506,auto
1767947296769,Sunny,Day,0.09678819444444445,100.0,0.0,10.417973999892638,auto
1767947296802,Sunny,Day,0.09700520833333333,100.0,0.0,11.992747000022064,auto
1767947296831,Sunny,Day,0.09943576388888889,100.0,-1.0,15.169366000009177,auto
1767947296863,Sunny,Day,0.09930555555555555,100.0,0.0,17.77464199994938,auto
1767947296895,Sunny,Day,0.1037326388888889,100.0,-1.0,17.708533000131865,auto
1767947296926,Sunny,Day,0.10594618055555556,100.0,-1.0,16.735768999978973,auto
1767947296958,Sunny,Day,0.10963541666666667,100.0,-1.0,18.502687000136575,auto
1767947296989,Sunny,Day,0.11089409722222222,100.0,-1.0,16.5668640001968,auto
1767947297020,Sunny,Day,0.11436631944444445,100.0,-1.0,17.4991090000276,auto
1767947297051,Sunny,Day,0.11605902777777778,100.0,0.0,16.94841399989855,auto
1767947297083,Sunny,Day,0.11640625,100.0,0.0,17.970343000115463,auto
1767947297115,Sunny,Day,0.11749131944444445,100.0,1.0,17.855696999959036,auto
1767947297146,Sunny,Day,0.11844618055555556,100.0,1.0,16.69638099997428,auto
1767947297177,Sunny,Day,0.1189236111111111,100.0,1.0,17.715494999947623,auto
1767947297208,Sunny,Day,0.11870659722222222,100.0,1.0,7.968732999870554,auto
1767947297240,Sunny,Day,0.11940104166666667,100.0,1.0,17.587756000011723,auto
1767947297274,Sunny,Day,0.11866319444444444,100.0,1.0,20.81639399989399,auto
1767947297303,Sunny,Day,0.11957465277777778,100.0,0.0,14.909629999920071,auto
1767947297334,Sunny,Day,0.11944444444444445,100.0,0.0,18.13052600004994,auto
1767947297365,Sunny,Day,0.11940104166666667,100.0,0.0,17.668051999862655,auto
1767947297398,Sunny,Day,0.11879340277777778,100.0,0.0,18.98340200000348,auto
1767947297428,Sunny,Day,0.1193576388888889,100.0,0.0,16.95774699987851,auto
1767947297460,Sunny,Day,0.11948784722222222,100.0,0.0,18.760313000029782,auto
1767947297491,Sunny,Day,0.11879340277777778,100.0,0.0,8.605501000147342,auto
1767947297523,Sunny,Day,0.11966145833333333,100.0,0.0,10.337086000163254,auto
1767947297554,Sunny,Day,0.12018229166666666,100.0,-1.0,17.9736759998832,auto
1767947297586,Sunny,Day,0.12039930555555556,100.0,0.0,17.51675700006672,auto
1767947297618,Sunny,Day,0.12057291666666667,100.0,0.0,19.09282599990547,auto
1767947297648,Sunny,Day,0.12048611111111111,100.0,0.0,8.65035199990416,auto
1767947297679,Sunny,Day,0.12013888888888889,100.0,-1.0,17.477720999977464,auto
1767947297711,Sunny,Day,0.12018229166666666,100.0,-1.0,16.55195700004697,auto
1767947297742,Sunny,Day,0.11961805555555556,100.0,-1.0,17.57531199996265,auto
1767947297775,Sunny,Day,0.11788194444444444,100.0,-1.0,18.674832999977298,auto
1767947297805,Sunny,Day,0.11875,100.0,-1.0,6.183796999948754,auto
1767947297837,Sunny,Day,0.11896701388888889,100.0,-2.0,17.634162000149445,auto
1767947297868,Sunny,Day,0.11666666666666667,100.0,-2.0,17.14520700011235,auto
1767947297899,Sunny,Day,0.11484375,100.0,-3.0,17.98704600014389,auto
1767947297932,Sunny,Day,0.11102430555555555,100.0,-2.0,19.35771100011152,auto
1767947297962,Sunny,Day,0.106640625,100.0,-2.0,10.581472000012582,auto
1767947297993,Sunny,Day,0.10286458333333333,100.0,-2.0,14.81127900001411,auto
1767947298025,Sunny,Day,0.09895833333333333,100.0,-2.0,12.3179639999762,auto
1767947298056,Sunny,Day,0.0954861111111111,100.0,-2.0,12.718125999981567,auto
1767947298088,Sunny,Day,0.09561631944444444,100.0,-2.0,18.150950999825,auto
1767947298119,Sunny,Day,0.09661458333333334,100.0,-3.0,17.51784999987649,auto
1767947298150,Sunny,Day,0.09756944444444444,100.0,-2.0,17.98752899981082,auto
1767947298182,Sunny,Day,0.09852430555555555,100.0,-3.0,17.328407999912088,auto
1767947298213,Sunny,Day,0.09986979166666667,100.0,-2.0,10.978410000006988,auto
1767947298245,Sunny,Day,0.10108506944444444,100.0,-3.0,10.649489999877915,auto
1767947298276,Sunny,Day,0.1037326388888889,100.0,-3.0,17.40073999985725,auto
1767947298309,Sunny,Day,0.10533854166666666,100.0,-2.0,18.78316400006952,auto
1767947298339,Sunny,Day,0.10629340277777778,100.0,-3.0,16.363514999966355,auto
1767947298371,Sunny,Day,0.10776909722222222,100.0,-2.0,19.37100800000735,auto
1767947298404,Sunny,Day,0.10907118055555555,100.0,-2.0,18.443058000002566,auto
1767947298435,Sunny,Day,0.10928819444444444,100.0,-2.0,17.742328000167618,auto
1767947298464,Sunny,Day,0.10902777777777778,100.0,-2.0,15.161422000119273,auto
1767947298496,Sunny,Day,0.11158854166666667,100.0,-2.0,17.976676999978736,auto
1767947298527,Sunny,Day,0.11245659722222222,100.0,-2.0,7.7453110000078595,auto
1767947298559,Sunny,Day,0.113671875,100.0,-2.0,8.308395000085511,auto
1767947298592,Sunny,Day,0.11276041666666667,100.0,-2.0,15.118866999955571,auto
1767947298622,Sunny,Day,0.11276041666666667,100.0,-2.0,15.47036199985996,auto
1767947298654,Sunny,Day,0.11124131944444444,100.0,-2.0,6.01850199996079,auto
1767947298684,Sunny,Day,0.11115451388888889,100.0,-2.0,16.312793999986752,auto
1767947298716,Sunny,Day,0.111328125,100.0,-1.0,10.955670000157625,auto
1767947298747,Sunny,Day,0.11024305555555555,100.0,-1.0,17.267909999873154,auto
1767947298778,Sunny,Day,0.109765625,100.0,-1.0,17.949362000081237,auto
1767947298810,Sunny,Day,0.10954861111111111,100.0,-1.0,17.94328799996947,auto
1767947298841,Sunny,Day,0.108203125,100.0,-1.0,18.186636999871553,auto
1767947298872,Sunny,Day,0.10833333333333334,100.0,-1.0,17.079392999903575,auto
1767947298905,Sunny,Day,0.10954861111111111,100.0,-1.0,11.644030000070416,auto
1767947298936,Sunny,Day,0.11141493055555556,100.0,-1.0,14.038753000022552,auto
1767947298967,Sunny,Day,0.11202256944444444,100.0,-1.0,6.414460000087274,auto
1767947298998,Sunny,Day,0.11323784722222222,100.0,0.0,17.549719000044206,auto
1767947299030,Sunny,Day,0.11440972222222222,100.0,0.0,14.067828000179361,auto
1767947299061,Sunny,Day,0.11514756944444444,100.0,0.0,7.474813999806429,auto
1767947299092,Sunny,Day,0.11558159722222222,100.0,-1.0,11.404070000025968,auto
1767947299124,Sunny,Day,0.11627604166666666,100.0,-1.0,6.942933999880552,auto
1767947299155,Sunny,Day,0.11588541666666667,100.0,-1.0,9.960556000123688,auto
1767947299187,Sunny,Day,0.116015625,100.0,-1.0,9.520709999833343,auto
1767947299220,Sunny,Day,0.11571180555555556,100.0,-1.0,13.269782999941526,auto
1767947299251,Sunny,Day,0.11701388888888889,100.0,0.0,18.061749000025884,auto
1767947299281,Sunny,Day,0.11727430555555556,100.0,0.0,8.861275000072055,auto
1767947299315,Sunny,Day,0.11796875,100.0,0.0,12.407519000134926,auto
1767947299343,Sunny,Day,0.11744791666666667,100.0,0.0,6.909452999934729,auto
1767947299375,Sunny,Day,0.11770833333333333,100.0,0.0,9.58480100007364,auto
1767947299408,Sunny,Day,0.116796875,100.0,0.0,13.184581999894363,auto
1767947299438,Sunny,Day,0.11671006944444444,100.0,0.0,9.477414000002682,auto
1767947299469,Sunny,Day,0.11519097222222222,100.0,-1.0,10.179608000044027,auto
1767947299502,Sunny,Day,0.11549479166666667,100.0,-1.0,18.723869000041304,auto
1767947299534,Sunny,Day,0.11475694444444444,100.0,0.0,17.99476900009722,auto
1767947299564,Sunny,Day,0.11354166666666667,100.0,-1.0,15.912614000171743,auto
1767947299595,Sunny,Day,0.11336805555555556,100.0,-1.0,16.448569999965912,auto
1767947299628,Sunny,Day,0.1130642361111111,100.0,-1.0,19.944406000149684,auto
1767947299659,Sunny,Day,0.1125,100.0,-1.0,11.728288999847791,auto
1767947299689,Sunny,Day,0.112109375,100.0,-1.0,14.36198900000818,auto
1767947299724,Sunny,Day,0.11067708333333333,100.0,0.0,21.41240299988567,auto
1767947299752,Sunny,Day,0.10985243055555556,100.0,-1.0,13.399299999946379,auto
1767947299783,Sunny,Day,0.10928819444444444,100.0,-1.0,6.300646999989112,auto
1767947299814,Sunny,Day,0.10842013888888889,100.0,0.0,10.501529000066512,auto
1767947299846,Sunny,Day,0.10772569444444445,100.0,0.0,16.921007000064492,auto
1767947299878,Sunny,Day,0.10881076388888888,100.0,0.0,16.435847999900943,auto
1767947299909,Sunny,Day,0.10755208333333334,100.0,0.0,17.051134999974238,auto
1767947299942,Sunny,Day,0.1078125,100.0,0.0,20.216809999965335,auto
1767947299972,Sunny,Day,0.10690104166666667,100.0,-1.0,8.650723000073413,auto
1767947300005,Sunny,Day,0.107421875,100.0,-1.0,19.438598999840906,auto
1767947300034,Sunny,Day,0.105859375,100.0,-1.0,14.795427000080963,auto
1767947300066,Sunny,Day,0.10620659722222223,100.0,-1.0,16.75695399990218,auto
1767947300098,Sunny,Day,0.10633680555555555,100.0,-1.0,17.744327999935194,auto
1767947300129,Sunny,Day,0.10694444444444444,100.0,-1.0,7.321687000057864,auto
1767947300161,Sunny,Day,0.1076388888888889,100.0,0.0,9.733189000144193,auto
1767947300195,Sunny,Day,0.10933159722222222,100.0,0.0,9.44208200007779,auto
1767947300223,Sunny,Day,0.11032986111111111,100.0,0.0,8.461892000013904,auto
1767947300255,Sunny,Day,0.1111111111111111,100.0,0.0,17.07807900015723,auto
1767947300286,Sunny,Day,0.11236979166666666,100.0,0.0,16.20014800005265,auto
1767947300317,Sunny,Day,0.1130642361111111,100.0,0.0,17.19163200004914,auto
1767947300348,Sunny,Day,0.11393229166666667,100.0,0.0,17.885233000015432,auto
1767947300383,Sunny,Day,0.11453993055555556,100.0,0.0,21.327886000108265,auto
1767947300411,Sunny,Day,0.11597222222222223,100.0,0.0,13.649278000002596,auto
1767947300443,Sunny,Day,0.11701388888888889,100.0,-1.0,18.196488000057798,auto
1767947300474,Sunny,Day,0.11770833333333333,100.0,0.0,17.62979200020709,auto
1767947300506,Sunny,Day,0.11883680555555555,100.0,-1.0,18.125582000038776,auto
1767947300539,Sunny,Day,0.12022569444444445,100.0,0.0,19.475617000125567,auto
1767947300568,Sunny,Day,0.12200520833333334,100.0,-1.0,10.848448999922766,auto
1767947300600,Sunny,Day,0.122265625,100.0,0.0,16.6696779999711,auto
1767947300631,Sunny,Day,0.12369791666666667,100.0,0.0,17.892955999968763,auto
1767947300667,Sunny,Day,0.12465277777777778,100.0,-13.0,22.20920600007048,auto
1767947300695,Sunny,Day,0.12456597222222222,100.0,-13.0,11.235924999937197,auto
1767947300725,Sunny,Day,0.12491319444444444,100.0,-13.0,15.737339999986943,auto
1767947300757,Sunny,Day,0.125,100.0,-13.0,18.062786999962555,auto
1767947300788,Sunny,Day,0.12647569444444445,100.0,-12.0,18.270728000061354,auto
1767947300819,Sunny,Day,0.1295138888888889,100.0,-10.0,17.354129999830548,auto
1767947300853,Sunny,Day,0.12921006944444444,100.0,-8.0,19.50439400002324,auto
1767947300885,Sunny,Day,0.1312934027777778,100.0,-7.0,17.7207910001016,auto
1767947300916,Sunny,Day,0.13059895833333332,100.0,-6.0,14.330398000083733,auto
1767947300947,Sunny,Day,0.13151041666666666,100.0,-4.0,14.800186999991638,auto
1767947300981,Sunny,Day,0.13172743055555555,100.0,-4.0,17.632904000038252,auto
1767947301008,Sunny,Day,0.13125,100.0,-3.0,12.079949000053603,auto
1767947301040,Sunny,Day,0.13224826388888888,100.0,-2.0,18.796942000108174,auto
1767947301075,Sunny,Day,0.13059895833333332,100.0,-2.0,20.763171999988117,auto
1767947301104,Sunny,Day,0.12994791666666666,100.0,-1.0,14.712503000055221,auto
1767947301133,Sunny,Day,0.13142361111111112,100.0,-1.0,15.110089000017979,auto
1767947301168,Sunny,Day,0.13012152777777777,100.0,0.0,19.989647000102195,auto
1767947301196,Sunny,Day,0.13098958333333333,100.0,0.0,8.020454999950744,auto
1767947301230,Sunny,Day,0.12981770833333334,100.0,0.0,20.274142000062056,auto
1767947301259,Sunny,Day,0.13020833333333334,100.0,0.0,14.10578899981374,auto
1767947301292,Sunny,Day,0.13012152777777777,100.0,1.0,19.371266999996806,auto
1767947301322,Sunny,Day,0.1295138888888889,100.0,0.0,14.890277999938917,auto
1767947301354,Sunny,Day,0.1290798611111111,100.0,1.0,18.024378999825785,auto
1767947301384,Sunny,Day,0.12842881944444445,100.0,1.0,10.791099000016402,auto
1767947301416,Sunny,Day,0.12825520833333334,100.0,1.0,11.021464999885211,auto
1767947301447,Sunny,Day,0.1265190972222222,100.0,1.0,18.14693400001488,auto
1767947301480,Sunny,Day,0.12764756944444444,100.0,2.0,18.61727899995458,auto
1767947301512,Sunny,Day,0.1263454861111111,100.0,2.0,18.268969000018842,auto
1767947301541,Sunny,Day,0.12595486111111112,100.0,2.0,14.92435199997999,auto
1767947301573,Sunny,Day,0.125390625,100.0,2.0,17.008375999921554,auto
1767947301605,Sunny,Day,0.125,100.0,3.0,9.077568000066094,auto
1767947301636,Sunny,Day,0.12608506944444445,100.0,3.0,16.731306000110635,auto
1767947301667,Sunny,Day,0.126171875,100.0,3.0,6.630530999927942,auto
1767947301699,Sunny,Day,0.12395833333333334,100.0,3.0,7.50129600010041,auto
1767947301730,Sunny,Day,0.12356770833333333,100.0,4.0,7.937640999898576,auto
1767947301761,Sunny,Day,0.12269965277777778,100.0,4.0,12.664533999895866,auto
1767947301793,Sunny,Day,0.12222222222222222,100.0,4.0,17.05435700000635,auto
1767947301827,Sunny,Day,0.12078993055555555,100.0,4.0,18.0378610000389,auto
1767947301856,Sunny,Day,0.1193576388888889,100.0,4.0,15.543861000196557,auto
1767947301887,Sunny,Day,0.118359375,100.0,4.0,17.520758000046044,auto
1767947301919,Sunny,Day,0.11809895833333334,100.0,4.0,18.6116109998693,auto
1767947301950,Sunny,Day,0.11618923611111111,100.0,4.0,14.885001000038756,auto
1767947301983,Sunny,Day,0.11553819444444445,100.0,4.0,18.831126999884873,auto
1767947302015,Sunny,Day,0.11453993055555556,100.0,4.0,11.865193999938128,auto
1767947302044,Sunny,Day,0.11410590277777778,100.0,4.0,8.896979000155625,auto
1767947302078,Sunny,Day,0.11323784722222222,100.0,4.0,13.43552200000886,auto
1767947302107,Sunny,Day,0.11228298611111111,100.0,4.0,10.531490999937887,auto
1767947302139,Sunny,Day,0.10967881944444445,100.0,4.0,7.224299999961659,auto
1767947302170,Sunny,Day,0.10989583333333333,100.0,4.0,17.870586000071853,auto
1767947302201,Sunny,Day,0.10828993055555555,100.0,4.0,7.995676999826173,auto
1767947302232,Sunny,Day,0.106640625,100.0,4.0,9.983146999957171,auto
1767947302264,Sunny,Day,0.10360243055555556,100.0,-68.0,14.485487999991165,auto
1767947302297,Sunny,Day,0.10082465277777777,100.0,-68.0,16.231738999977097,auto
1767947302328,Sunny,Day,0.10086805555555556,100.0,-68.0,16.748231999827112,auto
1767947302358,Sunny,Day,0.09683159722222222,100.0,-67.0,14.517154000031951,auto
1767947302393,Sunny,Day,0.103515625,100.0,-65.0,12.217540000165172,auto
1767947302422,Sunny,Day,0.1140625,100.0,-63.0,6.313369000054081,auto
1767947302453,Sunny,Day,0.13767361111111112,100.0,-59.0,17.561311999997997,auto
1767947302486,Sunny,Day,0.1521267361111111,100.0,-56.0,12.000709999938408,auto
1767947302515,Sunny,Day,0.1677951388888889,100.0,-53.0,7.931863000067096,auto
1767947302547,Sunny,Day,0.18671875,100.0,-50.0,8.244211000146606,auto
1767947302578,Sunny,Day,0.19917534722222222,100.0,-48.0,10.136348999822076,auto
1767947302610,Sunny,Day,0.2150607638888889,100.0,-46.0,13.228173000015886,auto
1767947302642,Sunny,Day,0.22756076388888888,100.0,-43.0,6.52818000003208,auto
1767947302672,Sunny,Day,0.2447482638888889,100.0,-41.0,7.853087000057712,auto
1767947302704,Sunny,Day,0.262109375,100.0,-38.0,9.673800999962623,auto
1767947302739,Sunny,Day,0.28389756944444444,100.0,-54.0,7.066450000138502,auto
1767947302766,Sunny,Day,0.3083767361111111,100.0,-47.0,6.566679999878033,auto
1767947302799,Sunny,Day,0.3274739583333333,100.0,-41.0,18.42157800001587,auto
1767947302829,Sunny,Day,0.3532986111111111,100.0,-34.0,9.083698000040386,auto
1767947302861,Sunny,Day,0.3865017361111111,100.0,-27.0,13.026158000002397,auto
1767947302892,Sunny,Day,0.4035590277777778,100.0,-21.0,17.200021000007837,auto
1767947302925,Sunny,Day,0.42291666666666666,100.0,-14.0,19.818260999954873,auto
1767947302956,Sunny,Day,0.44891493055555554,100.0,-6.0,15.78502400002435,auto
1767947302986,Sunny,Day,0.4661892361111111,100.0,-2.0,14.46459900012087,auto
1767947303022,Sunny,Day,0.49635416666666665,100.0,6.0,13.40672700007417,auto
1767947303050,Sunny,Day,0.51015625,100.0,9.0,23.38865199999418,manual
1767947303082,Sunny,Day,0.5186197916666667,100.0,9.0,26.74986099987109,manual
1767947303112,Sunny,Day,0.5275173611111111,100.0,6.0,25.092478000033225,manual
1767947303145,Sunny,Day,0.5247395833333334,100.0,6.0,28.428114000007554,manual
1767947303175,Sunny,Day,0.5282986111111111,100.0,10.0,24.38789600000746,manual
1767947303209,Sunny,Day,0.5129774305555556,100.0,7.0,28.909032999990814,manual
1767947303237,Sunny,Day,0.5190538194444444,100.0,5.0,24.65985499998169,manual
1767947303269,Sunny,Day,0.5153645833333333,100.0,6.0,26.043352999977287,manual
1767947303300,Sunny,Day,0.5168836805555556,100.0,7.0,26.590697000074215,manual
1767947303331,Sunny,Day,0.4955295138888889,100.0,3.0,26.137313999925027,manual
1767947303363,Sunny,Day,0.4716579861111111,100.0,,27.035374999968553,manual
1767947303395,Sunny,Day,0.4778645833333333,100.0,9.0,26.69465899998613,manual
1767947303426,Sunny,Day,0.4732204861111111,100.0,-4.0,25.39591799995833,manual
1767947303458,Sunny,Day,0.4619357638888889,100.0,-1.0,27.52068299992061,manual
1767947303488,Sunny,Day,0.431640625,100.0,,26.19105500002661,manual
1767947303520,Sunny,Day,0.42899305555555556,100.0,,26.946264999878622,manual
1767947303552,Sunny,Day,0.4245659722222222,100.0,,27.561738000031255,manual
1767947303583,Sunny,Day,0.41779513888888886,100.0,-23.0,21.000317000016366,manual
1767947303614,Sunny,Day,0.43441840277777777,100.0,-29.0,26.18275800000447,manual
1767947303648,Sunny,Day,0.41974826388888886,100.0,-33.0,28.2022839999172,manual
1767947303677,Sunny,Day,0.42096354166666666,100.0,-33.0,23.7030920000052,manual
1767947303708,Sunny,Day,0.4178385416666667,100.0,-37.0,26.728991000027236,manual
1767947303740,Sunny,Day,0.42083333333333334,100.0,15.0,26.53036400010933,manual
1767947303772,Sunny,Day,0.3935329861111111,100.0,-32.0,27.77142000013555,manual
1767947303802,Sunny,Day,0.38919270833333336,100.0,-34.0,25.315993000049275,manual
1767947303834,Sunny,Day,0.3918402777777778,100.0,-34.0,26.791731000002983,manual
1767947303865,Sunny,Day,0.39657118055555557,100.0,-6.0,27.10766999985026,manual
1767947303896,Sunny,Day,0.3865017361111111,100.0,-10.0,26.689454999996087,manual
1767947303928,Sunny,Day,0.3825954861111111,100.0,2.0,27.26483499986898,manual
1767947303960,Sunny,Day,0.37960069444444444,100.0,-30.0,27.14226300008704,manual
1767947303990,Sunny,Day,0.3802083333333333,100.0,-30.0,25.827559999925143,manual
1767947304022,Sunny,Day,0.3829427083333333,100.0,-31.0,22.622477999902912,manual
1767947304054,Sunny,Day,0.37452256944444445,100.0,-32.0,26.641899000196645,manual
1767947304085,Sunny,Day,0.36714409722222224,100.0,-35.0,26.405773999840676,manual
1767947304116,Sunny,Day,0.3650173611111111,100.0,-36.0,26.61654799999269,manual
1767947304148,Sunny,Day,0.3609809027777778,100.0,-37.0,27.39751800004342,manual
1767947304179,Sunny,Day,0.353515625,100.0,-39.0,25.949280000077124,manual
1767947304211,Sunny,Day,0.3475260416666667,100.0,-41.0,26.715251000041462,manual
1767947304242,Sunny,Day,0.3375,100.0,-43.0,26.3303309998264,manual
1767947304274,Sunny,Day,0.32178819444444445,100.0,-46.0,27.275982999981352,manual
1767947304305,Sunny,Day,0.3138888888888889,100.0,-48.0,23.183692000202427,manual
1767947304336,Sunny,Day,0.3153211805555556,100.0,-49.0,26.42608799988011,manual
1767947304371,Sunny,Day,0.31241319444444443,100.0,-50.0,28.742942999997467,manual
1767947304399,Sunny,Day,0.30633680555555554,100.0,-52.0,21.7287689999921,manual
1767947304430,Sunny,Day,0.29865451388888886,100.0,-54.0,27.052837999917756,manual
1767947304463,Sunny,Day,0.2935329861111111,100.0,-55.0,27.388870000095267,manual
1767947304493,Sunny,Day,0.28446180555555556,100.0,-57.0,24.957888000017192,manual
1767947304525,Sunny,Day,0.27608506944444444,100.0,-59.0,26.915692000102354,manual
1767947304556,Sunny,Day,0.2730034722222222,100.0,-61.0,26.482162000093012,manual
1767947304587,Sunny,Day,0.2590277777777778,100.0,-42.0,26.019315999974424,manual
1767947304619,Sunny,Day,0.24518229166666666,100.0,-44.0,26.838879000024463,manual
1767947304652,Sunny,Day,0.2424045138888889,100.0,-45.0,28.736980000076073,manual
1767947304682,Sunny,Day,0.23940972222222223,100.0,-46.0,21.76023099991653,manual
1767947304713,Sunny,Day,0.23307291666666666,100.0,-46.0,26.82848999984344,manual
1767947304747,Sunny,Day,0.221875,100.0,-47.0,29.540042000007816,manual
1767947304779,Sunny,Day,0.22178819444444445,100.0,-48.0,26.92395100007161,manual
1767947304808,Sunny,Day,0.20559895833333333,100.0,-49.0,22.300946000086697,manual
1767947304839,Sunny,Day,0.20616319444444445,100.0,-50.0,26.572974999908183,manual
1767947304873,Sunny,Day,0.20347222222222222,100.0,-50.0,29.2791379999926,manual
1767947304902,Sunny,Day,0.20026041666666666,100.0,-51.0,20.37102999997842,manual
1767947304933,Sunny,Day,0.19214409722222223,100.0,-52.0,26.542864000020927,manual
1767947304965,Sunny,Day,0.18871527777777777,100.0,-52.0,27.16848399995797,manual
1767947304997,Sunny,Day,0.18667534722222223,100.0,-53.0,27.932046999922022,manual
1767947305027,Sunny,Day,0.1814236111111111,100.0,-53.0,25.43608399992081,manual
1767947305059,Sunny,Day,0.17860243055555555,100.0,-54.0,26.82191500002773,manual
1767947305090,Sunny,Day,0.17456597222222223,100.0,-54.0,26.85135999990962,manual
1767947305121,Sunny,Day,0.16909722222222223,100.0,-55.0,26.736768999853666,manual
1767947305155,Sunny,Day,0.16571180555555556,100.0,-56.0,27.051115999938702,manual
1767947305189,Sunny,Day,0.16215277777777778,100.0,-56.0,28.531481999834796,manual
1767947305216,Sunny,Day,0.15789930555555556,100.0,-57.0,21.57316000011633,manual
1767947305247,Sunny,Day,0.1545138888888889,100.0,-57.0,26.87295200007611,manual
1767947305282,Sunny,Day,0.15108506944444444,100.0,-58.0,29.591190000019196,manual
1767947305310,Sunny,Day,0.1480034722222222,100.0,-58.0,22.88714099995559,manual
1767947305341,Sunny,Day,0.144921875,100.0,-59.0,26.749583000082566,manual
1767947305372,Sunny,Day,0.14201388888888888,100.0,-59.0,26.164926000092237,manual
1767947305404,Sunny,Day,0.13914930555555555,100.0,-60.0,27.186892000145235,manual
1767947305435,Sunny,Day,0.13645833333333332,100.0,-60.0,26.368348000005426,manual
1767947305468,Sunny,Day,0.1332465277777778,100.0,-61.0,27.210835000005318,manual
1767947305499,Sunny,Day,0.12964409722222223,100.0,-61.0,26.998172000048726,manual
1767947305530,Sunny,Day,0.12443576388888888,100.0,-62.0,25.858078000055684,manual
1767947305562,Sunny,Day,0.11922743055555556,100.0,-63.0,27.92973200007509,manual
1767947305595,Sunny,Day,0.11536458333333334,100.0,-64.0,27.35955599996487,manual
1767947305624,Sunny,Day,0.11236979166666666,100.0,-65.0,23.65523999992547,manual
1767947305655,Sunny,Day,0.10963541666666667,100.0,-66.0,25.724876999902335,manual
1767947305687,Sunny,Day,0.10655381944444445,100.0,-67.0,26.828785999896354,manual
1767947305720,Sunny,Day,0.10538194444444444,100.0,-67.0,28.46061400009603,manual
1767947305749,Sunny,Day,0.10425347222222223,100.0,-68.0,24.99612800011164,manual
1767947305782,Sunny,Day,0.10442708333333334,100.0,1.0,27.854697000066153,manual
1767947305812,Sunny,Day,0.10616319444444444,100.0,0.0,25.41177000011885,manual
1767947305844,Sunny,Day,0.10711805555555555,100.0,-1.0,26.63030799999433,manual
1767947305876,Sunny,Day,0.10811631944444444,100.0,-2.0,26.98911700008466,manual
1767947305906,Sunny,Day,0.1078125,100.0,19.0,24.678391999941596,manual
1767947305938,Sunny,Day,0.10885416666666667,100.0,17.0,25.449955000112823,manual
1767947305970,Sunny,Day,0.10993923611111112,100.0,14.0,27.327427000045645,manual
1767947306006,Sunny,Day,0.110546875,100.0,12.0,30.99591000000146,manual
1767947306035,Sunny,Day,0.11019965277777778,100.0,10.0,22.405926000146792,manual
1767947306066,Sunny,Day,0.10911458333333333,100.0,8.0,25.896133000060217,manual
1767947306098,Sunny,Day,0.10768229166666667,100.0,6.0,26.451606999899013,manual
1767947306129,Sunny,Day,0.10772569444444445,100.0,4.0,25.08184899988919,manual
1767947306162,Sunny,Day,0.10546875,100.0,3.0,27.009265000060623,manual
1767947306192,Sunny,Day,0.10494791666666667,100.0,2.0,22.639458999947237,manual
1767947306224,Sunny,Day,0.10247395833333334,100.0,1.0,26.767343000074106,manual
1767947306255,Sunny,Day,0.10260416666666666,100.0,0.0,23.49842900002841,manual
1767947306287,Sunny,Day,0.10234375,100.0,-1.0,27.091579000170896,manual
1767947306325,Sunny,Day,0.10164930555555556,100.0,-2.0,4.12723499994172,auto
1767947306358,Sunny,Day,0.103515625,100.0,-4.0,3.3285609999893495,auto
1767947306387,Sunny,Day,0.10043402777777778,100.0,-6.0,8.598946000120122,auto
1767947306411,Sunny,Day,0.10060763888888889,100.0,-6.0,6.204704000083439,auto
1767947306440,Sunny,Day,0.10065104166666666,100.0,-6.0,15.53345399997852,auto
1767947306474,Sunny,Day,0.10026041666666667,100.0,-6.0,19.961757999908514,auto
1767947306503,Sunny,Day,0.10056423611111111,100.0,-5.0,11.420458999964467,auto
1767947306535,Sunny,Day,0.10034722222222223,100.0,-4.0,11.480866000056267,auto
1767947306566,Sunny,Day,0.09943576388888889,100.0,-4.0,11.437514999897758,auto
1767947306597,Sunny,Day,0.10225694444444444,100.0,-3.0,12.04793199985943,auto
1767947306629,Sunny,Day,0.09995659722222222,100.0,-2.0,10.31175399998574,auto
1767947306660,Sunny,Day,0.09973958333333334,100.0,-1.0,17.342296999913742,auto
1767947306692,Sunny,Day,0.10086805555555556,100.0,0.0,18.411281999988205,auto
1767947306724,Sunny,Day,0.10043402777777778,100.0,1.0,19.25104699989788,auto
1767947306754,Sunny,Day,0.09973958333333334,100.0,1.0,15.642712000044412,auto
1767947306786,Sunny,Day,0.09973958333333334,100.0,1.0,18.51639200003774,auto
1767947306819,Sunny,Day,0.09943576388888889,100.0,2.0,7.505054999910499,auto
1767947306849,Sunny,Day,0.09978298611111111,100.0,2.0,10.159571000031065,auto
1767947306880,Sunny,Day,0.09926215277777778,100.0,2.0,17.043542999999772,auto
1767947306911,Sunny,Day,0.099609375,100.0,2.0,17.75056900009986,auto
1767947306943,Sunny,Day,0.09973958333333334,100.0,1.0,18.578445999992255,auto
1767947306974,Sunny,Day,0.09969618055555556,100.0,1.0,17.515277000029528,auto
1767947307005,Sunny,Day,0.099609375,100.0,2.0,17.869400999870777,auto
1767947307036,Sunny,Day,0.10026041666666667,100.0,2.0,18.085028000086822,auto
1767947307068,Sunny,Day,0.10017361111111112,100.0,2.0,18.18947000015214,auto
1767947307101,Sunny,Day,0.10095486111111111,100.0,2.0,19.939574000090943,auto
1767947307131,Sunny,Day,0.10099826388888888,100.0,2.0,15.428549000034764,auto
1767947307162,Sunny,Day,0.10095486111111111,100.0,2.0,18.102693999935582,auto
1767947307194,Sunny,Day,0.10121527777777778,100.0,2.0,12.661644999980126,auto
1767947307227,Sunny,Day,0.10125868055555555,100.0,2.0,19.00458799991611,auto
1767947307256,Sunny,Day,0.10125868055555555,100.0,2.0,5.238440000084665,auto
1767947307288,Sunny,Day,0.10182291666666667,100.0,2.0,9.126235000167071,auto
1767947307319,Sunny,Day,0.10151909722222222,100.0,2.0,11.562919999960286,auto
1767947307351,Sunny,Day,0.10234375,100.0,2.0,17.50142500009133,auto
1767947307382,Sunny,Day,0.10212673611111112,100.0,2.0,17.565571999966778,auto
1767947307414,Sunny,Day,0.10203993055555556,100.0,2.0,18.666629999870565,auto
1767947307445,Sunny,Day,0.10286458333333333,100.0,2.0,8.548705999828599,auto
1767947307478,Sunny,Day,0.10303819444444444,100.0,2.0,19.782223999982307,auto
1767947307507,Sunny,Day,0.10303819444444444,100.0,3.0,15.207440000040151,auto
1767947307539,Sunny,Day,0.10338541666666666,100.0,3.0,18.299394999985452,auto
1767947307570,Sunny,Day,0.10355902777777778,100.0,2.0,16.996099000152753,auto
1767947307602,Sunny,Day,0.10390625,100.0,2.0,18.109526999978698,auto
1767947307637,Sunny,Day,0.10412326388888889,100.0,2.0,21.339498000088497,auto
1767947307665,Sunny,Day,0.10447048611111111,100.0,2.0,6.41079299998637,auto
1767947307698,Sunny,Day,0.10455729166666666,100.0,2.0,20.111052999936874,auto
1767947307727,Sunny,Day,0.10442708333333334,100.0,2.0,14.545523999913712,auto
1767947307759,Sunny,Day,0.10455729166666666,100.0,2.0,12.494480999976076,auto
1767947307790,Sunny,Day,0.10473090277777777,100.0,2.0,9.416896999937308,auto
1767947307823,Sunny,Day,0.10447048611111111,100.0,2.0,11.115279000023293,auto
1767947307853,Sunny,Day,0.10481770833333333,100.0,2.0,16.62541899986536,auto
1767947307885,Sunny,Day,0.10494791666666667,100.0,3.0,12.940103999881103,auto
1767947307917,Sunny,Day,0.10516493055555555,100.0,3.0,11.28074000007473,auto
1767947307947,Sunny,Day,0.10486111111111111,100.0,2.0,6.437218999963079,auto
1767947307979,Sunny,Day,0.10533854166666666,100.0,2.0,8.578038999985438,auto
1767947308010,Sunny,Day,0.10516493055555555,100.0,2.0,11.3837749997856,auto
1767947308045,Sunny,Day,0.10529513888888889,100.0,2.0,21.689973999855283,auto
1767947308072,Sunny,Day,0.10494791666666667,100.0,2.0,12.88069799988989,auto
1767947308106,Sunny,Day,0.10516493055555555,100.0,2.0,20.530214000018532,auto
1767947308137,Sunny,Day,0.10529513888888889,100.0,3.0,15.756062000036763,auto
1767947308168,Sunny,Day,0.10546875,100.0,3.0,10.360437999906935,auto
1767947308199,Sunny,Day,0.10559895833333334,100.0,3.0,17.8394950000893,auto
1767947308232,Sunny,Day,0.10598958333333333,100.0,3.0,11.853545999883863,auto
1767947308261,Sunny,Day,0.1056857638888889,100.0,3.0,10.12568300006933,auto
1767947308292,Sunny,Day,0.10559895833333334,100.0,3.0,10.662971000101606,auto
1767947308324,Sunny,Day,0.10577256944444445,100.0,3.0,12.65332999992097,auto
1767947308355,Sunny,Day,0.10538194444444444,100.0,2.0,17.763846999969246,auto
1767947308387,Sunny,Day,0.10494791666666667,100.0,2.0,10.013888000003135,auto
1767947308418,Sunny,Day,0.10546875,100.0,2.0,17.553869000039413,auto
1767947308451,Sunny,Day,0.10516493055555555,100.0,2.0,11.885600999903545,auto
1767947308481,Sunny,Day,0.1052517361111111,100.0,2.0,6.291388000136067,auto
1767947308512,Sunny,Day,0.10577256944444445,100.0,2.0,17.670441000063875,auto
1767947308546,Sunny,Day,0.10555555555555556,100.0,2.0,20.11401599997953,auto
1767947308577,Sunny,Day,0.105859375,100.0,2.0,17.079061000004003,auto
1767947308606,Sunny,Day,0.10538194444444444,100.0,2.0,10.055295000029218,auto
1767947308638,Sunny,Day,0.1056857638888889,100.0,2.0,17.818271999885837,auto
1767947308670,Sunny,Day,0.10555555555555556,100.0,2.0,18.556742999862763,auto
1767947308701,Sunny,Day,0.105859375,100.0,2.0,15.45628899998519,auto
1767947308732,Sunny,Day,0.10625,100.0,2.0,17.4755359998926,auto
1767947308764,Sunny,Day,0.10607638888888889,100.0,2.0,9.00612500004172,auto
1767947308795,Sunny,Day,0.10598958333333333,100.0,2.0,17.317965000074764,auto
1767947308828,Sunny,Day,0.10598958333333333,100.0,1.0,19.704892999925505,auto
1767947308860,Sunny,Day,0.10594618055555556,100.0,1.0,17.583887000000686,auto
1767947308889,Sunny,Day,0.10603298611111112,100.0,1.0,9.153715999900669,auto
1767947308920,Sunny,Day,0.10651041666666666,100.0,1.0,18.149100999835355,auto
1767947308952,Sunny,Day,0.10642361111111111,100.0,1.0,16.74763999994866,auto
1767947308985,Sunny,Day,0.10668402777777777,100.0,1.0,18.438726000113093,auto
1767947309015,Sunny,Day,0.10681423611111111,100.0,1.0,9.574745999998413,auto
1767947309046,Sunny,Day,0.10677083333333333,100.0,2.0,17.732643000044845,auto
1767947309078,Sunny,Day,0.107421875,100.0,2.0,14.514284000142652,auto
1767947309109,Sunny,Day,0.10746527777777778,100.0,2.0,16.682697000078406,auto
1767947309142,Sunny,Day,0.10776909722222222,100.0,2.0,19.55278300010832,auto
1767947309172,Sunny,Day,0.10729166666666666,100.0,2.0,15.483121999977811,auto
1767947309203,Sunny,Day,0.10776909722222222,100.0,2.0,9.002440000131173,auto
1767947309235,Sunny,Day,0.10755208333333334,100.0,2.0,11.772009999958755,auto
1767947309270,Sunny,Day,0.10789930555555556,100.0,2.0,17.10774599996512,auto
1767947309298,Sunny,Day,0.10798611111111112,100.0,2.0,12.238244000172926,auto
1767947309331,Sunny,Day,0.10798611111111112,100.0,2.0,20.338141999900472,auto
1767947309360,Sunny,Day,0.10768229166666667,100.0,2.0,14.148809000062101,auto
1767947309392,Sunny,Day,0.10815972222222223,100.0,2.0,10.96968799993192,auto
1767947309423,Sunny,Day,0.10828993055555555,100.0,2.0,11.286221000091246,auto
1767947309456,Sunny,Day,0.10815972222222223,100.0,3.0,19.378027000129805,auto
1767947309486,Sunny,Day,0.10846354166666666,100.0,2.0,15.099739000106638,auto
1767947309517,Sunny,Day,0.10833333333333334,100.0,2.0,10.143349000145463,auto
1767947309548,Sunny,Day,0.10807291666666667,100.0,2.0,17.437888999893403,auto
1767947309581,Sunny,Day,0.10807291666666667,100.0,2.0,17.08243100006257,auto
1767947309611,Sunny,Day,0.10824652777777778,100.0,2.0,15.644136999981129,auto
1767947309643,Sunny,Day,0.10828993055555555,100.0,2.0,17.221837000079177,auto
1767947309678,Sunny,Day,0.10846354166666666,100.0,2.0,15.99979900015569,auto
1767947309708,Sunny,Day,0.10842013888888889,100.0,2.0,16.154574999973192,auto
1767947309737,Sunny,Day,0.10885416666666667,100.0,2.0,15.50393599995914,auto
1767947309770,Sunny,Day,0.10933159722222222,100.0,2.0,19.222250999973767,auto
1767947309800,Sunny,Day,0.10924479166666666,100.0,2.0,9.579635999898528,auto
1767947309833,Sunny,Day,0.10950520833333334,100.0,2.0,13.871461000007912,auto
1767947309862,Sunny,Day,0.10985243055555556,100.0,2.0,7.157671999948434,auto
1767947309894,Sunny,Day,0.11032986111111111,100.0,2.0,17.580610000095476,auto
1767947309925,Sunny,Day,0.11041666666666666,100.0,1.0,17.74375499985581,auto
1767947309957,Sunny,Day,0.1111111111111111,100.0,2.0,13.678629999958503,auto
1767947309991,Sunny,Day,0.11119791666666666,100.0,2.0,14.11604999998417,auto
1767947310020,Sunny,Day,0.11167534722222222,100.0,2.0,13.831127999992532,auto
1767947310052,Sunny,Day,0.11206597222222223,100.0,2.0,18.982365999818285,auto
1767947310084,Sunny,Day,0.11223958333333334,100.0,2.0,18.38843099994847,auto
1767947310114,Sunny,Day,0.11241319444444445,100.0,2.0,6.477774999893882,auto
1767947310147,Sunny,Day,0.11280381944444444,100.0,3.0,19.71737300004861,auto
1767947310176,Sunny,Day,0.11297743055555555,100.0,3.0,14.732762999983606,auto
1767947310208,Sunny,Day,0.11371527777777778,100.0,3.0,17.359317000000374,auto
1767947310239,Sunny,Day,0.115234375,100.0,4.0,17.331167999827812,auto
1767947310271,Sunny,Day,0.115234375,100.0,3.0,18.079675000080897,auto
1767947310303,Sunny,Day,0.11514756944444444,100.0,4.0,18.293894999942495,auto
1767947310333,Sunny,Day,0.11649305555555556,100.0,4.0,8.453336999991734,auto
1767947310365,Sunny,Day,0.11566840277777778,100.0,4.0,10.702489000095738,auto
1767947310396,Sunny,Day,0.1154513888888889,100.0,4.0,17.24781799998709,auto
1767947310427,Sunny,Day,0.11610243055555555,100.0,5.0,10.46338200012542,auto
1767947310459,Sunny,Day,0.11510416666666666,100.0,5.0,18.002084000045215,auto
1767947310493,Sunny,Day,0.11462673611111111,100.0,5.0,18.778517000100692,auto
1767947310522,Sunny,Day,0.11388888888888889,100.0,5.0,13.813147000064419,auto
1767947310553,Sunny,Day,0.11397569444444444,100.0,4.0,13.58611299997392,auto
1767947310586,Sunny,Day,0.11284722222222222,100.0,4.0,19.751483999925767,auto
1767947310618,Sunny,Day,0.11202256944444444,100.0,4.0,16.594437999856382,auto
1767947310647,Sunny,Day,0.11098090277777778,100.0,4.0,9.802483999919787,auto
1767947310679,Sunny,Day,0.10941840277777778,100.0,4.0,15.845191000153136,auto
1767947310710,Sunny,Day,0.10885416666666667,100.0,4.0,17.786957999987862,auto
1767947310741,Sunny,Day,0.10798611111111112,100.0,4.0,17.994935999922745,auto
1767947310773,Sunny,Day,0.10707465277777778,100.0,4.0,18.003305999855,auto
1767947310804,Sunny,Day,0.10633680555555555,100.0,3.0,12.828531999957704,auto
1767947310836,Sunny,Day,0.10546875,100.0,3.0,11.594605000027514,auto
1767947310867,Sunny,Day,0.10451388888888889,100.0,3.0,13.101546000143571,auto
1767947310900,Sunny,Day,0.10390625,100.0,3.0,9.237751999989996,auto
1767947310930,Sunny,Day,0.103125,100.0,3.0,17.1127080000133,auto
1767947310961,Sunny,Day,0.10212673611111112,100.0,3.0,16.33392400003686,auto
1767947310993,Sunny,Day,0.10095486111111111,100.0,3.0,18.023287999994864,auto
1767947311028,Sunny,Day,0.10008680555555556,100.0,3.0,22.152986000037345,auto
1767947311055,Sunny,Day,0.09986979166666667,100.0,3.0,13.153453000086301,auto
1767947311087,Sunny,Day,0.09839409722222223,100.0,4.0,17.850604999921416,auto
1767947311119,Sunny,Day,0.09774305555555556,100.0,4.0,18.085842999880697,auto
1767947311150,Sunny,Day,0.09678819444444445,100.0,4.0,8.564316999809307,auto
1767947311181,Sunny,Day,0.09539930555555555,100.0,4.0,17.74806899993564,auto
1767947311214,Sunny,Day,0.09435763888888889,100.0,4.0,19.15238199990199,auto
1767947311244,Sunny,Day,0.09375,100.0,4.0,15.92922700001509,auto
1767947311276,Sunny,Day,0.09249131944444444,100.0,4.0,17.67701499989016,auto
1767947311309,Sunny,Day,0.09092881944444445,100.0,5.0,19.062938999923063,auto
1767947311339,Sunny,Day,0.08888888888888889,100.0,5.0,5.070349999868995,auto
1767947311369,Sunny,Day,0.08780381944444444,100.0,5.0,12.413075000040408,auto
1767947311403,Sunny,Day,0.08541666666666667,100.0,6.0,18.576205000044865,auto
1767947311435,Sunny,Day,0.082421875,100.0,6.0,16.62253100016642,auto
1767947311466,Sunny,Day,0.07916666666666666,100.0,7.0,13.457430000016757,auto
1767947311496,Sunny,Day,0.07664930555555556,100.0,7.0,14.759521000087261,auto
1767947311529,Sunny,Day,0.07426215277777778,100.0,8.0,17.389593999951103,auto
1767947311559,Sunny,Day,0.07200520833333333,100.0,8.0,14.173345000017434,auto
1767947311591,Sunny,Day,0.07074652777777778,100.0,8.0,15.663711999877705,auto
1767947311622,Sunny,Day,0.06901041666666667,100.0,9.0,15.542379999942568,auto
1767947311654,Sunny,Day,0.06801215277777778,100.0,9.0,14.939980999997715,auto
1767947311687,Sunny,Day,0.0671875,100.0,10.0,10.133849000112605,auto
1767947311717,Sunny,Day,0.06536458333333334,100.0,10.0,13.81392500002221,auto
1767947311752,Sunny,Day,0.06384548611111111,100.0,10.0,17.801030999862633,auto
1767947311779,Sunny,Day,0.062413194444444445,100.0,11.0,11.429608000071312,auto
1767947311809,Sunny,Day,0.060807291666666666,100.0,11.0,15.770950999922206,auto
1767947311841,Sunny,Day,0.059418402777777775,100.0,12.0,17.45316599999569,auto
1767947311872,Sunny,Day,0.05807291666666667,100.0,12.0,17.21324499999355,auto
1767947311904,Sunny,Day,0.05642361111111111,100.0,12.0,16.16172299986829,auto
1767947311935,Sunny,Day,0.054947916666666666,100.0,12.0,17.820956999912596,auto
1767947311967,Sunny,Day,0.05368923611111111,100.0,12.0,4.842817000053401,auto
1767947311997,Sunny,Day,0.051432291666666664,100.0,12.0,9.800132999998823,auto
1767947312029,Sunny,Day,0.04991319444444445,99.8263888888889,12.0,11.154371999964496,auto
1767947312061,Sunny,Day,0.049305555555555554,98.61111111111111,13.0,9.54654300016955,auto
1767947312092,Sunny,Day,0.04739583333333333,94.79166666666666,13.0,10.120776000121623,auto
1767947312125,Sunny,Day,0.04670138888888889,93.40277777777779,13.0,18.946755999877496,auto
1767947312155,Sunny,Day,0.04587673611111111,91.75347222222221,14.0,16.188148999844998,auto
1767947312187,Sunny,Day,0.04487847222222222,89.75694444444444,14.0,16.67280799983928,auto
1767947312218,Sunny,Day,0.044140625,88.28125,15.0,13.029584000150862,auto
1767947312249,Sunny,Day,0.04283854166666667,85.67708333333333,15.0,12.971936999974787,auto
1767947312280,Sunny,Day,0.04123263888888889,82.46527777777777,15.0,12.75805099999161,auto
1767947312314,Sunny,Day,0.040581597222222224,81.16319444444444,14.0,14.334917000041969,auto
1767947312343,Sunny,Day,0.03967013888888889,79.34027777777777,15.0,12.808494999944742,auto
1767947312375,Sunny,Day,0.03893229166666667,77.86458333333333,15.0,12.412111999992703,auto
1767947312407,Sunny,Day,0.037543402777777776,75.08680555555556,-35.0,18.00426999989213,auto
1767947312440,Sunny,Day,0.03715277777777778,74.30555555555556,-36.0,7.527259000198683,auto
1767947312471,Sunny,Day,0.035590277777777776,71.18055555555556,-36.0,10.911300999850937,auto
1767947312500,Sunny,Day,0.033984375,67.96875,-36.0,6.131705000143484,auto
1767947312537,Sunny,Day,0.033680555555555554,67.36111111111111,-32.0,12.569166000048426,auto
1767947312563,Sunny,Day,0.030164930555555556,60.329861111111114,-31.0,10.11023799992472,auto
1767947312597,Sunny,Day,0.029991319444444445,59.98263888888889,-29.0,3.3843569999589818,auto
1767947312626,Sunny,Day,0.03259548611111111,65.19097222222223,-25.0,7.9919360000531015,auto
1767947312658,Sunny,Day,0.039322916666666666,78.64583333333333,-19.0,5.81820999991578,auto
1767947312691,Sunny,Day,0.039713541666666664,79.42708333333333,-17.0,12.240206999877046,auto
1767947312720,Sunny,Day,0.04561631944444444,91.23263888888889,-12.0,8.937756000023,auto
1767947312752,Sunny,Day,0.04952256944444444,99.04513888888889,-10.0,15.627213000016127,auto
1767947312783,Sunny,Day,0.051215277777777776,100.0,-6.0,6.489143999942826,auto
1767947312815,Sunny,Day,0.05455729166666667,100.0,-2.0,17.20941100006712,auto
1767947312846,Sunny,Day,0.05750868055555555,100.0,0.0,10.86985699998877,auto
1767947312878,Sunny,Day,0.060980902777777776,100.0,3.0,17.48385199994118,auto
1767947312909,Sunny,Day,0.06671006944444445,100.0,7.0,16.995358000031047,auto
1767947312942,Sunny,Day,0.06953125,100.0,9.0,12.197633999903701,auto
1767947312971,Sunny,Day,0.07087673611111112,100.0,10.0,7.887179000135802,auto
1767947313003,Sunny,Day,0.07256944444444445,100.0,11.0,17.496665999942707,auto
1767947313035,Sunny,Day,0.07326388888888889,100.0,13.0,2.1982450000450626,auto
1767947313067,Sunny,Day,0.07361111111111111,100.0,13.0,3.8784429998486303,auto
1767947313097,Sunny,Day,0.07434895833333334,100.0,14.0,10.229292000076384,auto
1767947313131,Sunny,Day,0.076171875,100.0,14.0,15.4263639999499,auto
1767947313163,Sunny,Day,0.07573784722222222,100.0,13.0,5.516288000080749,auto
1767947313196,Sunny,Day,0.07756076388888888,100.0,14.0,6.628624000086347,auto
1767947313223,Sunny,Day,0.07673611111111112,100.0,13.0,6.569809999973586,auto
1767947313255,Sunny,Day,0.07738715277777777,100.0,13.0,18.654223999874375,auto
1767947313285,Sunny,Day,0.07756076388888888,100.0,13.0,16.35079399989081,auto
1767947313319,Sunny,Day,0.07782118055555555,100.0,12.0,21.042928000042593,auto
1767947313348,Sunny,Day,0.07734375,100.0,12.0,9.551246999990326,auto
1767947313381,Sunny,Day,0.07803819444444444,100.0,12.0,6.646178999972108,auto
1767947313411,Sunny,Day,0.080078125,100.0,12.0,13.834480000014082,auto
1767947313444,Sunny,Day,0.08025173611111111,100.0,12.0,16.15057499998329,auto
1767947313474,Sunny,Day,0.08111979166666666,100.0,12.0,7.237948000010874,auto
1767947313508,Sunny,Day,0.08094618055555555,100.0,12.0,17.948678000038853,auto
1767947313537,Sunny,Day,0.08177083333333333,100.0,12.0,5.641878999995242,auto
1767947313568,Sunny,Day,0.08289930555555555,100.0,11.0,8.310765000032916,auto
1767947313599,Sunny,Day,0.08415798611111111,100.0,11.0,16.181795999955284,auto
1767947313630,Sunny,Day,0.08567708333333333,100.0,12.0,9.626968000020497,auto
1767947313662,Sunny,Day,0.08776041666666666,100.0,13.0,7.670052000094074,auto
1767947313695,Sunny,Day,0.09027777777777778,100.0,15.0,18.445595999992292,auto
1767947313725,Sunny,Day,0.09331597222222222,100.0,18.0,15.589509999927031,auto
1767947313756,Sunny,Day,0.09552951388888889,100.0,19.0,17.623312000068836,auto
1767947313787,Sunny,Day,0.09730902777777778,100.0,22.0,15.433142000119915,auto
1767947313819,Sunny,Day,0.09973958333333334,100.0,23.0,17.222354999830713,auto
1767947313850,Sunny,Day,0.09856770833333334,100.0,22.0,11.62395699998342,auto
1767947313883,Sunny,Day,0.10125868055555555,100.0,24.0,13.860313000122915,auto
1767947313913,Sunny,Day,0.10151909722222222,100.0,23.0,14.337415999989389,auto
1767947313944,Sunny,Day,0.10186631944444445,100.0,25.0,16.77460299993072,auto
1767947313977,Sunny,Day,0.10299479166666667,100.0,26.0,11.190278999947623,auto
1767947314008,Sunny,Day,0.09978298611111111,100.0,23.0,4.347157999973206,auto
1767947314038,Sunny,Day,0.09995659722222222,100.0,23.0,7.517498999959571,auto
1767947314072,Sunny,Day,0.09865451388888889,100.0,21.0,15.054127999974298,auto
1767947314102,Sunny,Day,0.10065104166666666,100.0,23.0,4.721596000081263,auto
1767947314135,Sunny,Day,0.09796006944444445,100.0,21.0,11.332553999864103,auto
1767947314167,Sunny,Day,0.09947916666666666,100.0,23.0,9.726151999984722,auto
1767947314196,Sunny,Day,0.09908854166666667,100.0,22.0,14.701856000101543,auto
1767947314227,Sunny,Day,0.09991319444444445,100.0,22.0,16.662715000165917,auto
1767947314259,Sunny,Day,0.10264756944444445,100.0,25.0,8.454540999991877,auto
1767947314290,Sunny,Day,0.09965277777777778,100.0,22.0,14.109438999867052,auto
1767947314322,Sunny,Day,0.10555555555555556,100.0,24.0,5.198330999974132,auto
1767947314352,Sunny,Day,0.10811631944444444,100.0,24.0,9.539765999988958,auto
1767947314385,Sunny,Day,0.10907118055555555,100.0,24.0,6.193240999891714,auto
1767947314416,Sunny,Day,0.10772569444444445,100.0,25.0,7.9338450000250305,auto
1767947314447,Sunny,Day,0.1032986111111111,100.0,21.0,16.261111000176243,auto
1767947314480,Sunny,Day,0.1046875,100.0,22.0,11.47871800003486,auto
1767947314510,Sunny,Day,0.10325520833333333,100.0,21.0,5.841209999971397,auto
1767947314541,Sunny,Day,0.1032986111111111,100.0,20.0,12.750865999805683,auto
1767947314574,Sunny,Day,0.10295138888888888,100.0,21.0,8.683573999860528,auto
1767947314605,Sunny,Day,0.10078125,100.0,22.0,16.52066199994806,auto
1767947314640,Sunny,Day,0.10729166666666666,100.0,24.0,4.725614999870231,auto
1767947314667,Sunny,Day,0.10455729166666666,100.0,23.0,12.54277600014575,auto
1767947314699,Sunny,Day,0.10807291666666667,100.0,25.0,8.704074999968725,auto
1767947314729,Sunny,Day,0.10546875,100.0,24.0,9.863927999958833,auto
1767947314762,Sunny,Day,0.10542534722222222,100.0,24.0,7.613684000034482,auto
1767947314794,Sunny,Day,0.1076388888888889,100.0,26.0,9.728521999932127,auto
1767947314824,Sunny,Day,0.10407986111111112,100.0,26.0,6.226278000212915,auto
1767947314856,Sunny,Day,0.10447048611111111,100.0,26.0,18.478244999869275,auto
1767947314886,Sunny,Day,0.105859375,100.0,26.0,13.773369999853458,auto
1767947314918,Sunny,Day,0.10516493055555555,100.0,26.0,12.95499299999392,auto
1767947314951,Sunny,Day,0.10546875,100.0,26.0,12.715995999997176,auto
1767947314985,Sunny,Day,0.10225694444444444,100.0,26.0,19.13899400005903,auto
1767947315014,Sunny,Day,0.10338541666666666,100.0,25.0,13.258785000061835,auto
1767947315046,Sunny,Day,0.10217013888888889,100.0,25.0,5.1444609998725355,auto
1767947315075,Sunny,Day,0.10164930555555556,100.0,25.0,13.765462999799638,auto
1767947315107,Sunny,Day,0.1,100.0,24.0,18.257136000102037,auto
1767947315140,Sunny,Day,0.09861111111111111,100.0,24.0,7.015785000021424,auto
1767947315169,Sunny,Day,0.09796006944444445,100.0,23.0,12.617905999832146,auto
1767947315203,Sunny,Day,0.09670138888888889,100.0,22.0,13.928164000162724,auto
1767947315232,Sunny,Day,0.09587673611111111,100.0,21.0,6.029929000078482,auto
1767947315263,Sunny,Day,0.09561631944444444,100.0,20.0,13.022843999806355,auto
1767947315298,Sunny,Day,0.09496527777777777,100.0,21.0,6.3396649998139765,auto
1767947315327,Sunny,Day,0.09370659722222222,100.0,20.0,6.775084000082643,auto
1767947315358,Sunny,Day,0.09270833333333334,100.0,19.0,10.14055400014513,auto
1767947315394,Sunny,Day,0.0921875,100.0,18.0,13.300857999865912,auto
1767947315422,Sunny,Day,0.09053819444444444,100.0,15.0,5.791303000023618,auto
1767947315455,Sunny,Day,0.09244791666666667,100.0,15.0,3.225100999998176,auto
1767947315483,Sunny,Day,0.09084201388888889,100.0,13.0,12.882604999958858,auto
1767947315517,Sunny,Day,0.09092881944444445,100.0,13.0,17.38372399995569,auto
1767947315546,Sunny,Day,0.08949652777777778,100.0,12.0,5.238070000132211,auto
1767947315577,Sunny,Day,0.08936631944444444,100.0,12.0,17.285095000033834,auto
1767947315610,Sunny,Day,0.08993055555555556,100.0,11.0,5.341568999938318,auto
1767947315644,Sunny,Day,0.08732638888888888,100.0,11.0,20.266050999907748,auto
1767947315672,Sunny,Day,0.08637152777777778,100.0,10.0,13.341598000124577,auto
1767947315703,Sunny,Day,0.08784722222222222,100.0,9.0,10.220774000117672,auto
1767947315736,Sunny,Day,0.0875,100.0,9.0,11.335942999949111,auto
1767947315766,Sunny,Day,0.09214409722222222,100.0,9.0,4.265307000196117,auto
1767947315797,Sunny,Day,0.090625,100.0,8.0,17.172449000099732,auto
1767947315829,Sunny,Day,0.09127604166666667,100.0,9.0,17.393518999824664,auto
1767947315864,Sunny,Day,0.09053819444444444,100.0,9.0,9.05649500009531,auto
1767947315891,Sunny,Day,0.09244791666666667,100.0,8.0,11.11864999984391,auto
1767947315924,Sunny,Day,0.09301215277777777,100.0,9.0,19.17186400009996,auto
1767947315958,Sunny,Day,0.09327256944444444,100.0,7.0,19.484006999846315,auto
1767947315986,Sunny,Day,0.09379340277777778,100.0,8.0,12.006710999912684,auto
1767947316018,Sunny,Day,0.09483506944444445,100.0,7.0,12.337224000020797,auto
1767947316052,Sunny,Day,0.09383680555555556,100.0,8.0,9.649283000044306,auto
1767947316080,Sunny,Day,0.09544270833333333,100.0,8.0,6.980302999863852,auto
1767947316114,Sunny,Day,0.09561631944444444,100.0,6.0,19.684633999986545,auto
1767947316144,Sunny,Day,0.09539930555555555,100.0,6.0,10.427160999824991,auto
1767947316174,Sunny,Day,0.09613715277777778,100.0,6.0,9.76015199989888,auto
1767947316207,Sunny,Day,0.09539930555555555,100.0,6.0,13.206341000113753,auto
1767947316239,Sunny,Day,0.0974392361111111,100.0,5.0,17.59736899998643,auto
1767947316270,Sunny,Day,0.09839409722222223,100.0,4.0,13.799295000126222,auto
1767947316304,Sunny,Day,0.09809027777777778,100.0,5.0,12.718589000087377,auto
1767947316333,Sunny,Day,0.09661458333333334,100.0,5.0,10.76721100002942,auto
1767947316363,Sunny,Day,0.09822048611111112,100.0,5.0,5.274310000004334,auto
1767947316394,Sunny,Day,0.0978732638888889,100.0,6.0,12.61249799995312,auto
1767947316427,Sunny,Day,0.09800347222222222,100.0,7.0,5.583880000131103,auto
1767947316460,Sunny,Day,0.09700520833333333,100.0,8.0,8.312951000107205,auto
1767947316488,Sunny,Day,0.09678819444444445,100.0,9.0,7.031877000144959,auto
1767947316519,Sunny,Day,0.09622395833333333,100.0,10.0,10.179201000028115,auto
1767947316551,Sunny,Day,0.09544270833333333,100.0,10.0,5.8527280000362225,auto
1767947316582,Sunny,Day,0.09522569444444444,100.0,10.0,11.777639999991152,auto
1767947316614,Sunny,Day,0.09348958333333333,100.0,10.0,10.04957299983289,auto
1767947316645,Sunny,Day,0.09331597222222222,100.0,9.0,10.112386999935552,auto
1767947316676,Sunny,Day,0.09227430555555556,100.0,8.0,14.56378400007452,auto
1767947316710,Sunny,Day,0.09149305555555555,100.0,7.0,11.088668999946094,auto
1767947316742,Sunny,Day,0.08923611111111111,100.0,7.0,8.75561100019695,auto
1767947316770,Sunny,Day,0.08858506944444444,100.0,5.0,8.905997000056232,auto
1767947316809,Sunny,Day,0.08828125,100.0,4.0,14.910261000068203,auto
1767947316837,Sunny,Day,0.08919270833333333,100.0,4.0,8.079861999931381,auto
1767947316868,Sunny,Day,0.08680555555555555,100.0,3.0,2.8304209999987506,auto
1767947316897,Sunny,Day,0.0857204861111111,100.0,4.0,11.792807000119865,auto
1767947316929,Sunny,Day,0.08506944444444445,100.0,4.0,10.936893999996755,auto
1767947316961,Sunny,Day,0.08389756944444444,100.0,5.0,11.082149999992907,auto
1767947316990,Sunny,Day,0.08211805555555556,100.0,5.0,7.415149000053134,auto
1767947317022,Sunny,Day,0.08142361111111111,100.0,6.0,17.877326999951038,auto
1767947317056,Sunny,Day,0.08098958333333334,100.0,6.0,20.724285000142117,auto
1767947317085,Sunny,Day,0.0802951388888889,100.0,6.0,5.744413999991593,auto
1767947317116,Sunny,Day,0.07925347222222222,100.0,6.0,10.014202999855115,auto
1767947317148,Sunny,Day,0.07868923611111112,100.0,5.0,7.334132000096361,auto
1767947317180,Sunny,Day,0.07751736111111111,100.0,4.0,9.644190000017261,auto
1767947317211,Sunny,Day,0.07682291666666667,100.0,4.0,4.720504000033543,auto
1767947317242,Sunny,Day,0.07634548611111111,100.0,4.0,15.061517000049207,auto
1767947317274,Sunny,Day,0.07573784722222222,100.0,3.0,11.207111999965491,auto
1767947317304,Sunny,Day,0.0740017361111111,100.0,2.0,8.779870000125811,auto
1767947317341,Sunny,Day,0.07126736111111111,100.0,2.0,10.776174000056926,auto
1767947317367,Sunny,Day,0.07144097222222222,100.0,0.0,6.121853999957239,auto
1767947317400,Sunny,Day,0.0720486111111111,100.0,0.0,9.187920000158556,auto
1767947317430,Sunny,Day,0.07482638888888889,100.0,-1.0,8.396948999916276,auto
1767947317462,Sunny,Day,0.07543402777777777,100.0,-2.0,18.234137000035844,auto
1767947317493,Sunny,Day,0.07395833333333333,100.0,-2.0,15.629139000111536,auto
1767947317524,Sunny,Day,0.07426215277777778,100.0,-2.0,17.267614000047615,auto
1767947317557,Sunny,Day,0.07404513888888889,100.0,-2.0,7.074580000107744,auto
1767947317590,Sunny,Day,0.07222222222222222,100.0,-3.0,17.970344000104888,auto
1767947317620,Sunny,Day,0.07039930555555556,100.0,-3.0,5.053666000094381,auto
1767947317650,Sunny,Day,0.06944444444444445,100.0,-3.0,9.721207999973558,auto
1767947317681,Sunny,Day,0.06749131944444445,100.0,-3.0,17.827939000198967,auto
1767947317713,Sunny,Day,0.06714409722222223,100.0,-4.0,5.990706999909889,auto
1767947317744,Sunny,Day,0.06675347222222222,100.0,-4.0,17.11146900015592,auto
1767947317778,Sunny,Day,0.06727430555555555,100.0,-5.0,17.40731599988976,auto
1767947317806,Sunny,Day,0.06744791666666666,100.0,-5.0,6.22227799999564,auto
1767947317839,Sunny,Day,0.06792534722222222,100.0,-4.0,13.43989299994064,auto
1767947317870,Sunny,Day,0.06840277777777778,100.0,-4.0,13.402079000115918,auto
1767947317902,Sunny,Day,0.06861979166666667,100.0,-4.0,17.77257000003374,auto
1767947317932,Sunny,Day,0.0685763888888889,100.0,-4.0,8.694353000009869,auto
1767947317964,Sunny,Day,0.06870659722222222,100.0,-4.0,11.179538000078537,auto
1767947317995,Sunny,Day,0.06848958333333334,100.0,-4.0,10.770654999987528,auto
1767947318026,Sunny,Day,0.06853298611111111,100.0,-4.0,12.419909000072948,auto
1767947318059,Sunny,Day,0.06866319444444445,100.0,-4.0,3.800147999982073,auto
1767947318089,Sunny,Day,0.06840277777777778,100.0,-4.0,12.345334999963598,auto
1767947318121,Sunny,Day,0.068359375,100.0,-4.0,7.720273999893834,auto
1767947318152,Sunny,Day,0.068359375,100.0,-4.0,10.972873999889998,auto
1767947318183,Sunny,Day,0.06801215277777778,100.0,-4.0,11.196260000133407,auto
1767947318215,Sunny,Day,0.0681423611111111,100.0,-4.0,17.13259799998923,auto
1767947318246,Sunny,Day,0.06783854166666667,100.0,-5.0,14.82222500021635,auto
1767947318278,Sunny,Day,0.06766493055555556,100.0,-5.0,6.569180000042252,auto
1767947318312,Sunny,Day,0.06788194444444444,100.0,-5.0,19.240993000039452,auto
1767947318340,Sunny,Day,0.06875,100.0,-6.0,11.355646000083652,auto
1767947318374,Sunny,Day,0.06892361111111112,100.0,-6.0,13.186081999947419,auto
1767947318403,Sunny,Day,0.06927083333333334,100.0,-6.0,6.294739999930243,auto
1767947318435,Sunny,Day,0.06901041666666667,100.0,-6.0,11.097372999984145,auto
1767947318467,Sunny,Day,0.06909722222222223,100.0,-6.0,7.710162999956083,auto
1767947318501,Sunny,Day,0.06875,100.0,-5.0,12.398964999874806,auto
1767947318531,Sunny,Day,0.06831597222222222,100.0,-6.0,5.780543999890142,auto
1767947318560,Sunny,Day,0.06901041666666667,100.0,-5.0,12.997288999940793,auto
1767947318594,Sunny,Day,0.06801215277777778,100.0,-5.0,6.617456999947535,auto
1767947318623,Sunny,Day,0.06875,100.0,-5.0,7.570961999817882,auto
1767947318654,Sunny,Day,0.06866319444444445,100.0,-5.0,10.140182999975877,auto
1767947318687,Sunny,Day,0.06883680555555556,100.0,-5.0,9.395212999834257,auto
1767947318719,Sunny,Day,0.06866319444444445,100.0,-5.0,15.523733000009088,auto
1767947318749,Sunny,Day,0.06866319444444445,100.0,-5.0,11.147223000079975,auto
1767947318782,Sunny,Day,0.06805555555555555,100.0,-5.0,9.822262000170667,auto
1767947318812,Sunny,Day,0.06809895833333333,100.0,-6.0,5.7839890000650485,auto
1767947318844,Sunny,Day,0.06844618055555556,100.0,-6.0,5.0281290000384615,auto
1767947318874,Sunny,Day,0.06775173611111111,100.0,-6.0,7.085783000093215,auto
1767947318908,Sunny,Day,0.06783854166666667,100.0,-7.0,3.1900819999464147,auto
1767947318937,Sunny,Day,0.06775173611111111,100.0,-7.0,8.783091999930548,auto
1767947318970,Sunny,Day,0.06818576388888889,100.0,-7.0,16.683753000052093,auto
1767947319001,Sunny,Day,0.06801215277777778,100.0,-7.0,16.197111000110453,auto
1767947319031,Sunny,Day,0.06779513888888888,100.0,-7.0,11.024855999949068,auto
1767947319063,Sunny,Day,0.06809895833333333,100.0,-7.0,15.139849999968646,auto
1767947319094,Sunny,Day,0.06775173611111111,100.0,-7.0,9.5002480002222,auto
1767947319132,Sunny,Day,0.06766493055555556,100.0,-7.0,11.663105000025098,auto
1767947319157,Sunny,Day,0.06753472222222222,100.0,-7.0,7.507276999831447,auto
1767947319190,Sunny,Day,0.06727430555555555,100.0,-7.0,10.087035999958971,auto
1767947319221,Sunny,Day,0.06731770833333334,100.0,-7.0,9.125068999992436,auto
1767947319252,Sunny,Day,0.06636284722222222,100.0,-7.0,8.84475700013354,auto
1767947319285,Sunny,Day,0.06649305555555556,100.0,-8.0,12.01822899997751,auto
1767947319315,Sunny,Day,0.06579861111111111,100.0,-8.0,6.356925000090996,auto
1767947319346,Sunny,Day,0.06514756944444444,100.0,-9.0,5.557325999916429,auto
1767947319376,Sunny,Day,0.06566840277777777,100.0,-10.0,13.237026000069818,auto
1767947319409,Sunny,Day,0.06532118055555555,100.0,-10.0,10.987559000113833,auto
1767947319444,Sunny,Day,0.06545138888888889,100.0,-10.0,19.392193999919982,auto
1767947319471,Sunny,Day,0.06488715277777778,100.0,-10.0,12.489852000044266,auto
1767947319502,Sunny,Day,0.06571180555555556,100.0,-9.0,10.683470999993006,auto
1767947319533,Sunny,Day,0.06536458333333334,100.0,-8.0,6.261999999878753,auto
1767947319565,Sunny,Day,0.06540798611111111,100.0,-7.0,17.331631999923047,auto
1767947319597,Sunny,Day,0.06610243055555555,100.0,-7.0,12.885697999990953,auto
1767947319629,Sunny,Day,0.06636284722222222,100.0,-6.0,19.057847999874866,auto
1767947319659,Sunny,Day,0.06714409722222223,100.0,-6.0,15.378419999933612,auto
1767947319691,Sunny,Day,0.06657986111111111,100.0,-6.0,10.354161000122986,auto
1767947319726,Sunny,Day,0.06640625,100.0,-6.0,15.505232999885266,auto
1767947319753,Sunny,Day,0.0671875,100.0,-6.0,12.388742999974056,auto
1767947319785,Sunny,Day,0.06731770833333334,100.0,-6.0,17.358076000164147,auto
1767947319818,Sunny,Day,0.06766493055555556,100.0,-6.0,9.010884999952395,auto
1767947319848,Sunny,Day,0.06783854166666667,100.0,-7.0,15.542047000053572,auto
1767947319879,Sunny,Day,0.068359375,100.0,-7.0,17.313076999926125,auto
1767947319912,Sunny,Day,0.06927083333333334,100.0,-8.0,17.725163000022803,auto
1767947319942,Sunny,Day,0.06944444444444445,100.0,-8.0,13.186877999942226,auto
1767947319977,Sunny,Day,0.06966145833333333,100.0,-8.0,18.06543599991528,auto
1767947320005,Sunny,Day,0.07013888888888889,100.0,-8.0,9.465749000128199,auto
1767947320038,Sunny,Day,0.0703125,100.0,-8.0,16.048521000129767,auto
1767947320068,Sunny,Day,0.07078993055555556,100.0,-7.0,5.494438000141599,auto
1767947320100,Sunny,Day,0.07152777777777777,100.0,-7.0,12.714182000081564,auto
1767947320130,Sunny,Day,0.07170138888888888,100.0,-6.0,13.411913000027198,auto
1767947320163,Sunny,Day,0.07191840277777778,100.0,-6.0,7.335187999842674,auto
1767947320193,Sunny,Day,0.07213541666666666,100.0,-6.0,7.572425000034855,auto
1767947320226,Sunny,Day,0.07274305555555556,100.0,-6.0,6.017502999839053,auto
1767947320256,Sunny,Day,0.073046875,100.0,-6.0,5.798358999982156,auto
1767947320287,Sunny,Day,0.07269965277777778,100.0,-6.0,17.416001000128745,auto
1767947320318,Sunny,Day,0.07291666666666667,100.0,-6.0,17.884938000179318,auto
1767947320350,Sunny,Day,0.07335069444444445,100.0,-6.0,17.24785500005055,auto
1767947320384,Sunny,Day,0.07387152777777778,100.0,-6.0,12.028544000031616,auto
1767947320413,Sunny,Day,0.07369791666666667,100.0,-6.0,7.057747999851927,auto
1767947320445,Sunny,Day,0.07387152777777778,100.0,-6.0,14.325435000046127,auto
1767947320476,Sunny,Day,0.0740017361111111,100.0,-6.0,12.196485999993456,auto
1767947320507,Sunny,Day,0.07317708333333334,100.0,-6.0,16.20844500007479,auto
1767947320539,Sunny,Day,0.07421875,100.0,-6.0,8.498465999991822,auto
1767947320571,Sunny,Day,0.073828125,100.0,-6.0,15.179496999962794,auto
1767947320602,Sunny,Day,0.0744357638888889,100.0,-6.0,17.59068399996977,auto
1767947320635,Sunny,Day,0.0744357638888889,100.0,-6.0,18.759370999987368,auto
1767947320667,Sunny,Day,0.07465277777777778,100.0,-5.0,9.118956999827788,auto
1767947320695,Sunny,Day,0.07430555555555556,100.0,-5.0,8.542559000034089,auto
1767947320728,Sunny,Day,0.07456597222222222,100.0,-5.0,12.21994899992751,auto
1767947320761,Sunny,Day,0.07469618055555556,100.0,-5.0,5.996652000021641,auto
1767947320792,Sunny,Day,0.07491319444444444,100.0,-5.0,17.155172000002494,auto
1767947320821,Sunny,Day,0.07513020833333334,100.0,-5.0,5.9611899998799345,auto
1767947320854,Sunny,Day,0.07486979166666667,100.0,-5.0,10.947208000061437,auto
1767947320885,Sunny,Day,0.075,100.0,-5.0,5.355567999913546,auto
1767947320915,Sunny,Day,0.075390625,100.0,-5.0,12.753588999885324,auto
1767947320948,Sunny,Day,0.075390625,100.0,-6.0,18.926591000081316,auto
1767947320978,Sunny,Day,0.075,100.0,-5.0,5.127812999944581,auto
1767947321010,Sunny,Day,0.07513020833333334,100.0,-6.0,14.666246000160754,auto
1767947321041,Sunny,Day,0.07543402777777777,100.0,-5.0,10.461548999955994,auto
1767947321073,Sunny,Day,0.075390625,100.0,-5.0,10.998577999998815,auto
1767947321103,Sunny,Day,0.07526041666666666,100.0,-5.0,7.9053649999423214,auto
1767947321135,Sunny,Day,0.07430555555555556,100.0,-5.0,15.541437000138103,auto
1767947321167,Sunny,Day,0.07478298611111112,100.0,-5.0,18.046658000002935,auto
1767947321200,Sunny,Day,0.07456597222222222,100.0,-5.0,19.220400999984122,auto
1767947321230,Sunny,Day,0.07556423611111111,100.0,-4.0,5.480807000139976,auto
1767947321261,Sunny,Day,0.07517361111111111,100.0,-4.0,11.122094000029392,auto
1767947321292,Sunny,Day,0.07465277777777778,100.0,-4.0,12.298206999957983,auto
1767947321323,Sunny,Day,0.07495659722222223,100.0,-4.0,9.522821000018666,auto
1767947321355,Sunny,Day,0.07469618055555556,100.0,-5.0,15.34542100012004,auto
1767947321386,Sunny,Day,0.07491319444444444,100.0,27.0,17.286078000097405,auto
1767947321417,Sunny,Day,0.07491319444444444,100.0,27.0,13.203897000039433,auto
1767947321449,Sunny,Day,0.07526041666666666,100.0,26.0,17.776588000060656,auto
1767947321480,Sunny,Day,0.07495659722222223,100.0,25.0,17.843865000031656,auto
1767947321511,Sunny,Day,0.07990451388888889,100.0,22.0,18.229470999813202,auto
1767947321543,Sunny,Day,0.07881944444444444,100.0,17.0,18.080121000139115,auto
1767947321575,Sunny,Day,0.08285590277777778,100.0,13.0,18.774870000015653,auto
1767947321607,Sunny,Day,0.08207465277777778,100.0,9.0,16.809528000067075,auto
1767947321637,Sunny,Day,0.08276909722222223,100.0,5.0,10.171053000021857,auto
1767947321669,Sunny,Day,0.08381076388888889,100.0,2.0,18.083658000023206,auto
1767947321700,Sunny,Day,0.08580729166666666,100.0,-1.0,10.129405000043334,auto
1767947321731,Sunny,Day,0.08650173611111112,100.0,-4.0,17.91556800003491,auto
1767947321763,Sunny,Day,0.08784722222222222,100.0,-6.0,18.270470000061323,auto
1767947321794,Sunny,Day,0.08849826388888889,100.0,-7.0,17.702959999951418,auto
1767947321827,Sunny,Day,0.08997395833333334,100.0,-8.0,18.877386999974988,auto
1767947321857,Sunny,Day,0.09019097222222222,100.0,-8.0,16.93302700005006,auto
1767947321891,Sunny,Day,0.089453125,100.0,-8.0,20.38828999980069,auto
1767947321921,Sunny,Day,0.091015625,100.0,-8.0,14.930797000033635,auto
1767947321953,Sunny,Day,0.090234375,100.0,-7.0,15.61134299981859,auto
1767947321985,Sunny,Day,0.09097222222222222,100.0,-7.0,8.707778000143662,auto
1767947322014,Sunny,Day,0.08893229166666666,100.0,-7.0,16.177871000081723,auto
1767947322045,Sunny,Day,0.08910590277777777,100.0,-6.0,17.530278000094768,auto
1767947322077,Sunny,Day,0.08936631944444444,100.0,-6.0,18.61329799999112,auto
1767947322108,Sunny,Day,0.08923611111111111,100.0,-5.0,17.30313300004127,auto
1767947322140,Sunny,Day,0.08884548611111111,100.0,-5.0,18.19787899989933,auto
1767947322171,Sunny,Day,0.08967013888888889,100.0,-4.0,17.611499000167896,auto
1767947322202,Sunny,Day,0.08901909722222222,100.0,-4.0,17.94047600014892,auto
1767947322235,Sunny,Day,0.088671875,100.0,-4.0,18.645982999942134,auto
1767947322265,Sunny,Day,0.08871527777777778,100.0,-4.0,16.60786599995845,auto
1767947322296,Sunny,Day,0.08914930555555556,100.0,-4.0,17.85986499999126,auto
1767947322329,Sunny,Day,0.089453125,100.0,-3.0,18.94577500002015,auto
1767947322360,Sunny,Day,0.09036458333333333,100.0,-4.0,7.233763000158433,auto
1767947322391,Sunny,Day,0.09058159722222223,100.0,-4.0,9.361212999920099,auto
1767947322422,Sunny,Day,0.091015625,100.0,-4.0,12.621165000155088,auto
1767947322454,Sunny,Day,0.09140625,100.0,-3.0,14.593357999956424,auto
1767947322485,Sunny,Day,0.09210069444444445,100.0,-3.0,18.006010999897626,auto
1767947322517,Sunny,Day,0.09223090277777778,100.0,-3.0,11.989266999989923,auto
1767947322548,Sunny,Day,0.09253472222222223,100.0,-3.0,10.712360000070476,auto
1767947322580,Sunny,Day,0.093359375,100.0,-3.0,10.046406999890678,auto
1767947322612,Sunny,Day,0.09427083333333333,100.0,-3.0,6.041706999894814,auto
1767947322643,Sunny,Day,0.09509548611111111,100.0,-3.0,15.983504000132598,auto
1767947322673,Sunny,Day,0.094921875,100.0,-2.0,16.324887999871862,auto
1767947322705,Sunny,Day,0.09557291666666666,100.0,-3.0,18.108046999941507,auto
1767947322736,Sunny,Day,0.0959201388888889,100.0,-3.0,18.178989999796613,auto
1767947322767,Sunny,Day,0.09730902777777778,100.0,-2.0,17.038118000073155,auto
1767947322800,Sunny,Day,0.09696180555555556,100.0,-2.0,19.5042119999016,auto
1767947322831,Sunny,Day,0.09735243055555555,100.0,-2.0,6.6149570000106905,auto
1767947322862,Sunny,Day,0.09861111111111111,100.0,-2.0,17.084581000062826,auto
1767947322893,Sunny,Day,0.09861111111111111,100.0,-1.0,10.093221000033736,auto
1767947322927,Sunny,Day,0.09891493055555556,100.0,-1.0,7.571628000050623,auto
1767947322956,Sunny,Day,0.09921875,100.0,0.0,11.015595999879224,auto
1767947322990,Sunny,Day,0.09956597222222222,100.0,0.0,19.987666999895737,auto
1767947323020,Sunny,Day,0.09934895833333333,100.0,0.0,8.50668900011442,auto
1767947323051,Sunny,Day,0.099609375,100.0,1.0,17.054617999974653,auto
1767947323082,Sunny,Day,0.09934895833333333,100.0,1.0,17.47405599985541,auto
1767947323114,Sunny,Day,0.09900173611111111,100.0,2.0,18.07195500009584,auto
1767947323144,Sunny,Day,0.09921875,100.0,2.0,17.117395000013857,auto
1767947323178,Sunny,Day,0.098828125,100.0,3.0,18.80068500008747,auto
1767947323209,Sunny,Day,0.09856770833333334,100.0,3.0,15.730693000023166,auto
1767947323239,Sunny,Day,0.09813368055555556,100.0,4.0,12.36350199997105,auto
1767947323270,Sunny,Day,0.09674479166666666,100.0,4.0,11.112391000096977,auto
1767947323302,Sunny,Day,0.09587673611111111,100.0,5.0,17.937511999889466,auto
1767947323333,Sunny,Day,0.09431423611111112,100.0,6.0,18.121991000043636,auto
1767947323367,Sunny,Day,0.093359375,100.0,6.0,20.983245000024908,auto
1767947323396,Sunny,Day,0.09375,100.0,6.0,13.880017000019507,auto
1767947323428,Sunny,Day,0.09405381944444445,100.0,7.0,8.819296000183385,auto
1767947323459,Sunny,Day,0.09470486111111111,100.0,6.0,11.879897999961031,auto
1767947323492,Sunny,Day,0.09466145833333334,100.0,6.0,13.391468999998324,auto
1767947323523,Sunny,Day,0.09513888888888888,100.0,5.0,6.888954000032754,auto
1767947323553,Sunny,Day,0.095703125,100.0,5.0,10.168756999973994,auto
1767947323584,Sunny,Day,0.09618055555555556,100.0,4.0,17.342725000162318,auto
1767947323615,Sunny,Day,0.09526909722222222,100.0,4.0,12.072784000110914,auto
1767947323647,Sunny,Day,0.09444444444444444,100.0,3.0,6.54742200003966,auto
1767947323678,Sunny,Day,0.09305555555555556,100.0,3.0,11.829325000007884,auto
1767947323710,Sunny,Day,0.09244791666666667,100.0,2.0,16.247259000010672,auto
1767947323741,Sunny,Day,0.09153645833333333,100.0,2.0,11.75710400002572,auto
1767947323772,Sunny,Day,0.09123263888888888,100.0,2.0,11.756011999978,auto
1767947323804,Sunny,Day,0.09149305555555555,100.0,2.0,17.63390599990089,auto
1767947323835,Sunny,Day,0.09131944444444444,100.0,2.0,18.033696000202326,auto
1767947323868,Sunny,Day,0.09205729166666667,100.0,3.0,19.51176700003998,auto
1767947323899,Sunny,Day,0.09175347222222222,100.0,3.0,14.15238300000965,auto
1767947323929,Sunny,Day,0.09236111111111112,100.0,3.0,16.75688200020886,auto
1767947323961,Sunny,Day,0.09270833333333334,100.0,4.0,17.58298000004288,auto
1767947323993,Sunny,Day,0.09296875,100.0,4.0,18.590872999993735,auto
1767947324024,Sunny,Day,0.09296875,100.0,4.0,16.00424399998701,auto
1767947324055,Sunny,Day,0.09275173611111111,100.0,4.0,15.192775000059555,auto
1767947324086,Sunny,Day,0.09305555555555556,100.0,4.0,17.826773000024332,auto
1767947324120,Sunny,Day,0.09370659722222222,100.0,4.0,19.98629699983212,auto
1767947324149,Sunny,Day,0.09344618055555555,100.0,4.0,14.040625000006912,auto
1767947324181,Sunny,Day,0.09331597222222222,100.0,4.0,17.64023900000211,auto
1767947324213,Sunny,Day,0.09418402777777778,100.0,4.0,18.465800999820203,auto
1767947324244,Sunny,Day,0.0939670138888889,100.0,5.0,16.854418000093574,auto
1767947324276,Sunny,Day,0.09440104166666667,100.0,4.0,17.323335999890332,auto
1767947324307,Sunny,Day,0.09431423611111112,100.0,5.0,16.258628999821667,auto
1767947324339,Sunny,Day,0.09474826388888889,100.0,4.0,18.965886000160026,auto
1767947324369,Sunny,Day,0.09466145833333334,100.0,4.0,14.867039000137083,auto
1767947324400,Sunny,Day,0.09483506944444445,100.0,4.0,17.869883999992453,auto
1767947324432,Sunny,Day,0.09474826388888889,100.0,4.0,18.220656000039526,auto
1767947324463,Sunny,Day,0.09444444444444444,100.0,4.0,17.302947999951357,auto
1767947324494,Sunny,Day,0.09466145833333334,100.0,4.0,17.359945999942283,auto
1767947324526,Sunny,Day,0.09522569444444444,100.0,4.0,9.388712999907511,auto
1767947324557,Sunny,Day,0.09457465277777778,100.0,4.0,14.70606099996985,auto
1767947324589,Sunny,Day,0.09474826388888889,100.0,4.0,17.493500000000495,auto
1767947324620,Sunny,Day,0.09522569444444444,100.0,5.0,17.41992699999173,auto
1767947324651,Sunny,Day,0.09574652777777778,100.0,4.0,17.58711000002222,auto
1767947324685,Sunny,Day,0.09561631944444444,100.0,5.0,19.47280499985027,auto
1767947324714,Sunny,Day,0.09513888888888888,100.0,5.0,15.581991999852107,auto
1767947324746,Sunny,Day,0.09544270833333333,100.0,5.0,18.058418000009624,auto
1767947324777,Sunny,Day,0.09587673611111111,100.0,5.0,17.708681999920373,auto
1767947324808,Sunny,Day,0.0954861111111111,100.0,5.0,16.540032999955656,auto
1767947324840,Sunny,Day,0.09539930555555555,100.0,5.0,17.652794000014183,auto
1767947324871,Sunny,Day,0.09578993055555556,100.0,5.0,17.679201999953875,auto
1767947324903,Sunny,Day,0.09578993055555556,100.0,5.0,17.683218999991368,auto
1767947324935,Sunny,Day,0.09574652777777778,100.0,4.0,18.546762999903876,auto
1767947324965,Sunny,Day,0.09583333333333334,100.0,4.0,8.439578999968944,auto
1767947324997,Sunny,Day,0.09522569444444444,100.0,4.0,9.968944999855012,auto
1767947325028,Sunny,Day,0.09487847222222222,100.0,4.0,17.18309800003226,auto
1767947325061,Sunny,Day,0.09522569444444444,100.0,3.0,19.9336680000215,auto
1767947325093,Sunny,Day,0.09487847222222222,100.0,3.0,17.083580000189613,auto
1767947325123,Sunny,Day,0.09479166666666666,100.0,3.0,15.455697000106738,auto
1767947325154,Sunny,Day,0.09453125,100.0,3.0,17.927068000062718,auto
1767947325185,Sunny,Day,0.09453125,100.0,3.0,16.725641999983054,auto
1767947325217,Sunny,Day,0.09440104166666667,100.0,3.0,16.106928999988668,auto
1767947325250,Sunny,Day,0.09487847222222222,100.0,3.0,19.12132899997232,auto
1767947325280,Sunny,Day,0.09457465277777778,100.0,3.0,15.375161000065418,auto
1767947325311,Sunny,Day,0.09500868055555556,100.0,3.0,17.99406700001782,auto
1767947325344,Sunny,Day,0.09522569444444444,100.0,3.0,19.820836999997482,auto
1767947325374,Sunny,Day,0.09513888888888888,100.0,4.0,10.365198000044984,auto
1767947325407,Sunny,Day,0.09444444444444444,100.0,4.0,19.57193299995197,auto
1767947325437,Sunny,Day,0.09500868055555556,100.0,3.0,15.28977400016629,auto
1767947325468,Sunny,Day,0.09505208333333333,100.0,3.0,10.480992999873706,auto
1767947325502,Sunny,Day,0.09513888888888888,100.0,3.0,20.26179300014519,auto
1767947325531,Sunny,Day,0.09466145833333334,100.0,3.0,6.169186000079208,auto
1767947325562,Sunny,Day,0.09453125,100.0,2.0,12.571221999905902,auto
1767947325594,Sunny,Day,0.09435763888888889,100.0,2.0,16.456312999935108,auto
1767947325625,Sunny,Day,0.09487847222222222,100.0,2.0,17.619220999904428,auto
1767947325657,Sunny,Day,0.09440104166666667,100.0,2.0,15.298051000172563,auto
1767947325688,Sunny,Day,0.094140625,100.0,2.0,16.885416999912195,auto
1767947325719,Sunny,Day,0.09427083333333333,100.0,1.0,10.422623999829739,auto
1767947325750,Sunny,Day,0.09440104166666667,100.0,1.0,17.893771999979435,auto
1767947325784,Sunny,Day,0.09375,100.0,1.0,19.8757430000569,auto
1767947325813,Sunny,Day,0.09366319444444444,100.0,1.0,15.661637999983213,auto
1767947325845,Sunny,Day,0.09388020833333334,100.0,1.0,18.431524000106947,auto
1767947325877,Sunny,Day,0.094140625,100.0,2.0,18.555152000089947,auto
1767947325910,Sunny,Day,0.094140625,100.0,2.0,18.570614000054775,auto
1767947325939,Sunny,Day,0.09431423611111112,100.0,2.0,16.036911000128384,auto
1767947325971,Sunny,Day,0.09444444444444444,100.0,2.0,18.32613599981414,auto
1767947326002,Sunny,Day,0.09427083333333333,100.0,2.0,17.557906999854822,auto
1767947326033,Sunny,Day,0.09427083333333333,100.0,2.0,16.996952999988935,auto
1767947326065,Sunny,Day,0.09431423611111112,100.0,2.0,9.796077000146397,auto
1767947326096,Sunny,Day,0.09422743055555556,100.0,2.0,9.525432999907935,auto
1767947326127,Sunny,Day,0.09392361111111111,100.0,2.0,11.456035000037446,auto
1767947326159,Sunny,Day,0.09427083333333333,100.0,2.0,11.957693999875119,auto
1767947326190,Sunny,Day,0.09375,100.0,2.0,8.958460000030755,auto
1767947326222,Sunny,Day,0.09370659722222222,100.0,2.0,9.837280000056126,auto
1767947326254,Sunny,Day,0.09383680555555556,100.0,2.0,18.22112000013476,auto
1767947326290,Sunny,Day,0.0939670138888889,100.0,2.0,22.020100999952774,auto
1767947326318,Sunny,Day,0.09388020833333334,100.0,2.0,14.487859999917418,auto
1767947326347,Sunny,Day,0.09331597222222222,100.0,2.0,11.738659000002372,auto
1767947326380,Sunny,Day,0.09318576388888888,100.0,2.0,19.32588099998611,auto
1767947326410,Sunny,Day,0.09318576388888888,100.0,2.0,8.321914000134711,auto
1767947326441,Sunny,Day,0.09288194444444445,100.0,2.0,14.266734000102588,auto
1767947326473,Sunny,Day,0.09205729166666667,100.0,2.0,16.09616900009314,auto
1767947326504,Sunny,Day,0.09266493055555555,100.0,1.0,14.474360000122033,auto
1767947326535,Sunny,Day,0.09292534722222222,100.0,1.0,17.81268100012312,auto
1767947326567,Sunny,Day,0.09262152777777778,100.0,1.0,18.08552900001814,auto
1767947326598,Sunny,Day,0.09214409722222222,100.0,1.0,10.17862799994873,auto
1767947326630,Sunny,Day,0.09214409722222222,100.0,2.0,18.47465200012266,auto
1767947326661,Sunny,Day,0.0920138888888889,100.0,2.0,17.81308799991166,auto
1767947326692,Sunny,Day,0.0915798611111111,100.0,2.0,17.289319000155956,auto
1767947326726,Sunny,Day,0.09162326388888889,100.0,2.0,20.33658799996374,auto
1767947326758,Sunny,Day,0.09171006944444444,100.0,1.0,9.62526499984051,auto
1767947326787,Sunny,Day,0.09149305555555555,100.0,1.0,15.29349599991292,auto
1767947326818,Sunny,Day,0.09092881944444445,100.0,1.0,6.211500000063097,auto
1767947326850,Sunny,Day,0.09110243055555556,100.0,1.0,17.485408000084135,auto
1767947326882,Sunny,Day,0.09127604166666667,100.0,1.0,18.6467610001273,auto
1767947326913,Sunny,Day,0.09084201388888889,100.0,1.0,15.511751999838452,auto
1767947326944,Sunny,Day,0.09058159722222223,100.0,1.0,17.85499500010701,auto
1767947326976,Sunny,Day,0.09036458333333333,100.0,1.0,17.428205999976853,auto
1767947327010,Sunny,Day,0.091015625,100.0,1.0,18.89968399996178,auto
1767947327040,Sunny,Day,0.09066840277777778,100.0,1.0,13.380246999986412,auto
1767947327074,Sunny,Day,0.09049479166666667,100.0,2.0,12.195356999882279,auto
1767947327101,Sunny,Day,0.09066840277777778,100.0,2.0,11.36720200020136,auto
1767947327134,Sunny,Day,0.09088541666666666,100.0,2.0,11.44173900001988,auto
1767947327164,Sunny,Day,0.090625,100.0,2.0,11.089373000004343,auto
1767947327195,Sunny,Day,0.09027777777777778,100.0,2.0,15.36012499991557,auto
1767947327226,Sunny,Day,0.09040798611111112,100.0,2.0,17.437241999914477,auto
1767947327258,Sunny,Day,0.09036458333333333,100.0,2.0,18.652798000175608,auto
1767947327289,Sunny,Day,0.08997395833333334,100.0,2.0,16.67564199988192,auto
1767947327320,Sunny,Day,0.08988715277777778,100.0,2.0,13.645797999970455,auto
1767947327352,Sunny,Day,0.0900607638888889,100.0,2.0,17.05876599999101,auto
1767947327385,Sunny,Day,0.08980034722222222,100.0,2.0,19.77702199997111,auto
1767947327415,Sunny,Day,0.08919270833333333,100.0,2.0,15.258014999972147,auto
1767947327448,Sunny,Day,0.08997395833333334,100.0,2.0,19.539026000074955,auto
1767947327478,Sunny,Day,0.08971354166666666,100.0,2.0,15.162184000018897,auto
1767947327509,Sunny,Day,0.0896267361111111,100.0,2.0,16.97893400000794,auto
1767947327544,Sunny,Day,0.08984375,100.0,2.0,21.496681999906286,auto
1767947327572,Sunny,Day,0.08967013888888889,100.0,2.0,10.215144999847325,auto
1767947327604,Sunny,Day,0.08988715277777778,100.0,2.0,18.482467000012548,auto
1767947327635,Sunny,Day,0.0900607638888889,100.0,1.0,17.114321000008204,auto
1767947327666,Sunny,Day,0.090234375,100.0,2.0,17.03128500003004,auto
1767947327699,Sunny,Day,0.09014756944444445,100.0,2.0,14.20654900016416,auto
1767947327729,Sunny,Day,0.0900607638888889,100.0,2.0,12.188078999997742,auto
1767947327763,Sunny,Day,0.09014756944444445,100.0,2.0,20.744525999816688,auto
1767947327794,Sunny,Day,0.090234375,100.0,2.0,17.25976400007312,auto
1767947327825,Sunny,Day,0.09027777777777778,100.0,2.0,10.56730699997388,auto
1767947327854,Sunny,Day,0.09053819444444444,100.0,2.0,12.868328000195106,auto
1767947327886,Sunny,Day,0.090234375,100.0,2.0,17.799458999888884,auto
1767947327919,Sunny,Day,0.09075520833333334,100.0,1.0,19.52878600013719,auto
1767947327949,Sunny,Day,0.09097222222222222,100.0,1.0,15.671767999947406,auto
1767947327980,Sunny,Day,0.09092881944444445,100.0,1.0,9.986759999947026,auto
1767947328011,Sunny,Day,0.09075520833333334,100.0,1.0,8.96212599991486,auto
1767947328043,Sunny,Day,0.09127604166666667,100.0,1.0,7.973253000045588,auto
1767947328074,Sunny,Day,0.09131944444444444,100.0,1.0,11.398053999982949,auto
1767947328105,Sunny,Day,0.09136284722222222,100.0,2.0,8.704945999852498,auto
1767947328138,Sunny,Day,0.09149305555555555,100.0,2.0,10.79674800007524,auto
1767947328169,Sunny,Day,0.09149305555555555,100.0,2.0,11.22716700001547,auto
1767947328202,Sunny,Day,0.09192708333333334,100.0,2.0,13.22780500004228,auto
1767947328233,Sunny,Day,0.09184027777777778,100.0,2.0,13.008936999995058,auto
1767947328263,Sunny,Day,0.09149305555555555,100.0,1.0,7.783959000107643,auto
1767947328295,Sunny,Day,0.09236111111111112,100.0,1.0,17.938050000111616,auto
1767947328328,Sunny,Day,0.09227430555555556,100.0,1.0,19.35267599992585,auto
1767947328359,Sunny,Day,0.0920138888888889,100.0,1.0,16.179075999843917,auto
1767947328388,Sunny,Day,0.09249131944444444,100.0,1.0,15.7755069999439,auto
1767947328419,Sunny,Day,0.09231770833333333,100.0,2.0,6.915380000009463,auto
1767947328451,Sunny,Day,0.09236111111111112,100.0,2.0,6.550587999981872,auto
1767947328482,Sunny,Day,0.09244791666666667,100.0,2.0,14.592709999988074,auto
1767947328515,Sunny,Day,0.09236111111111112,100.0,2.0,19.790170999840484,auto
1767947328547,Sunny,Day,0.09136284722222222,100.0,2.0,10.930282999879637,auto
1767947328576,Sunny,Day,0.09162326388888889,100.0,2.0,9.020607000138625,auto
1767947328608,Sunny,Day,0.09153645833333333,100.0,2.0,17.934254000010696,auto
1767947328640,Sunny,Day,0.09123263888888888,100.0,3.0,9.452361000057863,auto
1767947328671,Sunny,Day,0.09075520833333334,100.0,3.0,10.261330000048474,auto
1767947328703,Sunny,Day,0.09071180555555555,100.0,3.0,12.652905999857467,auto
1767947328735,Sunny,Day,0.09045138888888889,100.0,3.0,11.423367999896072,auto
1767947328766,Sunny,Day,0.09058159722222223,100.0,3.0,10.313773000007131,auto
1767947328796,Sunny,Day,0.08967013888888889,100.0,3.0,16.70542000010755,auto
1767947328828,Sunny,Day,0.08971354166666666,100.0,3.0,17.995362999954523,auto
1767947328860,Sunny,Day,0.08997395833333334,100.0,3.0,17.91256899991822,auto
1767947328891,Sunny,Day,0.08967013888888889,100.0,3.0,17.211726999903476,auto
1767947328922,Sunny,Day,0.08914930555555556,100.0,4.0,12.886791000028097,auto
1767947328954,Sunny,Day,0.08958333333333333,100.0,4.0,9.078513999838833,auto
1767947328985,Sunny,Day,0.08993055555555556,100.0,4.0,11.378442999784966,auto
1767947329018,Sunny,Day,0.090234375,100.0,4.0,12.774163000131011,auto
1767947329049,Sunny,Day,0.08993055555555556,100.0,5.0,9.27484499993625,auto
1767947329079,Sunny,Day,0.08949652777777778,100.0,5.0,9.563951000018278,auto
1767947329112,Sunny,Day,0.08949652777777778,100.0,5.0,15.231588999995438,auto
1767947329145,Sunny,Day,0.08980034722222222,100.0,5.0,17.892365000079735,auto
1767947329175,Sunny,Day,0.08893229166666666,100.0,5.0,12.17885699998078,auto
1767947329206,Sunny,Day,0.0881076388888889,100.0,5.0,16.686290000052395,auto
1767947329238,Sunny,Day,0.08797743055555556,100.0,6.0,18.31448799998725,auto
1767947329267,Sunny,Day,0.08797743055555556,100.0,6.0,14.171457999964332,auto
1767947329299,Sunny,Day,0.08693576388888889,100.0,6.0,18.143509000083213,auto
1767947329331,Sunny,Day,0.08619791666666667,100.0,6.0,19.265973999836206,auto
1767947329363,Sunny,Day,0.0859375,100.0,6.0,10.526363000053607,auto
1767947329393,Sunny,Day,0.08541666666666667,100.0,6.0,14.771708000125727,auto
1767947329424,Sunny,Day,0.08532986111111111,100.0,6.0,17.880105999893203,auto
1767947329456,Sunny,Day,0.08454861111111112,100.0,7.0,7.531962000030035,auto
1767947329487,Sunny,Day,0.08381076388888889,100.0,7.0,7.264484999950582,auto
1767947329519,Sunny,Day,0.08350694444444444,100.0,7.0,13.505614999985482,auto
1767947329550,Sunny,Day,0.08276909722222223,100.0,7.0,18.237285999930464,auto
1767947329582,Sunny,Day,0.08285590277777778,100.0,7.0,18.497023000008994,auto
1767947329613,Sunny,Day,0.08172743055555555,100.0,7.0,10.54915899999287,auto
1767947329645,Sunny,Day,0.08172743055555555,100.0,7.0,8.999625999877026,auto
1767947329676,Sunny,Day,0.08120659722222222,100.0,8.0,11.797806999993554,auto
1767947329707,Sunny,Day,0.08051215277777778,100.0,7.0,16.944120000061957,auto
1767947329739,Sunny,Day,0.08042534722222222,100.0,8.0,18.75996400008262,auto
1767947329773,Sunny,Day,0.080078125,100.0,7.0,19.107531999907224,auto
1767947329803,Sunny,Day,0.0802951388888889,100.0,7.0,6.416831000024104,auto
1767947329833,Sunny,Day,0.080859375,100.0,7.0,8.563446999914959,auto
1767947329865,Sunny,Day,0.08025173611111111,100.0,6.0,9.942260000116221,auto
1767947329895,Sunny,Day,0.07921006944444445,100.0,6.0,11.742696999817781,auto
1767947329928,Sunny,Day,0.07990451388888889,100.0,6.0,19.301270999903863,auto
1767947329958,Sunny,Day,0.07990451388888889,100.0,6.0,16.677124000125332,auto
1767947329991,Sunny,Day,0.08025173611111111,100.0,7.0,8.820202999913818,auto
1767947330021,Sunny,Day,0.07990451388888889,100.0,7.0,14.149457000030452,auto
1767947330053,Sunny,Day,0.07730034722222222,100.0,6.0,17.894976999969003,auto
1767947330086,Sunny,Day,0.081640625,100.0,7.0,17.71812700008013,auto
1767947330115,Sunny,Day,0.08216145833333334,100.0,7.0,15.251626999997825,auto
1767947330147,Sunny,Day,0.08307291666666666,100.0,7.0,17.049878000079843,auto
1767947330180,Sunny,Day,0.08311631944444445,100.0,7.0,19.529526000042097,auto
1767947330209,Sunny,Day,0.083984375,100.0,7.0,15.053370999794424,auto
1767947330241,Sunny,Day,0.08493923611111111,100.0,6.0,17.50037099986912,auto
1767947330272,Sunny,Day,0.0842013888888889,100.0,6.0,17.587683999863657,auto
1767947330303,Sunny,Day,0.08580729166666666,100.0,7.0,17.39192800005185,auto
1767947330335,Sunny,Day,0.08511284722222222,100.0,7.0,17.768200999853434,auto
1767947330367,Sunny,Day,0.08585069444444444,100.0,7.0,15.471789999992325,auto
1767947330401,Sunny,Day,0.08606770833333334,100.0,7.0,20.94196899997769,auto
1767947330429,Sunny,Day,0.08645833333333333,100.0,5.0,14.731449000009889,auto
1767947330460,Sunny,Day,0.08580729166666666,100.0,5.0,17.587276999847745,auto
1767947330492,Sunny,Day,0.08528645833333333,100.0,4.0,9.547099999963393,auto
1767947330523,Sunny,Day,0.08585069444444444,100.0,4.0,17.498037999985172,auto
1767947330555,Sunny,Day,0.08693576388888889,100.0,4.0,14.399213000160671,auto
1767947330586,Sunny,Day,0.0876736111111111,100.0,4.0,17.956883000124435,auto
1767947330618,Sunny,Day,0.08858506944444444,100.0,3.0,18.15493599997353,auto
1767947330650,Sunny,Day,0.08927951388888888,100.0,3.0,19.23227199995381,auto
1767947330680,Sunny,Day,0.08880208333333334,100.0,4.0,15.188350000016726,auto
1767947330712,Sunny,Day,0.08841145833333333,100.0,4.0,18.422467999926084,auto
1767947330743,Sunny,Day,0.0900607638888889,100.0,4.0,16.038003999938155,auto
1767947330775,Sunny,Day,0.08967013888888889,100.0,3.0,18.11036200001581,auto
1767947330808,Sunny,Day,0.09131944444444444,100.0,4.0,12.375483999903736,auto
1767947330839,Sunny,Day,0.091015625,100.0,4.0,4.234029999906852,auto
1767947330869,Sunny,Day,0.09223090277777778,100.0,5.0,16.82482599994728,auto
1767947330900,Sunny,Day,0.09197048611111111,100.0,5.0,11.41438699983155,auto
1767947330932,Sunny,Day,0.09314236111111111,100.0,5.0,12.573220999911427,auto
1767947330963,Sunny,Day,0.09431423611111112,100.0,5.0,14.577637000002142,auto
1767947330996,Sunny,Day,0.09470486111111111,100.0,5.0,19.55978499995581,auto
1767947331026,Sunny,Day,0.09618055555555556,100.0,4.0,15.978782999809482,auto
1767947331057,Sunny,Day,0.09670138888888889,100.0,5.0,7.795310999881622,auto
1767947331088,Sunny,Day,0.09665798611111111,100.0,5.0,8.531780999874172,auto
1767947331120,Sunny,Day,0.09605034722222222,100.0,6.0,9.791652000103568,auto
1767947331151,Sunny,Day,0.0959201388888889,100.0,6.0,11.75878900016869,auto
1767947331184,Sunny,Day,0.09661458333333334,100.0,6.0,18.483596999885776,auto
1767947331216,Sunny,Day,0.09830729166666667,100.0,5.0,8.811203000050227,auto
1767947331246,Sunny,Day,0.09578993055555556,100.0,5.0,11.300646999870878,auto
1767947331277,Sunny,Day,0.09713541666666667,100.0,5.0,17.92306900006224,auto
1767947331308,Sunny,Day,0.09674479166666666,100.0,5.0,16.977970999960235,auto
1767947331343,Sunny,Day,0.09782986111111111,100.0,4.0,20.2719410001464,auto
1767947331373,Sunny,Day,0.09800347222222222,100.0,4.0,11.671142000068357,auto
1767947331404,Sunny,Day,0.09796006944444445,100.0,3.0,15.673268000000462,auto
1767947331434,Sunny,Day,0.09782986111111111,100.0,4.0,15.82309900004475,auto
1767947331465,Sunny,Day,0.0998263888888889,100.0,3.0,18.05006700010381,auto
1767947331497,Sunny,Day,0.09986979166666667,100.0,4.0,17.62601700011146,auto
1767947331528,Sunny,Day,0.09921875,100.0,4.0,17.967826999893077,auto
1767947331559,Sunny,Day,0.10199652777777778,100.0,5.0,17.051174000016545,auto
1767947331591,Sunny,Day,0.1013454861111111,100.0,4.0,17.402167999989615,auto
1767947331624,Sunny,Day,0.10338541666666666,100.0,4.0,19.256585999983145,auto
1767947331654,Sunny,Day,0.10295138888888888,100.0,5.0,16.27468499987117,auto
1767947331686,Sunny,Day,0.10321180555555555,100.0,4.0,18.201711999836334,auto
1767947331717,Sunny,Day,0.10460069444444445,100.0,5.0,17.008637999879284,auto
1767947331748,Sunny,Day,0.10520833333333333,100.0,5.0,17.26511499987282,auto
1767947331780,Sunny,Day,0.10551215277777778,100.0,5.0,18.597615000089718,auto
1767947331812,Sunny,Day,0.10598958333333333,100.0,5.0,18.3356919999369,auto
1767947331842,Sunny,Day,0.10551215277777778,100.0,4.0,9.631227999989278,auto
1767947331873,Sunny,Day,0.10633680555555555,100.0,4.0,12.027619000036793,auto
1767947331905,Sunny,Day,0.10685763888888888,100.0,4.0,5.632693999814364,auto
1767947331936,Sunny,Day,0.10629340277777778,100.0,4.0,17.80260699979408,auto
1767947331968,Sunny,Day,0.10486111111111111,100.0,4.0,17.351485000062894,auto
1767947331999,Sunny,Day,0.10355902777777778,100.0,5.0,12.572981000175787,auto
1767947332033,Sunny,Day,0.10368923611111111,100.0,4.0,19.425398000066707,auto
1767947332062,Sunny,Day,0.10121527777777778,100.0,5.0,15.300997000167627,auto
1767947332095,Sunny,Day,0.10108506944444444,100.0,5.0,20.03963000015574,auto
1767947332128,Sunny,Day,0.10173611111111111,100.0,5.0,15.842043999782618,auto
1767947332158,Sunny,Day,0.10403645833333333,100.0,4.0,13.775130000112767,auto
1767947332191,Sunny,Day,0.10203993055555556,100.0,4.0,16.43277599987414,auto
1767947332221,Sunny,Day,0.10277777777777777,100.0,4.0,15.90928299992811,auto
1767947332250,Sunny,Day,0.10130208333333333,100.0,4.0,11.957360999986122,auto
1767947332282,Sunny,Day,0.10251736111111111,100.0,4.0,18.53311499985466,auto
1767947332314,Sunny,Day,0.10282118055555556,100.0,3.0,5.18442300017341,auto
1767947332345,Sunny,Day,0.10082465277777777,100.0,3.0,11.292000000139524,auto
1767947332376,Sunny,Day,0.10164930555555556,100.0,3.0,11.626050999893778,auto
1767947332407,Sunny,Day,0.103125,100.0,2.0,9.08580999998776,auto
1767947332441,Sunny,Day,0.10203993055555556,100.0,3.0,14.599246999978277,auto
1767947332470,Sunny,Day,0.09978298611111111,100.0,4.0,14.728412000067692,auto
1767947332502,Sunny,Day,0.09891493055555556,100.0,3.0,17.857700000149634,auto
1767947332535,Sunny,Day,0.09947916666666666,100.0,3.0,19.079107999914413,auto
1767947332564,Sunny,Day,0.09635416666666667,100.0,4.0,14.850169999817808,auto
1767947332597,Sunny,Day,0.09704861111111111,100.0,3.0,18.259934000070643,auto
1767947332629,Sunny,Day,0.095703125,100.0,4.0,14.303011000038168,auto
1767947332658,Sunny,Day,0.09605034722222222,100.0,3.0,14.619302999790307,auto
1767947332690,Sunny,Day,0.09379340277777778,100.0,4.0,18.340654999974504,auto
1767947332722,Sunny,Day,0.09210069444444445,100.0,4.0,15.269606999936514,auto
1767947332753,Sunny,Day,0.08984375,100.0,4.0,12.296152000089933,auto
1767947332784,Sunny,Day,0.09110243055555556,100.0,3.0,11.62905099999989,auto
1767947332815,Sunny,Day,0.09088541666666666,100.0,4.0,9.538415000179157,auto
1767947332847,Sunny,Day,0.08923611111111111,100.0,4.0,14.78002299995751,auto
1767947332879,Sunny,Day,0.08402777777777778,100.0,4.0,19.280567000123483,auto
1767947332912,Sunny,Day,0.082421875,100.0,5.0,19.087589000037042,auto
1767947332941,Sunny,Day,0.08515625,100.0,5.0,7.6182020000032935,auto
1767947332974,Sunny,Day,0.08233506944444445,100.0,5.0,14.591487999950914,auto
1767947333004,Sunny,Day,0.07964409722222222,100.0,6.0,8.910293999861096,auto
1767947333036,Sunny,Day,0.07886284722222223,100.0,5.0,10.954894000178683,auto
1767947333068,Sunny,Day,0.07777777777777778,100.0,5.0,16.117928000085158,auto
1767947333098,Sunny,Day,0.07643229166666667,100.0,6.0,11.014041000180441,auto
1767947333130,Sunny,Day,0.06996527777777778,100.0,6.0,18.517263999910938,auto
1767947333161,Sunny,Day,0.06631944444444444,100.0,8.0,16.10811399996237,auto
1767947333192,Sunny,Day,0.0671875,100.0,7.0,17.43259499994565,auto
1767947333224,Sunny,Day,0.06150173611111111,100.0,9.0,17.766182000059416,auto
1767947333256,Sunny,Day,0.060460069444444445,100.0,8.0,18.974738999986585,auto
1767947333286,Sunny,Day,0.05798611111111111,100.0,8.0,17.043693000005078,auto
1767947333318,Sunny,Day,0.054774305555555555,100.0,8.0,17.490205000058268,auto
1767947333349,Sunny,Day,0.05525173611111111,100.0,8.0,12.81292199996642,auto
1767947333381,Sunny,Day,0.050694444444444445,100.0,8.0,12.293300000010277,auto
1767947333412,Sunny,Day,0.047699652777777775,95.39930555555554,8.0,10.291236999819375,auto
1767947333444,Sunny,Day,0.041493055555555554,82.98611111111111,9.0,17.732016000081785,auto
1767947333475,Sunny,Day,0.04318576388888889,86.37152777777777,9.0,17.67764599981092,auto
1767947333506,Sunny,Day,0.04162326388888889,83.24652777777777,8.0,17.57596300012665,auto
1767947333539,Sunny,Day,0.03389756944444444,67.79513888888889,-49.0,19.779133999918486,auto
1767947333571,Sunny,Day,0.03359375,67.1875,-48.0,13.936478999994506,auto
1767947333600,Sunny,Day,0.03706597222222222,74.13194444444444,9.0,10.459215999844673,auto
1767947333633,Sunny,Day,0.031206597222222222,62.41319444444444,-48.0,18.430320999868854,auto
1767947333664,Sunny,Day,0.023220486111111112,46.44097222222222,-46.0,13.818963000176154,auto
1767947333695,Sunny,Day,0.026128472222222223,52.25694444444444,-43.0,10.32675500005098,auto
1767947333726,Sunny,Day,0.02769097222222222,55.38194444444444,-43.0,14.635801999929754,auto
1767947333759,Sunny,Day,0.03125,62.5,-43.0,6.847103000154675,auto
1767947333791,Sunny,Day,0.03745659722222222,74.91319444444444,-41.0,5.049221000035686,auto
1767947333822,Sunny,Day,0.03797743055555555,75.9548611111111,-37.0,7.589110000026267,auto
1767947333855,Sunny,Day,0.04422743055555556,88.45486111111111,-35.0,7.0975809999254125,auto
1767947333883,Sunny,Day,0.04809027777777778,96.18055555555556,-31.0,6.225519000054192,auto
1767947333914,Sunny,Day,0.055815972222222225,100.0,-28.0,9.842929000114964,auto
1767947333948,Sunny,Day,0.060460069444444445,100.0,-23.0,8.33032200011985,auto
1767947333980,Sunny,Day,0.06519097222222223,100.0,-21.0,8.230526000033933,auto
1767947334009,Sunny,Day,0.076171875,100.0,-16.0,7.846865000146863,auto
1767947334041,Sunny,Day,0.08372395833333333,100.0,-12.0,8.828387999983534,auto
1767947334073,Sunny,Day,0.08997395833333334,100.0,-6.0,16.711974999907397,auto
1767947334103,Sunny,Day,0.09249131944444444,100.0,-1.0,13.479578999977093,auto
1767947334136,Sunny,Day,0.10646701388888889,100.0,0.0,18.468320000010863,auto
1767947334168,Sunny,Day,0.11462673611111111,100.0,4.0,12.08456200015462,auto
1767947334199,Sunny,Day,0.11909722222222222,100.0,10.0,5.332940000016606,auto
1767947334229,Sunny,Day,0.12113715277777778,100.0,14.0,9.960333999970317,auto
1767947334264,Sunny,Day,0.12534722222222222,100.0,17.0,3.953866999836464,auto
1767947334295,Sunny,Day,0.1286892361111111,100.0,13.0,6.005727000001571,auto
1767947334323,Sunny,Day,0.12921006944444444,100.0,24.0,6.078039999920293,auto
1767947334354,Sunny,Day,0.12877604166666667,100.0,24.0,6.887138999900344,auto
1767947334385,Sunny,Day,0.12960069444444444,100.0,22.0,16.804715000034776,auto
1767947334417,Sunny,Day,0.1295138888888889,100.0,24.0,14.83966900013911,auto
1767947334452,Sunny,Day,0.12682291666666667,100.0,-9.0,17.094746999873678,auto
1767947334481,Sunny,Day,0.12599826388888888,100.0,29.0,5.957652999995844,auto
1767947334511,Sunny,Day,0.121875,100.0,33.0,13.929332000088834,auto
1767947334543,Sunny,Day,0.1273871527777778,100.0,-4.0,18.037067000022944,auto
1767947334575,Sunny,Day,0.122265625,100.0,33.0,18.01571500004684,auto
1767947334605,Sunny,Day,0.12604166666666666,100.0,34.0,14.617359000112629,auto
1767947334638,Sunny,Day,0.12708333333333333,100.0,36.0,5.344087999901603,auto
1767947334668,Sunny,Day,0.1213107638888889,100.0,38.0,14.023366999936115,auto
1767947334701,Sunny,Day,0.12369791666666667,100.0,41.0,8.64887199986697,auto
1767947334732,Sunny,Day,0.11831597222222222,100.0,35.0,11.668123999925228,auto
1767947334763,Sunny,Day,0.11549479166666667,100.0,35.0,5.005166999808353,auto
1767947334797,Sunny,Day,0.11276041666666667,100.0,35.0,10.345958000016253,auto
1767947334825,Sunny,Day,0.11471354166666667,100.0,36.0,10.145202000103382,auto
1767947334860,Sunny,Day,0.10980902777777778,100.0,33.0,15.659638999977687,auto
1767947334889,Sunny,Day,0.109765625,100.0,34.0,12.988308999865694,auto
1767947334920,Sunny,Day,0.102734375,100.0,31.0,12.607517999867923,auto
1767947334951,Sunny,Day,0.10416666666666667,100.0,31.0,17.119505999971807,auto
1767947334984,Sunny,Day,0.10243055555555555,100.0,28.0,10.494121999954586,auto
1767947335014,Sunny,Day,0.09930555555555555,100.0,28.0,15.622398999994402,auto
1767947335045,Sunny,Day,0.09986979166666667,100.0,27.0,16.097984999987602,auto
1767947335077,Sunny,Day,0.09574652777777778,100.0,24.0,6.218463000095653,auto
1767947335109,Sunny,Day,0.0984375,100.0,23.0,6.320684999991499,auto
1767947335139,Sunny,Day,0.0939670138888889,100.0,21.0,10.015278000082617,auto
1767947335174,Sunny,Day,0.09162326388888889,100.0,19.0,9.816540999963763,auto
1767947335207,Sunny,Day,0.08949652777777778,100.0,20.0,10.08483299983709,auto
1767947335234,Sunny,Day,0.09058159722222223,100.0,19.0,5.056610000110595,auto
1767947335265,Sunny,Day,0.08927951388888888,100.0,20.0,17.180319999852145,auto
1767947335297,Sunny,Day,0.08984375,100.0,18.0,12.476500999810014,auto
1767947335328,Sunny,Day,0.09001736111111111,100.0,19.0,15.988005000053818,auto
1767947335360,Sunny,Day,0.09383680555555556,100.0,19.0,7.474056000091878,auto
1767947335393,Sunny,Day,0.09631076388888889,100.0,18.0,12.412743000140836,auto
1767947335422,Sunny,Day,0.09440104166666667,100.0,19.0,10.79217400001653,auto
1767947335453,Sunny,Day,0.09366319444444444,100.0,18.0,8.929758000022048,auto
1767947335486,Sunny,Day,0.09197048611111111,100.0,17.0,9.948409000116953,auto
1767947335519,Sunny,Day,0.089453125,100.0,13.0,18.036474999917118,auto
1767947335547,Sunny,Day,0.09053819444444444,100.0,14.0,13.504727000054118,auto
1767947335585,Sunny,Day,0.08689236111111111,100.0,15.0,18.131916999891473,auto
1767947335610,Sunny,Day,0.08702256944444445,100.0,19.0,8.979626999916945,auto
1767947335641,Sunny,Day,0.08684895833333334,100.0,17.0,17.342966999876808,auto
1767947335675,Sunny,Day,0.08849826388888889,100.0,13.0,20.569475000002058,auto
1767947335710,Sunny,Day,0.0881076388888889,100.0,15.0,7.0097850000365725,auto
1767947335740,Sunny,Day,0.08602430555555556,100.0,15.0,3.886830999817903,auto
1767947335768,Sunny,Day,0.08802083333333334,100.0,10.0,8.453931000076409,auto
1767947335801,Sunny,Day,0.08728298611111111,100.0,10.0,14.785393000011027,auto
1767947335830,Sunny,Day,0.08697916666666666,100.0,9.0,7.350465999934386,auto
1767947335862,Sunny,Day,0.08459201388888889,100.0,10.0,17.44661299994732,auto
1767947335894,Sunny,Day,0.08589409722222222,100.0,8.0,17.581850999931703,auto
1767947335924,Sunny,Day,0.08953993055555555,100.0,5.0,15.154257999938636,auto
1767947335957,Sunny,Day,0.08884548611111111,100.0,6.0,18.336137000005692,auto
1767947335990,Sunny,Day,0.08984375,100.0,6.0,17.046729999947274,auto
1767947336020,Sunny,Day,0.09036458333333333,100.0,6.0,14.715800999965722,auto
1767947336050,Sunny,Day,0.09227430555555556,100.0,5.0,10.10386899997684,auto
1767947336083,Sunny,Day,0.09392361111111111,100.0,4.0,15.64378700004454,auto
1767947336114,Sunny,Day,0.09435763888888889,100.0,4.0,5.5196590001287404,auto
1767947336146,Sunny,Day,0.09535590277777778,100.0,5.0,4.9305750001167326,auto
1767947336175,Sunny,Day,0.09717881944444444,100.0,4.0,6.378498000003674,auto
1767947336209,Sunny,Day,0.1,100.0,3.0,10.99035700008244,auto
1767947336238,Sunny,Day,0.10052083333333334,100.0,5.0,9.56521100010832,auto
1767947336271,Sunny,Day,0.101953125,100.0,4.0,5.541232999803469,auto
1767947336304,Sunny,Day,0.103515625,100.0,5.0,5.195868000100745,auto
1767947336334,Sunny,Day,0.10863715277777777,100.0,3.0,8.353043999932197,auto
1767947336364,Sunny,Day,0.10833333333333334,100.0,5.0,15.339347999997699,auto
1767947336399,Sunny,Day,0.1091579861111111,100.0,6.0,20.708157999933974,auto
1767947336427,Sunny,Day,0.11124131944444444,100.0,5.0,6.483755999852292,auto
1767947336458,Sunny,Day,0.112890625,100.0,5.0,15.716341999905126,auto
1767947336490,Sunny,Day,0.11419270833333334,100.0,5.0,9.418267999990348,auto
1767947336522,Sunny,Day,0.11506076388888889,100.0,5.0,11.679826999852594,auto
1767947336552,Sunny,Day,0.11493055555555555,100.0,6.0,6.529978000116898,auto
1767947336584,Sunny,Day,0.11540798611111111,100.0,6.0,11.221296999792685,auto
1767947336615,Sunny,Day,0.116796875,100.0,6.0,8.061714999939795,auto
1767947336648,Sunny,Day,0.11875,100.0,5.0,17.38726200005658,auto
1767947336678,Sunny,Day,0.11844618055555556,100.0,7.0,13.7460190001093,auto
1767947336710,Sunny,Day,0.12039930555555556,100.0,6.0,9.952761000022292,auto
1767947336742,Sunny,Day,0.12035590277777777,100.0,7.0,10.599510000020018,auto
1767947336772,Sunny,Day,0.12170138888888889,100.0,7.0,8.973126000000775,auto
1767947336803,Sunny,Day,0.12105034722222222,100.0,7.0,10.232996999775423,auto
1767947336836,Sunny,Day,0.12035590277777777,100.0,7.0,9.775429999990592,auto
1767947336866,Sunny,Day,0.12152777777777778,100.0,6.0,6.506182000066474,auto
1767947336897,Sunny,Day,0.12000868055555555,100.0,7.0,10.38675399991007,auto
1767947336930,Sunny,Day,0.11983506944444444,100.0,7.0,8.6157060000005,auto
1767947336960,Sunny,Day,0.11940104166666667,100.0,7.0,7.830457999943974,auto
1767947336992,Sunny,Day,0.11983506944444444,100.0,6.0,8.925627000053282,auto
1767947337028,Sunny,Day,0.12048611111111111,100.0,6.0,4.300640000110434,auto
1767947337058,Sunny,Day,0.11736111111111111,100.0,7.0,5.031593000012435,auto
1767947337086,Sunny,Day,0.11827256944444445,100.0,6.0,6.762141000081101,auto
1767947337120,Sunny,Day,0.11857638888888888,100.0,6.0,20.260534999806623,auto
1767947337149,Sunny,Day,0.11805555555555555,100.0,6.0,13.0802329999824,auto
1767947337180,Sunny,Day,0.11779513888888889,100.0,6.0,9.8930389999623,auto
1767947337215,Sunny,Day,0.11662326388888888,100.0,7.0,4.868464999844946,auto
1767947337249,Sunny,Day,0.11688368055555555,100.0,7.0,3.142546000162838,auto
1767947337276,Sunny,Day,0.11688368055555555,100.0,7.0,7.865384000069753,auto
1767947337306,Sunny,Day,0.11701388888888889,100.0,7.0,11.780843999986246,auto
1767947337338,Sunny,Day,0.11666666666666667,100.0,7.0,5.920190999859187,auto
1767947337368,Sunny,Day,0.11514756944444444,100.0,7.0,16.485811999928046,auto
1767947337400,Sunny,Day,0.11462673611111111,100.0,7.0,16.902954999977737,auto
1767947337434,Sunny,Day,0.11414930555555555,100.0,7.0,17.382372999918516,auto
1767947337463,Sunny,Day,0.11345486111111111,100.0,6.0,11.451941999894188,auto
1767947337495,Sunny,Day,0.11241319444444445,100.0,6.0,15.895007000153782,auto
1767947337529,Sunny,Day,0.11150173611111111,100.0,6.0,5.241792999868267,auto
1767947337560,Sunny,Day,0.11184895833333333,100.0,6.0,11.704532000067047,auto
1767947337589,Sunny,Day,0.11184895833333333,100.0,6.0,6.240111999886722,auto
1767947337621,Sunny,Day,0.11163194444444445,100.0,5.0,18.382914000085293,auto
1767947337656,Sunny,Day,0.11115451388888889,100.0,4.0,7.830385000033857,auto
1767947337684,Sunny,Day,0.11115451388888889,100.0,4.0,3.5506520000581077,auto
1767947337714,Sunny,Day,0.11080729166666667,100.0,3.0,9.709319999956278,auto
1767947337747,Sunny,Day,0.11028645833333334,100.0,4.0,7.559907000086241,auto
1767947337777,Sunny,Day,0.110546875,100.0,4.0,10.479234000058568,auto
1767947337809,Sunny,Day,0.11067708333333333,100.0,5.0,19.10023700020247,auto
1767947337839,Sunny,Day,0.11080729166666667,100.0,5.0,8.31630400011818,auto
1767947337872,Sunny,Day,0.11059027777777777,100.0,6.0,7.263744000056249,auto
1767947337902,Sunny,Day,0.10993923611111112,100.0,7.0,10.036463000005824,auto
1767947337934,Sunny,Day,0.10967881944444445,100.0,7.0,9.959630999901492,auto
1767947337968,Sunny,Day,0.10985243055555556,100.0,7.0,10.525196000116921,auto
1767947337997,Sunny,Day,0.10946180555555556,100.0,7.0,12.158005999935995,auto
1767947338029,Sunny,Day,0.10889756944444444,100.0,7.0,18.91060999992078,auto
1767947338062,Sunny,Day,0.109375,100.0,6.0,10.130442999980005,auto
1767947338091,Sunny,Day,0.10881076388888888,100.0,5.0,10.219959999858474,auto
1767947338123,Sunny,Day,0.10842013888888889,100.0,5.0,10.582935999991605,auto
1767947338157,Sunny,Day,0.10828993055555555,100.0,5.0,7.790774000113743,auto
1767947338186,Sunny,Day,0.10768229166666667,100.0,5.0,5.637305999925957,auto
1767947338218,Sunny,Day,0.10733506944444444,100.0,6.0,9.753503999945679,auto
1767947338248,Sunny,Day,0.10881076388888888,100.0,6.0,12.214078999932099,auto
1767947338279,Sunny,Day,0.10842013888888889,100.0,6.0,7.476556000028722,auto
1767947338312,Sunny,Day,0.10881076388888888,100.0,6.0,16.003300999955172,auto
1767947338342,Sunny,Day,0.10824652777777778,100.0,6.0,12.353799000038634,auto
1767947338376,Sunny,Day,0.10746527777777778,100.0,7.0,10.695915999804129,auto
1767947338405,Sunny,Day,0.10768229166666667,100.0,6.0,8.888165000144,auto
1767947338437,Sunny,Day,0.10776909722222222,100.0,6.0,15.745675000061965,auto
1767947338469,Sunny,Day,0.1078125,100.0,6.0,8.29698899997311,auto
1767947338499,Sunny,Day,0.107421875,100.0,6.0,5.589417999999569,auto
1767947338530,Sunny,Day,0.10681423611111111,100.0,6.0,14.150494999967123,auto
1767947338567,Sunny,Day,0.10694444444444444,100.0,5.0,8.542262999981176,auto
1767947338593,Sunny,Day,0.1076388888888889,100.0,4.0,7.017860000132714,auto
1767947338627,Sunny,Day,0.10681423611111111,100.0,4.0,16.402980000066236,auto
1767947338656,Sunny,Day,0.10672743055555556,100.0,4.0,10.445457000059832,auto
1767947338688,Sunny,Day,0.10659722222222222,100.0,4.0,17.383762999997998,auto
1767947338719,Sunny,Day,0.10694444444444444,100.0,4.0,16.283241000110138,auto
1767947338751,Sunny,Day,0.10651041666666666,100.0,4.0,9.022144999789816,auto
1767947338783,Sunny,Day,0.10698784722222222,100.0,4.0,9.475637999912578,auto
1767947338813,Sunny,Day,0.10659722222222222,100.0,5.0,14.55917400016915,auto
1767947338845,Sunny,Day,0.1072048611111111,100.0,6.0,12.351983999906224,auto
1767947338876,Sunny,Day,0.10659722222222222,100.0,6.0,6.451146000017616,auto
1767947338907,Sunny,Day,0.106640625,100.0,6.0,7.119969000086712,auto
1767947338940,Sunny,Day,0.10625,100.0,7.0,11.71523499988325,auto
1767947338971,Sunny,Day,0.10629340277777778,100.0,7.0,3.5781700000825367,auto
1767947339001,Sunny,Day,0.10638020833333334,100.0,6.0,16.20542800014846,auto
1767947339033,Sunny,Day,0.10620659722222223,100.0,6.0,16.65306899985808,auto
1767947339064,Sunny,Day,0.10651041666666666,100.0,6.0,16.517996999937168,auto
1767947339096,Sunny,Day,0.10551215277777778,100.0,6.0,7.402390999914132,auto
1767947339127,Sunny,Day,0.10572916666666667,100.0,6.0,11.317963000010423,auto
1767947339159,Sunny,Day,0.10564236111111111,100.0,6.0,15.911210000012943,auto
1767947339191,Sunny,Day,0.1056857638888889,100.0,5.0,7.4871480001093005,auto
1767947339221,Sunny,Day,0.10533854166666666,100.0,5.0,7.931178999797339,auto
1767947339252,Sunny,Day,0.10533854166666666,100.0,5.0,10.089239999842903,auto
1767947339284,Sunny,Day,0.10559895833333334,100.0,5.0,9.932632000072772,auto
1767947339317,Sunny,Day,0.10503472222222222,100.0,6.0,9.25112300001274,auto
1767947339346,Sunny,Day,0.10460069444444445,100.0,6.0,13.439043000062156,auto
1767947339378,Sunny,Day,0.10477430555555556,100.0,7.0,15.341292000130125,auto
1767947339409,Sunny,Day,0.10412326388888889,100.0,7.0,11.76058600003671,auto
1767947339441,Sunny,Day,0.1046875,100.0,7.0,17.94116199994278,auto
1767947339472,Sunny,Day,0.10455729166666666,100.0,7.0,18.123917999901096,auto
1767947339504,Sunny,Day,0.10368923611111111,100.0,7.0,6.619124000053489,auto
1767947339535,Sunny,Day,0.10394965277777778,100.0,6.0,15.05211100015913,auto
1767947339567,Sunny,Day,0.10490451388888888,100.0,6.0,10.554287999866574,auto
1767947339599,Sunny,Day,0.10551215277777778,100.0,5.0,12.37270699994042,auto
1767947339629,Sunny,Day,0.10577256944444445,100.0,4.0,11.96382399984941,auto
1767947339661,Sunny,Day,0.10512152777777778,100.0,4.0,17.818923000049836,auto
1767947339695,Sunny,Day,0.10520833333333333,100.0,4.0,8.564688999967984,auto
1767947339723,Sunny,Day,0.106640625,100.0,3.0,6.1202060001050995,auto
1767947339756,Sunny,Day,0.10655381944444445,100.0,2.0,10.275460000002568,auto
1767947339786,Sunny,Day,0.10668402777777777,100.0,3.0,8.476319000010335,auto
1767947339821,Sunny,Day,0.10672743055555556,100.0,2.0,6.492720000096597,auto
1767947339850,Sunny,Day,0.10703125,100.0,2.0,4.760892999911448,auto
1767947339883,Sunny,Day,0.106640625,100.0,3.0,19.20534700002463,auto
1767947339914,Sunny,Day,0.10685763888888888,100.0,3.0,5.554252000138149,auto
1767947339944,Sunny,Day,0.10685763888888888,100.0,3.0,14.840985000091678,auto
1767947339975,Sunny,Day,0.10651041666666666,100.0,4.0,10.715934999780075,auto
1767947340006,Sunny,Day,0.10642361111111111,100.0,4.0,11.28440699994826,auto
1767947340039,Sunny,Day,0.10638020833333334,100.0,5.0,9.043884999982765,auto
1767947340069,Sunny,Day,0.10598958333333333,100.0,5.0,10.56697399985751,auto
1767947340101,Sunny,Day,0.105859375,100.0,5.0,17.89094000014302,auto
1767947340132,Sunny,Day,0.10572916666666667,100.0,5.0,10.714026999949056,auto
1767947340168,Sunny,Day,0.10577256944444445,100.0,5.0,15.369476999921972,auto
1767947340197,Sunny,Day,0.10598958333333333,100.0,4.0,4.765595999970174,auto
1767947340226,Sunny,Day,0.10616319444444444,100.0,4.0,8.2304899999599,auto
1767947340258,Sunny,Day,0.10633680555555555,100.0,3.0,14.155328000015288,auto
1767947340289,Sunny,Day,0.10572916666666667,100.0,3.0,5.473030000075596,auto
1767947340320,Sunny,Day,0.10538194444444444,100.0,3.0,16.886250999959884,auto
1767947340351,Sunny,Day,0.10555555555555556,100.0,3.0,9.592506999979378,auto
1767947340384,Sunny,Day,0.10512152777777778,100.0,3.0,9.792948000040269,auto
1767947340416,Sunny,Day,0.105859375,100.0,3.0,10.952709000093819,auto
1767947340446,Sunny,Day,0.10529513888888889,100.0,3.0,6.686771999966368,auto
1767947340477,Sunny,Day,0.10481770833333333,100.0,3.0,12.366392000103588,auto
1767947340511,Sunny,Day,0.104296875,100.0,3.0,6.752714999947784,auto
1767947340540,Sunny,Day,0.10421006944444444,100.0,3.0,7.5356110000939225,auto
1767947340571,Sunny,Day,0.10494791666666667,100.0,3.0,17.70331299985628,auto
1767947340604,Sunny,Day,0.10464409722222222,100.0,2.0,4.522526000073412,auto
1767947340636,Sunny,Day,0.10442708333333334,100.0,2.0,7.380317000070136,auto
1767947340665,Sunny,Day,0.10451388888888889,100.0,2.0,11.13692900003116,auto
1767947340698,Sunny,Day,0.10473090277777777,100.0,2.0,8.901350000087405,auto
1767947340729,Sunny,Day,0.10486111111111111,100.0,2.0,8.408821000102762,auto
1767947340762,Sunny,Day,0.10442708333333334,100.0,2.0,13.884535999977743,auto
1767947340793,Sunny,Day,0.10399305555555556,100.0,2.0,11.435906000087925,auto
1767947340827,Sunny,Day,0.10368923611111111,100.0,2.0,8.624316999885195,auto
1767947340856,Sunny,Day,0.10355902777777778,100.0,2.0,4.387454000152502,auto
1767947340885,Sunny,Day,0.10338541666666666,100.0,2.0,9.670357000004515,auto
1767947340920,Sunny,Day,0.10381944444444445,100.0,2.0,14.72857999988264,auto
1767947340948,Sunny,Day,0.10308159722222222,100.0,2.0,11.591200000111712,auto
1767947340979,Sunny,Day,0.10299479166666667,100.0,2.0,15.722694000032789,auto
1767947341011,Sunny,Day,0.1037326388888889,100.0,2.0,10.73676699979842,auto
1767947341044,Sunny,Day,0.10364583333333334,100.0,2.0,17.29370799989738,auto
1767947341074,Sunny,Day,0.10295138888888888,100.0,1.0,15.915246999838928,auto
1767947341105,Sunny,Day,0.10282118055555556,100.0,2.0,16.293038000185334,auto
1767947341136,Sunny,Day,0.102734375,100.0,2.0,17.120043999966583,auto
1767947341168,Sunny,Day,0.10407986111111112,100.0,2.0,12.627962000124171,auto
1767947341199,Sunny,Day,0.10455729166666666,100.0,2.0,11.035670999945069,auto
1767947341233,Sunny,Day,0.10538194444444444,100.0,2.0,19.214773000157948,auto
1767947341262,Sunny,Day,0.10503472222222222,100.0,2.0,8.196415999918827,auto
1767947341293,Sunny,Day,0.10494791666666667,100.0,2.0,17.84721800004263,auto
1767947341326,Sunny,Day,0.105078125,100.0,2.0,14.469250000047396,auto
1767947341356,Sunny,Day,0.10581597222222222,100.0,2.0,16.37857300011092,auto
1767947341388,Sunny,Day,0.10694444444444444,100.0,2.0,12.198709000131203,auto
1767947341421,Sunny,Day,0.10655381944444445,100.0,2.0,9.834688999944774,auto
1767947341451,Sunny,Day,0.10677083333333333,100.0,2.0,7.5255740000557125,auto
1767947341482,Sunny,Day,0.10659722222222222,100.0,2.0,7.522462999986601,auto
1767947341515,Sunny,Day,0.10603298611111112,100.0,2.0,5.4851419999977225,auto
1767947341545,Sunny,Day,0.10703125,100.0,2.0,11.52008899998691,auto
1767947341576,Sunny,Day,0.10651041666666666,100.0,2.0,16.859363000094163,auto
1767947341609,Sunny,Day,0.10555555555555556,100.0,2.0,18.541800999855695,auto
1767947341639,Sunny,Day,0.10707465277777778,100.0,2.0,10.659565999958431,auto
1767947341670,Sunny,Day,0.10611979166666667,100.0,2.0,11.212315999955536,auto
1767947341704,Sunny,Day,0.10512152777777778,100.0,2.0,14.299679000032484,auto
1767947341735,Sunny,Day,0.10590277777777778,100.0,1.0,5.052647999946203,auto
1767947341766,Sunny,Day,0.10633680555555555,100.0,1.0,8.666613000059442,auto
1767947341797,Sunny,Day,0.10850694444444445,100.0,1.0,6.70884499982094,auto
1767947341830,Sunny,Day,0.10855034722222222,100.0,1.0,7.607610000150089,auto
1767947341859,Sunny,Day,0.10811631944444444,100.0,1.0,6.043706999889764,auto
1767947341890,Sunny,Day,0.10967881944444445,100.0,1.0,15.87802499989266,auto
1767947341922,Sunny,Day,0.11002604166666667,100.0,2.0,14.85842900001444,auto
1767947341956,Sunny,Day,0.111328125,100.0,2.0,2.727979000155756,auto
1767947341985,Sunny,Day,0.11189236111111112,100.0,2.0,6.33111000001918,auto
1767947342016,Sunny,Day,0.11137152777777778,100.0,2.0,8.744204000095124,auto
1767947342047,Sunny,Day,0.11067708333333333,100.0,2.0,10.588880999875983,auto
1767947342080,Sunny,Day,0.11150173611111111,100.0,2.0,7.006304000015007,auto
1767947342110,Sunny,Day,0.11202256944444444,100.0,2.0,9.061052000106429,auto
1767947342143,Sunny,Day,0.11336805555555556,100.0,2.0,11.455163999926299,auto
1767947342173,Sunny,Day,0.1140625,100.0,2.0,12.016840999876877,auto
1767947342204,Sunny,Day,0.11610243055555555,100.0,2.0,17.71038700007921,auto
1767947342235,Sunny,Day,0.11471354166666667,100.0,2.0,17.77836699989166,auto
1767947342267,Sunny,Day,0.11597222222222223,100.0,2.0,19.15175499993893,auto
1767947342299,Sunny,Day,0.11575520833333333,100.0,2.0,17.94643899984294,auto
1767947342331,Sunny,Day,0.11549479166666667,100.0,2.0,15.051074999973935,auto
1767947342364,Sunny,Day,0.11723090277777778,100.0,1.0,12.789237000106368,auto
1767947342396,Sunny,Day,0.11710069444444444,100.0,1.0,4.734707999887178,auto
1767947342424,Sunny,Day,0.11987847222222223,100.0,1.0,7.701035000081902,auto
1767947342455,Sunny,Day,0.12161458333333333,100.0,1.0,10.81872999998268,auto
1767947342486,Sunny,Day,0.12213541666666666,100.0,1.0,17.57763000000523,auto
1767947342519,Sunny,Day,0.12365451388888889,100.0,1.0,16.97828699980164,auto
1767947342551,Sunny,Day,0.12547743055555555,100.0,2.0,15.872452000166959,auto
1767947342581,Sunny,Day,0.12439236111111111,100.0,2.0,15.74097200000324,auto
1767947342612,Sunny,Day,0.12508680555555557,100.0,2.0,11.116744000219114,auto
1767947342643,Sunny,Day,0.12586805555555555,100.0,2.0,17.12069299992436,auto
1767947342675,Sunny,Day,0.1265190972222222,100.0,2.0,17.65388800004075,auto
1767947342706,Sunny,Day,0.12530381944444444,100.0,2.0,13.282601000128125,auto
1767947342738,Sunny,Day,0.12408854166666666,100.0,2.0,15.285385999959544,auto
1767947342769,Sunny,Day,0.12022569444444445,100.0,2.0,16.044727000007697,auto
1767947342800,Sunny,Day,0.11905381944444444,100.0,2.0,10.594178000019383,auto
1767947342832,Sunny,Day,0.1171875,100.0,2.0,16.163650999942547,auto
1767947342863,Sunny,Day,0.117578125,100.0,2.0,16.91558399988935,auto
1767947342895,Sunny,Day,0.11796875,100.0,2.0,16.99525000003632,auto
1767947342926,Sunny,Day,0.11840277777777777,100.0,2.0,18.073511000011422,auto
1767947342961,Sunny,Day,0.11857638888888888,100.0,2.0,20.65897300008146,auto
1767947342992,Sunny,Day,0.11940104166666667,100.0,2.0,6.12348300001031,auto
1767947343021,Sunny,Day,0.12035590277777777,100.0,1.0,8.091565999848171,auto
1767947343053,Sunny,Day,0.12000868055555555,100.0,1.0,10.30436699988968,auto
1767947343084,Sunny,Day,0.119921875,100.0,1.0,10.041389999969397,auto
1767947343115,Sunny,Day,0.12083333333333333,100.0,1.0,17.583888999979536,auto
1767947343147,Sunny,Day,0.12092013888888889,100.0,1.0,7.794273999934376,auto
1767947343178,Sunny,Day,0.12170138888888889,100.0,1.0,6.6978269999253826,auto
1767947343210,Sunny,Day,0.12165798611111112,100.0,1.0,5.255459999943923,auto
1767947343240,Sunny,Day,0.12222222222222222,100.0,1.0,9.840762000067116,auto
1767947343274,Sunny,Day,0.12196180555555555,100.0,1.0,11.31136999993032,auto
1767947343304,Sunny,Day,0.11996527777777778,100.0,1.0,6.429554000078497,auto
1767947343335,Sunny,Day,0.11766493055555556,100.0,1.0,9.384583999917595,auto
1767947343368,Sunny,Day,0.11571180555555556,100.0,1.0,3.679761000057624,auto
1767947343400,Sunny,Day,0.11636284722222222,100.0,1.0,10.289367000041238,auto
1767947343429,Sunny,Day,0.11701388888888889,100.0,1.0,5.8281179999539745,auto
1767947343460,Sunny,Day,0.11792534722222223,100.0,1.0,11.770586000011463,auto
1767947343492,Sunny,Day,0.11883680555555555,100.0,1.0,8.636631999934252,auto
1767947343523,Sunny,Day,0.11927083333333334,100.0,1.0,8.160954000004494,auto
1767947343554,Sunny,Day,0.11944444444444445,100.0,1.0,8.690908999824387,auto
1767947343587,Sunny,Day,0.12061631944444444,100.0,1.0,10.02253800015751,auto
1767947343617,Sunny,Day,0.120703125,100.0,1.0,13.745039000014003,auto
1767947343648,Sunny,Day,0.12217881944444445,100.0,1.0,7.874809999975696,auto
1767947343681,Sunny,Day,0.1228298611111111,100.0,2.0,9.201716000006854,auto
1767947343713,Sunny,Day,0.12335069444444445,100.0,2.0,5.160313000033057,auto
1767947343742,Sunny,Day,0.1232638888888889,100.0,2.0,9.362454999973124,auto
1767947343778,Sunny,Day,0.12374131944444444,100.0,2.0,19.09521900006439,auto
1767947343809,Sunny,Day,0.12443576388888888,100.0,3.0,7.9154760001074465,auto
1767947343838,Sunny,Day,0.12395833333333334,100.0,3.0,5.6021949999376375,auto
1767947343870,Sunny,Day,0.12374131944444444,100.0,3.0,17.965031000130693,auto
1767947343900,Sunny,Day,0.12378472222222223,100.0,4.0,8.226878999948894,auto
1767947343934,Sunny,Day,0.12365451388888889,100.0,4.0,4.742725999903996,auto
1767947343964,Sunny,Day,0.12330729166666667,100.0,4.0,15.796693000083906,auto
1767947343995,Sunny,Day,0.121875,100.0,5.0,8.844517999932577,auto
1767947344026,Sunny,Day,0.12092013888888889,100.0,5.0,5.0503890001891705,auto
1767947344057,Sunny,Day,0.12061631944444444,100.0,5.0,14.812818999871524,auto
1767947344090,Sunny,Day,0.12026909722222222,100.0,5.0,13.093436999952246,auto
1767947344119,Sunny,Day,0.11974826388888889,100.0,4.0,7.426464999980453,auto
1767947344151,Sunny,Day,0.12039930555555556,100.0,3.0,11.01805999996941,auto
1767947344184,Sunny,Day,0.11901041666666666,100.0,3.0,16.877509999858376,auto
1767947344215,Sunny,Day,0.1189236111111111,100.0,2.0,9.436638999886782,auto
1767947344247,Sunny,Day,0.11896701388888889,100.0,2.0,9.453082999925755,auto
1767947344276,Sunny,Day,0.11805555555555555,100.0,2.0,6.774808000045596,auto
1767947344308,Sunny,Day,0.11692708333333333,100.0,3.0,8.603410000205258,auto
1767947344340,Sunny,Day,0.11710069444444444,100.0,2.0,12.92451299991626,auto
1767947344373,Sunny,Day,0.116796875,100.0,2.0,17.95777300003465,auto
1767947344402,Sunny,Day,0.11618923611111111,100.0,2.0,7.12354300003426,auto
1767947344436,Sunny,Day,0.115625,100.0,2.0,16.571181999779583,auto
1767947344465,Sunny,Day,0.1154513888888889,100.0,3.0,8.835869999984425,auto
1767947344496,Sunny,Day,0.11497395833333333,100.0,3.0,5.8342849999917235,auto
1767947344529,Sunny,Day,0.11419270833333334,100.0,3.0,19.147235999980694,auto
1767947344559,Sunny,Day,0.11397569444444444,100.0,4.0,14.857281000104194,auto
1767947344595,Sunny,Day,0.11375868055555556,100.0,3.0,20.75832399987121,auto
1767947344622,Sunny,Day,0.11566840277777778,100.0,3.0,6.146668000155842,auto
1767947344654,Sunny,Day,0.11380208333333333,100.0,2.0,14.96244600002683,auto
1767947344686,Sunny,Day,0.11358506944444445,100.0,36.0,13.673132000121768,auto
1767947344717,Sunny,Day,0.11315104166666666,100.0,36.0,5.717637999850922,auto
1767947344747,Sunny,Day,0.11223958333333334,100.0,36.0,16.71466099992358,auto
1767947344779,Sunny,Day,0.11254340277777777,100.0,36.0,17.437224999866885,auto
1767947344810,Sunny,Day,0.11453993055555556,100.0,35.0,14.062108000189255,auto
1767947344843,Sunny,Day,0.11766493055555556,100.0,34.0,13.088954999830094,auto
1767947344873,Sunny,Day,0.11510416666666666,100.0,33.0,9.896076999893921,auto
1767947344907,Sunny,Day,0.117578125,100.0,32.0,15.43366100008825,auto
1767947344935,Sunny,Day,0.11875,100.0,30.0,13.984775999915655,auto
1767947344967,Sunny,Day,0.11675347222222222,100.0,29.0,18.072381999900244,auto
1767947345001,Sunny,Day,0.11749131944444445,100.0,27.0,19.369196000070588,auto
1767947345031,Sunny,Day,0.11753472222222222,100.0,26.0,16.013707999945836,auto
1767947345061,Sunny,Day,0.1174045138888889,100.0,26.0,17.000397999936467,auto
1767947345093,Sunny,Day,0.11840277777777777,100.0,26.0,17.52292700007274,auto
1767947345124,Sunny,Day,0.11870659722222222,100.0,25.0,17.90803199992297,auto
1767947345158,Sunny,Day,0.11957465277777778,100.0,24.0,13.969757000040772,auto
1767947345189,Sunny,Day,0.11944444444444445,100.0,24.0,15.9691159999511,auto
1767947345218,Sunny,Day,0.121484375,100.0,23.0,15.822322999838434,auto
1767947345250,Sunny,Day,0.12243923611111111,100.0,22.0,7.228503999840541,auto
1767947345282,Sunny,Day,0.12374131944444444,100.0,21.0,18.26856399998178,auto
1767947345312,Sunny,Day,0.12855902777777778,100.0,20.0,10.3754399999616,auto
1767947345344,Sunny,Day,0.12443576388888888,100.0,19.0,16.61992200001805,auto
1767947345375,Sunny,Day,0.12504340277777778,100.0,18.0,17.199634999997215,auto
1767947345410,Sunny,Day,0.1247829861111111,100.0,18.0,20.59619700003168,auto
1767947345440,Sunny,Day,0.12400173611111111,100.0,17.0,16.860177999888037,auto
1767947345471,Sunny,Day,0.12413194444444445,100.0,17.0,16.35155600001781,auto
1767947345502,Sunny,Day,0.12413194444444445,100.0,16.0,16.70251299992742,auto
1767947345534,Sunny,Day,0.12504340277777778,100.0,16.0,18.544540999982928,auto
1767947345564,Sunny,Day,0.12569444444444444,100.0,16.0,15.00059400018472,auto
1767947345595,Sunny,Day,0.12565104166666666,100.0,16.0,17.56337100005112,auto
1767947345627,Sunny,Day,0.12608506944444445,100.0,16.0,17.109247999997024,auto
1767947345658,Sunny,Day,0.1254340277777778,100.0,16.0,17.559426999923744,auto
1767947345690,Sunny,Day,0.12552083333333333,100.0,15.0,18.6045779998949,auto
1767947345720,Sunny,Day,0.12526041666666668,100.0,15.0,9.46119400009593,auto
1767947345752,Sunny,Day,0.12647569444444445,100.0,15.0,17.368928999985656,auto
1767947345784,Sunny,Day,0.1275607638888889,100.0,15.0,17.65301799991903,auto
1767947345817,Sunny,Day,0.12834201388888888,100.0,14.0,7.366298999841092,auto
1767947345847,Sunny,Day,0.12708333333333333,100.0,14.0,14.917003000164186,auto
1767947345878,Sunny,Day,0.128125,100.0,14.0,17.101507000006677,auto
1767947345909,Sunny,Day,0.128125,100.0,14.0,17.89771800008566,auto
1767947345942,Sunny,Day,0.128515625,100.0,14.0,18.607374999874082,auto
1767947345972,Sunny,Day,0.12890625,100.0,14.0,14.834819000043353,auto
1767947346003,Sunny,Day,0.13077256944444443,100.0,14.0,18.016364000004614,auto
1767947346037,Sunny,Day,0.13142361111111112,100.0,14.0,20.66982599990297,auto
1767947346066,Sunny,Day,0.1328125,100.0,13.0,15.053815000101167,auto
1767947346098,Sunny,Day,0.13420138888888888,100.0,13.0,18.286231000047337,auto
1767947346132,Sunny,Day,0.1361111111111111,100.0,13.0,19.904132999954527,auto
1767947346161,Sunny,Day,0.13736979166666666,100.0,12.0,15.712768999947002,auto
1767947346192,Sunny,Day,0.13975694444444445,100.0,10.0,10.40347599996494,auto
1767947346224,Sunny,Day,0.14118923611111112,100.0,10.0,18.97527699998136,auto
1767947346255,Sunny,Day,0.14092881944444444,100.0,9.0,17.496390999895084,auto
1767947346286,Sunny,Day,0.14314236111111112,100.0,7.0,16.94047299997692,auto
1767947346318,Sunny,Day,0.1421440972222222,100.0,7.0,18.01956799999971,auto
1767947346350,Sunny,Day,0.14327256944444444,100.0,6.0,18.700669000054404,auto
1767947346380,Sunny,Day,0.13784722222222223,100.0,4.0,7.780163999996148,auto
1767947346414,Sunny,Day,0.13728298611111112,100.0,2.0,14.152069000147094,auto
1767947346443,Sunny,Day,0.13563368055555555,100.0,1.0,12.096433000124307,auto
1767947346474,Sunny,Day,0.13598090277777777,100.0,0.0,10.111758999983067,auto
1767947346506,Sunny,Day,0.13619791666666667,100.0,0.0,12.997753000036028,auto
1767947346537,Sunny,Day,0.13671875,100.0,-1.0,17.445410000163974,auto
1767947346568,Sunny,Day,0.13723958333333333,100.0,-1.0,14.599415000020599,auto
1767947346600,Sunny,Day,0.13641493055555556,100.0,-1.0,17.32400399987455,auto
1767947346632,Sunny,Day,0.133984375,100.0,-2.0,18.82720399999016,auto
1767947346663,Sunny,Day,0.13294270833333333,100.0,-2.0,7.549259999905189,auto
1767947346694,Sunny,Day,0.13194444444444445,100.0,-2.0,18.04945700018834,auto
1767947346726,Sunny,Day,0.13120659722222222,100.0,-2.0,17.688794999912716,auto
1767947346757,Sunny,Day,0.13077256944444443,100.0,-2.0,7.56472200009739,auto
1767947346788,Sunny,Day,0.12947048611111112,100.0,-2.0,10.986449000029097,auto
1767947346820,Sunny,Day,0.1295138888888889,100.0,-2.0,17.550223000171172,auto
1767947346851,Sunny,Day,0.12955729166666666,100.0,-2.0,17.82834899995578,auto
1767947346882,Sunny,Day,0.1306857638888889,100.0,-2.0,9.010256000010486,auto
1767947346914,Sunny,Day,0.13051215277777778,100.0,-3.0,13.309785000046759,auto
1767947346946,Sunny,Day,0.13211805555555556,100.0,-3.0,18.736279999984617,auto
1767947346977,Sunny,Day,0.13272569444444443,100.0,-3.0,4.645431999961147,auto
1767947347008,Sunny,Day,0.1326388888888889,100.0,-2.0,10.670454999853973,auto
1767947347042,Sunny,Day,0.13984375,100.0,-1.0,18.801630000098157,auto
1767947347075,Sunny,Day,0.14778645833333334,100.0,0.0,15.136647999952402,auto
1767947347102,Sunny,Day,0.14813368055555556,100.0,0.0,13.237527000001137,auto
1767947347133,Sunny,Day,0.14869791666666668,100.0,0.0,18.000216000018554,auto
1767947347167,Sunny,Day,0.1517361111111111,100.0,0.0,19.178439999905095,auto
1767947347196,Sunny,Day,0.15026041666666667,100.0,0.0,14.646692000042094,auto
1767947347228,Sunny,Day,0.15030381944444443,100.0,0.0,16.491404999896986,auto
1767947347260,Sunny,Day,0.1506076388888889,100.0,0.0,15.937969000106023,auto
1767947347291,Sunny,Day,0.1521267361111111,100.0,0.0,16.20311400006358,auto
1767947347322,Sunny,Day,0.15034722222222222,100.0,0.0,16.91925199997968,auto
1767947347355,Sunny,Day,0.14683159722222222,100.0,0.0,19.97128000016346,auto
1767947347386,Sunny,Day,0.14583333333333334,100.0,0.0,15.404754999963188,auto
1767947347418,Sunny,Day,0.14548611111111112,100.0,0.0,16.602052000052936,auto
1767947347452,Sunny,Day,0.14596354166666667,100.0,-1.0,18.158806999963417,auto
1767947347482,Sunny,Day,0.14466145833333333,100.0,-1.0,10.126074000027074,auto
1767947347510,Sunny,Day,0.14118923611111112,100.0,-1.0,12.95662400002584,auto
1767947347543,Sunny,Day,0.140625,100.0,-1.0,19.302698000046803,auto
1767947347574,Sunny,Day,0.1408420138888889,100.0,-1.0,14.638894999961849,auto
1767947347604,Sunny,Day,0.13940972222222223,100.0,-1.0,8.487671000011687,auto
1767947347636,Sunny,Day,0.1392795138888889,100.0,-1.0,17.7700530000493,auto
1767947347669,Sunny,Day,0.13858506944444443,100.0,-1.0,20.239869000079125,auto
1767947347699,Sunny,Day,0.13897569444444444,100.0,-1.0,14.427009999963047,auto
1767947347731,Sunny,Day,0.1382378472222222,100.0,-1.0,18.752779999886116,auto
1767947347762,Sunny,Day,0.138671875,100.0,-1.0,17.822293000108402,auto
1767947347794,Sunny,Day,0.13758680555555555,100.0,0.0,18.621818000156054,auto
1767947347824,Sunny,Day,0.13719618055555555,100.0,0.0,16.893676999870877,auto
1767947347857,Sunny,Day,0.1375,100.0,0.0,19.426028999987466,auto
1767947347887,Sunny,Day,0.13802083333333334,100.0,0.0,9.322584999836181,auto
1767947347918,Sunny,Day,0.14058159722222222,100.0,1.0,6.890583999847877,auto
1767947347950,Sunny,Day,0.1408420138888889,100.0,1.0,12.348744000064471,auto
1767947347983,Sunny,Day,0.14027777777777778,100.0,2.0,15.583880999884059,auto
1767947348013,Sunny,Day,0.14353298611111112,100.0,2.0,8.711167999990721,auto
1767947348044,Sunny,Day,0.14344618055555555,100.0,3.0,11.478682999950252,auto
1767947348075,Sunny,Day,0.14231770833333332,100.0,3.0,13.234434999958467,auto
1767947348107,Sunny,Day,0.14344618055555555,100.0,3.0,12.50857500008351,auto
1767947348138,Sunny,Day,0.14405381944444445,100.0,2.0,9.857632999910493,auto
1767947348171,Sunny,Day,0.13953993055555555,100.0,2.0,13.411562000101185,auto
1767947348201,Sunny,Day,0.1332465277777778,100.0,1.0,10.145888000124614,auto
1767947348232,Sunny,Day,0.1254340277777778,100.0,0.0,12.901142999908188,auto
1767947348268,Sunny,Day,0.11310763888888889,100.0,-1.0,21.746920999930808,auto
1767947348295,Sunny,Day,0.10655381944444445,100.0,-1.0,11.1261879999347,auto
1767947348327,Sunny,Day,0.10434027777777778,100.0,-1.0,15.748212999824318,auto
1767947348358,Sunny,Day,0.10355902777777778,100.0,-1.0,18.020456999920498,auto
1767947348391,Sunny,Day,0.10230034722222223,100.0,-1.0,18.487042999822734,auto
1767947348421,Sunny,Day,0.10147569444444444,100.0,-1.0,15.372162999938155,auto
1767947348452,Sunny,Day,0.10104166666666667,100.0,-2.0,14.590710999982548,auto
1767947348485,Sunny,Day,0.101171875,100.0,-2.0,18.54289399989284,auto
1767947348517,Sunny,Day,0.1013454861111111,100.0,-2.0,17.836886000168306,auto
1767947348546,Sunny,Day,0.10342881944444444,100.0,-1.0,14.609877000111737,auto
1767947348578,Sunny,Day,0.10342881944444444,100.0,-1.0,16.79743799991229,auto
1767947348610,Sunny,Day,0.10347222222222222,100.0,-1.0,13.97925700007363,auto
1767947348641,Sunny,Day,0.10512152777777778,100.0,-2.0,11.328463000154443,auto
1767947348675,Sunny,Day,0.10716145833333333,100.0,-1.0,21.171632999994472,auto
1767947348703,Sunny,Day,0.11106770833333333,100.0,-1.0,8.271916000012425,auto
1767947348735,Sunny,Day,0.1150173611111111,100.0,-1.0,10.92350599992642,auto
1767947348766,Sunny,Day,0.11605902777777778,100.0,-1.0,10.522493000053146,auto
1767947348799,Sunny,Day,0.11866319444444444,100.0,-1.0,6.243945000051099,auto
1767947348829,Sunny,Day,0.12026909722222222,100.0,-1.0,11.495311999851765,auto
1767947348861,Sunny,Day,0.120703125,100.0,-1.0,18.313768000098207,auto
1767947348892,Sunny,Day,0.12417534722222222,100.0,-1.0,17.07032299987077,auto
1767947348926,Sunny,Day,0.12621527777777777,100.0,-1.0,19.427361999987625,auto
1767947348955,Sunny,Day,0.12777777777777777,100.0,-1.0,14.378566000004867,auto
1767947348986,Sunny,Day,0.12973090277777777,100.0,-1.0,17.402039999979024,auto
1767947349017,Sunny,Day,0.13046875,100.0,-1.0,17.38317000013012,auto
1767947349049,Sunny,Day,0.13216145833333334,100.0,-1.0,17.839219000052253,auto
1767947349084,Sunny,Day,0.13385416666666666,100.0,-1.0,21.384297000167862,auto
1767947349111,Sunny,Day,0.13546006944444444,100.0,-2.0,13.839092999887725,auto
1767947349143,Sunny,Day,0.13559027777777777,100.0,-1.0,10.653787999899578,auto
1767947349174,Sunny,Day,0.13771701388888888,100.0,-1.0,17.939827999953195,auto
1767947349208,Sunny,Day,0.1384548611111111,100.0,-2.0,19.63782200004971,auto
1767947349238,Sunny,Day,0.13993055555555556,100.0,-1.0,9.283586000037758,auto
1767947349269,Sunny,Day,0.1401909722222222,100.0,-1.0,10.432531999867933,auto
1767947349300,Sunny,Day,0.1404079861111111,100.0,-1.0,17.919828999993115,auto
1767947349332,Sunny,Day,0.14153645833333334,100.0,-1.0,18.703225000081147,auto
1767947349363,Sunny,Day,0.14188368055555556,100.0,-2.0,17.203988000119352,auto
1767947349394,Sunny,Day,0.1427517361111111,100.0,-2.0,17.51994599999307,auto
1767947349427,Sunny,Day,0.14309895833333333,100.0,-2.0,19.134014999963256,auto
1767947349457,Sunny,Day,0.14396701388888888,100.0,-2.0,16.998472000068432,auto
1767947349488,Sunny,Day,0.1443142361111111,100.0,-2.0,17.0730080001249,auto
1767947349520,Sunny,Day,0.14461805555555557,100.0,-1.0,10.981578999917474,auto
1767947349551,Sunny,Day,0.1447048611111111,100.0,-1.0,10.74902700020175,auto
1767947349583,Sunny,Day,0.14500868055555555,100.0,-1.0,12.141580999923463,auto
1767947349614,Sunny,Day,0.14535590277777777,100.0,-1.0,17.808164000143734,auto
1767947349645,Sunny,Day,0.1460503472222222,100.0,-1.0,17.92762499985656,auto
1767947349678,Sunny,Day,0.14600694444444445,100.0,-1.0,18.584670999871378,auto
1767947349710,Sunny,Day,0.14600694444444445,100.0,-1.0,18.786167999905956,auto
1767947349740,Sunny,Day,0.1458767361111111,100.0,-1.0,16.149485000141794,auto
1767947349772,Sunny,Day,0.14596354166666667,100.0,-1.0,18.893795999929353,auto
1767947349802,Sunny,Day,0.14622395833333332,100.0,-1.0,12.19794999997248,auto
1767947349835,Sunny,Day,0.14592013888888888,100.0,-1.0,19.24966100000347,auto
1767947349865,Sunny,Day,0.1460503472222222,100.0,-1.0,15.181425000037052,auto
1767947349899,Sunny,Day,0.14635416666666667,100.0,-1.0,19.61722999999438,auto
1767947349928,Sunny,Day,0.1453125,100.0,-1.0,16.137522000008175,auto
1767947349959,Sunny,Day,0.14526909722222223,100.0,-1.0,8.401079999885042,auto
1767947349991,Sunny,Day,0.1449652777777778,100.0,-1.0,17.571168000131365,auto
1767947350024,Sunny,Day,0.14483506944444444,100.0,-1.0,19.457343999874865,auto
1767947350054,Sunny,Day,0.14422743055555556,100.0,0.0,7.6322029999573715,auto
1767947350085,Sunny,Day,0.14448784722222222,100.0,-1.0,11.984879000010551,auto
1767947350116,Sunny,Day,0.14366319444444445,100.0,0.0,17.51609500001905,auto
1767947350148,Sunny,Day,0.14292534722222222,100.0,0.0,16.813640999998825,auto
1767947350179,Sunny,Day,0.1427517361111111,100.0,0.0,17.405502999963574,auto
1767947350211,Sunny,Day,0.14253472222222222,100.0,0.0,17.635759000086182,auto
1767947350242,Sunny,Day,0.14166666666666666,100.0,1.0,18.13973299999816,auto
1767947350273,Sunny,Day,0.14092881944444444,100.0,0.0,17.84760800001095,auto
1767947350305,Sunny,Day,0.14058159722222222,100.0,0.0,17.221302000052674,auto
1767947350336,Sunny,Day,0.1400173611111111,100.0,0.0,17.80516400003762,auto
1767947350367,Sunny,Day,0.13932291666666666,100.0,0.0,17.787331000135964,auto
1767947350399,Sunny,Day,0.1388888888888889,100.0,0.0,18.32398899978216,auto
1767947350431,Sunny,Day,0.1384982638888889,100.0,0.0,18.77026100009971,auto
1767947350462,Sunny,Day,0.13793402777777777,100.0,0.0,7.440131000066685,auto
1767947350495,Sunny,Day,0.13776041666666666,100.0,0.0,20.091538000087894,auto
1767947350525,Sunny,Day,0.1365017361111111,100.0,0.0,15.453291999847352,auto
1767947350556,Sunny,Day,0.13606770833333334,100.0,1.0,16.876159000048574,auto
1767947350587,Sunny,Day,0.13563368055555555,100.0,1.0,17.883199999914723,auto
1767947350621,Sunny,Day,0.13576388888888888,100.0,1.0,20.346144999848548,auto
1767947350650,Sunny,Day,0.13463541666666667,100.0,1.0,14.996927000083815,auto
1767947350682,Sunny,Day,0.13389756944444445,100.0,1.0,7.08482200002436,auto
1767947350713,Sunny,Day,0.13350694444444444,100.0,1.0,11.54647900011696,auto
1767947350744,Sunny,Day,0.13285590277777778,100.0,1.0,18.066457000031733,auto
1767947350776,Sunny,Day,0.13155381944444444,100.0,1.0,17.270283000016207,auto
1767947350807,Sunny,Day,0.1306423611111111,100.0,1.0,17.84249699994689,auto
1767947350841,Sunny,Day,0.13077256944444443,100.0,1.0,20.17799999998715,auto
1767947350870,Sunny,Day,0.13003472222222223,100.0,1.0,14.879613999937646,auto
1767947350902,Sunny,Day,0.12925347222222222,100.0,2.0,19.109349000018483,auto
1767947350933,Sunny,Day,0.128125,100.0,2.0,16.90486300003613,auto
1767947350965,Sunny,Day,0.12769097222222223,100.0,2.0,18.36308200017811,auto
1767947350996,Sunny,Day,0.1271701388888889,100.0,2.0,17.71016599991526,auto
1767947351027,Sunny,Day,0.1265190972222222,100.0,2.0,17.988328000001275,auto
1767947351059,Sunny,Day,0.12573784722222223,100.0,2.0,18.107159999999567,auto
1767947351090,Sunny,Day,0.12482638888888889,100.0,3.0,18.00890200001959,auto
1767947351121,Sunny,Day,0.12374131944444444,100.0,3.0,17.912144000092667,auto
1767947351153,Sunny,Day,0.12243923611111111,100.0,3.0,14.02929400001085,auto
1767947351184,Sunny,Day,0.12174479166666667,100.0,3.0,11.479609000161872,auto
1767947351215,Sunny,Day,0.12100694444444444,100.0,3.0,17.400429999952394,auto
1767947351247,Sunny,Day,0.11922743055555556,100.0,3.0,14.14057000010871,auto
1767947351278,Sunny,Day,0.11762152777777778,100.0,4.0,9.531285999855754,auto
1767947351310,Sunny,Day,0.11614583333333334,100.0,4.0,17.95743999991828,auto
1767947351341,Sunny,Day,0.11440972222222222,100.0,4.0,16.413091999993412,auto
1767947351374,Sunny,Day,0.11371527777777778,100.0,4.0,18.775760999915292,auto
1767947351404,Sunny,Day,0.11145833333333334,100.0,4.0,11.068486000112898,auto
1767947351435,Sunny,Day,0.11059027777777777,100.0,4.0,18.11401199984175,auto
1767947351467,Sunny,Day,0.10876736111111111,100.0,4.0,10.53843800013965,auto
1767947351498,Sunny,Day,0.10815972222222223,100.0,4.0,11.389221999934307,auto
1767947351530,Sunny,Day,0.10707465277777778,100.0,4.0,12.344448000021657,auto
1767947351561,Sunny,Day,0.1052517361111111,100.0,4.0,17.846644999963246,auto
1767947351593,Sunny,Day,0.10399305555555556,100.0,4.0,18.37141500004691,auto
1767947351623,Sunny,Day,0.10321180555555555,100.0,3.0,16.487794999875405,auto
1767947351655,Sunny,Day,0.10208333333333333,100.0,3.0,17.740295000066908,auto
1767947351687,Sunny,Day,0.10143229166666666,100.0,3.0,16.69279199995799,auto
1767947351718,Sunny,Day,0.100390625,100.0,4.0,17.035526999961803,auto
1767947351749,Sunny,Day,0.09973958333333334,100.0,4.0,17.994457999975566,auto
1767947351780,Sunny,Day,0.10004340277777778,100.0,4.0,17.369855000197276,auto
1767947351812,Sunny,Day,0.10017361111111112,100.0,4.0,17.305949000046894,auto
1767947351843,Sunny,Day,0.09986979166666667,100.0,4.0,8.935979999932897,auto
1767947351876,Sunny,Day,0.09895833333333333,100.0,3.0,11.003579000089303,auto
1767947351906,Sunny,Day,0.09917534722222222,100.0,3.0,5.990672000052655,auto
1767947351938,Sunny,Day,0.09943576388888889,100.0,3.0,17.826089999971373,auto
1767947351969,Sunny,Day,0.09900173611111111,100.0,3.0,17.477353999993284,auto
1767947352000,Sunny,Day,0.09904513888888888,100.0,3.0,9.548118999873623,auto
1767947352032,Sunny,Day,0.09891493055555556,100.0,3.0,17.825144999960685,auto
1767947352064,Sunny,Day,0.09895833333333333,100.0,2.0,18.6568740000439,auto
1767947352097,Sunny,Day,0.09926215277777778,100.0,3.0,19.049331000132952,auto
1767947352126,Sunny,Day,0.09895833333333333,100.0,2.0,8.284415000161971,auto
1767947352157,Sunny,Day,0.09869791666666666,100.0,2.0,17.586445999995703,auto
1767947352189,Sunny,Day,0.098828125,100.0,2.0,17.073768000045675,auto
1767947352220,Sunny,Day,0.09926215277777778,100.0,2.0,7.544869999946968,auto
1767947352252,Sunny,Day,0.09934895833333333,100.0,2.0,12.92692100014392,auto
1767947352283,Sunny,Day,0.09908854166666667,100.0,2.0,18.186918000083097,auto
1767947352314,Sunny,Day,0.09921875,100.0,2.0,17.509687000028862,auto
1767947352350,Sunny,Day,0.099609375,100.0,3.0,21.782014000109484,auto
1767947352378,Sunny,Day,0.099609375,100.0,3.0,13.99120199994286,auto
1767947352409,Sunny,Day,0.099609375,100.0,3.0,8.805555999970238,auto
1767947352442,Sunny,Day,0.09969618055555556,100.0,3.0,15.396366000004491,auto
1767947352471,Sunny,Day,0.099609375,100.0,3.0,15.24605400004475,auto
1767947352505,Sunny,Day,0.10021701388888889,100.0,2.0,15.284905000044091,auto
1767947352536,Sunny,Day,0.10056423611111111,100.0,2.0,14.763615999981994,auto
1767947352570,Sunny,Day,0.1013454861111111,100.0,2.0,2.880883999978323,auto
1767947352600,Sunny,Day,0.10217013888888889,100.0,2.0,5.0785549999545765,auto
1767947352629,Sunny,Day,0.10308159722222222,100.0,2.0,8.114362000014808,auto
1767947352660,Sunny,Day,0.10442708333333334,100.0,2.0,12.304411999821241,auto
1767947352692,Sunny,Day,0.10529513888888889,100.0,2.0,10.606326000015542,auto
1767947352723,Sunny,Day,0.10651041666666666,100.0,2.0,12.081470999874,auto
1767947352754,Sunny,Day,0.10746527777777778,100.0,2.0,18.081178999864278,auto
1767947352786,Sunny,Day,0.10868055555555556,100.0,3.0,16.966843000091103,auto
1767947352819,Sunny,Day,0.10946180555555556,100.0,3.0,19.374863999928493,auto
1767947352848,Sunny,Day,0.11006944444444444,100.0,3.0,14.32027099986044,auto
1767947352880,Sunny,Day,0.11089409722222222,100.0,4.0,17.946995000102106,auto
1767947352913,Sunny,Day,0.11150173611111111,100.0,3.0,19.6520629999668,auto
1767947352942,Sunny,Day,0.11236979166666666,100.0,3.0,15.808193000111714,auto
1767947352974,Sunny,Day,0.11219618055555555,100.0,4.0,17.800978999957806,auto
1767947353005,Sunny,Day,0.11271701388888888,100.0,4.0,9.247734999917157,auto
1767947353037,Sunny,Day,0.11345486111111111,100.0,4.0,10.424754000041503,auto
1767947353068,Sunny,Day,0.11384548611111112,100.0,4.0,8.051418000150079,auto
1767947353099,Sunny,Day,0.11362847222222222,100.0,4.0,17.89958800009117,auto
1767947353131,Sunny,Day,0.11341145833333334,100.0,3.0,17.66407399986747,auto
1767947353162,Sunny,Day,0.11345486111111111,100.0,3.0,18.369785999993837,auto
1767947353194,Sunny,Day,0.11354166666666667,100.0,3.0,8.089344000154597,auto
1767947353226,Sunny,Day,0.11293402777777778,100.0,3.0,13.625003000015568,auto
1767947353257,Sunny,Day,0.112109375,100.0,2.0,17.391152000072907,auto
1767947353288,Sunny,Day,0.11180555555555556,100.0,2.0,17.871941000066727,auto
1767947353321,Sunny,Day,0.11158854166666667,100.0,2.0,19.431084999951054,auto
1767947353351,Sunny,Day,0.11085069444444444,100.0,2.0,14.272531000187882,auto
1767947353382,Sunny,Day,0.11006944444444444,100.0,3.0,17.061674999922616,auto
1767947353414,Sunny,Day,0.10941840277777778,100.0,3.0,17.960162000008495,auto
1767947353445,Sunny,Day,0.108984375,100.0,3.0,17.76088700012224,auto
1767947353478,Sunny,Day,0.10776909722222222,100.0,2.0,18.343527000070026,auto
1767947353508,Sunny,Day,0.10750868055555556,100.0,3.0,6.509238000035111,auto
1767947353539,Sunny,Day,0.10685763888888888,100.0,3.0,17.54148300005909,auto
1767947353571,Sunny,Day,0.10629340277777778,100.0,3.0,18.929759000002377,auto
1767947353602,Sunny,Day,0.10546875,100.0,2.0,16.827197999873533,auto
1767947353633,Sunny,Day,0.104296875,100.0,2.0,17.998920999843904,auto
1767947353667,Sunny,Day,0.10347222222222222,100.0,2.0,20.29197899992141,auto
1767947353696,Sunny,Day,0.10308159722222222,100.0,2.0,14.952854000057414,auto
1767947353727,Sunny,Day,0.10138888888888889,100.0,3.0,17.490095000084693,auto
1767947353759,Sunny,Day,0.10052083333333334,100.0,3.0,18.11056700012159,auto
1767947353791,Sunny,Day,0.09900173611111111,100.0,3.0,6.418201999849771,auto
1767947353822,Sunny,Day,0.09852430555555555,100.0,4.0,12.519741999994949,auto
1767947353853,Sunny,Day,0.096875,100.0,4.0,12.31367099990166,auto
1767947353885,Sunny,Day,0.09496527777777777,100.0,4.0,16.28840900002615,auto
1767947353918,Sunny,Day,0.09370659722222222,100.0,4.0,19.528435999973226,auto
1767947353947,Sunny,Day,0.092578125,100.0,4.0,9.572526000056314,auto
1767947353979,Sunny,Day,0.09118923611111111,100.0,4.0,12.328373999935138,auto
1767947354010,Sunny,Day,0.08953993055555555,100.0,4.0,18.24200999999448,auto
1767947354042,Sunny,Day,0.08784722222222222,100.0,4.0,10.194239000156813,auto
1767947354073,Sunny,Day,0.08658854166666667,100.0,4.0,12.949068999887459,auto
1767947354104,Sunny,Day,0.08454861111111112,100.0,4.0,17.3217270000805,auto
1767947354136,Sunny,Day,0.0828125,100.0,4.0,7.902939000132392,auto
1767947354168,Sunny,Day,0.08016493055555556,100.0,5.0,17.949384999838003,auto
1767947354198,Sunny,Day,0.07912326388888889,100.0,5.0,17.076434000045992,auto
1767947354231,Sunny,Day,0.0765625,100.0,5.0,19.2438100000345,auto
1767947354261,Sunny,Day,0.07391493055555555,100.0,5.0,14.140365999992355,auto
1767947354293,Sunny,Day,0.07105034722222223,100.0,5.0,9.727653000027203,auto
1767947354324,Sunny,Day,0.06844618055555556,100.0,6.0,17.89564499995322,auto
1767947354355,Sunny,Day,0.06436631944444444,100.0,6.0,17.820459999938976,auto
1767947354388,Sunny,Day,0.06111111111111111,100.0,7.0,19.27332800005388,auto
1767947354418,Sunny,Day,0.056553819444444445,100.0,8.0,16.99208400009411,auto
1767947354450,Sunny,Day,0.052473958333333334,100.0,8.0,17.786849000003713,auto
1767947354481,Sunny,Day,0.04869791666666667,97.39583333333333,8.0,17.946347000133756,auto
1767947354513,Sunny,Day,0.04474826388888889,89.49652777777779,-51.0,17.62050000002091,auto
1767947354544,Sunny,Day,0.042317708333333336,84.63541666666667,-52.0,16.013542000109737,auto
1767947354577,Sunny,Day,0.03919270833333333,78.38541666666667,-53.0,16.863269999930708,auto
1767947354607,Sunny,Day,0.037934027777777775,75.86805555555554,-52.0,10.799471000154881,auto
1767947354638,Sunny,Day,0.040234375,80.46875,-49.0,9.656914000061079,auto
1767947354670,Sunny,Day,0.04331597222222222,86.63194444444444,-46.0,16.115764000005584,auto
1767947354701,Sunny,Day,0.048177083333333336,96.35416666666667,-42.0,10.557197000025553,auto
1767947354736,Sunny,Day,0.05342881944444444,100.0,-39.0,13.413933000038014,auto
1767947354764,Sunny,Day,0.0578125,100.0,-36.0,6.784640999967451,auto
1767947354795,Sunny,Day,0.06475694444444445,100.0,-32.0,13.772760000165363,auto
1767947354827,Sunny,Day,0.06666666666666667,100.0,-30.0,10.405755000192585,auto
1767947354858,Sunny,Day,0.07165798611111111,100.0,-27.0,11.057930000106353,auto
1767947354890,Sunny,Day,0.07335069444444445,100.0,-24.0,14.35558499997569,auto
1767947354923,Sunny,Day,0.07864583333333333,100.0,-20.0,10.604140999930678,auto
1767947354953,Sunny,Day,0.08307291666666666,100.0,-15.0,5.510234000212222,auto
1767947354984,Sunny,Day,0.08641493055555556,100.0,-9.0,17.215635999946244,auto
1767947355017,Sunny,Day,0.09071180555555555,100.0,-4.0,5.32732900001065,auto
1767947355047,Sunny,Day,0.09296875,100.0,2.0,9.125903000040125,auto
1767947355078,Sunny,Day,0.090234375,100.0,5.0,11.208095000029061,auto
1767947355109,Sunny,Day,0.08975694444444444,100.0,10.0,13.535190000084185,auto
1767947355144,Sunny,Day,0.08671875,100.0,12.0,16.954491999968013,auto
1767947355172,Sunny,Day,0.08580729166666666,100.0,13.0,8.212398000068788,auto
1767947355203,Sunny,Day,0.08567708333333333,100.0,14.0,11.683439000080398,auto
1767947355235,Sunny,Day,0.08745659722222222,100.0,14.0,11.084262999929706,auto
1767947355266,Sunny,Day,0.08537326388888888,100.0,12.0,17.198895999854358,auto
1767947355298,Sunny,Day,0.084765625,100.0,10.0,11.083188999919003,auto
1767947355331,Sunny,Day,0.08424479166666667,100.0,7.0,14.437232999853222,auto
1767947355361,Sunny,Day,0.08411458333333334,100.0,6.0,6.338740999808579,auto
1767947355394,Sunny,Day,0.0890625,100.0,5.0,16.489165999928446,auto
1767947355423,Sunny,Day,0.09079861111111111,100.0,4.0,5.9452459997828555,auto
1767947355458,Sunny,Day,0.09466145833333334,100.0,11.0,13.041698000051838,auto
1767947355488,Sunny,Day,0.09852430555555555,100.0,18.0,4.480933999957415,auto
1767947355518,Sunny,Day,0.10516493055555555,100.0,27.0,14.83631900009641,auto
1767947355549,Sunny,Day,0.11115451388888889,100.0,32.0,12.584963999870524,auto
1767947355582,Sunny,Day,0.11571180555555556,100.0,34.0,6.9270280000637285,auto
1767947355611,Sunny,Day,0.12157118055555556,100.0,34.0,12.909161999914431,auto
1767947355644,Sunny,Day,0.12092013888888889,100.0,33.0,12.3870770000849,auto
1767947355676,Sunny,Day,0.11870659722222222,100.0,29.0,4.410287999917273,auto
1767947355706,Sunny,Day,0.11927083333333334,100.0,23.0,16.5940709998722,auto
1767947355738,Sunny,Day,0.11532118055555556,100.0,22.0,18.28561999991507,auto
1767947355769,Sunny,Day,0.11510416666666666,100.0,24.0,10.484400999985155,auto
1767947355801,Sunny,Day,0.11575520833333333,100.0,25.0,5.02938899990113,auto
1767947355832,Sunny,Day,0.11297743055555555,100.0,24.0,12.109303999977783,auto
1767947355864,Sunny,Day,0.11215277777777778,100.0,23.0,17.58957500010183,auto
1767947355894,Sunny,Day,0.11102430555555555,100.0,22.0,8.263340999974389,auto
1767947355926,Sunny,Day,0.112109375,100.0,24.0,12.111488000073223,auto
1767947355957,Sunny,Day,0.11006944444444444,100.0,22.0,16.569940999943356,auto
1767947355989,Sunny,Day,0.11189236111111112,100.0,25.0,10.447698000007222,auto
1767947356019,Sunny,Day,0.10950520833333334,100.0,25.0,9.708653999950911,auto
1767947356051,Sunny,Day,0.10989583333333333,100.0,27.0,10.406272999944122,auto
1767947356083,Sunny,Day,0.10876736111111111,100.0,27.0,5.839302999902429,auto
1767947356114,Sunny,Day,0.10772569444444445,100.0,32.0,10.57578899985856,auto
1767947356147,Sunny,Day,0.10802951388888889,100.0,32.0,13.30202700000882,auto
1767947356177,Sunny,Day,0.10572916666666667,100.0,34.0,11.747383000056288,auto
1767947356209,Sunny,Day,0.10438368055555555,100.0,35.0,10.498697000002721,auto
1767947356240,Sunny,Day,0.10217013888888889,100.0,36.0,10.956191000104809,auto
1767947356272,Sunny,Day,0.10108506944444444,100.0,38.0,7.539945000189618,auto
1767947356304,Sunny,Day,0.09856770833333334,100.0,35.0,10.618028999942908,auto
1767947356334,Sunny,Day,0.09583333333333334,100.0,36.0,7.853866000004928,auto
1767947356366,Sunny,Day,0.09040798611111112,100.0,34.0,10.03898199996911,auto
1767947356398,Sunny,Day,0.09032118055555556,100.0,34.0,17.042527999819868,auto
1767947356428,Sunny,Day,0.09032118055555556,100.0,33.0,6.806604000075822,auto
1767947356462,Sunny,Day,0.08910590277777777,100.0,34.0,15.227350000031947,auto
1767947356491,Sunny,Day,0.08580729166666666,100.0,33.0,15.029723999987255,auto
1767947356522,Sunny,Day,0.08363715277777778,100.0,29.0,14.449195999986841,auto
1767947356555,Sunny,Day,0.08385416666666666,100.0,26.0,17.167655000093873,auto
1767947356585,Sunny,Day,0.08498263888888889,100.0,25.0,12.991532000114603,auto
1767947356616,Sunny,Day,0.080078125,100.0,23.0,9.515434999912031,auto
1767947356648,Sunny,Day,0.079296875,100.0,22.0,18.07290099986858,auto
1767947356679,Sunny,Day,0.08198784722222222,100.0,21.0,10.718324000208668,auto
1767947356713,Sunny,Day,0.08155381944444444,100.0,19.0,11.271779000026072,auto
1767947356742,Sunny,Day,0.08333333333333333,100.0,19.0,13.713577000089572,auto
1767947356774,Sunny,Day,0.08307291666666666,100.0,18.0,12.477928000180327,auto
1767947356807,Sunny,Day,0.08407118055555556,100.0,17.0,5.666120000114461,auto
1767947356837,Sunny,Day,0.084375,100.0,16.0,6.2019649999456306,auto
1767947356868,Sunny,Day,0.08333333333333333,100.0,15.0,8.59402199989745,auto
1767947356899,Sunny,Day,0.08315972222222222,100.0,14.0,5.555289000085395,auto
1767947356930,Sunny,Day,0.08363715277777778,100.0,13.0,10.04766699998072,auto
1767947356963,Sunny,Day,0.08446180555555556,100.0,13.0,12.637295999866183,auto
1767947356994,Sunny,Day,0.083984375,100.0,11.0,7.70814599991354,auto
1767947357026,Sunny,Day,0.08385416666666666,100.0,11.0,4.620431999910579,auto
1767947357056,Sunny,Day,0.08559027777777778,100.0,11.0,7.790978000002724,auto
1767947357088,Sunny,Day,0.08598090277777778,100.0,9.0,17.48909499997353,auto
1767947357119,Sunny,Day,0.08541666666666667,100.0,9.0,6.241593999902761,auto
1767947357150,Sunny,Day,0.08637152777777778,100.0,9.0,17.387726000151815,auto
1767947357182,Sunny,Day,0.087890625,100.0,9.0,13.399229000015112,auto
1767947357215,Sunny,Day,0.08884548611111111,100.0,8.0,15.544068000053812,auto
1767947357244,Sunny,Day,0.09040798611111112,100.0,8.0,9.07347799989111,auto
1767947357276,Sunny,Day,0.09118923611111111,100.0,7.0,14.624322000145185,auto
1767947357307,Sunny,Day,0.09162326388888889,100.0,7.0,9.980759999962174,auto
1767947357339,Sunny,Day,0.09331597222222222,100.0,6.0,13.436802999876818,auto
1767947357370,Sunny,Day,0.094140625,100.0,6.0,17.279802000075506,auto
1767947357402,Sunny,Day,0.096484375,100.0,6.0,17.239487000097142,auto
1767947357433,Sunny,Day,0.09552951388888889,100.0,7.0,10.880229000122199,auto
1767947357464,Sunny,Day,0.09691840277777777,100.0,6.0,14.75335800000721,auto
1767947357495,Sunny,Day,0.09765625,100.0,7.0,14.965262000032453,auto
1767947357527,Sunny,Day,0.10368923611111111,100.0,7.0,12.114913999994315,auto
1767947357559,Sunny,Day,0.10633680555555555,100.0,7.0,18.122253000001365,auto
1767947357596,Sunny,Day,0.109375,100.0,7.0,22.655278999991424,auto
1767947357625,Sunny,Day,0.11614583333333334,100.0,6.0,5.392735999976139,auto
1767947357656,Sunny,Day,0.12378472222222223,100.0,16.0,11.854715000026772,auto
1767947357688,Sunny,Day,0.12612847222222223,100.0,14.0,5.784027000117931,auto
1767947357717,Sunny,Day,0.13363715277777777,100.0,40.0,15.15894399994977,auto
1767947357747,Sunny,Day,0.13797743055555556,100.0,44.0,14.274068999839074,auto
1767947357778,Sunny,Day,0.14448784722222222,100.0,48.0,10.229758000150468,auto
1767947357810,Sunny,Day,0.1466579861111111,100.0,50.0,8.804408000059993,auto
1767947357844,Sunny,Day,0.1463107638888889,100.0,50.0,12.889569999970263,auto
1767947357872,Sunny,Day,0.14244791666666667,100.0,50.0,10.738193999941359,auto
1767947357906,Sunny,Day,0.14361979166666666,100.0,50.0,12.44291000011799,auto
1767947357939,Sunny,Day,0.14249131944444443,100.0,51.0,10.954190999882485,auto
1767947357969,Sunny,Day,0.13802083333333334,100.0,48.0,4.588969999986148,auto
1767947358000,Sunny,Day,0.1329861111111111,100.0,47.0,16.71145900013471,auto
1767947358031,Sunny,Day,0.12608506944444445,100.0,43.0,9.286308000127974,auto
1767947358061,Sunny,Day,0.12473958333333333,100.0,40.0,8.73270500005674,auto
1767947358093,Sunny,Day,0.11527777777777778,100.0,37.0,11.203890999922805,auto
1767947358125,Sunny,Day,0.11176215277777778,100.0,34.0,11.613828999998077,auto
1767947358155,Sunny,Day,0.10516493055555555,100.0,32.0,14.98168800003441,auto
1767947358187,Sunny,Day,0.09973958333333334,100.0,28.0,11.34320400001343,auto
1767947358219,Sunny,Day,0.09761284722222222,100.0,30.0,15.123463000008996,auto
1767947358252,Sunny,Day,0.09522569444444444,100.0,26.0,12.878495999984807,auto
1767947358281,Sunny,Day,0.09769965277777778,100.0,28.0,6.618921000153932,auto
1767947358314,Sunny,Day,0.09782986111111111,100.0,27.0,17.55179799988582,auto
1767947358345,Sunny,Day,0.0984375,100.0,27.0,14.502083000024868,auto
1767947358376,Sunny,Day,0.10243055555555555,100.0,27.0,5.302588999938962,auto
1767947358410,Sunny,Day,0.10069444444444445,100.0,26.0,12.116803000026266,auto
1767947358443,Sunny,Day,0.10581597222222222,100.0,18.0,17.18023000012181,auto
1767947358471,Sunny,Day,0.11592881944444444,100.0,15.0,5.293922999953793,auto
1767947358500,Sunny,Day,0.11792534722222223,100.0,13.0,9.275234000142518,auto
1767947358532,Sunny,Day,0.12178819444444444,100.0,11.0,7.066710999879433,auto
1767947358563,Sunny,Day,0.13020833333333334,100.0,11.0,17.367763999800445,auto
1767947358595,Sunny,Day,0.12443576388888888,100.0,10.0,18.341768000027514,auto
1767947358626,Sunny,Day,0.12018229166666666,100.0,10.0,12.677073000077144,auto
1767947358658,Sunny,Day,0.12413194444444445,100.0,9.0,14.248512999984086,auto
1767947358690,Sunny,Day,0.1213107638888889,100.0,9.0,11.437887999818486,auto
1767947358720,Sunny,Day,0.11749131944444445,100.0,11.0,6.736030999945797,auto
1767947358751,Sunny,Day,0.11228298611111111,100.0,12.0,17.216264999888153,auto
1767947358785,Sunny,Day,0.11032986111111111,100.0,15.0,19.822468000029403,auto
1767947358816,Sunny,Day,0.11106770833333333,100.0,15.0,17.554279000023598,auto
1767947358848,Sunny,Day,0.10868055555555556,100.0,14.0,16.83647499999097,auto
1767947358877,Sunny,Day,0.10889756944444444,100.0,16.0,14.42556599999989,auto
1767947358908,Sunny,Day,0.10750868055555556,100.0,15.0,18.234435999829657,auto
1767947358940,Sunny,Day,0.10646701388888889,100.0,41.0,17.89340400000583,auto
1767947358973,Sunny,Day,0.10815972222222223,100.0,39.0,19.48045499989348,auto
1767947359005,Sunny,Day,0.1095920138888889,100.0,39.0,7.162042999880214,auto
1767947359035,Sunny,Day,0.1111111111111111,100.0,37.0,9.652710999944247,auto
1767947359067,Sunny,Day,0.11197916666666667,100.0,35.0,9.21955000012531,auto
1767947359097,Sunny,Day,0.11137152777777778,100.0,7.0,8.61044800012678,auto
1767947359128,Sunny,Day,0.11254340277777777,100.0,5.0,17.50372499986952,auto
1767947359160,Sunny,Day,0.10716145833333333,100.0,30.0,9.371696000016527,auto
1767947359191,Sunny,Day,0.10186631944444445,100.0,29.0,9.883743000045797,auto
1767947359226,Sunny,Day,0.10421006944444444,100.0,30.0,13.768260000006194,auto
1767947359254,Sunny,Day,0.10455729166666666,100.0,28.0,7.548481999947398,auto
1767947359286,Sunny,Day,0.10095486111111111,100.0,26.0,9.078328999976293,auto
1767947359317,Sunny,Day,0.10381944444444445,100.0,28.0,11.027263999949355,auto
1767947359349,Sunny,Day,0.10112847222222222,100.0,27.0,5.2094599998326885,auto
1767947359381,Sunny,Day,0.09826388888888889,100.0,24.0,18.522302000064883,auto
1767947359411,Sunny,Day,0.0978732638888889,100.0,25.0,10.580788999959623,auto
1767947359443,Sunny,Day,0.09774305555555556,100.0,24.0,10.324330000003101,auto
1767947359478,Sunny,Day,0.09900173611111111,100.0,23.0,14.641525999877558,auto
1767947359508,Sunny,Day,0.10013020833333333,100.0,20.0,5.090037000172742,auto
1767947359537,Sunny,Day,0.10095486111111111,100.0,19.0,7.4456679999457265,auto
1767947359569,Sunny,Day,0.10078125,100.0,19.0,7.73766399993292,auto
1767947359603,Sunny,Day,0.10013020833333333,100.0,18.0,13.612745000045834,auto
1767947359631,Sunny,Day,0.10099826388888888,100.0,17.0,11.802085999988776,auto
1767947359665,Sunny,Day,0.10338541666666666,100.0,17.0,20.03053899989027,auto
1767947359694,Sunny,Day,0.10386284722222222,100.0,16.0,10.02707499992539,auto
1767947359726,Sunny,Day,0.10286458333333333,100.0,15.0,15.032760999929451,auto
1767947359758,Sunny,Day,0.10151909722222222,100.0,13.0,4.649116999871694,auto
1767947359788,Sunny,Day,0.098828125,100.0,12.0,5.705822999971133,auto
1767947359820,Sunny,Day,0.09874131944444445,100.0,12.0,11.544107999952757,auto
1767947359852,Sunny,Day,0.09835069444444444,100.0,11.0,3.975867000008293,auto
1767947359885,Sunny,Day,0.09618055555555556,100.0,10.0,6.826047999993534,auto
1767947359914,Sunny,Day,0.09596354166666667,100.0,9.0,9.901947000116706,auto
1767947359947,Sunny,Day,0.09535590277777778,100.0,8.0,8.967052999878433,auto
1767947359980,Sunny,Day,0.09561631944444444,100.0,8.0,12.576297000123304,auto
1767947360008,Sunny,Day,0.09809027777777778,100.0,8.0,8.324304000097982,auto
1767947360040,Sunny,Day,0.09717881944444444,100.0,7.0,9.40915799992581,auto
1767947360073,Sunny,Day,0.09722222222222222,100.0,8.0,17.551094000054945,auto
1767947360104,Sunny,Day,0.09800347222222222,100.0,7.0,5.220830999860482,auto
1767947360133,Sunny,Day,0.09991319444444445,100.0,7.0,15.04189000002043,auto
1767947360166,Sunny,Day,0.09965277777777778,100.0,7.0,8.914258000004338,auto
1767947360196,Sunny,Day,0.1032986111111111,100.0,7.0,12.754793999874892,auto
1767947360228,Sunny,Day,0.1037326388888889,100.0,7.0,17.9142919998867,auto
1767947360260,Sunny,Day,0.10494791666666667,100.0,6.0,10.256311999910395,auto
1767947360290,Sunny,Day,0.10642361111111111,100.0,5.0,14.94502199989256,auto
1767947360324,Sunny,Day,0.1076388888888889,100.0,5.0,19.094052999889755,auto
1767947360353,Sunny,Day,0.10828993055555555,100.0,5.0,14.176292000001922,auto
1767947360388,Sunny,Day,0.10789930555555556,100.0,6.0,2.475834000051691,auto
1767947360418,Sunny,Day,0.10677083333333333,100.0,6.0,8.631743000023562,auto
1767947360447,Sunny,Day,0.10889756944444444,100.0,6.0,12.773739000067508,auto
1767947360479,Sunny,Day,0.10868055555555556,100.0,7.0,18.05203200001415,auto
1767947360511,Sunny,Day,0.10842013888888889,100.0,7.0,7.8257370000756055,auto
1767947360542,Sunny,Day,0.10842013888888889,100.0,8.0,7.095580999930462,auto
1767947360574,Sunny,Day,0.10881076388888888,100.0,8.0,7.924828000113848,auto
1767947360606,Sunny,Day,0.10807291666666667,100.0,9.0,6.008725999890885,auto
1767947360636,Sunny,Day,0.10716145833333333,100.0,9.0,6.609291999893685,auto
1767947360670,Sunny,Day,0.106640625,100.0,10.0,12.562797999862596,auto
1767947360699,Sunny,Day,0.10447048611111111,100.0,10.0,7.537610999861499,auto
1767947360731,Sunny,Day,0.10403645833333333,100.0,10.0,11.345629999823359,auto
1767947360761,Sunny,Day,0.10360243055555556,100.0,10.0,8.069881999972495,auto
1767947360792,Sunny,Day,0.10221354166666667,100.0,10.0,16.823328000100446,auto
1767947360825,Sunny,Day,0.1015625,100.0,9.0,12.437170000112019,auto
1767947360856,Sunny,Day,0.10013020833333333,100.0,8.0,14.746765000154483,auto
1767947360887,Sunny,Day,0.1,100.0,8.0,11.131428999988202,auto
1767947360918,Sunny,Day,0.09800347222222222,100.0,6.0,17.5771500000792,auto
1767947360949,Sunny,Day,0.09561631944444444,100.0,4.0,14.757560999896668,auto
1767947360981,Sunny,Day,0.09431423611111112,100.0,3.0,17.489187999899514,auto
1767947361014,Sunny,Day,0.09292534722222222,100.0,3.0,9.268549000125859,auto
1767947361044,Sunny,Day,0.09249131944444444,100.0,3.0,7.187986999952045,auto
1767947361075,Sunny,Day,0.09197048611111111,100.0,3.0,10.298293999994712,auto
1767947361109,Sunny,Day,0.09231770833333333,100.0,3.0,6.993267999860109,auto
1767947361138,Sunny,Day,0.09227430555555556,100.0,4.0,9.502507999968657,auto
1767947361172,Sunny,Day,0.0915798611111111,100.0,6.0,11.97947200012095,auto
1767947361205,Sunny,Day,0.09153645833333333,100.0,6.0,5.681954000010592,auto
1767947361233,Sunny,Day,0.09131944444444444,100.0,6.0,12.44931699989138,auto
1767947361264,Sunny,Day,0.09110243055555556,100.0,7.0,11.469904999785285,auto
1767947361295,Sunny,Day,0.09053819444444444,100.0,7.0,10.91915400002108,auto
1767947361328,Sunny,Day,0.09040798611111112,100.0,7.0,6.126096000116377,auto
1767947361358,Sunny,Day,0.0896267361111111,100.0,6.0,8.373358999961056,auto
1767947361393,Sunny,Day,0.08958333333333333,100.0,6.0,21.15900400008286,auto
1767947361421,Sunny,Day,0.08940972222222222,100.0,6.0,3.710705000003145,auto
1767947361453,Sunny,Day,0.08845486111111112,100.0,6.0,18.00567999998748,auto
1767947361483,Sunny,Day,0.08793402777777778,100.0,6.0,7.012583000005179,auto
1767947361516,Sunny,Day,0.08723958333333333,100.0,6.0,11.601330000075905,auto
1767947361546,Sunny,Day,0.08680555555555555,100.0,5.0,9.183291999988796,auto
1767947361578,Sunny,Day,0.08667534722222223,100.0,5.0,17.901366999922175,auto
1767947361610,Sunny,Day,0.08641493055555556,100.0,5.0,5.777304000048389,auto
1767947361642,Sunny,Day,0.08563368055555555,100.0,5.0,11.478499000077136,auto
1767947361673,Sunny,Day,0.08537326388888888,100.0,5.0,6.260204000000158,auto
1767947361703,Sunny,Day,0.08472222222222223,100.0,5.0,10.638362999998208,auto
1767947361734,Sunny,Day,0.084375,100.0,5.0,6.5372369999749935,auto
1767947361766,Sunny,Day,0.0837673611111111,100.0,5.0,17.524742999967202,auto
1767947361799,Sunny,Day,0.08346354166666667,100.0,6.0,11.965231999965908,auto
1767947361828,Sunny,Day,0.08255208333333333,100.0,7.0,14.827875000037238,auto
1767947361862,Sunny,Day,0.08246527777777778,100.0,7.0,18.504043000120873,auto
1767947361894,Sunny,Day,0.08216145833333334,100.0,7.0,8.359025000117981,auto
1767947361923,Sunny,Day,0.08246527777777778,100.0,7.0,6.420758000103888,auto
1767947361954,Sunny,Day,0.08133680555555556,100.0,6.0,7.780051999816351,auto
1767947361987,Sunny,Day,0.08129340277777777,100.0,5.0,18.662078000033944,auto
1767947362018,Sunny,Day,0.08133680555555556,100.0,4.0,5.725268000105643,auto
1767947362050,Sunny,Day,0.080859375,100.0,3.0,10.262737999937599,auto
1767947362081,Sunny,Day,0.08090277777777778,100.0,3.0,7.117913999991288,auto
1767947362111,Sunny,Day,0.08090277777777778,100.0,3.0,14.18160599996554,auto
1767947362144,Sunny,Day,0.08129340277777777,100.0,3.0,8.90540599993983,auto
1767947362175,Sunny,Day,0.08151041666666667,100.0,3.0,8.891906999906496,auto
1767947362207,Sunny,Day,0.08307291666666666,100.0,2.0,18.96961000011288,auto
1767947362240,Sunny,Day,0.08389756944444444,100.0,2.0,17.962014999966414,auto
1767947362268,Sunny,Day,0.08315972222222222,100.0,3.0,15.170666999893001,auto
1767947362302,Sunny,Day,0.08289930555555555,100.0,4.0,18.79835400018237,auto
1767947362332,Sunny,Day,0.08289930555555555,100.0,4.0,5.405661000168038,auto
1767947362363,Sunny,Day,0.08294270833333334,100.0,5.0,5.000666999876557,auto
1767947362395,Sunny,Day,0.08255208333333333,100.0,5.0,12.569464000080188,auto
1767947362427,Sunny,Day,0.08276909722222223,100.0,6.0,10.776471999861315,auto
1767947362459,Sunny,Day,0.08276909722222223,100.0,6.0,4.448379999985264,auto
1767947362488,Sunny,Day,0.08298611111111111,100.0,6.0,4.99909299992396,auto
1767947362521,Sunny,Day,0.08315972222222222,100.0,6.0,8.14927000010357,auto
1767947362551,Sunny,Day,0.08311631944444445,100.0,6.0,11.379203000160487,auto
1767947362583,Sunny,Day,0.0828125,100.0,6.0,10.977802000070369,auto
1767947362614,Sunny,Day,0.08311631944444445,100.0,6.0,8.654890999878262,auto
1767947362646,Sunny,Day,0.08389756944444444,100.0,5.0,12.183451000055356,auto
1767947362677,Sunny,Day,0.0837673611111111,100.0,5.0,7.762683000009929,auto
1767947362713,Sunny,Day,0.08350694444444444,100.0,5.0,22.311488000013924,auto
1767947362744,Sunny,Day,0.08407118055555556,100.0,5.0,2.9073089999656077,auto
1767947362773,Sunny,Day,0.083984375,100.0,4.0,11.394961999940278,auto
1767947362802,Sunny,Day,0.08428819444444445,100.0,4.0,6.338036999977703,auto
1767947362836,Sunny,Day,0.08433159722222222,100.0,3.0,16.373871000041618,auto
1767947362867,Sunny,Day,0.08480902777777778,100.0,3.0,10.617843999852994,auto
1767947362896,Sunny,Day,0.08441840277777778,100.0,3.0,15.139112000042587,auto
1767947362928,Sunny,Day,0.08454861111111112,100.0,4.0,16.987121000056504,auto
1767947362964,Sunny,Day,0.08467881944444444,100.0,4.0,20.774101999904815,auto
1767947362991,Sunny,Day,0.084375,100.0,4.0,7.021099999974467,auto
1767947363022,Sunny,Day,0.08428819444444445,100.0,5.0,10.932172999901013,auto
1767947363055,Sunny,Day,0.08441840277777778,100.0,5.0,18.589783000152238,auto
1767947363085,Sunny,Day,0.08411458333333334,100.0,5.0,10.03448300002674,auto
1767947363116,Sunny,Day,0.08415798611111111,100.0,5.0,17.585722999911013,auto
1767947363149,Sunny,Day,0.08389756944444444,100.0,5.0,17.291486999965855,auto
1767947363179,Sunny,Day,0.08389756944444444,100.0,5.0,14.12549599990598,auto
1767947363210,Sunny,Day,0.08407118055555556,100.0,5.0,11.554440999816507,auto
1767947363243,Sunny,Day,0.08433159722222222,100.0,5.0,9.712117000162834,auto
1767947363275,Sunny,Day,0.08441840277777778,100.0,4.0,15.840731000025698,auto
1767947363308,Sunny,Day,0.08407118055555556,100.0,4.0,16.056801000104315,auto
1767947363338,Sunny,Day,0.0842013888888889,100.0,4.0,6.39955499991629,auto
1767947363370,Sunny,Day,0.084375,100.0,4.0,18.343193999953655,auto
1767947363401,Sunny,Day,0.0842013888888889,100.0,4.0,4.755411999894932,auto
1767947363432,Sunny,Day,0.08385416666666666,100.0,4.0,17.33802400008244,auto
1767947363463,Sunny,Day,0.08454861111111112,100.0,4.0,14.262235000160217,auto
1767947363495,Sunny,Day,0.08428819444444445,100.0,4.0,4.751133999889134,auto
1767947363524,Sunny,Day,0.08381076388888889,100.0,4.0,6.696736000094461,auto
1767947363558,Sunny,Day,0.084375,100.0,3.0,6.197519999886936,auto
1767947363588,Sunny,Day,0.08368055555555555,100.0,3.0,8.282434000193462,auto
1767947363621,Sunny,Day,0.08385416666666666,100.0,4.0,10.493031999885716,auto
1767947363650,Sunny,Day,0.08372395833333333,100.0,4.0,6.857695999997304,auto
1767947363687,Sunny,Day,0.08407118055555556,100.0,4.0,11.61649599998782,auto
1767947363713,Sunny,Day,0.08363715277777778,100.0,5.0,5.4229570000643434,auto
1767947363748,Sunny,Day,0.08328993055555556,100.0,5.0,9.143681000068682,auto
1767947363779,Sunny,Day,0.08307291666666666,100.0,5.0,7.773257000053491,auto
1767947363807,Sunny,Day,0.08307291666666666,100.0,5.0,6.25405599998885,auto
1767947363840,Sunny,Day,0.08428819444444445,100.0,5.0,19.426345000056244,auto
1767947363870,Sunny,Day,0.08424479166666667,100.0,4.0,14.72634000015205,auto
1767947363901,Sunny,Day,0.08381076388888889,100.0,4.0,17.328337999970245,auto
1767947363933,Sunny,Day,0.083984375,100.0,3.0,11.50657199991656,auto
1767947363966,Sunny,Day,0.08385416666666666,100.0,2.0,13.10604900004364,auto
1767947363997,Sunny,Day,0.08385416666666666,100.0,2.0,9.477583000034429,auto
1767947364027,Sunny,Day,0.08424479166666667,100.0,2.0,12.662426000133564,auto
1767947364058,Sunny,Day,0.08433159722222222,100.0,2.0,5.647361999990608,auto
1767947364093,Sunny,Day,0.0842013888888889,100.0,2.0,20.921266999948784,auto
1767947364121,Sunny,Day,0.08459201388888889,100.0,2.0,13.899926000021878,auto
1767947364154,Sunny,Day,0.084375,100.0,2.0,8.612577999883797,auto
1767947364184,Sunny,Day,0.08411458333333334,100.0,3.0,11.671681000052558,auto
1767947364215,Sunny,Day,0.08415798611111111,100.0,3.0,14.220994999959657,auto
1767947364247,Sunny,Day,0.08372395833333333,100.0,3.0,5.462919999899896,auto
1767947364278,Sunny,Day,0.08454861111111112,100.0,3.0,10.083760000043185,auto
1767947364313,Sunny,Day,0.08506944444444445,100.0,3.0,21.18944900007591,auto
1767947364341,Sunny,Day,0.08480902777777778,100.0,2.0,6.607532999851173,auto
1767947364374,Sunny,Day,0.08524305555555556,100.0,2.0,18.379396999989694,auto
1767947364407,Sunny,Day,0.08528645833333333,100.0,2.0,10.261924000133149,auto
1767947364435,Sunny,Day,0.08515625,100.0,2.0,13.521079000156533,auto
1767947364467,Sunny,Day,0.0857204861111111,100.0,2.0,8.570597000016278,auto
1767947364499,Sunny,Day,0.08502604166666666,100.0,1.0,9.530767999876844,auto
1767947364529,Sunny,Day,0.08489583333333334,100.0,1.0,8.21065699983592,auto
1767947364562,Sunny,Day,0.08485243055555555,100.0,1.0,7.229782999957024,auto
1767947364594,Sunny,Day,0.08519965277777777,100.0,1.0,7.70822100002988,auto
1767947364626,Sunny,Day,0.0857204861111111,100.0,1.0,11.243557000170767,auto
1767947364657,Sunny,Day,0.08493923611111111,100.0,1.0,6.133503000000928,auto
1767947364689,Sunny,Day,0.08472222222222223,100.0,1.0,14.46893600018484,auto
1767947364718,Sunny,Day,0.08407118055555556,100.0,1.0,6.083319000026677,auto
1767947364749,Sunny,Day,0.08407118055555556,100.0,1.0,9.421195000186344,auto
1767947364781,Sunny,Day,0.08333333333333333,100.0,0.0,18.687448000036966,auto
1767947364812,Sunny,Day,0.08519965277777777,100.0,0.0,15.968766000014512,auto
1767947364843,Sunny,Day,0.084765625,100.0,0.0,16.911640999978772,auto
1767947364875,Sunny,Day,0.08723958333333333,100.0,-1.0,14.251272999899811,auto
1767947364906,Sunny,Day,0.08823784722222222,100.0,-2.0,9.671635999893624,auto
1767947364940,Sunny,Day,0.09027777777777778,100.0,-3.0,10.050020000107907,auto
1767947364968,Sunny,Day,0.091796875,100.0,-4.0,7.595351999952982,auto
1767947365000,Sunny,Day,0.09249131944444444,100.0,-5.0,7.804773999851022,auto
1767947365031,Sunny,Day,0.09253472222222223,100.0,-5.0,17.39683799996783,auto
1767947365063,Sunny,Day,0.09309895833333333,100.0,-6.0,17.421745000092415,auto
1767947365095,Sunny,Day,0.09305555555555556,100.0,-6.0,17.132693999883486,auto
1767947365126,Sunny,Day,0.09314236111111111,100.0,-7.0,16.47020300015356,auto
1767947365157,Sunny,Day,0.09322916666666667,100.0,-6.0,9.570897000003242,auto
1767947365190,Sunny,Day,0.09166666666666666,100.0,-6.0,8.637429000145858,auto
1767947365220,Sunny,Day,0.09184027777777778,100.0,-5.0,10.19483200002469,auto
1767947365252,Sunny,Day,0.09131944444444444,100.0,-5.0,17.834089999951175,auto
1767947365283,Sunny,Day,0.09019097222222222,100.0,-5.0,2.810052000086216,auto
1767947365317,Sunny,Day,0.09027777777777778,100.0,-5.0,6.379073000061908,auto
1767947365346,Sunny,Day,0.08967013888888889,100.0,-4.0,15.745769000204746,auto
1767947365378,Sunny,Day,0.0900607638888889,100.0,-5.0,17.41530099980082,auto
1767947365410,Sunny,Day,0.08932291666666667,100.0,-6.0,7.700515999886193,auto
1767947365440,Sunny,Day,0.08806423611111111,100.0,-6.0,11.67203300019537,auto
1767947365471,Sunny,Day,0.08671875,100.0,-7.0,17.174581999825023,auto
1767947365504,Sunny,Day,0.08567708333333333,100.0,-9.0,8.613558000206467,auto
1767947365534,Sunny,Day,0.08467881944444444,100.0,-9.0,11.24139099988497,auto
1767947365566,Sunny,Day,0.08381076388888889,100.0,-10.0,16.203948000111268,auto
1767947365597,Sunny,Day,0.08350694444444444,100.0,-10.0,10.614974000191069,auto
1767947365628,Sunny,Day,0.08424479166666667,100.0,-11.0,9.552045999953407,auto
1767947365662,Sunny,Day,0.084765625,100.0,-11.0,9.820670999943104,auto
1767947365691,Sunny,Day,0.08559027777777778,100.0,-11.0,5.349514000045019,auto
1767947365726,Sunny,Day,0.08619791666666667,100.0,-11.0,15.518197999881522,auto
1767947365754,Sunny,Day,0.08650173611111112,100.0,-10.0,13.574393999988388,auto
1767947365788,Sunny,Day,0.0881076388888889,100.0,-10.0,19.862449000129345,auto
1767947365819,Sunny,Day,0.08815104166666667,100.0,-9.0,15.108241000007183,auto
1767947365848,Sunny,Day,0.08806423611111111,100.0,-9.0,12.028768999925887,auto
1767947365880,Sunny,Day,0.08736979166666667,100.0,-8.0,15.298664000056306,auto
1767947365912,Sunny,Day,0.08815104166666667,100.0,-8.0,11.424129000033645,auto
1767947365942,Sunny,Day,0.08910590277777777,100.0,-8.0,15.427439999939452,auto
1767947365974,Sunny,Day,0.08901909722222222,100.0,-8.0,11.207188000071255,auto
1767947366005,Sunny,Day,0.08880208333333334,100.0,-8.0,16.582849000087663,auto
1767947366038,Sunny,Day,0.09053819444444444,100.0,-9.0,5.6505089999063784,auto
1767947366067,Sunny,Day,0.09084201388888889,100.0,-10.0,10.102648000156478,auto
1767947366100,Sunny,Day,0.08984375,100.0,-10.0,19.01464700017641,auto
1767947366131,Sunny,Day,0.09010416666666667,100.0,-10.0,10.441753999884895,auto
1767947366162,Sunny,Day,0.08997395833333334,100.0,-10.0,16.78712399984761,auto
1767947366196,Sunny,Day,0.09049479166666667,100.0,-11.0,16.265279999970517,auto
1767947366227,Sunny,Day,0.08975694444444444,100.0,-11.0,15.149296000117829,auto
1767947366256,Sunny,Day,0.09071180555555555,100.0,-11.0,6.455108999944059,auto
1767947366289,Sunny,Day,0.09097222222222222,100.0,-10.0,10.068574999877455,auto
1767947366324,Sunny,Day,0.0921875,100.0,-10.0,9.054996000031679,auto
1767947366352,Sunny,Day,0.092578125,100.0,-10.0,4.877539999824876,auto
1767947366381,Sunny,Day,0.09322916666666667,100.0,-10.0,15.543605999937427,auto
1767947366415,Sunny,Day,0.09314236111111111,100.0,-9.0,14.057997999998406,auto
1767947366445,Sunny,Day,0.09375,100.0,-10.0,7.153488000085417,auto
1767947366478,Sunny,Day,0.09366319444444444,100.0,-10.0,6.383128999914334,auto
1767947366511,Sunny,Day,0.09392361111111111,100.0,-11.0,7.955216000027576,auto
1767947366544,Sunny,Day,0.09474826388888889,100.0,-12.0,5.736452999826724,auto
1767947366571,Sunny,Day,0.09357638888888889,100.0,-13.0,6.533644999990429,auto
1767947366602,Sunny,Day,0.09383680555555556,100.0,-14.0,11.12155900000289,auto
1767947366634,Sunny,Day,0.09283854166666666,100.0,-15.0,18.471729999873787,auto
1767947366664,Sunny,Day,0.09370659722222222,100.0,-15.0,16.1484489999566,auto
1767947366697,Sunny,Day,0.09513888888888888,100.0,-15.0,18.331213000010393,auto
1767947366729,Sunny,Day,0.09557291666666666,100.0,-16.0,8.643057999961457,auto
1767947366758,Sunny,Day,0.09409722222222222,100.0,-17.0,6.971343000031993,auto
1767947366791,Sunny,Day,0.09227430555555556,100.0,-19.0,16.13094800018189,auto
1767947366822,Sunny,Day,0.08884548611111111,100.0,-21.0,5.223294000188616,auto
1767947366853,Sunny,Day,0.08650173611111112,100.0,-24.0,12.999884000009843,auto
1767947366884,Sunny,Day,0.08493923611111111,100.0,-26.0,10.325125999997908,auto
1767947366918,Sunny,Day,0.08368055555555555,100.0,-26.0,18.759058999876288,auto
1767947366952,Sunny,Day,0.08090277777777778,100.0,-28.0,9.272253000062847,auto
1767947366982,Sunny,Day,0.08068576388888889,100.0,-29.0,4.720059999954174,auto
1767947367011,Sunny,Day,0.07960069444444444,100.0,-29.0,13.038938000136113,auto
1767947367042,Sunny,Day,0.0779079861111111,100.0,-30.0,9.92855899994538,auto
1767947367074,Sunny,Day,0.077734375,100.0,-31.0,4.288677999966239,auto
1767947367104,Sunny,Day,0.07734375,100.0,-31.0,10.547659999929238,auto
1767947367136,Sunny,Day,0.07660590277777778,100.0,-31.0,15.145184999937555,auto
1767947367168,Sunny,Day,0.07673611111111112,100.0,-29.0,6.525423000084629,auto
1767947367198,Sunny,Day,0.07612847222222222,100.0,-29.0,11.594219000016892,auto
1767947367229,Sunny,Day,0.07569444444444444,100.0,-27.0,12.301541999931942,auto
1767947367262,Sunny,Day,0.07686631944444444,100.0,-25.0,10.132369999837465,auto
1767947367292,Sunny,Day,0.07604166666666666,100.0,-24.0,12.229673000092589,auto
1767947367324,Sunny,Day,0.07604166666666666,100.0,-22.0,15.45168100005867,auto
1767947367356,Sunny,Day,0.07569444444444444,100.0,-21.0,7.43055800012371,auto
1767947367387,Sunny,Day,0.07569444444444444,100.0,-19.0,8.894887999986167,auto
1767947367425,Sunny,Day,0.07673611111111112,100.0,-18.0,2.2532630000569043,auto
1767947367452,Sunny,Day,0.07513020833333334,100.0,-17.0,4.3931390000579995,auto
1767947367481,Sunny,Day,0.076171875,100.0,-17.0,10.479715999963446,auto
1767947367514,Sunny,Day,0.07560763888888888,100.0,-16.0,18.617486000039207,auto
1767947367544,Sunny,Day,0.07491319444444444,100.0,-15.0,6.8935280000914645,auto
1767947367576,Sunny,Day,0.07547743055555556,100.0,-14.0,9.804967000036413,auto
1767947367607,Sunny,Day,0.074609375,100.0,-13.0,7.664369999929477,auto
1767947367639,Sunny,Day,0.07504340277777778,100.0,-11.0,14.794393999864042,auto
1767947367670,Sunny,Day,0.07469618055555556,100.0,-11.0,6.731067999908191,auto
1767947367703,Sunny,Day,0.07365451388888888,100.0,-9.0,15.346292999993238,auto
1767947367733,Sunny,Day,0.07504340277777778,100.0,-9.0,6.925047000095219,auto
1767947367768,Sunny,Day,0.07391493055555555,100.0,-8.0,5.597733000058724,auto
1767947367800,Sunny,Day,0.07526041666666666,100.0,-7.0,7.80434799980867,auto
1767947367838,Sunny,Day,0.07508680555555555,100.0,-7.0,3.7967959999605227,auto
1767947367869,Sunny,Day,0.07513020833333334,100.0,-7.0,3.188861000126053,auto
1767947367902,Sunny,Day,0.074609375,100.0,-7.0,2.7039049998620612,auto
1767947367927,Sunny,Day,0.07478298611111112,100.0,-8.0,2.391836000015246,auto
1767947367954,Sunny,Day,0.074609375,100.0,-8.0,7.475520000070901,auto
1767947367983,Sunny,Day,0.07426215277777778,100.0,-8.0,6.413277000092421,auto
1767947368014,Sunny,Day,0.07395833333333333,100.0,-9.0,17.427856000040265,auto
1767947368048,Sunny,Day,0.07434895833333334,100.0,-9.0,19.288014000039766,auto
1767947368079,Sunny,Day,0.07404513888888889,100.0,-9.0,10.377513999856092,auto
1767947368110,Sunny,Day,0.0744357638888889,100.0,-9.0,16.513461999920764,auto
1767947368140,Sunny,Day,0.07413194444444444,100.0,-10.0,10.28501599989795,auto
1767947368174,Sunny,Day,0.07421875,100.0,-9.0,8.952665000151683,auto
1767947368203,Sunny,Day,0.07387152777777778,100.0,-9.0,9.605803999875207,auto
1767947368235,Sunny,Day,0.07365451388888888,100.0,-9.0,8.614781000005678,auto
1767947368268,Sunny,Day,0.07313368055555555,100.0,-10.0,19.54073199999584,auto
1767947368298,Sunny,Day,0.07291666666666667,100.0,-10.0,6.058280999923227,auto
1767947368329,Sunny,Day,0.07352430555555556,100.0,-10.0,11.504294000133086,auto
1767947368360,Sunny,Day,0.07335069444444445,100.0,-10.0,12.595223000062106,auto
1767947368392,Sunny,Day,0.07317708333333334,100.0,-9.0,10.077537999904962,auto
1767947368423,Sunny,Day,0.07300347222222223,100.0,-9.0,7.01432300002125,auto
1767947368454,Sunny,Day,0.07239583333333334,100.0,-8.0,7.868699000027846,auto
1767947368485,Sunny,Day,0.07282986111111112,100.0,-8.0,9.426250999922559,auto
1767947368516,Sunny,Day,0.07213541666666666,100.0,-7.0,12.192655000035302,auto
1767947368550,Sunny,Day,0.07243923611111111,100.0,-7.0,8.989238999902227,auto
1767947368579,Sunny,Day,0.07135416666666666,100.0,-7.0,10.877191999952629,auto
1767947368611,Sunny,Day,0.07118055555555555,100.0,-6.0,15.318313000079797,auto
1767947368642,Sunny,Day,0.07113715277777778,100.0,-6.0,7.6845359999424545,auto
1767947368674,Sunny,Day,0.07165798611111111,100.0,-5.0,10.057167000013578,auto
1767947368705,Sunny,Day,0.07083333333333333,100.0,-5.0,8.9587949998986,auto
1767947368737,Sunny,Day,0.07135416666666666,100.0,-6.0,12.433725999926537,auto
1767947368776,Sunny,Day,0.07126736111111111,100.0,-6.0,2.7874590000465105,auto
1767947368801,Sunny,Day,0.07126736111111111,100.0,-6.0,4.343251000136661,auto
1767947368831,Sunny,Day,0.07126736111111111,100.0,-6.0,14.750523999964571,auto
1767947368863,Sunny,Day,0.070703125,100.0,-6.0,11.622830000078466,auto
1767947368895,Sunny,Day,0.071484375,100.0,-7.0,5.343755000012607,auto
1767947368925,Sunny,Day,0.07131076388888889,100.0,-7.0,16.67473699990296,auto
1767947368956,Sunny,Day,0.07092013888888889,100.0,-7.0,16.220466000049782,auto
1767947368991,Sunny,Day,0.07065972222222222,100.0,-7.0,19.13407200004258,auto
1767947369022,Sunny,Day,0.07026909722222222,100.0,-7.0,14.638340999908905,auto
1767947369050,Sunny,Day,0.07061631944444445,100.0,-7.0,9.367307000047731,auto
1767947369084,Sunny,Day,0.07118055555555555,100.0,-7.0,19.492048000074647,auto
1767947369115,Sunny,Day,0.07165798611111111,100.0,-7.0,6.899139000097421,auto
1767947369145,Sunny,Day,0.07170138888888888,100.0,-7.0,15.900062999889997,auto
1767947369176,Sunny,Day,0.07144097222222222,100.0,-7.0,17.282357999874876,auto
1767947369208,Sunny,Day,0.07178819444444444,100.0,-6.0,17.286728000044604,auto
1767947369241,Sunny,Day,0.07174479166666667,100.0,-6.0,15.943765999963944,auto
1767947369271,Sunny,Day,0.07191840277777778,100.0,-6.0,5.428605999895808,auto
1767947369302,Sunny,Day,0.07178819444444444,100.0,-5.0,9.281252999926437,auto
1767947369333,Sunny,Day,0.07209201388888889,100.0,-5.0,16.8209939999997,auto
1767947369368,Sunny,Day,0.07209201388888889,100.0,-5.0,18.65996800006542,auto
1767947369398,Sunny,Day,0.07230902777777778,100.0,-5.0,14.660045000027822,auto
1767947369428,Sunny,Day,0.07274305555555556,100.0,-5.0,15.514661999986856,auto
1767947369459,Sunny,Day,0.07313368055555555,100.0,-5.0,8.557059999930061,auto
1767947369490,Sunny,Day,0.07322048611111111,100.0,-6.0,9.656468999992285,auto
1767947369522,Sunny,Day,0.073046875,100.0,-6.0,8.754093999868928,auto
1767947369553,Sunny,Day,0.07387152777777778,100.0,-6.0,16.746661999832213,auto
1767947369585,Sunny,Day,0.07508680555555555,100.0,-6.0,5.076944999927946,auto
1767947369616,Sunny,Day,0.07534722222222222,100.0,-6.0,17.220969999925728,auto
1767947369647,Sunny,Day,0.07526041666666666,100.0,-5.0,17.274339999858057,auto
1767947369679,Sunny,Day,0.075390625,100.0,-5.0,16.810643000098935,auto
1767947369711,Sunny,Day,0.07578125,100.0,-5.0,6.5503670000452985,auto
1767947369742,Sunny,Day,0.07734375,100.0,29.0,6.772957000066526,auto
1767947369773,Sunny,Day,0.077734375,100.0,29.0,17.29270999999244,auto
1767947369805,Sunny,Day,0.07777777777777778,100.0,29.0,10.185035999938918,auto
1767947369836,Sunny,Day,0.08151041666666667,100.0,26.0,10.68599199993514,auto
1767947369867,Sunny,Day,0.08546006944444444,100.0,24.0,13.131843999872217,auto
1767947369898,Sunny,Day,0.084375,100.0,19.0,17.836923999993815,auto
1767947369930,Sunny,Day,0.08506944444444445,100.0,15.0,9.676839000121618,auto
1767947369961,Sunny,Day,0.08702256944444445,100.0,11.0,12.04719399993337,auto
1767947369993,Sunny,Day,0.08754340277777778,100.0,7.0,11.964046999992206,auto
1767947370024,Sunny,Day,0.08663194444444444,100.0,4.0,16.41796300009446,auto
1767947370055,Sunny,Day,0.0859375,100.0,1.0,17.67599999993763,auto
1767947370087,Sunny,Day,0.084765625,100.0,-2.0,18.078736000006757,auto
1767947370118,Sunny,Day,0.08637152777777778,100.0,-4.0,18.076920000112295,auto
1767947370149,Sunny,Day,0.08637152777777778,100.0,-5.0,17.96269999999822,auto
1767947370181,Sunny,Day,0.08697916666666666,100.0,-7.0,17.302895000057106,auto
1767947370213,Sunny,Day,0.08819444444444445,100.0,-7.0,18.554229000073974,auto
1767947370243,Sunny,Day,0.08884548611111111,100.0,-7.0,16.170614999964528,auto
1767947370275,Sunny,Day,0.088671875,100.0,-7.0,17.22630300014316,auto
1767947370306,Sunny,Day,0.08793402777777778,100.0,-8.0,12.10430399987672,auto
1767947370338,Sunny,Day,0.08828125,100.0,-7.0,16.973252000070715,auto
1767947370369,Sunny,Day,0.08858506944444444,100.0,-7.0,17.33582099996056,auto
1767947370400,Sunny,Day,0.08667534722222223,100.0,-6.0,16.566591000128028,auto
1767947370432,Sunny,Day,0.08832465277777778,100.0,-5.0,10.954228999935367,auto
1767947370466,Sunny,Day,0.08684895833333334,100.0,-5.0,19.86180200015042,auto
1767947370495,Sunny,Day,0.087109375,100.0,-4.0,11.499628000137818,auto
1767947370526,Sunny,Day,0.08793402777777778,100.0,-4.0,17.77114700007587,auto
1767947370559,Sunny,Day,0.08858506944444444,100.0,-4.0,19.170181999925262,auto
1767947370589,Sunny,Day,0.08854166666666667,100.0,-4.0,9.904762000132905,auto
1767947370621,Sunny,Day,0.08845486111111112,100.0,-4.0,17.364004999990357,auto
1767947370652,Sunny,Day,0.08997395833333334,100.0,-4.0,16.839643000139404,auto
1767947370683,Sunny,Day,0.08910590277777777,100.0,-4.0,18.05856800001493,auto
1767947370717,Sunny,Day,0.08832465277777778,100.0,-4.0,18.818001999989065,auto
1767947370746,Sunny,Day,0.08858506944444444,100.0,-4.0,15.145332999964012,auto
1767947370780,Sunny,Day,0.08884548611111111,100.0,-4.0,18.551505999994333,auto
1767947370809,Sunny,Day,0.08923611111111111,100.0,-4.0,15.222517999973206,auto
1767947370841,Sunny,Day,0.08910590277777777,100.0,-4.0,17.843331999984002,auto
1767947370872,Sunny,Day,0.088671875,100.0,-4.0,17.619316000036633,auto
1767947370905,Sunny,Day,0.088671875,100.0,-4.0,20.291331999942486,auto
1767947370935,Sunny,Day,0.09266493055555555,100.0,-4.0,7.016342000042641,auto
1767947370967,Sunny,Day,0.09943576388888889,100.0,-4.0,5.133555000156775,auto
1767947370997,Sunny,Day,0.10338541666666666,100.0,-4.0,10.390402999973958,auto
1767947371029,Sunny,Day,0.10520833333333333,100.0,-4.0,15.292498000007981,auto
1767947371060,Sunny,Day,0.10833333333333334,100.0,-4.0,17.485670000041864,auto
1767947371091,Sunny,Day,0.10933159722222222,100.0,-4.0,17.597297999827788,auto
1767947371123,Sunny,Day,0.10941840277777778,100.0,-4.0,12.155988000131401,auto
1767947371154,Sunny,Day,0.11223958333333334,100.0,-4.0,13.346916000045894,auto
1767947371186,Sunny,Day,0.11341145833333334,100.0,-5.0,16.757181000002674,auto
1767947371219,Sunny,Day,0.11462673611111111,100.0,-5.0,19.09134999982598,auto
1767947371250,Sunny,Day,0.11124131944444444,100.0,-5.0,5.94891299988376,auto
1767947371280,Sunny,Day,0.11158854166666667,100.0,-5.0,15.94128500005354,auto
1767947371312,Sunny,Day,0.11566840277777778,100.0,-5.0,10.931043000027785,auto
1767947371343,Sunny,Day,0.1193576388888889,100.0,-6.0,6.74701200000527,auto
1767947371375,Sunny,Day,0.11901041666666666,100.0,-6.0,10.559029999967606,auto
1767947371405,Sunny,Day,0.12265625,100.0,-6.0,17.550706000065475,auto
1767947371441,Sunny,Day,0.12313368055555556,100.0,-6.0,21.379094000167242,auto
1767947371468,Sunny,Day,0.12248263888888888,100.0,-6.0,7.8540519998568925,auto
1767947371501,Sunny,Day,0.12621527777777777,100.0,-7.0,18.791131999932986,auto
1767947371533,Sunny,Day,0.12664930555555556,100.0,-7.0,7.640609999953085,auto
1767947371564,Sunny,Day,0.12790798611111112,100.0,-7.0,14.758895000113625,auto
1767947371594,Sunny,Day,0.12825520833333334,100.0,-7.0,17.204284999934316,auto
1767947371626,Sunny,Day,0.12708333333333333,100.0,-7.0,15.516550000029383,auto
1767947371657,Sunny,Day,0.11883680555555555,100.0,-7.0,9.06981100001758,auto
1767947371689,Sunny,Day,0.115234375,100.0,-7.0,18.894871999918905,auto
1767947371719,Sunny,Day,0.11414930555555555,100.0,-6.0,7.474743000102535,auto
1767947371751,Sunny,Day,0.10859375,100.0,-6.0,10.862488999919151,auto
1767947371783,Sunny,Day,0.10494791666666667,100.0,-6.0,6.504663999976401,auto
1767947371814,Sunny,Day,0.10004340277777778,100.0,-6.0,11.30650200002492,auto
1767947371845,Sunny,Day,0.09505208333333333,100.0,-6.0,17.335172000002785,auto
1767947371877,Sunny,Day,0.091015625,100.0,-5.0,8.377154999834602,auto
1767947371908,Sunny,Day,0.08862847222222223,100.0,-5.0,17.767499000001408,auto
1767947371939,Sunny,Day,0.08754340277777778,100.0,-5.0,11.245688000144582,auto
1767947371970,Sunny,Day,0.08589409722222222,100.0,-5.0,12.478762000000643,auto
1767947372002,Sunny,Day,0.08684895833333334,100.0,-4.0,17.534243999989485,auto
1767947372034,Sunny,Day,0.08658854166666667,100.0,-5.0,16.309704999912356,auto
1767947372066,Sunny,Day,0.08689236111111111,100.0,-4.0,18.47659999998541,auto
1767947372096,Sunny,Day,0.08732638888888888,100.0,-4.0,15.432718000056411,auto
1767947372128,Sunny,Day,0.08780381944444444,100.0,-4.0,17.958402999965983,auto
1767947372159,Sunny,Day,0.08832465277777778,100.0,-4.0,17.881961000057345,auto
1767947372191,Sunny,Day,0.08854166666666667,100.0,-4.0,10.44351300015478,auto
1767947372222,Sunny,Day,0.08936631944444444,100.0,-4.0,10.415811000029862,auto
1767947372255,Sunny,Day,0.09014756944444445,100.0,-4.0,16.276465999908396,auto
1767947372285,Sunny,Day,0.09079861111111111,100.0,-4.0,8.00980899998649,auto
1767947372317,Sunny,Day,0.09127604166666667,100.0,-4.0,19.076850000146806,auto
1767947372347,Sunny,Day,0.09314236111111111,100.0,-4.0,7.208061000028465,auto
1767947372379,Sunny,Day,0.09348958333333333,100.0,-4.0,17.96427399995082,auto
1767947372410,Sunny,Day,0.09461805555555555,100.0,-4.0,17.479799000057028,auto
1767947372442,Sunny,Day,0.0939670138888889,100.0,-4.0,18.065199000147913,auto
1767947372473,Sunny,Day,0.09483506944444445,100.0,-4.0,17.18067499996323,auto
1767947372507,Sunny,Day,0.09505208333333333,100.0,-4.0,19.70358199992006,auto
1767947372536,Sunny,Day,0.09453125,100.0,-4.0,10.82756400001017,auto
1767947372569,Sunny,Day,0.09474826388888889,100.0,-4.0,18.66383800006588,auto
1767947372599,Sunny,Day,0.09670138888888889,100.0,-4.0,16.051191000087783,auto
1767947372630,Sunny,Day,0.09739583333333333,100.0,-4.0,17.153229999848918,auto
1767947372662,Sunny,Day,0.09991319444444445,100.0,-4.0,16.246206999994683,auto
1767947372693,Sunny,Day,0.10017361111111112,100.0,-4.0,17.648853000082454,auto
1767947372727,Sunny,Day,0.09973958333333334,100.0,-4.0,20.17625999997108,auto
1767947372756,Sunny,Day,0.09904513888888888,100.0,-4.0,14.914689000079306,auto
1767947372787,Sunny,Day,0.09861111111111111,100.0,-3.0,18.36367600003541,auto
1767947372818,Sunny,Day,0.09887152777777777,100.0,-3.0,17.701685000020007,auto
1767947372851,Sunny,Day,0.09809027777777778,100.0,-3.0,19.260291999898982,auto
1767947372883,Sunny,Day,0.098046875,100.0,-3.0,18.216696000081356,auto
1767947372914,Sunny,Day,0.0984375,100.0,-3.0,8.537189999969996,auto
1767947372946,Sunny,Day,0.09934895833333333,100.0,-3.0,15.382164000129706,auto
1767947372978,Sunny,Day,0.09895833333333333,100.0,-4.0,14.160088999915388,auto
1767947373007,Sunny,Day,0.09895833333333333,100.0,-4.0,11.875012000018614,auto
1767947373040,Sunny,Day,0.09934895833333333,100.0,-4.0,17.253229000061765,auto
1767947373070,Sunny,Day,0.09934895833333333,100.0,-4.0,13.917388999971081,auto
1767947373101,Sunny,Day,0.100390625,100.0,-3.0,17.52470600013112,auto
1767947373133,Sunny,Day,0.10017361111111112,100.0,-3.0,18.033643999842752,auto
1767947373164,Sunny,Day,0.09943576388888889,100.0,-3.0,17.378209000071365,auto
1767947373195,Sunny,Day,0.09930555555555555,100.0,-3.0,9.432862000039677,auto
1767947373226,Sunny,Day,0.09956597222222222,100.0,-3.0,17.82883199985008,auto
1767947373259,Sunny,Day,0.09973958333333334,100.0,-3.0,18.85203899996668,auto
1767947373290,Sunny,Day,0.098828125,100.0,-3.0,5.417792000116606,auto
1767947373320,Sunny,Day,0.09878472222222222,100.0,-3.0,10.9745990000647,auto
1767947373354,Sunny,Day,0.09921875,100.0,-3.0,13.739039000029152,auto
1767947373383,Sunny,Day,0.09895833333333333,100.0,-3.0,7.369744000015999,auto
1767947373415,Sunny,Day,0.09861111111111111,100.0,-3.0,13.772428000038417,auto
1767947373446,Sunny,Day,0.09917534722222222,100.0,-3.0,17.324153999879854,auto
1767947373478,Sunny,Day,0.09991319444444445,100.0,-3.0,9.248438999975406,auto
1767947373509,Sunny,Day,0.09965277777777778,100.0,-3.0,11.506239000027563,auto
1767947373542,Sunny,Day,0.09986979166666667,100.0,-3.0,13.973739999983081,auto
1767947373572,Sunny,Day,0.099609375,100.0,-3.0,6.311166999921625,auto
1767947373606,Sunny,Day,0.10008680555555556,100.0,-3.0,15.666992999967988,auto
1767947373635,Sunny,Day,0.10108506944444444,100.0,-2.0,14.030202000185454,auto
1767947373667,Sunny,Day,0.10112847222222222,100.0,-2.0,18.147809000083726,auto
1767947373698,Sunny,Day,0.10138888888888889,100.0,-2.0,16.74721699987458,auto
1767947373729,Sunny,Day,0.10160590277777778,100.0,-3.0,16.93658600015624,auto
1767947373760,Sunny,Day,0.10125868055555555,100.0,-2.0,16.709162999859473,auto
1767947373792,Sunny,Day,0.10130208333333333,100.0,-2.0,17.132268000068507,auto
1767947373823,Sunny,Day,0.10151909722222222,100.0,-2.0,17.591928000001644,auto
1767947373854,Sunny,Day,0.101953125,100.0,-2.0,18.012550999856103,auto
1767947373887,Sunny,Day,0.10247395833333334,100.0,-2.0,10.072815000057744,auto
1767947373917,Sunny,Day,0.10269097222222222,100.0,-2.0,8.163103000015326,auto
1767947373949,Sunny,Day,0.10260416666666666,100.0,-2.0,17.258562000051825,auto
1767947373980,Sunny,Day,0.10303819444444444,100.0,-2.0,17.4298379999982,auto
1767947374012,Sunny,Day,0.10360243055555556,100.0,-2.0,16.55857300011121,auto
1767947374043,Sunny,Day,0.10386284722222222,100.0,-2.0,17.32987599984881,auto
1767947374074,Sunny,Day,0.1037326388888889,100.0,-2.0,7.17539500010389,auto
1767947374107,Sunny,Day,0.10347222222222222,100.0,-2.0,19.168423000110124,auto
1767947374137,Sunny,Day,0.10403645833333333,100.0,-2.0,9.724153999968621,auto
1767947374170,Sunny,Day,0.10512152777777778,100.0,-2.0,17.98353300000599,auto
1767947374200,Sunny,Day,0.10342881944444444,100.0,-2.0,16.16202200011685,auto
1767947374231,Sunny,Day,0.10321180555555555,100.0,-2.0,17.772332000049573,auto
1767947374263,Sunny,Day,0.10360243055555556,100.0,-2.0,17.650723000087964,auto
1767947374295,Sunny,Day,0.10338541666666666,100.0,-2.0,17.950755999891044,auto
1767947374325,Sunny,Day,0.10251736111111111,100.0,-1.0,16.375501000084114,auto
1767947374357,Sunny,Day,0.10238715277777778,100.0,-1.0,17.44294800005264,auto
1767947374388,Sunny,Day,0.10243055555555555,100.0,-1.0,17.774961999975858,auto
1767947374420,Sunny,Day,0.10290798611111111,100.0,-1.0,17.899312000054124,auto
1767947374453,Sunny,Day,0.1032986111111111,100.0,-1.0,18.70746700001291,auto
1767947374482,Sunny,Day,0.10282118055555556,100.0,-1.0,14.375548999851162,auto
1767947374514,Sunny,Day,0.103515625,100.0,-1.0,16.62596100004521,auto
1767947374545,Sunny,Day,0.10286458333333333,100.0,-1.0,16.806549999955678,auto
1767947374577,Sunny,Day,0.10342881944444444,100.0,-1.0,17.690573999971093,auto
1767947374608,Sunny,Day,0.10368923611111111,100.0,0.0,18.06423600010021,auto
1767947374639,Sunny,Day,0.10390625,100.0,0.0,17.701223000130994,auto
1767947374671,Sunny,Day,0.10481770833333333,100.0,0.0,17.92875599994659,auto
1767947374704,Sunny,Day,0.10481770833333333,100.0,0.0,19.51138100002936,auto
1767947374733,Sunny,Day,0.10533854166666666,100.0,1.0,15.232573000048433,auto
1767947374765,Sunny,Day,0.10629340277777778,100.0,1.0,17.9400340000484,auto
1767947374796,Sunny,Day,0.10572916666666667,100.0,0.0,17.898218999789606,auto
1767947374828,Sunny,Day,0.106640625,100.0,1.0,17.781388000003062,auto
1767947374859,Sunny,Day,0.10655381944444445,100.0,1.0,18.289232000142874,auto
1767947374891,Sunny,Day,0.10642361111111111,100.0,1.0,17.702370000051815,auto
1767947374922,Sunny,Day,0.10685763888888888,100.0,1.0,18.162586000016745,auto
1767947374953,Sunny,Day,0.10546875,100.0,1.0,7.847904000072958,auto
1767947374987,Sunny,Day,0.10620659722222223,100.0,2.0,16.47955499993259,auto
1767947375016,Sunny,Day,0.10512152777777778,100.0,1.0,14.85948599997755,auto
1767947375048,Sunny,Day,0.10486111111111111,100.0,2.0,17.693888999929186,auto
1767947375079,Sunny,Day,0.10368923611111111,100.0,2.0,17.617038000025786,auto
1767947375110,Sunny,Day,0.10247395833333334,100.0,1.0,17.919386000130544,auto
1767947375142,Sunny,Day,0.1013454861111111,100.0,1.0,17.77640699992844,auto
1767947375174,Sunny,Day,0.10013020833333333,100.0,1.0,18.746965999980603,auto
1767947375204,Sunny,Day,0.09917534722222222,100.0,1.0,11.757550000083938,auto
1767947375236,Sunny,Day,0.09865451388888889,100.0,1.0,17.36502400012796,auto
1767947375269,Sunny,Day,0.09696180555555556,100.0,1.0,19.60473200006163,auto
1767947375299,Sunny,Day,0.09561631944444444,100.0,1.0,14.590435000172874,auto
1767947375331,Sunny,Day,0.09405381944444445,100.0,1.0,19.030870000051436,auto
1767947375361,Sunny,Day,0.09322916666666667,100.0,1.0,9.267754000120476,auto
1767947375393,Sunny,Day,0.09236111111111112,100.0,1.0,12.819405000072948,auto
1767947375424,Sunny,Day,0.09162326388888889,100.0,1.0,18.204233999995267,auto
1767947375456,Sunny,Day,0.08984375,100.0,1.0,9.322585999825606,auto
1767947375487,Sunny,Day,0.08871527777777778,100.0,1.0,11.903140999947937,auto
1767947375519,Sunny,Day,0.08780381944444444,100.0,1.0,11.549071999979788,auto
1767947375550,Sunny,Day,0.08532986111111111,100.0,1.0,9.94091000006847,auto
1767947375582,Sunny,Day,0.08350694444444444,100.0,1.0,18.695856000022104,auto
1767947375613,Sunny,Day,0.08177083333333333,100.0,2.0,17.771313999901395,auto
1767947375645,Sunny,Day,0.07994791666666666,100.0,2.0,7.9491250000955915,auto
1767947375675,Sunny,Day,0.07764756944444444,100.0,27.0,8.137029000181428,auto
1767947375707,Sunny,Day,0.07465277777777778,100.0,28.0,16.615257000012207,auto
1767947375739,Sunny,Day,0.07230902777777778,100.0,12.0,18.414527000004455,auto
1767947375770,Sunny,Day,0.07313368055555555,100.0,12.0,16.70732999991742,auto
1767947375802,Sunny,Day,0.07252604166666667,100.0,12.0,18.339342999979635,auto
1767947375833,Sunny,Day,0.07122395833333334,100.0,12.0,6.309999999984939,auto
1767947375864,Sunny,Day,0.06918402777777778,100.0,12.0,17.061232000060045,auto
1767947375897,Sunny,Day,0.06892361111111112,100.0,12.0,19.052535999890097,auto
1767947375929,Sunny,Day,0.06766493055555556,100.0,12.0,17.533059000015783,auto
1767947375958,Sunny,Day,0.06779513888888888,100.0,13.0,13.504562000207443,auto
1767947375990,Sunny,Day,0.06649305555555556,100.0,13.0,17.625502000100823,auto
1767947376023,Sunny,Day,0.06753472222222222,100.0,12.0,18.69733799981077,auto
1767947376053,Sunny,Day,0.06927083333333334,100.0,10.0,15.007761999868308,auto
1767947376084,Sunny,Day,0.069921875,100.0,9.0,18.152382999915062,auto
1767947376116,Sunny,Day,0.0700954861111111,100.0,9.0,6.361073999869404,auto
1767947376147,Sunny,Day,0.06961805555555556,100.0,9.0,11.85282599999482,auto
1767947376178,Sunny,Day,0.06983506944444444,100.0,9.0,17.08143500013648,auto
1767947376210,Sunny,Day,0.07013888888888889,100.0,9.0,17.66814899997371,auto
1767947376242,Sunny,Day,0.07096354166666667,100.0,9.0,16.226965999976528,auto
1767947376272,Sunny,Day,0.07109375,100.0,9.0,11.152354999921954,auto
1767947376304,Sunny,Day,0.07087673611111112,100.0,8.0,11.602959999891027,auto
1767947376337,Sunny,Day,0.07135416666666666,100.0,8.0,14.202422000153092,auto
1767947376367,Sunny,Day,0.07096354166666667,100.0,8.0,14.667563000102746,auto
1767947376400,Sunny,Day,0.07039930555555556,100.0,8.0,19.866820000061125,auto
1767947376429,Sunny,Day,0.07022569444444444,100.0,8.0,15.30594300015764,auto
1767947376463,Sunny,Day,0.07057291666666667,100.0,8.0,19.316662000164797,auto
1767947376492,Sunny,Day,0.06948784722222222,100.0,8.0,8.936055000049237,auto
1767947376524,Sunny,Day,0.06883680555555556,100.0,8.0,18.36717600008342,auto
1767947376557,Sunny,Day,0.06779513888888888,100.0,8.0,19.40486399985275,auto
1767947376586,Sunny,Day,0.06627604166666666,100.0,8.0,14.886707999949067,auto
1767947376618,Sunny,Day,0.06549479166666666,100.0,8.0,18.03799499998604,auto
1767947376650,Sunny,Day,0.06384548611111111,100.0,8.0,11.061930999858305,auto
1767947376680,Sunny,Day,0.06228298611111111,100.0,9.0,8.281286000055843,auto
1767947376712,Sunny,Day,0.059722222222222225,100.0,10.0,11.807938999936596,auto
1767947376743,Sunny,Day,0.05802951388888889,100.0,10.0,18.049033000124837,auto
1767947376775,Sunny,Day,0.05720486111111111,100.0,10.0,17.46626300018761,auto
1767947376806,Sunny,Day,0.05703125,100.0,10.0,10.26416399986374,auto
1767947376839,Sunny,Day,0.05846354166666667,100.0,11.0,19.32210700010728,auto
1767947376871,Sunny,Day,0.058854166666666666,100.0,11.0,16.686329999856753,auto
1767947376900,Sunny,Day,0.05889756944444444,100.0,11.0,8.564837999983865,auto
1767947376932,Sunny,Day,0.05876736111111111,100.0,12.0,11.240057999884812,auto
1767947376964,Sunny,Day,0.05998263888888889,100.0,12.0,18.107549999967887,auto
1767947376995,Sunny,Day,0.060980902777777776,100.0,12.0,15.454143999932057,auto
1767947377026,Sunny,Day,0.06176215277777778,100.0,13.0,17.695408000008683,auto
1767947377059,Sunny,Day,0.06332465277777778,100.0,13.0,19.438753000031284,auto
1767947377089,Sunny,Day,0.06380208333333333,100.0,13.0,15.530012999988685,auto
1767947377120,Sunny,Day,0.066015625,100.0,14.0,16.96025199998985,auto
1767947377152,Sunny,Day,0.06749131944444445,100.0,14.0,17.96846000002006,auto
1767947377183,Sunny,Day,0.07035590277777778,100.0,14.0,18.15486400005284,auto
1767947377223,Sunny,Day,0.07170138888888888,100.0,14.0,26.413483999931486,auto
1767947377246,Sunny,Day,0.07517361111111111,100.0,13.0,9.206049999875177,auto
1767947377279,Sunny,Day,0.07747395833333333,100.0,14.0,19.40343799992661,auto
1767947377309,Sunny,Day,0.07877604166666667,100.0,13.0,8.716724999885628,auto
1767947377340,Sunny,Day,0.08012152777777778,100.0,13.0,11.713939000173923,auto
1767947377371,Sunny,Day,0.08120659722222222,100.0,14.0,11.17294799996671,auto
1767947377404,Sunny,Day,0.08203125,100.0,13.0,11.993009999969217,auto
1767947377434,Sunny,Day,0.08263888888888889,100.0,13.0,14.634915000215187,auto
1767947377466,Sunny,Day,0.08311631944444445,100.0,13.0,18.6079319998953,auto
1767947377500,Sunny,Day,0.08268229166666667,100.0,12.0,19.97270800006845,auto
1767947377529,Sunny,Day,0.08263888888888889,100.0,12.0,8.457154000097944,auto
1767947377560,Sunny,Day,0.08289930555555555,100.0,11.0,17.684501000076125,auto
1767947377591,Sunny,Day,0.08298611111111111,100.0,11.0,17.658389999951396,auto
1767947377623,Sunny,Day,0.08337673611111111,100.0,11.0,18.22091899998668,auto
1767947377654,Sunny,Day,0.08337673611111111,100.0,10.0,17.691314999865426,auto
1767947377688,Sunny,Day,0.08342013888888888,100.0,9.0,19.832506000057037,auto
1767947377717,Sunny,Day,0.0837673611111111,100.0,9.0,14.486546999933125,auto
1767947377748,Sunny,Day,0.0837673611111111,100.0,9.0,16.07939499990607,auto
1767947377779,Sunny,Day,0.08389756944444444,100.0,9.0,14.943448999929387,auto
1767947377811,Sunny,Day,0.08394097222222222,100.0,8.0,17.991903999927672,auto
1767947377843,Sunny,Day,0.08407118055555556,100.0,8.0,17.20639699988169,auto
1767947377877,Sunny,Day,0.08424479166666667,100.0,8.0,19.875857999977598,auto
1767947377905,Sunny,Day,0.08328993055555556,100.0,7.0,9.800485999903685,auto
1767947377936,Sunny,Day,0.08355034722222222,100.0,8.0,17.746776999956637,auto
1767947377968,Sunny,Day,0.08394097222222222,100.0,8.0,17.791814000020167,auto
1767947378002,Sunny,Day,0.08389756944444444,100.0,8.0,20.53838500000893,auto
1767947378033,Sunny,Day,0.08363715277777778,100.0,8.0,13.258935999829191,auto
1767947378064,Sunny,Day,0.08289930555555555,100.0,9.0,14.338013000042338,auto
1767947378097,Sunny,Day,0.08411458333333334,100.0,9.0,16.0771719999957,auto
1767947378127,Sunny,Day,0.08285590277777778,100.0,9.0,7.841774000098667,auto
1767947378160,Sunny,Day,0.08276909722222223,100.0,9.0,5.7010089999494085,auto
1767947378189,Sunny,Day,0.08355034722222222,100.0,8.0,12.865794000163078,auto
1767947378219,Sunny,Day,0.08315972222222222,100.0,7.0,15.34212799992929,auto
1767947378251,Sunny,Day,0.08324652777777777,100.0,7.0,16.376630999957342,auto
1767947378284,Sunny,Day,0.08333333333333333,100.0,7.0,18.773707000036666,auto
1767947378315,Sunny,Day,0.08307291666666666,100.0,6.0,8.709335000048668,auto
1767947378344,Sunny,Day,0.0837673611111111,100.0,6.0,14.328919999798018,auto
1767947378379,Sunny,Day,0.08381076388888889,100.0,6.0,20.67984600012096,auto
1767947378408,Sunny,Day,0.08459201388888889,100.0,6.0,6.7700489998969715,auto
1767947378439,Sunny,Day,0.08493923611111111,100.0,6.0,17.577446000132113,auto
1767947378470,Sunny,Day,0.084765625,100.0,6.0,14.177088999986154,auto
1767947378502,Sunny,Day,0.08624131944444445,100.0,7.0,9.451213999909669,auto
1767947378533,Sunny,Day,0.08658854166666667,100.0,7.0,9.015293999937057,auto
1767947378564,Sunny,Day,0.08732638888888888,100.0,7.0,11.147745000016585,auto
1767947378596,Sunny,Day,0.08784722222222222,100.0,7.0,10.396496000112165,auto
1767947378627,Sunny,Day,0.08819444444444445,100.0,7.0,9.467935999964538,auto
1767947378659,Sunny,Day,0.08910590277777777,100.0,7.0,17.243859000018347,auto
1767947378692,Sunny,Day,0.08845486111111112,100.0,6.0,20.069724999984828,auto
1767947378722,Sunny,Day,0.08845486111111112,100.0,6.0,15.39938600012647,auto
1767947378753,Sunny,Day,0.08858506944444444,100.0,6.0,11.815753000064433,auto
1767947378786,Sunny,Day,0.08932291666666667,100.0,6.0,12.178803000097105,auto
1767947378818,Sunny,Day,0.0900607638888889,100.0,6.0,16.77256900006796,auto
1767947378847,Sunny,Day,0.08953993055555555,100.0,6.0,6.574534000037602,auto
1767947378881,Sunny,Day,0.09010416666666667,100.0,6.0,14.893856000071537,auto
1767947378910,Sunny,Day,0.09014756944444445,100.0,6.0,13.298842000040167,auto
1767947378942,Sunny,Day,0.08993055555555556,100.0,5.0,16.361594000045443,auto
1767947378973,Sunny,Day,0.09079861111111111,100.0,6.0,17.387653999776376,auto
1767947379004,Sunny,Day,0.08975694444444444,100.0,5.0,17.837221000036152,auto
1767947379036,Sunny,Day,0.08993055555555556,100.0,5.0,17.280988000038633,auto
1767947379068,Sunny,Day,0.08988715277777778,100.0,5.0,18.26904800009288,auto
1767947379100,Sunny,Day,0.08914930555555556,100.0,6.0,16.408092999881774,auto
1767947379130,Sunny,Day,0.08758680555555555,100.0,6.0,16.39948199999708,auto
1767947379161,Sunny,Day,0.08823784722222222,100.0,6.0,14.572065000038492,auto
1767947379194,Sunny,Day,0.08828125,100.0,6.0,14.575935000038953,auto
1767947379226,Sunny,Day,0.08771701388888889,100.0,6.0,16.184763999945062,auto
1767947379255,Sunny,Day,0.08715277777777777,100.0,6.0,14.570472000059453,auto
1767947379287,Sunny,Day,0.08628472222222222,100.0,6.0,17.953459999944243,auto
1767947379318,Sunny,Day,0.08628472222222222,100.0,5.0,17.966996000041036,auto
1767947379349,Sunny,Day,0.08628472222222222,100.0,5.0,16.770273000020097,auto
1767947379381,Sunny,Day,0.085546875,100.0,6.0,18.0330519999643,auto
1767947379414,Sunny,Day,0.08472222222222223,100.0,5.0,19.59391700006563,auto
1767947379444,Sunny,Day,0.08407118055555556,100.0,5.0,15.750528999888047,auto
1767947379475,Sunny,Day,0.084375,100.0,5.0,18.0446800000027,auto
1767947379510,Sunny,Day,0.0828125,100.0,5.0,20.454053000094063,auto
1767947379538,Sunny,Day,0.08203125,100.0,5.0,13.840352999977767,auto
1767947379570,Sunny,Day,0.08159722222222222,100.0,6.0,6.434535000153119,auto
1767947379601,Sunny,Day,0.08120659722222222,100.0,5.0,11.34398199997122,auto
1767947379632,Sunny,Day,0.08103298611111111,100.0,6.0,18.03895900002317,auto
1767947379664,Sunny,Day,0.07964409722222222,100.0,6.0,18.01032900016253,auto
1767947379695,Sunny,Day,0.07912326388888889,100.0,6.0,17.72396299998036,auto
1767947379727,Sunny,Day,0.07899305555555555,100.0,6.0,16.554220999978497,auto
1767947379758,Sunny,Day,0.07816840277777778,100.0,6.0,16.188412000019525,auto
1767947379789,Sunny,Day,0.07625868055555556,100.0,6.0,17.652537999993,auto
1767947379821,Sunny,Day,0.07508680555555555,100.0,6.0,18.02912500011189,auto
1767947379852,Sunny,Day,0.07582465277777778,100.0,6.0,17.277487999990626,auto
1767947379883,Sunny,Day,0.07348090277777777,100.0,6.0,18.327213000020492,auto
1767947379918,Sunny,Day,0.07348090277777777,100.0,6.0,21.009118999927523,auto
1767947379946,Sunny,Day,0.07274305555555556,100.0,6.0,14.58841599992411,auto
1767947379977,Sunny,Day,0.07178819444444444,100.0,6.0,17.305691000046863,auto
1767947380011,Sunny,Day,0.0705295138888889,100.0,6.0,12.001786999917385,auto
1767947380041,Sunny,Day,0.06822916666666666,100.0,6.0,10.92830400011735,auto
1767947380072,Sunny,Day,0.062022569444444446,100.0,5.0,11.479962000066735,auto
1767947380103,Sunny,Day,0.05920138888888889,100.0,4.0,14.557731999957468,auto
1767947380134,Sunny,Day,0.05798611111111111,100.0,5.0,9.43425099990236,auto
1767947380167,Sunny,Day,0.06215277777777778,100.0,6.0,18.657930999779637,auto
1767947380197,Sunny,Day,0.05768229166666667,100.0,5.0,17.069045999960508,auto
1767947380231,Sunny,Day,0.04973958333333333,99.47916666666666,6.0,19.93661599999541,auto
1767947380260,Sunny,Day,0.05082465277777778,100.0,6.0,8.219972000006237,auto
1767947380291,Sunny,Day,0.049305555555555554,98.61111111111111,5.0,11.753994999935458,auto
1767947380327,Sunny,Day,0.04592013888888889,91.84027777777779,5.0,18.3190850000301,auto
1767947380357,Sunny,Day,0.044661458333333334,89.32291666666667,6.0,9.38697400010824,auto
1767947380386,Sunny,Day,0.04097222222222222,81.94444444444444,6.0,14.77050599987706,auto
1767947380417,Sunny,Day,0.03962673611111111,79.25347222222221,8.0,18.040551000012783,auto
1767947380451,Sunny,Day,0.036458333333333336,72.91666666666667,-40.0,17.475299999887284,auto
1767947380480,Sunny,Day,0.034678819444444446,69.35763888888889,-40.0,10.89458100000229,auto
1767947380512,Sunny,Day,0.031727430555555554,63.45486111111111,-39.0,8.943479999970805,auto
1767947380547,Sunny,Day,0.028993055555555557,57.986111111111114,-38.0,13.764335999894683,auto
1767947380574,Sunny,Day,0.024696180555555555,49.39236111111111,-35.0,6.168892000005144,auto
1767947380608,Sunny,Day,0.027864583333333335,55.72916666666667,-32.0,17.418653000049744,auto
1767947380638,Sunny,Day,0.032378472222222225,64.75694444444446,-29.0,5.21007199995438,auto
1767947380668,Sunny,Day,0.035590277777777776,71.18055555555556,-25.0,7.557611000038378,auto
1767947380700,Sunny,Day,0.03975694444444444,79.51388888888889,-22.0,9.710005999977511,auto
1767947380734,Sunny,Day,0.04388020833333333,87.76041666666666,-18.0,17.128287000105047,auto
1767947380764,Sunny,Day,0.049956597222222225,99.91319444444446,-16.0,15.784177000114141,auto
1767947380794,Sunny,Day,0.05360243055555555,100.0,-13.0,6.4793310000368365,auto
1767947380825,Sunny,Day,0.05824652777777778,100.0,-10.0,14.00172100011332,auto
1767947380861,Sunny,Day,0.06193576388888889,100.0,-7.0,17.480651999903785,auto
1767947380889,Sunny,Day,0.06614583333333333,100.0,-4.0,8.30348999988928,auto
1767947380920,Sunny,Day,0.06740451388888889,100.0,1.0,17.675131000032707,auto
1767947380951,Sunny,Day,0.06549479166666666,100.0,3.0,10.300848999804657,auto
1767947380986,Sunny,Day,0.07044270833333334,100.0,4.0,7.879403000060847,auto
1767947381014,Sunny,Day,0.07513020833333334,100.0,6.0,5.1595919999272155,auto
1767947381046,Sunny,Day,0.0765625,100.0,7.0,10.736619999988761,auto
1767947381078,Sunny,Day,0.07877604166666667,100.0,6.0,8.597910999924352,auto
1767947381108,Sunny,Day,0.07873263888888889,100.0,8.0,12.507132000109777,auto
1767947381142,Sunny,Day,0.08155381944444444,100.0,8.0,12.09036099999139,auto
1767947381174,Sunny,Day,0.08563368055555555,100.0,11.0,5.946783000126743,auto
1767947381203,Sunny,Day,0.08862847222222223,100.0,14.0,4.853595999975369,auto
1767947381234,Sunny,Day,0.087890625,100.0,13.0,11.801976000015202,auto
1767947381268,Sunny,Day,0.09131944444444444,100.0,16.0,15.409292999947866,auto
1767947381297,Sunny,Day,0.09027777777777778,100.0,18.0,7.6600360000611545,auto
1767947381328,Sunny,Day,0.093359375,100.0,20.0,8.534005000001343,auto
1767947381360,Sunny,Day,0.09691840277777777,100.0,24.0,11.59136799992666,auto
1767947381392,Sunny,Day,0.09605034722222222,100.0,25.0,4.310325999995257,auto
1767947381422,Sunny,Day,0.094140625,100.0,24.0,14.657859999942957,auto
1767947381456,Sunny,Day,0.08576388888888889,100.0,22.0,19.599676999860094,auto
1767947381487,Sunny,Day,0.08980034722222222,100.0,22.0,4.540488999964509,auto
1767947381516,Sunny,Day,0.08068576388888889,100.0,22.0,10.133907999943403,auto
1767947381551,Sunny,Day,0.08142361111111111,100.0,24.0,13.33958200007146,auto
1767947381581,Sunny,Day,0.07413194444444444,100.0,27.0,11.917288999939046,auto
1767947381611,Sunny,Day,0.07717013888888889,100.0,27.0,14.184738000039943,auto
1767947381645,Sunny,Day,0.07686631944444444,100.0,24.0,20.13118700006089,auto
1767947381674,Sunny,Day,0.07578125,100.0,28.0,14.737321999973574,auto
1767947381705,Sunny,Day,0.07404513888888889,100.0,27.0,8.508857000151693,auto
1767947381736,Sunny,Day,0.06736111111111111,100.0,4.0,11.029523999923185,auto
1767947381769,Sunny,Day,0.07378472222222222,100.0,25.0,9.761949999983699,auto
1767947381799,Sunny,Day,0.073828125,100.0,25.0,5.682990999957838,auto
1767947381833,Sunny,Day,0.07508680555555555,100.0,27.0,20.138094999992973,auto
1767947381864,Sunny,Day,0.07378472222222222,100.0,30.0,9.139533000052324,auto
1767947381895,Sunny,Day,0.07118055555555555,100.0,25.0,6.785863999994035,auto
1767947381927,Sunny,Day,0.07608506944444444,100.0,29.0,17.54339100011748,auto
1767947381961,Sunny,Day,0.06888020833333333,100.0,30.0,18.554283999947074,auto
1767947381989,Sunny,Day,0.07022569444444444,100.0,31.0,3.4695240001383354,auto
1767947382019,Sunny,Day,0.07083333333333333,100.0,19.0,8.368823000182601,auto
1767947382051,Sunny,Day,0.07217881944444444,100.0,20.0,7.393057999934172,auto
1767947382083,Sunny,Day,0.07183159722222222,100.0,-19.0,8.002696999938053,auto
1767947382113,Sunny,Day,0.06866319444444445,100.0,-22.0,7.118580999986079,auto
1767947382144,Sunny,Day,0.061848958333333336,100.0,14.0,10.82828700009486,auto
1767947382178,Sunny,Day,0.06480034722222222,100.0,8.0,12.81507200019405,auto
1767947382210,Sunny,Day,0.07139756944444445,100.0,25.0,16.869326999994882,auto
1767947382239,Sunny,Day,0.08363715277777778,100.0,22.0,12.988440000071932,auto
1767947382270,Sunny,Day,0.07721354166666666,100.0,11.0,14.873967999847082,auto
1767947382302,Sunny,Day,0.08862847222222223,100.0,19.0,18.361010000035094,auto
1767947382333,Sunny,Day,0.09505208333333333,100.0,-49.0,8.224971999879926,auto
1767947382373,Sunny,Day,0.09635416666666667,100.0,17.0,26.68779500004348,auto
1767947382396,Sunny,Day,0.09470486111111111,100.0,20.0,5.8886740000616555,auto
1767947382428,Sunny,Day,0.09900173611111111,100.0,-26.0,5.7601559999511665,auto
1767947382459,Sunny,Day,0.09978298611111111,100.0,-23.0,14.464307000025656,auto
1767947382492,Sunny,Day,0.11857638888888888,100.0,-23.0,15.413162999948327,auto
1767947382521,Sunny,Day,0.11427951388888889,100.0,-23.0,10.119427000063297,auto
1767947382554,Sunny,Day,0.11558159722222222,100.0,-64.0,18.977501000108532,auto
1767947382586,Sunny,Day,0.13763020833333334,100.0,-46.0,4.1346809998685785,auto
1767947382616,Sunny,Day,0.14505208333333333,100.0,-38.0,10.643659000152184,auto
1767947382647,Sunny,Day,0.16223958333333333,100.0,-58.0,12.244432999978017,auto
1767947382680,Sunny,Day,0.15555555555555556,100.0,-55.0,18.856410000125834,auto
1767947382710,Sunny,Day,0.18459201388888888,100.0,-52.0,8.164455000041926,auto
1767947382740,Sunny,Day,0.18949652777777778,100.0,-50.0,11.557608999964941,auto
1767947382774,Sunny,Day,0.18550347222222222,100.0,-6.0,10.985209999944345,auto
1767947382804,Sunny,Day,0.1703559027777778,100.0,-3.0,8.339785999851301,auto
1767947382837,Sunny,Day,0.19066840277777777,100.0,-39.0,12.568409000095926,auto
1767947382867,Sunny,Day,0.1892361111111111,100.0,-34.0,8.434395000222139,auto
1767947382898,Sunny,Day,0.2163628472222222,100.0,-33.0,9.874225999965347,auto
1767947382929,Sunny,Day,0.216796875,100.0,25.0,17.111490999923262,auto
1767947382961,Sunny,Day,0.23407118055555556,100.0,-27.0,17.846590999852197,auto
1767947382994,Sunny,Day,0.25603298611111114,100.0,-50.0,3.178935000050842,auto
1767947383024,Sunny,Day,0.26875,100.0,-49.0,16.129170999874987,auto
1767947383055,Sunny,Day,0.27361111111111114,100.0,-50.0,16.984974000024522,auto
1767947383086,Sunny,Day,0.27947048611111114,100.0,50.0,17.918830999860802,auto
1767947383120,Sunny,Day,0.29487847222222224,100.0,58.0,19.795785000042088,auto
1767947383150,Sunny,Day,0.2928385416666667,100.0,-30.0,14.583248999997522,auto
1767947383183,Sunny,Day,0.3005642361111111,100.0,-32.0,19.18105300001116,auto
1767947383214,Sunny,Day,0.2986111111111111,100.0,-36.0,10.25342399998408,auto
1767947383245,Sunny,Day,0.30264756944444443,100.0,-36.0,11.835437999934584,auto
1767947383277,Sunny,Day,0.30611979166666664,100.0,-32.0,7.015842000100747,auto
1767947383307,Sunny,Day,0.2824652777777778,100.0,1.0,6.934861999980058,auto
1767947383338,Sunny,Day,0.2509982638888889,100.0,-42.0,26.851145000136967,manual
1767947383369,Sunny,Day,0.24913194444444445,100.0,-15.0,26.191190999952596,manual
1767947383400,Sunny,Day,0.24635416666666668,100.0,-13.0,26.74734900006115,manual
1767947383433,Sunny,Day,0.24552951388888888,100.0,-13.0,28.228755000100136,manual
1767947383463,Sunny,Day,0.24210069444444443,100.0,-13.0,25.725495000187948,manual
1767947383495,Sunny,Day,0.23355034722222223,100.0,-13.0,25.83975199991073,manual
1767947383527,Sunny,Day,0.25212673611111114,100.0,-13.0,27.469709999877523,manual
1767947383557,Sunny,Day,0.25030381944444446,100.0,-13.0,23.706060999984402,manual
1767947383591,Sunny,Day,0.24092881944444444,100.0,-13.0,28.980557999830125,manual
1767947383620,Sunny,Day,0.24305555555555555,100.0,-13.0,23.524581999936345,manual
1767947383651,Sunny,Day,0.24661458333333333,100.0,-13.0,25.997527999834347,manual
1767947383683,Sunny,Day,0.24704861111111112,100.0,-13.0,26.481169000135196,manual
1767947383714,Sunny,Day,0.24388020833333332,100.0,-13.0,26.998235000064597,manual
1767947383745,Sunny,Day,0.2426215277777778,100.0,-13.0,26.6773700000158,manual
1767947383777,Sunny,Day,0.24379340277777778,100.0,-13.0,27.215973000011218,manual
1767947383808,Sunny,Day,0.24309895833333334,100.0,-13.0,26.37892899997496,manual
1767947383840,Sunny,Day,0.24071180555555555,100.0,-13.0,27.146917999971265,manual
1767947383871,Sunny,Day,0.22313368055555555,100.0,-12.0,26.594369999884293,manual
1767947383902,Sunny,Day,0.226171875,100.0,-12.0,26.47833600008198,manual
1767947383935,Sunny,Day,0.24288194444444444,100.0,-13.0,28.48823099998299,manual
1767947383965,Sunny,Day,0.2406684027777778,100.0,-13.0,24.419143000159238,manual
1767947383998,Sunny,Day,0.2250434027777778,100.0,-13.0,28.237827999873844,manual
1767947384031,Sunny,Day,0.22591145833333334,100.0,-12.0,28.89020799989339,manual
1767947384059,Sunny,Day,0.2421875,100.0,-13.0,23.498118999896178,manual
1767947384092,Sunny,Day,0.24136284722222223,100.0,-13.0,27.636948000008488,manual
1767947384123,Sunny,Day,0.23142361111111112,100.0,-13.0,26.25145000001794,manual
1767947384154,Sunny,Day,0.23133680555555555,100.0,-13.0,26.265098000067155,manual
1767947384185,Sunny,Day,0.22447916666666667,100.0,-12.0,26.870403999964765,manual
1767947384216,Sunny,Day,0.22803819444444445,100.0,-13.0,26.61585200007721,manual
1767947384248,Sunny,Day,0.22547743055555555,100.0,-13.0,26.340040999912162,manual
1767947384279,Sunny,Day,0.22365451388888888,100.0,-12.0,26.355097000077876,manual
1767947384311,Sunny,Day,0.22144097222222223,100.0,-13.0,26.744573000087257,manual
1767947384343,Sunny,Day,0.22651909722222222,100.0,-13.0,27.431376999857093,manual
1767947384373,Sunny,Day,0.22907986111111112,100.0,-13.0,26.023601000133567,manual
1767947384408,Sunny,Day,0.21783854166666666,100.0,-13.0,29.704325000011522,manual
1767947384436,Sunny,Day,0.21180555555555555,100.0,-13.0,22.14041799993538,manual
1767947384468,Sunny,Day,0.21822916666666667,100.0,-12.0,26.29693100016084,manual
1767947384499,Sunny,Day,0.21905381944444444,100.0,-13.0,26.48837300012019,manual
1767947384531,Sunny,Day,0.22543402777777777,100.0,-13.0,27.336451999872224,manual
1767947384562,Sunny,Day,0.22591145833333334,100.0,-13.0,28.0605899999955,manual
1767947384593,Sunny,Day,0.22881944444444444,100.0,-13.0,26.79322000017237,manual
1767947384625,Sunny,Day,0.23598090277777778,100.0,-14.0,26.80725599998368,manual
1767947384658,Sunny,Day,0.2280815972222222,100.0,-17.0,28.494324000121196,manual
1767947384687,Sunny,Day,0.2306857638888889,100.0,-21.0,24.45480899996255,manual
1767947384719,Sunny,Day,0.242578125,100.0,-25.0,27.052957000023525,manual
1767947384750,Sunny,Day,0.23428819444444443,100.0,-28.0,26.765035000153148,manual
1767947384781,Sunny,Day,0.24075520833333333,100.0,-31.0,26.277172000163773,manual
1767947384817,Sunny,Day,0.24765625,100.0,-34.0,30.646292999790603,manual
1767947384844,Sunny,Day,0.2501302083333333,100.0,-36.0,22.456374999819673,manual
1767947384876,Sunny,Day,0.25052083333333336,100.0,-38.0,22.435727999891242,manual
1767947384907,Sunny,Day,0.2592013888888889,100.0,-41.0,26.238228000011077,manual
1767947384939,Sunny,Day,0.25052083333333336,100.0,-44.0,27.289545000030557,manual
1767947384970,Sunny,Day,0.2463107638888889,100.0,-46.0,26.34939199992914,manual
1767947385004,Sunny,Day,0.25199652777777776,100.0,-48.0,29.958228999930725,manual
1767947385035,Sunny,Day,0.25698784722222223,100.0,-50.0,26.691666000033365,manual
1767947385065,Sunny,Day,0.2525607638888889,100.0,-52.0,26.46157599997423,manual
1767947385095,Sunny,Day,0.2396267361111111,100.0,-53.0,26.65325899988602,manual
1767947385127,Sunny,Day,0.24375,100.0,-55.0,26.692535999927713,manual
1767947385160,Sunny,Day,0.25460069444444444,100.0,-56.0,27.967887999921004,manual
1767947385190,Sunny,Day,0.2462673611111111,100.0,-23.0,27.175584000133313,manual
1767947385223,Sunny,Day,0.24357638888888888,100.0,-32.0,28.978836000078445,manual
1767947385253,Sunny,Day,0.23289930555555555,100.0,-32.0,26.27896800004237,manual
1767947385284,Sunny,Day,0.2474392361111111,100.0,-27.0,27.93018499983191,manual
1767947385315,Sunny,Day,0.23967013888888888,100.0,-30.0,26.710258000093745,manual
1767947385347,Sunny,Day,0.2421875,100.0,-34.0,28.847225999925286,manual
1767947385380,Sunny,Day,0.234375,100.0,-35.0,28.526306000003387,manual
1767947385410,Sunny,Day,0.2435329861111111,100.0,-35.0,27.28178699999262,manual
1767947385441,Sunny,Day,0.2567274305555556,100.0,-39.0,27.97420299998521,manual
1767947385472,Sunny,Day,0.25360243055555554,100.0,-43.0,28.0511270000261,manual
1767947385505,Sunny,Day,0.23337673611111112,100.0,-45.0,30.090300999972897,manual
1767947385536,Sunny,Day,0.2367621527777778,100.0,-52.0,27.73055799980284,manual
1767947385569,Sunny,Day,0.24487847222222223,100.0,-54.0,26.417355000148746,manual
1767947385598,Sunny,Day,0.2505642361111111,100.0,-51.0,25.998065000067072,manual
1767947385631,Sunny,Day,0.226953125,100.0,-65.0,28.20793999990201,manual
1767947385661,Sunny,Day,0.22560763888888888,100.0,-67.0,26.94193999991512,manual
1767947385692,Sunny,Day,0.2263888888888889,100.0,-66.0,26.77957199989578,manual
1767947385724,Sunny,Day,0.23815104166666667,100.0,-64.0,27.940277000197966,manual
1767947385755,Sunny,Day,0.23506944444444444,100.0,-68.0,28.735654000001887,manual
1767947385788,Sunny,Day,0.21974826388888888,100.0,-60.0,29.98561799995514,manual
1767947385821,Sunny,Day,0.22391493055555556,100.0,-62.0,27.888000000075408,manual
1767947385850,Sunny,Day,0.22708333333333333,100.0,-63.0,23.91635399999359,manual
1767947385882,Sunny,Day,0.225390625,100.0,-65.0,28.988372999947387,manual
1767947385913,Sunny,Day,0.19262152777777777,100.0,-66.0,27.523338999799307,manual
1767947385944,Sunny,Day,0.1909722222222222,100.0,-66.0,28.479157999981908,manual
1767947385977,Sunny,Day,0.19092881944444445,100.0,-67.0,29.23694300011448,manual
1767947386007,Sunny,Day,0.19995659722222223,100.0,-69.0,26.782553999964875,manual
1767947386042,Sunny,Day,0.19518229166666667,100.0,4.0,30.821347000028254,manual
1767947386069,Sunny,Day,0.1935763888888889,100.0,1.0,23.556452000093486,manual
1767947386101,Sunny,Day,0.1986111111111111,100.0,-2.0,28.59028600005331,manual
1767947386132,Sunny,Day,0.20286458333333332,100.0,-4.0,27.845149000086167,manual
1767947386165,Sunny,Day,0.20694444444444443,100.0,-5.0,30.09093099990423,manual
1767947386196,Sunny,Day,0.19587673611111112,100.0,-6.0,25.900935999970898,manual
1767947386226,Sunny,Day,0.1978732638888889,100.0,-9.0,27.17456699997456,manual
1767947386259,Sunny,Day,0.20169270833333333,100.0,-10.0,29.773213999988002,manual
1767947386291,Sunny,Day,0.18975694444444444,100.0,-13.0,27.042179000090982,manual
1767947386320,Sunny,Day,0.1915798611111111,100.0,-14.0,23.5893589999705,manual
1767947386353,Sunny,Day,0.18684895833333334,100.0,-16.0,29.782843000020875,manual
1767947386383,Sunny,Day,0.18875868055555556,100.0,-17.0,24.029483000049368,manual
1767947386415,Sunny,Day,0.18875868055555556,100.0,-18.0,28.466954999885274,manual
1767947386448,Sunny,Day,0.18081597222222223,100.0,-20.0,27.47434000002613,manual
1767947386477,Sunny,Day,0.1792534722222222,100.0,-20.0,26.719480000110707,manual
1767947386511,Sunny,Day,0.17955729166666667,100.0,-21.0,31.39515299994855,manual
1767947386540,Sunny,Day,0.17278645833333334,100.0,-23.0,25.43418400000519,manual
1767947386575,Sunny,Day,0.16783854166666667,100.0,-23.0,31.91803400000026,manual
1767947386608,Sunny,Day,0.16358506944444445,100.0,-24.0,29.512884000041595,manual
1767947386635,Sunny,Day,0.16375868055555556,100.0,-24.0,23.202605000051335,manual
1767947386666,Sunny,Day,0.16961805555555556,100.0,-24.0,26.236172999915652,manual
1767947386698,Sunny,Day,0.16371527777777778,100.0,-25.0,27.08008600006906,manual
1767947386728,Sunny,Day,0.15529513888888888,100.0,-28.0,27.627764000044408,manual
1767947386760,Sunny,Day,0.1558159722222222,100.0,-27.0,27.67311399998107,manual
1767947386793,Sunny,Day,0.159765625,100.0,-29.0,29.07468700004756,manual
1767947386823,Sunny,Day,0.15611979166666667,100.0,-29.0,26.726072999963435,manual
1767947386855,Sunny,Day,0.1469184027777778,100.0,-31.0,26.94271799987291,manual
1767947386886,Sunny,Day,0.14157986111111112,100.0,-31.0,27.698855000153344,manual
1767947386917,Sunny,Day,0.13771701388888888,100.0,-30.0,28.35230800019417,manual
1767947386948,Sunny,Day,0.13723958333333333,100.0,-32.0,28.310716000078173,manual
1767947386983,Sunny,Day,0.1362847222222222,100.0,-33.0,30.535794999877908,manual
1767947387013,Sunny,Day,0.13090277777777778,100.0,-34.0,26.913014999990992,manual
1767947387043,Sunny,Day,0.13185763888888888,100.0,-35.0,25.449720999858982,manual
1767947387074,Sunny,Day,0.1284722222222222,100.0,-36.0,26.794905000087965,manual
1767947387105,Sunny,Day,0.12782118055555555,100.0,-38.0,26.41859499999555,manual
1767947387137,Sunny,Day,0.12300347222222222,100.0,-39.0,28.30875300014668,manual
1767947387168,Sunny,Day,0.12026909722222222,100.0,-40.0,28.089645999898494,manual
1767947387201,Sunny,Day,0.12061631944444444,100.0,-40.0,29.283331999977236,manual
1767947387231,Sunny,Day,0.11801215277777778,100.0,-42.0,26.57307499998751,manual
1767947387264,Sunny,Day,0.11775173611111112,100.0,-43.0,27.60007899996708,manual
1767947387296,Sunny,Day,0.11184895833333333,100.0,-44.0,26.669129000083558,manual
1767947387327,Sunny,Day,0.11271701388888888,100.0,-46.0,27.999684000178604,manual
1767947387357,Sunny,Day,0.11397569444444444,100.0,-48.0,25.128670000185593,manual
1767947387388,Sunny,Day,0.10889756944444444,100.0,-49.0,26.25545000000784,manual
1767947387419,Sunny,Day,0.10551215277777778,100.0,-50.0,26.312208000035753,manual
1767947387452,Sunny,Day,0.09674479166666666,100.0,-52.0,23.159309999982725,manual
1767947387483,Sunny,Day,0.10290798611111111,100.0,-52.0,26.404391999903964,manual
1767947387515,Sunny,Day,0.10889756944444444,100.0,-53.0,27.776205999998638,manual
1767947387545,Sunny,Day,0.108203125,100.0,-53.0,21.74157100012053,manual
1767947387576,Sunny,Day,0.10212673611111112,100.0,-54.0,26.8131089999315,manual
1767947387608,Sunny,Day,0.09978298611111111,100.0,-55.0,26.828274999843416,manual
1767947387639,Sunny,Day,0.09934895833333333,100.0,-56.0,27.794482999979664,manual
1767947387673,Sunny,Day,0.09965277777777778,100.0,-57.0,28.793468000003486,manual
1767947387702,Sunny,Day,0.09756944444444444,100.0,-58.0,24.846618000083254,manual
1767947387735,Sunny,Day,0.09487847222222222,100.0,-59.0,28.033479999976407,manual
1767947387765,Sunny,Day,0.08819444444444445,100.0,-60.0,27.044142000022475,manual
1767947387796,Sunny,Day,0.08467881944444444,100.0,-61.0,26.600816000154737,manual
1767947387829,Sunny,Day,0.08250868055555556,100.0,-62.0,28.03712800005087,manual
1767947387859,Sunny,Day,0.08159722222222222,100.0,-62.0,23.76817200001824,manual
1767947387891,Sunny,Day,0.08328993055555556,100.0,-63.0,26.371800000106305,manual
1767947387922,Sunny,Day,0.09092881944444445,100.0,-2.0,27.86468599992986,manual
1767947387953,Sunny,Day,0.09231770833333333,100.0,-4.0,26.952959000027477,manual
1767947387985,Sunny,Day,0.09618055555555556,100.0,-4.0,29.134500000054686,manual
1767947388016,Sunny,Day,0.10572916666666667,100.0,-5.0,27.816704999850117,manual
1767947388047,Sunny,Day,0.10030381944444444,100.0,-7.0,28.388307000113855,manual
1767947388079,Sunny,Day,0.10043402777777778,100.0,-9.0,28.3751790000224,manual
1767947388110,Sunny,Day,0.09769965277777778,100.0,4.0,28.31912400006331,manual
1767947388142,Sunny,Day,0.09526909722222222,100.0,1.0,28.25940200000332,manual
1767947388173,Sunny,Day,0.09361979166666666,100.0,-1.0,27.765965000071446,manual
1767947388204,Sunny,Day,0.09118923611111111,100.0,-4.0,27.661837000096057,manual
1767947388237,Sunny,Day,0.09110243055555556,100.0,-6.0,27.987832000007984,manual
1767947388267,Sunny,Day,0.08993055555555556,100.0,-8.0,26.727295000000595,manual
1767947388302,Sunny,Day,0.08862847222222223,100.0,-10.0,32.16030800012959,manual
1767947388335,Sunny,Day,0.087890625,100.0,-12.0,24.299035000012736,manual
1767947388365,Sunny,Day,0.08658854166666667,100.0,-13.0,22.073269999964396,manual
1767947388396,Sunny,Day,0.08519965277777777,100.0,-16.0,24.892487999977675,manual
1767947388427,Sunny,Day,0.08415798611111111,100.0,-18.0,26.34024600001794,manual
1767947388458,Sunny,Day,0.08333333333333333,100.0,-20.0,25.667977000011888,manual
1767947388491,Sunny,Day,0.08159722222222222,100.0,-23.0,29.495921000034286,manual
1767947388521,Sunny,Day,0.07942708333333333,100.0,-25.0,26.499705000105678,manual
1767947388554,Sunny,Day,0.0779079861111111,100.0,-27.0,28.531193999924653,manual
1767947388584,Sunny,Day,0.07751736111111111,100.0,-30.0,23.918761999993876,manual
1767947388615,Sunny,Day,0.0779079861111111,100.0,-32.0,25.597162999929424,manual
1767947388648,Sunny,Day,0.07795138888888889,100.0,-34.0,26.64838900000177,manual
1767947388679,Sunny,Day,0.076171875,100.0,-37.0,25.35377799995331,manual
1767947388710,Sunny,Day,0.07604166666666666,100.0,-17.0,27.578356000049098,manual
1767947388743,Sunny,Day,0.074609375,100.0,-21.0,26.731999000048745,manual
1767947388772,Sunny,Day,0.07769097222222222,100.0,-23.0,22.331285000063872,manual
1767947388803,Sunny,Day,0.07803819444444444,100.0,-23.0,25.152892000050997,manual
1767947388836,Sunny,Day,0.07725694444444445,100.0,-23.0,26.781128000038734,manual
1767947388866,Sunny,Day,0.07756076388888888,100.0,-23.0,24.048760000141556,manual
1767947388905,Sunny,Day,0.07751736111111111,100.0,-23.0,34.12068700004056,manual
