Timestamp,Weather,Time of Day,Mask White Ratio,Lane Quality Score,Lane Error,Processing Time (ms),Mode
1768187713878,Sunny,Day,0.041102430555555555,82.20486111111111,-28.0,433.7003770000081,manual
1768187714165,Sunny,Day,0.03185763888888889,63.71527777777777,-22.0,3.313007000002699,manual
1768187714193,Sunny,Day,0.03064236111111111,61.28472222222222,-17.0,3.825282000008201,manual
1768187714226,Sunny,Day,0.033116319444444445,66.23263888888889,-24.0,12.132308999980523,manual
1768187714254,Sunny,Day,0.03463541666666667,69.27083333333334,-23.0,6.2453089999792155,manual
1768187714285,Sunny,Day,0.030208333333333334,60.416666666666664,-21.0,25.22623600000884,manual
1768187714320,Sunny,Day,0.03194444444444444,63.888888888888886,-18.0,30.265847999999096,manual
1768187714347,Sunny,Day,0.03919270833333333,78.38541666666667,-25.0,20.917635000017754,manual
1768187714376,Sunny,Day,0.032552083333333336,65.10416666666667,-18.0,22.87005100001238,manual
1768187714408,Sunny,Day,0.029296875,58.59375,-21.0,26.423856000008072,manual
1768187714440,Sunny,Day,0.030815972222222224,61.63194444444445,-21.0,27.437291000012465,manual
1768187714471,Sunny,Day,0.028862847222222224,57.72569444444445,-16.0,26.33569200000352,manual
1768187714502,Sunny,Day,0.03138020833333333,62.760416666666664,-18.0,26.417909000002737,manual
1768187714534,Sunny,Day,0.028602430555555555,57.20486111111111,-19.0,27.415394000001925,manual
1768187714565,Sunny,Day,0.024826388888888887,49.65277777777777,-16.0,26.080702000001565,manual
1768187714598,Sunny,Day,0.02912326388888889,58.24652777777778,-19.0,28.816371000004892,manual
1768187714628,Sunny,Day,0.028385416666666666,56.770833333333336,-16.0,25.34300499999631,manual
1768187714659,Sunny,Day,0.030729166666666665,61.45833333333333,-15.0,25.951929999990853,manual
1768187714691,Sunny,Day,0.026649305555555555,53.29861111111111,-16.0,26.869549000025472,manual
1768187714723,Sunny,Day,0.027994791666666668,55.989583333333336,-20.0,27.52810499998759,manual
1768187714754,Sunny,Day,0.02912326388888889,58.24652777777778,-16.0,26.395975000014005,manual
1768187714785,Sunny,Day,0.026692708333333332,53.385416666666664,-15.0,26.81825199999821,manual
1768187714816,Sunny,Day,0.024652777777777777,49.30555555555556,-9.0,26.871958000015184,manual
1768187714853,Sunny,Day,0.022526041666666666,45.052083333333336,-14.0,31.81758899998499,manual
1768187714879,Sunny,Day,0.02599826388888889,51.99652777777778,-17.0,20.197074000009252,manual
1768187714912,Sunny,Day,0.03107638888888889,62.15277777777778,-19.0,28.02461599998196,manual
1768187714942,Sunny,Day,0.027083333333333334,54.16666666666667,-10.0,25.70668500001716,manual
1768187714974,Sunny,Day,0.02599826388888889,51.99652777777778,-15.0,27.254571000014494,manual
1768187715007,Sunny,Day,0.026475694444444444,52.951388888888886,-17.0,28.243822000007412,manual
1768187715036,Sunny,Day,0.029600694444444443,59.201388888888886,-20.0,24.9969280000073,manual
1768187715070,Sunny,Day,0.027083333333333334,54.16666666666667,-16.0,27.67895499999895,manual
1768187715099,Sunny,Day,0.02209201388888889,44.18402777777778,-15.0,24.245200999985173,manual
1768187715132,Sunny,Day,0.023567708333333333,47.135416666666664,-15.0,27.949188000008007,manual
1768187715162,Sunny,Day,0.02634548611111111,52.69097222222222,-17.0,25.71960700001341,manual
1768187715193,Sunny,Day,0.027647569444444443,55.295138888888886,-19.0,26.559942000005776,manual
1768187715225,Sunny,Day,0.023003472222222224,46.00694444444445,-14.0,26.970762999980025,manual
1768187715258,Sunny,Day,0.02165798611111111,43.31597222222222,-14.0,27.86485899997615,manual
1768187715287,Sunny,Day,0.02621527777777778,52.43055555555556,-17.0,23.048064999983353,manual
1768187715319,Sunny,Day,0.024652777777777777,49.30555555555556,-14.0,26.409032999993087,manual
1768187715350,Sunny,Day,0.022916666666666665,45.83333333333333,-14.0,26.494546999998647,manual
1768187715382,Sunny,Day,0.019748263888888888,39.49652777777778,-14.0,26.744253000003937,manual
1768187715417,Sunny,Day,0.025868055555555554,51.73611111111111,-16.0,30.797240999987707,manual
1768187715445,Sunny,Day,0.030208333333333334,60.416666666666664,-21.0,24.095995999999786,manual
1768187715476,Sunny,Day,0.021571180555555555,43.14236111111111,-14.0,25.513418999992155,manual
1768187715508,Sunny,Day,0.021267361111111112,42.53472222222222,-14.0,26.44256499999642,manual
1768187715539,Sunny,Day,0.023177083333333334,46.35416666666667,-16.0,27.492255999987947,manual
1768187715570,Sunny,Day,0.029166666666666667,58.333333333333336,-15.0,26.2338929999828,manual
1768187715602,Sunny,Day,0.02478298611111111,49.56597222222222,-14.0,26.052047000007406,manual
1768187715633,Sunny,Day,0.022699652777777777,45.39930555555556,-7.0,27.36518899999396,manual
1768187715664,Sunny,Day,0.02309027777777778,46.18055555555556,-17.0,26.18293000000449,manual
1768187715699,Sunny,Day,0.026171875,52.34375,-18.0,30.66676599999596,manual
1768187715731,Sunny,Day,0.027734375,55.46875,-16.0,26.506829999988213,manual
1768187715762,Sunny,Day,0.021223958333333334,42.44791666666667,-13.0,24.681272000009358,manual
1768187715793,Sunny,Day,0.02243923611111111,44.87847222222222,-16.0,25.95697399999608,manual
1768187715827,Sunny,Day,0.02035590277777778,40.71180555555556,-14.0,28.586501000006592,manual
1768187715855,Sunny,Day,0.027039930555555557,54.079861111111114,-17.0,22.07140000001573,manual
1768187715887,Sunny,Day,0.02378472222222222,47.56944444444444,-15.0,24.644461999997702,manual
1768187715918,Sunny,Day,0.020572916666666666,41.145833333333336,-15.0,25.301635000005263,manual
1768187715950,Sunny,Day,0.02361111111111111,47.22222222222222,-14.0,26.719928000005666,manual
1768187715981,Sunny,Day,0.030815972222222224,61.63194444444445,-21.0,25.217343999997865,manual
1768187716012,Sunny,Day,0.02248263888888889,44.96527777777778,-6.0,23.379598999980544,manual
1768187716045,Sunny,Day,0.021527777777777778,43.05555555555556,-16.0,27.49697099997661,manual
1768187716075,Sunny,Day,0.025173611111111112,50.34722222222222,-15.0,22.581309000003102,manual
1768187716108,Sunny,Day,0.026475694444444444,52.951388888888886,-16.0,26.45079699999542,manual
1768187716141,Sunny,Day,0.025260416666666667,50.520833333333336,-9.0,27.901041999996323,manual
1768187716172,Sunny,Day,0.01935763888888889,38.71527777777778,-13.0,24.497647999993433,manual
1768187716200,Sunny,Day,0.020920138888888887,41.84027777777777,-14.0,14.03569100000368,manual
1768187716234,Sunny,Day,0.026909722222222224,53.81944444444445,-19.0,28.21711900000423,manual
1768187716263,Sunny,Day,0.024088541666666668,48.177083333333336,-12.0,23.97558900000263,manual
1768187716296,Sunny,Day,0.02282986111111111,45.65972222222222,-14.0,26.831786000002467,manual
1768187716326,Sunny,Day,0.019401041666666667,38.802083333333336,-13.0,24.968706999999313,manual
1768187716358,Sunny,Day,0.021484375,42.96875,-17.0,24.83847500002412,manual
1768187716390,Sunny,Day,0.023350694444444445,46.70138888888889,-12.0,25.317351000012422,manual
1768187716422,Sunny,Day,0.023003472222222224,46.00694444444445,-12.0,21.58885800000121,manual
1768187716453,Sunny,Day,0.022699652777777777,45.39930555555556,-15.0,25.319518000003427,manual
1768187716485,Sunny,Day,0.023567708333333333,47.135416666666664,-14.0,26.583605000013222,manual
1768187716514,Sunny,Day,0.021744791666666666,43.48958333333333,-14.0,23.511514999995597,manual
1768187716548,Sunny,Day,0.024869791666666665,49.73958333333333,-15.0,28.34534999999505,manual
1768187716579,Sunny,Day,0.021484375,42.96875,-14.0,24.78308500002413,manual
1768187716610,Sunny,Day,0.024739583333333332,49.479166666666664,-14.0,25.683909000008498,manual
1768187716644,Sunny,Day,0.026302083333333334,52.604166666666664,-18.0,28.724524000011797,manual
1768187716672,Sunny,Day,0.028125,56.25,-15.0,15.577709999973877,manual
1768187716705,Sunny,Day,0.02421875,48.4375,-14.0,20.04728399998612,manual
1768187716734,Sunny,Day,0.019010416666666665,38.02083333333333,-14.0,22.543740000003254,manual
1768187716768,Sunny,Day,0.02621527777777778,52.43055555555556,-15.0,28.545515000018895,manual
1768187716798,Sunny,Day,0.029774305555555554,59.54861111111111,-16.0,24.879303999995273,manual
1768187716829,Sunny,Day,0.022352430555555556,44.704861111111114,-13.0,25.937204000001657,manual
1768187716864,Sunny,Day,0.022743055555555555,45.48611111111111,-14.0,29.73650000001271,manual
1768187716893,Sunny,Day,0.02443576388888889,48.87152777777778,-16.0,22.883528999983582,manual
1768187716923,Sunny,Day,0.025477430555555555,50.95486111111111,-19.0,24.88891900000567,manual
1768187716960,Sunny,Day,0.02599826388888889,51.99652777777778,-16.0,29.348897000005536,manual
1768187716990,Sunny,Day,0.021050347222222224,42.10069444444445,-14.0,24.72521199999278,manual
1768187717018,Sunny,Day,0.024696180555555555,49.39236111111111,-16.0,22.599810999992087,manual
1768187717052,Sunny,Day,0.026041666666666668,52.083333333333336,-15.0,27.622808999979043,manual
1768187717080,Sunny,Day,0.027430555555555555,54.86111111111111,-13.0,17.88957400000868,manual
1768187717112,Sunny,Day,0.02326388888888889,46.52777777777778,-15.0,25.158976000000166,manual
1768187717143,Sunny,Day,0.027256944444444445,54.51388888888889,-14.0,25.472806999999875,manual
1768187717176,Sunny,Day,0.02673611111111111,53.47222222222222,-19.0,28.20321300001183,manual
1768187717206,Sunny,Day,0.031510416666666666,63.02083333333333,-22.0,24.478721999997788,manual
1768187717237,Sunny,Day,0.024088541666666668,48.177083333333336,-19.0,25.628638999990017,manual
1768187717270,Sunny,Day,0.027387152777777778,54.77430555555556,-20.0,27.79379400001858,manual
1768187717302,Sunny,Day,0.02894965277777778,57.89930555555556,-22.0,22.342540000011013,manual
1768187717331,Sunny,Day,0.030772569444444446,61.54513888888889,-21.0,22.49044200002004,manual
1768187717362,Sunny,Day,0.028255208333333334,56.510416666666664,-18.0,26.258708000000297,manual
1768187717399,Sunny,Day,0.02261284722222222,45.22569444444444,-14.0,32.10300599999982,manual
1768187717428,Sunny,Day,0.026041666666666668,52.083333333333336,-20.0,22.53477300001805,manual
1768187717460,Sunny,Day,0.026692708333333332,53.385416666666664,-14.0,26.475598000018863,manual
1768187717489,Sunny,Day,0.02634548611111111,52.69097222222222,-15.0,23.63694999999666,manual
1768187717520,Sunny,Day,0.02426215277777778,48.52430555555556,-15.0,25.481143000007478,manual
1768187717552,Sunny,Day,0.02816840277777778,56.33680555555556,-22.0,25.853086000012127,manual
1768187717583,Sunny,Day,0.030555555555555555,61.11111111111111,-22.0,26.112083000015218,manual
1768187717614,Sunny,Day,0.029817708333333335,59.63541666666667,-20.0,25.112700999983417,manual
1768187717645,Sunny,Day,0.025347222222222222,50.69444444444444,-16.0,25.806810999995378,manual
1768187717677,Sunny,Day,0.0234375,46.875,-15.0,26.067031000025054,manual
1768187717714,Sunny,Day,0.028255208333333334,56.510416666666664,-18.0,31.448483000019678,manual
1768187717741,Sunny,Day,0.032421875,64.84375,-22.0,21.270334999996976,manual
1768187717772,Sunny,Day,0.030034722222222223,60.06944444444444,-20.0,24.095126999981176,manual
1768187717803,Sunny,Day,0.02478298611111111,49.56597222222222,-18.0,25.911051000008456,manual
1768187717836,Sunny,Day,0.03012152777777778,60.24305555555556,-22.0,18.211388999986866,manual
1768187717867,Sunny,Day,0.033854166666666664,67.70833333333333,-23.0,24.73006900001451,manual
1768187717901,Sunny,Day,0.032769097222222224,65.53819444444444,-23.0,24.88078799999016,manual
1768187717929,Sunny,Day,0.030989583333333334,61.97916666666667,-22.0,23.194297000003417,manual
1768187717959,Sunny,Day,0.031119791666666667,62.239583333333336,-24.0,24.468867000024375,manual
1768187717994,Sunny,Day,0.032725694444444446,65.45138888888889,-23.0,29.63620900001729,manual
1768187718023,Sunny,Day,0.029600694444444443,59.201388888888886,-18.0,22.828642999996873,manual
1768187718054,Sunny,Day,0.02673611111111111,53.47222222222222,-17.0,25.75471200000834,manual
1768187718087,Sunny,Day,0.029383680555555555,58.76736111111111,-16.0,27.121221000015794,manual
1768187718117,Sunny,Day,0.03389756944444444,67.79513888888889,-24.0,25.100439999988566,manual
1768187718148,Sunny,Day,0.03203125,64.0625,-21.0,25.345687999987376,manual
1768187718182,Sunny,Day,0.03454861111111111,69.09722222222223,-22.0,28.61121499998376,manual
1768187718213,Sunny,Day,0.029600694444444443,59.201388888888886,-21.0,21.966343999991977,manual
1768187718244,Sunny,Day,0.031510416666666666,63.02083333333333,-22.0,25.85680199999274,manual
1768187718275,Sunny,Day,0.03220486111111111,64.40972222222221,-23.0,24.25454800001603,manual
1768187718307,Sunny,Day,0.035807291666666664,71.61458333333333,-22.0,19.329838999993854,manual
1768187718337,Sunny,Day,0.028038194444444445,56.07638888888889,-19.0,24.63356299998054,manual
1768187718368,Sunny,Day,0.032378472222222225,64.75694444444446,-17.0,26.122500999974818,manual
1768187718399,Sunny,Day,0.03211805555555555,64.2361111111111,-23.0,25.868435000006684,manual
1768187718432,Sunny,Day,0.028602430555555555,57.20486111111111,-19.0,27.37921400000687,manual
1768187718462,Sunny,Day,0.026171875,52.34375,-13.0,25.206419999989294,manual
1768187718495,Sunny,Day,0.02573784722222222,51.47569444444444,-19.0,28.072833999999602,manual
1768187718527,Sunny,Day,0.03125,62.5,-21.0,26.84386999999333,manual
1768187718557,Sunny,Day,0.031901041666666664,63.80208333333333,-15.0,24.2677370000024,manual
1768187718589,Sunny,Day,0.025434027777777778,50.86805555555556,-14.0,26.569853000012245,manual
1768187718619,Sunny,Day,0.026822916666666665,53.64583333333333,-19.0,19.68184599999745,manual
1768187718651,Sunny,Day,0.027430555555555555,54.86111111111111,-14.0,26.04929199998196,manual
1768187718682,Sunny,Day,0.028732638888888887,57.46527777777777,-16.0,26.74713400000428,manual
1768187718714,Sunny,Day,0.024348958333333334,48.697916666666664,-15.0,26.510407999978725,manual
1768187718745,Sunny,Day,0.025086805555555557,50.173611111111114,-17.0,26.01179699999534,manual
1768187718778,Sunny,Day,0.028428819444444444,56.857638888888886,-22.0,20.726209999992307,manual
1768187718810,Sunny,Day,0.025434027777777778,50.86805555555556,-13.0,26.344500999982756,manual
1768187718840,Sunny,Day,0.028559027777777777,57.11805555555556,-8.0,22.46147200000337,manual
1768187718871,Sunny,Day,0.02478298611111111,49.56597222222222,-12.0,25.41517299999896,manual
1768187718904,Sunny,Day,0.026475694444444444,52.951388888888886,-19.0,27.55881100000579,manual
1768187718934,Sunny,Day,0.02912326388888889,58.24652777777778,-22.0,24.264643999998725,manual
1768187718965,Sunny,Day,0.030772569444444446,61.54513888888889,-15.0,24.857174000004534,manual
1768187718998,Sunny,Day,0.02912326388888889,58.24652777777778,-19.0,26.387644999999793,manual
1768187719030,Sunny,Day,0.027083333333333334,54.16666666666667,-15.0,23.249948999989556,manual
1768187719059,Sunny,Day,0.02795138888888889,55.90277777777778,-20.0,23.793084000004683,manual
1768187719092,Sunny,Day,0.02947048611111111,58.94097222222222,-21.0,27.47781400000804,manual
1768187719122,Sunny,Day,0.023177083333333334,46.35416666666667,-15.0,23.933406999987028,manual
1768187719155,Sunny,Day,0.027821180555555554,55.64236111111111,-21.0,26.762587000007443,manual
1768187719185,Sunny,Day,0.02890625,57.8125,-16.0,24.68281200000888,manual
1768187719217,Sunny,Day,0.032725694444444446,65.45138888888889,-23.0,27.30212900002016,manual
1768187719247,Sunny,Day,0.033289930555555555,66.57986111111111,-24.0,22.388895999995384,manual
1768187719279,Sunny,Day,0.029817708333333335,59.63541666666667,-17.0,26.14737199999695,manual
1768187719312,Sunny,Day,0.028515625,57.03125,-23.0,27.039229999985537,manual
1768187719342,Sunny,Day,0.027821180555555554,55.64236111111111,-19.0,24.28375900001356,manual
1768187719373,Sunny,Day,0.03224826388888889,64.49652777777779,-17.0,26.074940999990304,manual
1768187719405,Sunny,Day,0.026649305555555555,53.29861111111111,-20.0,26.38376100000528,manual
1768187719438,Sunny,Day,0.027039930555555557,54.079861111111114,-20.0,18.787228999997296,manual
1768187719471,Sunny,Day,0.030772569444444446,61.54513888888889,-22.0,24.635630000005904,manual
1768187719500,Sunny,Day,0.027864583333333335,55.72916666666667,-20.0,20.99250599999891,manual
1768187719531,Sunny,Day,0.026085069444444445,52.17013888888889,-19.0,25.54447599999321,manual
1768187719561,Sunny,Day,0.022395833333333334,44.791666666666664,-15.0,23.816165999988925,manual
1768187719592,Sunny,Day,0.02421875,48.4375,-19.0,26.142351999993707,manual
1768187719625,Sunny,Day,0.025434027777777778,50.86805555555556,-16.0,27.660038999982817,manual
1768187719656,Sunny,Day,0.03046875,60.9375,-21.0,25.911684999982754,manual
1768187719687,Sunny,Day,0.023567708333333333,47.135416666666664,-15.0,25.598733999999013,manual
1768187719720,Sunny,Day,0.023654513888888888,47.30902777777778,-19.0,27.2951079999757,manual
1768187719752,Sunny,Day,0.024956597222222224,49.91319444444445,-17.0,24.108721000004607,manual
1768187719782,Sunny,Day,0.027083333333333334,54.16666666666667,-20.0,21.144999000000553,manual
1768187719813,Sunny,Day,0.02439236111111111,48.78472222222222,-16.0,24.80868600000008,manual
1768187719844,Sunny,Day,0.026128472222222223,52.25694444444444,-19.0,26.12944000000539,manual
1768187719877,Sunny,Day,0.027647569444444443,55.295138888888886,-21.0,27.17331000002332,manual
1768187719907,Sunny,Day,0.023958333333333335,47.91666666666667,-15.0,25.721365000009655,manual
1768187719942,Sunny,Day,0.02282986111111111,45.65972222222222,-15.0,28.500713999989102,manual
1768187719973,Sunny,Day,0.01953125,39.0625,-14.0,25.489421000003176,manual
1768187720002,Sunny,Day,0.024696180555555555,49.39236111111111,-18.0,23.903638000007277,manual
1768187720038,Sunny,Day,0.02421875,48.4375,-17.0,30.10613600000056,manual
1768187720067,Sunny,Day,0.027864583333333335,55.72916666666667,-20.0,20.589718999985962,manual
1768187720097,Sunny,Day,0.021050347222222224,42.10069444444445,-15.0,24.000301000000945,manual
1768187720127,Sunny,Day,0.02717013888888889,54.34027777777778,-15.0,24.926992999979802,manual
1768187720159,Sunny,Day,0.024305555555555556,48.611111111111114,-15.0,26.467891000010013,manual
1768187720190,Sunny,Day,0.024305555555555556,48.611111111111114,-15.0,25.112715999995316,manual
1768187720221,Sunny,Day,0.022048611111111113,44.09722222222223,-14.0,26.343537999991895,manual
1768187720254,Sunny,Day,0.02087673611111111,41.75347222222222,-14.0,27.37663199999929,manual
1768187720284,Sunny,Day,0.024479166666666666,48.958333333333336,-16.0,21.468580000004067,manual
1768187720319,Sunny,Day,0.02651909722222222,53.03819444444444,-20.0,29.605871000001116,manual
1768187720348,Sunny,Day,0.025260416666666667,50.520833333333336,-10.0,22.486170000007633,manual
1768187720379,Sunny,Day,0.019791666666666666,39.58333333333333,-13.0,25.456525000009833,manual
1768187720410,Sunny,Day,0.023394097222222222,46.78819444444444,-15.0,24.77781700000037,manual
1768187720442,Sunny,Day,0.03042534722222222,60.85069444444444,-22.0,25.81676500000185,manual
1768187720473,Sunny,Day,0.02421875,48.4375,-15.0,24.869234000021834,manual
1768187720504,Sunny,Day,0.021397569444444445,42.79513888888889,-15.0,26.430489999995643,manual
1768187720536,Sunny,Day,0.02248263888888889,44.96527777777778,-16.0,26.000877999990735,manual
1768187720567,Sunny,Day,0.02834201388888889,56.68402777777778,-20.0,19.77872899999511,manual
1768187720599,Sunny,Day,0.024305555555555556,48.611111111111114,-16.0,22.012690999986262,manual
1768187720629,Sunny,Day,0.019010416666666665,38.02083333333333,-13.0,22.947497000018302,manual
1768187720664,Sunny,Day,0.022743055555555555,45.48611111111111,-15.0,28.87136900000087,manual
1768187720696,Sunny,Day,0.024479166666666666,48.958333333333336,-13.0,26.258753000007573,manual
1768187720724,Sunny,Day,0.023871527777777776,47.74305555555555,-14.0,22.20660300000077,manual
1768187720755,Sunny,Day,0.021440972222222222,42.88194444444444,-7.0,25.212746999983437,manual
1768187720787,Sunny,Day,0.023480902777777778,46.96180555555556,-15.0,26.894502999994074,manual
1768187720819,Sunny,Day,0.022395833333333334,44.791666666666664,-14.0,27.024578999998994,manual
1768187720854,Sunny,Day,0.022178819444444445,44.35763888888889,-15.0,28.932349000001523,manual
1768187720883,Sunny,Day,0.023697916666666666,47.39583333333333,-15.0,22.520253999999795,manual
1768187720916,Sunny,Day,0.020616319444444444,41.232638888888886,-14.0,26.584963999994216,manual
1768187720943,Sunny,Day,0.019791666666666666,39.58333333333333,-14.0,22.357148999986975,manual
1768187720975,Sunny,Day,0.02634548611111111,52.69097222222222,-17.0,25.629280999993398,manual
1768187721006,Sunny,Day,0.023697916666666666,47.39583333333333,-15.0,26.631298000012293,manual
1768187721038,Sunny,Day,0.021701388888888888,43.40277777777778,-14.0,27.059188000009726,manual
1768187721071,Sunny,Day,0.023958333333333335,47.91666666666667,-14.0,27.033124999974234,manual
1768187721102,Sunny,Day,0.028732638888888887,57.46527777777777,-21.0,25.174094000021796,manual
1768187721132,Sunny,Day,0.025434027777777778,50.86805555555556,-17.0,24.60274000000595,manual
1768187721164,Sunny,Day,0.026909722222222224,53.81944444444445,-18.0,27.18181599999525,manual
1768187721197,Sunny,Day,0.027387152777777778,54.77430555555556,-20.0,27.397898000003806,manual
1768187721226,Sunny,Day,0.02868923611111111,57.37847222222222,-21.0,23.31060000000207,manual
1768187721259,Sunny,Day,0.03025173611111111,60.50347222222222,-21.0,26.714845000014975,manual
1768187721291,Sunny,Day,0.027126736111111112,54.25347222222222,-17.0,26.78505099999029,manual
1768187721322,Sunny,Day,0.028645833333333332,57.291666666666664,-20.0,26.135507000020652,manual
1768187721352,Sunny,Day,0.028819444444444446,57.63888888888889,-22.0,24.637490999992906,manual
1768187721383,Sunny,Day,0.027734375,55.46875,-20.0,25.73340699998994,manual
1768187721415,Sunny,Day,0.029557291666666666,59.11458333333333,-21.0,26.350033999989364,manual
1768187721447,Sunny,Day,0.023524305555555555,47.04861111111111,-15.0,27.04097800000227,manual
1768187721480,Sunny,Day,0.027387152777777778,54.77430555555556,-19.0,27.943578000019897,manual
1768187721512,Sunny,Day,0.03229166666666667,64.58333333333334,-23.0,24.579066999990573,manual
1768187721542,Sunny,Day,0.03046875,60.9375,-21.0,21.293726999999762,manual
1768187721573,Sunny,Day,0.026041666666666668,52.083333333333336,-16.0,25.98010899998826,manual
1768187721605,Sunny,Day,0.023871527777777776,47.74305555555555,-14.0,26.474885999988373,manual
1768187721634,Sunny,Day,0.027083333333333334,54.16666666666667,-20.0,23.313618999992514,manual
1768187721668,Sunny,Day,0.02847222222222222,56.94444444444444,-20.0,27.9932219999921,manual
1768187721699,Sunny,Day,0.022352430555555556,44.704861111111114,-14.0,25.71597599998654,manual
1768187721729,Sunny,Day,0.0234375,46.875,-16.0,24.913036000015154,manual
1768187721762,Sunny,Day,0.026822916666666665,53.64583333333333,-15.0,27.15360400000577,manual
1768187721792,Sunny,Day,0.030078125,60.15625,-20.0,24.16831600001501,manual
1768187721824,Sunny,Day,0.026258680555555556,52.517361111111114,-18.0,23.88932699997781,manual
1768187721855,Sunny,Day,0.023741319444444443,47.482638888888886,-16.0,25.387398000020767,manual
1768187721887,Sunny,Day,0.026171875,52.34375,-15.0,26.72499600001288,manual
1768187721919,Sunny,Day,0.025390625,50.78125,-15.0,26.302001000004793,manual
1768187721950,Sunny,Day,0.027039930555555557,54.079861111111114,-15.0,25.250949999986005,manual
1768187721982,Sunny,Day,0.026953125,53.90625,-18.0,27.15530799997623,manual
1768187722012,Sunny,Day,0.024131944444444445,48.26388888888889,-13.0,23.083772000006775,manual
1768187722044,Sunny,Day,0.024826388888888887,49.65277777777777,-17.0,26.519706000016185,manual
1768187722076,Sunny,Day,0.025130208333333334,50.26041666666667,-17.0,26.060594000000492,manual
1768187722107,Sunny,Day,0.022005208333333335,44.01041666666667,-12.0,18.97739500000739,manual
1768187722138,Sunny,Day,0.020095486111111113,40.19097222222223,-14.0,24.97743399999308,manual
1768187722169,Sunny,Day,0.0203125,40.625,-12.0,25.685024000011936,manual
1768187722202,Sunny,Day,0.02573784722222222,51.47569444444444,-16.0,27.209605999985342,manual
1768187722231,Sunny,Day,0.02734375,54.6875,-18.0,24.085903000013786,manual
1768187722263,Sunny,Day,0.02109375,42.1875,-15.0,26.254983000001175,manual
1768187722294,Sunny,Day,0.023524305555555555,47.04861111111111,-13.0,25.719422999998187,manual
1768187722329,Sunny,Day,0.026909722222222224,53.81944444444445,-18.0,28.552950999994664,manual
1768187722359,Sunny,Day,0.027430555555555555,54.86111111111111,-15.0,24.994531999993796,manual
1768187722391,Sunny,Day,0.021354166666666667,42.708333333333336,-14.0,26.907853000011528,manual
1768187722421,Sunny,Day,0.02087673611111111,41.75347222222222,-13.0,24.407865000000584,manual
1768187722453,Sunny,Day,0.028125,56.25,-19.0,26.261336000004576,manual
1768187722484,Sunny,Day,0.025520833333333333,51.041666666666664,-9.0,25.698435999998992,manual
1768187722515,Sunny,Day,0.023394097222222222,46.78819444444444,-13.0,26.05875999998375,manual
1768187722545,Sunny,Day,0.02265625,45.3125,-15.0,24.47762599999237,manual
1768187722576,Sunny,Day,0.030034722222222223,60.06944444444444,-21.0,26.000428999992664,manual
1768187722608,Sunny,Day,0.030512152777777777,61.02430555555556,-16.0,25.570565999998962,manual
1768187722642,Sunny,Day,0.024522569444444444,49.045138888888886,-13.0,28.246178000017608,manual
1768187722672,Sunny,Day,0.021571180555555555,43.14236111111111,-13.0,24.752221999989388,manual
1768187722706,Sunny,Day,0.019661458333333333,39.322916666666664,-13.0,28.08818899998755,manual
1768187722734,Sunny,Day,0.025130208333333334,50.26041666666667,-15.0,21.368816000006063,manual
1768187722767,Sunny,Day,0.026128472222222223,52.25694444444444,-16.0,27.004658999999265,manual
1768187722797,Sunny,Day,0.021354166666666667,42.708333333333336,-13.0,24.2072149999899,manual
1768187722831,Sunny,Day,0.019401041666666667,38.802083333333336,-13.0,29.492587999982334,manual
1768187722860,Sunny,Day,0.024739583333333332,49.479166666666664,-18.0,23.06096300000604,manual
1768187722898,Sunny,Day,0.027387152777777778,54.77430555555556,-18.0,33.34188599998811,manual
1768187722923,Sunny,Day,0.02109375,42.1875,-14.0,15.899185999984411,manual
1768187722953,Sunny,Day,0.021788194444444443,43.576388888888886,-14.0,17.760068000001183,manual
1768187722985,Sunny,Day,0.020703125,41.40625,-15.0,25.443047999999635,manual
1768187723018,Sunny,Day,0.027994791666666668,55.989583333333336,-17.0,27.612277000002905,manual
1768187723049,Sunny,Day,0.02456597222222222,49.13194444444444,-14.0,26.742092000006323,manual
1768187723080,Sunny,Day,0.020572916666666666,41.145833333333336,-14.0,24.301478000012366,manual
1768187723113,Sunny,Day,0.02361111111111111,47.22222222222222,-14.0,26.551725000018678,manual
1768187723143,Sunny,Day,0.02230902777777778,44.61805555555556,-13.0,18.206399999996847,manual
1768187723178,Sunny,Day,0.022786458333333332,45.572916666666664,-15.0,18.58511500000759,manual
1768187723208,Sunny,Day,0.025868055555555554,51.73611111111111,-15.0,21.858179000020073,manual
1768187723241,Sunny,Day,0.023003472222222224,46.00694444444445,-17.0,23.56275700000765,manual
1768187723269,Sunny,Day,0.031640625,63.28125,-17.0,17.80747599997312,manual
1768187723299,Sunny,Day,0.028993055555555557,57.986111111111114,-20.0,16.993438000014294,manual
1768187723330,Sunny,Day,0.02521701388888889,50.43402777777778,-15.0,12.237411000000975,manual
1768187723365,Sunny,Day,0.02456597222222222,49.13194444444444,-18.0,18.258301999992455,manual
1768187723393,Sunny,Day,0.02734375,54.6875,-20.0,20.527016999977832,manual
1768187723425,Sunny,Day,0.03029513888888889,60.59027777777778,-22.0,22.799991999988833,manual
1768187723456,Sunny,Day,0.025,50.0,-17.0,20.27978399999597,manual
1768187723487,Sunny,Day,0.023177083333333334,46.35416666666667,-14.0,24.66796699999918,manual
1768187723519,Sunny,Day,0.025434027777777778,50.86805555555556,-19.0,26.92045599999915,manual
1768187723551,Sunny,Day,0.025824652777777776,51.64930555555555,-16.0,25.341486000002078,manual
1768187723583,Sunny,Day,0.023394097222222222,46.78819444444444,-15.0,26.795977000006133,manual
1768187723615,Sunny,Day,0.02439236111111111,48.78472222222222,-15.0,25.87755899998001,manual
1768187723646,Sunny,Day,0.02282986111111111,45.65972222222222,-13.0,24.701716999999235,manual
1768187723678,Sunny,Day,0.026822916666666665,53.64583333333333,-15.0,25.334670000006554,manual
1768187723707,Sunny,Day,0.024956597222222224,49.91319444444445,-17.0,23.834203000006937,manual
1768187723739,Sunny,Day,0.024696180555555555,49.39236111111111,-15.0,25.872260999989294,manual
1768187723771,Sunny,Day,0.020833333333333332,41.666666666666664,-14.0,24.8856390000185,manual
1768187723802,Sunny,Day,0.024956597222222224,49.91319444444445,-19.0,26.04051099999083,manual
1768187723837,Sunny,Day,0.02599826388888889,51.99652777777778,-18.0,29.499143999998978,manual
1768187723866,Sunny,Day,0.020052083333333335,40.10416666666667,-13.0,23.97698199999354,manual
1768187723897,Sunny,Day,0.020052083333333335,40.10416666666667,-14.0,24.847740000012664,manual
1768187723930,Sunny,Day,0.02087673611111111,41.75347222222222,-18.0,27.342590000017708,manual
1768187723962,Sunny,Day,0.022048611111111113,44.09722222222223,-14.0,24.45835500000726,manual
1768187723992,Sunny,Day,0.025694444444444443,51.388888888888886,-17.0,19.678693000003022,manual
1768187724024,Sunny,Day,0.023654513888888888,47.30902777777778,-14.0,26.578978000003417,manual
1768187724054,Sunny,Day,0.023046875,46.09375,-14.0,20.27260799999908,manual
1768187724087,Sunny,Day,0.02243923611111111,44.87847222222222,-13.0,24.130517999992662,manual
1768187724115,Sunny,Day,0.025347222222222222,50.69444444444444,-14.0,16.079165000007833,manual
1768187724148,Sunny,Day,0.02165798611111111,43.31597222222222,-15.0,26.32741400000782,manual
1768187724181,Sunny,Day,0.020225694444444445,40.45138888888889,-15.0,22.27634200002626,manual
1768187724210,Sunny,Day,0.02443576388888889,48.87152777777778,-17.0,18.881665000009207,manual
1768187724242,Sunny,Day,0.024826388888888887,49.65277777777777,-14.0,20.56818599999133,manual
1768187724277,Sunny,Day,0.022526041666666666,45.052083333333336,-17.0,27.45882600001437,manual
1768187724304,Sunny,Day,0.02131076388888889,42.62152777777778,-12.0,15.710992999999007,manual
1768187724337,Sunny,Day,0.02109375,42.1875,-18.0,27.13446100000283,manual
1768187724370,Sunny,Day,0.022786458333333332,45.572916666666664,-16.0,24.903631000000814,manual
1768187724403,Sunny,Day,0.021788194444444443,43.576388888888886,-14.0,18.116630000008627,manual
1768187724431,Sunny,Day,0.020008680555555554,40.01736111111111,-14.0,15.012826999992512,manual
1768187724461,Sunny,Day,0.020833333333333332,41.666666666666664,-11.0,15.471873999985064,manual
1768187724493,Sunny,Day,0.02209201388888889,44.18402777777778,-20.0,17.95260500000495,manual
1768187724522,Sunny,Day,0.024609375,49.21875,-17.0,15.866442000003644,manual
1768187724554,Sunny,Day,0.022526041666666666,45.052083333333336,-14.0,22.004344999999148,manual
1768187724585,Sunny,Day,0.021744791666666666,43.48958333333333,-14.0,21.693966000015052,manual
1768187724616,Sunny,Day,0.024305555555555556,48.611111111111114,-19.0,23.977087999980995,manual
1768187724648,Sunny,Day,0.03025173611111111,60.50347222222222,-21.0,24.674643999986756,manual
1768187724679,Sunny,Day,0.025303819444444445,50.60763888888889,-17.0,24.845226000024923,manual
1768187724711,Sunny,Day,0.019010416666666665,38.02083333333333,-14.0,20.164320000020552,manual
1768187724744,Sunny,Day,0.024869791666666665,49.73958333333333,-22.0,22.34597200001076,manual
1768187724774,Sunny,Day,0.024956597222222224,49.91319444444445,-16.0,18.24605199999496,manual
1768187724805,Sunny,Day,0.027473958333333333,54.947916666666664,-19.0,26.39271000001031,auto
1768187724837,Sunny,Day,0.022569444444444444,45.138888888888886,-13.0,22.30803599999831,auto
1768187724870,Sunny,Day,0.023654513888888888,47.30902777777778,-12.0,16.43135000000484,auto
1768187724899,Sunny,Day,0.028559027777777777,57.11805555555556,-18.0,17.90266599999768,auto
1768187724931,Sunny,Day,0.03567708333333333,71.35416666666666,-17.0,23.241893999994545,auto
1768187724964,Sunny,Day,0.036284722222222225,72.56944444444446,-13.0,23.593653999995468,auto
1768187724994,Sunny,Day,0.034027777777777775,68.05555555555554,-10.0,18.973708000004308,auto
1768187725025,Sunny,Day,0.041666666666666664,83.33333333333333,-2.0,23.636401000004525,auto
1768187725056,Sunny,Day,0.03962673611111111,79.25347222222221,-2.0,24.619021999995994,auto
1768187725088,Sunny,Day,0.044097222222222225,88.19444444444446,2.0,23.790273000003026,auto
1768187725120,Sunny,Day,0.04487847222222222,89.75694444444444,3.0,20.645097999988593,auto
1768187725150,Sunny,Day,0.04743923611111111,94.87847222222221,9.0,23.40128499997718,auto
1768187725182,Sunny,Day,0.047135416666666666,94.27083333333333,3.0,24.344358999996984,auto
1768187725217,Sunny,Day,0.046484375,92.96875,9.0,28.114361000007193,auto
1768187725244,Sunny,Day,0.04401041666666667,88.02083333333334,0.0,19.49932299999091,auto
1768187725277,Sunny,Day,0.04422743055555556,88.45486111111111,1.0,25.695574999986093,auto
1768187725309,Sunny,Day,0.04583333333333333,91.66666666666666,-2.0,23.15820300000837,auto
1768187725339,Sunny,Day,0.04544270833333333,90.88541666666666,0.0,19.60058999998182,auto
1768187725370,Sunny,Day,0.044270833333333336,88.54166666666667,-2.0,25.01679099998455,auto
1768187725403,Sunny,Day,0.04348958333333333,86.97916666666666,-1.0,25.34039200000393,auto
1768187725433,Sunny,Day,0.04327256944444444,86.54513888888889,-1.0,20.92231600002492,auto
1768187725466,Sunny,Day,0.047265625,94.53125,7.0,25.109629000013456,auto
1768187725497,Sunny,Day,0.04526909722222222,90.53819444444444,7.0,22.283979999997428,auto
1768187725528,Sunny,Day,0.047265625,94.53125,7.0,24.251206000002412,auto
1768187725560,Sunny,Day,0.04743923611111111,94.87847222222221,36.0,24.79977199999439,auto
1768187725591,Sunny,Day,0.05021701388888889,100.0,6.0,24.01429299999336,auto
1768187725622,Sunny,Day,0.04635416666666667,92.70833333333334,3.0,24.486044000013862,auto
1768187725655,Sunny,Day,0.04201388888888889,84.02777777777779,0.0,26.413665999996283,auto
1768187725686,Sunny,Day,0.04275173611111111,85.50347222222223,-3.0,21.866485000003877,auto
1768187725718,Sunny,Day,0.04878472222222222,97.56944444444444,-5.0,24.389500000012276,auto
1768187725748,Sunny,Day,0.05203993055555556,100.0,-3.0,20.924429000018563,auto
1768187725780,Sunny,Day,0.04743923611111111,94.87847222222221,-5.0,23.624729999994543,auto
1768187725810,Sunny,Day,0.04418402777777778,88.36805555555556,-5.0,16.501408000010542,auto
1768187725841,Sunny,Day,0.04761284722222222,95.22569444444444,-3.0,18.080015000009553,auto
1768187725872,Sunny,Day,0.04921875,98.4375,-3.0,22.352701999977853,auto
1768187725904,Sunny,Day,0.04722222222222222,94.44444444444444,-1.0,19.52521799998408,auto
1768187725936,Sunny,Day,0.04592013888888889,91.84027777777779,-1.0,25.399813999996468,auto
1768187725969,Sunny,Day,0.05091145833333333,100.0,-1.0,25.640431999988778,auto
1768187725999,Sunny,Day,0.05073784722222222,100.0,0.0,21.30639599999995,auto
1768187726030,Sunny,Day,0.045703125,91.40625,2.0,20.720203999985642,auto
1768187726061,Sunny,Day,0.045572916666666664,91.14583333333333,0.0,22.940160999979753,auto
1768187726093,Sunny,Day,0.047352430555555554,94.70486111111111,0.0,24.20643700000369,auto
1768187726126,Sunny,Day,0.05308159722222222,100.0,3.0,26.203025000000935,auto
1768187726156,Sunny,Day,0.047309027777777776,94.61805555555556,2.0,22.491457999990416,auto
1768187726188,Sunny,Day,0.04865451388888889,97.30902777777779,4.0,25.469214000025886,auto
1768187726220,Sunny,Day,0.046614583333333334,93.22916666666667,0.0,24.35734499999853,auto
1768187726249,Sunny,Day,0.046788194444444445,93.57638888888889,0.0,22.514222000012296,auto
1768187726285,Sunny,Day,0.05,100.0,3.0,28.680934000021807,auto
1768187726312,Sunny,Day,0.05234375,100.0,3.0,15.97877099999323,auto
1768187726344,Sunny,Day,0.04861111111111111,97.22222222222223,-1.0,25.48038300000144,auto
1768187726377,Sunny,Day,0.047265625,94.53125,2.0,25.505037000016273,auto
1768187726409,Sunny,Day,0.050868055555555555,100.0,0.0,22.249007999988635,auto
1768187726440,Sunny,Day,0.04982638888888889,99.65277777777779,3.0,24.0269110000213,auto
1768187726469,Sunny,Day,0.04895833333333333,97.91666666666667,-3.0,22.242080000012265,auto
1768187726502,Sunny,Day,0.04583333333333333,91.66666666666666,-1.0,25.805832999992617,auto
1768187726537,Sunny,Day,0.051953125,100.0,1.0,26.646950000014158,auto
1768187726564,Sunny,Day,0.04917534722222222,98.35069444444444,2.0,18.263633000003665,auto
1768187726596,Sunny,Day,0.04761284722222222,95.22569444444444,5.0,25.645590000010543,auto
1768187726627,Sunny,Day,0.04631076388888889,92.62152777777779,1.0,24.82023800001798,auto
1768187726658,Sunny,Day,0.04561631944444444,91.23263888888889,-1.0,24.35504900000751,auto
1768187726690,Sunny,Day,0.04683159722222222,93.66319444444444,3.0,27.653309000015724,auto
1768187726721,Sunny,Day,0.047526041666666664,95.05208333333333,3.0,21.195137000006525,auto
1768187726753,Sunny,Day,0.04513888888888889,90.27777777777777,-2.0,24.30701800000179,auto
1768187726784,Sunny,Day,0.04470486111111111,89.40972222222223,-2.0,18.31809000000817,auto
1768187726815,Sunny,Day,0.04609375,92.1875,0.0,19.89081400000714,auto
1768187726848,Sunny,Day,0.04743923611111111,94.87847222222221,4.0,23.62262600001941,auto
1768187726878,Sunny,Day,0.040928819444444445,81.85763888888889,4.0,22.14789100000303,auto
1768187726909,Sunny,Day,0.04006076388888889,80.12152777777779,1.0,24.788822000004984,auto
1768187726941,Sunny,Day,0.04118923611111111,82.37847222222221,0.0,23.767773999992414,auto
1768187726972,Sunny,Day,0.045746527777777775,91.49305555555554,5.0,7.495300000016414,auto
1768187727005,Sunny,Day,0.04457465277777778,89.14930555555556,0.0,21.87781400002109,auto
1768187727037,Sunny,Day,0.04201388888888889,84.02777777777779,0.0,20.9433919999924,auto
1768187727066,Sunny,Day,0.043055555555555555,86.11111111111111,0.0,19.862670000009075,auto
1768187727100,Sunny,Day,0.043402777777777776,86.80555555555556,5.0,26.88705899998922,auto
1768187727130,Sunny,Day,0.042708333333333334,85.41666666666667,6.0,22.746640000008256,auto
1768187727161,Sunny,Day,0.04153645833333333,83.07291666666666,3.0,19.838108999977067,auto
1768187727192,Sunny,Day,0.03910590277777778,78.21180555555556,-1.0,24.047599999988734,auto
1768187727224,Sunny,Day,0.04153645833333333,83.07291666666666,4.0,23.659968999993453,auto
1768187727259,Sunny,Day,0.043793402777777775,87.58680555555554,4.0,27.558607999992546,auto
1768187727286,Sunny,Day,0.041276041666666666,82.55208333333333,2.0,20.05492000000686,auto
1768187727318,Sunny,Day,0.04162326388888889,83.24652777777777,-4.0,23.298642999975527,auto
1768187727351,Sunny,Day,0.043402777777777776,86.80555555555556,2.0,25.355098999995107,auto
1768187727380,Sunny,Day,0.04592013888888889,91.84027777777779,2.0,21.63070599999628,auto
1768187727413,Sunny,Day,0.04327256944444444,86.54513888888889,2.0,25.851883999990832,auto
1768187727443,Sunny,Day,0.041015625,82.03125,1.0,23.63174100000265,auto
1768187727474,Sunny,Day,0.044487847222222224,88.97569444444444,0.0,23.86618599999224,auto
1768187727508,Sunny,Day,0.042881944444444445,85.76388888888889,2.0,26.7522299999996,auto
1768187727539,Sunny,Day,0.042317708333333336,84.63541666666667,2.0,23.016927000014675,auto
1768187727570,Sunny,Day,0.04453125,89.0625,1.0,17.57815900000992,auto
1768187727600,Sunny,Day,0.041102430555555555,82.20486111111111,0.0,21.076794000009613,auto
1768187727635,Sunny,Day,0.04457465277777778,89.14930555555556,1.0,27.867071000002852,auto
1768187727663,Sunny,Day,0.043055555555555555,86.11111111111111,3.0,20.30457300000421,auto
1768187727694,Sunny,Day,0.04153645833333333,83.07291666666666,0.0,24.5272519999844,auto
1768187727727,Sunny,Day,0.04010416666666667,80.20833333333334,1.0,25.076995000006264,auto
1768187727759,Sunny,Day,0.043619791666666664,87.23958333333333,1.0,24.5359580000013,auto
1768187727788,Sunny,Day,0.04088541666666667,81.77083333333333,2.0,20.5260519999797,auto
1768187727820,Sunny,Day,0.04201388888888889,84.02777777777779,2.0,24.363564999987375,auto
1768187727851,Sunny,Day,0.03993055555555555,79.8611111111111,-1.0,21.245002000000568,auto
1768187727882,Sunny,Day,0.04283854166666667,85.67708333333333,-1.0,24.226198000008026,auto
1768187727914,Sunny,Day,0.04366319444444444,87.32638888888889,-3.0,24.84621700000389,auto
1768187727946,Sunny,Day,0.03572048611111111,71.44097222222221,1.0,24.987806000012824,auto
1768187727979,Sunny,Day,0.03771701388888889,75.43402777777777,-4.0,25.486852000000226,auto
1768187728009,Sunny,Day,0.03285590277777778,65.71180555555556,-4.0,11.276232000000164,auto
1768187728042,Sunny,Day,0.03784722222222222,75.69444444444444,4.0,25.78208700001028,auto
1768187728073,Sunny,Day,0.038628472222222224,77.25694444444444,3.0,23.660594000006085,auto
1768187728103,Sunny,Day,0.029947916666666668,59.895833333333336,-8.0,20.902470999999423,auto
1768187728135,Sunny,Day,0.03376736111111111,67.53472222222221,-3.0,22.586640000014313,auto
1768187728166,Sunny,Day,0.03589409722222222,71.78819444444444,2.0,23.62051000000065,auto
1768187728197,Sunny,Day,0.03528645833333333,70.57291666666667,7.0,16.360433000016883,auto
1768187728228,Sunny,Day,0.031032986111111112,62.06597222222222,4.0,24.342918999991525,auto
1768187728262,Sunny,Day,0.028515625,57.03125,-6.0,16.543161000015516,auto
1768187728291,Sunny,Day,0.036284722222222225,72.56944444444446,5.0,22.290923000014118,auto
1768187728322,Sunny,Day,0.03298611111111111,65.97222222222223,6.0,21.298118999993676,auto
1768187728354,Sunny,Day,0.027213541666666667,54.427083333333336,19.0,23.01064599998881,auto
1768187728386,Sunny,Day,0.025477430555555555,50.95486111111111,-6.0,22.20642200001066,auto
1768187728418,Sunny,Day,0.029817708333333335,59.63541666666667,5.0,19.12563199999795,auto
1768187728450,Sunny,Day,0.025477430555555555,50.95486111111111,4.0,22.514772000022276,auto
1768187728480,Sunny,Day,0.02947048611111111,58.94097222222222,3.0,21.768505000011373,auto
1768187728511,Sunny,Day,0.020789930555555555,41.57986111111111,-4.0,24.213276999944355,auto
1768187728543,Sunny,Day,0.027083333333333334,54.16666666666667,0.0,19.00506600003382,auto
1768187728576,Sunny,Day,0.02521701388888889,50.43402777777778,-8.0,18.980300999999145,auto
1768187728605,Sunny,Day,0.024609375,49.21875,14.0,17.167695000011918,auto
1768187728638,Sunny,Day,0.016319444444444445,32.63888888888889,,26.222133000032954,auto
1768187728670,Sunny,Day,0.01597222222222222,31.944444444444443,-6.0,21.95158500001071,auto
1768187728699,Sunny,Day,0.025520833333333333,51.041666666666664,-2.0,20.925383000019337,auto
1768187728732,Sunny,Day,0.024001736111111113,48.00347222222223,3.0,25.633236999965447,auto
1768187728763,Sunny,Day,0.013802083333333333,27.604166666666664,,23.847561999957634,auto
1768187728794,Sunny,Day,0.020746527777777777,41.49305555555556,-1.0,23.904760999982955,auto
1768187728825,Sunny,Day,0.023133680555555557,46.267361111111114,1.0,24.13229600000477,auto
1768187728858,Sunny,Day,0.022873263888888887,45.74652777777777,1.0,20.468795999988743,auto
1768187728895,Sunny,Day,0.02131076388888889,42.62152777777778,-4.0,25.594376000015018,auto
1768187728919,Sunny,Day,0.02035590277777778,40.71180555555556,-4.0,16.98115199997119,auto
1768187728952,Sunny,Day,0.025173611111111112,50.34722222222222,-1.0,25.906190000000606,auto
1768187728983,Sunny,Day,0.026605902777777777,53.21180555555556,3.0,24.275884000019232,auto
1768187729014,Sunny,Day,0.02717013888888889,54.34027777777778,2.0,23.27996600001825,auto
1768187729047,Sunny,Day,0.013454861111111112,26.909722222222225,-5.0,26.88723400001436,auto
1768187729078,Sunny,Day,0.021180555555555557,42.361111111111114,-3.0,23.201494000034018,auto
1768187729109,Sunny,Day,0.024652777777777777,49.30555555555556,3.0,23.146055999973214,auto
1768187729139,Sunny,Day,0.02990451388888889,59.80902777777778,3.0,21.53949000000921,auto
1768187729172,Sunny,Day,0.01384548611111111,27.69097222222222,,19.9942520000036,auto
1768187729205,Sunny,Day,0.019270833333333334,38.54166666666667,-4.0,20.453189000022576,auto
1768187729234,Sunny,Day,0.026649305555555555,53.29861111111111,2.0,20.36283600000388,auto
1768187729267,Sunny,Day,0.026171875,52.34375,3.0,26.31578900002296,auto
1768187729299,Sunny,Day,0.021397569444444445,42.79513888888889,-4.0,22.415150000028916,auto
1768187729336,Sunny,Day,0.020963541666666665,41.92708333333333,-3.0,2.521716999979162,auto
1768187729361,Sunny,Day,0.023394097222222222,46.78819444444444,1.0,11.218939000002592,auto
1768187729392,Sunny,Day,0.027907986111111113,55.81597222222223,1.0,3.918050999971001,auto
1768187729421,Sunny,Day,0.021571180555555555,43.14236111111111,2.0,21.650608000015836,auto
1768187729456,Sunny,Day,0.020052083333333335,40.10416666666667,1.0,27.790622999987136,auto
1768187729499,Sunny,Day,0.02209201388888889,44.18402777777778,-1.0,6.2639139999873805,auto
1768187729522,Sunny,Day,0.027213541666666667,54.427083333333336,1.0,13.437162000002445,auto
1768187729549,Sunny,Day,0.027821180555555554,55.64236111111111,2.0,16.80203200004371,auto
1768187729579,Sunny,Day,0.016319444444444445,32.63888888888889,-3.0,23.326225999994676,auto
1768187729610,Sunny,Day,0.01775173611111111,35.50347222222222,-3.0,23.747951999951056,auto
1768187729642,Sunny,Day,0.026475694444444444,52.951388888888886,1.0,24.962114000004476,auto
1768187729674,Sunny,Day,0.024175347222222223,48.35069444444444,2.0,24.731098999950518,auto
1768187729704,Sunny,Day,0.01740451388888889,34.80902777777778,2.0,14.58603199995423,auto
1768187729736,Sunny,Day,0.014539930555555556,29.07986111111111,-2.0,23.624405000020943,auto
1768187729769,Sunny,Day,0.026953125,53.90625,1.0,24.156339000001026,auto
1768187729799,Sunny,Day,0.021354166666666667,42.708333333333336,-4.0,12.094395000019631,auto
1768187729830,Sunny,Day,0.025260416666666667,50.520833333333336,3.0,24.73872999996729,auto
1768187729862,Sunny,Day,0.02013888888888889,40.27777777777778,1.0,25.499791000015648,auto
1768187729894,Sunny,Day,0.020095486111111113,40.19097222222223,1.0,15.567438999994465,auto
1768187729924,Sunny,Day,0.02556423611111111,51.12847222222222,4.0,18.322467000018605,auto
1768187729956,Sunny,Day,0.020963541666666665,41.92708333333333,5.0,24.498250000021926,auto
1768187729987,Sunny,Day,0.016796875,33.59375,-3.0,23.177970999995523,auto
1768187730018,Sunny,Day,0.01970486111111111,39.40972222222222,-5.0,12.796600999990915,auto
1768187730050,Sunny,Day,0.024609375,49.21875,-1.0,22.793551999995998,auto
1768187730083,Sunny,Day,0.02378472222222222,47.56944444444444,0.0,19.33355300002404,auto
1768187730119,Sunny,Day,0.016189236111111113,32.37847222222223,-3.0,25.76075799998989,auto
1768187730144,Sunny,Day,0.017013888888888887,34.02777777777777,-6.0,15.711851999981263,auto
1768187730176,Sunny,Day,0.026085069444444445,52.17013888888889,-1.0,24.165759999959846,auto
1768187730207,Sunny,Day,0.02261284722222222,45.22569444444444,4.0,23.538604999998824,auto
1768187730238,Sunny,Day,0.014756944444444444,29.51388888888889,-2.0,18.276803000048858,auto
1768187730271,Sunny,Day,0.014105902777777778,28.211805555555557,-1.0,26.499939000018458,auto
1768187730304,Sunny,Day,0.022048611111111113,44.09722222222223,-3.0,23.912557000016932,auto
1768187730333,Sunny,Day,0.023350694444444445,46.70138888888889,1.0,19.593665999991572,auto
1768187730364,Sunny,Day,0.020616319444444444,41.232638888888886,0.0,24.323702999993202,auto
1768187730395,Sunny,Day,0.011458333333333333,22.916666666666664,,24.85837500000798,auto
1768187730428,Sunny,Day,0.01792534722222222,35.85069444444444,-4.0,22.35397499998726,auto
1768187730458,Sunny,Day,0.026649305555555555,53.29861111111111,3.0,19.010982999986936,auto
1768187730491,Sunny,Day,0.022873263888888887,45.74652777777777,5.0,21.72915300002387,auto
1768187730522,Sunny,Day,0.01640625,32.8125,0.0,20.542078000005404,auto
1768187730552,Sunny,Day,0.01228298611111111,24.56597222222222,3.0,20.65217599999869,auto
1768187730585,Sunny,Day,0.014626736111111111,29.25347222222222,4.0,25.052565999999388,auto
1768187730617,Sunny,Day,0.023871527777777776,47.74305555555555,-1.0,23.16672599999947,auto
1768187730646,Sunny,Day,0.016883680555555555,33.76736111111111,0.0,21.973854000009396,auto
1768187730678,Sunny,Day,0.014409722222222223,28.819444444444446,-2.0,24.627695999981825,auto
1768187730710,Sunny,Day,0.018967013888888887,37.93402777777777,-3.0,25.609447999954682,auto
1768187730741,Sunny,Day,0.02065972222222222,41.31944444444444,8.0,23.753171000009843,auto
1768187730772,Sunny,Day,0.012239583333333333,24.479166666666668,,24.368416000015714,auto
1768187730804,Sunny,Day,0.013932291666666667,27.864583333333336,,25.369655000019975,auto
1768187730835,Sunny,Day,0.015494791666666667,30.989583333333336,-2.0,23.68056099999194,auto
1768187730866,Sunny,Day,0.01723090277777778,34.46180555555556,-1.0,23.763839000025655,auto
1768187730898,Sunny,Day,0.018055555555555554,36.11111111111111,8.0,23.803125999961594,auto
1768187730929,Sunny,Day,0.010416666666666666,20.833333333333332,,23.918336000008367,auto
1768187730960,Sunny,Day,0.014279513888888888,28.55902777777778,-3.0,23.768709999956172,auto
1768187730992,Sunny,Day,0.024956597222222224,49.91319444444445,,23.75293000000056,auto
1768187731023,Sunny,Day,0.022265625,44.53125,,24.823908000030315,auto
1768187731054,Sunny,Day,0.01740451388888889,34.80902777777778,,24.510928999973203,auto
1768187731087,Sunny,Day,0.01796875,35.9375,3.0,24.88258300002144,auto
1768187731118,Sunny,Day,0.022699652777777777,45.39930555555556,,22.6435690000244,auto
1768187731152,Sunny,Day,0.02673611111111111,53.47222222222222,,26.771041000017703,auto
1768187731180,Sunny,Day,0.027039930555555557,54.079861111111114,,18.14275699996415,auto
1768187731212,Sunny,Day,0.024479166666666666,48.958333333333336,,21.474967000017386,auto
1768187731243,Sunny,Day,0.022222222222222223,44.44444444444444,,23.944363999987672,auto
1768187731275,Sunny,Day,0.031163194444444445,62.32638888888889,,25.32243500002096,auto
1768187731310,Sunny,Day,0.028385416666666666,56.770833333333336,7.0,26.41613199995163,auto
1768187731337,Sunny,Day,0.022743055555555555,45.48611111111111,,18.331222999961483,auto
1768187731369,Sunny,Day,0.02573784722222222,51.47569444444444,,24.17698799996515,auto
1768187731402,Sunny,Day,0.026128472222222223,52.25694444444444,,26.029437999966376,auto
1768187731433,Sunny,Day,0.032769097222222224,65.53819444444444,,19.446034999987205,auto
1768187731464,Sunny,Day,0.02087673611111111,41.75347222222222,,23.071956000023874,auto
1768187731497,Sunny,Day,0.021484375,42.96875,4.0,25.948125000013533,auto
1768187731527,Sunny,Day,0.026866319444444446,53.73263888888889,,20.436246000031133,auto
1768187731558,Sunny,Day,0.028602430555555555,57.20486111111111,,22.323722000010093,auto
1768187731589,Sunny,Day,0.024088541666666668,48.177083333333336,,24.29790299999013,auto
1768187731620,Sunny,Day,0.019618055555555555,39.23611111111111,1.0,23.700146000010136,auto
1768187731652,Sunny,Day,0.024305555555555556,48.611111111111114,2.0,22.44876699995757,auto
1768187731683,Sunny,Day,0.02638888888888889,52.77777777777778,,22.118641999952615,auto
1768187731714,Sunny,Day,0.02261284722222222,45.22569444444444,,25.00308999998424,auto
1768187731746,Sunny,Day,0.0203125,40.625,1.0,24.404666000009456,auto
1768187731778,Sunny,Day,0.018967013888888887,37.93402777777777,,24.512762999961524,auto
1768187731810,Sunny,Day,0.02378472222222222,47.56944444444444,,22.259135000012975,auto
1768187731843,Sunny,Day,0.020963541666666665,41.92708333333333,,26.254652999966765,auto
1768187731871,Sunny,Day,0.02309027777777778,46.18055555555556,,20.978194999997868,auto
1768187731903,Sunny,Day,0.023003472222222224,46.00694444444445,,25.755213999957505,auto
1768187731934,Sunny,Day,0.02556423611111111,51.12847222222222,,24.179635999985294,auto
1768187731966,Sunny,Day,0.025607638888888888,51.21527777777778,,24.89095499998939,auto
1768187731997,Sunny,Day,0.024826388888888887,49.65277777777777,,24.562681000020348,auto
1768187732030,Sunny,Day,0.024869791666666665,49.73958333333333,,20.650359999990542,auto
1768187732061,Sunny,Day,0.025,50.0,,24.07470100001774,auto
1768187732091,Sunny,Day,0.027734375,55.46875,,23.603658000013183,auto
1768187732124,Sunny,Day,0.026128472222222223,52.25694444444444,,26.365158000032807,auto
1768187732154,Sunny,Day,0.021875,43.75,,23.511102000043138,auto
1768187732185,Sunny,Day,0.023567708333333333,47.135416666666664,,24.433405000024777,auto
1768187732217,Sunny,Day,0.024001736111111113,48.00347222222223,,24.91016999999829,auto
1768187732250,Sunny,Day,0.021267361111111112,42.53472222222222,,22.479258000032587,auto
1768187732280,Sunny,Day,0.020963541666666665,41.92708333333333,,23.14033999999765,auto
1768187732311,Sunny,Day,0.024131944444444445,48.26388888888889,,24.487415999999484,auto
1768187732344,Sunny,Day,0.022265625,44.53125,,21.891118000041843,auto
1768187732376,Sunny,Day,0.015755208333333333,31.510416666666664,,25.186580000024605,auto
1768187732405,Sunny,Day,0.014279513888888888,28.55902777777778,,21.34137399997371,auto
1768187732436,Sunny,Day,0.011588541666666667,23.177083333333336,,24.729724999986047,auto
1768187732468,Sunny,Day,0.012239583333333333,24.479166666666668,,24.443646999998236,auto
1768187732501,Sunny,Day,0.01579861111111111,31.59722222222222,,26.219756999978472,auto
1768187732532,Sunny,Day,0.0020833333333333333,4.166666666666667,,23.662170000022797,auto
1768187732563,Sunny,Day,0.000390625,0.78125,,23.76628500002198,auto
1768187732594,Sunny,Day,0.0018229166666666667,3.6458333333333335,,24.93237900000622,auto
1768187732626,Sunny,Day,0.002734375,5.46875,,25.642156000003524,auto
1768187732657,Sunny,Day,0.000390625,0.78125,,23.14945299997362,auto
1768187732688,Sunny,Day,0.0,0.0,,24.46204000000307,auto
1768187732719,Sunny,Day,0.0,0.0,,24.57304399996474,auto
1768187732752,Sunny,Day,0.0014756944444444444,2.951388888888889,,20.811024000011002,auto
1768187732783,Sunny,Day,0.0,0.0,,24.15353200001391,auto
1768187732813,Sunny,Day,0.0,0.0,,23.74790999999732,auto
1768187732845,Sunny,Day,0.0,0.0,,24.877331000027425,auto
1768187732877,Sunny,Day,0.0,0.0,,27.99371800000472,auto
1768187732908,Sunny,Day,0.000390625,0.78125,,24.39712000000327,auto
1768187732939,Sunny,Day,0.000390625,0.78125,,25.6710319999911,auto
1768187732971,Sunny,Day,0.0,0.0,,19.949362000033943,auto
1768187733002,Sunny,Day,0.0,0.0,,24.17685199998232,auto
1768187733036,Sunny,Day,0.000390625,0.78125,,24.650559999997768,auto
1768187733065,Sunny,Day,0.0,0.0,,21.598814000014954,auto
1768187733096,Sunny,Day,0.0,0.0,,23.84011899999905,auto
1768187733127,Sunny,Day,0.000390625,0.78125,,24.37841299996535,auto
1768187733159,Sunny,Day,0.0,0.0,,24.650522999991153,auto
1768187733191,Sunny,Day,0.0,0.0,,23.763713999983338,auto
1768187733223,Sunny,Day,0.0,0.0,,23.050365999949918,auto
1768187733256,Sunny,Day,0.0,0.0,,25.64646600001197,auto
1768187733286,Sunny,Day,0.0,0.0,,22.08496800000148,auto
1768187733316,Sunny,Day,0.0,0.0,,22.274691000006897,auto
1768187733348,Sunny,Day,0.0,0.0,,26.28405699999803,auto
1768187733379,Sunny,Day,0.0,0.0,,24.629648000029647,auto
1768187733410,Sunny,Day,0.0,0.0,,24.919780999994146,auto
1768187733443,Sunny,Day,0.0,0.0,,24.077666000039244,auto
1768187733473,Sunny,Day,0.0,0.0,,21.60820399996055,auto
1768187733504,Sunny,Day,0.0,0.0,,24.049309000020003,auto
1768187733536,Sunny,Day,0.0,0.0,,24.375744999986182,auto
1768187733567,Sunny,Day,0.0006076388888888889,1.215277777777778,,24.210823000032633,auto
1768187733601,Sunny,Day,0.0,0.0,,23.16835300001685,auto
1768187733630,Sunny,Day,0.0010850694444444445,2.170138888888889,,22.381582000036815,auto
1768187733662,Sunny,Day,0.0,0.0,,25.177851999956147,auto
1768187733694,Sunny,Day,0.0,0.0,,25.97090200004004,auto
1768187733724,Sunny,Day,0.0,0.0,,22.354817999996612,auto
1768187733756,Sunny,Day,0.0,0.0,,25.153440000053706,auto
1768187733787,Sunny,Day,0.0,0.0,,24.344960999997056,auto
1768187733818,Sunny,Day,0.0,0.0,,24.872030999972594,auto
1768187733851,Sunny,Day,0.0,0.0,,26.408118999995622,auto
1768187733882,Sunny,Day,0.0,0.0,,22.9930219999801,auto
1768187733913,Sunny,Day,0.0,0.0,,22.89120500000763,auto
1768187733944,Sunny,Day,0.0,0.0,,24.39895399999159,auto
1768187733975,Sunny,Day,0.0,0.0,,23.902039000006425,auto
1768187734008,Sunny,Day,0.0,0.0,,25.600365999991936,auto
1768187734038,Sunny,Day,0.0,0.0,,25.858694000021387,manual
1768187734070,Sunny,Day,0.0,0.0,,22.80488899998545,manual
1768187734102,Sunny,Day,0.0009548611111111111,1.909722222222222,,24.928271000021596,manual
1768187734134,Sunny,Day,0.0,0.0,,21.740826999973706,manual
1768187734166,Sunny,Day,0.0,0.0,,25.284581999983402,manual
1768187734195,Sunny,Day,0.0,0.0,,22.406014000011965,manual
1768187734227,Sunny,Day,0.0,0.0,,24.70600399999512,manual
1768187734258,Sunny,Day,0.0,0.0,,24.93419699999322,manual
1768187734291,Sunny,Day,0.0,0.0,,21.509003999995002,manual
1768187734322,Sunny,Day,0.0,0.0,,24.398926000003485,manual
1768187734352,Sunny,Day,0.0,0.0,,22.815037999976084,manual
1768187734383,Sunny,Day,0.000390625,0.78125,,24.195125000005646,manual
1768187734415,Sunny,Day,0.0,0.0,,24.460086000033243,manual
1768187734446,Sunny,Day,0.0,0.0,,21.417078000013134,manual
1768187734478,Sunny,Day,0.0,0.0,,24.882429000001594,manual
1768187734510,Sunny,Day,0.0,0.0,,25.08083700001862,manual
1768187734545,Sunny,Day,0.0,0.0,,25.31279100003303,manual
1768187734575,Sunny,Day,0.0,0.0,,20.944263000046703,manual
1768187734607,Sunny,Day,0.0,0.0,,21.73958600002379,manual
1768187734638,Sunny,Day,0.0,0.0,,21.308926999950017,manual
1768187734669,Sunny,Day,0.0,0.0,,23.471889999996165,manual
1768187734699,Sunny,Day,0.0,0.0,,22.176672000000508,manual
1768187734733,Sunny,Day,0.0,0.0,,22.953972999971484,manual
1768187734762,Sunny,Day,0.0,0.0,,10.209977999977582,manual
1768187734794,Sunny,Day,0.0,0.0,,22.000767000008636,manual
1768187734826,Sunny,Day,0.0,0.0,,23.461758999985705,manual
1768187734857,Sunny,Day,0.0,0.0,,21.840309999959118,manual
1768187734889,Sunny,Day,0.0,0.0,,23.457443999973293,manual
1768187734921,Sunny,Day,0.0,0.0,,24.53811800000949,manual
1768187734952,Sunny,Day,0.0,0.0,,22.403067999960058,manual
1768187734983,Sunny,Day,0.0,0.0,,22.832214999993994,manual
1768187735014,Sunny,Day,0.0,0.0,,21.36305800001992,manual
1768187735048,Sunny,Day,0.0,0.0,,23.700366000014128,manual
1768187735079,Sunny,Day,0.0,0.0,,23.132929000041713,manual
1768187735109,Sunny,Day,0.0,0.0,,21.40278200005241,manual
1768187735139,Sunny,Day,0.0,0.0,,21.32676899998387,manual
1768187735170,Sunny,Day,0.0,0.0,,22.75874199995087,manual
1768187735205,Sunny,Day,0.0,0.0,,25.062373000025673,manual
1768187735237,Sunny,Day,0.0,0.0,,8.354278000012982,manual
1768187735264,Sunny,Day,0.0,0.0,,17.950831000007383,manual
1768187735296,Sunny,Day,0.0,0.0,,24.14808600002516,manual
1768187735328,Sunny,Day,0.0,0.0,,23.997427999972842,manual
1768187735359,Sunny,Day,0.0,0.0,,22.284111999965717,manual
1768187735392,Sunny,Day,0.0,0.0,,24.434921000022314,manual
1768187735422,Sunny,Day,0.0,0.0,,21.377463000021635,manual
1768187735453,Sunny,Day,0.0,0.0,,22.03302700002041,manual
1768187735486,Sunny,Day,0.0,0.0,,24.583823000000393,manual
1768187735516,Sunny,Day,0.0,0.0,,20.656316000042807,manual
1768187735547,Sunny,Day,0.0,0.0,,21.835763000012776,manual
1768187735578,Sunny,Day,0.0,0.0,,22.919424999997773,manual
1768187735610,Sunny,Day,0.0,0.0,,22.197353999956704,manual
1768187735642,Sunny,Day,0.0,0.0,,20.86576899995407,manual
1768187735672,Sunny,Day,0.0,0.0,,20.417843999950946,manual
1768187735705,Sunny,Day,0.0,0.0,,24.75486200000887,manual
1768187735740,Sunny,Day,0.0,0.0,,23.646749000022282,manual
1768187735766,Sunny,Day,0.0,0.0,,17.075753000028726,manual
1768187735797,Sunny,Day,0.0,0.0,,22.39017899995588,manual
1768187735831,Sunny,Day,0.0,0.0,,25.252351999995426,manual
1768187735860,Sunny,Day,0.0,0.0,,19.122139999979026,manual
1768187735892,Sunny,Day,0.0006076388888888889,1.215277777777778,,23.294461000034516,manual
1768187735925,Sunny,Day,0.0,0.0,,25.476193000031344,manual
1768187749838,Sunny,Day,0.0,0.0,,437.72325899999487,manual
1768187750174,Sunny,Day,0.0,0.0,,3.0075990000000274,manual
1768187750187,Sunny,Day,0.0,0.0,,3.8370560000089426,manual
1768187750216,Sunny,Day,0.0,0.0,,17.783378999979504,manual
1768187750249,Sunny,Day,0.0,0.0,,28.08371199995463,manual
1768187750279,Sunny,Day,0.0,0.0,,24.858272000017223,manual
1768187750308,Sunny,Day,0.0,0.0,,24.489921999986564,manual
1768187750341,Sunny,Day,0.0,0.0,,26.47991999998567,manual
1768187750370,Sunny,Day,0.0,0.0,,24.98481800000718,manual
1768187750402,Sunny,Day,0.0,0.0,,26.592459000028157,manual
1768187750433,Sunny,Day,0.0,0.0,,26.62496900001088,manual
1768187750465,Sunny,Day,0.0,0.0,,26.889718000006724,manual
1768187750496,Sunny,Day,0.0,0.0,,26.774273999990328,manual
1768187750527,Sunny,Day,0.0,0.0,,26.86814300000151,manual
1768187750559,Sunny,Day,0.0,0.0,,27.207257000043228,manual
1768187750590,Sunny,Day,0.0,0.0,,26.145709999980227,manual
1768187750623,Sunny,Day,0.0,0.0,,28.876644000035867,manual
1768187750653,Sunny,Day,0.0,0.0,,24.29269400005296,manual
1768187750684,Sunny,Day,0.0,0.0,,27.092386999981954,manual
1768187750716,Sunny,Day,0.0,0.0,,26.916029000005892,manual
1768187750748,Sunny,Day,0.0,0.0,,28.430986999978813,manual
1768187750780,Sunny,Day,0.0,0.0,,25.46176399999922,manual
1768187750810,Sunny,Day,0.0,0.0,,25.10057599999982,manual
1768187750841,Sunny,Day,0.0,0.0,,27.138313000023118,manual
1768187750872,Sunny,Day,0.0,0.0,,26.23508099998162,manual
1768187750904,Sunny,Day,0.0,0.0,,26.9460419999632,manual
1768187750935,Sunny,Day,0.0,0.0,,27.05271500002482,manual
1768187750967,Sunny,Day,0.0,0.0,,26.849379999987377,manual
1768187750998,Sunny,Day,0.0,0.0,,26.90707400000747,manual
1768187751030,Sunny,Day,0.0,0.0,,28.162840000049982,manual
1768187751061,Sunny,Day,0.0,0.0,,25.025411999990865,manual
1768187751092,Sunny,Day,0.0,0.0,,27.017955000019356,manual
1768187751123,Sunny,Day,0.0,0.0,,22.601798999971834,manual
1768187751155,Sunny,Day,0.0,0.0,,26.971566000042912,manual
1768187751187,Sunny,Day,0.0,0.0,,27.22812399997565,manual
1768187751218,Sunny,Day,0.0,0.0,,26.628651000009995,manual
1768187751251,Sunny,Day,0.0,0.0,,28.608094000048823,manual
1768187751281,Sunny,Day,0.0,0.0,,26.17134399997667,manual
1768187751312,Sunny,Day,0.0,0.0,,26.331661999961398,manual
1768187751343,Sunny,Day,0.0,0.0,,26.474199000006138,manual
1768187751374,Sunny,Day,0.0,0.0,,26.718635000008817,manual
1768187751406,Sunny,Day,0.0,0.0,,26.753589000009015,manual
1768187751438,Sunny,Day,0.0,0.0,,27.570853999975498,manual
1768187751469,Sunny,Day,0.0,0.0,,25.869600000021364,manual
1768187751500,Sunny,Day,0.0,0.0,,26.89577400002463,manual
1768187751531,Sunny,Day,0.0,0.0,,26.949972000011257,manual
1768187751563,Sunny,Day,0.0,0.0,,26.986851000003753,manual
1768187751594,Sunny,Day,0.0,0.0,,26.790209000012055,manual
1768187751626,Sunny,Day,0.0,0.0,,26.98540800003002,manual
1768187751658,Sunny,Day,0.0,0.0,,28.35101900001291,manual
1768187751691,Sunny,Day,0.0,0.0,,27.494431999969038,manual
1768187751722,Sunny,Day,0.0,0.0,,25.798210999994353,manual
1768187751751,Sunny,Day,0.0,0.0,,22.396163999985674,manual
1768187751782,Sunny,Day,0.0,0.0,,27.023654999993596,manual
1768187751814,Sunny,Day,0.0,0.0,,26.679313999977694,manual
1768187751847,Sunny,Day,0.0,0.0,,28.84879399999818,manual
1768187751877,Sunny,Day,0.0,0.0,,24.9146840000094,manual
1768187751908,Sunny,Day,0.0,0.0,,27.113695000025473,manual
1768187751939,Sunny,Day,0.0,0.0,,26.66488200003414,manual
1768187751974,Sunny,Day,0.0,0.0,,29.456002000017634,manual
1768187752003,Sunny,Day,0.0005208333333333333,1.0416666666666667,,24.028548000046612,manual
1768187752034,Sunny,Day,0.0,0.0,,25.974944000040523,manual
1768187752066,Sunny,Day,0.0,0.0,,27.66335900003014,manual
1768187752098,Sunny,Day,0.0,0.0,,25.412834999997358,manual
1768187752128,Sunny,Day,0.0005208333333333333,1.0416666666666667,,25.418663999971614,manual
1768187752159,Sunny,Day,0.0,0.0,,26.58098000000564,manual
1768187752192,Sunny,Day,0.0,0.0,,28.081410000027063,manual
1768187752223,Sunny,Day,0.0,0.0,,26.437701000020297,manual
1768187752255,Sunny,Day,0.0,0.0,,26.745447999985572,manual
1768187752286,Sunny,Day,0.0,0.0,,26.990983000018787,manual
1768187752316,Sunny,Day,0.0,0.0,,24.836497000023883,manual
1768187752347,Sunny,Day,0.0,0.0,,26.484295000045677,manual
1768187752380,Sunny,Day,0.0,0.0,,28.09256899996626,manual
1768187752411,Sunny,Day,0.0,0.0,,26.6974300000129,manual
1768187752441,Sunny,Day,0.0,0.0,,26.06147000000192,manual
1768187752473,Sunny,Day,0.0,0.0,,26.28650200000493,manual
1768187752505,Sunny,Day,0.0,0.0,,27.993367000021863,manual
1768187752535,Sunny,Day,0.0,0.0,,25.56586699995478,manual
1768187752567,Sunny,Day,0.0,0.0,,26.899293999974816,manual
1768187752600,Sunny,Day,0.0,0.0,,28.456771999969988,manual
1768187752630,Sunny,Day,0.0,0.0,,25.066174000016872,manual
1768187752662,Sunny,Day,0.0,0.0,,27.889242000014747,manual
1768187752692,Sunny,Day,0.0,0.0,,25.688087999981235,manual
1768187752724,Sunny,Day,0.0,0.0,,26.86772499998824,manual
1768187752755,Sunny,Day,0.0,0.0,,26.873849999958566,manual
1768187752787,Sunny,Day,0.0,0.0,,27.327208000031078,manual
1768187752818,Sunny,Day,0.0,0.0,,26.34806599996864,manual
1768187752849,Sunny,Day,0.0,0.0,,26.721929000018463,manual
1768187752882,Sunny,Day,0.0,0.0,,28.899637999984407,manual
1768187752914,Sunny,Day,0.0,0.0,,26.47626399999581,manual
1768187752944,Sunny,Day,0.0,0.0,,24.886811000044418,manual
1768187752975,Sunny,Day,0.0,0.0,,26.8315669999879,manual
1768187753006,Sunny,Day,0.0,0.0,,26.90037200000006,manual
1768187753037,Sunny,Day,0.0,0.0,,26.822815999992144,manual
1768187753071,Sunny,Day,0.00078125,1.5625,,28.794005000008838,manual
1768187753100,Sunny,Day,0.000390625,0.78125,,25.11652300000833,manual
1768187753131,Sunny,Day,0.0,0.0,,26.881290999995144,manual
1768187753163,Sunny,Day,0.0,0.0,,26.91186099997367,manual
1768187753194,Sunny,Day,0.0006510416666666666,1.3020833333333333,,26.88125399998853,manual
1768187753226,Sunny,Day,0.0,0.0,,27.001646000030632,manual
1768187753257,Sunny,Day,0.0,0.0,,26.761249999992742,manual
1768187753296,Sunny,Day,0.0,0.0,,34.042953999971814,manual
1768187753327,Sunny,Day,0.0,0.0,,25.503347999972448,manual
1768187753353,Sunny,Day,0.0,0.0,,21.128067000006467,manual
1768187753385,Sunny,Day,0.0,0.0,,26.789673999985553,manual
1768187753418,Sunny,Day,0.0,0.0,,27.463008999973226,manual
1768187753448,Sunny,Day,0.0,0.0,,24.6604910000201,manual
1768187753479,Sunny,Day,0.000390625,0.78125,,25.684454000042933,manual
1768187753514,Sunny,Day,0.000390625,0.78125,,28.974130999984027,manual
1768187753542,Sunny,Day,0.0,0.0,,23.361191999981656,manual
1768187753574,Sunny,Day,0.0,0.0,,25.392855000006875,manual
1768187753605,Sunny,Day,0.0,0.0,,25.644871999986663,manual
1768187753636,Sunny,Day,0.0,0.0,,26.032177999979922,manual
1768187753668,Sunny,Day,0.0,0.0,,25.953662999995686,manual
1768187753699,Sunny,Day,0.0,0.0,,26.26082500000848,manual
1768187753731,Sunny,Day,0.0,0.0,,25.821871000005103,manual
1768187753762,Sunny,Day,0.000390625,0.78125,,25.855938999995942,manual
1768187753793,Sunny,Day,0.0,0.0,,25.739673000032326,manual
1768187753825,Sunny,Day,0.0,0.0,,26.071445000013682,manual
1768187753856,Sunny,Day,0.0006510416666666666,1.3020833333333333,,25.343631999987792,manual
1768187753887,Sunny,Day,0.000390625,0.78125,,24.849331000041275,manual
1768187753922,Sunny,Day,0.000390625,0.78125,,29.257180999991306,manual
1768187753950,Sunny,Day,0.0,0.0,,22.90615900000148,manual
1768187753980,Sunny,Day,0.0,0.0,,24.096278000001803,manual
1768187754013,Sunny,Day,0.0009114583333333333,1.8229166666666667,,27.84351399998286,manual
1768187754044,Sunny,Day,0.000390625,0.78125,,26.01641399996879,manual
1768187754079,Sunny,Day,0.0,0.0,,29.021607000004224,manual
1768187754107,Sunny,Day,0.0,0.0,,22.58548800000426,manual
1768187754138,Sunny,Day,0.0010850694444444445,2.170138888888889,,25.91739100000723,manual
1768187754170,Sunny,Day,0.0023003472222222223,4.600694444444445,,26.008640999975796,manual
1768187754200,Sunny,Day,0.0011284722222222221,2.256944444444444,,24.609886000007464,manual
1768187754232,Sunny,Day,0.0,0.0,,26.3205839999614,manual
1768187754263,Sunny,Day,0.0019097222222222222,3.819444444444444,,25.978182000017114,manual
1768187754295,Sunny,Day,0.004079861111111111,8.159722222222223,,26.82196500001055,manual
1768187754327,Sunny,Day,0.0,0.0,,25.97507199999427,manual
1768187754358,Sunny,Day,0.0025173611111111113,5.034722222222222,,25.86056200004805,manual
1768187754389,Sunny,Day,0.0020833333333333333,4.166666666666667,,25.671068999997715,manual
1768187754421,Sunny,Day,0.002777777777777778,5.555555555555555,,25.924572000008084,manual
1768187754454,Sunny,Day,0.00078125,1.5625,,28.147736000050827,manual
1768187754484,Sunny,Day,0.0,0.0,,23.77211699996451,manual
1768187754515,Sunny,Day,0.00078125,1.5625,,24.802729000043655,manual
1768187754546,Sunny,Day,0.0019097222222222222,3.819444444444444,,26.10738499998888,manual
1768187754579,Sunny,Day,0.0015625,3.125,,27.042139999991832,manual
1768187754608,Sunny,Day,0.000390625,0.78125,,24.617585000044073,manual
1768187754640,Sunny,Day,0.00078125,1.5625,,26.091266999969775,manual
1768187754671,Sunny,Day,0.000390625,0.78125,,25.31763700000056,manual
1768187754704,Sunny,Day,0.0005208333333333333,1.0416666666666667,,27.624536000018907,manual
1768187754734,Sunny,Day,0.0,0.0,,24.787868999965212,manual
1768187754765,Sunny,Day,0.0,0.0,,26.151464999998097,manual
1768187754800,Sunny,Day,0.0008680555555555555,1.736111111111111,,29.184028000031503,manual
1768187754829,Sunny,Day,0.002734375,5.46875,,21.786450000035984,manual
1768187754861,Sunny,Day,0.0,0.0,,23.27086700000791,manual
1768187754896,Sunny,Day,0.0,0.0,,29.214710000019295,manual
1768187754922,Sunny,Day,0.0016493055555555556,3.298611111111111,,20.873606000009204,manual
1768187754954,Sunny,Day,0.003298611111111111,6.597222222222222,,26.511354999968262,manual
1768187754985,Sunny,Day,0.004079861111111111,8.159722222222223,,26.096004000009998,manual
1768187755016,Sunny,Day,0.000390625,0.78125,,25.515106000000287,manual
1768187755048,Sunny,Day,0.0,0.0,,26.465657000017018,manual
1768187755079,Sunny,Day,0.00078125,1.5625,,25.17807199996014,manual
1768187755110,Sunny,Day,0.0033854166666666668,6.770833333333334,,26.219107000031272,manual
1768187755141,Sunny,Day,0.0005208333333333333,1.0416666666666667,,25.703022000016063,manual
1768187755174,Sunny,Day,0.0006510416666666666,1.3020833333333333,,27.70584899997175,manual
1768187755206,Sunny,Day,0.002734375,5.46875,,24.071435999985624,manual
1768187755238,Sunny,Day,0.0038194444444444443,7.638888888888888,,26.7604890000257,manual
1768187755271,Sunny,Day,0.0017795138888888889,3.5590277777777777,,25.058230000013282,manual
1768187755301,Sunny,Day,0.0006510416666666666,1.3020833333333333,,24.67138900004784,manual
1768187755330,Sunny,Day,0.0022569444444444442,4.513888888888888,,23.39984899998626,manual
1768187755362,Sunny,Day,0.004166666666666667,8.333333333333334,,26.42096599998922,manual
1768187755394,Sunny,Day,0.0016059027777777777,3.2118055555555554,,25.706205000005866,manual
1768187755425,Sunny,Day,0.0,0.0,,25.994503999982044,manual
1768187755457,Sunny,Day,0.0,0.0,,26.29623799998626,manual
1768187755488,Sunny,Day,0.0010850694444444445,2.170138888888889,,24.748464000026615,manual
1768187755520,Sunny,Day,0.0026475694444444446,5.295138888888889,,27.269523000029494,manual
1768187755552,Sunny,Day,0.0,0.0,,25.737239000022782,manual
1768187755581,Sunny,Day,0.0009548611111111111,1.909722222222222,,23.322217999975692,manual
1768187755612,Sunny,Day,0.0024305555555555556,4.861111111111112,,25.839390000044204,manual
1768187755643,Sunny,Day,0.0016927083333333334,3.385416666666667,,26.509701000009045,manual
1768187755676,Sunny,Day,0.001345486111111111,2.6909722222222223,,27.18719200004216,manual
1768187755707,Sunny,Day,0.0,0.0,,27.4582249999753,manual
1768187755738,Sunny,Day,0.00078125,1.5625,,26.194734999990033,manual
1768187755770,Sunny,Day,0.005815972222222222,11.631944444444445,,25.1184659999808,manual
1768187755801,Sunny,Day,0.0018663194444444445,3.7326388888888893,,25.378248000038184,manual
1768187755834,Sunny,Day,0.0015625,3.125,,27.331536000019696,manual
1768187755864,Sunny,Day,0.007421875,14.84375,,25.54974000003085,manual
1768187755896,Sunny,Day,0.020008680555555554,40.01736111111111,1.0,26.12537599998177,manual
1768187755928,Sunny,Day,0.01484375,29.6875,-7.0,25.453843999969195,manual
1768187755959,Sunny,Day,0.01675347222222222,33.50694444444444,-5.0,24.534539999990557,manual
1768187755987,Sunny,Day,0.011848958333333333,23.697916666666664,-11.0,21.907073000022592,manual
1768187756019,Sunny,Day,0.015928819444444443,31.857638888888886,-10.0,26.97001100000307,manual
1768187756050,Sunny,Day,0.012977430555555556,25.954861111111114,-10.0,25.94640900002787,manual
1768187756083,Sunny,Day,0.009244791666666667,18.489583333333332,-11.0,27.992396000001918,manual
1768187756114,Sunny,Day,0.006814236111111111,13.628472222222223,-16.0,26.266673999998602,manual
1768187756144,Sunny,Day,0.016059027777777776,32.11805555555555,-19.0,24.65526299999965,manual
1768187756176,Sunny,Day,0.02638888888888889,52.77777777777778,-23.0,26.99842100003025,manual
1768187756207,Sunny,Day,0.010894097222222222,21.788194444444443,-25.0,27.02405100001215,manual
1768187756239,Sunny,Day,0.004036458333333334,8.072916666666668,,26.456157000041003,manual
1768187756271,Sunny,Day,0.007465277777777778,14.930555555555557,-42.0,27.700927000012143,manual
1768187756302,Sunny,Day,0.006553819444444445,13.10763888888889,-43.0,18.882644999962395,manual
1768187756332,Sunny,Day,0.0019965277777777776,3.9930555555555554,,25.671540000018922,manual
1768187756366,Sunny,Day,0.0,0.0,,29.09624400001576,manual
1768187756395,Sunny,Day,0.0006510416666666666,1.3020833333333333,,24.723902000005182,manual
1768187756426,Sunny,Day,0.002387152777777778,4.774305555555556,,26.553831999990507,manual
1768187756458,Sunny,Day,0.004427083333333333,8.854166666666666,,27.01039400000127,manual
1768187756489,Sunny,Day,0.00078125,1.5625,,26.19233500001883,manual
1768187756521,Sunny,Day,0.0,0.0,,26.22425800001338,manual
1768187756552,Sunny,Day,0.0,0.0,,26.571208999996543,manual
1768187756583,Sunny,Day,0.0,0.0,,26.37180599998601,manual
1768187756615,Sunny,Day,0.0006510416666666666,1.3020833333333333,,26.680173000045215,manual
1768187756646,Sunny,Day,0.0,0.0,,27.13512399998308,manual
1768187756677,Sunny,Day,0.0,0.0,,26.861752999991495,manual
1768187756709,Sunny,Day,0.0010850694444444445,2.170138888888889,,26.38923999995768,manual
1768187756740,Sunny,Day,0.0,0.0,,26.282016000038766,manual
1768187756772,Sunny,Day,0.0010416666666666667,2.0833333333333335,,27.09122800001751,manual
1768187756803,Sunny,Day,0.003515625,7.03125,,26.573799999994208,manual
1768187756834,Sunny,Day,0.010850694444444444,21.70138888888889,,27.036950000024262,manual
1768187756867,Sunny,Day,0.00837673611111111,16.75347222222222,39.0,28.775349000000006,manual
1768187756897,Sunny,Day,0.014019097222222223,28.038194444444446,33.0,22.205067000015788,manual
1768187756930,Sunny,Day,0.010416666666666666,20.833333333333332,31.0,28.694107999967855,manual
1768187756960,Sunny,Day,0.02013888888888889,40.27777777777778,29.0,22.37752499996759,manual
1768187756991,Sunny,Day,0.018836805555555555,37.67361111111111,26.0,26.372731999970256,manual
1768187757023,Sunny,Day,0.015842013888888888,31.684027777777775,23.0,27.157383000030677,manual
1768187757055,Sunny,Day,0.015017361111111112,30.03472222222222,24.0,26.681096000004345,manual
1768187757086,Sunny,Day,0.021006944444444446,42.01388888888889,19.0,26.60233300002801,manual
1768187757117,Sunny,Day,0.01870659722222222,37.41319444444444,16.0,21.56635799997275,manual
1768187757149,Sunny,Day,0.01840277777777778,36.80555555555556,18.0,27.725949000000583,manual
1768187757180,Sunny,Day,0.019140625,38.28125,11.0,25.352615999963746,manual
1768187757211,Sunny,Day,0.020095486111111113,40.19097222222223,13.0,27.334372000041185,manual
1768187757244,Sunny,Day,0.02013888888888889,40.27777777777778,6.0,27.637728999991396,manual
1768187757274,Sunny,Day,0.021050347222222224,42.10069444444445,6.0,20.09918999999627,manual
1768187757307,Sunny,Day,0.016840277777777777,33.68055555555556,7.0,28.913911000017833,manual
1768187757337,Sunny,Day,0.01697048611111111,33.94097222222222,4.0,24.868821999973534,manual
1768187757368,Sunny,Day,0.019618055555555555,39.23611111111111,0.0,26.471474999993916,manual
1768187757399,Sunny,Day,0.019097222222222224,38.19444444444445,-2.0,26.79056199997376,manual
1768187757431,Sunny,Day,0.020572916666666666,41.145833333333336,0.0,26.642862000016976,manual
1768187757462,Sunny,Day,0.01657986111111111,33.15972222222222,0.0,25.697038999965116,manual
1768187757494,Sunny,Day,0.012152777777777778,24.305555555555557,5.0,27.688418000025194,manual
1768187757527,Sunny,Day,0.011979166666666667,23.958333333333336,4.0,24.061444999972537,manual
1768187757556,Sunny,Day,0.016362847222222223,32.72569444444444,-1.0,23.983754000028057,manual
1768187757590,Sunny,Day,0.013888888888888888,27.777777777777775,-5.0,28.841347000025053,manual
1768187757621,Sunny,Day,0.009765625,19.53125,-4.0,25.504072000046563,manual
1768187757652,Sunny,Day,0.0069010416666666664,13.802083333333332,,26.164288000018132,manual
1768187757682,Sunny,Day,0.013020833333333334,26.041666666666668,-11.0,24.50417200003585,manual
1768187757714,Sunny,Day,0.007378472222222222,14.756944444444445,-6.0,26.785916999983783,manual
1768187757745,Sunny,Day,0.00703125,14.0625,-12.0,25.54387999998653,manual
1768187757776,Sunny,Day,0.0035590277777777777,7.118055555555555,,26.6862789999891,manual
1768187757807,Sunny,Day,0.005295138888888889,10.590277777777779,,27.1176620000233,manual
1768187757838,Sunny,Day,0.006944444444444444,13.888888888888888,-15.0,26.475435999998354,manual
1768187757870,Sunny,Day,0.0036458333333333334,7.291666666666667,,26.333344000022407,manual
1768187757902,Sunny,Day,0.0036458333333333334,7.291666666666667,,27.308259999983875,manual
1768187757934,Sunny,Day,0.004644097222222222,9.288194444444445,,27.038714000013897,manual
1768187757964,Sunny,Day,0.0016493055555555556,3.298611111111111,,24.91027599995732,manual
1768187757995,Sunny,Day,0.0049479166666666664,9.895833333333332,,26.596891999986383,manual
1768187758027,Sunny,Day,0.001345486111111111,2.6909722222222223,,27.01968499997065,manual
1768187758058,Sunny,Day,0.003472222222222222,6.944444444444444,,26.31925399998636,manual
1768187758089,Sunny,Day,0.0020399305555555557,4.079861111111112,,26.905361999979505,manual
1768187758121,Sunny,Day,0.0009982638888888888,1.9965277777777777,,26.649007000003166,manual
1768187758152,Sunny,Day,0.0009114583333333333,1.8229166666666667,,26.80022499998813,manual
1768187758183,Sunny,Day,0.0016927083333333334,3.385416666666667,,25.876812999968024,manual
1768187758215,Sunny,Day,0.0015625,3.125,,27.472482000007403,manual
1768187758246,Sunny,Day,0.002560763888888889,5.121527777777778,,26.357155000027888,manual
1768187758278,Sunny,Day,0.0009548611111111111,1.909722222222222,,26.628907999963758,manual
1768187758310,Sunny,Day,0.003732638888888889,7.465277777777779,,27.40330400001767,manual
1768187758341,Sunny,Day,0.0035590277777777777,7.118055555555555,,25.581944999998996,manual
1768187758372,Sunny,Day,0.007769097222222222,15.538194444444445,,26.371220999976686,manual
1768187758403,Sunny,Day,0.004079861111111111,8.159722222222223,,26.87619599998925,manual
1768187758434,Sunny,Day,0.008984375,17.96875,,26.19605499995714,manual
1768187758466,Sunny,Day,0.007118055555555555,14.23611111111111,,27.206929999977092,manual
1768187758497,Sunny,Day,0.0066840277777777775,13.368055555555555,,26.768967000009525,manual
1768187758530,Sunny,Day,0.008897569444444444,17.79513888888889,12.0,27.829662999977245,manual
1768187758561,Sunny,Day,0.006163194444444444,12.32638888888889,,25.921672999970724,manual
1768187758592,Sunny,Day,0.005859375,11.71875,,25.440053000011176,manual
1768187758624,Sunny,Day,0.006944444444444444,13.888888888888888,21.0,27.8836100000035,manual
1768187758655,Sunny,Day,0.0010416666666666667,2.0833333333333335,,25.739438000016435,manual
1768187758686,Sunny,Day,0.0010416666666666667,2.0833333333333335,,26.199682000026314,manual
1768187758717,Sunny,Day,0.0006510416666666666,1.3020833333333333,,26.87256800004434,manual
1768187758749,Sunny,Day,0.0008680555555555555,1.736111111111111,,27.01397799995675,manual
1768187758780,Sunny,Day,0.0,0.0,,28.295791999994435,manual
1768187758811,Sunny,Day,0.0,0.0,,25.980764999985695,manual
1768187758843,Sunny,Day,0.0,0.0,,27.27340600000616,manual
1768187758874,Sunny,Day,0.0,0.0,,26.755643000001328,manual
1768187758905,Sunny,Day,0.000390625,0.78125,,26.620376999971995,manual
1768187758936,Sunny,Day,0.0,0.0,,26.6254659999845,manual
1768187758968,Sunny,Day,0.0,0.0,,26.871253999956934,manual
1768187758999,Sunny,Day,0.0,0.0,,26.862353000012718,manual
1768187759032,Sunny,Day,0.001345486111111111,2.6909722222222223,,28.206603000000996,manual
1768187759062,Sunny,Day,0.0014322916666666666,2.864583333333333,,25.77486300003784,manual
1768187759095,Sunny,Day,0.0005208333333333333,1.0416666666666667,,27.30168099998309,manual
1768187759125,Sunny,Day,0.0,0.0,,25.4197309999995,manual
1768187759156,Sunny,Day,0.0,0.0,,25.983809000024394,manual
1768187759188,Sunny,Day,0.0014322916666666666,2.864583333333333,,26.702421000038612,manual
1768187759219,Sunny,Day,0.0,0.0,,26.49808300003542,manual
1768187759250,Sunny,Day,0.0,0.0,,26.484424999978273,manual
1768187759282,Sunny,Day,0.0,0.0,,26.56528300002492,manual
1768187759313,Sunny,Day,0.0005208333333333333,1.0416666666666667,,26.63936700002978,manual
1768187759345,Sunny,Day,0.000390625,0.78125,,26.38735599998654,manual
1768187759376,Sunny,Day,0.0,0.0,,26.347362000024077,manual
1768187759407,Sunny,Day,0.0,0.0,,26.64047700000083,manual
1768187759439,Sunny,Day,0.0032118055555555554,6.423611111111111,,27.02002099999845,manual
1768187759470,Sunny,Day,0.005381944444444444,10.76388888888889,,26.668571000016073,manual
1768187759502,Sunny,Day,0.0010850694444444445,2.170138888888889,,27.440797999986444,manual
1768187759535,Sunny,Day,0.005078125,10.15625,,26.93501699997114,manual
1768187759565,Sunny,Day,0.005772569444444445,11.54513888888889,-6.0,25.117583999985982,manual
1768187759600,Sunny,Day,0.008289930555555556,16.57986111111111,-6.0,29.35180299999729,manual
1768187759627,Sunny,Day,0.008680555555555556,17.36111111111111,-8.0,21.68170499999178,manual
1768187759659,Sunny,Day,0.007465277777777778,14.930555555555557,-9.0,28.097929000011845,auto
1768187759692,Sunny,Day,0.009461805555555555,18.92361111111111,-13.0,25.229996000007304,auto
1768187759722,Sunny,Day,0.008810763888888889,17.62152777777778,-11.0,24.00482699999884,auto
1768187759754,Sunny,Day,0.007725694444444445,15.45138888888889,-10.0,27.875917999949706,auto
1768187759785,Sunny,Day,0.005078125,10.15625,,25.561033000030875,auto
1768187759816,Sunny,Day,0.006944444444444444,13.888888888888888,-7.0,25.81537600002548,auto
1768187759850,Sunny,Day,0.009331597222222222,18.663194444444443,-9.0,29.73725000003924,auto
1768187759880,Sunny,Day,0.0033854166666666668,6.770833333333334,,23.5722979999764,auto
1768187759910,Sunny,Day,0.0048177083333333336,9.635416666666668,,25.284591999991335,auto
1768187759941,Sunny,Day,0.00837673611111111,16.75347222222222,-1.0,26.47624500002621,auto
1768187759972,Sunny,Day,0.011197916666666667,22.395833333333332,-5.0,26.055209999981344,auto
1768187760006,Sunny,Day,0.006293402777777778,12.586805555555555,,28.309527999965667,auto
1768187760035,Sunny,Day,0.007378472222222222,14.756944444444445,,23.776551000025847,auto
1768187760066,Sunny,Day,0.006032986111111111,12.065972222222223,,26.48518600000216,auto
1768187760098,Sunny,Day,0.011979166666666667,23.958333333333336,-5.0,26.440917000002173,auto
1768187760130,Sunny,Day,0.0022135416666666666,4.427083333333333,,27.115086999970117,auto
1768187760162,Sunny,Day,0.002907986111111111,5.815972222222222,,27.59065399999372,auto
1768187760192,Sunny,Day,0.005078125,10.15625,,22.874220000005607,auto
1768187760223,Sunny,Day,0.00798611111111111,15.972222222222221,,26.65488100001312,auto
1768187760256,Sunny,Day,0.005425347222222222,10.850694444444445,,28.02456000000575,auto
1768187760286,Sunny,Day,0.003515625,7.03125,,25.198623999983738,auto
1768187760321,Sunny,Day,0.005815972222222222,11.631944444444445,4.0,30.14819599997054,auto
1768187760349,Sunny,Day,0.0028211805555555555,5.642361111111111,,21.44514999997682,auto
1768187760380,Sunny,Day,0.002994791666666667,5.989583333333334,,26.764092999997047,auto
1768187760412,Sunny,Day,0.003993055555555555,7.986111111111111,,26.640000999975655,auto
1768187760443,Sunny,Day,0.002994791666666667,5.989583333333334,,26.60942699998259,auto
1768187760475,Sunny,Day,0.0018663194444444445,3.7326388888888893,,25.785216999963723,auto
1768187760506,Sunny,Day,0.0016493055555555556,3.298611111111111,,26.450651000004655,auto
1768187760537,Sunny,Day,0.0010416666666666667,2.0833333333333335,,26.63563300001215,auto
1768187760568,Sunny,Day,0.0006510416666666666,1.3020833333333333,,26.845970000010766,auto
1768187760600,Sunny,Day,0.0,0.0,,26.458128999991004,auto
1768187760631,Sunny,Day,0.0016927083333333334,3.385416666666667,,26.821558999984063,auto
1768187760662,Sunny,Day,0.00078125,1.5625,,26.62550999997393,auto
1768187760694,Sunny,Day,0.0,0.0,,27.10971999999856,auto
1768187760726,Sunny,Day,0.0015625,3.125,,27.472742999975708,auto
1768187760757,Sunny,Day,0.000390625,0.78125,,25.764452000032634,auto
1768187760788,Sunny,Day,0.0,0.0,,26.51705599998877,auto
1768187760819,Sunny,Day,0.0005208333333333333,1.0416666666666667,,26.70362999998588,auto
1768187760851,Sunny,Day,0.0012586805555555556,2.517361111111111,,26.741347999973186,auto
1768187760882,Sunny,Day,0.0005208333333333333,1.0416666666666667,,26.94907500000454,auto
1768187760914,Sunny,Day,0.000390625,0.78125,,26.52110899998661,auto
1768187760945,Sunny,Day,0.00078125,1.5625,,26.805271999990055,auto
1768187760982,Sunny,Day,0.0,0.0,,32.36795800000891,auto
1768187761012,Sunny,Day,0.0,0.0,,23.50435800002515,auto
1768187761042,Sunny,Day,0.0022135416666666666,4.427083333333333,,23.283165000009376,auto
1768187761076,Sunny,Day,0.000390625,0.78125,,27.927835000014056,auto
1768187761106,Sunny,Day,0.0,0.0,,23.400616000003538,auto
1768187761137,Sunny,Day,0.0,0.0,,25.949392000029547,auto
1768187761167,Sunny,Day,0.0,0.0,,24.113311999997222,auto
1768187761198,Sunny,Day,0.0005208333333333333,1.0416666666666667,,23.299081999994087,auto
1768187761231,Sunny,Day,0.0,0.0,,23.653080000030968,auto
1768187761261,Sunny,Day,0.0,0.0,,23.969765999993342,auto
1768187761293,Sunny,Day,0.0,0.0,,26.54684100002669,auto
1768187761324,Sunny,Day,0.0,0.0,,24.333258000012847,auto
1768187761357,Sunny,Day,0.0,0.0,,26.284605000000738,auto
1768187761387,Sunny,Day,0.0,0.0,,23.914945999990778,auto
1768187761421,Sunny,Day,0.0,0.0,,27.45011299998623,auto
1768187761450,Sunny,Day,0.0,0.0,,23.02346400000488,auto
1768187761483,Sunny,Day,0.0,0.0,,27.729578999981186,auto
1768187761514,Sunny,Day,0.0,0.0,,25.034497999968153,auto
1768187761547,Sunny,Day,0.0,0.0,,29.26011599998901,manual
1768187761575,Sunny,Day,0.0,0.0,,23.14744700004212,manual
1768187761606,Sunny,Day,0.0,0.0,,24.877923000019564,manual
1768187761637,Sunny,Day,0.0,0.0,,26.657147999969766,manual
1768187761669,Sunny,Day,0.0,0.0,,25.891056000034496,manual
1768187761702,Sunny,Day,0.0,0.0,,27.828929000008884,manual
1768187761732,Sunny,Day,0.0,0.0,,25.165162999996937,manual
1768187761764,Sunny,Day,0.0,0.0,,25.807807999967736,manual
1768187761795,Sunny,Day,0.0,0.0,,25.495859999978165,manual
1768187761826,Sunny,Day,0.0,0.0,,25.383870000041497,manual
1768187761857,Sunny,Day,0.0,0.0,,25.950539999996636,manual
1768187761890,Sunny,Day,0.0,0.0,,27.442376000010427,manual
1768187761921,Sunny,Day,0.0,0.0,,27.44753999996874,manual
1768187761953,Sunny,Day,0.0,0.0,,25.826889000029496,manual
1768187761983,Sunny,Day,0.0,0.0,,23.66879300001301,manual
1768187762014,Sunny,Day,0.0,0.0,,26.515335999988565,manual
1768187762046,Sunny,Day,0.0,0.0,,25.53351599999587,manual
1768187762077,Sunny,Day,0.0,0.0,,25.916707000021688,manual
1768187762109,Sunny,Day,0.0,0.0,,26.259291999963352,manual
1768187762140,Sunny,Day,0.0,0.0,,25.536718000012115,manual
1768187762171,Sunny,Day,0.0,0.0,,25.637199000016153,manual
1768187762203,Sunny,Day,0.0,0.0,,25.142348000031234,manual
1768187762234,Sunny,Day,0.0,0.0,,25.871992000020327,manual
1768187762265,Sunny,Day,0.0,0.0,,25.908027000014044,manual
1768187762298,Sunny,Day,0.0,0.0,,26.962043000025915,manual
1768187762332,Sunny,Day,0.0,0.0,,28.082984999969085,manual
1768187762362,Sunny,Day,0.0,0.0,,21.86305100002528,manual
1768187762391,Sunny,Day,0.0,0.0,,24.04156199997942,manual
1768187762423,Sunny,Day,0.0,0.0,,25.55929800001877,manual
1768187762454,Sunny,Day,0.0,0.0,,25.86543999996138,manual
1768187762486,Sunny,Day,0.0,0.0,,25.837770999999066,manual
1768187762517,Sunny,Day,0.0,0.0,,24.888196000006246,manual
1768187762549,Sunny,Day,0.0,0.0,,26.081244000010884,manual
1768187762580,Sunny,Day,0.0,0.0,,25.793757999963418,manual
1768187762613,Sunny,Day,0.0,0.0,,27.521191000005274,manual
1768187762644,Sunny,Day,0.0,0.0,,25.157338999974854,manual
1768187762674,Sunny,Day,0.0011284722222222221,2.256944444444444,,24.34039400003485,manual
1768187762705,Sunny,Day,0.0,0.0,,25.850282000021707,manual
1768187762736,Sunny,Day,0.001171875,2.34375,,26.01755799997818,manual
1768187762769,Sunny,Day,0.0009114583333333333,1.8229166666666667,,27.001484000038545,manual
1768187762799,Sunny,Day,0.0008246527777777778,1.6493055555555556,,24.46928299997353,manual
1768187762830,Sunny,Day,0.003125,6.25,,25.749080000025515,manual
1768187762862,Sunny,Day,0.0010416666666666667,2.0833333333333335,,26.271322000013697,manual
1768187762894,Sunny,Day,0.00920138888888889,18.40277777777778,,26.62077299999055,manual
1768187762925,Sunny,Day,0.011024305555555556,22.048611111111114,,25.60862199999292,manual
1768187762957,Sunny,Day,0.012065972222222223,24.131944444444446,,25.923241000043618,manual
1768187762988,Sunny,Day,0.011111111111111112,22.22222222222222,,25.464128999999502,manual
1768187763020,Sunny,Day,0.019618055555555555,39.23611111111111,,26.381882999999107,manual
1768187763052,Sunny,Day,0.022048611111111113,44.09722222222223,,24.790050999968116,manual
1768187763083,Sunny,Day,0.020789930555555555,41.57986111111111,,25.324313999988135,manual
1768187763113,Sunny,Day,0.026909722222222224,53.81944444444445,,25.056960000028994,manual
1768187763145,Sunny,Day,0.03546006944444444,70.92013888888889,,26.770892000001822,manual
1768187763179,Sunny,Day,0.03250868055555556,65.01736111111111,,28.03223800003707,manual
1768187763207,Sunny,Day,0.031119791666666667,62.239583333333336,,23.287264000032337,manual
1768187763239,Sunny,Day,0.03728298611111111,74.56597222222221,,26.347883000028105,manual
1768187763270,Sunny,Day,0.03697916666666667,73.95833333333333,,23.37912000001552,manual
1768187763301,Sunny,Day,0.043359375,86.71875,,23.526928000023872,manual
1768187763333,Sunny,Day,0.04453125,89.0625,,26.24453200002108,manual
1768187763364,Sunny,Day,0.04652777777777778,93.05555555555556,,25.45635299998139,manual
1768187763396,Sunny,Day,0.04422743055555556,88.45486111111111,,26.237018000017542,manual
1768187763427,Sunny,Day,0.04969618055555555,99.3923611111111,,25.252223999984835,manual
1768187763458,Sunny,Day,0.04479166666666667,89.58333333333333,,25.3641630000061,manual
1768187763491,Sunny,Day,0.04943576388888889,98.87152777777777,,26.32861500001127,manual
1768187763523,Sunny,Day,0.03832465277777778,76.64930555555556,,25.90155299998287,manual
1768187763554,Sunny,Day,0.04505208333333333,90.10416666666667,,25.244875999987926,manual
1768187763586,Sunny,Day,0.046484375,92.96875,,26.838151999982074,manual
1768187763616,Sunny,Day,0.04275173611111111,85.50347222222223,,24.348514999985582,manual
1768187763649,Sunny,Day,0.04565972222222222,91.31944444444444,,27.362716999959957,manual
1768187763680,Sunny,Day,0.044140625,88.28125,,21.924619999992956,manual
1768187763710,Sunny,Day,0.04001736111111111,80.03472222222221,,24.061580000022786,manual
1768187763741,Sunny,Day,0.0453125,90.625,,25.346339000009266,manual
1768187763773,Sunny,Day,0.041840277777777775,83.68055555555554,,26.353084000049876,manual
1768187763803,Sunny,Day,0.046440972222222224,92.88194444444444,,26.620438000009017,auto
1768187763835,Sunny,Day,0.054427083333333334,100.0,13.0,26.000666000015826,auto
1768187763867,Sunny,Day,0.05199652777777778,100.0,16.0,25.33958399999392,auto
1768187763900,Sunny,Day,0.055815972222222225,100.0,8.0,25.26962199999616,auto
1768187763929,Sunny,Day,0.05373263888888889,100.0,14.0,22.013813000000937,auto
1768187763961,Sunny,Day,0.054296875,100.0,11.0,25.792872000010902,auto
1768187763994,Sunny,Day,0.05607638888888889,100.0,9.0,26.326672000038798,auto
1768187764023,Sunny,Day,0.047265625,94.53125,,23.915314000021226,auto
1768187764055,Sunny,Day,0.04934895833333333,98.69791666666666,7.0,27.111640999976316,auto
1768187764086,Sunny,Day,0.06176215277777778,100.0,3.0,24.680379000017183,auto
1768187764118,Sunny,Day,0.06701388888888889,100.0,-1.0,25.759990000040034,auto
1768187764150,Sunny,Day,0.05802951388888889,100.0,-1.0,26.768749999973807,auto
1768187764180,Sunny,Day,0.05681423611111111,100.0,-1.0,25.19136600000138,auto
1768187764217,Sunny,Day,0.065625,100.0,0.0,30.672545000015816,auto
1768187764245,Sunny,Day,0.0700954861111111,100.0,0.0,20.339463999960117,auto
1768187764277,Sunny,Day,0.065234375,100.0,0.0,23.077268000008644,auto
1768187764308,Sunny,Day,0.06232638888888889,100.0,0.0,25.356370999986666,auto
1768187764336,Sunny,Day,0.060980902777777776,100.0,3.0,18.857196999988446,auto
1768187764367,Sunny,Day,0.06636284722222222,100.0,4.0,25.807076000035067,auto
1768187764400,Sunny,Day,0.066796875,100.0,2.0,27.66434800003026,auto
1768187764431,Sunny,Day,0.060286458333333334,100.0,0.0,24.792726000043785,auto
1768187764462,Sunny,Day,0.06072048611111111,100.0,1.0,25.765931000023556,auto
1768187764494,Sunny,Day,0.06345486111111111,100.0,3.0,26.471667000009802,auto
1768187764526,Sunny,Day,0.0681423611111111,100.0,2.0,25.457872000004045,auto
1768187764561,Sunny,Day,0.06414930555555555,100.0,0.0,29.098492000002807,auto
1768187764589,Sunny,Day,0.06484375,100.0,3.0,18.314744999997856,auto
1768187764620,Sunny,Day,0.06280381944444445,100.0,3.0,23.223857000004955,auto
1768187764651,Sunny,Day,0.06002604166666667,100.0,3.0,25.228179999999156,auto
1768187764684,Sunny,Day,0.06644965277777778,100.0,0.0,28.430145000015727,auto
1768187764714,Sunny,Day,0.06358506944444445,100.0,0.0,23.65131400000564,auto
1768187764745,Sunny,Day,0.062413194444444445,100.0,2.0,25.299993000032828,auto
1768187764776,Sunny,Day,0.06553819444444445,100.0,3.0,26.04528200004097,auto
1768187764811,Sunny,Day,0.06766493055555556,100.0,4.0,29.14069300004485,auto
1768187764840,Sunny,Day,0.06163194444444445,100.0,0.0,22.334459000035167,auto
1768187764873,Sunny,Day,0.06024305555555556,100.0,7.0,26.603115000000344,auto
1768187764902,Sunny,Day,0.06480034722222222,100.0,9.0,21.9423159999792,auto
1768187764933,Sunny,Day,0.06354166666666666,100.0,4.0,25.91081700001041,auto
1768187764964,Sunny,Day,0.06219618055555556,100.0,3.0,25.843482000027507,auto
1768187764997,Sunny,Day,0.05290798611111111,100.0,8.0,27.529196999978467,auto
1768187765030,Sunny,Day,0.05295138888888889,100.0,5.0,27.45335399998794,auto
1768187765060,Sunny,Day,0.06388888888888888,100.0,4.0,23.817226999995,auto
1768187765091,Sunny,Day,0.0578125,100.0,1.0,24.65050099999644,auto
1768187765123,Sunny,Day,0.06072048611111111,100.0,-2.0,26.68587599998773,auto
1768187765153,Sunny,Day,0.06189236111111111,100.0,4.0,24.232659999995576,auto
1768187765184,Sunny,Day,0.06614583333333333,100.0,2.0,24.453583000024537,auto
1768187765218,Sunny,Day,0.07152777777777777,100.0,-1.0,27.648935000001984,auto
1768187765247,Sunny,Day,0.07044270833333334,100.0,-1.0,22.902772999998433,auto
1768187765281,Sunny,Day,0.07165798611111111,100.0,0.0,28.764340999998694,auto
1768187765313,Sunny,Day,0.07356770833333333,100.0,4.0,23.103059000050052,auto
1768187765342,Sunny,Day,0.07243923611111111,100.0,1.0,23.37121600004366,auto
1768187765374,Sunny,Day,0.06961805555555556,100.0,0.0,26.58279899998206,auto
1768187765406,Sunny,Day,0.07139756944444445,100.0,2.0,25.11222599997609,auto
1768187765438,Sunny,Day,0.07065972222222222,100.0,3.0,20.28297700002213,auto
1768187765467,Sunny,Day,0.07209201388888889,100.0,3.0,23.616978999996263,auto
1768187765497,Sunny,Day,0.07369791666666667,100.0,2.0,24.431316999994124,auto
1768187765527,Sunny,Day,0.07282986111111112,100.0,1.0,24.199160000023312,auto
1768187765559,Sunny,Day,0.07413194444444444,100.0,3.0,26.140101999999388,auto
1768187765591,Sunny,Day,0.07521701388888889,100.0,4.0,27.26054300001124,auto
1768187765625,Sunny,Day,0.0759548611111111,100.0,4.0,26.86528399999588,auto
1768187765653,Sunny,Day,0.07022569444444444,100.0,-16.0,20.780071999979555,auto
1768187765684,Sunny,Day,0.07261284722222222,100.0,4.0,26.856825000038498,auto
1768187765717,Sunny,Day,0.06675347222222222,100.0,9.0,28.080323000040153,auto
1768187765747,Sunny,Day,0.07560763888888888,100.0,5.0,24.96543099999826,auto
1768187765778,Sunny,Day,0.070703125,100.0,3.0,25.81569500000569,auto
1768187765810,Sunny,Day,0.0671875,100.0,11.0,26.728632000015295,auto
1768187765841,Sunny,Day,0.07282986111111112,100.0,12.0,26.76718600002914,auto
1768187765872,Sunny,Day,0.07408854166666666,100.0,4.0,26.467582000009315,auto
1768187765904,Sunny,Day,0.07200520833333333,100.0,3.0,26.283268999975462,auto
1768187765936,Sunny,Day,0.06892361111111112,100.0,0.0,26.946019999968485,auto
1768187765967,Sunny,Day,0.07469618055555556,100.0,0.0,25.783712000020387,auto
1768187765998,Sunny,Day,0.08064236111111112,100.0,-1.0,26.668273999973735,auto
1768187766030,Sunny,Day,0.07868923611111112,100.0,-1.0,27.085689999978513,auto
1768187766061,Sunny,Day,0.0798611111111111,100.0,-1.0,24.81977000002189,auto
1768187766092,Sunny,Day,0.08268229166666667,100.0,0.0,26.139664000027096,auto
1768187766124,Sunny,Day,0.08580729166666666,100.0,0.0,26.973691000023337,auto
1768187766155,Sunny,Day,0.08459201388888889,100.0,1.0,25.156879000007848,auto
1768187766187,Sunny,Day,0.08537326388888888,100.0,1.0,27.04996699998219,auto
1768187766218,Sunny,Day,0.08637152777777778,100.0,2.0,26.905501999976877,auto
1768187766249,Sunny,Day,0.08758680555555555,100.0,2.0,26.180327999952624,auto
1768187766280,Sunny,Day,0.08576388888888889,100.0,2.0,26.261713999986114,auto
1768187766312,Sunny,Day,0.08602430555555556,100.0,2.0,26.214718999995057,auto
1768187766343,Sunny,Day,0.08823784722222222,100.0,3.0,25.932877999991888,auto
1768187766375,Sunny,Day,0.08940972222222222,100.0,2.0,26.751042999990204,auto
1768187766406,Sunny,Day,0.08693576388888889,100.0,3.0,26.681243999973958,auto
1768187766439,Sunny,Day,0.08693576388888889,100.0,2.0,28.07547100002239,auto
1768187766469,Sunny,Day,0.09027777777777778,100.0,2.0,23.50255900000775,auto
1768187766500,Sunny,Day,0.09110243055555556,100.0,2.0,27.021981000018513,auto
1768187766532,Sunny,Day,0.08932291666666667,100.0,1.0,26.75424500000645,auto
1768187766563,Sunny,Day,0.09279513888888889,100.0,1.0,21.096874999955162,auto
1768187766594,Sunny,Day,0.09422743055555556,100.0,1.0,26.55112399997961,auto
1768187766626,Sunny,Day,0.09205729166666667,100.0,1.0,26.16620599997077,auto
1768187766657,Sunny,Day,0.093359375,100.0,1.0,25.853399999959947,auto
1768187766688,Sunny,Day,0.092578125,100.0,1.0,26.341822000006232,auto
1768187766722,Sunny,Day,0.09136284722222222,100.0,1.0,29.24766199998885,auto
1768187766752,Sunny,Day,0.09236111111111112,100.0,2.0,25.58577500002457,auto
1768187766784,Sunny,Day,0.09175347222222222,100.0,2.0,26.31400300003861,auto
1768187766815,Sunny,Day,0.09197048611111111,100.0,2.0,24.83711200000016,auto
1768187766847,Sunny,Day,0.09131944444444444,100.0,2.0,27.011430000015935,auto
1768187766877,Sunny,Day,0.09236111111111112,100.0,2.0,24.506056999996417,auto
1768187766909,Sunny,Day,0.09249131944444444,100.0,2.0,27.301765999993677,auto
1768187766940,Sunny,Day,0.09249131944444444,100.0,2.0,25.206150000030902,auto
1768187766971,Sunny,Day,0.09144965277777778,100.0,2.0,26.231729000016912,auto
1768187767002,Sunny,Day,0.08758680555555555,100.0,2.0,26.43184700002621,auto
1768187767035,Sunny,Day,0.091015625,100.0,2.0,27.48517000003403,auto
1768187767067,Sunny,Day,0.09197048611111111,100.0,2.0,21.703166999998302,auto
1768187767096,Sunny,Day,0.08919270833333333,100.0,2.0,22.965775000045596,auto
1768187767128,Sunny,Day,0.09127604166666667,100.0,2.0,26.767721999988225,auto
1768187767159,Sunny,Day,0.09136284722222222,100.0,2.0,26.261375999979464,auto
1768187767191,Sunny,Day,0.09240451388888889,100.0,2.0,26.928716999975677,auto
1768187767222,Sunny,Day,0.09188368055555556,100.0,2.0,27.031778000036866,auto
1768187767253,Sunny,Day,0.09019097222222222,100.0,2.0,26.186837000011565,auto
1768187767285,Sunny,Day,0.09097222222222222,100.0,2.0,26.0692829999698,auto
1768187767316,Sunny,Day,0.09171006944444444,100.0,2.0,26.181469999983165,auto
1768187767347,Sunny,Day,0.09262152777777778,100.0,2.0,25.95659799999339,auto
1768187767379,Sunny,Day,0.08971354166666666,100.0,-16.0,26.42903399998886,auto
1768187767410,Sunny,Day,0.08923611111111111,100.0,3.0,26.34640799999488,auto
1768187767441,Sunny,Day,0.09053819444444444,100.0,3.0,26.4106550000065,auto
1768187767473,Sunny,Day,0.09019097222222222,100.0,5.0,26.632583999969484,auto
1768187767504,Sunny,Day,0.09388020833333334,100.0,6.0,26.868764999960604,auto
1768187767539,Sunny,Day,0.08975694444444444,100.0,-12.0,29.996595999989495,auto
1768187767567,Sunny,Day,0.08836805555555556,100.0,6.0,23.185834999992494,auto
1768187767599,Sunny,Day,0.09066840277777778,100.0,5.0,26.584737000007408,auto
1768187767631,Sunny,Day,0.09036458333333333,100.0,7.0,27.428955999994287,auto
1768187767665,Sunny,Day,0.08706597222222222,100.0,7.0,29.319407000002684,auto
1768187767694,Sunny,Day,0.08953993055555555,100.0,6.0,22.367621999990206,auto
1768187767724,Sunny,Day,0.08849826388888889,100.0,6.0,24.99845200003392,auto
1768187767756,Sunny,Day,0.087109375,100.0,5.0,27.079941000010876,auto
1768187767789,Sunny,Day,0.08663194444444444,100.0,4.0,28.35087799996927,auto
1768187767818,Sunny,Day,0.08645833333333333,100.0,4.0,23.48291200001995,auto
1768187767850,Sunny,Day,0.08793402777777778,100.0,2.0,26.83637299998054,auto
1768187767881,Sunny,Day,0.08493923611111111,100.0,-17.0,25.94501100003299,auto
1768187767912,Sunny,Day,0.08524305555555556,100.0,-17.0,26.368156999978964,auto
1768187767944,Sunny,Day,0.08585069444444444,100.0,2.0,26.4071940000008,auto
1768187767976,Sunny,Day,0.087109375,100.0,4.0,25.778091999995922,auto
1768187768007,Sunny,Day,0.08372395833333333,100.0,6.0,18.270026000038797,auto
1768187768040,Sunny,Day,0.09079861111111111,100.0,9.0,28.30881799997087,auto
1768187768073,Sunny,Day,0.08854166666666667,100.0,9.0,28.21545500000866,auto
1768187768101,Sunny,Day,0.08858506944444444,100.0,9.0,23.288465999996788,auto
1768187768133,Sunny,Day,0.08893229166666666,100.0,9.0,27.629064999985076,auto
1768187768167,Sunny,Day,0.08980034722222222,100.0,8.0,28.28088699999398,auto
1768187768195,Sunny,Day,0.08606770833333334,100.0,6.0,23.1063119999817,auto
1768187768226,Sunny,Day,0.0861545138888889,100.0,-18.0,26.157296000008046,auto
1768187768258,Sunny,Day,0.08441840277777778,100.0,-19.0,27.10086899998032,auto
1768187768290,Sunny,Day,0.08467881944444444,100.0,-21.0,27.659808999999314,auto
1768187768320,Sunny,Day,0.08680555555555555,100.0,-20.0,25.824935000002824,auto
1768187768352,Sunny,Day,0.08337673611111111,100.0,-17.0,26.890116999993552,auto
1768187768383,Sunny,Day,0.0857204861111111,100.0,11.0,25.68633300001011,auto
1768187768415,Sunny,Day,0.08854166666666667,100.0,17.0,26.21985999996923,auto
1768187768447,Sunny,Day,0.09283854166666666,100.0,21.0,27.196140000000923,auto
1768187768478,Sunny,Day,0.092578125,100.0,21.0,25.91805800000202,auto
1768187768509,Sunny,Day,0.09279513888888889,100.0,21.0,26.138915999979417,auto
1768187768540,Sunny,Day,0.08216145833333334,100.0,18.0,26.431166999998368,auto
1768187768572,Sunny,Day,0.08038194444444445,100.0,13.0,27.092113999970024,auto
1768187768603,Sunny,Day,0.07730034722222222,100.0,-17.0,26.501004000010653,auto
1768187768634,Sunny,Day,0.07643229166666667,100.0,-21.0,25.998722999986512,auto
1768187768666,Sunny,Day,0.07421875,100.0,-24.0,26.97107900002038,auto
1768187768697,Sunny,Day,0.08784722222222222,100.0,-24.0,26.287864999972044,auto
1768187768728,Sunny,Day,0.08077256944444444,100.0,-23.0,26.62679700000581,auto
1768187768760,Sunny,Day,0.07738715277777777,100.0,-18.0,26.502818999972533,auto
1768187768791,Sunny,Day,0.08333333333333333,100.0,15.0,27.092669000012393,auto
1768187768822,Sunny,Day,0.08624131944444445,100.0,,25.684187000024394,auto
1768187768857,Sunny,Day,0.08927951388888888,100.0,27.0,30.518218999986857,auto
1768187768885,Sunny,Day,0.08255208333333333,100.0,28.0,22.642418999964775,auto
1768187768917,Sunny,Day,0.08671875,100.0,28.0,27.00269299998581,auto
1768187768948,Sunny,Day,0.07534722222222222,100.0,24.0,25.67813399997476,auto
1768187768980,Sunny,Day,0.0740017361111111,100.0,20.0,27.219738999974652,auto
1768187769011,Sunny,Day,0.07864583333333333,100.0,,26.111470999978792,auto
1768187769042,Sunny,Day,0.06462673611111111,100.0,-25.0,26.41035499999589,auto
1768187769074,Sunny,Day,0.071875,100.0,-63.0,27.253746000042156,auto
1768187769105,Sunny,Day,0.07126736111111111,100.0,-67.0,26.122725999982777,auto
1768187769136,Sunny,Day,0.06840277777777778,100.0,-68.0,26.683210999976836,auto
1768187769168,Sunny,Day,0.07191840277777778,100.0,-29.0,26.797990999966714,auto
1768187769200,Sunny,Day,0.07951388888888888,100.0,-59.0,27.42581400002564,auto
1768187769230,Sunny,Day,0.08302951388888889,100.0,,22.285152999984348,auto
1768187769264,Sunny,Day,0.08064236111111112,100.0,34.0,28.24097799998526,auto
1768187769294,Sunny,Day,0.08042534722222222,100.0,,24.935789999972258,auto
1768187769325,Sunny,Day,0.07413194444444444,100.0,47.0,23.2258139999999,auto
1768187769356,Sunny,Day,0.072265625,100.0,48.0,26.36731900003042,auto
1768187769388,Sunny,Day,0.05950520833333333,100.0,43.0,26.780572999996366,auto
1768187769419,Sunny,Day,0.04904513888888889,98.09027777777777,41.0,26.45605599997225,auto
1768187769450,Sunny,Day,0.04079861111111111,81.59722222222223,39.0,26.573982999991586,auto
1768187769482,Sunny,Day,0.03546006944444444,70.92013888888889,-15.0,27.520530000003873,auto
1768187769513,Sunny,Day,0.036328125,72.65625,-65.0,25.64640899998949,auto
1768187769544,Sunny,Day,0.033854166666666664,67.70833333333333,-31.0,26.323708000006718,auto
1768187769576,Sunny,Day,0.052647569444444445,100.0,-70.0,27.43097900003022,auto
1768187769608,Sunny,Day,0.05685763888888889,100.0,-69.0,26.028806999988774,auto
1768187769638,Sunny,Day,0.06284722222222222,100.0,-65.0,25.774146000003384,auto
1768187769672,Sunny,Day,0.069140625,100.0,-59.0,28.70302499997024,auto
1768187769706,Sunny,Day,0.06458333333333334,100.0,,29.324241000040274,auto
1768187769733,Sunny,Day,0.06180555555555556,100.0,48.0,21.86242099998026,auto
1768187769764,Sunny,Day,0.05646701388888889,100.0,52.0,24.084771999980603,auto
1768187769795,Sunny,Day,0.044444444444444446,88.88888888888889,,26.262477999978273,auto
1768187769827,Sunny,Day,0.03845486111111111,76.90972222222223,,26.127649999978075,auto
1768187769858,Sunny,Day,0.029513888888888888,59.02777777777778,,26.66723700002649,auto
1768187769889,Sunny,Day,0.029340277777777778,58.68055555555556,,26.06227299997954,auto
1768187769921,Sunny,Day,0.023003472222222224,46.00694444444445,,26.743572000043514,auto
1768187769952,Sunny,Day,0.015842013888888888,31.684027777777775,-51.0,26.79134600003863,auto
1768187769984,Sunny,Day,0.009461805555555555,18.92361111111111,-59.0,26.670363999983238,auto
1768187770019,Sunny,Day,0.014192708333333333,28.385416666666668,-63.0,30.137750999983837,auto
1768187770046,Sunny,Day,0.020269097222222223,40.53819444444444,-63.0,22.786762999999155,auto
1768187770078,Sunny,Day,0.02183159722222222,43.66319444444444,-60.0,26.66142700002183,auto
1768187770109,Sunny,Day,0.029296875,58.59375,,26.95864600002551,auto
1768187770141,Sunny,Day,0.03263888888888889,65.27777777777779,,27.15541099996699,auto
1768187770173,Sunny,Day,0.03315972222222222,66.31944444444444,,26.20170499994856,auto
1768187770203,Sunny,Day,0.036848958333333334,73.69791666666667,,24.272027999984402,auto
1768187770236,Sunny,Day,0.03927951388888889,78.55902777777777,,28.166829999975107,auto
1768187770266,Sunny,Day,0.036284722222222225,72.56944444444446,,23.53128300001117,auto
1768187770299,Sunny,Day,0.037586805555555554,75.17361111111111,,28.41099999994867,auto
1768187770329,Sunny,Day,0.03884548611111111,77.69097222222223,,24.26754800001163,auto
1768187770360,Sunny,Day,0.037760416666666664,75.52083333333333,,26.49063199999091,auto
1768187770392,Sunny,Day,0.03693576388888889,73.87152777777779,,26.224065999997492,auto
1768187770423,Sunny,Day,0.03828125,76.5625,,26.146710999967127,auto
1768187770455,Sunny,Day,0.04587673611111111,91.75347222222221,,26.843123999981344,auto
1768187770489,Sunny,Day,0.03919270833333333,78.38541666666667,,30.04382900002156,auto
1768187770523,Sunny,Day,0.033463541666666666,66.92708333333333,,27.882421000015256,auto
1768187770552,Sunny,Day,0.03602430555555555,72.0486111111111,,21.78219199998921,auto
1768187770582,Sunny,Day,0.03355034722222222,67.10069444444444,,23.57476399998859,auto
1768187770615,Sunny,Day,0.03372395833333333,67.44791666666666,,27.461014999971667,auto
1768187770645,Sunny,Day,0.016362847222222223,32.72569444444444,,24.080057999981364,auto
1768187770680,Sunny,Day,0.015494791666666667,30.989583333333336,,28.770301999998082,auto
1768187770710,Sunny,Day,0.015234375,30.46875,,23.94260000005488,auto
1768187770740,Sunny,Day,0.0171875,34.375,,23.310234000007313,auto
1768187770772,Sunny,Day,0.004557291666666667,9.114583333333334,,24.814583000022594,auto
1768187770803,Sunny,Day,0.006857638888888889,13.715277777777777,,25.1233710000065,auto
1768187770835,Sunny,Day,0.008159722222222223,16.319444444444446,,23.70570499999758,auto
1768187770866,Sunny,Day,0.010286458333333333,20.572916666666668,,25.145971999961603,auto
1768187770897,Sunny,Day,0.008029513888888888,16.059027777777775,,25.212182999950983,auto
1768187770930,Sunny,Day,0.0022569444444444442,4.513888888888888,,27.494574000002103,auto
1768187770959,Sunny,Day,0.004253472222222222,8.506944444444443,,23.27524899999389,auto
1768187770991,Sunny,Day,0.004861111111111111,9.722222222222223,,26.273285000002033,auto
1768187771023,Sunny,Day,0.0010416666666666667,2.0833333333333335,,25.43247800002746,auto
1768187771055,Sunny,Day,0.00078125,1.5625,,26.224125999988246,auto
1768187771085,Sunny,Day,0.0015625,3.125,,24.189967999973305,auto
1768187771117,Sunny,Day,0.0,0.0,,25.29993299998523,auto
1768187771149,Sunny,Day,0.0,0.0,,26.265829999999823,auto
1768187771180,Sunny,Day,0.0,0.0,,25.16336200000069,auto
1768187771212,Sunny,Day,0.0,0.0,,25.30256099998951,auto
1768187771242,Sunny,Day,0.0,0.0,,24.611934000006386,auto
1768187771274,Sunny,Day,0.0,0.0,,25.877756999989288,auto
1768187771305,Sunny,Day,0.0,0.0,,25.073678000012478,auto
1768187771338,Sunny,Day,0.0,0.0,,26.724206000039885,auto
1768187771368,Sunny,Day,0.0,0.0,,22.938675999967018,auto
1768187771399,Sunny,Day,0.0,0.0,,24.462034999999105,auto
1768187771430,Sunny,Day,0.000390625,0.78125,,25.88184800004001,auto
1768187771462,Sunny,Day,0.0,0.0,,25.75549499999852,auto
1768187771493,Sunny,Day,0.0,0.0,,25.377158000026157,auto
1768187771524,Sunny,Day,0.0,0.0,,25.546641000005366,auto
1768187771555,Sunny,Day,0.0,0.0,,25.26481799998237,auto
1768187771588,Sunny,Day,0.000390625,0.78125,,26.35923399998319,auto
1768187771619,Sunny,Day,0.0,0.0,,25.21321100005025,auto
1768187771650,Sunny,Day,0.0,0.0,,25.035065999986728,auto
1768187771681,Sunny,Day,0.0,0.0,,24.66613300003928,auto
1768187771713,Sunny,Day,0.0,0.0,,25.94293300001027,auto
1768187771744,Sunny,Day,0.000390625,0.78125,,25.792127000045184,auto
1768187771775,Sunny,Day,0.0,0.0,,21.08288499999844,auto
1768187771806,Sunny,Day,0.000390625,0.78125,,25.223761999995986,auto
1768187771838,Sunny,Day,0.00078125,1.5625,,26.30136999999877,auto
1768187771870,Sunny,Day,0.0013020833333333333,2.6041666666666665,,25.691986000026645,auto
1768187771902,Sunny,Day,0.000390625,0.78125,,25.61731400004419,auto
1768187771934,Sunny,Day,0.00078125,1.5625,,26.76977800001623,auto
1768187771964,Sunny,Day,0.0009114583333333333,1.8229166666666667,,24.203407000015886,auto
1768187771995,Sunny,Day,0.0,0.0,,24.45113300001367,auto
1768187772027,Sunny,Day,0.0,0.0,,26.058873000010863,auto
1768187772058,Sunny,Day,0.0,0.0,,25.80857200001674,auto
1768187772089,Sunny,Day,0.000390625,0.78125,,24.89764000000605,auto
1768187772123,Sunny,Day,0.0,0.0,,27.923239999950056,auto
1768187772154,Sunny,Day,0.0,0.0,,24.618441999962215,auto
1768187772183,Sunny,Day,0.0,0.0,,23.07518199995684,auto
1768187772215,Sunny,Day,0.0,0.0,,24.924795000003996,auto
1768187772248,Sunny,Day,0.0,0.0,,26.775220999979865,auto
1768187772278,Sunny,Day,0.0,0.0,,21.490051000000676,auto
1768187772309,Sunny,Day,0.0,0.0,,25.55471599998782,auto
1768187772341,Sunny,Day,0.0,0.0,,25.604713000006996,auto
1768187772372,Sunny,Day,0.0,0.0,,25.528114999985974,auto
1768187772403,Sunny,Day,0.0,0.0,,25.647897999988345,auto
1768187772434,Sunny,Day,0.0,0.0,,25.510789000009026,auto
1768187772466,Sunny,Day,0.0,0.0,,25.706763000016508,auto
1768187772497,Sunny,Day,0.0,0.0,,25.648750000016207,auto
1768187772529,Sunny,Day,0.0,0.0,,25.7644420000247,auto
1768187772563,Sunny,Day,0.0,0.0,,28.375050000022384,auto
1768187772592,Sunny,Day,0.0,0.0,,22.92606000003161,auto
1768187772624,Sunny,Day,0.0,0.0,,25.042560000031244,auto
1768187772656,Sunny,Day,0.0,0.0,,25.700134999965485,auto
1768187772686,Sunny,Day,0.0,0.0,,23.912960000018302,auto
1768187772717,Sunny,Day,0.0,0.0,,24.252595000007204,auto
1768187772748,Sunny,Day,0.0006510416666666666,1.3020833333333333,,25.865215000010267,auto
1768187772780,Sunny,Day,0.000390625,0.78125,,25.986423000006198,auto
1768187772812,Sunny,Day,0.0009114583333333333,1.8229166666666667,,25.570023999989644,auto
1768187772843,Sunny,Day,0.0,0.0,,25.383360999967408,auto
1768187772875,Sunny,Day,0.000390625,0.78125,,25.611136000009083,auto
1768187772905,Sunny,Day,0.0,0.0,,24.160338000001502,auto
1768187772937,Sunny,Day,0.0,0.0,,25.91030700000374,auto
1768187772968,Sunny,Day,0.0,0.0,,25.522487999978694,auto
1768187773000,Sunny,Day,0.0,0.0,,26.566346000038266,auto
1768187773031,Sunny,Day,0.0,0.0,,24.87411599997813,auto
1768187773064,Sunny,Day,0.0,0.0,,26.43864500004156,auto
1768187773093,Sunny,Day,0.0,0.0,,23.39449699996976,auto
1768187773125,Sunny,Day,0.0,0.0,,25.610186999983853,auto
1768187773157,Sunny,Day,0.0,0.0,,27.025406000007024,auto
1768187773188,Sunny,Day,0.0,0.0,,24.93707200000017,auto
1768187773219,Sunny,Day,0.0,0.0,,25.19535599998335,auto
1768187773251,Sunny,Day,0.0,0.0,,25.72630599996728,auto
1768187773282,Sunny,Day,0.0,0.0,,24.989087999983894,auto
1768187773317,Sunny,Day,0.0,0.0,,28.757182000049397,auto
1768187773345,Sunny,Day,0.0,0.0,,21.848369000053935,auto
1768187773378,Sunny,Day,0.0,0.0,,26.69659500003263,auto
1768187773407,Sunny,Day,0.0,0.0,,22.407788999998957,auto
1768187773439,Sunny,Day,0.0,0.0,,25.45843299998296,auto
1768187773471,Sunny,Day,0.0,0.0,,26.19193099997119,auto
1768187773502,Sunny,Day,0.0,0.0,,23.478296999996928,auto
1768187773533,Sunny,Day,0.0,0.0,,25.155908999977328,auto
1768187773566,Sunny,Day,0.0,0.0,,27.354105000028994,auto
1768187773597,Sunny,Day,0.0,0.0,,24.97455700000728,auto
1768187773627,Sunny,Day,0.0,0.0,,24.44554999999582,auto
1768187773659,Sunny,Day,0.0,0.0,,24.236266000002615,auto
1768187773691,Sunny,Day,0.0,0.0,,25.375467999992907,auto
1768187773721,Sunny,Day,0.0,0.0,,24.002915999972174,auto
1768187773752,Sunny,Day,0.0,0.0,,25.242041000012705,auto
1768187773788,Sunny,Day,0.0,0.0,,29.622364999966067,auto
1768187773815,Sunny,Day,0.0,0.0,,21.15483700004006,auto
1768187773848,Sunny,Day,0.0,0.0,,26.503174000026775,auto
1768187773880,Sunny,Day,0.0,0.0,,25.55263599998625,auto
1768187773911,Sunny,Day,0.0,0.0,,24.652631999970254,auto
1768187773941,Sunny,Day,0.0,0.0,,23.649505000037152,auto
1768187773972,Sunny,Day,0.0,0.0,,25.629881999975623,auto
1768187774005,Sunny,Day,0.0,0.0,,22.571561000006568,auto
1768187774035,Sunny,Day,0.0,0.0,,20.373875000018415,auto
1768187774068,Sunny,Day,0.0,0.0,,26.95060299998886,auto
1768187774097,Sunny,Day,0.0,0.0,,23.12454399998387,auto
1768187774128,Sunny,Day,0.0,0.0,,26.045813999985512,auto
1768187774160,Sunny,Day,0.0,0.0,,26.025043999993613,auto
1768187774193,Sunny,Day,0.0,0.0,,27.87964300000567,auto
1768187774224,Sunny,Day,0.0,0.0,,24.95215400000461,auto
1768187774257,Sunny,Day,0.0,0.0,,26.965985999993336,auto
1768187774287,Sunny,Day,0.0,0.0,,23.982278999994833,auto
1768187774317,Sunny,Day,0.0,0.0,,23.620163999964916,auto
1768187774349,Sunny,Day,0.0,0.0,,27.31553299997813,manual
1768187774382,Sunny,Day,0.0,0.0,,27.360792999957084,manual
1768187774412,Sunny,Day,0.0,0.0,,24.243212999977004,manual
1768187774443,Sunny,Day,0.0,0.0,,21.509202999993704,manual
1768187774474,Sunny,Day,0.0,0.0,,25.819143999967764,manual
1768187774505,Sunny,Day,0.0,0.0,,24.937714999964555,manual
1768187774537,Sunny,Day,0.0,0.0,,25.575092999986282,manual
1768187774569,Sunny,Day,0.0,0.0,,26.46309299996119,manual
1768187774601,Sunny,Day,0.0,0.0,,26.231907000010324,manual
1768187774632,Sunny,Day,0.0,0.0,,25.525964000053136,manual
1768187774663,Sunny,Day,0.0,0.0,,25.321100999974533,manual
1768187774695,Sunny,Day,0.0,0.0,,25.282672000003004,manual
1768187774725,Sunny,Day,0.0,0.0,,25.332412000011573,manual
1768187774757,Sunny,Day,0.0,0.0,,26.020619999997052,manual
1768187774790,Sunny,Day,0.0,0.0,,28.0299909999826,manual
1768187774820,Sunny,Day,0.0,0.0,,24.100917999987814,manual
1768187774852,Sunny,Day,0.0,0.0,,25.586699000029967,manual
1768187774883,Sunny,Day,0.0,0.0,,25.527944999964802,manual
1768187774914,Sunny,Day,0.0,0.0,,25.88526599998886,manual
1768187774945,Sunny,Day,0.0,0.0,,25.54464199999984,manual
1768187774976,Sunny,Day,0.0,0.0,,25.693509000006998,manual
1768187775008,Sunny,Day,0.0,0.0,,26.28779700000905,manual
1768187775041,Sunny,Day,0.0,0.0,,28.055576999975074,manual
1768187775070,Sunny,Day,0.0,0.0,,23.493277000000035,manual
1768187775102,Sunny,Day,0.0,0.0,,26.415615000018988,manual
1768187873436,Sunny,Day,0.0,0.0,,433.36871700000756,manual
1768187873742,Sunny,Day,0.0,0.0,,5.576631999986148,manual
1768187873777,Sunny,Day,0.0,0.0,,3.5909059999994497,manual
1768187873787,Sunny,Day,0.0,0.0,,2.6813880000418067,manual
1768187873813,Sunny,Day,0.0,0.0,,11.683179999977256,manual
1768187873845,Sunny,Day,0.0,0.0,,26.40698599998359,manual
1768187873876,Sunny,Day,0.0,0.0,,25.493092000033357,manual
1768187873907,Sunny,Day,0.0,0.0,,22.7724420000186,manual
1768187873938,Sunny,Day,0.0,0.0,,25.00293899998951,manual
1768187873970,Sunny,Day,0.0,0.0,,26.508507000016834,manual
1768187874002,Sunny,Day,0.0,0.0,,27.072774000032496,manual
1768187874032,Sunny,Day,0.0,0.0,,26.284959999998136,manual
1768187874064,Sunny,Day,0.0,0.0,,26.57050199997002,manual
1768187874096,Sunny,Day,0.0,0.0,,27.694791999977042,manual
1768187874129,Sunny,Day,0.0,0.0,,27.676303000021107,manual
1768187874160,Sunny,Day,0.0,0.0,,25.97844299998542,manual
1768187874190,Sunny,Day,0.0,0.0,,25.440072999970198,manual
1768187874221,Sunny,Day,0.0,0.0,,26.758866999955444,manual
1768187874254,Sunny,Day,0.0,0.0,,28.08661800003165,manual
1768187874285,Sunny,Day,0.0,0.0,,26.62643499996875,manual
1768187874315,Sunny,Day,0.0,0.0,,25.651822999975593,manual
1768187874347,Sunny,Day,0.0,0.0,,27.233163000005334,manual
1768187874378,Sunny,Day,0.0,0.0,,26.80165100002796,manual
1768187874410,Sunny,Day,0.0,0.0,,27.031297000007726,manual
1768187874441,Sunny,Day,0.0,0.0,,27.108964999968066,manual
1768187874472,Sunny,Day,0.0,0.0,,26.919190999990406,manual
1768187874504,Sunny,Day,0.0,0.0,,27.005908000035106,manual
1768187874536,Sunny,Day,0.0,0.0,,27.449531000002025,manual
1768187874568,Sunny,Day,0.0,0.0,,25.011158000040723,manual
1768187874598,Sunny,Day,0.0,0.0,,25.798962000010306,manual
1768187874631,Sunny,Day,0.0,0.0,,27.770124000028318,manual
1768187874661,Sunny,Day,0.0,0.0,,25.351074000013796,manual
1768187874693,Sunny,Day,0.0,0.0,,26.901850999990984,manual
1768187874724,Sunny,Day,0.0,0.0,,26.9267760000389,manual
1768187874755,Sunny,Day,0.0,0.0,,27.024120000021412,manual
1768187874787,Sunny,Day,0.0,0.0,,26.983542999971633,manual
1768187874818,Sunny,Day,0.0,0.0,,27.05397800002629,manual
1768187874850,Sunny,Day,0.0,0.0,,27.01616400003104,manual
1768187874884,Sunny,Day,0.0,0.0,,30.60824100003856,manual
1768187874913,Sunny,Day,0.0,0.0,,24.471675000029336,manual
1768187874944,Sunny,Day,0.0,0.0,,27.042110000024877,manual
1768187874977,Sunny,Day,0.0,0.0,,28.38651300004358,manual
1768187875007,Sunny,Day,0.0,0.0,,26.632332000019687,manual
1768187875039,Sunny,Day,0.0,0.0,,27.091892999976608,manual
1768187875070,Sunny,Day,0.0,0.0,,27.06785899999886,manual
1768187875102,Sunny,Day,0.0,0.0,,26.77707999998802,manual
1768187875133,Sunny,Day,0.0,0.0,,26.3160260000177,manual
1768187875164,Sunny,Day,0.0,0.0,,27.15232999997852,manual
1768187875196,Sunny,Day,0.0,0.0,,27.370728999983385,manual
1768187875229,Sunny,Day,0.0,0.0,,25.7416629999625,manual
1768187875259,Sunny,Day,0.0,0.0,,25.161959000001843,manual
1768187875290,Sunny,Day,0.0,0.0,,26.791507999973874,manual
1768187875322,Sunny,Day,0.0,0.0,,26.815355999985968,manual
1768187875353,Sunny,Day,0.0,0.0,,27.195259999984955,manual
1768187875384,Sunny,Day,0.0,0.0,,26.77057099998592,manual
1768187875416,Sunny,Day,0.0,0.0,,26.99492299996109,manual
1768187875448,Sunny,Day,0.0,0.0,,27.244755999959125,manual
1768187875479,Sunny,Day,0.0,0.0,,27.03633300001229,manual
1768187875510,Sunny,Day,0.0,0.0,,26.676328000007743,manual
1768187875542,Sunny,Day,0.0,0.0,,27.043659000014486,manual
1768187875573,Sunny,Day,0.0,0.0,,26.643819000014446,manual
1768187875605,Sunny,Day,0.0,0.0,,26.581471999975292,manual
1768187875636,Sunny,Day,0.0,0.0,,27.068045000021357,manual
1768187875668,Sunny,Day,0.0,0.0,,26.97682400003032,manual
1768187875699,Sunny,Day,0.0,0.0,,26.639146000036362,manual
1768187875730,Sunny,Day,0.0,0.0,,26.710151999964182,manual
1768187875762,Sunny,Day,0.0,0.0,,27.037129999996523,manual
1768187875795,Sunny,Day,0.0,0.0,,28.412730000013653,manual
1768187875825,Sunny,Day,0.0,0.0,,25.88024599998562,manual
1768187875856,Sunny,Day,0.0,0.0,,26.475118999996994,manual
1768187875888,Sunny,Day,0.0,0.0,,27.33714499998996,manual
1768187875919,Sunny,Day,0.0,0.0,,26.682075999985955,manual
1768187875950,Sunny,Day,0.0,0.0,,26.836107999997694,manual
1768187875982,Sunny,Day,0.0,0.0,,27.112756000008176,manual
1768187876013,Sunny,Day,0.0,0.0,,26.957131000017398,manual
1768187876045,Sunny,Day,0.0,0.0,,27.288685000030455,manual
1768187876076,Sunny,Day,0.0,0.0,,26.808677000019543,manual
1768187876108,Sunny,Day,0.0,0.0,,26.538270000003195,manual
1768187876139,Sunny,Day,0.0,0.0,,26.858467000010933,manual
1768187876171,Sunny,Day,0.0,0.0,,27.265598000042246,manual
1768187876202,Sunny,Day,0.0,0.0,,26.803373000007014,manual
1768187876234,Sunny,Day,0.0,0.0,,27.093417000003228,manual
1768187876265,Sunny,Day,0.0,0.0,,26.245424999956413,manual
1768187876296,Sunny,Day,0.0,0.0,,26.893755999992663,manual
1768187876328,Sunny,Day,0.0,0.0,,27.29250499999125,manual
1768187876359,Sunny,Day,0.0,0.0,,26.519559999997,manual
1768187876391,Sunny,Day,0.0,0.0,,26.78905699997358,manual
1768187876422,Sunny,Day,0.0,0.0,,27.10252299999638,manual
1768187876454,Sunny,Day,0.0,0.0,,26.563267000028645,manual
1768187876485,Sunny,Day,0.0,0.0,,26.9578990000241,manual
1768187876517,Sunny,Day,0.0,0.0,,26.16715099998146,manual
1768187876548,Sunny,Day,0.0,0.0,,26.900655000019924,manual
1768187876580,Sunny,Day,0.0,0.0,,27.857813999958125,manual
1768187876611,Sunny,Day,0.0,0.0,,26.28288400001111,manual
1768187876642,Sunny,Day,0.0,0.0,,26.475129000004927,manual
1768187876674,Sunny,Day,0.0,0.0,,27.68876900000805,manual
1768187876705,Sunny,Day,0.0,0.0,,26.41957100001946,manual
1768187876736,Sunny,Day,0.0,0.0,,26.877399999989393,manual
1768187876768,Sunny,Day,0.0,0.0,,26.939856000012696,manual
1768187876800,Sunny,Day,0.0,0.0,,27.40443499999401,manual
1768187876831,Sunny,Day,0.0,0.0,,26.752044000033948,manual
1768187876862,Sunny,Day,0.0,0.0,,26.813738999976522,manual
1768187876895,Sunny,Day,0.0,0.0,,28.69905599999356,manual
1768187876928,Sunny,Day,0.0,0.0,,27.760217999968972,manual
1768187876959,Sunny,Day,0.0,0.0,,25.847604000034607,manual
1768187876990,Sunny,Day,0.0,0.0,,25.682507999988502,manual
1768187877024,Sunny,Day,0.0,0.0,,23.138941000013347,manual
1768187877057,Sunny,Day,0.0,0.0,,27.15776200000164,manual
1768187877085,Sunny,Day,0.0,0.0,,22.8402429999619,manual
1768187877120,Sunny,Day,0.0,0.0,,29.26115100001425,manual
1768187877148,Sunny,Day,0.0,0.0,,22.43631600003937,manual
1768187877180,Sunny,Day,0.0,0.0,,25.572411999974065,manual
1768187877212,Sunny,Day,0.0,0.0,,26.035603000025276,manual
1768187877242,Sunny,Day,0.0,0.0,,24.959097999953883,manual
1768187877273,Sunny,Day,0.0,0.0,,21.717026999965583,manual
1768187877305,Sunny,Day,0.0,0.0,,26.77517799997986,manual
1768187877336,Sunny,Day,0.0,0.0,,25.91881800003648,manual
1768187877367,Sunny,Day,0.0,0.0,,25.77262300002303,manual
1768187877399,Sunny,Day,0.0,0.0,,26.35671499996306,manual
1768187877431,Sunny,Day,0.0,0.0,,26.75722899999755,manual
1768187877463,Sunny,Day,0.0,0.0,,25.133495999966726,manual
1768187877495,Sunny,Day,0.0,0.0,,26.920390999976007,manual
1768187877526,Sunny,Day,0.0,0.0,,22.73634599998786,manual
1768187877558,Sunny,Day,0.0,0.0,,26.153500999953394,manual
1768187877589,Sunny,Day,0.000390625,0.78125,,24.41798900002823,manual
1768187877620,Sunny,Day,0.0,0.0,,25.677404999953524,manual
1768187877651,Sunny,Day,0.0,0.0,,25.64576899999338,manual
1768187877683,Sunny,Day,0.0,0.0,,25.716807999970115,manual
1768187877715,Sunny,Day,0.0,0.0,,26.67039099998192,manual
1768187877746,Sunny,Day,0.0,0.0,,25.53267500002221,manual
1768187877777,Sunny,Day,0.0,0.0,,25.977747999945677,manual
1768187877812,Sunny,Day,0.0,0.0,,29.379474999984723,manual
1768187877842,Sunny,Day,0.0,0.0,,24.641045000009854,manual
1768187877872,Sunny,Day,0.0,0.0,,23.328966999997647,manual
1768187877903,Sunny,Day,0.0,0.0,,26.1933689999978,manual
1768187877935,Sunny,Day,0.0,0.0,,26.02315999996563,manual
1768187877966,Sunny,Day,0.0,0.0,,24.84980400004133,manual
1768187877997,Sunny,Day,0.0,0.0,,25.89704899997969,manual
1768187878030,Sunny,Day,0.0,0.0,,27.424317999987124,manual
1768187878060,Sunny,Day,0.0,0.0,,24.494250999964606,manual
1768187878092,Sunny,Day,0.0,0.0,,27.11145200004239,manual
1768187878124,Sunny,Day,0.0,0.0,,26.363668999977108,manual
1768187878156,Sunny,Day,0.0,0.0,,25.80172099999345,manual
1768187878186,Sunny,Day,0.0,0.0,,24.627312000006896,manual
1768187878218,Sunny,Day,0.0,0.0,,26.73398299998553,manual
1768187878250,Sunny,Day,0.0,0.0,,25.1675850000197,manual
1768187878281,Sunny,Day,0.0,0.0,,25.849448999963442,manual
1768187878311,Sunny,Day,0.0,0.0,,25.596622000023217,manual
1768187878343,Sunny,Day,0.0,0.0,,26.25942400004533,manual
1768187878374,Sunny,Day,0.0,0.0,,25.456458999997267,manual
1768187878406,Sunny,Day,0.0,0.0,,26.433260000032988,auto
1768187878438,Sunny,Day,0.0,0.0,,26.846554000030665,auto
1768187878468,Sunny,Day,0.0,0.0,,21.533438000005845,auto
1768187878501,Sunny,Day,0.0,0.0,,26.93537200002538,auto
1768187878529,Sunny,Day,0.0,0.0,,21.992032000014206,auto
1768187878561,Sunny,Day,0.0,0.0,,27.58241399999406,auto
1768187878595,Sunny,Day,0.0,0.0,,28.870579999988877,auto
1768187878626,Sunny,Day,0.0,0.0,,24.476561000028596,auto
1768187878655,Sunny,Day,0.0,0.0,,24.178360000007615,auto
1768187878686,Sunny,Day,0.0,0.0,,26.254083000026185,auto
1768187878719,Sunny,Day,0.0,0.0,,28.54955399999426,auto
1768187878750,Sunny,Day,0.0,0.0,,25.75265699999818,auto
1768187878780,Sunny,Day,0.0,0.0,,25.02182199998515,auto
1768187878812,Sunny,Day,0.0,0.0,,27.03440799996315,auto
1768187878843,Sunny,Day,0.0,0.0,,25.4609460000097,auto
1768187878875,Sunny,Day,0.0,0.0,,26.42819799996232,auto
1768187878906,Sunny,Day,0.0,0.0,,26.185569000006126,auto
1768187878939,Sunny,Day,0.0,0.0,,28.174995000028957,auto
1768187878969,Sunny,Day,0.0,0.0,,21.377774000029603,auto
1768187879002,Sunny,Day,0.0,0.0,,27.480837999974028,auto
1768187879034,Sunny,Day,0.0,0.0,,24.535990999993373,auto
1768187879064,Sunny,Day,0.0,0.0,,25.547839000012118,auto
1768187879095,Sunny,Day,0.0,0.0,,25.826726999980565,auto
1768187879127,Sunny,Day,0.0,0.0,,27.257417999976497,auto
1768187879158,Sunny,Day,0.0,0.0,,26.346160000002783,auto
1768187879189,Sunny,Day,0.0,0.0,,26.527220999980727,auto
1768187879222,Sunny,Day,0.0,0.0,,21.433713999954307,auto
1768187879254,Sunny,Day,0.0,0.0,,25.48603899998625,auto
1768187879284,Sunny,Day,0.0,0.0,,25.551900999971622,auto
1768187879315,Sunny,Day,0.0,0.0,,25.145574000021043,auto
1768187879346,Sunny,Day,0.0,0.0,,26.317474999984825,auto
1768187879378,Sunny,Day,0.00026041666666666666,0.5208333333333334,,26.39807700001029,auto
1768187879410,Sunny,Day,0.0,0.0,,26.569366999979138,auto
1768187879443,Sunny,Day,0.0,0.0,,23.948270000005323,auto
1768187879474,Sunny,Day,0.0,0.0,,25.396816000011313,auto
1768187879504,Sunny,Day,0.0,0.0,,25.35190800000464,auto
1768187879537,Sunny,Day,0.0,0.0,,27.802029999975275,auto
1768187879566,Sunny,Day,0.00026041666666666666,0.5208333333333334,,24.88329900000963,auto
1768187879598,Sunny,Day,0.0,0.0,,26.68058099999371,auto
1768187879629,Sunny,Day,0.0,0.0,,25.529835999975603,auto
1768187879661,Sunny,Day,0.0,0.0,,26.85502299999598,auto
1768187879692,Sunny,Day,0.0,0.0,,26.663224999992963,auto
1768187879723,Sunny,Day,0.000390625,0.78125,,25.920030000008865,auto
1768187879757,Sunny,Day,0.0,0.0,,28.50302400003102,auto
1768187879788,Sunny,Day,0.0,0.0,,23.37738400001399,auto
1768187879820,Sunny,Day,0.0,0.0,,26.916970999991463,auto
1768187879849,Sunny,Day,0.0,0.0,,24.021102000006067,auto
1768187879881,Sunny,Day,0.0,0.0,,27.006287999995493,auto
1768187879912,Sunny,Day,0.0,0.0,,26.72795500001257,auto
1768187879945,Sunny,Day,0.000390625,0.78125,,22.279464000007465,auto
1768187879977,Sunny,Day,0.0,0.0,,26.964660999965417,auto
1768187880009,Sunny,Day,0.0007378472222222222,1.4756944444444444,,24.347036999984084,auto
1768187880038,Sunny,Day,0.0,0.0,,23.96120299999893,auto
1768187880069,Sunny,Day,0.0,0.0,,26.782068999978037,auto
1768187880101,Sunny,Day,0.00026041666666666666,0.5208333333333334,,26.70174700000416,auto
1768187880132,Sunny,Day,0.0,0.0,,26.609542000016972,auto
1768187880164,Sunny,Day,0.0007378472222222222,1.4756944444444444,,26.850040999988778,auto
1768187880197,Sunny,Day,0.0,0.0,,27.52942899996924,auto
1768187880229,Sunny,Day,0.0,0.0,,23.808497000004536,auto
1768187880258,Sunny,Day,0.000390625,0.78125,,24.315972000010788,auto
1768187880290,Sunny,Day,0.0,0.0,,25.989819000017178,auto
1768187880322,Sunny,Day,0.0,0.0,,27.299907000042367,auto
1768187880357,Sunny,Day,0.0,0.0,,26.63323799998807,auto
1768187880385,Sunny,Day,0.0,0.0,,22.268887999985054,auto
1768187880415,Sunny,Day,0.0,0.0,,25.992248000022755,auto
1768187880447,Sunny,Day,0.000390625,0.78125,,26.835318999985702,auto
1768187880478,Sunny,Day,0.0014322916666666666,2.864583333333333,,26.57238500000858,auto
1768187880511,Sunny,Day,0.00034722222222222224,0.6944444444444444,,28.394823000041924,auto
1768187880543,Sunny,Day,0.0012152777777777778,2.430555555555556,,23.92927599998984,auto
1768187880572,Sunny,Day,0.0006944444444444445,1.3888888888888888,,24.72209899997324,auto
1768187880604,Sunny,Day,0.003298611111111111,6.597222222222222,,26.422443000001294,auto
1768187880637,Sunny,Day,0.002734375,5.46875,,26.84989200002974,auto
1768187880667,Sunny,Day,0.002951388888888889,5.902777777777778,,26.226110000038716,auto
1768187880698,Sunny,Day,0.002387152777777778,4.774305555555556,,26.564097999994374,auto
1768187880731,Sunny,Day,0.003168402777777778,6.336805555555555,,22.202954999954727,auto
1768187880763,Sunny,Day,0.004079861111111111,8.159722222222223,,24.76250000000846,auto
1768187880795,Sunny,Day,0.004427083333333333,8.854166666666666,,27.255111999977544,auto
1768187880824,Sunny,Day,0.005425347222222222,10.850694444444445,,24.129447000007076,auto
1768187880855,Sunny,Day,0.004123263888888889,8.246527777777779,,26.731302000030155,auto
1768187880887,Sunny,Day,0.005685763888888889,11.371527777777777,,26.612917000022662,auto
1768187880919,Sunny,Day,0.004036458333333334,8.072916666666668,,27.56450900000118,auto
1768187880950,Sunny,Day,0.0018663194444444445,3.7326388888888893,,26.31358700000419,auto
1768187880981,Sunny,Day,0.004383680555555556,8.76736111111111,,26.139744000033716,auto
1768187881013,Sunny,Day,0.005642361111111111,11.284722222222221,,27.582725999991453,auto
1768187881044,Sunny,Day,0.005815972222222222,11.631944444444445,,25.77404999999544,auto
1768187881075,Sunny,Day,0.005425347222222222,10.850694444444445,,26.822653000010632,auto
1768187881107,Sunny,Day,0.004557291666666667,9.114583333333334,,26.450801999999385,auto
1768187881138,Sunny,Day,0.006944444444444444,13.888888888888888,,22.459891000039534,manual
1768187881172,Sunny,Day,0.005295138888888889,10.590277777777779,,28.91452000000072,manual
1768187881201,Sunny,Day,0.007638888888888889,15.277777777777777,,23.64806899998939,manual
1768187881233,Sunny,Day,0.006293402777777778,12.586805555555555,,25.052800000025854,manual
1768187881264,Sunny,Day,0.0066840277777777775,13.368055555555555,,20.92074000000821,manual
1768187881296,Sunny,Day,0.007421875,14.84375,,26.923921999980394,manual
1768187881327,Sunny,Day,0.006163194444444444,12.32638888888889,,28.962744000011753,manual
1768187881359,Sunny,Day,0.0036458333333333334,7.291666666666667,,26.230520999945384,manual
1768187881391,Sunny,Day,0.005381944444444444,10.76388888888889,,27.70329700001639,manual
1768187881421,Sunny,Day,0.004600694444444445,9.20138888888889,,26.32797000001119,manual
1768187881453,Sunny,Day,0.008420138888888888,16.84027777777778,,27.033051999978852,manual
1768187881484,Sunny,Day,0.0036024305555555558,7.204861111111112,,26.72381200000018,manual
1768187881516,Sunny,Day,0.002690972222222222,5.381944444444445,,27.056227000002764,manual
1768187881547,Sunny,Day,0.005598958333333333,11.197916666666666,,26.956627999993543,manual
1768187881580,Sunny,Day,0.0023003472222222223,4.600694444444445,,28.671191000000817,manual
1768187881610,Sunny,Day,0.0028211805555555555,5.642361111111111,,25.149247999991076,manual
1768187881641,Sunny,Day,0.0013020833333333333,2.6041666666666665,,26.4252709999937,manual
1768187881673,Sunny,Day,0.0006076388888888889,1.215277777777778,,27.068779999979142,manual
1768187881704,Sunny,Day,0.0005208333333333333,1.0416666666666667,,27.14590899995528,manual
1768187881735,Sunny,Day,0.0009548611111111111,1.909722222222222,,26.66094199997815,manual
1768187881767,Sunny,Day,0.0012586805555555556,2.517361111111111,,27.17270099998359,manual
1768187881799,Sunny,Day,0.0026041666666666665,5.208333333333333,,26.638376999983393,manual
1768187881831,Sunny,Day,0.0035590277777777777,7.118055555555555,,30.145376999996643,manual
1768187881862,Sunny,Day,0.002994791666666667,5.989583333333334,,27.64826799995035,manual
1768187881893,Sunny,Day,0.0019097222222222222,3.819444444444444,,27.69398899999942,manual
1768187881924,Sunny,Day,0.0038194444444444443,7.638888888888888,,26.4147770000136,manual
1768187881956,Sunny,Day,0.004904513888888889,9.809027777777777,,28.976556000031906,manual
1768187881989,Sunny,Day,0.004427083333333333,8.854166666666666,,30.32214299997804,manual
1768187882019,Sunny,Day,0.004253472222222222,8.506944444444443,,24.9439460000076,manual
1768187882050,Sunny,Day,0.008984375,17.96875,,28.86089800000491,manual
1768187882082,Sunny,Day,0.0069010416666666664,13.802083333333332,,28.524265999976706,manual
1768187882113,Sunny,Day,0.007769097222222222,15.538194444444445,,28.74099899997873,manual
1768187882145,Sunny,Day,0.003298611111111111,6.597222222222222,,28.629943999987972,manual
1768187882176,Sunny,Day,0.0014756944444444444,2.951388888888889,,27.935673999991195,manual
1768187882209,Sunny,Day,0.004861111111111111,9.722222222222223,,25.176246999990326,manual
1768187882241,Sunny,Day,0.011805555555555555,23.61111111111111,,26.535806999959277,manual
1768187882271,Sunny,Day,0.006336805555555556,12.67361111111111,,25.45182599999407,manual
1768187882302,Sunny,Day,0.007899305555555555,15.79861111111111,,25.22662000001219,manual
1768187882335,Sunny,Day,0.013975694444444445,27.95138888888889,,29.09778399998686,manual
1768187882365,Sunny,Day,0.015104166666666667,30.208333333333332,,24.87400699999398,manual
1768187882398,Sunny,Day,0.008463541666666666,16.927083333333332,,28.420589000006657,manual
1768187882429,Sunny,Day,0.013194444444444444,26.38888888888889,,26.967975999980354,manual
1768187882463,Sunny,Day,0.0125,25.0,-8.0,27.822190999984286,manual
1768187882494,Sunny,Day,0.016276041666666668,32.552083333333336,,21.648703999971985,manual
1768187882522,Sunny,Day,0.017100694444444446,34.20138888888889,,23.44518000001017,manual
1768187882555,Sunny,Day,0.01349826388888889,26.99652777777778,,25.5408180000245,manual
1768187882587,Sunny,Day,0.008723958333333334,17.447916666666668,5.0,24.679558000002544,auto
1768187882616,Sunny,Day,0.01384548611111111,27.69097222222222,14.0,17.64017700003251,auto
1768187882648,Sunny,Day,0.02443576388888889,48.87152777777778,-13.0,22.400113999992755,auto
1768187882680,Sunny,Day,0.020225694444444445,40.45138888888889,-30.0,17.97022700003481,auto
1768187882711,Sunny,Day,0.029296875,58.59375,-3.0,20.67581399995788,auto
1768187882742,Sunny,Day,0.03923611111111111,78.47222222222221,-4.0,22.19576500004905,auto
1768187882774,Sunny,Day,0.035807291666666664,71.61458333333333,-15.0,18.46945599999117,auto
1768187882807,Sunny,Day,0.029991319444444445,59.98263888888889,0.0,23.180427999989206,auto
1768187882836,Sunny,Day,0.03927951388888889,78.55902777777777,-14.0,21.17139000000634,auto
1768187882868,Sunny,Day,0.04674479166666667,93.48958333333333,3.0,16.838042000017595,auto
1768187882900,Sunny,Day,0.04301215277777778,86.02430555555556,-10.0,24.664152000013928,auto
1768187882931,Sunny,Day,0.03615451388888889,72.30902777777779,-8.0,21.330686999988302,auto
1768187882963,Sunny,Day,0.045703125,91.40625,-10.0,24.026762999994844,auto
1768187882994,Sunny,Day,0.044921875,89.84375,-11.0,23.825418000001264,auto
1768187883025,Sunny,Day,0.05564236111111111,100.0,-9.0,24.467512999990504,auto
1768187883058,Sunny,Day,0.04422743055555556,88.45486111111111,-7.0,27.020527000047423,auto
1768187883089,Sunny,Day,0.03650173611111111,73.00347222222223,-5.0,23.864494000008563,auto
1768187883120,Sunny,Day,0.04913194444444444,98.26388888888889,-6.0,22.52151199996888,auto
1768187883152,Sunny,Day,0.05169270833333333,100.0,-2.0,23.624352000013005,auto
1768187883185,Sunny,Day,0.06310763888888889,100.0,1.0,24.69843699998364,auto
1768187883216,Sunny,Day,0.05368923611111111,100.0,-1.0,23.48421099998177,auto
1768187883246,Sunny,Day,0.05651041666666667,100.0,-1.0,21.820181000009597,auto
1768187883277,Sunny,Day,0.058159722222222224,100.0,-1.0,22.4836350000146,auto
1768187883309,Sunny,Day,0.0546875,100.0,-1.0,24.66653099997984,auto
1768187883339,Sunny,Day,0.046440972222222224,92.88194444444444,0.0,23.302635999982613,auto
1768187883371,Sunny,Day,0.04778645833333333,95.57291666666666,-1.0,25.4575920000093,auto
1768187883404,Sunny,Day,0.050390625,100.0,-1.0,26.090733999978966,auto
1768187883434,Sunny,Day,0.05186631944444445,100.0,-2.0,22.070149999990463,auto
1768187883465,Sunny,Day,0.03845486111111111,76.90972222222223,10.0,24.116204999984348,auto
1768187883498,Sunny,Day,0.03350694444444444,67.01388888888889,-3.0,23.855706000006194,auto
1768187883531,Sunny,Day,0.04405381944444445,88.1076388888889,-3.0,25.699625000015658,auto
1768187883564,Sunny,Day,0.043229166666666666,86.45833333333333,-4.0,21.28014400000211,auto
1768187883595,Sunny,Day,0.037196180555555555,74.39236111111111,-1.0,17.72645799997008,auto
1768187883628,Sunny,Day,0.030512152777777777,61.02430555555556,11.0,22.246830000028694,auto
1768187883656,Sunny,Day,0.027647569444444443,55.295138888888886,-5.0,20.42393500005346,auto
1768187883687,Sunny,Day,0.03884548611111111,77.69097222222223,-5.0,14.686148999999205,auto
1768187883718,Sunny,Day,0.025694444444444443,51.388888888888886,-6.0,21.64848699999311,auto
1768187883751,Sunny,Day,0.014713541666666666,29.427083333333332,4.0,25.787928999989163,auto
1768187883783,Sunny,Day,0.016059027777777776,32.11805555555555,-7.0,27.378358000021308,auto
1768187883813,Sunny,Day,0.027777777777777776,55.55555555555555,-8.0,17.582350999987284,auto
1768187883844,Sunny,Day,0.01740451388888889,34.80902777777778,-4.0,23.559056000010514,auto
1768187883878,Sunny,Day,0.0171875,34.375,-1.0,25.231299000040508,auto
1768187883907,Sunny,Day,0.015928819444444443,31.857638888888886,-4.0,20.794112999965364,auto
1768187883939,Sunny,Day,0.027994791666666668,55.989583333333336,11.0,23.172729999998865,auto
1768187883972,Sunny,Day,0.02673611111111111,53.47222222222222,-3.0,25.15981100003728,auto
1768187884002,Sunny,Day,0.02261284722222222,45.22569444444444,-3.0,19.420949999982895,auto
1768187884036,Sunny,Day,0.01189236111111111,23.78472222222222,0.0,20.870229999957246,auto
1768187884065,Sunny,Day,0.015277777777777777,30.555555555555554,-9.0,18.76889699997264,auto
1768187884096,Sunny,Day,0.022960069444444446,45.92013888888889,-2.0,14.00068100002727,auto
1768187884128,Sunny,Day,0.024696180555555555,49.39236111111111,2.0,23.798864000013964,auto
1768187884158,Sunny,Day,0.012196180555555556,24.39236111111111,,21.18587400002525,auto
1768187884193,Sunny,Day,0.014496527777777778,28.993055555555557,-11.0,27.357524000024114,auto
1768187884222,Sunny,Day,0.017534722222222222,35.06944444444444,0.0,14.833431999988989,auto
1768187884254,Sunny,Day,0.023828125,47.65625,11.0,23.860617000025286,auto
1768187884285,Sunny,Day,0.014713541666666666,29.427083333333332,2.0,23.77748800000745,auto
1768187884316,Sunny,Day,0.013064236111111112,26.12847222222222,-1.0,21.671333999961462,auto
1768187884348,Sunny,Day,0.010677083333333334,21.354166666666668,,24.16222699997661,auto
1768187884381,Sunny,Day,0.022178819444444445,44.35763888888889,6.0,24.033287999998265,auto
1768187884411,Sunny,Day,0.013715277777777778,27.430555555555554,-5.0,20.309056999963104,auto
1768187884442,Sunny,Day,0.005946180555555555,11.89236111111111,,17.200205999984064,auto
1768187884472,Sunny,Day,0.007161458333333333,14.322916666666666,,21.56202899999471,auto
1768187884504,Sunny,Day,0.021571180555555555,43.14236111111111,-2.0,24.621028000012757,auto
1768187884536,Sunny,Day,0.015842013888888888,31.684027777777775,-1.0,22.248637000018334,auto
1768187884567,Sunny,Day,0.011371527777777777,22.743055555555554,,22.851283000022704,auto
1768187884599,Sunny,Day,0.0078125,15.625,,23.28683700000056,auto
1768187884633,Sunny,Day,0.017491319444444445,34.98263888888889,5.0,26.21289300003582,auto
1768187884663,Sunny,Day,0.021006944444444446,42.01388888888889,1.0,19.827396000039244,auto
1768187884699,Sunny,Day,0.017491319444444445,34.98263888888889,-1.0,25.56010000000697,auto
1768187884726,Sunny,Day,0.013151041666666667,26.302083333333332,-4.0,15.353856999979598,auto
1768187884756,Sunny,Day,0.015277777777777777,30.555555555555554,-2.0,20.778908000011143,auto
1768187884787,Sunny,Day,0.020269097222222223,40.53819444444444,-3.0,23.290358999986438,auto
1768187884819,Sunny,Day,0.018836805555555555,37.67361111111111,-1.0,17.10120799998549,auto
1768187884852,Sunny,Day,0.011762152777777778,23.524305555555554,-9.0,24.980888000015966,auto
1768187884884,Sunny,Day,0.016276041666666668,32.552083333333336,-3.0,24.332636999986335,auto
1768187884917,Sunny,Day,0.021918402777777776,43.83680555555555,4.0,23.026530999970873,auto
1768187884944,Sunny,Day,0.02261284722222222,45.22569444444444,-3.0,17.495289999999386,auto
1768187884976,Sunny,Day,0.02013888888888889,40.27777777777778,7.0,23.803831999998692,auto
1768187885010,Sunny,Day,0.025954861111111113,51.90972222222223,2.0,23.10694999999896,auto
1768187885039,Sunny,Day,0.02795138888888889,55.90277777777778,-5.0,19.629393000002437,auto
1768187885070,Sunny,Day,0.03125,62.5,-3.0,22.94166900003347,auto
1768187885104,Sunny,Day,0.022048611111111113,44.09722222222223,1.0,26.31914500000221,auto
1768187885139,Sunny,Day,0.021918402777777776,43.83680555555555,1.0,20.00355400002718,auto
1768187885164,Sunny,Day,0.031640625,63.28125,-9.0,11.611772999970071,auto
1768187885195,Sunny,Day,0.03585069444444444,71.70138888888889,-5.0,22.679944000003616,auto
1768187885228,Sunny,Day,0.031119791666666667,62.239583333333336,2.0,22.042408000004343,auto
1768187885262,Sunny,Day,0.03285590277777778,65.71180555555556,-4.0,21.602399000016703,auto
1768187885290,Sunny,Day,0.033463541666666666,66.92708333333333,-7.0,19.349054999963755,auto
1768187885322,Sunny,Day,0.03910590277777778,78.21180555555556,-5.0,20.63428600001771,auto
1768187885353,Sunny,Day,0.04040798611111111,80.81597222222223,-3.0,20.98436600005016,auto
1768187885384,Sunny,Day,0.03780381944444444,75.60763888888889,-2.0,23.15927299997611,auto
1768187885416,Sunny,Day,0.036458333333333336,72.91666666666667,-2.0,22.80116600002202,auto
1768187885448,Sunny,Day,0.04301215277777778,86.02430555555556,-3.0,22.66768999999158,auto
1768187885478,Sunny,Day,0.04392361111111111,87.84722222222221,0.0,22.052845000018806,auto
1768187885511,Sunny,Day,0.040234375,80.46875,2.0,24.219076999997924,auto
1768187885544,Sunny,Day,0.043055555555555555,86.11111111111111,11.0,23.57373600000301,auto
1768187885574,Sunny,Day,0.04813368055555556,96.26736111111111,-2.0,15.180083000018385,auto
1768187885606,Sunny,Day,0.05,100.0,-2.0,22.621585000024425,auto
1768187885639,Sunny,Day,0.04453125,89.0625,-1.0,17.170607000025484,auto
1768187885670,Sunny,Day,0.034027777777777775,68.05555555555554,7.0,21.653398000012203,auto
1768187885698,Sunny,Day,0.042144097222222225,84.28819444444446,-8.0,17.57335399997828,auto
1768187885730,Sunny,Day,0.04552951388888889,91.05902777777777,-4.0,23.529578000022866,auto
1768187885760,Sunny,Day,0.03845486111111111,76.90972222222223,1.0,9.911226000042461,auto
1768187885791,Sunny,Day,0.029774305555555554,59.54861111111111,-2.0,23.35285100002693,auto
1768187885824,Sunny,Day,0.04327256944444444,86.54513888888889,15.0,25.78711099999964,auto
1768187885854,Sunny,Day,0.042708333333333334,85.41666666666667,15.0,23.301333000006252,auto
1768187885886,Sunny,Day,0.041449652777777776,82.89930555555556,-1.0,18.961973999978454,auto
1768187885919,Sunny,Day,0.02816840277777778,56.33680555555556,1.0,25.940924000053656,auto
1768187885950,Sunny,Day,0.029861111111111113,59.72222222222223,-9.0,20.12012299996968,auto
1768187885980,Sunny,Day,0.03216145833333333,64.32291666666666,-2.0,23.49459599997772,auto
1768187886011,Sunny,Day,0.03315972222222222,66.31944444444444,-9.0,24.41279999999324,auto
1768187886044,Sunny,Day,0.02890625,57.8125,-2.0,19.557069000029514,auto
1768187886078,Sunny,Day,0.02426215277777778,48.52430555555556,-8.0,22.26082000004226,auto
1768187886105,Sunny,Day,0.03029513888888889,60.59027777777778,-10.0,20.7570449999821,auto
1768187886137,Sunny,Day,0.04014756944444445,80.2951388888889,-3.0,24.131145000012566,auto
1768187886168,Sunny,Day,0.029947916666666668,59.895833333333336,-2.0,23.43593799997734,auto
1768187886200,Sunny,Day,0.028819444444444446,57.63888888888889,-1.0,24.734201999990546,auto
1768187886234,Sunny,Day,0.03528645833333333,70.57291666666667,-5.0,27.023278999990907,auto
1768187886264,Sunny,Day,0.03680555555555556,73.61111111111111,-2.0,23.467396999990342,auto
1768187886294,Sunny,Day,0.03654513888888889,73.09027777777779,1.0,23.114768999960233,auto
1768187886328,Sunny,Day,0.028211805555555556,56.423611111111114,0.0,27.340035999998236,auto
1768187886358,Sunny,Day,0.033984375,67.96875,0.0,22.49259899997469,auto
1768187886390,Sunny,Day,0.04223090277777778,84.46180555555556,-1.0,25.16813599999068,auto
1768187886420,Sunny,Day,0.040190972222222225,80.38194444444446,0.0,21.909934999996494,auto
1768187886452,Sunny,Day,0.031901041666666664,63.80208333333333,-1.0,18.616437999980917,auto
1768187886485,Sunny,Day,0.030512152777777777,61.02430555555556,-1.0,26.38019900001609,auto
1768187886514,Sunny,Day,0.035807291666666664,71.61458333333333,-4.0,20.25878400002057,auto
1768187886546,Sunny,Day,0.042578125,85.15625,0.0,25.82422999995515,auto
1768187886580,Sunny,Day,0.032074652777777775,64.14930555555554,1.0,26.802938000002996,auto
1768187886608,Sunny,Day,0.03025173611111111,60.50347222222222,12.0,21.540975999982948,auto
1768187886641,Sunny,Day,0.03884548611111111,77.69097222222223,-2.0,25.941147999958503,auto
1768187886672,Sunny,Day,0.042708333333333334,85.41666666666667,-1.0,17.788108999980068,auto
1768187886703,Sunny,Day,0.040364583333333336,80.72916666666667,-1.0,24.57336600002691,auto
1768187886736,Sunny,Day,0.03315972222222222,66.31944444444444,-1.0,26.572716000032415,auto
1768187886768,Sunny,Day,0.037934027777777775,75.86805555555554,-4.0,23.498373000052197,auto
1768187886797,Sunny,Day,0.03993055555555555,79.8611111111111,-3.0,20.874241000001348,auto
1768187886830,Sunny,Day,0.038585069444444446,77.17013888888889,-1.0,26.56911899998704,auto
1768187886862,Sunny,Day,0.029079861111111112,58.15972222222222,1.0,21.784043999957703,auto
1768187886891,Sunny,Day,0.033203125,66.40625,-4.0,20.955974999992577,auto
1768187886923,Sunny,Day,0.03723958333333333,74.47916666666667,-1.0,22.368228999994244,auto
1768187886955,Sunny,Day,0.04010416666666667,80.20833333333334,0.0,14.684160999991036,auto
1768187886988,Sunny,Day,0.017491319444444445,34.98263888888889,8.0,26.046462000010706,auto
1768187887017,Sunny,Day,0.02035590277777778,40.71180555555556,3.0,17.12175200003685,auto
1768187887050,Sunny,Day,0.028732638888888887,57.46527777777777,0.0,26.572240999996666,auto
1768187887081,Sunny,Day,0.02699652777777778,53.99305555555556,3.0,23.51179200002207,auto
1768187887111,Sunny,Day,0.023871527777777776,47.74305555555555,6.0,23.166069000012612,auto
1768187887145,Sunny,Day,0.020746527777777777,41.49305555555556,4.0,26.913773999979185,auto
1768187887175,Sunny,Day,0.02265625,45.3125,0.0,23.331514999995306,auto
1768187887208,Sunny,Day,0.026953125,53.90625,0.0,25.138910999999098,auto
1768187887238,Sunny,Day,0.025651041666666666,51.30208333333333,4.0,22.23324900000989,auto
1768187887268,Sunny,Day,0.012847222222222222,25.694444444444443,,22.399806999999328,auto
1768187887300,Sunny,Day,0.015407986111111112,30.815972222222225,0.0,24.273270000037428,auto
1768187887331,Sunny,Day,0.025868055555555554,51.73611111111111,2.0,24.125137999988056,auto
1768187887363,Sunny,Day,0.026822916666666665,53.64583333333333,4.0,24.820050000016636,auto
1768187887394,Sunny,Day,0.02165798611111111,43.31597222222222,5.0,23.185699999999088,auto
1768187887426,Sunny,Day,0.019444444444444445,38.88888888888889,3.0,24.634175000016967,auto
1768187887457,Sunny,Day,0.02456597222222222,49.13194444444444,-1.0,25.381362000018726,auto
1768187887489,Sunny,Day,0.026171875,52.34375,3.0,25.052435000020523,auto
1768187887520,Sunny,Day,0.014279513888888888,28.55902777777778,6.0,23.847633999992013,auto
1768187887551,Sunny,Day,0.013151041666666667,26.302083333333332,3.0,24.47647799999686,auto
1768187887583,Sunny,Day,0.016145833333333335,32.29166666666667,2.0,19.097333999980037,auto
1768187887615,Sunny,Day,0.018098958333333335,36.19791666666667,3.0,24.640218999991248,auto
1768187887645,Sunny,Day,0.018489583333333334,36.979166666666664,7.0,23.203013999989253,auto
1768187887678,Sunny,Day,0.010373263888888888,20.74652777777778,6.0,25.646501999972315,auto
1768187887709,Sunny,Day,0.014583333333333334,29.166666666666668,7.0,24.303524000004018,auto
1768187887740,Sunny,Day,0.020963541666666665,41.92708333333333,8.0,24.5492369999738,auto
1768187887775,Sunny,Day,0.016666666666666666,33.333333333333336,10.0,28.50083399999903,auto
1768187887803,Sunny,Day,0.008246527777777778,16.493055555555557,,21.47002800001019,auto
1768187887835,Sunny,Day,0.008420138888888888,16.84027777777778,,24.460997999995016,auto
1768187887866,Sunny,Day,0.013368055555555555,26.73611111111111,4.0,23.5741889999872,auto
1768187887897,Sunny,Day,0.012760416666666666,25.520833333333332,,23.821569999995518,auto
1768187887929,Sunny,Day,0.009071180555555556,18.142361111111114,17.0,25.429985000016586,auto
1768187887961,Sunny,Day,0.0048177083333333336,9.635416666666668,,25.038735000009638,auto
1768187887993,Sunny,Day,0.0010850694444444445,2.170138888888889,,21.928345999981502,auto
1768187888022,Sunny,Day,0.002907986111111111,5.815972222222222,,21.63589200000615,auto
1768187888054,Sunny,Day,0.0035590277777777777,7.118055555555555,,24.91818499998999,auto
1768187888087,Sunny,Day,0.0024739583333333332,4.947916666666666,,25.94566800001985,auto
1768187888119,Sunny,Day,0.0006944444444444445,1.3888888888888888,,24.95032799998853,auto
1768187888148,Sunny,Day,0.001388888888888889,2.7777777777777777,,22.50464200000124,auto
1768187888183,Sunny,Day,0.0032552083333333335,6.510416666666667,,27.681685999993988,auto
1768187888211,Sunny,Day,0.0005208333333333333,1.0416666666666667,,21.3611750000382,auto
1768187888243,Sunny,Day,0.0,0.0,,25.142574000028617,auto
1768187888274,Sunny,Day,0.0015625,3.125,,24.071993999996266,auto
1768187888305,Sunny,Day,0.0014322916666666666,2.864583333333333,,25.02638499998966,auto
1768187888337,Sunny,Day,0.004210069444444444,8.42013888888889,,24.556826999969417,auto
1768187888368,Sunny,Day,0.0024739583333333332,4.947916666666666,,24.678762000007737,auto
1768187888399,Sunny,Day,0.002126736111111111,4.253472222222221,,24.382043000002795,auto
1768187888432,Sunny,Day,0.0026475694444444446,5.295138888888889,,25.56097100000443,auto
1768187888464,Sunny,Day,0.005425347222222222,10.850694444444445,-28.0,25.35009500002161,auto
1768187888496,Sunny,Day,0.0020833333333333333,4.166666666666667,,25.252665000039087,auto
1768187888526,Sunny,Day,0.004383680555555556,8.76736111111111,,22.491203000015503,auto
1768187888557,Sunny,Day,0.0018663194444444445,3.7326388888888893,,24.727569999981824,auto
1768187888588,Sunny,Day,0.004036458333333334,8.072916666666668,,25.035153000033006,auto
1768187888620,Sunny,Day,0.0047309027777777775,9.461805555555555,,24.811931999977332,auto
1768187888651,Sunny,Day,0.0018663194444444445,3.7326388888888893,,24.726994999980434,auto
1768187888683,Sunny,Day,0.004557291666666667,9.114583333333334,,25.441130000046996,auto
1768187888715,Sunny,Day,0.008333333333333333,16.666666666666668,-8.0,24.936610999986897,auto
1768187888746,Sunny,Day,0.01115451388888889,22.30902777777778,-4.0,24.123415000019577,auto
1768187888780,Sunny,Day,0.006423611111111111,12.847222222222221,4.0,26.658467000004293,auto
1768187888810,Sunny,Day,0.012586805555555556,25.17361111111111,6.0,21.67863799996894,auto
1768187888840,Sunny,Day,0.04236111111111111,84.72222222222223,-9.0,22.911657000008745,auto
1768187888872,Sunny,Day,0.03810763888888889,76.21527777777779,-6.0,25.21892800001524,auto
1768187888905,Sunny,Day,0.03025173611111111,60.50347222222222,-6.0,20.627000999979828,auto
1768187888934,Sunny,Day,0.04353298611111111,87.06597222222221,-10.0,22.336772000016936,auto
1768187888966,Sunny,Day,0.05065104166666667,100.0,-10.0,23.80938200002447,auto
1768187888998,Sunny,Day,0.049479166666666664,98.95833333333333,-8.0,24.52511000001323,auto
1768187889031,Sunny,Day,0.05026041666666667,100.0,-8.0,25.840447000007316,auto
1768187889060,Sunny,Day,0.05546875,100.0,-8.0,21.57704799998328,auto
1768187889095,Sunny,Day,0.0609375,100.0,-9.0,28.76449699999739,auto
1768187889124,Sunny,Day,0.059375,100.0,-8.0,21.60996800000703,auto
1768187889156,Sunny,Day,0.05963541666666667,100.0,-8.0,24.992906000022685,auto
1768187889186,Sunny,Day,0.05963541666666667,100.0,-7.0,23.391189999983908,auto
1768187889219,Sunny,Day,0.06436631944444444,100.0,-7.0,20.549499000026117,auto
1768187889250,Sunny,Day,0.06401909722222222,100.0,-5.0,23.203675999980078,auto
1768187889280,Sunny,Day,0.06579861111111111,100.0,-5.0,18.81938200000377,auto
1768187889312,Sunny,Day,0.06779513888888888,100.0,-4.0,24.609961000010117,auto
1768187889343,Sunny,Day,0.073828125,100.0,-5.0,25.38904900001171,auto
1768187889374,Sunny,Day,0.074609375,100.0,-4.0,17.332425000006424,auto
1768187889407,Sunny,Day,0.07491319444444444,100.0,-4.0,25.3233369999748,auto
1768187889437,Sunny,Day,0.07413194444444444,100.0,-3.0,23.907744999974057,auto
1768187889469,Sunny,Day,0.07868923611111112,100.0,-5.0,24.396903999956976,auto
1768187889500,Sunny,Day,0.077734375,100.0,-5.0,21.113561999982267,auto
1768187889532,Sunny,Day,0.08190104166666666,100.0,-5.0,24.92491399999608,auto
1768187889565,Sunny,Day,0.08138020833333333,100.0,-4.0,26.087111999970602,auto
1768187889594,Sunny,Day,0.08216145833333334,100.0,-4.0,21.712901000000784,auto
1768187889632,Sunny,Day,0.08355034722222222,100.0,-4.0,30.451128000038352,auto
1768187889657,Sunny,Day,0.08389756944444444,100.0,-2.0,18.07927700002665,auto
1768187889689,Sunny,Day,0.08611111111111111,100.0,-1.0,24.583937000045353,auto
1768187889720,Sunny,Day,0.084375,100.0,-1.0,23.772411000038574,auto
1768187889752,Sunny,Day,0.0837673611111111,100.0,0.0,24.007694000033553,auto
1768187889783,Sunny,Day,0.08576388888888889,100.0,0.0,21.579271999996763,auto
1768187889818,Sunny,Day,0.08302951388888889,100.0,2.0,27.790740999989794,auto
1768187889847,Sunny,Day,0.08107638888888889,100.0,3.0,20.535374000019146,auto
1768187889877,Sunny,Day,0.07725694444444445,100.0,4.0,23.115424000025087,auto
1768187889910,Sunny,Day,0.07669270833333333,100.0,5.0,25.79784999994672,auto
1768187889941,Sunny,Day,0.07252604166666667,100.0,7.0,23.983818999965933,auto
1768187889973,Sunny,Day,0.06987847222222222,100.0,7.0,24.93929899998193,auto
1768187890003,Sunny,Day,0.06853298611111111,100.0,6.0,23.272519999977703,auto
1768187890035,Sunny,Day,0.06579861111111111,100.0,6.0,24.27463600002966,auto
1768187890066,Sunny,Day,0.06310763888888889,100.0,6.0,24.220770999988872,auto
1768187890097,Sunny,Day,0.05768229166666667,100.0,6.0,24.9533130000259,auto
1768187890129,Sunny,Day,0.05329861111111111,100.0,6.0,24.105883999993694,auto
1768187890162,Sunny,Day,0.05412326388888889,100.0,1.0,22.64684300001818,auto
1768187890192,Sunny,Day,0.051432291666666664,100.0,1.0,20.45536999997921,auto
1768187890226,Sunny,Day,0.05217013888888889,100.0,2.0,28.254201000038393,auto
1768187890255,Sunny,Day,0.044097222222222225,88.19444444444446,2.0,22.00736899999356,auto
1768187890286,Sunny,Day,0.04131944444444444,82.63888888888889,3.0,23.54837799998677,auto
1768187890320,Sunny,Day,0.04366319444444444,87.32638888888889,0.0,26.971177000007174,auto
1768187890352,Sunny,Day,0.038802083333333334,77.60416666666667,3.0,24.390930999970806,auto
1768187890382,Sunny,Day,0.038628472222222224,77.25694444444444,3.0,22.7600420000158,auto
1768187890412,Sunny,Day,0.03689236111111111,73.78472222222223,-1.0,20.375182999998742,auto
1768187890443,Sunny,Day,0.03901909722222222,78.03819444444444,-1.0,24.33886299996857,auto
1768187890474,Sunny,Day,0.03671875,73.4375,-3.0,23.96666100003131,auto
1768187890506,Sunny,Day,0.04071180555555556,81.42361111111111,1.0,24.868955999977516,auto
1768187890537,Sunny,Day,0.03888888888888889,77.77777777777779,-2.0,24.120861999961107,auto
1768187890572,Sunny,Day,0.03875868055555556,77.51736111111111,-2.0,20.42020699997238,auto
1768187890600,Sunny,Day,0.044661458333333334,89.32291666666667,0.0,17.216485000005832,auto
1768187890632,Sunny,Day,0.047526041666666664,95.05208333333333,2.0,25.607244000013907,auto
1768187890666,Sunny,Day,0.04917534722222222,98.35069444444444,2.0,19.818196000016997,auto
1768187890699,Sunny,Day,0.04522569444444444,90.45138888888889,-2.0,22.245445999999447,auto
1768187890728,Sunny,Day,0.04913194444444444,98.26388888888889,0.0,19.408883999972204,auto
1768187890758,Sunny,Day,0.04796006944444445,95.9201388888889,1.0,16.39411700000437,auto
1768187890788,Sunny,Day,0.048177083333333336,96.35416666666667,2.0,22.903251000002456,auto
1768187890820,Sunny,Day,0.044921875,89.84375,-1.0,24.22245700000758,auto
1768187890852,Sunny,Day,0.04756944444444444,95.13888888888889,0.0,25.59039400000529,auto
1768187890884,Sunny,Day,0.042491319444444446,84.98263888888889,0.0,24.05378000003111,auto
1768187890914,Sunny,Day,0.048003472222222225,96.00694444444446,2.0,23.557052999990447,auto
1768187890946,Sunny,Day,0.045355902777777776,90.71180555555556,1.0,24.35815899997351,auto
1768187890978,Sunny,Day,0.04327256944444444,86.54513888888889,-2.0,25.333967999983997,auto
1768187891009,Sunny,Day,0.04609375,92.1875,3.0,23.43785300001855,auto
1768187891040,Sunny,Day,0.04405381944444445,88.1076388888889,2.0,24.731294999980946,auto
1768187891071,Sunny,Day,0.044444444444444446,88.88888888888889,2.0,23.030381000012312,auto
1768187891103,Sunny,Day,0.03936631944444444,78.73263888888889,-1.0,24.79984000001423,auto
1768187891136,Sunny,Day,0.04136284722222222,82.72569444444444,0.0,25.697256000000834,auto
1768187891169,Sunny,Day,0.043619791666666664,87.23958333333333,2.0,24.62747799995668,auto
1768187891198,Sunny,Day,0.04157986111111111,83.15972222222221,0.0,18.15195399996128,auto
1768187891229,Sunny,Day,0.041493055555555554,82.98611111111111,-3.0,24.638524000010875,auto
1768187891263,Sunny,Day,0.041102430555555555,82.20486111111111,-1.0,27.061342999957105,auto
1768187891292,Sunny,Day,0.044921875,89.84375,2.0,21.476268000014898,auto
1768187891323,Sunny,Day,0.041666666666666664,83.33333333333333,0.0,23.667633000002297,auto
1768187891355,Sunny,Day,0.038802083333333334,77.60416666666667,-1.0,24.568719999990662,auto
1768187891386,Sunny,Day,0.04066840277777778,81.33680555555556,1.0,16.955446999986634,auto
1768187891418,Sunny,Day,0.04505208333333333,90.10416666666667,4.0,25.106139000001804,auto
1768187891449,Sunny,Day,0.04279513888888889,85.59027777777779,3.0,23.97934499998655,auto
1768187891482,Sunny,Day,0.03962673611111111,79.25347222222221,3.0,26.68659200003276,auto
1768187891512,Sunny,Day,0.03871527777777778,77.43055555555556,0.0,20.201708000001872,auto
1768187891543,Sunny,Day,0.038802083333333334,77.60416666666667,-1.0,24.771627999996326,auto
1768187891575,Sunny,Day,0.03993055555555555,79.8611111111111,1.0,18.609077999997226,auto
1768187891606,Sunny,Day,0.03806423611111111,76.12847222222221,0.0,22.02219499997682,auto
1768187891637,Sunny,Day,0.03493923611111111,69.87847222222223,-1.0,22.173667000004116,auto
1768187891669,Sunny,Day,0.038628472222222224,77.25694444444444,0.0,23.760773999981666,auto
1768187891701,Sunny,Day,0.037543402777777776,75.08680555555556,0.0,23.921940000036557,auto
1768187891731,Sunny,Day,0.033116319444444445,66.23263888888889,-2.0,24.202865999995993,auto
1768187891764,Sunny,Day,0.03298611111111111,65.97222222222223,0.0,25.938941999982035,auto
1768187891796,Sunny,Day,0.03854166666666667,77.08333333333334,1.0,24.14414399999032,auto
1768187891826,Sunny,Day,0.038802083333333334,77.60416666666667,3.0,22.811567999951876,auto
1768187891860,Sunny,Day,0.03923611111111111,78.47222222222221,5.0,23.88850300002332,auto
1768187891890,Sunny,Day,0.03697916666666667,73.95833333333333,5.0,19.35861799995564,auto
1768187891922,Sunny,Day,0.03689236111111111,73.78472222222223,3.0,21.81624700000384,auto
1768187891951,Sunny,Day,0.036848958333333334,73.69791666666667,5.0,22.892550999983996,auto
1768187891983,Sunny,Day,0.03689236111111111,73.78472222222223,4.0,24.546124999972108,auto
1768187892015,Sunny,Day,0.030078125,60.15625,1.0,23.256584000023395,auto
1768187892046,Sunny,Day,0.03289930555555556,65.79861111111111,-1.0,23.679024999978537,auto
1768187892079,Sunny,Day,0.03745659722222222,74.91319444444444,0.0,26.77038699999912,auto
1768187892109,Sunny,Day,0.034375,68.75,0.0,22.594109000010576,auto
1768187892140,Sunny,Day,0.027604166666666666,55.20833333333333,1.0,23.155556999995497,auto
1768187892177,Sunny,Day,0.029774305555555554,59.54861111111111,-1.0,30.135030999986157,auto
1768187892204,Sunny,Day,0.03624131944444445,72.4826388888889,0.0,17.560952999986057,auto
1768187892235,Sunny,Day,0.033680555555555554,67.36111111111111,2.0,23.53508199996668,auto
1768187892266,Sunny,Day,0.02890625,57.8125,2.0,24.688058999970508,auto
1768187892300,Sunny,Day,0.029079861111111112,58.15972222222222,1.0,20.92492899998888,auto
1768187892332,Sunny,Day,0.030381944444444444,60.763888888888886,-1.0,24.302508999994643,auto
1768187892360,Sunny,Day,0.03411458333333333,68.22916666666666,1.0,21.200063999970098,auto
1768187892393,Sunny,Day,0.03194444444444444,63.888888888888886,2.0,25.893064000001687,auto
1768187892425,Sunny,Day,0.027734375,55.46875,3.0,25.73271700003943,auto
1768187892454,Sunny,Day,0.030729166666666665,61.45833333333333,2.0,21.447470999987672,auto
1768187892486,Sunny,Day,0.03615451388888889,72.30902777777779,0.0,25.688493000018298,auto
1768187892517,Sunny,Day,0.032769097222222224,65.53819444444444,2.0,24.073007999959373,auto
1768187892549,Sunny,Day,0.026085069444444445,52.17013888888889,0.0,24.09000500000502,auto
1768187892581,Sunny,Day,0.025130208333333334,50.26041666666667,-1.0,24.903325999957815,auto
1768187892612,Sunny,Day,0.03415798611111111,68.31597222222221,-2.0,23.83357100001149,auto
1768187892643,Sunny,Day,0.03342013888888889,66.84027777777777,-1.0,23.544571999991604,auto
1768187892674,Sunny,Day,0.02478298611111111,49.56597222222222,9.0,24.22518099996296,auto
1768187892706,Sunny,Day,0.028515625,57.03125,1.0,25.08128200003057,auto
1768187892738,Sunny,Day,0.034678819444444446,69.35763888888889,-2.0,24.708448000012595,auto
1768187892769,Sunny,Day,0.03446180555555556,68.92361111111111,-3.0,24.35383400001001,auto
1768187892800,Sunny,Day,0.02894965277777778,57.89930555555556,-3.0,25.083875999996508,auto
1768187892832,Sunny,Day,0.030946180555555557,61.892361111111114,-4.0,24.965140999995583,auto
1768187892863,Sunny,Day,0.03654513888888889,73.09027777777779,-4.0,24.880972000005386,auto
1768187892894,Sunny,Day,0.03546006944444444,70.92013888888889,-4.0,24.52096399997572,auto
1768187892926,Sunny,Day,0.03372395833333333,67.44791666666666,-3.0,25.294787999996515,auto
1768187892957,Sunny,Day,0.02868923611111111,57.37847222222222,-2.0,23.75704000002088,auto
1768187892993,Sunny,Day,0.033854166666666664,67.70833333333333,-1.0,29.443132999972477,auto
1768187893021,Sunny,Day,0.03641493055555556,72.82986111111111,-1.0,20.850465999956214,auto
1768187893053,Sunny,Day,0.03532986111111111,70.65972222222221,-2.0,24.518102000001818,auto
1768187893083,Sunny,Day,0.032769097222222224,65.53819444444444,-1.0,23.397752999983368,auto
1768187893114,Sunny,Day,0.03550347222222222,71.00694444444444,-2.0,24.13656499999206,auto
1768187893146,Sunny,Day,0.03459201388888889,69.18402777777779,-1.0,23.84705299999723,auto
1768187893179,Sunny,Day,0.03537326388888889,70.74652777777777,-3.0,25.472287000013694,auto
1768187893209,Sunny,Day,0.033984375,67.96875,-2.0,19.006343000000925,auto
1768187893243,Sunny,Day,0.030859375,61.71875,-2.0,27.605279999988852,auto
1768187893271,Sunny,Day,0.03289930555555556,65.79861111111111,1.0,21.283294999989266,auto
1768187893304,Sunny,Day,0.03333333333333333,66.66666666666667,-3.0,26.0329260000276,auto
1768187893336,Sunny,Day,0.029774305555555554,59.54861111111111,-2.0,24.570036999989497,auto
1768187893366,Sunny,Day,0.031510416666666666,63.02083333333333,-5.0,22.147420000010243,auto
1768187893398,Sunny,Day,0.028428819444444444,56.857638888888886,1.0,23.073728999975174,auto
1768187893429,Sunny,Day,0.03203125,64.0625,0.0,24.618393000025662,auto
1768187893462,Sunny,Day,0.030772569444444446,61.54513888888889,-2.0,22.042551000026833,auto
1768187893492,Sunny,Day,0.030598958333333332,61.197916666666664,-5.0,16.88845600000377,auto
1768187893524,Sunny,Day,0.028211805555555556,56.423611111111114,-2.0,20.874531000004026,auto
1768187893556,Sunny,Day,0.029991319444444445,59.98263888888889,-5.0,20.384083999999802,auto
1768187893586,Sunny,Day,0.035590277777777776,71.18055555555556,-6.0,22.15516800004025,auto
1768187893617,Sunny,Day,0.03424479166666667,68.48958333333334,-8.0,23.44179199997143,auto
1768187893649,Sunny,Day,0.03263888888888889,65.27777777777779,-5.0,20.83557000003111,auto
1768187893680,Sunny,Day,0.032378472222222225,64.75694444444446,-1.0,18.30678800001806,auto
1768187893712,Sunny,Day,0.03493923611111111,69.87847222222223,-4.0,26.143521999983932,auto
1768187893743,Sunny,Day,0.03263888888888889,65.27777777777779,-2.0,24.454324000032557,auto
1768187893775,Sunny,Day,0.030034722222222223,60.06944444444444,-1.0,24.66789999999719,auto
1768187893808,Sunny,Day,0.030164930555555556,60.329861111111114,0.0,25.690941000050316,auto
1768187893838,Sunny,Day,0.03302951388888889,66.05902777777779,-6.0,22.458043000028738,auto
1768187893868,Sunny,Day,0.03263888888888889,65.27777777777779,-9.0,23.141398999996454,auto
1768187893900,Sunny,Day,0.027647569444444443,55.295138888888886,0.0,23.63877800002001,auto
1768187893934,Sunny,Day,0.023697916666666666,47.39583333333333,,26.63146599996935,auto
1768187893964,Sunny,Day,0.02868923611111111,57.37847222222222,-6.0,21.45939299998645,auto
1768187893994,Sunny,Day,0.030208333333333334,60.416666666666664,-11.0,23.955350999983693,auto
1768187894026,Sunny,Day,0.024522569444444444,49.045138888888886,,24.76724699999977,auto
1768187894057,Sunny,Day,0.01987847222222222,39.75694444444444,,18.776514999956362,auto
1768187894088,Sunny,Day,0.022178819444444445,44.35763888888889,,24.454000999980963,auto
1768187894120,Sunny,Day,0.026171875,52.34375,-19.0,24.93498400002636,auto
1768187894153,Sunny,Day,0.02052951388888889,41.05902777777778,-19.0,24.360810000018773,auto
1768187894184,Sunny,Day,0.02013888888888889,40.27777777777778,-12.0,23.841905000040242,auto
1768187894216,Sunny,Day,0.028515625,57.03125,-20.0,22.839272999988225,auto
1768187894248,Sunny,Day,0.03307291666666667,66.14583333333333,-19.0,20.02007499999081,auto
1768187894277,Sunny,Day,0.03441840277777778,68.83680555555556,-19.0,19.238316000041777,auto
1768187894308,Sunny,Day,0.03420138888888889,68.40277777777779,-17.0,23.80911800003105,auto
1768187894340,Sunny,Day,0.03515625,70.3125,-14.0,24.599661000024753,auto
1768187894374,Sunny,Day,0.03810763888888889,76.21527777777779,-14.0,26.109910999991826,auto
1768187894403,Sunny,Day,0.03797743055555555,75.9548611111111,-13.0,22.14271700000836,auto
1768187894435,Sunny,Day,0.037934027777777775,75.86805555555554,-10.0,22.800351000000774,auto
1768187894466,Sunny,Day,0.03815104166666667,76.30208333333334,-8.0,21.93427999998221,auto
1768187894497,Sunny,Day,0.03871527777777778,77.43055555555556,-6.0,24.137786999972377,auto
1768187894529,Sunny,Day,0.0390625,78.125,-5.0,24.946308000039608,auto
1768187894561,Sunny,Day,0.03923611111111111,78.47222222222221,-3.0,24.48689900001,auto
1768187894591,Sunny,Day,0.038802083333333334,77.60416666666667,-2.0,19.23870499996383,auto
1768187894624,Sunny,Day,0.03975694444444444,79.51388888888889,-2.0,26.143699999977343,auto
1768187894657,Sunny,Day,0.04114583333333333,82.29166666666667,-1.0,22.610021999980745,auto
1768187894686,Sunny,Day,0.04262152777777778,85.24305555555556,-3.0,22.04022200004374,auto
1768187894717,Sunny,Day,0.04027777777777778,80.55555555555556,-3.0,23.525060999986636,auto
1768187894749,Sunny,Day,0.04045138888888889,80.90277777777779,-5.0,25.20636399998466,auto
1768187894780,Sunny,Day,0.040755208333333334,81.51041666666667,-7.0,21.017442999948344,auto
1768187894811,Sunny,Day,0.042317708333333336,84.63541666666667,-8.0,19.10016100003986,auto
1768187894844,Sunny,Day,0.04032118055555556,80.64236111111111,-8.0,25.81723600002306,auto
1768187894874,Sunny,Day,0.04084201388888889,81.68402777777779,-8.0,19.13977000003797,auto
1768187894906,Sunny,Day,0.041493055555555554,82.98611111111111,-9.0,20.35719599996355,auto
1768187894938,Sunny,Day,0.04318576388888889,86.37152777777777,-12.0,25.238595000018904,auto
1768187894970,Sunny,Day,0.04188368055555555,83.7673611111111,-11.0,24.774162000028355,auto
1768187895001,Sunny,Day,0.042317708333333336,84.63541666666667,-9.0,22.34425899996495,auto
1768187895031,Sunny,Day,0.043055555555555555,86.11111111111111,-11.0,22.639408000031835,auto
1768187895063,Sunny,Day,0.04396701388888889,87.93402777777779,-11.0,19.192543000031037,auto
1768187895096,Sunny,Day,0.04309895833333333,86.19791666666667,-10.0,21.701868999969065,auto
1768187895126,Sunny,Day,0.04392361111111111,87.84722222222221,-9.0,21.46480200002543,auto
1768187895158,Sunny,Day,0.04366319444444444,87.32638888888889,-8.0,25.795103999996627,auto
1768187895190,Sunny,Day,0.04457465277777778,89.14930555555556,-8.0,24.402835999978834,auto
1768187895220,Sunny,Day,0.045746527777777775,91.49305555555554,-7.0,23.585805000038818,auto
1768187895252,Sunny,Day,0.045355902777777776,90.71180555555556,-6.0,25.039013000025534,auto
1768187895284,Sunny,Day,0.04683159722222222,93.66319444444444,-7.0,23.33517199997459,auto
1768187895314,Sunny,Day,0.04674479166666667,93.48958333333333,-6.0,23.05825600001299,auto
1768187895347,Sunny,Day,0.048914930555555555,97.82986111111111,-6.0,25.50769900000205,auto
1768187895379,Sunny,Day,0.04618055555555556,92.36111111111111,-6.0,26.26529099995878,auto
1768187895409,Sunny,Day,0.04761284722222222,95.22569444444444,-6.0,23.868484999979955,auto
1768187895443,Sunny,Day,0.04709201388888889,94.18402777777777,-7.0,27.329547000022103,auto
1768187895473,Sunny,Day,0.05147569444444444,100.0,-7.0,22.77038699998002,auto
1768187895505,Sunny,Day,0.049479166666666664,98.95833333333333,-7.0,25.886403000015434,auto
1768187895534,Sunny,Day,0.04670138888888889,93.40277777777779,-7.0,19.91573699996252,auto
1768187895566,Sunny,Day,0.04913194444444444,98.26388888888889,-7.0,23.493338999969637,auto
1768187895598,Sunny,Day,0.05407986111111111,100.0,-9.0,25.141931999996814,auto
1768187895628,Sunny,Day,0.05286458333333333,100.0,-8.0,24.362636000034854,auto
1768187895661,Sunny,Day,0.05182291666666667,100.0,-8.0,25.797570000008818,auto
1768187895692,Sunny,Day,0.05186631944444445,100.0,-7.0,23.47386099995674,auto
1768187895723,Sunny,Day,0.05447048611111111,100.0,-8.0,24.691076000010526,auto
1768187895758,Sunny,Day,0.05243055555555556,100.0,-8.0,28.902038000012453,auto
1768187895791,Sunny,Day,0.05347222222222222,100.0,-8.0,23.031289000016386,auto
1768187895822,Sunny,Day,0.051953125,100.0,-8.0,17.992174999960753,auto
1768187895852,Sunny,Day,0.05755208333333333,100.0,-8.0,21.75292999999101,auto
1768187895882,Sunny,Day,0.05625,100.0,-8.0,17.132349999997132,auto
1768187895913,Sunny,Day,0.052994791666666666,100.0,-8.0,15.10472000001073,auto
1768187895945,Sunny,Day,0.05234375,100.0,-8.0,23.76211900002545,auto
1768187895977,Sunny,Day,0.05434027777777778,100.0,-9.0,23.285758999975315,auto
1768187896010,Sunny,Day,0.055859375,100.0,-9.0,17.66628299998274,auto
1768187896039,Sunny,Day,0.05594618055555556,100.0,-10.0,16.252642000040396,auto
1768187896070,Sunny,Day,0.05503472222222222,100.0,-10.0,22.157949000018107,auto
1768187896102,Sunny,Day,0.054210069444444446,100.0,-9.0,21.731344000045283,auto
1768187896134,Sunny,Day,0.05538194444444444,100.0,-9.0,21.7356609999797,auto
1768187896169,Sunny,Day,0.05642361111111111,100.0,-8.0,26.888839999969605,auto
1768187896198,Sunny,Day,0.05455729166666667,100.0,-8.0,20.050498999978572,auto
1768187896228,Sunny,Day,0.052994791666666666,100.0,-8.0,22.584145999985594,auto
1768187896260,Sunny,Day,0.053385416666666664,100.0,-6.0,22.165121000000454,auto
1768187896292,Sunny,Day,0.05438368055555556,100.0,-7.0,18.518051999990348,auto
1768187896324,Sunny,Day,0.056640625,100.0,-6.0,18.999145999998746,auto
1768187896353,Sunny,Day,0.05360243055555555,100.0,-6.0,20.87720599996601,auto
1768187896385,Sunny,Day,0.054774305555555555,100.0,-7.0,23.46901099997467,auto
1768187896418,Sunny,Day,0.056380208333333334,100.0,-8.0,18.033919999993486,auto
1768187896448,Sunny,Day,0.05308159722222222,100.0,-9.0,17.93787799999791,auto
1768187896481,Sunny,Day,0.05078125,100.0,-9.0,23.94954900000812,auto
1768187896511,Sunny,Day,0.051432291666666664,100.0,-10.0,19.57142499998099,auto
1768187896542,Sunny,Day,0.05134548611111111,100.0,-10.0,21.63774800004603,auto
1768187896575,Sunny,Day,0.05538194444444444,100.0,-10.0,24.670783000033225,auto
1768187896607,Sunny,Day,0.055078125,100.0,-9.0,22.627328999988094,auto
1768187896636,Sunny,Day,0.05360243055555555,100.0,-8.0,19.12419300003876,auto
1768187896668,Sunny,Day,0.05490451388888889,100.0,-7.0,22.84363400002576,auto
1768187896699,Sunny,Day,0.05238715277777778,100.0,-7.0,19.743491000042468,auto
1768187896731,Sunny,Day,0.052300347222222224,100.0,-7.0,21.147684999959893,auto
1768187896763,Sunny,Day,0.04887152777777778,97.74305555555556,-6.0,20.257981999975527,auto
1768187896795,Sunny,Day,0.05368923611111111,100.0,-6.0,19.427548999999544,auto
1768187896827,Sunny,Day,0.05256076388888889,100.0,,21.611283000027015,auto
1768187896858,Sunny,Day,0.051953125,100.0,-7.0,22.157504000006156,auto
1768187896889,Sunny,Day,0.04761284722222222,95.22569444444444,-8.0,21.649796000019705,auto
1768187896919,Sunny,Day,0.047135416666666666,94.27083333333333,-9.0,19.92434100003493,auto
1768187896951,Sunny,Day,0.049652777777777775,99.30555555555554,-9.0,23.269515999970736,auto
1768187896984,Sunny,Day,0.04822048611111111,96.44097222222223,-10.0,23.297705999993923,auto
1768187897017,Sunny,Day,0.047265625,94.53125,-10.0,23.177746000044408,auto
1768187897044,Sunny,Day,0.048828125,97.65625,-9.0,18.36356699999442,auto
1768187897077,Sunny,Day,0.048394097222222224,96.78819444444444,-9.0,24.414485000022523,auto
1768187897108,Sunny,Day,0.04791666666666667,95.83333333333334,-8.0,20.044546000008268,auto
1768187897142,Sunny,Day,0.050303819444444446,100.0,-8.0,24.57807700000103,auto
1768187897171,Sunny,Day,0.04848090277777778,96.96180555555556,-7.0,17.72819399997161,auto
1768187897203,Sunny,Day,0.05095486111111111,100.0,-7.0,20.17585300001201,auto
1768187897234,Sunny,Day,0.05290798611111111,100.0,-6.0,20.828610999956254,auto
1768187897265,Sunny,Day,0.05399305555555556,100.0,-6.0,21.729026000002705,auto
1768187897296,Sunny,Day,0.05399305555555556,100.0,-5.0,23.13569499995083,auto
1768187897328,Sunny,Day,0.05768229166666667,100.0,-6.0,22.866241000031096,auto
1768187897362,Sunny,Day,0.05772569444444445,100.0,-6.0,25.803047000010793,auto
1768187897393,Sunny,Day,0.05859375,100.0,-6.0,22.61391199999707,auto
1768187897426,Sunny,Day,0.05798611111111111,100.0,-6.0,21.552776000021368,auto
1768187897454,Sunny,Day,0.057942708333333336,100.0,-7.0,15.638523000006899,auto
1768187897484,Sunny,Day,0.060460069444444445,100.0,-8.0,22.276608999959535,auto
1768187897518,Sunny,Day,0.06032986111111111,100.0,-7.0,25.50797999998622,auto
1768187897547,Sunny,Day,0.0609375,100.0,-9.0,20.8792249999874,auto
1768187897579,Sunny,Day,0.05720486111111111,100.0,-7.0,23.708185000032245,auto
1768187897611,Sunny,Day,0.059418402777777775,100.0,-8.0,22.50945899999124,auto
1768187897642,Sunny,Day,0.06158854166666667,100.0,-7.0,20.698284999980388,auto
1768187897673,Sunny,Day,0.06085069444444444,100.0,-7.0,19.509621999986848,auto
1768187897705,Sunny,Day,0.05798611111111111,100.0,-6.0,22.907867000014903,auto
1768187897737,Sunny,Day,0.060546875,100.0,-6.0,17.164062000006197,auto
1768187897768,Sunny,Day,0.06258680555555556,100.0,-7.0,22.97349299999496,auto
1768187897801,Sunny,Day,0.06393229166666667,100.0,-7.0,24.196033999999145,auto
1768187897832,Sunny,Day,0.06341145833333334,100.0,-7.0,19.728702999998404,auto
1768187897866,Sunny,Day,0.06341145833333334,100.0,-7.0,25.213191000034385,auto
1768187897894,Sunny,Day,0.06731770833333334,100.0,-7.0,18.43732899999395,auto
1768187897925,Sunny,Day,0.06671006944444445,100.0,-7.0,18.90464399997427,auto
1768187897956,Sunny,Day,0.06744791666666666,100.0,-7.0,21.94997899999862,auto
1768187897987,Sunny,Day,0.06649305555555556,100.0,-7.0,21.56537900003741,auto
1768187898019,Sunny,Day,0.0685763888888889,100.0,-6.0,23.46798100001024,auto
1768187898051,Sunny,Day,0.06436631944444444,100.0,-6.0,16.600338999978703,auto
1768187898082,Sunny,Day,0.06332465277777778,100.0,-6.0,22.227609999958986,auto
1768187898116,Sunny,Day,0.065234375,100.0,-7.0,25.60614600002964,auto
1768187898149,Sunny,Day,0.06514756944444444,100.0,-6.0,22.85159199999498,auto
1768187898175,Sunny,Day,0.06410590277777778,100.0,-6.0,16.01438599999483,auto
1768187898207,Sunny,Day,0.06549479166666666,100.0,-7.0,24.21844399998463,auto
1768187898239,Sunny,Day,0.06302083333333333,100.0,-6.0,20.948734000000968,auto
1768187898268,Sunny,Day,0.063671875,100.0,-6.0,22.336823999978606,auto
1768187898299,Sunny,Day,0.060633680555555555,100.0,-5.0,24.701575999984016,auto
1768187898331,Sunny,Day,0.06375868055555556,100.0,-7.0,25.355562999948233,auto
1768187898364,Sunny,Day,0.05894097222222222,100.0,-6.0,21.40738399998554,auto
1768187898394,Sunny,Day,0.05881076388888889,100.0,-7.0,16.138000000012198,auto
1768187898427,Sunny,Day,0.05737847222222222,100.0,-7.0,26.756719999980305,auto
1768187898458,Sunny,Day,0.059071180555555554,100.0,-8.0,23.363543000016307,auto
1768187898488,Sunny,Day,0.057942708333333336,100.0,-8.0,22.90046299998494,auto
1768187898521,Sunny,Day,0.058203125,100.0,-9.0,25.604588000021522,auto
1768187898553,Sunny,Day,0.05611979166666667,100.0,-6.0,24.537282999972376,auto
1768187898584,Sunny,Day,0.05651041666666667,100.0,-9.0,22.012869999969098,auto
1768187898614,Sunny,Day,0.05481770833333333,100.0,-7.0,22.609090000003107,auto
1768187898647,Sunny,Day,0.055815972222222225,100.0,-5.0,26.589570999988155,auto
1768187898677,Sunny,Day,0.054210069444444446,100.0,-5.0,21.285587000022588,auto
1768187898708,Sunny,Day,0.05390625,100.0,-4.0,21.760675000052743,auto
1768187898739,Sunny,Day,0.05486111111111111,100.0,-5.0,24.672368999972605,auto
1768187898772,Sunny,Day,0.05368923611111111,100.0,-4.0,25.803724000013517,auto
1768187898802,Sunny,Day,0.05568576388888889,100.0,-4.0,24.076482999987547,auto
1768187898840,Sunny,Day,0.053515625,100.0,-5.0,30.96389500001351,auto
1768187898866,Sunny,Day,0.055512152777777775,100.0,-7.0,19.74678699997412,auto
1768187898896,Sunny,Day,0.05542534722222222,100.0,-6.0,23.74037100003079,auto
1768187898929,Sunny,Day,0.05364583333333333,100.0,-6.0,25.64641699996173,auto
1768187898960,Sunny,Day,0.053862847222222225,100.0,-6.0,20.297378999998728,auto
1768187898991,Sunny,Day,0.05603298611111111,100.0,-9.0,19.349961999978404,auto
1768187899022,Sunny,Day,0.053385416666666664,100.0,-6.0,25.059647999967183,auto
1768187899058,Sunny,Day,0.05203993055555556,100.0,-5.0,28.77795500000957,auto
1768187899085,Sunny,Day,0.05182291666666667,100.0,-4.0,17.84823299999516,auto
1768187899117,Sunny,Day,0.05151909722222222,100.0,-4.0,24.968824000040968,auto
1768187899148,Sunny,Day,0.05373263888888889,100.0,-5.0,23.67375500000435,auto
1768187899179,Sunny,Day,0.05303819444444444,100.0,-5.0,17.02081299998781,auto
1768187899211,Sunny,Day,0.05256076388888889,100.0,-4.0,18.651912999985143,auto
1768187899243,Sunny,Day,0.05173611111111111,100.0,-6.0,25.84163000000217,auto
1768187899274,Sunny,Day,0.052256944444444446,100.0,-8.0,23.610410999992837,auto
1768187899306,Sunny,Day,0.051041666666666666,100.0,-10.0,24.960335000002942,auto
1768187899339,Sunny,Day,0.05277777777777778,100.0,-11.0,26.084350000019185,auto
1768187899368,Sunny,Day,0.05347222222222222,100.0,-12.0,22.5893080000219,auto
1768187899400,Sunny,Day,0.05407986111111111,100.0,-12.0,25.127295000004324,auto
1768187899431,Sunny,Day,0.05256076388888889,100.0,-13.0,22.092321999991782,auto
1768187899464,Sunny,Day,0.05399305555555556,100.0,-14.0,26.838102999988678,auto
1768187899494,Sunny,Day,0.05234375,100.0,-13.0,19.05468000001065,auto
1768187899525,Sunny,Day,0.05360243055555555,100.0,-15.0,24.683293999999023,auto
1768187899557,Sunny,Day,0.053168402777777776,100.0,-13.0,25.271106999980475,auto
1768187899588,Sunny,Day,0.05199652777777778,100.0,-14.0,24.362569999993866,auto
1768187899619,Sunny,Day,0.05221354166666667,100.0,-15.0,20.49936200000957,auto
1768187899651,Sunny,Day,0.05377604166666667,100.0,-16.0,25.048846999993657,auto
1768187899682,Sunny,Day,0.05455729166666667,100.0,-16.0,18.019584999990457,auto
1768187899714,Sunny,Day,0.05334201388888889,100.0,-15.0,22.697722000032172,auto
1768187899745,Sunny,Day,0.05342881944444444,100.0,-16.0,24.684997999997904,auto
1768187899778,Sunny,Day,0.05503472222222222,100.0,-17.0,26.361113999996633,auto
1768187899808,Sunny,Day,0.05412326388888889,100.0,-17.0,22.951173000024028,auto
1768187899839,Sunny,Day,0.054774305555555555,100.0,-15.0,24.348318000022573,auto
1768187899873,Sunny,Day,0.053385416666666664,100.0,-12.0,23.811394999995628,auto
1768187899905,Sunny,Day,0.055078125,100.0,-17.0,25.244845999964127,auto
1768187899934,Sunny,Day,0.055859375,100.0,-16.0,22.206723000010697,auto
1768187899967,Sunny,Day,0.055512152777777775,100.0,-16.0,24.70025100001294,auto
1768187899998,Sunny,Day,0.054210069444444446,100.0,-16.0,21.91654099999596,auto
1768187900028,Sunny,Day,0.05611979166666667,100.0,-15.0,22.170393000010336,auto
1768187900060,Sunny,Day,0.05538194444444444,100.0,-15.0,25.277012999993076,auto
1768187900091,Sunny,Day,0.056901041666666666,100.0,-16.0,23.51543899999342,auto
1768187900122,Sunny,Day,0.057118055555555554,100.0,-17.0,24.404759999981707,auto
1768187900155,Sunny,Day,0.057118055555555554,100.0,-16.0,26.199932999986686,auto
1768187900187,Sunny,Day,0.05785590277777778,100.0,-15.0,23.561212999993586,auto
1768187900216,Sunny,Day,0.058680555555555555,100.0,-16.0,22.044208000011167,auto
1768187900248,Sunny,Day,0.05824652777777778,100.0,-16.0,23.00030099996775,auto
1768187900283,Sunny,Day,0.057118055555555554,100.0,-15.0,28.484558999991805,auto
1768187900311,Sunny,Day,0.05789930555555556,100.0,-16.0,19.747184000038942,auto
1768187900342,Sunny,Day,0.05863715277777778,100.0,-16.0,24.0751100000125,auto
1768187900374,Sunny,Day,0.05798611111111111,100.0,-16.0,25.63082899996516,auto
1768187900405,Sunny,Day,0.057118055555555554,100.0,-16.0,24.02403499996808,auto
1768187900436,Sunny,Day,0.05698784722222222,100.0,-15.0,19.452911000030326,auto
1768187900469,Sunny,Day,0.05733506944444444,100.0,-16.0,25.641706999977032,auto
1768187900501,Sunny,Day,0.05881076388888889,100.0,-16.0,20.922716000029595,auto
1768187900532,Sunny,Day,0.05772569444444445,100.0,-16.0,23.469070999965425,auto
1768187900563,Sunny,Day,0.05625,100.0,-12.0,24.2342270000222,auto
1768187900594,Sunny,Day,0.05911458333333333,100.0,-16.0,13.662742000008166,auto
1768187900627,Sunny,Day,0.05720486111111111,100.0,-16.0,25.813889000005474,auto
1768187900657,Sunny,Day,0.057118055555555554,100.0,-15.0,19.77253499995868,auto
1768187900691,Sunny,Day,0.056727430555555555,100.0,-15.0,21.12347399997816,auto
1768187900720,Sunny,Day,0.05755208333333333,100.0,-15.0,15.221519000021999,auto
1768187900751,Sunny,Day,0.058116319444444446,100.0,-17.0,23.43447200001947,auto
1768187900783,Sunny,Day,0.05677083333333333,100.0,-16.0,25.261539000041466,auto
1768187900816,Sunny,Day,0.05607638888888889,100.0,-16.0,10.327990999996928,auto
1768187900845,Sunny,Day,0.055815972222222225,100.0,-15.0,21.699658000045474,auto
1768187900878,Sunny,Day,0.05603298611111111,100.0,-16.0,26.495651000004727,auto
1768187900908,Sunny,Day,0.056727430555555555,100.0,-17.0,22.735549999993054,auto
1768187900942,Sunny,Day,0.05559895833333333,100.0,-16.0,27.13502899996456,auto
1768187900972,Sunny,Day,0.05455729166666667,100.0,-16.0,22.006847000000107,auto
1768187901005,Sunny,Day,0.05525173611111111,100.0,-15.0,24.726116000010734,auto
1768187901033,Sunny,Day,0.053125,100.0,-16.0,18.003681999971377,auto
1768187901065,Sunny,Day,0.055512152777777775,100.0,-17.0,24.120967999976983,auto
1768187901099,Sunny,Day,0.05394965277777778,100.0,-15.0,22.633842999994158,auto
1768187901128,Sunny,Day,0.05394965277777778,100.0,-16.0,17.843233000007785,auto
1768187901159,Sunny,Day,0.05455729166666667,100.0,-16.0,25.065257999983714,auto
1768187901192,Sunny,Day,0.055815972222222225,100.0,-16.0,26.060603000019,auto
1768187901222,Sunny,Day,0.0546875,100.0,-15.0,22.424971000020832,auto
1768187901254,Sunny,Day,0.05455729166666667,100.0,-15.0,25.08569899998747,auto
1768187901286,Sunny,Day,0.05577256944444445,100.0,-16.0,26.016479000020354,auto
1768187901317,Sunny,Day,0.05564236111111111,100.0,-17.0,20.039423000014267,auto
1768187901348,Sunny,Day,0.05451388888888889,100.0,-16.0,23.411846999977115,auto
1768187901379,Sunny,Day,0.05572916666666667,100.0,-15.0,24.226394999971035,auto
1768187901412,Sunny,Day,0.055512152777777775,100.0,-16.0,21.221310000044014,auto
1768187901444,Sunny,Day,0.05546875,100.0,-16.0,22.192471000039404,auto
1768187901473,Sunny,Day,0.05590277777777778,100.0,-16.0,20.94170100002657,auto
1768187901508,Sunny,Day,0.05308159722222222,100.0,-16.0,21.85713700004044,auto
1768187901536,Sunny,Day,0.055338541666666664,100.0,-16.0,17.5644029999944,auto
1768187901567,Sunny,Day,0.057465277777777775,100.0,-16.0,24.682129999973768,auto
1768187901601,Sunny,Day,0.056640625,100.0,-15.0,26.801153999997496,auto
1768187901633,Sunny,Day,0.05659722222222222,100.0,-16.0,21.243548000029477,auto
1768187901662,Sunny,Day,0.05555555555555555,100.0,-16.0,18.07571500000904,auto
1768187901694,Sunny,Day,0.05685763888888889,100.0,-16.0,25.246350999964307,auto
1768187901725,Sunny,Day,0.057421875,100.0,-17.0,22.44902600000387,auto
1768187901756,Sunny,Day,0.05499131944444444,100.0,-16.0,19.34231100000261,auto
1768187901788,Sunny,Day,0.055338541666666664,100.0,-16.0,23.58528600001364,auto
1768187901822,Sunny,Day,0.05659722222222222,100.0,-16.0,20.05374899999879,auto
1768187901852,Sunny,Day,0.05807291666666667,100.0,-16.0,17.991246999997657,auto
1768187901882,Sunny,Day,0.05733506944444444,100.0,-16.0,17.346228000008068,auto
1768187901916,Sunny,Day,0.05798611111111111,100.0,-16.0,25.26188000001639,auto
1768187901945,Sunny,Day,0.057769097222222225,100.0,-17.0,19.432375999997475,auto
1768187901979,Sunny,Day,0.05846354166666667,100.0,-17.0,23.2130929999812,auto
1768187902010,Sunny,Day,0.058680555555555555,100.0,-17.0,23.09816199999659,auto
1768187902040,Sunny,Day,0.05716145833333333,100.0,-16.0,22.20219899999165,auto
1768187902071,Sunny,Day,0.05768229166666667,100.0,-17.0,23.899334999953226,auto
1768187902105,Sunny,Day,0.06076388888888889,100.0,-17.0,27.06765200002792,auto
1768187902136,Sunny,Day,0.06145833333333333,100.0,-17.0,24.048366000045007,auto
1768187902166,Sunny,Day,0.0609375,100.0,-17.0,22.926078000011785,auto
1768187902196,Sunny,Day,0.06015625,100.0,-17.0,23.307864000003065,auto
1768187902227,Sunny,Day,0.060633680555555555,100.0,-17.0,24.25388000000339,auto
1768187902259,Sunny,Day,0.061197916666666664,100.0,-18.0,24.394219999976485,auto
1768187902292,Sunny,Day,0.06236979166666667,100.0,-18.0,26.156233999984124,auto
1768187902323,Sunny,Day,0.06163194444444445,100.0,-17.0,25.005797000005714,auto
1768187902353,Sunny,Day,0.06215277777777778,100.0,-17.0,22.734962000015457,auto
1768187902385,Sunny,Day,0.0609375,100.0,-18.0,25.44920100001491,auto
1768187902418,Sunny,Day,0.06193576388888889,100.0,-18.0,25.985077000029833,auto
1768187902449,Sunny,Day,0.06032986111111111,100.0,-17.0,23.502685999972073,auto
1768187902480,Sunny,Day,0.06041666666666667,100.0,-18.0,23.815591000015957,auto
1768187902511,Sunny,Day,0.059895833333333336,100.0,-18.0,22.416460999977517,auto
1768187902543,Sunny,Day,0.059765625,100.0,-18.0,18.38092399998459,auto
1768187902573,Sunny,Day,0.06024305555555556,100.0,-17.0,20.82941999998411,auto
1768187902604,Sunny,Day,0.05933159722222222,100.0,-18.0,24.918365000019094,auto
1768187902638,Sunny,Day,0.05920138888888889,100.0,-17.0,25.98844999999983,auto
1768187902667,Sunny,Day,0.06015625,100.0,-18.0,20.567625000012413,auto
1768187902699,Sunny,Day,0.059722222222222225,100.0,-17.0,25.517637999996623,auto
1768187902732,Sunny,Day,0.05985243055555556,100.0,-18.0,25.53742999998576,auto
1768187902762,Sunny,Day,0.06019965277777778,100.0,-18.0,21.794115999966834,auto
1768187902793,Sunny,Day,0.06050347222222222,100.0,-18.0,24.856562999957532,auto
1768187902824,Sunny,Day,0.06015625,100.0,-18.0,24.250988999995116,auto
1768187902856,Sunny,Day,0.05911458333333333,100.0,-18.0,23.958784000001287,auto
1768187902888,Sunny,Day,0.05863715277777778,100.0,-17.0,24.99295500001608,auto
1768187902919,Sunny,Day,0.06015625,100.0,-17.0,23.749914999996236,auto
1768187902951,Sunny,Day,0.05933159722222222,100.0,-17.0,25.45353700003261,auto
1768187902982,Sunny,Day,0.05946180555555555,100.0,-17.0,23.6700629999973,auto
1768187903013,Sunny,Day,0.059418402777777775,100.0,-18.0,23.121217999971577,auto
1768187903044,Sunny,Day,0.060633680555555555,100.0,-17.0,22.995809000008194,auto
1768187903076,Sunny,Day,0.06019965277777778,100.0,-18.0,23.030258999995112,auto
1768187903107,Sunny,Day,0.06128472222222222,100.0,-18.0,24.363062000020363,auto
1768187903142,Sunny,Day,0.060546875,100.0,-18.0,27.579007999975147,auto
1768187903176,Sunny,Day,0.062022569444444446,100.0,-17.0,27.167560000009416,auto
1768187903205,Sunny,Day,0.06228298611111111,100.0,-17.0,19.320139999990715,auto
1768187903238,Sunny,Day,0.06215277777777778,100.0,-17.0,24.374847999979465,auto
1768187903268,Sunny,Day,0.06067708333333333,100.0,-17.0,17.97166000000061,auto
1768187903298,Sunny,Day,0.06228298611111111,100.0,-18.0,15.762069999993855,auto
1768187903330,Sunny,Day,0.06514756944444444,100.0,-18.0,23.66265599999906,auto
1768187903362,Sunny,Day,0.062239583333333334,100.0,-18.0,18.60042399999884,auto
1768187903393,Sunny,Day,0.06228298611111111,100.0,-18.0,19.945773000017653,auto
1768187903423,Sunny,Day,0.062890625,100.0,-17.0,17.469129999994948,auto
1768187903457,Sunny,Day,0.06475694444444445,100.0,-17.0,25.611251999976048,auto
1768187903488,Sunny,Day,0.06384548611111111,100.0,-18.0,22.136239000019486,auto
1768187903517,Sunny,Day,0.06254340277777778,100.0,-17.0,19.652961000019786,auto
1768187903553,Sunny,Day,0.061675347222222225,100.0,-17.0,27.46287399997982,auto
1768187903582,Sunny,Day,0.06141493055555555,100.0,-17.0,19.746617999999216,auto
1768264405654,Sunny,Day,0.0,0.0,,510.3384709999972,manual
1768264409327,Sunny,Day,0.09782986111111111,100.0,,11.957315000003632,manual
1768264409344,Sunny,Day,0.09513888888888888,100.0,,2.081627999999114,manual
1768264409375,Sunny,Day,0.09578993055555556,100.0,,26.296582000000512,manual
1768264409406,Sunny,Day,0.09748263888888889,100.0,,25.986166000009803,manual
1768264409437,Sunny,Day,0.09422743055555556,100.0,,26.45715999999254,manual
1768264409471,Sunny,Day,0.096875,100.0,,28.83290999999133,manual
1768264409501,Sunny,Day,0.09587673611111111,100.0,,24.84615800000256,manual
1768264409531,Sunny,Day,0.0959201388888889,100.0,,26.022681000000603,manual
1768264409563,Sunny,Day,0.09830729166666667,100.0,,27.53230500000825,manual
1768264409594,Sunny,Day,0.09722222222222222,100.0,,26.50437900000213,manual
1768264409626,Sunny,Day,0.09518229166666667,100.0,,26.78370600000335,manual
1768264409657,Sunny,Day,0.09713541666666667,100.0,,26.776724000001195,manual
1768264409689,Sunny,Day,0.09565972222222222,100.0,,27.119157000001337,manual
1768264409720,Sunny,Day,0.09526909722222222,100.0,,26.677419000009195,manual
1768264409751,Sunny,Day,0.09405381944444445,100.0,,27.167578999993225,manual
1768264409783,Sunny,Day,0.096484375,100.0,,26.96491100000742,manual
1768264409814,Sunny,Day,0.09730902777777778,100.0,,26.781872000000817,manual
1768264409845,Sunny,Day,0.09552951388888889,100.0,,26.915638000005515,manual
1768264409877,Sunny,Day,0.09739583333333333,100.0,,26.933765999999082,manual
1768264409908,Sunny,Day,0.09418402777777778,100.0,,26.734932000010758,manual
1768264409939,Sunny,Day,0.09496527777777777,100.0,,26.96337399999038,manual
1768264409971,Sunny,Day,0.09561631944444444,100.0,,26.849977000011904,manual
1768264410006,Sunny,Day,0.09431423611111112,100.0,,30.259740999994733,manual
1768264410034,Sunny,Day,0.09631076388888889,100.0,,23.393382000008955,manual
1768264410067,Sunny,Day,0.09670138888888889,100.0,,28.19521799999336,manual
1768264410098,Sunny,Day,0.09782986111111111,100.0,,25.61473200000819,manual
1768264410130,Sunny,Day,0.09704861111111111,100.0,,26.84305399999687,manual
1768264410160,Sunny,Day,0.09791666666666667,100.0,,25.39263999999264,manual
1768264410191,Sunny,Day,0.09835069444444444,100.0,,26.783115000000635,manual
1768264410222,Sunny,Day,0.09874131944444445,100.0,,23.43787799999575,manual
1768264410254,Sunny,Day,0.09921875,100.0,,26.909622999994554,manual
1768264410285,Sunny,Day,0.09613715277777778,100.0,,26.726007999997137,manual
1768264410316,Sunny,Day,0.09756944444444444,100.0,,26.500971999993794,manual
1768264410348,Sunny,Day,0.0974392361111111,100.0,,26.802466000006575,manual
1768264410379,Sunny,Day,0.09913194444444444,100.0,,26.835869999999318,manual
1768264410410,Sunny,Day,0.09561631944444444,100.0,,26.82820300000799,manual
1768264410442,Sunny,Day,0.0953125,100.0,,26.999523000000636,manual
1768264410473,Sunny,Day,0.09822048611111112,100.0,,26.88182900000413,manual
1768264410505,Sunny,Day,0.098046875,100.0,,27.04685199999801,manual
1768264410536,Sunny,Day,0.097265625,100.0,,26.961099999994076,manual
1768264410567,Sunny,Day,0.09644097222222223,100.0,,26.944860000000403,manual
1768264410599,Sunny,Day,0.09600694444444445,100.0,,26.879754999995953,manual
1768264410630,Sunny,Day,0.09748263888888889,100.0,,26.413239000007138,manual
1768264410662,Sunny,Day,0.09565972222222222,100.0,,26.894050000009884,manual
1768264410693,Sunny,Day,0.09518229166666667,100.0,,26.815889999994624,manual
1768264410725,Sunny,Day,0.09609375,100.0,,26.80531699999733,manual
1768264410756,Sunny,Day,0.09700520833333333,100.0,,26.820463000007067,manual
1768264410787,Sunny,Day,0.09513888888888888,100.0,,26.97067399999753,manual
1768264410819,Sunny,Day,0.09409722222222222,100.0,,26.9805239999954,manual
1768264410850,Sunny,Day,0.09401041666666667,100.0,,26.942879999992897,manual
1768264410883,Sunny,Day,0.09470486111111111,100.0,,28.039601000003245,manual
1768264410917,Sunny,Day,0.09665798611111111,100.0,,29.222760999999764,manual
1768264410944,Sunny,Day,0.09835069444444444,100.0,,23.34529300000554,manual
1768264410975,Sunny,Day,0.094921875,100.0,,26.422330999992028,manual
1768264411007,Sunny,Day,0.09361979166666666,100.0,,27.11692300000834,manual
1768264411038,Sunny,Day,0.0920138888888889,100.0,,26.86100900000099,manual
1768264411070,Sunny,Day,0.088671875,100.0,,27.041883000009648,manual
1768264411103,Sunny,Day,0.07942708333333333,100.0,,28.284951999992813,manual
1768264411133,Sunny,Day,0.07934027777777777,100.0,,25.89001200000496,manual
1768264411165,Sunny,Day,0.08203125,100.0,,26.451671000003785,manual
1768264411195,Sunny,Day,0.088671875,100.0,,25.645142000001897,manual
1768264411227,Sunny,Day,0.10364583333333334,100.0,,27.12500600000567,manual
1768264411258,Sunny,Day,0.11944444444444445,100.0,42.0,26.66170999999906,manual
1768264411291,Sunny,Day,0.12977430555555555,100.0,,27.368210000005888,manual
1768264411322,Sunny,Day,0.14066840277777778,100.0,40.0,26.07071900000335,manual
1768264411353,Sunny,Day,0.14192708333333334,100.0,41.0,24.431866999989893,manual
1768264411385,Sunny,Day,0.14878472222222222,100.0,42.0,26.437024000003362,manual
1768264411415,Sunny,Day,0.15095486111111112,100.0,,26.462041000002046,manual
1768264411447,Sunny,Day,0.14752604166666666,100.0,,26.617103000006637,manual
1768264411478,Sunny,Day,0.14466145833333333,100.0,,26.73261200000354,manual
1768264411509,Sunny,Day,0.1384982638888889,100.0,,26.544274999992012,manual
1768264411542,Sunny,Day,0.134765625,100.0,,27.747846000011123,manual
1768264411573,Sunny,Day,0.1310763888888889,100.0,58.0,26.05007299999329,manual
1768264411604,Sunny,Day,0.12595486111111112,100.0,58.0,24.822706999998445,manual
1768264411636,Sunny,Day,0.12126736111111111,100.0,58.0,26.92052300000114,manual
1768264411667,Sunny,Day,0.11792534722222223,100.0,56.0,26.066496999987976,manual
1768264411698,Sunny,Day,0.11848958333333333,100.0,,26.6079180000105,manual
1768264411730,Sunny,Day,0.11184895833333333,100.0,,26.877786000000015,manual
1768264411761,Sunny,Day,0.10421006944444444,100.0,,26.266055999997207,manual
1768264411792,Sunny,Day,0.09778645833333334,100.0,,26.420951999995168,manual
1768264411823,Sunny,Day,0.09427083333333333,100.0,,22.5476279999981,manual
1768264411856,Sunny,Day,0.09153645833333333,100.0,-71.0,28.422590000005243,manual
1768264411886,Sunny,Day,0.05828993055555556,100.0,,24.81128200000171,manual
1768264411920,Sunny,Day,0.030685763888888887,61.37152777777777,,29.571980000000053,manual
1768264411949,Sunny,Day,0.018359375,36.71875,69.0,24.15298199998972,manual
1768264411981,Sunny,Day,0.011197916666666667,22.395833333333332,70.0,25.81916600000511,manual
1768264412012,Sunny,Day,0.007942708333333333,15.885416666666666,71.0,26.471787999994945,manual
1768264412044,Sunny,Day,0.015104166666666667,30.208333333333332,71.0,27.514203999999154,manual
1768264412075,Sunny,Day,0.030512152777777777,61.02430555555556,70.0,25.330292000006693,manual
1768264412107,Sunny,Day,0.04670138888888889,93.40277777777779,,27.149637999997367,manual
1768264412137,Sunny,Day,0.05959201388888889,100.0,,25.457227000003968,manual
1768264412169,Sunny,Day,0.06141493055555555,100.0,,27.09962299999802,manual
1768264412201,Sunny,Day,0.05681423611111111,100.0,,27.212930000004576,manual
1768264412233,Sunny,Day,0.04635416666666667,92.70833333333334,,24.20437600000014,manual
1768264412263,Sunny,Day,0.03355034722222222,67.10069444444444,,25.42861800000651,manual
1768264412294,Sunny,Day,0.018967013888888887,37.93402777777777,,26.528554999998732,manual
1768264412326,Sunny,Day,0.009331597222222222,18.663194444444443,,26.788109999998255,manual
1768264412357,Sunny,Day,0.0038628472222222224,7.725694444444445,,27.09321700000089,manual
1768264412389,Sunny,Day,0.0,0.0,,26.889472000007686,manual
1768264412420,Sunny,Day,0.001171875,2.34375,,27.07401499999662,manual
1768264412451,Sunny,Day,0.0028211805555555555,5.642361111111111,,26.65724999999952,manual
1768264412483,Sunny,Day,0.0072048611111111115,14.409722222222223,-32.0,27.268945000002986,manual
1768264412514,Sunny,Day,0.02065972222222222,41.31944444444444,-42.0,26.560627000009163,manual
1768264412546,Sunny,Day,0.023220486111111112,46.44097222222222,-63.0,26.34410599999626,manual
1768264412578,Sunny,Day,0.03693576388888889,73.87152777777779,-63.0,25.800572000008515,manual
1768264412609,Sunny,Day,0.058680555555555555,100.0,-76.0,25.487687999998343,manual
1768264412641,Sunny,Day,0.08151041666666667,100.0,71.0,27.66184099999691,manual
1768264412673,Sunny,Day,0.10251736111111111,100.0,58.0,27.19867199999726,manual
1768264412703,Sunny,Day,0.11701388888888889,100.0,45.0,25.6563240000105,manual
1768264412735,Sunny,Day,0.1410590277777778,100.0,33.0,27.850087000004464,manual
1768264412766,Sunny,Day,0.14657118055555557,100.0,19.0,25.15213899999935,manual
1768264412797,Sunny,Day,0.1636284722222222,100.0,,25.12486300000205,manual
1768264412829,Sunny,Day,0.18077256944444445,100.0,-43.0,26.950874999997154,manual
1768264412861,Sunny,Day,0.17890625,100.0,70.0,26.935765999994032,manual
1768264412891,Sunny,Day,0.15989583333333332,100.0,58.0,25.546942999994826,manual
1768264412924,Sunny,Day,0.11762152777777778,100.0,-40.0,28.235021000000415,manual
1768264412956,Sunny,Day,0.0896267361111111,100.0,-49.0,25.180024999997386,manual
1768264412986,Sunny,Day,0.06788194444444444,100.0,-57.0,24.782555000001594,manual
1768264413017,Sunny,Day,0.04973958333333333,99.47916666666666,-65.0,25.77841599999431,manual
1768264413049,Sunny,Day,0.03658854166666667,73.17708333333334,,26.94027900000151,manual
1768264413080,Sunny,Day,0.03671875,73.4375,,26.352560999995944,manual
1768264413111,Sunny,Day,0.0265625,53.125,,26.504828000000202,manual
1768264413142,Sunny,Day,0.026085069444444445,52.17013888888889,,27.109099999989894,manual
1768264413174,Sunny,Day,0.02404513888888889,48.09027777777778,,26.62867099999744,manual
1768264413205,Sunny,Day,0.023567708333333333,47.135416666666664,,26.855303999994362,manual
1768264413237,Sunny,Day,0.021788194444444443,43.576388888888886,,27.382266000003597,manual
1768264413268,Sunny,Day,0.03268229166666667,65.36458333333334,,26.82152799999926,manual
1768264413299,Sunny,Day,0.031163194444444445,62.32638888888889,,26.866118000000938,manual
1768264413331,Sunny,Day,0.030989583333333334,61.97916666666667,,27.055585999988807,manual
1768264413362,Sunny,Day,0.03359375,67.1875,,26.109855000001403,manual
1768264413395,Sunny,Day,0.04079861111111111,81.59722222222223,,28.62029199999938,manual
1768264413425,Sunny,Day,0.03728298611111111,74.56597222222221,,24.90803099999539,manual
1768264413456,Sunny,Day,0.031336805555555555,62.67361111111111,,27.143356999999924,manual
1768264413488,Sunny,Day,0.025607638888888888,51.21527777777778,,26.730219000000943,manual
1768264413519,Sunny,Day,0.02573784722222222,51.47569444444444,,26.93278000000987,manual
1768264413550,Sunny,Day,0.026302083333333334,52.604166666666664,,26.842990000005784,manual
1768264413582,Sunny,Day,0.027647569444444443,55.295138888888886,,26.915150999997195,manual
1768264413613,Sunny,Day,0.02599826388888889,51.99652777777778,,26.81217599999286,manual
1768264413645,Sunny,Day,0.024956597222222224,49.91319444444445,,27.777092000007997,manual
1768264413677,Sunny,Day,0.023350694444444445,46.70138888888889,,26.557897999992974,manual
1768264413707,Sunny,Day,0.02309027777777778,46.18055555555556,,26.393315999996503,manual
1768264413740,Sunny,Day,0.016536458333333334,33.072916666666664,,28.58562800000186,manual
1768264413771,Sunny,Day,0.018055555555555554,36.11111111111111,,25.946107999999413,manual
1768264413802,Sunny,Day,0.017578125,35.15625,,26.371948000004863,manual
1768264413833,Sunny,Day,0.016189236111111113,32.37847222222223,,26.468923000010136,manual
1768264413864,Sunny,Day,0.009071180555555556,18.142361111111114,,26.5438429999989,manual
1768264413899,Sunny,Day,0.0006076388888888889,1.215277777777778,,29.477806000002715,manual
1768264413930,Sunny,Day,0.0,0.0,,24.619995999998423,manual
1768264413962,Sunny,Day,0.0,0.0,,25.66151599999955,manual
1768264413990,Sunny,Day,0.0,0.0,,20.8931240000112,manual
1768264414021,Sunny,Day,0.0,0.0,,26.54640399998698,manual
1768264414053,Sunny,Day,0.0,0.0,,26.865585999999553,manual
1768264414084,Sunny,Day,0.0,0.0,,26.86332600001151,manual
1768264414115,Sunny,Day,0.0,0.0,,27.059925000003204,manual
1768264414147,Sunny,Day,0.0,0.0,,26.59367699999393,manual
1768264414180,Sunny,Day,0.0,0.0,,28.495683000002714,manual
1768264414210,Sunny,Day,0.0,0.0,,25.883483000001206,manual
1768264414241,Sunny,Day,0.0,0.0,,25.950015999995912,manual
1768264414273,Sunny,Day,0.0,0.0,,27.51741400000185,manual
1768264414305,Sunny,Day,0.0,0.0,,24.53769999999622,manual
1768264414337,Sunny,Day,0.0,0.0,,27.508080999993467,manual
1768264414367,Sunny,Day,0.0,0.0,,24.549774000007574,manual
1768264414398,Sunny,Day,0.0,0.0,,26.89552799999717,manual
1768264414429,Sunny,Day,0.0005208333333333333,1.0416666666666667,,26.85667899999089,manual
1768264414461,Sunny,Day,0.00026041666666666666,0.5208333333333334,,27.45873300000312,manual
1768264414493,Sunny,Day,0.000390625,0.78125,,27.394791999995505,manual
1768264414524,Sunny,Day,0.0018663194444444445,3.7326388888888893,,25.861781000003248,manual
1768264414555,Sunny,Day,0.004166666666666667,8.333333333333334,,26.56892000000255,manual
1768264414588,Sunny,Day,0.0037760416666666667,7.552083333333333,,28.547846999998683,manual
1768264414618,Sunny,Day,0.00703125,14.0625,,23.745824999991783,manual
1768264414649,Sunny,Day,0.0069010416666666664,13.802083333333332,,26.12919000000602,manual
1768264414683,Sunny,Day,0.008289930555555556,16.57986111111111,5.0,28.860511999994287,manual
1768264414714,Sunny,Day,0.010112847222222223,20.225694444444446,1.0,24.298881999996524,manual
1768264414744,Sunny,Day,0.012152777777777778,24.305555555555557,-3.0,24.45055799999807,manual
1768264414779,Sunny,Day,0.010894097222222222,21.788194444444443,-5.0,30.18642600000021,manual
1768264414807,Sunny,Day,0.012717013888888889,25.43402777777778,-6.0,23.76382500000318,manual
1768264414838,Sunny,Day,0.015581597222222222,31.163194444444446,-10.0,26.167020000002594,manual
1768264414871,Sunny,Day,0.021440972222222222,42.88194444444444,-15.0,29.1027180000043,manual
1768264414903,Sunny,Day,0.03211805555555555,64.2361111111111,-25.0,26.47838800000102,manual
1768264414935,Sunny,Day,0.04266493055555556,85.32986111111111,-28.0,24.619676000000368,manual
1768264414963,Sunny,Day,0.05203993055555556,100.0,-7.0,23.557078999999703,manual
1768264414995,Sunny,Day,0.07217881944444444,100.0,13.0,25.99645700000508,manual
1768264415027,Sunny,Day,0.06180555555555556,100.0,-39.0,27.4040550000052,manual
1768264415058,Sunny,Day,0.08055555555555556,100.0,-7.0,25.745448999998644,manual
1768264415089,Sunny,Day,0.0681423611111111,100.0,60.0,26.53423300000668,manual
1768264415121,Sunny,Day,0.21766493055555555,100.0,79.0,27.284817000008843,manual
1768264415153,Sunny,Day,0.26532118055555554,100.0,,21.994362000000933,manual
1768264415184,Sunny,Day,0.197265625,100.0,-35.0,23.976093000001697,manual
1768264415216,Sunny,Day,0.18415798611111112,100.0,,23.605930000002218,manual
1768264415247,Sunny,Day,0.22756076388888888,100.0,1.0,26.50616100000036,manual
1768264415277,Sunny,Day,0.26753472222222224,100.0,,21.708214000000225,manual
1768264415309,Sunny,Day,0.28910590277777776,100.0,-27.0,27.235430999994037,manual
1768264415340,Sunny,Day,0.20633680555555556,100.0,47.0,26.694871999993097,manual
1768264415373,Sunny,Day,0.22621527777777778,100.0,-1.0,27.040425000009805,manual
1768264415403,Sunny,Day,0.26436631944444444,100.0,,20.14882699999987,manual
1768264415434,Sunny,Day,0.27643229166666666,100.0,,26.820067999992148,manual
1768264415467,Sunny,Day,0.2624565972222222,100.0,-31.0,27.38616300000274,manual
1768264415498,Sunny,Day,0.26362847222222224,100.0,76.0,25.796760000005747,manual
1768264415529,Sunny,Day,0.30863715277777776,100.0,,25.83088800000155,manual
1768264415561,Sunny,Day,0.3098958333333333,100.0,,27.416864999992185,manual
1768264415593,Sunny,Day,0.30655381944444443,100.0,,26.733536999998364,manual
1768264415624,Sunny,Day,0.2874565972222222,100.0,,25.949233000005734,manual
1768264415654,Sunny,Day,0.301171875,100.0,,26.017097999996963,manual
1768264415687,Sunny,Day,0.30060763888888886,100.0,,27.74951099999612,manual
1768264415718,Sunny,Day,0.2823350694444444,100.0,,26.617283999996744,manual
1768264415749,Sunny,Day,0.27890625,100.0,,25.763428999994176,manual
1768264415780,Sunny,Day,0.2936197916666667,100.0,,26.642078999998375,manual
1768264415812,Sunny,Day,0.30460069444444443,100.0,,27.1370490000038,manual
1768264415843,Sunny,Day,0.29596354166666666,100.0,,26.71039000000519,manual
1768264415874,Sunny,Day,0.28793402777777777,100.0,,25.027140000005943,manual
1768264415906,Sunny,Day,0.30486111111111114,100.0,,27.622204000010697,manual
1768264415937,Sunny,Day,0.3362847222222222,100.0,,26.373094999996738,manual
1768264415968,Sunny,Day,0.3308159722222222,100.0,,26.93987600000014,manual
1768264416001,Sunny,Day,0.32391493055555554,100.0,,28.051493000006644,manual
1768264416032,Sunny,Day,0.3099392361111111,100.0,-9.0,25.55103900000688,manual
1768264416063,Sunny,Day,0.3310329861111111,100.0,,24.829432000004203,manual
1768264416094,Sunny,Day,0.3311631944444444,100.0,,25.467285000004836,manual
1768264416125,Sunny,Day,0.2765625,100.0,46.0,27.056416000007744,manual
1768264416157,Sunny,Day,0.210546875,100.0,48.0,22.893375999998966,manual
1768264416188,Sunny,Day,0.2,100.0,43.0,24.551430000002483,manual
1768264416220,Sunny,Day,0.22690972222222222,100.0,-70.0,26.96692099999609,manual
1768264416250,Sunny,Day,0.22899305555555555,100.0,,25.671144000000368,manual
1768264416282,Sunny,Day,0.23012152777777778,100.0,11.0,21.20369500001118,manual
1768264416314,Sunny,Day,0.22061631944444443,100.0,20.0,26.985882999994715,manual
1768264416345,Sunny,Day,0.24769965277777778,100.0,,25.90592700001082,manual
1768264416376,Sunny,Day,0.26788194444444446,100.0,,26.543353000008096,manual
1768264416408,Sunny,Day,0.24622395833333333,100.0,,27.12987499999997,manual
1768264416441,Sunny,Day,0.21046006944444445,100.0,,24.679273999993256,manual
1768264416471,Sunny,Day,0.20438368055555556,100.0,,25.732399000006012,manual
1768264416504,Sunny,Day,0.19092881944444445,100.0,,28.37319299999308,manual
1768264416533,Sunny,Day,0.15321180555555555,100.0,,24.258242999991353,manual
1768264416565,Sunny,Day,0.11263020833333333,100.0,,27.313586999994754,manual
1768264416596,Sunny,Day,0.08576388888888889,100.0,,26.273220000007314,manual
1768264416627,Sunny,Day,0.06697048611111112,100.0,,26.872074999999995,manual
1768264416659,Sunny,Day,0.03901909722222222,78.03819444444444,-52.0,26.853038999988144,manual
1768264416691,Sunny,Day,0.009982638888888888,19.965277777777775,-51.0,26.480616000000623,manual
1768264416725,Sunny,Day,0.016796875,33.59375,-51.0,30.173552999997355,manual
1768264416754,Sunny,Day,0.025390625,50.78125,-55.0,22.23006299999497,manual
1768264416785,Sunny,Day,0.024348958333333334,48.697916666666664,-54.0,27.088137000006896,manual
1768264416818,Sunny,Day,0.03298611111111111,65.97222222222223,-56.0,26.930350000000658,manual
1768264416848,Sunny,Day,0.033854166666666664,67.70833333333333,-57.0,25.811691000001247,manual
1768264416879,Sunny,Day,0.03324652777777778,66.49305555555556,-61.0,26.22418600000742,manual
1768264416910,Sunny,Day,0.035243055555555555,70.48611111111111,-62.0,26.854686999996602,manual
1768264416942,Sunny,Day,0.02443576388888889,48.87152777777778,-63.0,26.463171999992596,manual
1768264416973,Sunny,Day,0.020008680555555554,40.01736111111111,-66.0,26.910127999997258,manual
1768264417005,Sunny,Day,0.020008680555555554,40.01736111111111,65.0,25.805474999998523,manual
1768264417036,Sunny,Day,0.019748263888888888,39.49652777777778,64.0,26.77634299999454,manual
1768264417067,Sunny,Day,0.012326388888888888,24.65277777777778,62.0,26.553022000001647,manual
1768264417099,Sunny,Day,0.013585069444444445,27.17013888888889,61.0,26.461544000000004,manual
1768264417132,Sunny,Day,0.016319444444444445,32.63888888888889,,29.175307000002704,manual
1768264417161,Sunny,Day,0.027734375,55.46875,,21.111941999990336,manual
1768264417192,Sunny,Day,0.03454861111111111,69.09722222222223,,26.911428000005344,manual
1768264417225,Sunny,Day,0.02282986111111111,45.65972222222222,,27.590983999999708,manual
1768264417257,Sunny,Day,0.02912326388888889,58.24652777777778,,25.01156699999285,manual
1768264417287,Sunny,Day,0.02248263888888889,44.96527777777778,,24.94575500000451,manual
1768264417318,Sunny,Day,0.019401041666666667,38.802083333333336,,26.108249000003525,manual
1768264417349,Sunny,Day,0.016710069444444444,33.420138888888886,,26.832395000013776,manual
1768264417381,Sunny,Day,0.01349826388888889,26.99652777777778,,26.371327000006772,manual
1768264417412,Sunny,Day,0.012760416666666666,25.520833333333332,,26.94474099999411,manual
1768264417445,Sunny,Day,0.02035590277777778,40.71180555555556,,28.472343999993655,manual
1768264417477,Sunny,Day,0.03012152777777778,60.24305555555556,,26.821007000009445,manual
1768264417507,Sunny,Day,0.037586805555555554,75.17361111111111,,25.579295000000002,manual
1768264417540,Sunny,Day,0.04240451388888889,84.80902777777779,,29.443939999993063,manual
1768264417571,Sunny,Day,0.048046875,96.09375,,26.106268000006594,manual
1768264417602,Sunny,Day,0.055512152777777775,100.0,-45.0,26.461729999994077,manual
1768264417632,Sunny,Day,0.06545138888888889,100.0,-40.0,24.336085000001617,manual
1768264417664,Sunny,Day,0.07521701388888889,100.0,-41.0,27.267500999997196,manual
1768264417696,Sunny,Day,0.07317708333333334,100.0,-42.0,26.924723999997013,manual
1768264417726,Sunny,Day,0.07816840277777778,100.0,-43.0,21.37294700000325,manual
1768264417758,Sunny,Day,0.07239583333333334,100.0,,20.722427000009702,manual
1768264417791,Sunny,Day,0.066015625,100.0,-76.0,22.651359999997567,manual
1768264417820,Sunny,Day,0.06536458333333334,100.0,-58.0,23.90936700000168,manual
1768264417852,Sunny,Day,0.0685763888888889,100.0,-55.0,27.181987999995272,manual
1768264417884,Sunny,Day,0.07881944444444444,100.0,-33.0,26.600112000011222,manual
1768264417915,Sunny,Day,0.08381076388888889,100.0,-51.0,26.38930799999173,manual
1768264417947,Sunny,Day,0.08993055555555556,100.0,-50.0,27.595039000004817,manual
1768264417978,Sunny,Day,0.08667534722222223,100.0,-31.0,23.54655199999911,manual
1768264418010,Sunny,Day,0.08528645833333333,100.0,-29.0,26.948357999998507,manual
1768264418040,Sunny,Day,0.07795138888888889,100.0,-28.0,23.9820360000067,manual
1768264418072,Sunny,Day,0.06610243055555555,100.0,-25.0,27.02680899999166,manual
1768264418105,Sunny,Day,0.06219618055555556,100.0,-30.0,28.073849000008977,manual
1768264418135,Sunny,Day,0.05577256944444445,100.0,-31.0,25.391001999992113,manual
1768264418166,Sunny,Day,0.055078125,100.0,-29.0,26.27512399999432,manual
1768264418197,Sunny,Day,0.04852430555555556,97.04861111111111,-29.0,25.984268000001975,manual
1768264418229,Sunny,Day,0.043446180555555554,86.89236111111111,-30.0,26.69543599999713,manual
1768264418261,Sunny,Day,0.04375,87.5,-30.0,27.160987000002024,manual
1768264418292,Sunny,Day,0.03337673611111111,66.75347222222221,-22.0,25.46499799998969,manual
1768264418323,Sunny,Day,0.03415798611111111,68.31597222222221,-21.0,26.256180000004292,manual
1768264418354,Sunny,Day,0.03407118055555555,68.1423611111111,-24.0,26.85563200000729,manual
1768264418388,Sunny,Day,0.03381076388888889,67.62152777777777,-28.0,29.196477000013488,manual
1768264418417,Sunny,Day,0.03802083333333333,76.04166666666666,-32.0,23.900891000010915,manual
1768264418450,Sunny,Day,0.03849826388888889,76.99652777777779,-37.0,28.10879099999397,manual
1768264418481,Sunny,Day,0.041449652777777776,82.89930555555556,-31.0,26.045135999993363,manual
1768264418512,Sunny,Day,0.04353298611111111,87.06597222222221,-41.0,26.139001000004214,manual
1768264418543,Sunny,Day,0.05,100.0,-41.0,25.34517099999789,manual
1768264418574,Sunny,Day,0.04552951388888889,91.05902777777777,-31.0,26.85016899999937,manual
1768264418608,Sunny,Day,0.04301215277777778,86.02430555555556,-37.0,28.332465000005413,manual
1768264418637,Sunny,Day,0.03728298611111111,74.56597222222221,-32.0,24.225376000003962,manual
1768264418669,Sunny,Day,0.037934027777777775,75.86805555555554,-13.0,27.096600999996667,manual
1768264418700,Sunny,Day,0.03676215277777778,73.52430555555556,-18.0,23.55905699999994,manual
1768264418731,Sunny,Day,0.04088541666666667,81.77083333333333,-12.0,26.614977000008366,manual
1768264418763,Sunny,Day,0.05342881944444444,100.0,-8.0,27.3840870000015,manual
1768264418794,Sunny,Day,0.06987847222222222,100.0,1.0,26.32571399999506,manual
1768264418826,Sunny,Day,0.054774305555555555,100.0,4.0,26.810929999996347,manual
1768264418858,Sunny,Day,0.06158854166666667,100.0,3.0,28.13264200000276,manual
1768264418890,Sunny,Day,0.07469618055555556,100.0,6.0,26.1969249999936,manual
1768264418920,Sunny,Day,0.06996527777777778,100.0,3.0,25.338227000005986,manual
1768264418951,Sunny,Day,0.07287326388888889,100.0,5.0,26.839226000006988,manual
1768264418986,Sunny,Day,0.07057291666666667,100.0,5.0,30.258942999992655,manual
1768264419018,Sunny,Day,0.06614583333333333,100.0,3.0,25.497561999998197,manual
1768264419048,Sunny,Day,0.06987847222222222,100.0,4.0,24.321280999998862,manual
1768264419080,Sunny,Day,0.071484375,100.0,-1.0,25.38384200001076,manual
1768264419112,Sunny,Day,0.07165798611111111,100.0,5.0,26.72827800000732,manual
1768264419142,Sunny,Day,0.07322048611111111,100.0,0.0,23.140650999991408,manual
1768264419175,Sunny,Day,0.07513020833333334,100.0,3.0,26.414663000011274,manual
1768264419208,Sunny,Day,0.07782118055555555,100.0,5.0,26.086640999992028,manual
1768264419236,Sunny,Day,0.0740017361111111,100.0,1.0,22.44136900000626,manual
1768264419268,Sunny,Day,0.06727430555555555,100.0,1.0,25.34410299999479,manual
1768264419299,Sunny,Day,0.07131076388888889,100.0,0.0,25.1333169999981,manual
1768264419330,Sunny,Day,0.07200520833333333,100.0,19.0,25.313474000000724,manual
1768264419363,Sunny,Day,0.057421875,100.0,-6.0,27.05944699999918,manual
1768264419395,Sunny,Day,0.06302083333333333,100.0,12.0,25.35652800000321,manual
1768264419428,Sunny,Day,0.0578125,100.0,7.0,23.93365000000358,manual
1768264419455,Sunny,Day,0.05186631944444445,100.0,-15.0,21.62107499999877,manual
1768264419490,Sunny,Day,0.05568576388888889,100.0,-15.0,28.906156000005012,manual
1768264419520,Sunny,Day,0.056640625,100.0,-5.0,24.540400000006457,manual
1768264419551,Sunny,Day,0.06037326388888889,100.0,-14.0,24.608988000011323,manual
1768264419581,Sunny,Day,0.06701388888888889,100.0,-15.0,24.766704000001027,manual
1768264419612,Sunny,Day,0.06540798611111111,100.0,-14.0,26.36036899998828,manual
1768264419644,Sunny,Day,0.071875,100.0,20.0,25.227589000010653,manual
1768264419676,Sunny,Day,0.07469618055555556,100.0,-12.0,26.59861799999419,manual
1768264419708,Sunny,Day,0.0724826388888889,100.0,-11.0,26.595229000008658,manual
1768264419739,Sunny,Day,0.07877604166666667,100.0,10.0,24.989821999994888,manual
1768264419772,Sunny,Day,0.07374131944444444,100.0,10.0,27.440300000009188,manual
1768264419801,Sunny,Day,0.07669270833333333,100.0,-10.0,23.827339999996866,manual
1768264419833,Sunny,Day,0.07131076388888889,100.0,-12.0,25.780785999998557,manual
1768264419863,Sunny,Day,0.07556423611111111,100.0,-12.0,25.848060000001283,manual
1768264419896,Sunny,Day,0.07669270833333333,100.0,-10.0,27.334564000000228,manual
1768264419931,Sunny,Day,0.078515625,100.0,12.0,30.569208000002845,manual
1768264419959,Sunny,Day,0.07847222222222222,100.0,11.0,18.584975999999642,manual
1768264419989,Sunny,Day,0.07860243055555556,100.0,-11.0,24.975897000004466,manual
1768264420021,Sunny,Day,0.07764756944444444,100.0,-10.0,26.46256500000277,manual
1768264420052,Sunny,Day,0.07764756944444444,100.0,-9.0,25.945297999996342,manual
1768264420084,Sunny,Day,0.07734375,100.0,-9.0,27.058009000000993,manual
1768264420116,Sunny,Day,0.07890625,100.0,-10.0,24.4809379999964,manual
1768264420146,Sunny,Day,0.076953125,100.0,-10.0,24.1208240000077,manual
1768264420178,Sunny,Day,0.07921006944444445,100.0,-10.0,25.912521999998717,manual
1768264420210,Sunny,Day,0.07864583333333333,100.0,-10.0,26.164659999992068,manual
1768264420242,Sunny,Day,0.076953125,100.0,-11.0,26.86699900000633,manual
1768264420272,Sunny,Day,0.07803819444444444,100.0,-10.0,23.126367000003256,manual
1768264420304,Sunny,Day,0.07864583333333333,100.0,-10.0,26.417184999999677,manual
1768264420339,Sunny,Day,0.07821180555555556,100.0,11.0,25.247217999989857,manual
1768264420369,Sunny,Day,0.07947048611111111,100.0,-10.0,19.05441700000665,manual
1768264420398,Sunny,Day,0.08068576388888889,100.0,-11.0,22.56479999999783,manual
1768264420429,Sunny,Day,0.0802951388888889,100.0,-10.0,25.650478000002863,manual
1768264420460,Sunny,Day,0.08116319444444445,100.0,-9.0,25.757158000004665,manual
1768264420493,Sunny,Day,0.07934027777777777,100.0,11.0,26.725264999996057,manual
1768264420525,Sunny,Day,0.08194444444444444,100.0,-10.0,25.055133999998702,manual
1768264420556,Sunny,Day,0.08741319444444444,100.0,12.0,24.349701999994977,manual
1768264420587,Sunny,Day,0.08394097222222222,100.0,12.0,19.3251090000075,manual
1768264420620,Sunny,Day,0.08411458333333334,100.0,12.0,27.414141000008385,manual
1768264420651,Sunny,Day,0.08884548611111111,100.0,-11.0,22.12378200000842,manual
1768264420682,Sunny,Day,0.08493923611111111,100.0,12.0,23.08020300000635,manual
1768264420712,Sunny,Day,0.08502604166666666,100.0,12.0,25.57953699999871,manual
1768264420742,Sunny,Day,0.084765625,100.0,12.0,21.218617999991807,manual
1768264420774,Sunny,Day,0.08793402777777778,100.0,12.0,26.608491999994044,manual
1768264420806,Sunny,Day,0.0837673611111111,100.0,12.0,25.9661859999909,manual
1768264420839,Sunny,Day,0.08580729166666666,100.0,13.0,27.05789799999536,manual
1768264420870,Sunny,Day,0.08302951388888889,100.0,12.0,22.680683000004365,manual
1768264420901,Sunny,Day,0.08693576388888889,100.0,13.0,24.073158999996735,manual
1768264420933,Sunny,Day,0.08567708333333333,100.0,12.0,27.39191999999946,manual
1768264420963,Sunny,Day,0.08858506944444444,100.0,13.0,23.246955000004732,manual
1768264420994,Sunny,Day,0.08493923611111111,100.0,13.0,25.841525999993564,manual
1768264421026,Sunny,Day,0.08424479166666667,100.0,13.0,26.152925999994636,manual
1768264421057,Sunny,Day,0.08723958333333333,100.0,12.0,26.2400069999984,manual
1768264421090,Sunny,Day,0.08680555555555555,100.0,12.0,27.34845999999891,manual
1768264421122,Sunny,Day,0.08541666666666667,100.0,12.0,27.36744099999555,manual
1768264421153,Sunny,Day,0.0857204861111111,100.0,12.0,23.162874000007605,manual
1768264421183,Sunny,Day,0.08415798611111111,100.0,12.0,21.479610999989518,manual
1768264421214,Sunny,Day,0.08676215277777778,100.0,12.0,20.10035300000368,manual
1768264421248,Sunny,Day,0.08493923611111111,100.0,12.0,28.922876999999403,manual
1768264421277,Sunny,Day,0.08537326388888888,100.0,12.0,23.925305000005892,manual
1768264421308,Sunny,Day,0.08081597222222223,100.0,10.0,25.884019999992347,manual
1768264421342,Sunny,Day,0.082421875,100.0,10.0,26.967364999990195,manual
1768264421373,Sunny,Day,0.08328993055555556,100.0,10.0,21.56647799999689,manual
1768264421403,Sunny,Day,0.08155381944444444,100.0,10.0,21.869354000003227,manual
1768264421434,Sunny,Day,0.07855902777777778,100.0,7.0,25.49338900000464,manual
1768264421468,Sunny,Day,0.08489583333333334,100.0,12.0,27.62139300000399,manual
1768264421497,Sunny,Day,0.08841145833333333,100.0,11.0,23.077415000003043,manual
1768264421528,Sunny,Day,0.08919270833333333,100.0,11.0,23.909361999997714,manual
1768264421561,Sunny,Day,0.08550347222222222,100.0,10.0,27.387013999998544,manual
1768264421593,Sunny,Day,0.09027777777777778,100.0,12.0,22.21548700001108,manual
1768264421622,Sunny,Day,0.08936631944444444,100.0,-15.0,23.523359000009236,manual
1768264421655,Sunny,Day,0.08858506944444444,100.0,12.0,27.15389399999424,manual
1768264421687,Sunny,Day,0.08923611111111111,100.0,12.0,25.105608000004054,manual
1768264421717,Sunny,Day,0.09270833333333334,100.0,12.0,22.26428199999475,manual
1768264421750,Sunny,Day,0.09175347222222222,100.0,-5.0,28.10092900000427,manual
1768264421779,Sunny,Day,0.09496527777777777,100.0,-14.0,24.140371000001437,manual
1768264421810,Sunny,Day,0.09279513888888889,100.0,-14.0,25.263972000004742,manual
1768264421846,Sunny,Day,0.09040798611111112,100.0,-13.0,30.98818000000847,manual
1768264421873,Sunny,Day,0.09123263888888888,100.0,-13.0,21.48055500001078,manual
1768264421905,Sunny,Day,0.09292534722222222,100.0,-14.0,26.76311399999065,manual
1768264421936,Sunny,Day,0.09587673611111111,100.0,-13.0,25.898667999996405,manual
1768264421968,Sunny,Day,0.09197048611111111,100.0,12.0,25.810763999999153,manual
1768264421999,Sunny,Day,0.093359375,100.0,-13.0,25.71276899999475,manual
1768264422031,Sunny,Day,0.09609375,100.0,12.0,26.835828000002948,manual
1768264422063,Sunny,Day,0.09227430555555556,100.0,-14.0,25.563562999991518,manual
1768264422094,Sunny,Day,0.09392361111111111,100.0,-14.0,25.049269000007257,manual
1768264422125,Sunny,Day,0.09487847222222222,100.0,-13.0,25.799109000004705,manual
1768264422159,Sunny,Day,0.09457465277777778,100.0,-14.0,27.935748999993848,manual
1768264422191,Sunny,Day,0.09505208333333333,100.0,-13.0,24.91829199999529,manual
1768264422220,Sunny,Day,0.08932291666666667,100.0,-12.0,22.30618900000536,manual
1768264422254,Sunny,Day,0.09270833333333334,100.0,12.0,29.10638899999185,manual
1768264422285,Sunny,Day,0.09340277777777778,100.0,13.0,19.18525500001067,manual
1768264422312,Sunny,Day,0.09249131944444444,100.0,-14.0,21.8759480000017,manual
1768264422346,Sunny,Day,0.08967013888888889,100.0,11.0,28.21270100000106,manual
1768264422375,Sunny,Day,0.09049479166666667,100.0,-12.0,22.014478999992093,manual
1768264422408,Sunny,Day,0.08728298611111111,100.0,-14.0,27.693702000007647,manual
1768264422439,Sunny,Day,0.09366319444444444,100.0,-14.0,25.16817199999366,manual
1768264422471,Sunny,Day,0.08949652777777778,100.0,-14.0,23.555994000005853,manual
1768264422503,Sunny,Day,0.0881076388888889,100.0,11.0,26.81862600000784,manual
1768264422533,Sunny,Day,0.09943576388888889,100.0,-14.0,20.563998000000083,manual
1768264422566,Sunny,Day,0.10104166666666667,100.0,13.0,27.746183000004976,manual
1768264422596,Sunny,Day,0.09852430555555555,100.0,-14.0,23.855629999999906,manual
1768264422627,Sunny,Day,0.09995659722222222,100.0,13.0,25.987972999999442,manual
1768264422658,Sunny,Day,0.10143229166666666,100.0,-15.0,26.16642899999988,manual
1768264422690,Sunny,Day,0.10190972222222222,100.0,-15.0,25.12211799999875,manual
1768264422721,Sunny,Day,0.10138888888888889,100.0,13.0,25.978010000002882,manual
1768264422752,Sunny,Day,0.10143229166666666,100.0,-15.0,26.033451999992963,manual
1768264422786,Sunny,Day,0.10078125,100.0,-14.0,28.601223000009668,manual
1768264422815,Sunny,Day,0.10173611111111111,100.0,13.0,24.12689599999851,manual
1768264422847,Sunny,Day,0.10277777777777777,100.0,13.0,25.89514299999962,manual
1768264422880,Sunny,Day,0.10212673611111112,100.0,13.0,27.37366000000918,manual
1768264422909,Sunny,Day,0.1015625,100.0,-15.0,22.403316000009,manual
1768264422941,Sunny,Day,0.1017795138888889,100.0,-15.0,20.693567999998663,manual
1768264422973,Sunny,Day,0.10290798611111111,100.0,-15.0,26.723945000000526,manual
1768264423004,Sunny,Day,0.1013454861111111,100.0,-15.0,25.80327999999099,manual
1768264423035,Sunny,Day,0.10130208333333333,100.0,-15.0,25.712156999986746,manual
1768264423068,Sunny,Day,0.10282118055555556,100.0,13.0,27.199047999999948,manual
1768264423102,Sunny,Day,0.10316840277777778,100.0,13.0,28.889930000005393,manual
1768264423132,Sunny,Day,0.10290798611111111,100.0,13.0,23.106177999991928,manual
1768264423162,Sunny,Day,0.10238715277777778,100.0,-15.0,23.322558000003824,manual
1768264423193,Sunny,Day,0.10303819444444444,100.0,-16.0,24.250710000004005,manual
1768264423221,Sunny,Day,0.10169270833333334,100.0,-15.0,23.05258700000934,manual
1768264423254,Sunny,Day,0.10316840277777778,100.0,-16.0,27.85965200000362,manual
1768264423286,Sunny,Day,0.10173611111111111,100.0,-15.0,26.209231000009936,manual
1768264423316,Sunny,Day,0.10334201388888889,100.0,13.0,25.331245000003833,manual
1768264423347,Sunny,Day,0.10481770833333333,100.0,13.0,24.70108199999288,manual
1768264423382,Sunny,Day,0.10451388888888889,100.0,13.0,29.432188000001247,manual
1768264423411,Sunny,Day,0.10516493055555555,100.0,13.0,20.811352999999144,manual
1768264423444,Sunny,Day,0.10490451388888888,100.0,13.0,28.461168000006865,manual
1768264423476,Sunny,Day,0.10512152777777778,100.0,13.0,26.591791999990733,manual
1768264423506,Sunny,Day,0.1032986111111111,100.0,12.0,24.778802000000155,manual
1768264423537,Sunny,Day,0.09856770833333334,100.0,-14.0,6.825991999988901,manual
1768264423567,Sunny,Day,0.09934895833333333,100.0,-15.0,24.52107099999523,manual
1768264423600,Sunny,Day,0.09184027777777778,100.0,-13.0,28.653864000006024,manual
1768264423631,Sunny,Day,0.08940972222222222,100.0,-13.0,25.767173999994952,manual
1768264423661,Sunny,Day,0.08671875,100.0,-13.0,24.264783999996098,manual
1768264423693,Sunny,Day,0.08736979166666667,100.0,-12.0,27.735750000005055,manual
1768264423724,Sunny,Day,0.08845486111111112,100.0,-13.0,26.184177000004638,manual
1768264423755,Sunny,Day,0.090625,100.0,-13.0,26.146085999997126,manual
1768264423789,Sunny,Day,0.09348958333333333,100.0,-14.0,29.224584999994363,manual
1768264423818,Sunny,Day,0.090625,100.0,-14.0,23.371408999992127,manual
1768264423849,Sunny,Day,0.08932291666666667,100.0,12.0,26.94550100000015,manual
1768264423880,Sunny,Day,0.09149305555555555,100.0,-13.0,26.5466829999923,manual
1768264423912,Sunny,Day,0.09040798611111112,100.0,12.0,26.832467999994947,manual
1768264423944,Sunny,Day,0.09105902777777777,100.0,12.0,26.651197000006732,manual
1768264423975,Sunny,Day,0.08411458333333334,100.0,11.0,26.056052000001273,manual
1768264424007,Sunny,Day,0.08276909722222223,100.0,10.0,26.994711000000393,manual
1768264424041,Sunny,Day,0.08229166666666667,100.0,10.0,29.484216000000174,manual
1768264424071,Sunny,Day,0.07521701388888889,100.0,7.0,19.463372999993567,manual
1768264424105,Sunny,Day,0.07157118055555556,100.0,4.0,27.105407999997055,manual
1768264424133,Sunny,Day,0.06510416666666667,100.0,2.0,22.731983999989325,manual
1768264424163,Sunny,Day,0.06276041666666667,100.0,1.0,21.1569629999957,manual
1768264424197,Sunny,Day,0.05954861111111111,100.0,2.0,28.876273999998148,manual
1768264424227,Sunny,Day,0.06263020833333334,100.0,2.0,22.716743000003703,manual
1768264424258,Sunny,Day,0.06315104166666667,100.0,25.0,22.206445999998436,manual
1768264424291,Sunny,Day,0.06323784722222223,100.0,1.0,10.151227999998014,manual
1768264424322,Sunny,Day,0.06540798611111111,100.0,2.0,20.249995000000354,manual
1768264424353,Sunny,Day,0.05364583333333333,100.0,-1.0,19.006462999996643,manual
1768264424383,Sunny,Day,0.05277777777777778,100.0,-1.0,21.967842999998766,manual
1768264424416,Sunny,Day,0.04748263888888889,94.96527777777777,-2.0,26.60390699999482,manual
1768264424447,Sunny,Day,0.04761284722222222,95.22569444444444,-2.0,23.243300000004297,manual
1768264424477,Sunny,Day,0.05303819444444444,100.0,0.0,17.691729999995687,manual
1768264424513,Sunny,Day,0.04986979166666667,99.73958333333334,-18.0,29.395533999988288,manual
1768264424542,Sunny,Day,0.04939236111111111,98.78472222222221,-2.0,21.595449000002986,manual
1768264424572,Sunny,Day,0.04626736111111111,92.53472222222223,-2.0,22.560099999992644,manual
1768264424605,Sunny,Day,0.04986979166666667,99.73958333333334,-18.0,25.634033000002887,manual
1768264424634,Sunny,Day,0.05082465277777778,100.0,-17.0,20.947026000001756,manual
1768264424666,Sunny,Day,0.050694444444444445,100.0,-3.0,23.20626400000947,manual
1768264424698,Sunny,Day,0.04691840277777778,93.83680555555556,-2.0,24.54694099999699,manual
1768264424728,Sunny,Day,0.05004340277777778,100.0,-17.0,17.940757999994617,manual
1768264424760,Sunny,Day,0.05399305555555556,100.0,-2.0,24.231340000000046,manual
1768264424791,Sunny,Day,0.05308159722222222,100.0,-2.0,23.63521200000207,manual
1768264424822,Sunny,Day,0.05099826388888889,100.0,-3.0,23.5404189999997,manual
1768264424857,Sunny,Day,0.05173611111111111,100.0,-2.0,26.815122000002134,manual
1768264424887,Sunny,Day,0.05438368055555556,100.0,-1.0,21.271755999990205,manual
1768264424917,Sunny,Day,0.052821180555555555,100.0,-2.0,20.072833999989825,manual
1768264424948,Sunny,Day,0.05373263888888889,100.0,-2.0,24.216765999995005,manual
1768264424980,Sunny,Day,0.048350694444444446,96.70138888888889,-17.0,25.611218999998187,manual
1768264425013,Sunny,Day,0.054253472222222224,100.0,-19.0,25.51074400000175,manual
1768264425043,Sunny,Day,0.05594618055555556,100.0,-1.0,23.796387000004415,manual
1768264425074,Sunny,Day,0.05256076388888889,100.0,-16.0,21.99405599999693,manual
1768264425107,Sunny,Day,0.052994791666666666,100.0,-2.0,26.43761800000277,manual
1768264425136,Sunny,Day,0.052083333333333336,100.0,-18.0,21.118380000004322,manual
1768264425168,Sunny,Day,0.05490451388888889,100.0,-16.0,24.73572699999238,manual
1768264425201,Sunny,Day,0.05659722222222222,100.0,0.0,26.991081999995004,manual
1768264425231,Sunny,Day,0.053515625,100.0,-2.0,21.328651000004584,manual
1768264425262,Sunny,Day,0.05325520833333333,100.0,-17.0,24.294075000000248,manual
1768264425294,Sunny,Day,0.05763888888888889,100.0,-2.0,23.633113999991906,manual
1768264425325,Sunny,Day,0.05564236111111111,100.0,-2.0,27.61350600000867,manual
1768264425357,Sunny,Day,0.05785590277777778,100.0,-1.0,25.245988999998303,auto
1768264425388,Sunny,Day,0.055989583333333336,100.0,-18.0,21.8820409999978,auto
1768264425422,Sunny,Day,0.06154513888888889,100.0,0.0,27.506897999998614,auto
1768264425452,Sunny,Day,0.055989583333333336,100.0,-16.0,22.03714700000603,auto
1768264425484,Sunny,Day,0.047526041666666664,95.05208333333333,-13.0,23.16151900001273,auto
1768264425513,Sunny,Day,0.06076388888888889,100.0,-10.0,22.60031400000173,auto
1768264425545,Sunny,Day,0.06697048611111112,100.0,-6.0,24.766892999991796,auto
1768264425576,Sunny,Day,0.06111111111111111,100.0,-4.0,24.363239999999564,auto
1768264425607,Sunny,Day,0.06840277777777778,100.0,-1.0,25.069309000002704,auto
1768264425639,Sunny,Day,0.07230902777777778,100.0,26.0,24.68632100000434,auto
1768264425670,Sunny,Day,0.07842881944444445,100.0,29.0,24.08630300000425,auto
1768264425702,Sunny,Day,0.07473958333333333,100.0,29.0,24.304925999999227,auto
1768264425734,Sunny,Day,0.07612847222222222,100.0,2.0,25.769046000007734,auto
1768264425766,Sunny,Day,0.07434895833333334,100.0,21.0,24.475495000004344,auto
1768264425796,Sunny,Day,0.0783420138888889,100.0,-4.0,22.89702700001328,auto
1768264425830,Sunny,Day,0.08402777777777778,100.0,-4.0,26.56503899999052,auto
1768264425860,Sunny,Day,0.0724826388888889,100.0,-7.0,21.255615999990596,auto
1768264425892,Sunny,Day,0.07730034722222222,100.0,-8.0,25.08760499999596,auto
1768264425923,Sunny,Day,0.08511284722222222,100.0,22.0,23.852884999996604,auto
1768264425957,Sunny,Day,0.08255208333333333,100.0,-5.0,22.842658000001848,auto
1768264425985,Sunny,Day,0.07934027777777777,100.0,-3.0,20.926571000003946,auto
1768264426016,Sunny,Day,0.08064236111111112,100.0,-3.0,23.84005199999706,auto
1768264426047,Sunny,Day,0.08285590277777778,100.0,25.0,24.346602999997913,auto
1768264426079,Sunny,Day,0.08676215277777778,100.0,25.0,23.39202100000648,auto
1768264426112,Sunny,Day,0.0875,100.0,26.0,25.581232999996928,auto
1768264426142,Sunny,Day,0.08359375,100.0,24.0,22.606006999993156,auto
1768264426177,Sunny,Day,0.071875,100.0,20.0,27.335846999989144,auto
1768264426209,Sunny,Day,0.07621527777777778,100.0,-14.0,24.67118700000981,auto
1768264426239,Sunny,Day,0.08333333333333333,100.0,15.0,22.497270000002345,auto
1768264426268,Sunny,Day,0.08480902777777778,100.0,14.0,21.25875100000485,auto
1768264426299,Sunny,Day,0.08185763888888889,100.0,13.0,23.71764100000462,auto
1768264426330,Sunny,Day,0.09188368055555556,100.0,14.0,25.11850599999832,auto
1768264426362,Sunny,Day,0.09357638888888889,100.0,15.0,19.50713700000506,auto
1768264426395,Sunny,Day,0.10368923611111111,100.0,16.0,22.08933800000068,auto
1768264426424,Sunny,Day,0.10629340277777778,100.0,15.0,21.31999000000917,auto
1768264426456,Sunny,Day,0.09756944444444444,100.0,13.0,24.31445599999904,auto
1768264426487,Sunny,Day,0.09900173611111111,100.0,11.0,22.472733000000744,auto
1768264426518,Sunny,Day,0.10282118055555556,100.0,9.0,21.588352999998506,auto
1768264426550,Sunny,Day,0.10173611111111111,100.0,8.0,24.949104000000943,auto
1768264426581,Sunny,Day,0.09253472222222223,100.0,7.0,24.340715000008117,auto
1768264426613,Sunny,Day,0.10590277777777778,100.0,7.0,24.709629000000177,auto
1768264426645,Sunny,Day,0.09231770833333333,100.0,8.0,25.60343599999726,auto
1768264426677,Sunny,Day,0.10043402777777778,100.0,9.0,25.648694000011574,auto
1768264426707,Sunny,Day,0.10190972222222222,100.0,11.0,22.55634200000145,auto
1768264426738,Sunny,Day,0.09657118055555555,100.0,11.0,23.228415000005498,auto
1768264426770,Sunny,Day,0.106640625,100.0,13.0,24.667871999994873,auto
1768264426801,Sunny,Day,0.1076388888888889,100.0,14.0,24.164182999996342,auto
1768264426832,Sunny,Day,0.10516493055555555,100.0,13.0,24.617280000001074,auto
1768264426864,Sunny,Day,0.09835069444444444,100.0,13.0,24.92073499999492,auto
1768264426896,Sunny,Day,0.10407986111111112,100.0,11.0,25.435884999993164,auto
1768264426926,Sunny,Day,0.10230034722222223,100.0,11.0,23.423631,auto
1768264426958,Sunny,Day,0.105078125,100.0,10.0,24.590911000004212,auto
1768264426989,Sunny,Day,0.11032986111111111,100.0,10.0,24.667167999993467,auto
1768264427021,Sunny,Day,0.10985243055555556,100.0,9.0,22.826768000001607,auto
1768264427055,Sunny,Day,0.10924479166666666,100.0,9.0,24.970111999991218,auto
1768264427086,Sunny,Day,0.1111111111111111,100.0,9.0,20.31746599999451,auto
1768264427116,Sunny,Day,0.11618923611111111,100.0,10.0,22.555736000001048,auto
1768264427146,Sunny,Day,0.11393229166666667,100.0,10.0,22.38670399999876,auto
1768264427178,Sunny,Day,0.113671875,100.0,11.0,24.11245199999712,auto
1768264427209,Sunny,Day,0.11267361111111111,100.0,10.0,23.944271000004846,auto
1768264427240,Sunny,Day,0.11362847222222222,100.0,10.0,20.47192400000597,auto
1768264427272,Sunny,Day,0.12183159722222223,100.0,10.0,22.98970599998995,auto
1768264427303,Sunny,Day,0.11866319444444444,100.0,11.0,23.67883399999471,auto
1768264427336,Sunny,Day,0.12035590277777777,100.0,11.0,23.654815999989864,auto
1768264427368,Sunny,Day,0.12309027777777778,100.0,11.0,23.140441999998984,auto
1768264427398,Sunny,Day,0.11649305555555556,100.0,12.0,20.889968000005865,auto
1768264427430,Sunny,Day,0.11974826388888889,100.0,13.0,23.853681000005622,auto
1768264427465,Sunny,Day,0.12391493055555555,100.0,14.0,27.56509499999993,auto
1768264427495,Sunny,Day,0.12018229166666666,100.0,13.0,22.113434000004872,auto
1768264427525,Sunny,Day,0.11692708333333333,100.0,13.0,22.203171999990445,auto
1768264427554,Sunny,Day,0.11410590277777778,100.0,11.0,21.25881000000618,auto
1768264427586,Sunny,Day,0.11536458333333334,100.0,10.0,23.75266600000714,auto
1768264427619,Sunny,Day,0.11514756944444444,100.0,9.0,22.716064999997343,auto
1768264427648,Sunny,Day,0.11453993055555556,100.0,8.0,21.595669999996403,auto
1768264427681,Sunny,Day,0.11328125,100.0,7.0,25.26673399999879,auto
1768264427712,Sunny,Day,0.11393229166666667,100.0,7.0,24.30757599999822,auto
1768264427742,Sunny,Day,0.117578125,100.0,7.0,23.375250000000847,auto
1768264427778,Sunny,Day,0.12152777777777778,100.0,8.0,28.73154399999578,auto
1768264427807,Sunny,Day,0.12578125,100.0,8.0,22.467461000005073,auto
1768264427837,Sunny,Day,0.11918402777777778,100.0,8.0,20.791896999995174,auto
1768264427870,Sunny,Day,0.12265625,100.0,8.0,25.66094499999849,auto
1768264427900,Sunny,Day,0.1256076388888889,100.0,8.0,22.96178000000282,auto
1768264427931,Sunny,Day,0.12473958333333333,100.0,8.0,24.56056900000192,auto
1768264427962,Sunny,Day,0.12690972222222222,100.0,8.0,19.186738000001924,auto
1768264427994,Sunny,Day,0.1256076388888889,100.0,8.0,24.93341000000271,auto
1768264428027,Sunny,Day,0.12417534722222222,100.0,8.0,21.653500000013537,auto
1768264428057,Sunny,Day,0.12491319444444444,100.0,8.0,19.965880999990304,auto
1768264428089,Sunny,Day,0.1234375,100.0,7.0,23.01718999999025,auto
1768264428122,Sunny,Day,0.12421875,100.0,7.0,25.10087599999622,auto
1768264428151,Sunny,Day,0.12599826388888888,100.0,7.0,22.24395099999299,auto
1768264428186,Sunny,Day,0.12348090277777778,100.0,7.0,27.705621999999153,auto
1768264428218,Sunny,Day,0.130078125,100.0,7.0,24.42413400000021,auto
1768264428251,Sunny,Day,0.1254340277777778,100.0,7.0,23.463122000009662,auto
1768264428282,Sunny,Day,0.12821180555555556,100.0,7.0,21.559393999993404,auto
1768264428312,Sunny,Day,0.12725694444444444,100.0,8.0,13.791173000001322,auto
1768264428342,Sunny,Day,0.1267361111111111,100.0,9.0,17.218471999996154,auto
1768264428373,Sunny,Day,0.12578125,100.0,9.0,15.11706500001253,auto
1768264428406,Sunny,Day,0.13159722222222223,100.0,10.0,22.404502000000548,auto
1768264428437,Sunny,Day,0.12973090277777777,100.0,9.0,21.489414999990686,auto
1768264428467,Sunny,Day,0.12573784722222223,100.0,7.0,17.206676000000698,auto
1768264428499,Sunny,Day,0.1234375,100.0,7.0,24.680590000002667,auto
1768264428532,Sunny,Day,0.13246527777777778,100.0,6.0,24.122104999989347,auto
1768264428561,Sunny,Day,0.13038194444444445,100.0,6.0,20.716065000002004,auto
1768264428595,Sunny,Day,0.12469618055555555,100.0,6.0,21.79914799999949,auto
1768264428625,Sunny,Day,0.12903645833333333,100.0,6.0,14.767517999999313,auto
1768264428658,Sunny,Day,0.12921006944444444,100.0,6.0,17.015014999998357,auto
1768264428688,Sunny,Day,0.129296875,100.0,6.0,21.031926999995676,auto
1768264428718,Sunny,Day,0.13033854166666667,100.0,6.0,21.115647000002014,auto
1768264428748,Sunny,Day,0.12664930555555556,100.0,5.0,22.507351000001563,auto
1768264428779,Sunny,Day,0.130859375,100.0,5.0,23.40771599999414,auto
1768264428810,Sunny,Day,0.1304253472222222,100.0,6.0,24.476799999987975,auto
1768264428842,Sunny,Day,0.1282986111111111,100.0,6.0,24.458558999995716,auto
1768264428873,Sunny,Day,0.12682291666666667,100.0,6.0,23.64411700000346,auto
1768264428907,Sunny,Day,0.12821180555555556,100.0,6.0,27.627328000008333,auto
1768264428937,Sunny,Day,0.12825520833333334,100.0,7.0,22.441557000007606,auto
1768264428968,Sunny,Day,0.12925347222222222,100.0,7.0,23.992997000007676,auto
1768264428999,Sunny,Day,0.1282986111111111,100.0,7.0,24.14358599999389,auto
1768264429031,Sunny,Day,0.1263454861111111,100.0,7.0,24.823310999991577,auto
1768264429062,Sunny,Day,0.12903645833333333,100.0,7.0,22.45742699999198,auto
1768264429094,Sunny,Day,0.13038194444444445,100.0,7.0,25.843140000006315,auto
1768264429125,Sunny,Day,0.12977430555555555,100.0,8.0,22.404056999988597,auto
1768264429158,Sunny,Day,0.132421875,100.0,8.0,25.191804000002094,auto
1768264429189,Sunny,Day,0.13541666666666666,100.0,9.0,24.52589399999283,auto
1768264429220,Sunny,Day,0.1361111111111111,100.0,9.0,23.00654300000815,auto
1768264429251,Sunny,Day,0.13697916666666668,100.0,10.0,23.75439500001164,auto
1768264429281,Sunny,Day,0.13641493055555556,100.0,10.0,23.76204300000495,auto
1768264429315,Sunny,Day,0.1362847222222222,100.0,10.0,29.36679300000833,auto
1768264429347,Sunny,Day,0.136328125,100.0,10.0,20.699767000010638,auto
1768264429377,Sunny,Day,0.13589409722222223,100.0,10.0,22.340651000007483,auto
1768264429407,Sunny,Day,0.13676215277777778,100.0,11.0,22.59340499999496,auto
1768264429439,Sunny,Day,0.13663194444444443,100.0,11.0,24.227142000000867,auto
1768264429470,Sunny,Day,0.13641493055555556,100.0,12.0,23.84944799999289,auto
1768264429503,Sunny,Day,0.1382378472222222,100.0,11.0,25.800547999992318,auto
1768264429534,Sunny,Day,0.1345486111111111,100.0,11.0,25.049807000002033,auto
1768264429566,Sunny,Day,0.133203125,100.0,11.0,22.41815000000713,auto
1768264429595,Sunny,Day,0.13172743055555555,100.0,10.0,20.549529999996707,auto
1768264429628,Sunny,Day,0.13350694444444444,100.0,10.0,25.453853000001914,auto
1768264429658,Sunny,Day,0.13211805555555556,100.0,10.0,23.999684000003185,auto
1768264429690,Sunny,Day,0.13003472222222223,100.0,9.0,16.087214000009453,auto
1768264429721,Sunny,Day,0.1293402777777778,100.0,9.0,24.681760999996527,auto
1768264429754,Sunny,Day,0.13003472222222223,100.0,9.0,25.533479999992892,auto
1768264429785,Sunny,Day,0.1302517361111111,100.0,9.0,22.623792999993952,auto
1768264429815,Sunny,Day,0.12760416666666666,100.0,9.0,23.048893999998654,auto
1768264429847,Sunny,Day,0.12725694444444444,100.0,9.0,24.553079000000366,auto
1768264429878,Sunny,Day,0.12699652777777778,100.0,9.0,24.110738000004517,auto
1768264429911,Sunny,Day,0.12638888888888888,100.0,8.0,26.74933999999496,auto
1768264429942,Sunny,Day,0.12352430555555556,100.0,7.0,23.853131999999277,auto
1768264429972,Sunny,Day,0.12065972222222222,100.0,7.0,23.839559999998983,auto
1768264430004,Sunny,Day,0.11796875,100.0,7.0,23.898650000006683,auto
1768264430037,Sunny,Day,0.12204861111111111,100.0,7.0,27.048874000001888,auto
1768264430067,Sunny,Day,0.12139756944444445,100.0,8.0,22.629902000005586,auto
1768264430098,Sunny,Day,0.12183159722222223,100.0,9.0,22.590680000007524,auto
1768264430129,Sunny,Day,0.121484375,100.0,9.0,24.35626900000898,auto
1768264430161,Sunny,Day,0.12157118055555556,100.0,10.0,18.445479999996905,auto
1768264430194,Sunny,Day,0.120703125,100.0,10.0,26.243669999999497,auto
1768264430223,Sunny,Day,0.11857638888888888,100.0,10.0,22.422536000007653,auto
1768264430255,Sunny,Day,0.11644965277777777,100.0,-10.0,23.301682999999684,auto
1768264430287,Sunny,Day,0.11280381944444444,100.0,-10.0,19.963185999998245,auto
1768264430319,Sunny,Day,0.11484375,100.0,9.0,24.73765000000583,auto
1768264430349,Sunny,Day,0.1115451388888889,100.0,-10.0,22.266947999995068,auto
1768264430380,Sunny,Day,0.11710069444444444,100.0,-6.0,24.650558000004708,auto
1768264430412,Sunny,Day,0.12317708333333334,100.0,-6.0,25.188009000004286,auto
1768264430445,Sunny,Day,0.12452256944444444,100.0,-5.0,26.359778999989203,auto
1768264430474,Sunny,Day,0.13315972222222222,100.0,-3.0,22.188022999998225,auto
1768264430506,Sunny,Day,0.13546006944444444,100.0,-1.0,25.013680000000704,auto
1768264430539,Sunny,Day,0.14010416666666667,100.0,0.0,26.447795000009933,auto
1768264430569,Sunny,Day,0.14270833333333333,100.0,29.0,22.48073900000236,auto
1768264430600,Sunny,Day,0.1458767361111111,100.0,2.0,24.68831699999896,auto
1768264430631,Sunny,Day,0.1421875,100.0,2.0,25.051290000007498,auto
1768264430663,Sunny,Day,0.12981770833333334,100.0,-1.0,18.461536000003775,auto
1768264430694,Sunny,Day,0.13255208333333332,100.0,-18.0,24.700095000000033,auto
1768264430725,Sunny,Day,0.13207465277777777,100.0,-17.0,24.13486700000078,auto
1768264430757,Sunny,Day,0.1295138888888889,100.0,0.0,24.86301600001184,auto
1768264430788,Sunny,Day,0.13854166666666667,100.0,3.0,24.83399800000541,auto
1768264430822,Sunny,Day,0.148828125,100.0,42.0,26.49110900000551,auto
1768264430851,Sunny,Day,0.15946180555555556,100.0,-5.0,20.76470400000119,auto
1768264430885,Sunny,Day,0.15733506944444445,100.0,35.0,27.282776000006947,auto
1768264430914,Sunny,Day,0.1470920138888889,100.0,-7.0,20.129625999999234,auto
1768264430945,Sunny,Day,0.1458767361111111,100.0,-9.0,22.381648999996173,auto
1768264430978,Sunny,Day,0.13506944444444444,100.0,-11.0,26.298724000000107,auto
1768264431010,Sunny,Day,0.1330295138888889,100.0,28.0,23.807490000010034,auto
1768264431039,Sunny,Day,0.1439236111111111,100.0,-8.0,22.942743000001542,auto
1768264431071,Sunny,Day,0.1460503472222222,100.0,31.0,24.886515000005716,auto
1768264431102,Sunny,Day,0.14913194444444444,100.0,-9.0,24.234881000012365,auto
1768264431136,Sunny,Day,0.14210069444444445,100.0,-9.0,23.744725000000244,auto
1768264431167,Sunny,Day,0.13988715277777777,100.0,-12.0,24.395025999993436,auto
1768264431198,Sunny,Day,0.13328993055555555,100.0,-8.0,24.12262500000395,auto
1768264431228,Sunny,Day,0.14522569444444444,100.0,32.0,22.821856999996726,auto
1768264431261,Sunny,Day,0.14314236111111112,100.0,35.0,25.544631000002482,auto
1768264431291,Sunny,Day,0.15824652777777778,100.0,41.0,20.81484400000022,auto
1768264431322,Sunny,Day,0.15065104166666668,100.0,37.0,21.289499999994632,auto
1768264431353,Sunny,Day,0.1345920138888889,100.0,29.0,22.41882799999928,auto
1768264431385,Sunny,Day,0.12981770833333334,100.0,25.0,24.432783999998264,auto
1768264431416,Sunny,Day,0.12434895833333333,100.0,-18.0,23.56065600000079,auto
1768264431448,Sunny,Day,0.114453125,100.0,10.0,24.723055999999133,auto
1768264431480,Sunny,Day,0.12690972222222222,100.0,-26.0,25.53990900000258,auto
1768264431511,Sunny,Day,0.12916666666666668,100.0,-25.0,24.778666000003113,auto
1768264431544,Sunny,Day,0.12825520833333334,100.0,-26.0,23.74455800000419,auto
1768264431574,Sunny,Day,0.12421875,100.0,12.0,21.422311999998556,auto
1768264431607,Sunny,Day,0.12699652777777778,100.0,-16.0,25.734348000000296,auto
1768264431636,Sunny,Day,0.14361979166666666,100.0,28.0,22.756153999992534,auto
1768264431673,Sunny,Day,0.156640625,100.0,31.0,30.247991999999613,auto
1768264431699,Sunny,Day,0.16341145833333334,100.0,33.0,19.60094500000764,auto
1768264431731,Sunny,Day,0.14848090277777778,100.0,31.0,24.485709000003908,auto
1768264431762,Sunny,Day,0.13311631944444444,100.0,24.0,24.398599999997828,auto
1768264431793,Sunny,Day,0.13667534722222222,100.0,21.0,24.03281100001209,auto
1768264431826,Sunny,Day,0.13472222222222222,100.0,15.0,22.914835999998218,auto
1768264431856,Sunny,Day,0.12565104166666666,100.0,11.0,22.775709000001143,auto
1768264431889,Sunny,Day,0.11961805555555556,100.0,5.0,26.390501000008726,auto
1768264431919,Sunny,Day,0.114453125,100.0,4.0,22.757210000008854,auto
1768264431950,Sunny,Day,0.11948784722222222,100.0,-1.0,22.477734000005967,auto
1768264431982,Sunny,Day,0.11762152777777778,100.0,0.0,24.084643999998434,auto
1768264432014,Sunny,Day,0.11736111111111111,100.0,0.0,21.625520999990044,auto
1768264432045,Sunny,Day,0.12222222222222222,100.0,1.0,22.38550699999564,auto
1768264432076,Sunny,Day,0.1228298611111111,100.0,-3.0,23.107233000004612,auto
1768264432108,Sunny,Day,0.12434895833333333,100.0,2.0,25.241801000007058,auto
1768264432140,Sunny,Day,0.12430555555555556,100.0,3.0,24.934271000006447,auto
1768264432170,Sunny,Day,0.12335069444444445,100.0,5.0,21.869832999996675,auto
1768264432204,Sunny,Day,0.12196180555555555,100.0,-3.0,26.704511999994907,auto
1768264432234,Sunny,Day,0.1263454861111111,100.0,7.0,25.41259299999865,auto
1768264432265,Sunny,Day,0.12604166666666666,100.0,5.0,16.014728999991235,auto
1768264432297,Sunny,Day,0.12547743055555555,100.0,7.0,24.55077800000538,auto
1768264432327,Sunny,Day,0.1267795138888889,100.0,7.0,23.1343250000009,auto
1768264432358,Sunny,Day,0.12721354166666668,100.0,7.0,24.67655299999194,auto
1768264432390,Sunny,Day,0.12981770833333334,100.0,-6.0,24.86710399999481,auto
1768264432421,Sunny,Day,0.12743055555555555,100.0,6.0,24.37302299999544,auto
1768264432453,Sunny,Day,0.12825520833333334,100.0,-8.0,24.135692999990965,auto
1768264432485,Sunny,Day,0.130859375,100.0,6.0,25.01508299999955,auto
1768264432517,Sunny,Day,0.13125,100.0,-8.0,23.316989000008448,auto
1768264432547,Sunny,Day,0.13224826388888888,100.0,-8.0,20.49167600000601,auto
1768264432578,Sunny,Day,0.13229166666666667,100.0,-7.0,24.69308999999953,auto
1768264432610,Sunny,Day,0.13372395833333334,100.0,9.0,24.32667099999719,auto
1768264432641,Sunny,Day,0.13858506944444443,100.0,-6.0,24.4554460000046,auto
1768264432672,Sunny,Day,0.14071180555555557,100.0,-5.0,24.14411899999891,auto
1768264432704,Sunny,Day,0.140234375,100.0,-4.0,24.439409999999384,auto
1768264432735,Sunny,Day,0.1392795138888889,100.0,-4.0,23.871920999994245,auto
1768264432767,Sunny,Day,0.14340277777777777,100.0,-4.0,21.477099000009048,auto
1768264432798,Sunny,Day,0.14509548611111112,100.0,-2.0,24.85453199999199,auto
1768264432829,Sunny,Day,0.14596354166666667,100.0,-1.0,23.71766599999603,auto
1768264432861,Sunny,Day,0.14761284722222223,100.0,1.0,23.90614299999072,auto
1768264432894,Sunny,Day,0.14778645833333334,100.0,2.0,26.474942999996642,auto
1768264432925,Sunny,Day,0.15225694444444443,100.0,1.0,23.01745699999458,auto
1768264432955,Sunny,Day,0.14991319444444445,100.0,1.0,22.26634300001251,auto
1768264432986,Sunny,Day,0.15230034722222222,100.0,1.0,23.496206999993774,auto
1768264433018,Sunny,Day,0.15013020833333332,100.0,3.0,25.00282000001164,auto
1768264433049,Sunny,Day,0.14717881944444444,100.0,3.0,23.81032400001004,auto
1768264433080,Sunny,Day,0.14930555555555555,100.0,3.0,21.679087000009645,auto
1768264433113,Sunny,Day,0.14743923611111112,100.0,4.0,25.693694000011646,auto
1768264433144,Sunny,Day,0.14557291666666666,100.0,4.0,23.178075999993553,auto
1768264433175,Sunny,Day,0.14765625,100.0,2.0,24.217131000000336,auto
1768264433206,Sunny,Day,0.147265625,100.0,-1.0,27.170537000003492,auto
1768264433237,Sunny,Day,0.14136284722222223,100.0,3.0,22.541570000001343,auto
1768264433269,Sunny,Day,0.1430121527777778,100.0,2.0,24.407199999998852,auto
1768264433300,Sunny,Day,0.14565972222222223,100.0,2.0,24.11242899999877,auto
1768264433331,Sunny,Day,0.14266493055555557,100.0,-1.0,24.91063600000132,auto
1768264433363,Sunny,Day,0.14088541666666668,100.0,2.0,24.771286000003556,auto
1768264433394,Sunny,Day,0.14253472222222222,100.0,2.0,24.730806000007988,auto
1768264433426,Sunny,Day,0.14327256944444444,100.0,3.0,24.829637000010507,auto
1768264433460,Sunny,Day,0.14405381944444445,100.0,2.0,27.819358000002126,auto
1768264433489,Sunny,Day,0.14231770833333332,100.0,3.0,21.415109000002985,auto
1768264433520,Sunny,Day,0.14405381944444445,100.0,3.0,24.938265000002957,auto
1768264433552,Sunny,Day,0.14557291666666666,100.0,2.0,22.06220899999778,auto
1768264433586,Sunny,Day,0.14522569444444444,100.0,2.0,25.956559999997353,auto
1768264433616,Sunny,Day,0.14900173611111112,100.0,18.0,22.33405500000174,auto
1768264433646,Sunny,Day,0.14930555555555555,100.0,2.0,19.45714699999712,auto
1768264433678,Sunny,Day,0.15073784722222222,100.0,2.0,24.17514999999071,auto
1768264433713,Sunny,Day,0.14661458333333333,100.0,1.0,28.50178899998923,auto
1768264433744,Sunny,Day,0.14522569444444444,100.0,21.0,21.455220000007102,auto
1768264433775,Sunny,Day,0.15243055555555557,100.0,-2.0,15.039527999988422,auto
1768264433804,Sunny,Day,0.15355902777777777,100.0,,17.975786999997467,auto
1768264433836,Sunny,Day,0.15030381944444443,100.0,14.0,19.55127499999776,auto
1768264433868,Sunny,Day,0.14835069444444443,100.0,10.0,19.8641399999957,auto
1768264433901,Sunny,Day,0.15625,100.0,8.0,22.006857999997465,auto
1768264433931,Sunny,Day,0.14947916666666666,100.0,5.0,17.87225200000364,auto
1768264433963,Sunny,Day,0.14752604166666666,100.0,7.0,22.925119000007044,auto
1768264433993,Sunny,Day,0.1478298611111111,100.0,,21.185465999991493,auto
1768264434025,Sunny,Day,0.14500868055555555,100.0,1.0,23.81888300000412,auto
1768264434056,Sunny,Day,0.140234375,100.0,4.0,20.318341000006512,auto
1768264434090,Sunny,Day,0.1392795138888889,100.0,6.0,21.957274000001803,auto
1768264434120,Sunny,Day,0.14231770833333332,100.0,,19.515669000000457,auto
1768264434151,Sunny,Day,0.13767361111111112,100.0,3.0,18.175841999990894,auto
1768264434182,Sunny,Day,0.13055555555555556,100.0,,20.196230999999898,auto
1768264434212,Sunny,Day,0.1332465277777778,100.0,,22.367229999986193,auto
1768264434244,Sunny,Day,0.13359375,100.0,6.0,18.908328999998503,auto
1768264434277,Sunny,Day,0.12026909722222222,100.0,,19.637520000003406,auto
1768264434307,Sunny,Day,0.10008680555555556,100.0,,20.586890999993557,auto
1768264434339,Sunny,Day,0.10303819444444444,100.0,14.0,23.715538999994124,auto
1768264434371,Sunny,Day,0.10412326388888889,100.0,,20.266784999989795,auto
1768264434405,Sunny,Day,0.10034722222222223,100.0,-28.0,25.427081999993106,auto
1768264434435,Sunny,Day,0.10368923611111111,100.0,15.0,19.135065000000395,auto
1768264434465,Sunny,Day,0.10533854166666666,100.0,14.0,21.519448000020702,auto
1768264434497,Sunny,Day,0.10078125,100.0,17.0,23.410950999988245,auto
1768264434528,Sunny,Day,0.10733506944444444,100.0,17.0,21.85931300002153,auto
1768264434560,Sunny,Day,0.108203125,100.0,,18.819089000004396,auto
1768264434590,Sunny,Day,0.09292534722222222,100.0,-30.0,21.72838900000329,auto
1768264434621,Sunny,Day,0.0857204861111111,100.0,7.0,20.677371000004996,auto
1768264434653,Sunny,Day,0.08871527777777778,100.0,2.0,19.713443999989977,auto
1768264434684,Sunny,Day,0.09045138888888889,100.0,4.0,22.374432999981764,auto
1768264434719,Sunny,Day,0.091796875,100.0,2.0,20.9550510000156,auto
1768264434748,Sunny,Day,0.097265625,100.0,0.0,20.551391000026342,auto
1768264434779,Sunny,Day,0.09839409722222223,100.0,-2.0,22.104474000002483,auto
1768264434809,Sunny,Day,0.09765625,100.0,-4.0,20.68087099999616,auto
1768264434842,Sunny,Day,0.09991319444444445,100.0,-5.0,24.76322299997946,auto
1768264434874,Sunny,Day,0.10013020833333333,100.0,-5.0,24.23614099998872,auto
1768264434905,Sunny,Day,0.10460069444444445,100.0,-5.0,21.01358699999878,auto
1768264434935,Sunny,Day,0.10685763888888888,100.0,-5.0,18.277339999997366,auto
1768264434967,Sunny,Day,0.10842013888888889,100.0,-5.0,19.81160899998713,auto
1768264434999,Sunny,Day,0.10642361111111111,100.0,-6.0,23.522170999996206,auto
1768264435029,Sunny,Day,0.10646701388888889,100.0,-4.0,21.806911999988188,auto
1768264435060,Sunny,Day,0.11163194444444445,100.0,-22.0,23.062928000001648,auto
1768264435092,Sunny,Day,0.109765625,100.0,-21.0,19.128956999992397,auto
1768264435124,Sunny,Day,0.10967881944444445,100.0,0.0,24.10550300001546,auto
1768264435156,Sunny,Day,0.1111111111111111,100.0,3.0,21.475658000014164,auto
1768264435187,Sunny,Day,0.116015625,100.0,7.0,19.678761999983863,auto
1768264435218,Sunny,Day,0.12421875,100.0,-14.0,22.232607999995935,auto
1768264435249,Sunny,Day,0.12473958333333333,100.0,-14.0,23.20948100000919,auto
1768264435284,Sunny,Day,0.11762152777777778,100.0,-14.0,18.45744900001023,auto
1768264435313,Sunny,Day,0.11775173611111112,100.0,-14.0,18.07525300000634,auto
1768264435343,Sunny,Day,0.11089409722222222,100.0,-13.0,21.455121000002464,auto
1768264435375,Sunny,Day,0.10833333333333334,100.0,-10.0,23.798230000011245,auto
1768264435406,Sunny,Day,0.10989583333333333,100.0,-8.0,23.332885999991504,auto
1768264435438,Sunny,Day,0.12222222222222222,100.0,-7.0,21.24269899999831,auto
1768264435469,Sunny,Day,0.12591145833333334,100.0,-5.0,22.648156999991897,auto
1768264435500,Sunny,Day,0.12508680555555557,100.0,-4.0,18.885090999987142,auto
1768264435533,Sunny,Day,0.12335069444444445,100.0,-3.0,21.996427000004815,auto
1768264435564,Sunny,Day,0.12395833333333334,100.0,-1.0,20.324547999990727,auto
1768264435596,Sunny,Day,0.125,100.0,1.0,22.62369500002137,auto
1768264435626,Sunny,Day,0.12556423611111112,100.0,4.0,20.564580999973714,auto
1768264435658,Sunny,Day,0.13138020833333333,100.0,5.0,22.21523899999056,auto
1768264435689,Sunny,Day,0.13524305555555555,100.0,6.0,20.581209999988914,auto
1768264435726,Sunny,Day,0.13932291666666666,100.0,7.0,23.88795100000607,auto
1768264435752,Sunny,Day,0.13728298611111112,100.0,6.0,14.488756999980978,auto
1768264435783,Sunny,Day,0.13550347222222223,100.0,5.0,23.548494000010578,auto
1768264435815,Sunny,Day,0.13585069444444445,100.0,6.0,22.214313000006314,auto
1768264435846,Sunny,Day,0.1351996527777778,100.0,5.0,21.687321000001702,auto
1768264435878,Sunny,Day,0.13875868055555557,100.0,5.0,23.587770999995428,auto
1768264435911,Sunny,Day,0.13880208333333333,100.0,6.0,23.456291999991663,auto
1768264435941,Sunny,Day,0.14288194444444444,100.0,36.0,19.06792100001553,auto
1768264435976,Sunny,Day,0.1469184027777778,100.0,35.0,21.93124300001159,auto
1768264436005,Sunny,Day,0.15347222222222223,100.0,35.0,11.817764999989322,auto
1768264436033,Sunny,Day,0.14153645833333334,100.0,31.0,20.484936999991987,auto
1768264436064,Sunny,Day,0.13333333333333333,100.0,25.0,23.853699000000006,auto
1768264436096,Sunny,Day,0.12456597222222222,100.0,17.0,26.125256000000263,auto
1768264436128,Sunny,Day,0.11549479166666667,100.0,11.0,25.195752000001903,auto
1768264436158,Sunny,Day,0.11197916666666667,100.0,4.0,21.740083999986837,auto
1768264436190,Sunny,Day,0.1052517361111111,100.0,-1.0,22.290650000002188,auto
1768264436220,Sunny,Day,0.10755208333333334,100.0,-4.0,20.17070100001206,auto
1768264436252,Sunny,Day,0.11046006944444445,100.0,-5.0,20.144386999987773,auto
1768264436286,Sunny,Day,0.11293402777777778,100.0,-4.0,26.784763999984307,auto
1768264436315,Sunny,Day,0.11219618055555555,100.0,-1.0,22.47864599999616,auto
1768264436347,Sunny,Day,0.11844618055555556,100.0,0.0,24.680703999990783,auto
1768264436380,Sunny,Day,0.12135416666666667,100.0,1.0,25.810409000001755,auto
1768264436410,Sunny,Day,0.12322048611111111,100.0,2.0,26.34266000001162,auto
1768264436441,Sunny,Day,0.1228298611111111,100.0,3.0,18.476134999986016,auto
1768264436472,Sunny,Day,0.12135416666666667,100.0,3.0,23.26202300000091,auto
1768264436504,Sunny,Day,0.12348090277777778,100.0,4.0,24.330377000012504,auto
1768264436535,Sunny,Day,0.12122395833333334,100.0,4.0,24.412764999993897,auto
1768264436566,Sunny,Day,0.12144097222222222,100.0,4.0,24.054751000022634,auto
1768264436601,Sunny,Day,0.12000868055555555,100.0,4.0,27.334496000008812,auto
1768264436629,Sunny,Day,0.11783854166666667,100.0,5.0,21.235313999994787,auto
1768264436660,Sunny,Day,0.118359375,100.0,5.0,24.088806000008844,auto
1768264436692,Sunny,Day,0.11731770833333334,100.0,6.0,24.813238999996656,auto
1768264436723,Sunny,Day,0.11618923611111111,100.0,7.0,24.586687999999413,auto
1768264436754,Sunny,Day,0.11519097222222222,100.0,7.0,23.692237999995314,auto
1768264436786,Sunny,Day,0.11497395833333333,100.0,7.0,25.821278999984543,auto
1768264436818,Sunny,Day,0.11414930555555555,100.0,8.0,24.144269000004215,auto
1768264436849,Sunny,Day,0.11410590277777778,100.0,8.0,24.14395299999228,auto
1768264436880,Sunny,Day,0.11280381944444444,100.0,9.0,23.83869999999888,auto
1768264436913,Sunny,Day,0.11063368055555556,100.0,9.0,26.152830000000904,auto
1768264436943,Sunny,Day,0.11163194444444445,100.0,10.0,22.184411000012005,auto
1768264436974,Sunny,Day,0.11002604166666667,100.0,11.0,23.749256000002106,auto
1768264437006,Sunny,Day,0.10598958333333333,100.0,12.0,25.227696000001743,auto
1768264437037,Sunny,Day,0.10716145833333333,100.0,13.0,24.480027999999265,auto
1768264437069,Sunny,Day,0.10078125,100.0,13.0,24.44328699999687,auto
1768264437100,Sunny,Day,0.09761284722222222,100.0,12.0,24.088125999981003,auto
1768264437131,Sunny,Day,0.09331597222222222,100.0,12.0,24.321029999981647,auto
1768264437164,Sunny,Day,0.088671875,100.0,11.0,20.010223000014093,auto
1768264437196,Sunny,Day,0.08754340277777778,100.0,10.0,22.96801299999629,auto
1768264437228,Sunny,Day,0.08693576388888889,100.0,10.0,23.731169000001273,auto
1768264437263,Sunny,Day,0.08598090277777778,100.0,10.0,27.31418999999846,auto
1768264437289,Sunny,Day,0.08567708333333333,100.0,10.0,17.498649000003752,auto
1768264437320,Sunny,Day,0.08285590277777778,100.0,10.0,18.71972399999322,auto
1768264437352,Sunny,Day,0.08537326388888888,100.0,10.0,25.796861000003446,auto
1768264437382,Sunny,Day,0.08229166666666667,100.0,10.0,23.01891999999839,auto
1768264437414,Sunny,Day,0.08194444444444444,100.0,10.0,24.502398000009862,auto
1768264437445,Sunny,Day,0.0802951388888889,100.0,9.0,23.79879699998355,auto
1768264437477,Sunny,Day,0.07934027777777777,100.0,9.0,24.839725999981965,auto
1768264437508,Sunny,Day,0.07903645833333334,100.0,9.0,24.23643899999206,auto
1768264437539,Sunny,Day,0.07860243055555556,100.0,9.0,23.788983000002872,auto
1768264437571,Sunny,Day,0.07960069444444444,100.0,9.0,24.620229999982257,auto
1768264437602,Sunny,Day,0.07977430555555555,100.0,9.0,24.724617000003946,auto
1768264437633,Sunny,Day,0.07890625,100.0,9.0,24.33960400000501,auto
1768264437665,Sunny,Day,0.07907986111111111,100.0,8.0,24.649117999985037,auto
1768264437696,Sunny,Day,0.08116319444444445,100.0,8.0,23.22154699999146,auto
1768264437728,Sunny,Day,0.08055555555555556,100.0,9.0,25.09603800001514,auto
1768264437759,Sunny,Day,0.08298611111111111,100.0,9.0,24.31410400001255,auto
1768264437790,Sunny,Day,0.083984375,100.0,10.0,23.654391999997415,auto
1768264437823,Sunny,Day,0.0798611111111111,100.0,10.0,25.870766999986472,auto
1768264437853,Sunny,Day,0.08077256944444444,100.0,9.0,23.31336000000306,auto
1768264437885,Sunny,Day,0.08025173611111111,100.0,10.0,23.772223999998232,auto
1768264437917,Sunny,Day,0.07955729166666667,100.0,10.0,21.78843800001573,auto
1768264437948,Sunny,Day,0.07994791666666666,100.0,11.0,23.572966999978462,auto
1768264437980,Sunny,Day,0.07868923611111112,100.0,11.0,24.681747000016685,auto
1768264438012,Sunny,Day,0.08111979166666666,100.0,11.0,25.26048400000036,auto
1768264438043,Sunny,Day,0.07973090277777778,100.0,10.0,21.182576999990488,auto
1768264438073,Sunny,Day,0.07821180555555556,100.0,10.0,23.551507999997057,auto
1768264438105,Sunny,Day,0.07873263888888889,100.0,9.0,24.565697000014097,auto
1768264438136,Sunny,Day,0.07712673611111111,100.0,8.0,24.858175000019855,auto
1768264438169,Sunny,Day,0.07786458333333333,100.0,8.0,25.723015000011173,auto
1768264438199,Sunny,Day,0.07734375,100.0,8.0,20.995801999987407,auto
1768264438230,Sunny,Day,0.07777777777777778,100.0,8.0,24.583677999999054,auto
1768264438262,Sunny,Day,0.07799479166666666,100.0,8.0,22.93255400002181,auto
1768264438294,Sunny,Day,0.07855902777777778,100.0,9.0,19.381417000005285,auto
1768264438326,Sunny,Day,0.08046875,100.0,9.0,23.297251999991886,auto
1768264438358,Sunny,Day,0.07842881944444445,100.0,9.0,22.485874000011563,auto
1768264438390,Sunny,Day,0.07973090277777778,100.0,10.0,24.397866000015256,auto
1768264438419,Sunny,Day,0.07803819444444444,100.0,10.0,21.749792000008483,auto
1768264438450,Sunny,Day,0.07825520833333334,100.0,10.0,22.41704200000072,auto
1768264438482,Sunny,Day,0.07599826388888889,100.0,9.0,23.725671999983433,auto
1768264438513,Sunny,Day,0.07795138888888889,100.0,9.0,24.115092999977605,auto
1768264438546,Sunny,Day,0.07899305555555555,100.0,8.0,19.425545999979477,auto
1768264438575,Sunny,Day,0.07825520833333334,100.0,8.0,20.904396999981145,auto
1768264438607,Sunny,Day,0.07964409722222222,100.0,8.0,24.502531999985422,auto
1768264438640,Sunny,Day,0.07955729166666667,100.0,7.0,26.392783999995117,auto
1768264438670,Sunny,Day,0.07994791666666666,100.0,8.0,22.940830999999662,auto
1768264438701,Sunny,Day,0.08038194444444445,100.0,7.0,22.905739000009362,auto
1768264438733,Sunny,Day,0.07964409722222222,100.0,7.0,24.17038800001592,auto
1768264438766,Sunny,Day,0.07890625,100.0,7.0,18.759926000001315,auto
1768264438801,Sunny,Day,0.07994791666666666,100.0,8.0,26.461874999995416,auto
1768264438827,Sunny,Day,0.08046875,100.0,8.0,19.07992200000308,auto
1768264438859,Sunny,Day,0.08081597222222223,100.0,9.0,26.10595400000193,auto
1768264438890,Sunny,Day,0.0798611111111111,100.0,8.0,23.938428000008116,auto
1768264438921,Sunny,Day,0.07951388888888888,100.0,8.0,22.539373999990175,auto
1768264438953,Sunny,Day,0.07964409722222222,100.0,8.0,24.98706200000811,auto
1768264438984,Sunny,Day,0.07621527777777778,100.0,8.0,23.421434999988833,auto
1768264439015,Sunny,Day,0.07825520833333334,100.0,8.0,18.885041999993746,auto
1768264439047,Sunny,Day,0.07938368055555556,100.0,8.0,25.58083599998895,auto
1768264439079,Sunny,Day,0.07938368055555556,100.0,8.0,22.95316600000774,auto
1768264439110,Sunny,Day,0.07903645833333334,100.0,8.0,20.263699999986784,auto
1768264439141,Sunny,Day,0.07955729166666667,100.0,9.0,20.558399999998755,auto
1768264439173,Sunny,Day,0.08059895833333333,100.0,9.0,15.53718799999615,auto
1768264439205,Sunny,Day,0.07907986111111111,100.0,9.0,21.296946000006756,auto
1768264439235,Sunny,Day,0.08220486111111111,100.0,10.0,19.339285999990352,auto
1768264439267,Sunny,Day,0.07981770833333333,100.0,9.0,21.483222000000524,auto
1768264439299,Sunny,Day,0.08155381944444444,100.0,9.0,23.458213999987265,auto
1768264439329,Sunny,Day,0.07973090277777778,100.0,11.0,20.828211000008423,auto
1768264439363,Sunny,Day,0.08211805555555556,100.0,11.0,27.389422999988255,auto
1768264439394,Sunny,Day,0.08155381944444444,100.0,11.0,23.3068279999884,auto
1768264439423,Sunny,Day,0.08020833333333334,100.0,12.0,21.596386999988226,auto
1768264439455,Sunny,Day,0.08155381944444444,100.0,9.0,24.798308000015368,auto
1768264439488,Sunny,Day,0.07916666666666666,100.0,11.0,25.66842600000996,auto
1768264439518,Sunny,Day,0.08203125,100.0,12.0,23.876116999986152,auto
1768264439554,Sunny,Day,0.07912326388888889,100.0,11.0,28.268744999991213,auto
1768264439581,Sunny,Day,0.07977430555555555,100.0,,19.6086159999993,auto
1768264439613,Sunny,Day,0.080859375,100.0,12.0,25.129878000001327,auto
1768264439643,Sunny,Day,0.08111979166666666,100.0,,22.60124400001473,auto
1768264439674,Sunny,Day,0.08129340277777777,100.0,,24.86915899999076,auto
1768264439706,Sunny,Day,0.08081597222222223,100.0,,23.794895000008864,auto
1768264439737,Sunny,Day,0.08016493055555556,100.0,,22.027325999999903,auto
1768264439768,Sunny,Day,0.07994791666666666,100.0,,24.49821899998028,auto
1768264439801,Sunny,Day,0.08211805555555556,100.0,,24.731790999993564,auto
1768264439833,Sunny,Day,0.08129340277777777,100.0,,24.547775000002048,auto
1768264439863,Sunny,Day,0.08203125,100.0,,22.44785700000307,auto
1768264439894,Sunny,Day,0.08194444444444444,100.0,,24.67064300000743,auto
1768264439925,Sunny,Day,0.08315972222222222,100.0,,24.493866999989677,auto
1768264439957,Sunny,Day,0.08315972222222222,100.0,,24.883770000002414,auto
1768264439988,Sunny,Day,0.07964409722222222,100.0,,25.14121100000466,auto
1768264440022,Sunny,Day,0.08693576388888889,100.0,,29.239947999997185,auto
1768264440051,Sunny,Day,0.084375,100.0,,20.089497000014944,auto
1768264440085,Sunny,Day,0.08498263888888889,100.0,,27.040523000010808,auto
1768264440114,Sunny,Day,0.08051215277777778,100.0,,21.855290000019068,auto
1768264440145,Sunny,Day,0.07903645833333334,100.0,,19.93472099999849,auto
1768264440178,Sunny,Day,0.08055555555555556,100.0,,26.489918000009993,auto
1768264440208,Sunny,Day,0.07912326388888889,100.0,,23.064645000005157,auto
1768264440240,Sunny,Day,0.0744357638888889,100.0,,24.648200000001452,auto
1768264440271,Sunny,Day,0.07573784722222222,100.0,,25.12462000001392,auto
1768264440304,Sunny,Day,0.07413194444444444,100.0,,22.35117300000411,auto
1768264440334,Sunny,Day,0.07387152777777778,100.0,,22.945665999998255,auto
1768264440367,Sunny,Day,0.07152777777777777,100.0,,25.656170000019074,auto
1768264440398,Sunny,Day,0.06861979166666667,100.0,47.0,23.67013799999995,auto
1768264440430,Sunny,Day,0.06905381944444444,100.0,,24.249835000006215,auto
1768264440459,Sunny,Day,0.06905381944444444,100.0,50.0,22.699669000019185,auto
1768264440492,Sunny,Day,0.06041666666666667,100.0,50.0,24.58064600000398,auto
1768264440523,Sunny,Day,0.04852430555555556,97.04861111111111,,22.253433000003042,auto
1768264440554,Sunny,Day,0.04162326388888889,83.24652777777777,,23.519620999991275,auto
1768264440585,Sunny,Day,0.05473090277777778,100.0,,23.609732000011263,auto
1768264440616,Sunny,Day,0.05056423611111111,100.0,,24.32846400000699,auto
1768264440648,Sunny,Day,0.0578125,100.0,,24.69670000002111,auto
1768264440679,Sunny,Day,0.054774305555555555,100.0,,25.068787999998676,auto
1768264440710,Sunny,Day,0.05963541666666667,100.0,,24.454276999989588,auto
1768264440742,Sunny,Day,0.056640625,100.0,,24.53977600001167,auto
1768264440773,Sunny,Day,0.06362847222222222,100.0,,24.895659999998543,auto
1768264440809,Sunny,Day,0.06649305555555556,100.0,,29.072240000004967,auto
1768264440838,Sunny,Day,0.06588541666666667,100.0,,21.173927999996067,auto
1768264440867,Sunny,Day,0.07122395833333334,100.0,,22.909684000012476,auto
1768264440901,Sunny,Day,0.06974826388888888,100.0,,27.123170000010077,auto
1768264440930,Sunny,Day,0.07013888888888889,100.0,,22.202990000010914,auto
1768264440962,Sunny,Day,0.06892361111111112,100.0,,24.701219000007768,auto
1768264440993,Sunny,Day,0.06575520833333333,100.0,,24.782884000018157,auto
1768264441029,Sunny,Day,0.0640625,100.0,,28.63209400001665,auto
1768264441059,Sunny,Day,0.06111111111111111,100.0,,20.28936100001033,auto
1768264441090,Sunny,Day,0.05881076388888889,100.0,,22.72351900001013,auto
1768264441123,Sunny,Day,0.06037326388888889,100.0,,23.582379999993464,auto
1768264441153,Sunny,Day,0.061024305555555554,100.0,,19.226263000007293,auto
1768264441186,Sunny,Day,0.05434027777777778,100.0,,23.996726999996554,auto
1768264441215,Sunny,Day,0.05130208333333333,100.0,,19.453907999974263,auto
1768264441248,Sunny,Day,0.04809027777777778,96.18055555555556,,23.70467399998688,auto
1768264441277,Sunny,Day,0.048350694444444446,96.70138888888889,,21.324461000006067,auto
1768264441309,Sunny,Day,0.04865451388888889,97.30902777777779,,22.444448000015882,auto
1768264441342,Sunny,Day,0.043402777777777776,86.80555555555556,,21.81097299998669,auto
1768264441372,Sunny,Day,0.03884548611111111,77.69097222222223,,22.15593299999341,auto
1768264441409,Sunny,Day,0.03771701388888889,75.43402777777777,,28.887596999993548,auto
1768264441434,Sunny,Day,0.041666666666666664,83.33333333333333,,16.02507699999478,auto
1768264441466,Sunny,Day,0.03324652777777778,66.49305555555556,,23.352251999995133,auto
1768264441498,Sunny,Day,0.025173611111111112,50.34722222222222,,24.654440999995586,auto
1768264441530,Sunny,Day,0.03250868055555556,65.01736111111111,,22.727796999987504,auto
1768264441561,Sunny,Day,0.02868923611111111,57.37847222222222,,16.700643000007176,auto
1768264441593,Sunny,Day,0.033116319444444445,66.23263888888889,,23.037977999990744,auto
1768264441627,Sunny,Day,0.033854166666666664,67.70833333333333,,24.98790100000292,auto
1768264441659,Sunny,Day,0.03480902777777778,69.61805555555556,,23.488566000025912,auto
1768264441686,Sunny,Day,0.029817708333333335,59.63541666666667,,17.78711200000771,auto
1768264441718,Sunny,Day,0.03689236111111111,73.78472222222223,,22.154192000016337,auto
1768264441749,Sunny,Day,0.03259548611111111,65.19097222222223,,23.148421000001917,auto
1768264441780,Sunny,Day,0.031032986111111112,62.06597222222222,,22.00052699998878,auto
1768264441815,Sunny,Day,0.03250868055555556,65.01736111111111,,26.447106000006215,auto
1768264441844,Sunny,Day,0.031684027777777776,63.36805555555555,,18.571659000002683,auto
1768264441876,Sunny,Day,0.03454861111111111,69.09722222222223,,22.418410999989646,auto
1768264441907,Sunny,Day,0.03567708333333333,71.35416666666666,,21.373683000007304,auto
1768264441937,Sunny,Day,0.032074652777777775,64.14930555555554,,22.296487000005527,auto
1768264441971,Sunny,Day,0.034505208333333336,69.01041666666667,,25.440228999997316,auto
1768264442000,Sunny,Day,0.03854166666666667,77.08333333333334,,20.080401000001302,auto
1768264442032,Sunny,Day,0.03780381944444444,75.60763888888889,,23.640674000006356,auto
1768264442066,Sunny,Day,0.032942708333333334,65.88541666666667,,24.583032999998977,auto
1768264442095,Sunny,Day,0.03519965277777778,70.39930555555556,,20.26015399999892,auto
1768264442127,Sunny,Day,0.03723958333333333,74.47916666666667,,23.05645699999559,auto
1768264442157,Sunny,Day,0.04210069444444445,84.2013888888889,,22.101356999996824,auto
1768264442189,Sunny,Day,0.036848958333333334,73.69791666666667,,22.71101599998815,auto
1768264442220,Sunny,Day,0.04040798611111111,80.81597222222223,,22.27529900000036,auto
1768264442252,Sunny,Day,0.04131944444444444,82.63888888888889,,21.665380000001733,auto
1768264442285,Sunny,Day,0.05099826388888889,100.0,,24.046946999987995,auto
1768264442314,Sunny,Day,0.04717881944444444,94.35763888888889,,20.38420799999585,auto
1768264442348,Sunny,Day,0.04561631944444444,91.23263888888889,,24.55453499999294,auto
1768264442378,Sunny,Day,0.04861111111111111,97.22222222222223,,20.429264000000558,auto
1768264442409,Sunny,Day,0.04956597222222222,99.13194444444444,,21.991043000014088,auto
1768264442440,Sunny,Day,0.050520833333333334,100.0,,22.610536000001957,auto
1768264442476,Sunny,Day,0.04869791666666667,97.39583333333333,,27.082414999995308,auto
1768264442503,Sunny,Day,0.05251736111111111,100.0,,18.078584999983605,auto
1768264442534,Sunny,Day,0.056206597222222224,100.0,,21.634156999994048,auto
1768264442566,Sunny,Day,0.055164930555555554,100.0,,22.18111499999509,auto
1768264442597,Sunny,Day,0.057118055555555554,100.0,,22.572388000014598,auto
1768264442630,Sunny,Day,0.05716145833333333,100.0,,24.7184769999933,auto
1768264442659,Sunny,Day,0.06336805555555555,100.0,,20.82853699999987,auto
1768264442691,Sunny,Day,0.064453125,100.0,,22.479315999987648,auto
1768264442722,Sunny,Day,0.06345486111111111,100.0,,22.855700000008028,auto
1768264442754,Sunny,Day,0.06462673611111111,100.0,,23.529674999991812,auto
1768264442785,Sunny,Day,0.06236979166666667,100.0,,19.655309000000898,auto
1768264442819,Sunny,Day,0.06571180555555556,100.0,,25.694929999986016,auto
1768264442849,Sunny,Day,0.07074652777777778,100.0,,21.091385999994827,auto
1768264442881,Sunny,Day,0.06453993055555556,100.0,,19.747899999998708,auto
1768264442911,Sunny,Day,0.06853298611111111,100.0,,20.622873000007758,auto
1768264442943,Sunny,Day,0.07352430555555556,100.0,,21.68282400000976,auto
1768264442974,Sunny,Day,0.079296875,100.0,,21.97828400002777,auto
1768264443005,Sunny,Day,0.07365451388888888,100.0,,21.93763599998988,auto
1768264443037,Sunny,Day,0.06931423611111111,100.0,,23.060954000015954,auto
1768264443068,Sunny,Day,0.08055555555555556,100.0,,22.801235000002862,auto
1768264443099,Sunny,Day,0.07925347222222222,100.0,,22.612033000001475,auto
1768264443132,Sunny,Day,0.07647569444444445,100.0,,24.8027340000192,auto
1768264443163,Sunny,Day,0.07252604166666667,100.0,,22.299794999980804,auto
1768264443193,Sunny,Day,0.08550347222222222,100.0,,20.11896500002308,auto
1768264443226,Sunny,Day,0.07842881944444445,100.0,,24.21031299999754,auto
1768264443256,Sunny,Day,0.06957465277777777,100.0,,18.974198999984537,auto
1768264443291,Sunny,Day,0.062109375,100.0,,21.12565900000618,auto
1768264443320,Sunny,Day,0.07135416666666666,100.0,,19.451157000020203,auto
1768264443348,Sunny,Day,0.07374131944444444,100.0,,21.647041999983685,auto
1768264443380,Sunny,Day,0.07026909722222222,100.0,,24.696863999992047,auto
1768264443411,Sunny,Day,0.06636284722222222,100.0,,24.89951000001156,auto
1768264443442,Sunny,Day,0.06653645833333334,100.0,,24.39699600000722,auto
1768264443474,Sunny,Day,0.076171875,100.0,,25.04769399999418,auto
1768264443505,Sunny,Day,0.07378472222222222,100.0,,24.88013999999339,auto
1768264443536,Sunny,Day,0.06766493055555556,100.0,,24.44083000000319,auto
1768264443568,Sunny,Day,0.07213541666666666,100.0,,24.482476999992286,auto
1768264443599,Sunny,Day,0.07469618055555556,100.0,,24.55343899998752,auto
1768264443631,Sunny,Day,0.08081597222222223,100.0,,24.653011999987484,auto
1768264443662,Sunny,Day,0.0779079861111111,100.0,,24.92549100000474,auto
1768264443695,Sunny,Day,0.07100694444444444,100.0,,26.14297900001361,auto
1768264443727,Sunny,Day,0.07222222222222222,100.0,,20.94749500000148,auto
1768264443756,Sunny,Day,0.07174479166666667,100.0,,22.08133499999576,auto
1768264443788,Sunny,Day,0.05928819444444444,100.0,,24.775825999995504,auto
1768264443820,Sunny,Day,0.043402777777777776,86.80555555555556,,29.138652999989745,manual
1768264443851,Sunny,Day,0.049305555555555554,98.61111111111111,,22.017556999998078,manual
1768264443882,Sunny,Day,0.042881944444444445,85.76388888888889,,24.50362599998357,manual
1768264443913,Sunny,Day,0.031640625,63.28125,,24.515068999988898,manual
1768264443945,Sunny,Day,0.030946180555555557,61.892361111111114,,24.747845000007374,manual
1768264443976,Sunny,Day,0.03576388888888889,71.52777777777777,,25.157839999991438,manual
1768264444008,Sunny,Day,0.03250868055555556,65.01736111111111,,28.61665899999366,auto
1768264444040,Sunny,Day,0.033463541666666666,66.92708333333333,,17.44241000000102,auto
1768264444072,Sunny,Day,0.028255208333333334,56.510416666666664,,26.04469999999992,auto
1768264444105,Sunny,Day,0.023958333333333335,47.91666666666667,,25.240707999984124,auto
1768264444135,Sunny,Day,0.02209201388888889,44.18402777777778,,22.630954000021575,auto
1768264444164,Sunny,Day,0.02131076388888889,42.62152777777778,,22.397549000004346,auto
1768264444196,Sunny,Day,0.02439236111111111,48.78472222222222,,24.254828000010775,auto
1768264444227,Sunny,Day,0.022178819444444445,44.35763888888889,,23.909164999992072,auto
1768264444259,Sunny,Day,0.01870659722222222,37.41319444444444,,24.577120999992985,auto
1768264444291,Sunny,Day,0.023871527777777776,47.74305555555555,,25.631704000005584,auto
1768264444322,Sunny,Day,0.028385416666666666,56.770833333333336,,24.200883999981215,auto
1768264444353,Sunny,Day,0.028385416666666666,56.770833333333336,,24.28815999999756,auto
1768264444385,Sunny,Day,0.023524305555555555,47.04861111111111,,25.95342300000425,auto
1768264444417,Sunny,Day,0.02699652777777778,53.99305555555556,,25.42098399999304,auto
1768264444448,Sunny,Day,0.03519965277777778,70.39930555555556,,22.95378499999856,auto
1768264444479,Sunny,Day,0.03302951388888889,66.05902777777779,,24.65763899999729,auto
1768264444513,Sunny,Day,0.02894965277777778,57.89930555555556,-17.0,26.64954600001579,auto
1768264444542,Sunny,Day,0.026953125,53.90625,,21.774924999988343,auto
1768264444573,Sunny,Day,0.03650173611111111,73.00347222222223,,24.217902999993157,auto
1768264444604,Sunny,Day,0.029774305555555554,59.54861111111111,,24.14457000000425,auto
1768264444635,Sunny,Day,0.028428819444444444,56.857638888888886,,24.785582000021122,auto
1768264444667,Sunny,Day,0.026128472222222223,52.25694444444444,,24.623176000005742,auto
1768264444698,Sunny,Day,0.04040798611111111,80.81597222222223,,25.138264000020172,auto
1768264444730,Sunny,Day,0.049088541666666666,98.17708333333333,-72.0,25.082005000001573,auto
1768264444761,Sunny,Day,0.05481770833333333,100.0,,23.738296000004766,auto
1768264444793,Sunny,Day,0.03658854166666667,73.17708333333334,,18.194402999995418,auto
1768264444825,Sunny,Day,0.03576388888888889,71.52777777777777,,24.742989999992915,auto
1768264444855,Sunny,Day,0.05546875,100.0,,22.47558599998456,auto
1768264444887,Sunny,Day,0.09249131944444444,100.0,,25.511576000013747,auto
1768264444921,Sunny,Day,0.12608506944444445,100.0,,26.695359999990842,auto
1768264444950,Sunny,Day,0.15716145833333334,100.0,,22.342511999994485,auto
1768264444981,Sunny,Day,0.21840277777777778,100.0,,25.146023000019113,auto
1768264445012,Sunny,Day,0.23971354166666667,100.0,,20.210757999990392,auto
1768264445044,Sunny,Day,0.26948784722222224,100.0,,24.67583800000739,auto
1768264445075,Sunny,Day,0.29366319444444444,100.0,,24.17526899998279,auto
1768264445106,Sunny,Day,0.31866319444444446,100.0,,24.718763999999283,auto
1768264445138,Sunny,Day,0.33194444444444443,100.0,,23.817586999996365,auto
1768264445169,Sunny,Day,0.33880208333333334,100.0,,24.980317000000696,auto
1768264445201,Sunny,Day,0.3509114583333333,100.0,,23.607273999999734,auto
1768264445233,Sunny,Day,0.3637152777777778,100.0,,25.92458699999156,auto
1768264445263,Sunny,Day,0.37669270833333335,100.0,,23.17292600000087,auto
1768264445295,Sunny,Day,0.36875,100.0,,24.851651999995283,auto
1768264445327,Sunny,Day,0.37504340277777776,100.0,,25.853568999991694,auto
1768264445357,Sunny,Day,0.37890625,100.0,,23.49401500001136,auto
1768264445389,Sunny,Day,0.394140625,100.0,,24.586988000010024,auto
1768264445421,Sunny,Day,0.3840277777777778,100.0,,21.274589999990212,auto
1768264445453,Sunny,Day,0.3869357638888889,100.0,,25.840235000003986,auto
1768264445483,Sunny,Day,0.38428819444444445,100.0,,27.15066800001864,auto
1768264445517,Sunny,Day,0.39947916666666666,100.0,,24.528635999985227,auto
1768264445548,Sunny,Day,0.4107638888888889,100.0,,24.148380000013958,auto
1768264445577,Sunny,Day,0.3974392361111111,100.0,,22.07193500001381,auto
1768264445609,Sunny,Day,0.38884548611111114,100.0,,25.273703999999952,auto
1768264445642,Sunny,Day,0.40802951388888886,100.0,,21.860771000007162,auto
1768264445672,Sunny,Day,0.4100260416666667,100.0,,21.35849699999426,auto
1768264445706,Sunny,Day,0.3999565972222222,100.0,,27.368463000016163,auto
1768264445738,Sunny,Day,0.38289930555555557,100.0,,23.877400999992915,auto
1768264445766,Sunny,Day,0.40008680555555554,100.0,,19.869232999980113,auto
1768264445797,Sunny,Day,0.41141493055555556,100.0,,24.6523389999993,auto
1768264445829,Sunny,Day,0.3519965277777778,100.0,56.0,20.26261800000384,auto
1768264445861,Sunny,Day,0.3284722222222222,100.0,56.0,27.23626000002355,manual
1768264445891,Sunny,Day,0.3199652777777778,100.0,,20.443911999990405,manual
1768264445925,Sunny,Day,0.354296875,100.0,,27.156965000017408,manual
1768264445956,Sunny,Day,0.36532118055555557,100.0,57.0,22.962223999996922,manual
1768264445986,Sunny,Day,0.32990451388888886,100.0,55.0,21.341996999979074,manual
1768264446020,Sunny,Day,0.29778645833333334,100.0,5.0,25.503912999994327,manual
1768264446049,Sunny,Day,0.3318142361111111,100.0,56.0,14.352548999994497,manual
1768264446080,Sunny,Day,0.32374131944444445,100.0,,21.822115999981406,manual
1768264446111,Sunny,Day,0.31831597222222224,100.0,62.0,25.248494999999593,manual
1768264446146,Sunny,Day,0.30668402777777776,100.0,61.0,26.200228000021752,manual
1768264446174,Sunny,Day,0.28324652777777776,100.0,,24.264485000003333,manual
1768264446205,Sunny,Day,0.2915798611111111,100.0,,21.758395000006203,manual
1768264446238,Sunny,Day,0.2779947916666667,100.0,60.0,26.221025000012332,manual
1768264446269,Sunny,Day,0.23793402777777778,100.0,,22.385259999992968,manual
1768264446300,Sunny,Day,0.22361111111111112,100.0,,23.420325000017783,manual
1768264446333,Sunny,Day,0.243359375,100.0,,26.940018000004784,manual
1768264446363,Sunny,Day,0.2319878472222222,100.0,60.0,22.218576000000212,manual
1768264446394,Sunny,Day,0.23585069444444445,100.0,57.0,23.549787999996852,manual
1768264446427,Sunny,Day,0.2248263888888889,100.0,42.0,26.48041099999432,manual
1768264446457,Sunny,Day,0.23667534722222222,100.0,57.0,18.935918000011043,manual
1768264446488,Sunny,Day,0.22100694444444444,100.0,,23.551083999990396,manual
1768264446520,Sunny,Day,0.21631944444444445,100.0,3.0,24.858832000006714,manual
1768264446552,Sunny,Day,0.18394097222222222,100.0,57.0,24.479705000004515,manual
1768264446582,Sunny,Day,0.17877604166666666,100.0,56.0,18.40066299999421,manual
1768264446614,Sunny,Day,0.20842013888888888,100.0,,21.853430999982493,manual
1768264446647,Sunny,Day,0.21223958333333334,100.0,,29.915956999985838,manual
1768264446677,Sunny,Day,0.19609375,100.0,,24.062227000001712,manual
1768264446708,Sunny,Day,0.20577256944444444,100.0,,26.02923000000601,manual
1768264446740,Sunny,Day,0.21796875,100.0,,27.18086800001629,manual
1768264446771,Sunny,Day,0.22508680555555555,100.0,-7.0,26.7045390000078,manual
1768264446802,Sunny,Day,0.2026909722222222,100.0,,22.58297999998149,manual
1768264446835,Sunny,Day,0.19444444444444445,100.0,,24.719999999973652,manual
1768264446865,Sunny,Day,0.20091145833333332,100.0,,26.13663599998972,manual
1768264446896,Sunny,Day,0.20638020833333334,100.0,-3.0,25.342309000023988,manual
1768264446928,Sunny,Day,0.2107638888888889,100.0,-6.0,21.014622999985022,manual
1768264446962,Sunny,Day,0.20203993055555555,100.0,-7.0,28.456062000003612,manual
1768264446991,Sunny,Day,0.18433159722222223,100.0,-7.0,19.32458199999587,manual
1768264447022,Sunny,Day,0.22200520833333334,100.0,,24.806079999990516,manual
1768264447053,Sunny,Day,0.22413194444444445,100.0,,24.62160599998242,manual
1768264447085,Sunny,Day,0.21319444444444444,100.0,,24.77649399997972,manual
1768264447116,Sunny,Day,0.20264756944444445,100.0,,24.78767900001344,manual
1768264447148,Sunny,Day,0.22764756944444445,100.0,,24.40677399999913,manual
1768264447179,Sunny,Day,0.2211371527777778,100.0,,25.09125100002052,manual
1768264447210,Sunny,Day,0.20750868055555555,100.0,,24.485440999995944,manual
1768264447242,Sunny,Day,0.2289496527777778,100.0,,24.876992999992353,manual
1768264447273,Sunny,Day,0.24136284722222223,100.0,,25.163378999991437,manual
1768264447304,Sunny,Day,0.24027777777777778,100.0,,21.446315000019922,manual
1768264447336,Sunny,Day,0.22756076388888888,100.0,,24.820216000023265,manual
1768264447369,Sunny,Day,0.2280815972222222,100.0,,23.75933400000463,manual
1768264447399,Sunny,Day,0.21905381944444444,100.0,,20.031419000019923,manual
1768264447430,Sunny,Day,0.22100694444444444,100.0,,24.567773000001125,manual
1768264447461,Sunny,Day,0.21770833333333334,100.0,,27.210456000005934,manual
1768264447493,Sunny,Day,0.21171875,100.0,,26.769811999997728,manual
1768264447525,Sunny,Day,0.2208767361111111,100.0,,26.729496999990943,manual
1768264447556,Sunny,Day,0.2240017361111111,100.0,,22.468807999985074,manual
1768264447587,Sunny,Day,0.22777777777777777,100.0,,25.962836999980254,manual
1768264447618,Sunny,Day,0.21102430555555557,100.0,,26.114649999982475,manual
1768264447650,Sunny,Day,0.21879340277777778,100.0,,23.058507000001782,manual
1768264447682,Sunny,Day,0.23389756944444445,100.0,,28.3883359999777,manual
1768264447713,Sunny,Day,0.2271701388888889,100.0,,25.917391999996653,manual
1768264447745,Sunny,Day,0.22183159722222223,100.0,,23.42241200000217,manual
1768264447777,Sunny,Day,0.21727430555555555,100.0,,29.205421999989767,manual
1768264447807,Sunny,Day,0.2193576388888889,100.0,,21.031540999985054,manual
1768264447841,Sunny,Day,0.22643229166666667,100.0,,27.599656999996114,manual
1768264447870,Sunny,Day,0.228125,100.0,,25.19104499998548,manual
1768264447903,Sunny,Day,0.22430555555555556,100.0,,26.742867000024262,manual
1768264447933,Sunny,Day,0.21948784722222223,100.0,,24.701512999996567,manual
1768264447964,Sunny,Day,0.22690972222222222,100.0,,26.36405499998773,manual
1768264447995,Sunny,Day,0.22278645833333333,100.0,,26.092186999989053,manual
1768264448026,Sunny,Day,0.22039930555555556,100.0,,26.461045000019112,manual
1768264448058,Sunny,Day,0.21319444444444444,100.0,,23.351829999995743,manual
1768264448090,Sunny,Day,0.22777777777777777,100.0,,28.434183000001667,manual
1768264448121,Sunny,Day,0.21979166666666666,100.0,,28.540422999981274,manual
1768264448152,Sunny,Day,0.21427951388888888,100.0,,26.34460499999136,manual
1768264448186,Sunny,Day,0.21362847222222223,100.0,,29.120825999996214,manual
1768264448217,Sunny,Day,0.21731770833333333,100.0,,25.37361200000987,manual
1768264448246,Sunny,Day,0.21458333333333332,100.0,,24.8219499999891,manual
1768264448278,Sunny,Day,0.20985243055555555,100.0,,27.05361900001435,manual
1768264448310,Sunny,Day,0.20950520833333333,100.0,,23.595068999981095,manual
1768264448344,Sunny,Day,0.209765625,100.0,,25.825238999999556,manual
1768264448376,Sunny,Day,0.20555555555555555,100.0,,23.10410999999135,manual
1768264448407,Sunny,Day,0.20186631944444444,100.0,,22.65055800000937,manual
1768264448437,Sunny,Day,0.19609375,100.0,,25.06409599999415,manual
1768264448468,Sunny,Day,0.19327256944444443,100.0,,19.13389899999629,manual
1768264448500,Sunny,Day,0.19644097222222223,100.0,,27.60322599999654,manual
1768264448532,Sunny,Day,0.1911892361111111,100.0,,24.05958500000338,manual
1768264448563,Sunny,Day,0.18441840277777777,100.0,,19.564820999988797,manual
1768264448596,Sunny,Day,0.17912326388888888,100.0,,27.870298000010507,manual
1768264448625,Sunny,Day,0.17178819444444443,100.0,,15.287148999988176,manual
1768264448656,Sunny,Day,0.1714409722222222,100.0,,27.85200199997462,manual
1768264448688,Sunny,Day,0.16002604166666667,100.0,,24.591563000001315,manual
1768264448721,Sunny,Day,0.16041666666666668,100.0,,27.478449000000182,manual
1768264448752,Sunny,Day,0.1546875,100.0,,23.833975000002283,manual
1768264448783,Sunny,Day,0.15290798611111112,100.0,,22.306745999998157,manual
1768264448815,Sunny,Day,0.1478298611111111,100.0,,24.20650999999907,manual
1768264448845,Sunny,Day,0.13667534722222222,100.0,,22.40150399998697,manual
1768264448877,Sunny,Day,0.12330729166666667,100.0,,20.609276000016052,manual
1768264448912,Sunny,Day,0.12378472222222223,100.0,,30.79110999999557,manual
1768264448940,Sunny,Day,0.08784722222222222,100.0,,20.22222399997986,manual
1768264448973,Sunny,Day,0.087109375,100.0,,21.653657000001658,manual
1768264449003,Sunny,Day,0.04210069444444445,84.2013888888889,,26.176531999993813,manual
1768264449034,Sunny,Day,0.04314236111111111,86.28472222222221,,21.241596000010077,manual
1768264449066,Sunny,Day,0.06059027777777778,100.0,,20.391194000012547,manual
1768264449097,Sunny,Day,0.05217013888888889,100.0,,22.231959999999162,manual
1768264449131,Sunny,Day,0.03333333333333333,66.66666666666667,,18.90629799999033,manual
1768264449159,Sunny,Day,0.023567708333333333,47.135416666666664,,24.720109999975648,manual
1768264449190,Sunny,Day,0.03246527777777778,64.93055555555556,,23.80713399998058,manual
1768264449222,Sunny,Day,0.02699652777777778,53.99305555555556,,21.653963999995085,manual
1768264449254,Sunny,Day,0.028515625,57.03125,,22.58614300001227,manual
1768264449285,Sunny,Day,0.027300347222222222,54.60069444444444,,18.61765099999957,manual
1768264449317,Sunny,Day,0.030034722222222223,60.06944444444444,,27.893661999996766,manual
1768264449348,Sunny,Day,0.033289930555555555,66.57986111111111,,23.36115600002131,manual
1768264449380,Sunny,Day,0.032942708333333334,65.88541666666667,,20.452564999999368,manual
1768264449412,Sunny,Day,0.026258680555555556,52.517361111111114,,28.66026799998167,manual
1768264449442,Sunny,Day,0.023828125,47.65625,,22.775844999983974,manual
1768264449473,Sunny,Day,0.026605902777777777,53.21180555555556,,24.306185999989793,manual
1768264449505,Sunny,Day,0.023958333333333335,47.91666666666667,,25.280088000016576,manual
1768264449536,Sunny,Day,0.01840277777777778,36.80555555555556,,23.806171999979142,manual
1768264449568,Sunny,Day,0.015755208333333333,31.510416666666664,,24.228261000018847,manual
1768264449599,Sunny,Day,0.022135416666666668,44.270833333333336,,24.90097900002297,manual
1768264449631,Sunny,Day,0.025694444444444443,51.388888888888886,,24.086541000002626,manual
1768264449661,Sunny,Day,0.016796875,33.59375,,24.235169000007772,manual
1768264449693,Sunny,Day,0.015364583333333333,30.729166666666664,,17.0769400000097,manual
1768264449727,Sunny,Day,0.02013888888888889,40.27777777777778,,26.432820999986006,manual
1768264449756,Sunny,Day,0.016840277777777777,33.68055555555556,,21.15048599998204,manual
1768264449787,Sunny,Day,0.014973958333333334,29.947916666666668,,19.423590000002378,manual
1768264449820,Sunny,Day,0.007421875,14.84375,,23.442692999992687,manual
1768264449850,Sunny,Day,0.00798611111111111,15.972222222222221,,16.457332000015867,manual
1768264449881,Sunny,Day,0.011631944444444445,23.26388888888889,,23.002399000006335,manual
1768264449914,Sunny,Day,0.010373263888888888,20.74652777777778,,29.551354999995283,manual
1768264449944,Sunny,Day,0.006814236111111111,13.628472222222223,,23.140638999990415,manual
1768264449975,Sunny,Day,0.004166666666666667,8.333333333333334,,24.481592999990198,manual
1768264450007,Sunny,Day,0.007291666666666667,14.583333333333334,,21.116042000016932,manual
1768264450038,Sunny,Day,0.007508680555555556,15.01736111111111,,27.034883999988324,manual
1768264450069,Sunny,Day,0.005338541666666667,10.677083333333334,,18.99617499998385,manual
1768264450104,Sunny,Day,0.004427083333333333,8.854166666666666,,27.650915999998915,manual
1768264450133,Sunny,Day,0.005946180555555555,11.89236111111111,,18.89576799999304,manual
1768264450164,Sunny,Day,0.005772569444444445,11.54513888888889,,20.46472099999619,manual
1768264450196,Sunny,Day,0.002951388888888889,5.902777777777778,,23.575534999991987,manual
1768264450229,Sunny,Day,0.0007378472222222222,1.4756944444444444,,24.989377999986573,manual
1768264450259,Sunny,Day,0.004600694444444445,9.20138888888889,,23.088964000010037,manual
1768264450290,Sunny,Day,0.003298611111111111,6.597222222222222,,19.94024300000774,manual
1768264450322,Sunny,Day,0.0028211805555555555,5.642361111111111,,28.053358999983402,manual
1768264450353,Sunny,Day,0.006857638888888889,13.715277777777777,,20.10639100001299,manual
1768264450384,Sunny,Day,0.01384548611111111,27.69097222222222,47.0,23.536812999992662,manual
1768264450417,Sunny,Day,0.013715277777777778,27.430555555555554,46.0,25.116599000000406,manual
1768264450448,Sunny,Day,0.01115451388888889,22.30902777777778,,24.251993999996557,manual
1768264450479,Sunny,Day,0.017491319444444445,34.98263888888889,42.0,19.214285000003883,manual
1768264450510,Sunny,Day,0.01740451388888889,34.80902777777778,40.0,18.38849399999276,manual
1768264450543,Sunny,Day,0.01675347222222222,33.50694444444444,37.0,19.34556199998383,manual
1768264450572,Sunny,Day,0.0203125,40.625,34.0,15.97254600000042,manual
1768264450606,Sunny,Day,0.02113715277777778,42.27430555555556,31.0,22.193506999997226,manual
1768264450636,Sunny,Day,0.02265625,45.3125,20.0,25.822075999997196,manual
1768264450667,Sunny,Day,0.024826388888888887,49.65277777777777,20.0,17.805813000023818,manual
1768264450697,Sunny,Day,0.019053819444444446,38.10763888888889,23.0,24.510862999989058,manual
1768264450731,Sunny,Day,0.006119791666666667,12.239583333333334,,16.63037599999484,manual
1768264450762,Sunny,Day,0.006510416666666667,13.020833333333334,,26.708108000008224,manual
1768264450792,Sunny,Day,0.01349826388888889,26.99652777777778,19.0,22.33019099998046,manual
1768264450825,Sunny,Day,0.011067708333333334,22.135416666666668,17.0,19.01137900000549,manual
1768264450855,Sunny,Day,0.004036458333333334,8.072916666666668,,25.36356100000603,manual
1768264450886,Sunny,Day,0.005946180555555555,11.89236111111111,,13.835337999978492,manual
1768264450918,Sunny,Day,0.006032986111111111,12.065972222222223,,23.635497000014993,manual
1768264450950,Sunny,Day,0.007725694444444445,15.45138888888889,8.0,24.560269999994944,manual
1768264450982,Sunny,Day,0.004904513888888889,9.809027777777777,,22.349523999992016,manual
1768264451012,Sunny,Day,0.0,0.0,,20.588296999989097,manual
1768264451046,Sunny,Day,0.0009114583333333333,1.8229166666666667,,25.974233999988883,manual
1768264451075,Sunny,Day,0.008116319444444445,16.23263888888889,,17.377489000011792,manual
1768264451106,Sunny,Day,0.007378472222222222,14.756944444444445,,22.737513000009812,manual
1768264451138,Sunny,Day,0.006640625,13.28125,,22.26858899999229,manual
1768264451171,Sunny,Day,0.0045138888888888885,9.027777777777777,,23.8402279999832,manual
1768264451200,Sunny,Day,0.006727430555555556,13.454861111111112,,20.430155999974886,manual
1768264451232,Sunny,Day,0.0078125,15.625,,23.60274800000184,manual
1768264451264,Sunny,Day,0.005208333333333333,10.416666666666666,,23.93013500000052,manual
1768264451294,Sunny,Day,0.005381944444444444,10.76388888888889,,21.121985000007726,manual
1768264451326,Sunny,Day,0.005989583333333334,11.979166666666668,-20.0,23.838691000008794,manual
1768264451359,Sunny,Day,0.011414930555555555,22.82986111111111,-24.0,21.67305599999736,manual
1768264451390,Sunny,Day,0.012065972222222223,24.131944444444446,-24.0,19.05001599999423,manual
1768264451420,Sunny,Day,0.014149305555555556,28.29861111111111,,21.657407999981615,manual
1768264451453,Sunny,Day,0.018012152777777776,36.02430555555555,,24.038448999988304,manual
1768264451482,Sunny,Day,0.03337673611111111,66.75347222222221,-32.0,21.914276000018162,manual
1768264451515,Sunny,Day,0.021961805555555554,43.92361111111111,-35.0,23.777727999998888,manual
1768264451546,Sunny,Day,0.02421875,48.4375,,21.73866699999394,manual
1768264451578,Sunny,Day,0.03502604166666667,70.05208333333333,-41.0,24.243132999998807,manual
1768264451609,Sunny,Day,0.037586805555555554,75.17361111111111,-39.0,21.1165400000084,manual
1768264451642,Sunny,Day,0.037109375,74.21875,-43.0,24.59568599999784,manual
1768264451672,Sunny,Day,0.034765625,69.53125,-45.0,18.28255700002046,manual
1768264451704,Sunny,Day,0.03936631944444444,78.73263888888889,-48.0,21.26705799997808,manual
1768264451734,Sunny,Day,0.04461805555555556,89.23611111111111,-52.0,21.618833999980325,manual
1768264451765,Sunny,Day,0.04223090277777778,84.46180555555556,-54.0,22.96551099999533,manual
1768264451797,Sunny,Day,0.03572048611111111,71.44097222222221,-57.0,16.421124000004284,manual
1768264451827,Sunny,Day,0.03216145833333333,64.32291666666666,,23.15987999998015,manual
1768264451862,Sunny,Day,0.03493923611111111,69.87847222222223,,26.466083000002527,manual
1768264451893,Sunny,Day,0.033203125,66.40625,-69.0,21.161225000014383,manual
1768264451924,Sunny,Day,0.028211805555555556,56.423611111111114,-74.0,21.569445000011456,manual
1768264451954,Sunny,Day,0.02478298611111111,49.56597222222222,,20.375768000008065,manual
1768264451987,Sunny,Day,0.02651909722222222,53.03819444444444,,24.829889000017147,manual
1768264452017,Sunny,Day,0.028211805555555556,56.423611111111114,,20.833713000001808,manual
1768264452048,Sunny,Day,0.027039930555555557,54.079861111111114,,22.97389000000294,manual
1768264452080,Sunny,Day,0.023307291666666667,46.614583333333336,,23.93082899999399,manual
1768264452112,Sunny,Day,0.027647569444444443,55.295138888888886,,24.26441999998019,manual
1768264452142,Sunny,Day,0.030338541666666666,60.677083333333336,,21.4636389999896,manual
1768264452175,Sunny,Day,0.03745659722222222,74.91319444444444,,24.84771299998556,manual
1768264452206,Sunny,Day,0.03337673611111111,66.75347222222221,,22.67515099998718,manual
1768264452236,Sunny,Day,0.03394097222222222,67.88194444444444,18.0,21.13321499999188,manual
1768264452269,Sunny,Day,0.030512152777777777,61.02430555555556,,24.265659999997524,manual
1768264452299,Sunny,Day,0.03198784722222222,63.975694444444436,,17.035349000025235,manual
1768264452331,Sunny,Day,0.030946180555555557,61.892361111111114,13.0,22.938667999994777,manual
1768264452364,Sunny,Day,0.033116319444444445,66.23263888888889,9.0,18.77665399999273,manual
1768264452394,Sunny,Day,0.03485243055555556,69.70486111111111,4.0,16.19590999999332,manual
1768264452426,Sunny,Day,0.04418402777777778,88.36805555555556,19.0,22.361948999986225,manual
1768264452456,Sunny,Day,0.04348958333333333,86.97916666666666,18.0,20.38331200000698,manual
1768264452487,Sunny,Day,0.04197048611111111,83.94097222222221,16.0,23.599664000016674,manual
1768264452519,Sunny,Day,0.045399305555555554,90.79861111111111,12.0,24.78197199999954,auto
1768264452550,Sunny,Day,0.05186631944444445,100.0,8.0,22.51826299999493,auto
1768264452584,Sunny,Day,0.04717881944444444,94.35763888888889,8.0,24.57664000002069,auto
1768264452614,Sunny,Day,0.04544270833333333,90.88541666666666,5.0,18.470341000011103,auto
1768264452645,Sunny,Day,0.048003472222222225,96.00694444444446,4.0,20.25199800002042,auto
1768264452678,Sunny,Day,0.05108506944444444,100.0,4.0,20.862883000006605,auto
1768264452709,Sunny,Day,0.050868055555555555,100.0,4.0,21.275417999987667,auto
1768264452739,Sunny,Day,0.047526041666666664,95.05208333333333,6.0,20.131904999999506,auto
1768264452770,Sunny,Day,0.04796006944444445,95.9201388888889,5.0,21.368676999998115,auto
1768264452802,Sunny,Day,0.05047743055555556,100.0,5.0,17.80695599998694,auto
1768264452833,Sunny,Day,0.05234375,100.0,6.0,16.561073000019633,auto
1768264452864,Sunny,Day,0.046440972222222224,92.88194444444444,5.0,20.9797900000126,auto
1768264452896,Sunny,Day,0.045746527777777775,91.49305555555554,6.0,22.62846600001467,auto
1768264452929,Sunny,Day,0.04917534722222222,98.35069444444444,6.0,22.988983000004737,auto
1768264452959,Sunny,Day,0.05078125,100.0,6.0,20.373701000011124,auto
1768264452991,Sunny,Day,0.05217013888888889,100.0,6.0,22.89957499999673,auto
1768264453023,Sunny,Day,0.04631076388888889,92.62152777777779,7.0,22.291881000001013,auto
1768264453053,Sunny,Day,0.04774305555555555,95.4861111111111,6.0,19.184306999989076,auto
1768264453088,Sunny,Day,0.050520833333333334,100.0,6.0,25.145238999982666,auto
1768264453116,Sunny,Day,0.04865451388888889,97.30902777777779,6.0,18.01360900000759,auto
1768264453146,Sunny,Day,0.047265625,94.53125,5.0,16.260228999982473,auto
1768264453180,Sunny,Day,0.04895833333333333,97.91666666666667,4.0,24.165428999992855,auto
1768264453209,Sunny,Day,0.05455729166666667,100.0,6.0,20.526743999994324,auto
1768264453241,Sunny,Day,0.05347222222222222,100.0,7.0,20.32130099999563,auto
1768264453273,Sunny,Day,0.054036458333333336,100.0,5.0,21.84418199999527,auto
1768264453304,Sunny,Day,0.049262152777777776,98.52430555555556,6.0,16.70854200000349,auto
1768264453336,Sunny,Day,0.05108506944444444,100.0,5.0,16.66958000001273,auto
1768264453366,Sunny,Day,0.05451388888888889,100.0,3.0,20.832742000010285,auto
1768264453398,Sunny,Day,0.05108506944444444,100.0,2.0,22.57067700000448,auto
1768264453430,Sunny,Day,0.04626736111111111,92.53472222222223,6.0,23.05713900000228,auto
1768264453461,Sunny,Day,0.049088541666666666,98.17708333333333,5.0,21.197223000001486,auto
1768264453496,Sunny,Day,0.051258680555555554,100.0,1.0,25.69977299998527,auto
1768264453525,Sunny,Day,0.05234375,100.0,-2.0,19.80882200001588,auto
1768264453555,Sunny,Day,0.04952256944444444,99.04513888888889,-1.0,18.623365000024705,auto
1768264453587,Sunny,Day,0.05169270833333333,100.0,-1.0,23.48508000000038,auto
1768264453618,Sunny,Day,0.054427083333333334,100.0,-1.0,21.447257999994918,auto
1768264453650,Sunny,Day,0.04878472222222222,97.56944444444444,-46.0,22.816473000006,auto
1768264453681,Sunny,Day,0.048741319444444445,97.48263888888889,-46.0,21.24770300000023,auto
1768264453713,Sunny,Day,0.04474826388888889,89.49652777777779,-46.0,20.320745999981682,auto
1768264453745,Sunny,Day,0.044140625,88.28125,-45.0,18.413903999999093,auto
1768264453776,Sunny,Day,0.034895833333333334,69.79166666666667,14.0,19.848507000006066,auto
1768264453806,Sunny,Day,0.035633680555555554,71.26736111111111,-28.0,21.108703999999534,auto
1768264453838,Sunny,Day,0.039149305555555555,78.29861111111111,-20.0,20.49937399999635,auto
1768264453870,Sunny,Day,0.037586805555555554,75.17361111111111,-18.0,20.47985499999072,auto
1768264453904,Sunny,Day,0.03342013888888889,66.84027777777777,-14.0,18.828678999994963,auto
1768264453933,Sunny,Day,0.03767361111111111,75.34722222222221,-10.0,16.55515399997398,auto
1768264453964,Sunny,Day,0.03263888888888889,65.27777777777779,-5.0,20.527557999997725,auto
1768264453995,Sunny,Day,0.033680555555555554,67.36111111111111,-1.0,22.28419799999415,auto
1768264454028,Sunny,Day,0.03463541666666667,69.27083333333334,2.0,17.864486000007673,auto
1768264454059,Sunny,Day,0.04079861111111111,81.59722222222223,1.0,21.82691100000511,auto
1768264454089,Sunny,Day,0.04140625,82.8125,1.0,21.806930000025204,auto
1768264454124,Sunny,Day,0.041666666666666664,83.33333333333333,3.0,23.847956999986764,auto
1768264454155,Sunny,Day,0.04188368055555555,83.7673611111111,2.0,19.29320100001064,auto
1768264454183,Sunny,Day,0.041276041666666666,82.55208333333333,1.0,16.717789000011862,auto
1768264454215,Sunny,Day,0.04244791666666667,84.89583333333334,-1.0,23.243774999997413,auto
1768264454247,Sunny,Day,0.0421875,84.375,-3.0,24.507583000001887,auto
1768264454277,Sunny,Day,0.04375,87.5,-3.0,19.31914599998663,auto
1768264454309,Sunny,Day,0.041840277777777775,83.68055555555554,-4.0,24.05971499999282,auto
1768264454342,Sunny,Day,0.044270833333333336,88.54166666666667,-5.0,19.217108999981747,auto
1768264454371,Sunny,Day,0.04353298611111111,87.06597222222221,-6.0,18.711945000006835,auto
1768264454404,Sunny,Day,0.03723958333333333,74.47916666666667,1.0,24.647564000019884,auto
1768264454434,Sunny,Day,0.041449652777777776,82.89930555555556,-2.0,20.368641000004573,auto
1768264454466,Sunny,Day,0.04353298611111111,87.06597222222221,-3.0,18.219909999999118,auto
1768264454497,Sunny,Day,0.04348958333333333,86.97916666666666,-6.0,20.440363000005846,auto
1768264454531,Sunny,Day,0.044140625,88.28125,-7.0,25.68266999998059,auto
1768264454563,Sunny,Day,0.042881944444444445,85.76388888888889,-5.0,23.669291000004478,auto
1768264454592,Sunny,Day,0.04192708333333333,83.85416666666666,-3.0,20.17064200001073,auto
1768264454623,Sunny,Day,0.04388020833333333,87.76041666666666,-6.0,18.89149900000575,auto
1768264454654,Sunny,Day,0.042578125,85.15625,-4.0,19.02105399997822,auto
1768264454687,Sunny,Day,0.04201388888888889,84.02777777777779,-4.0,22.734665999990966,auto
1768264454719,Sunny,Day,0.04131944444444444,82.63888888888889,-2.0,21.867762999988827,auto
1768264454751,Sunny,Day,0.04331597222222222,86.63194444444444,-4.0,20.078346000019565,auto
1768264454779,Sunny,Day,0.045572916666666664,91.14583333333333,-4.0,19.619533000025058,auto
1768264454814,Sunny,Day,0.04027777777777778,80.55555555555556,5.0,26.19053799998028,auto
1768264454843,Sunny,Day,0.044487847222222224,88.97569444444444,-4.0,19.569867000001295,auto
1768264454875,Sunny,Day,0.042534722222222224,85.06944444444444,-1.0,21.120082000010143,auto
1768264454905,Sunny,Day,0.042491319444444446,84.98263888888889,-6.0,18.853962999997975,auto
1768264454937,Sunny,Day,0.04071180555555556,81.42361111111111,-5.0,22.75146200000222,auto
1768264454968,Sunny,Day,0.037109375,74.21875,-4.0,18.7356120000004,auto
1768264454999,Sunny,Day,0.04275173611111111,85.50347222222223,-8.0,22.94601699998111,auto
1768264455032,Sunny,Day,0.04192708333333333,83.85416666666666,-9.0,24.61418500001855,auto
1768264455063,Sunny,Day,0.039539930555555554,79.07986111111111,-8.0,21.785404000013386,auto
1768264455095,Sunny,Day,0.03888888888888889,77.77777777777779,-7.0,21.532438999997794,auto
1768264455130,Sunny,Day,0.04010416666666667,80.20833333333334,-7.0,22.69721000001823,auto
1768264455158,Sunny,Day,0.038671875,77.34375,-9.0,16.714641000021402,auto
1768264455188,Sunny,Day,0.03780381944444444,75.60763888888889,-8.0,21.503758999983802,auto
1768264455219,Sunny,Day,0.038237847222222225,76.47569444444446,-6.0,22.884101999977702,auto
1768264455252,Sunny,Day,0.039149305555555555,78.29861111111111,-5.0,24.816186000009566,auto
1768264455285,Sunny,Day,0.03802083333333333,76.04166666666666,-6.0,22.52731800001584,auto
1768264455314,Sunny,Day,0.035980902777777775,71.96180555555554,-7.0,19.298057000014524,auto
1768264455347,Sunny,Day,0.037934027777777775,75.86805555555554,-4.0,21.36584699999844,auto
1768264455377,Sunny,Day,0.03884548611111111,77.69097222222223,-4.0,17.684121999991476,auto
1768264455409,Sunny,Day,0.037196180555555555,74.39236111111111,-5.0,15.122859000001654,auto
1768264455439,Sunny,Day,0.03567708333333333,71.35416666666666,-6.0,19.326124000002665,auto
1768264455472,Sunny,Day,0.03624131944444445,72.4826388888889,-5.0,16.81567800000039,auto
1768264455502,Sunny,Day,0.03619791666666667,72.39583333333334,-6.0,21.084739000002628,auto
1768264455534,Sunny,Day,0.03780381944444444,75.60763888888889,-4.0,23.207831000007673,auto
1768264455567,Sunny,Day,0.036328125,72.65625,-5.0,16.99943700000972,auto
1768264455598,Sunny,Day,0.03459201388888889,69.18402777777779,-6.0,21.16655199998263,auto
1768264455630,Sunny,Day,0.03567708333333333,71.35416666666666,-4.0,20.03281499997911,auto
1768264455660,Sunny,Day,0.037890625,75.78125,-3.0,15.730124000015167,auto
1768264455692,Sunny,Day,0.035416666666666666,70.83333333333333,-5.0,19.536079999994627,auto
1768264455722,Sunny,Day,0.03485243055555556,69.70486111111111,-5.0,21.81921900000816,auto
1768264455758,Sunny,Day,0.033984375,67.96875,-6.0,27.644688999998834,auto
1768264455787,Sunny,Day,0.03697916666666667,73.95833333333333,-4.0,20.385872000019845,auto
1768264455818,Sunny,Day,0.03550347222222222,71.00694444444444,-5.0,17.430413999989014,auto
1768264455852,Sunny,Day,0.035546875,71.09375,-5.0,25.581905000024108,auto
1768264455881,Sunny,Day,0.034895833333333334,69.79166666666667,-5.0,19.90081700000701,auto
1768264455912,Sunny,Day,0.03650173611111111,73.00347222222223,-4.0,17.11224799998945,auto
1768264455943,Sunny,Day,0.03715277777777778,74.30555555555556,-4.0,21.607928999998194,auto
1768264455975,Sunny,Day,0.03676215277777778,73.52430555555556,-4.0,20.133927000017593,auto
1768264456005,Sunny,Day,0.03420138888888889,68.40277777777779,-5.0,21.292492000014818,auto
1768264456038,Sunny,Day,0.03446180555555556,68.92361111111111,-5.0,27.68649600000117,auto
1768264456068,Sunny,Day,0.03485243055555556,69.70486111111111,-4.0,21.441530999993574,auto
1768264456100,Sunny,Day,0.03624131944444445,72.4826388888889,-5.0,23.266014000000723,auto
1768264456131,Sunny,Day,0.032378472222222225,64.75694444444446,-5.0,21.344092000020964,auto
1768264456162,Sunny,Day,0.03285590277777778,65.71180555555556,-5.0,22.97060300000453,auto
1768264456195,Sunny,Day,0.03810763888888889,76.21527777777779,-4.0,24.112313999978596,auto
1768264456225,Sunny,Day,0.03910590277777778,78.21180555555556,-3.0,21.556209999999965,auto
1768264456256,Sunny,Day,0.03815104166666667,76.30208333333334,-2.0,23.254038000004584,auto
1768264456292,Sunny,Day,0.03680555555555556,73.61111111111111,-2.0,27.656388999986348,auto
1768264456320,Sunny,Day,0.037890625,75.78125,-2.0,18.31994700000905,auto
1768264456351,Sunny,Day,0.037890625,75.78125,-3.0,23.187392000011187,auto
1768264456386,Sunny,Day,0.03888888888888889,77.77777777777779,-2.0,24.969142999992755,auto
1768264456418,Sunny,Day,0.03624131944444445,72.4826388888889,-3.0,23.070841000020437,auto
1768264456445,Sunny,Day,0.03723958333333333,74.47916666666667,-2.0,17.99533899998096,auto
1768264456477,Sunny,Day,0.03723958333333333,74.47916666666667,-3.0,23.17769699999417,auto
1768264456510,Sunny,Day,0.03619791666666667,72.39583333333334,-3.0,24.692716999993536,auto
1768264456540,Sunny,Day,0.034895833333333334,69.79166666666667,-4.0,18.793031999990717,auto
1768264456572,Sunny,Day,0.035243055555555555,70.48611111111111,-3.0,24.423407999989877,auto
1768264456605,Sunny,Day,0.03641493055555556,72.82986111111111,-4.0,15.895819000007805,auto
1768264456636,Sunny,Day,0.036631944444444446,73.26388888888889,-4.0,20.55172100000391,auto
1768264456668,Sunny,Day,0.03689236111111111,73.78472222222223,-5.0,21.829542000006086,auto
1768264456700,Sunny,Day,0.034027777777777775,68.05555555555554,-4.0,22.06461000000104,auto
1768264456728,Sunny,Day,0.038671875,77.34375,-4.0,16.446986999994806,auto
1768264456760,Sunny,Day,0.03745659722222222,74.91319444444444,-4.0,23.752481999991915,auto
1768264456793,Sunny,Day,0.039713541666666664,79.42708333333333,-4.0,23.110717000008663,auto
1768264456823,Sunny,Day,0.03767361111111111,75.34722222222221,-3.0,21.177506000015,auto
1768264456854,Sunny,Day,0.03927951388888889,78.55902777777777,-3.0,23.45684900001288,auto
1768264456886,Sunny,Day,0.04049479166666667,80.98958333333334,-3.0,22.303013999987797,auto
1768264456918,Sunny,Day,0.04392361111111111,87.84722222222221,-3.0,23.791079000005766,auto
1768264456949,Sunny,Day,0.04240451388888889,84.80902777777779,-3.0,21.07304199998339,auto
1768264456982,Sunny,Day,0.04118923611111111,82.37847222222221,-3.0,24.635654999997314,auto
1768264457012,Sunny,Day,0.04301215277777778,86.02430555555556,-3.0,20.481681999996226,auto
1768264457043,Sunny,Day,0.04761284722222222,95.22569444444444,-3.0,14.958624000001919,auto
1768264457074,Sunny,Day,0.045572916666666664,91.14583333333333,-3.0,21.43447800000331,auto
1768264457108,Sunny,Day,0.04292534722222222,85.85069444444444,-4.0,24.710593000008885,auto
1768264457137,Sunny,Day,0.044835069444444445,89.67013888888889,-4.0,20.488524000001007,auto
1768264457169,Sunny,Day,0.04813368055555556,96.26736111111111,-4.0,22.795440000010103,auto
1768264457202,Sunny,Day,0.04657118055555556,93.14236111111111,-4.0,22.43333900000266,auto
1768264457233,Sunny,Day,0.04283854166666667,85.67708333333333,-5.0,22.600216000000728,auto
1768264457263,Sunny,Day,0.044444444444444446,88.88888888888889,-5.0,19.890212999996493,auto
1768264457295,Sunny,Day,0.044835069444444445,89.67013888888889,-5.0,24.26338399999395,auto
1768264457325,Sunny,Day,0.04848090277777778,96.96180555555556,-5.0,19.631441999990784,auto
1768264457359,Sunny,Day,0.04266493055555556,85.32986111111111,-4.0,18.201779000008855,auto
1768264457390,Sunny,Day,0.04548611111111111,90.97222222222221,-4.0,22.459012999973993,auto
1768264457421,Sunny,Day,0.04479166666666667,89.58333333333333,-4.0,19.771161999983633,auto
1768264457453,Sunny,Day,0.0484375,96.875,-3.0,12.879112999996778,auto
1768264457483,Sunny,Day,0.04717881944444444,94.35763888888889,-3.0,20.469114999997373,auto
1768264457515,Sunny,Day,0.04609375,92.1875,-2.0,22.881938000011814,auto
1768264457546,Sunny,Day,0.04457465277777778,89.14930555555556,-2.0,21.66672000001313,auto
1768264457579,Sunny,Day,0.04904513888888889,98.09027777777777,-2.0,25.323957000011887,auto
1768264457610,Sunny,Day,0.053211805555555554,100.0,-2.0,19.965329000001475,auto
1768264457643,Sunny,Day,0.04587673611111111,91.75347222222221,-2.0,17.863275999985717,auto
1768264457673,Sunny,Day,0.048003472222222225,96.00694444444446,-2.0,18.05959200001439,auto
1768264457704,Sunny,Day,0.049305555555555554,98.61111111111111,-2.0,21.80532899998866,auto
1768264457739,Sunny,Day,0.055121527777777776,100.0,-1.0,25.87503500001276,auto
1768264457766,Sunny,Day,0.04978298611111111,99.56597222222221,-2.0,16.08719400002201,auto
1768264457799,Sunny,Day,0.046788194444444445,93.57638888888889,-3.0,25.34687100001065,auto
1768264457829,Sunny,Day,0.04982638888888889,99.65277777777779,-2.0,20.761180999983253,auto
1768264457860,Sunny,Day,0.051909722222222225,100.0,-3.0,22.489786000022605,auto
1768264457892,Sunny,Day,0.04861111111111111,97.22222222222223,-3.0,23.14009700000952,auto
1768264457924,Sunny,Day,0.04583333333333333,91.66666666666666,-3.0,20.805819000003112,auto
1768264457956,Sunny,Day,0.046614583333333334,93.22916666666667,-5.0,22.82372799999166,auto
1768264457987,Sunny,Day,0.05360243055555555,100.0,-4.0,21.021860000018933,auto
1768264458019,Sunny,Day,0.05303819444444444,100.0,-4.0,23.059540999980754,auto
1768264458051,Sunny,Day,0.04748263888888889,94.96527777777777,-4.0,23.610518999987562,auto
1768264458081,Sunny,Day,0.04453125,89.0625,-4.0,20.342878000008113,auto
1768264458115,Sunny,Day,0.04743923611111111,94.87847222222221,-4.0,25.947565999985045,auto
1768264458144,Sunny,Day,0.053211805555555554,100.0,-3.0,19.600734000022157,auto
1768264458175,Sunny,Day,0.04709201388888889,94.18402777777777,-3.0,21.820864000005713,auto
1768264458207,Sunny,Day,0.04435763888888889,88.71527777777779,-3.0,22.64661200001683,auto
1768264458237,Sunny,Day,0.05342881944444444,100.0,0.0,18.29533000000083,auto
1768264458272,Sunny,Day,0.04973958333333333,99.47916666666666,-1.0,20.86405699998295,auto
1768264458300,Sunny,Day,0.057074652777777776,100.0,17.0,17.962194999995518,auto
1768264458333,Sunny,Day,0.05720486111111111,100.0,18.0,23.758503000010478,auto
1768264458364,Sunny,Day,0.05724826388888889,100.0,19.0,22.557780999989063,auto
1768264458394,Sunny,Day,0.06067708333333333,100.0,18.0,21.277921999995897,auto
1768264458426,Sunny,Day,0.051171875,100.0,13.0,24.26978300002247,auto
1768264458459,Sunny,Day,0.04778645833333333,95.57291666666666,-9.0,24.77242500000898,auto
1768264458489,Sunny,Day,0.049479166666666664,98.95833333333333,7.0,16.644130999992512,auto
1768264458521,Sunny,Day,0.054427083333333334,100.0,5.0,22.481628999997838,auto
1768264458552,Sunny,Day,0.05611979166666667,100.0,8.0,22.54827199999454,auto
1768264458584,Sunny,Day,0.045355902777777776,90.71180555555556,26.0,22.99135199999114,auto
1768264458615,Sunny,Day,0.05056423611111111,100.0,32.0,21.500094000003855,auto
1768264458647,Sunny,Day,0.05373263888888889,100.0,32.0,21.334553999992067,auto
1768264458680,Sunny,Day,0.04665798611111111,93.31597222222223,29.0,22.879275000008192,auto
1768264458710,Sunny,Day,0.039149305555555555,78.29861111111111,23.0,20.33761300000947,auto
1768264458742,Sunny,Day,0.03107638888888889,62.15277777777778,,22.42783400001258,auto
1768264458772,Sunny,Day,0.03289930555555556,65.79861111111111,25.0,20.64657599999009,auto
1768264458803,Sunny,Day,0.04244791666666667,84.89583333333334,18.0,22.792223999999806,auto
1768264458834,Sunny,Day,0.03519965277777778,70.39930555555556,,15.308307999987392,auto
1768264458867,Sunny,Day,0.033854166666666664,67.70833333333333,12.0,23.660237000001416,auto
1768264458898,Sunny,Day,0.03012152777777778,60.24305555555556,12.0,21.944211999993968,auto
1768264458930,Sunny,Day,0.03250868055555556,65.01736111111111,,23.921336000000792,auto
1768264458963,Sunny,Day,0.031640625,63.28125,,24.34109600000056,auto
1768264458992,Sunny,Day,0.019487847222222222,38.97569444444444,,19.44060700000705,auto
1768264459024,Sunny,Day,0.022048611111111113,44.09722222222223,,24.000488000012865,auto
1768264459055,Sunny,Day,0.0234375,46.875,,21.952885000018796,auto
1768264459087,Sunny,Day,0.02326388888888889,46.52777777777778,,20.701552999980777,auto
1768264459118,Sunny,Day,0.011197916666666667,22.395833333333332,,22.498666999979378,auto
1768264459150,Sunny,Day,0.011762152777777778,23.524305555555554,-5.0,16.44589500000393,auto
1768264459182,Sunny,Day,0.011979166666666667,23.958333333333336,-7.0,17.123065999982146,auto
1768264459212,Sunny,Day,0.017491319444444445,34.98263888888889,-9.0,17.543668000001844,auto
1768264459244,Sunny,Day,0.0026475694444444446,5.295138888888889,,23.113700999999764,auto
1768264459277,Sunny,Day,0.00078125,1.5625,,22.090817999981027,auto
1768264459305,Sunny,Day,0.007769097222222222,15.538194444444445,,19.515842999993538,auto
1768264459338,Sunny,Day,0.008463541666666666,16.927083333333332,,25.749923000006447,auto
1768264459370,Sunny,Day,0.004166666666666667,8.333333333333334,,21.81196800000862,auto
1768264459400,Sunny,Day,0.001388888888888889,2.7777777777777777,,20.857503999991422,auto
1768264459433,Sunny,Day,0.0048177083333333336,9.635416666666668,,24.322935000014922,auto
1768264459463,Sunny,Day,0.006206597222222222,12.413194444444443,0.0,18.45377200001508,auto
1768264459496,Sunny,Day,0.008810763888888889,17.62152777777778,,22.55094000000213,auto
1768264459527,Sunny,Day,0.003993055555555555,7.986111111111111,,21.51908499999422,auto
1768264459559,Sunny,Day,0.0013020833333333333,2.6041666666666665,,23.801900999984582,auto
1768264459590,Sunny,Day,0.008637152777777778,17.274305555555557,12.0,18.69117399999709,auto
1768264459620,Sunny,Day,0.010460069444444444,20.920138888888886,4.0,21.609581999996408,auto
1768264459651,Sunny,Day,0.011328125,22.65625,,23.013767999998436,auto
1768264459684,Sunny,Day,0.003993055555555555,7.986111111111111,,24.343955999995615,auto
1768264459715,Sunny,Day,0.005946180555555555,11.89236111111111,,22.512771999998904,auto
1768264459747,Sunny,Day,0.008116319444444445,16.23263888888889,10.0,22.76105600000733,auto
1768264459778,Sunny,Day,0.008940972222222222,17.881944444444443,,19.86687499999107,auto
1768264459810,Sunny,Day,0.004166666666666667,8.333333333333334,,16.03876999999443,auto
1768264459840,Sunny,Day,0.008940972222222222,17.881944444444443,,21.06346700000472,auto
1768264459872,Sunny,Day,0.008333333333333333,16.666666666666668,10.0,23.339073000016697,auto
1768264459906,Sunny,Day,0.010720486111111111,21.44097222222222,6.0,22.839041000025873,auto
1768264459934,Sunny,Day,0.004253472222222222,8.506944444444443,,15.61497999998096,auto
1768264459967,Sunny,Day,0.006597222222222222,13.194444444444445,,24.61103500002082,auto
1768264459998,Sunny,Day,0.008940972222222222,17.881944444444443,5.0,20.799686999993128,auto
1768264460033,Sunny,Day,0.011588541666666667,23.177083333333336,,25.92658099999312,auto
1768264460062,Sunny,Day,0.011805555555555555,23.61111111111111,6.0,19.783626999981152,auto
1768264460092,Sunny,Day,0.005598958333333333,11.197916666666666,,19.41894300000513,auto
1768264460123,Sunny,Day,0.014279513888888888,28.55902777777778,9.0,19.137412000020504,auto
1768264460157,Sunny,Day,0.016536458333333334,33.072916666666664,3.0,21.422131999997873,auto
1768264460186,Sunny,Day,0.010503472222222223,21.006944444444446,3.0,14.271114999985457,auto
1768264460217,Sunny,Day,0.01115451388888889,22.30902777777778,3.0,11.754525000014837,auto
1768264460249,Sunny,Day,0.012109375,24.21875,7.0,23.151166999980433,auto
1768264460285,Sunny,Day,0.014887152777777777,29.774305555555554,4.0,27.804648999989467,auto
1768264460312,Sunny,Day,0.01875,37.5,2.0,16.608290999982955,auto
1768264460343,Sunny,Day,0.013151041666666667,26.302083333333332,-2.0,22.608181999999033,auto
1768264460376,Sunny,Day,0.015234375,30.46875,3.0,23.54955099997369,auto
1768264460406,Sunny,Day,0.011935763888888888,23.871527777777775,7.0,20.37204600000564,auto
1768264460437,Sunny,Day,0.01775173611111111,35.50347222222222,7.0,22.099692000011828,auto
1768264460471,Sunny,Day,0.014149305555555556,28.29861111111111,8.0,26.359220000017558,auto
1768264460502,Sunny,Day,0.012022569444444445,24.04513888888889,9.0,22.808838000003107,auto
1768264460532,Sunny,Day,0.01597222222222222,31.944444444444443,8.0,20.52230200001759,auto
1768264460564,Sunny,Day,0.022569444444444444,45.138888888888886,7.0,23.8364570000158,auto
1768264460596,Sunny,Day,0.011588541666666667,23.177083333333336,1.0,16.955496000008452,auto
1768264460628,Sunny,Day,0.011588541666666667,23.177083333333336,6.0,23.007788000001028,auto
1768264460658,Sunny,Day,0.02048611111111111,40.97222222222222,9.0,21.56250699999873,auto
1768264460691,Sunny,Day,0.020442708333333334,40.885416666666664,7.0,23.603529000013168,auto
1768264460721,Sunny,Day,0.018315972222222223,36.63194444444444,7.0,21.55600099999333,auto
1768264460752,Sunny,Day,0.011197916666666667,22.395833333333332,5.0,21.0979860000009,auto
1768264460786,Sunny,Day,0.011979166666666667,23.958333333333336,16.0,25.36277800001585,auto
1768264460816,Sunny,Day,0.020833333333333332,41.666666666666664,7.0,21.450899999990725,auto
1768264460846,Sunny,Day,0.02421875,48.4375,6.0,20.770225000006803,auto
1768264460879,Sunny,Day,0.019791666666666666,39.58333333333333,5.0,24.97334800000317,auto
1768264460909,Sunny,Day,0.019401041666666667,38.802083333333336,6.0,17.501263000013978,auto
1768264460941,Sunny,Day,0.024348958333333334,48.697916666666664,8.0,21.042599999987033,auto
1768264460974,Sunny,Day,0.02065972222222222,41.31944444444444,6.0,24.3317480000087,auto
1768264461004,Sunny,Day,0.022699652777777777,45.39930555555556,5.0,21.196638999981587,auto
1768264461034,Sunny,Day,0.015538194444444445,31.07638888888889,7.0,19.122137000010753,auto
1768264461065,Sunny,Day,0.023828125,47.65625,8.0,23.82765599998038,auto
1768264461101,Sunny,Day,0.02834201388888889,56.68402777777778,8.0,26.69335999999589,auto
1768264461132,Sunny,Day,0.016362847222222223,32.72569444444444,6.0,24.444605000013553,auto
1768264461161,Sunny,Day,0.013758680555555555,27.51736111111111,8.0,19.436802000001308,auto
1768264461193,Sunny,Day,0.017013888888888887,34.02777777777777,9.0,23.34121900000241,auto
1768264461224,Sunny,Day,0.018446180555555556,36.892361111111114,8.0,22.766143000012562,auto
1768264461255,Sunny,Day,0.015538194444444445,31.07638888888889,8.0,21.370614000005617,auto
1768264461287,Sunny,Day,0.013715277777777778,27.430555555555554,11.0,23.311803000012787,auto
1768264461319,Sunny,Day,0.01032986111111111,20.65972222222222,7.0,22.62182300000859,auto
1768264461348,Sunny,Day,0.015147569444444444,30.29513888888889,8.0,20.308062999987442,auto
1768264461380,Sunny,Day,0.018446180555555556,36.892361111111114,7.0,22.978899000008823,auto
1768264461418,Sunny,Day,0.010980902777777777,21.961805555555554,8.0,28.03817500000605,auto
1768264461443,Sunny,Day,0.0069878472222222225,13.975694444444445,8.0,4.805686999986847,auto
1768264461475,Sunny,Day,0.01740451388888889,34.80902777777778,7.0,22.90775799997391,auto
1768264461505,Sunny,Day,0.016276041666666668,32.552083333333336,6.0,21.684853000010662,auto
1768264461538,Sunny,Day,0.00920138888888889,18.40277777777778,4.0,24.98968899999454,auto
1768264461568,Sunny,Day,0.004427083333333333,8.854166666666666,,20.692589999981692,auto
1768264461603,Sunny,Day,0.008116319444444445,16.23263888888889,5.0,26.686056999977836,auto
1768264461633,Sunny,Day,0.01349826388888889,26.99652777777778,6.0,18.128706999988253,auto
1768264461664,Sunny,Day,0.010546875,21.09375,4.0,21.987637000023597,auto
1768264461697,Sunny,Day,0.009331597222222222,18.663194444444443,2.0,22.678135000006705,auto
1768264461728,Sunny,Day,0.010286458333333333,20.572916666666668,,20.376682999994955,auto
1768264461758,Sunny,Day,0.017274305555555557,34.548611111111114,6.0,18.03254199998605,auto
1768264461789,Sunny,Day,0.013237847222222222,26.475694444444443,5.0,21.657048999998096,auto
1768264461822,Sunny,Day,0.0066840277777777775,13.368055555555555,,24.263547000003882,auto
1768264461851,Sunny,Day,0.003949652777777778,7.899305555555555,,20.62482199997362,auto
1768264461882,Sunny,Day,0.007855902777777778,15.711805555555555,4.0,24.058595000013838,auto
1768264461916,Sunny,Day,0.011675347222222222,23.350694444444446,5.0,23.893311000023232,auto
1768264461947,Sunny,Day,0.005078125,10.15625,,20.07606699999087,auto
1768264461978,Sunny,Day,0.0014322916666666666,2.864583333333333,,20.955001999993783,auto
1768264462008,Sunny,Day,0.001171875,2.34375,,21.52037999999834,auto
1768264462040,Sunny,Day,0.004166666666666667,8.333333333333334,,22.440713000008827,auto
1768264462072,Sunny,Day,0.0064670138888888885,12.934027777777777,,23.813556999982666,auto
1768264462104,Sunny,Day,0.005121527777777778,10.243055555555555,,24.461776999999074,auto
1768264462135,Sunny,Day,0.0023003472222222223,4.600694444444445,,22.428034999990132,auto
1768264462167,Sunny,Day,0.003298611111111111,6.597222222222222,,21.92867200000137,auto
1768264462198,Sunny,Day,0.004210069444444444,8.42013888888889,,23.054661000003307,auto
1768264462229,Sunny,Day,0.003949652777777778,7.899305555555555,,16.921682000003102,auto
1768264462262,Sunny,Day,0.0018229166666666667,3.6458333333333335,,23.45233900001631,auto
1768264462292,Sunny,Day,0.000390625,0.78125,,21.465194999990445,auto
1768264462324,Sunny,Day,0.001953125,3.90625,,24.078686999985166,auto
1768264462356,Sunny,Day,0.005425347222222222,10.850694444444445,,23.221777000003385,auto
1768264462386,Sunny,Day,0.0024739583333333332,4.947916666666666,,20.44915799999103,auto
1768264462420,Sunny,Day,0.003081597222222222,6.163194444444445,,25.34843699999101,auto
1768264462451,Sunny,Day,0.001953125,3.90625,,20.449991000020873,auto
1768264462480,Sunny,Day,0.009027777777777777,18.055555555555554,,20.739515000002484,auto
1768264462513,Sunny,Day,0.007855902777777778,15.711805555555555,,24.53254600001742,auto
1768264462543,Sunny,Day,0.002777777777777778,5.555555555555555,,17.915662999996584,auto
1768264462575,Sunny,Day,0.0009114583333333333,1.8229166666666667,,22.569718999989163,auto
1768264462606,Sunny,Day,0.004253472222222222,8.506944444444443,,22.919612000009693,auto
1768264462638,Sunny,Day,0.005685763888888889,11.371527777777777,,23.51962200000912,auto
1768264462670,Sunny,Day,0.0034288194444444444,6.857638888888888,,23.149117999992086,auto
1768264462700,Sunny,Day,0.0026041666666666665,5.208333333333333,,22.040700000019342,auto
1768264462733,Sunny,Day,0.0045138888888888885,9.027777777777777,,24.460406000002877,auto
1768264462764,Sunny,Day,0.002864583333333333,5.729166666666666,,22.35754500000553,auto
1768264462795,Sunny,Day,0.0032552083333333335,6.510416666666667,,21.228348999983382,auto
1768264462828,Sunny,Day,0.0016927083333333334,3.385416666666667,,24.862532000014426,auto
1768264462860,Sunny,Day,0.0069878472222222225,13.975694444444445,,22.193487999999206,auto
1768264462891,Sunny,Day,0.012803819444444444,25.60763888888889,-12.0,22.7625059999923,auto
1768264462922,Sunny,Day,0.008723958333333334,17.447916666666668,,17.448459000007688,auto
1768264462952,Sunny,Day,0.003472222222222222,6.944444444444444,,17.23107600000162,auto
1768264462985,Sunny,Day,0.0033420138888888887,6.684027777777778,,22.40030600000864,auto
1768264463017,Sunny,Day,0.0067708333333333336,13.541666666666668,,23.520627000010563,auto
1768264463049,Sunny,Day,0.0014322916666666666,2.864583333333333,,21.968722999986312,auto
1768264463078,Sunny,Day,0.000390625,0.78125,,19.423243999995066,auto
1768264463110,Sunny,Day,0.005555555555555556,11.11111111111111,,23.531961999992745,auto
1768264463141,Sunny,Day,0.007855902777777778,15.711805555555555,,21.605270999998538,auto
1768264463173,Sunny,Day,0.005642361111111111,11.284722222222221,,19.221713000007412,auto
1768264463204,Sunny,Day,0.0026041666666666665,5.208333333333333,,20.58310600000368,auto
1768264463234,Sunny,Day,0.004427083333333333,8.854166666666666,,22.10202699998831,auto
1768264463265,Sunny,Day,0.009027777777777777,18.055555555555554,,22.474802000004956,auto
1768264463297,Sunny,Day,0.012890625,25.78125,,23.596278000013626,auto
1768264463330,Sunny,Day,0.004253472222222222,8.506944444444443,,25.04304300001081,auto
1768264463362,Sunny,Day,0.0016059027777777777,3.2118055555555554,,21.556876999994756,auto
1768264463392,Sunny,Day,0.011458333333333333,22.916666666666664,,20.1847520000058,auto
1768264463423,Sunny,Day,0.014409722222222223,28.819444444444446,,21.401776999994127,auto
1768264463455,Sunny,Day,0.008333333333333333,16.666666666666668,,24.11748099999045,auto
1768264463485,Sunny,Day,0.005164930555555555,10.32986111111111,,22.333806000006007,auto
1768264463520,Sunny,Day,0.00625,12.5,,26.325976999999057,auto
1768264463551,Sunny,Day,0.015538194444444445,31.07638888888889,29.0,21.957342999996854,auto
1768264463582,Sunny,Day,0.010677083333333334,21.354166666666668,,20.39214000001266,auto
1768264463613,Sunny,Day,0.008203125,16.40625,,18.59074600000099,auto
1768264463643,Sunny,Day,0.007378472222222222,14.756944444444445,,21.4024249999909,auto
1768264463675,Sunny,Day,0.006553819444444445,13.10763888888889,,24.696011999992606,auto
1768264463706,Sunny,Day,0.01228298611111111,24.56597222222222,,21.969020000000228,auto
1768264463739,Sunny,Day,0.00390625,7.8125,,24.58519199998932,auto
1768264463770,Sunny,Day,0.004123263888888889,8.246527777777779,,21.93721399999049,auto
1768264463801,Sunny,Day,0.005555555555555556,11.11111111111111,,21.48182900000961,auto
1768264463836,Sunny,Day,0.01115451388888889,22.30902777777778,11.0,25.914204000002883,auto
1768264463864,Sunny,Day,0.00993923611111111,19.87847222222222,,18.042538000003105,auto
1768264463894,Sunny,Day,0.007552083333333333,15.104166666666666,5.0,21.088701999985915,auto
1768264463926,Sunny,Day,0.015538194444444445,31.07638888888889,2.0,18.346882000003006,auto
1768264463960,Sunny,Day,0.00993923611111111,19.87847222222222,3.0,23.2938430000047,auto
1768264463990,Sunny,Day,0.011328125,22.65625,4.0,20.653224000000137,auto
1768264464021,Sunny,Day,0.005295138888888889,10.590277777777779,5.0,21.43919400000982,auto
1768264464051,Sunny,Day,0.011241319444444444,22.48263888888889,5.0,21.982100000002447,auto
1768264464083,Sunny,Day,0.016362847222222223,32.72569444444444,6.0,16.623680000009244,auto
1768264464115,Sunny,Day,0.013671875,27.34375,7.0,22.694548999993458,auto
1768264464148,Sunny,Day,0.009114583333333334,18.229166666666668,6.0,22.691063999985772,auto
1768264464178,Sunny,Day,0.006293402777777778,12.586805555555555,,17.45015200000921,auto
1768264464211,Sunny,Day,0.011762152777777778,23.524305555555554,7.0,23.743212999988828,auto
1768264464241,Sunny,Day,0.009852430555555555,19.70486111111111,7.0,20.65493599999968,auto
1768264464272,Sunny,Day,0.006640625,13.28125,11.0,22.285788000004914,auto
1768264464302,Sunny,Day,0.007508680555555556,15.01736111111111,,22.21146400000862,auto
1768264464336,Sunny,Day,0.011631944444444445,23.26388888888889,11.0,25.480767999994214,auto
1768264464366,Sunny,Day,0.018663194444444444,37.326388888888886,12.0,16.5426650000029,auto
1768264464398,Sunny,Day,0.011458333333333333,22.916666666666664,11.0,23.545597999998336,auto
1768264464429,Sunny,Day,0.006814236111111111,13.628472222222223,,21.527948999988666,auto
1768264464460,Sunny,Day,0.01349826388888889,26.99652777777778,9.0,22.36832199997707,auto
1768264464492,Sunny,Day,0.014800347222222222,29.600694444444443,9.0,17.106818000002022,auto
1768264464523,Sunny,Day,0.015407986111111112,30.815972222222225,9.0,22.219748999987132,auto
1768264464558,Sunny,Day,0.006423611111111111,12.847222222222221,,26.79716299999768,auto
1768264464588,Sunny,Day,0.007595486111111111,15.190972222222221,10.0,21.333836999986033,auto
1768264464619,Sunny,Day,0.016059027777777776,32.11805555555555,10.0,19.862363000015648,auto
1768264464649,Sunny,Day,0.011501736111111112,23.003472222222225,9.0,22.05025199998545,auto
1768264464681,Sunny,Day,0.003949652777777778,7.899305555555555,,22.31655500000329,auto
1768264464713,Sunny,Day,0.004253472222222222,8.506944444444443,,22.050491999976884,auto
1768264464743,Sunny,Day,0.012369791666666666,24.739583333333332,8.0,21.330519000002823,auto
1768264464776,Sunny,Day,0.014366319444444444,28.732638888888886,8.0,22.014423999991095,auto
1768264464810,Sunny,Day,0.009895833333333333,19.791666666666664,10.0,21.760743000015736,auto
1768264464839,Sunny,Day,0.008203125,16.40625,10.0,19.023473000004287,auto
1768264464877,Sunny,Day,0.011458333333333333,22.916666666666664,9.0,27.758010000013655,auto
1768264464900,Sunny,Day,0.013411458333333333,26.822916666666664,8.0,10.934418000005053,auto
1768264464935,Sunny,Day,0.012196180555555556,24.39236111111111,10.0,24.608847999985528,auto
1768264464962,Sunny,Day,0.004427083333333333,8.854166666666666,,19.540215000006356,auto
1768264464995,Sunny,Day,0.00390625,7.8125,,23.164750000006507,auto
1768264465026,Sunny,Day,0.006944444444444444,13.888888888888888,10.0,23.719080999995867,auto
1768264465057,Sunny,Day,0.011241319444444444,22.48263888888889,10.0,22.184837000025937,auto
1768264465091,Sunny,Day,0.004383680555555556,8.76736111111111,,25.04449799999975,auto
1768264465121,Sunny,Day,0.006163194444444444,12.32638888888889,14.0,21.738182999996525,auto
1768264465153,Sunny,Day,0.015147569444444444,30.29513888888889,11.0,23.433995999994295,auto
1768264465183,Sunny,Day,0.014626736111111111,29.25347222222222,11.0,19.34496999999169,auto
1768264465215,Sunny,Day,0.006380208333333333,12.760416666666666,,17.535858000002236,auto
1768264465246,Sunny,Day,0.0022135416666666666,4.427083333333333,,22.556927000010774,auto
1768264465279,Sunny,Day,0.010069444444444445,20.13888888888889,10.0,24.027458999995588,auto
1768264465308,Sunny,Day,0.015190972222222222,30.381944444444443,8.0,15.460152000002836,auto
1768264465343,Sunny,Day,0.011501736111111112,23.003472222222225,8.0,26.32282999999802,auto
1768264465372,Sunny,Day,0.005598958333333333,11.197916666666666,,19.634472999996433,auto
1768264465404,Sunny,Day,0.015407986111111112,30.815972222222225,7.0,22.588563999988764,auto
1768264465435,Sunny,Day,0.020789930555555555,41.57986111111111,2.0,20.416925999995783,auto
1768264465467,Sunny,Day,0.020616319444444444,41.232638888888886,2.0,23.598727999996072,auto
1768264465499,Sunny,Day,0.010763888888888889,21.52777777777778,,23.271119999975554,auto
1768264465531,Sunny,Day,0.018012152777777776,36.02430555555555,6.0,22.471687999995993,auto
1768264465560,Sunny,Day,0.018272569444444445,36.54513888888889,7.0,19.88816700000484,auto
1768264465593,Sunny,Day,0.023003472222222224,46.00694444444445,5.0,23.783049000002165,auto
1768264465624,Sunny,Day,0.017100694444444446,34.20138888888889,0.0,20.241370999997343,auto
1768264465657,Sunny,Day,0.013151041666666667,26.302083333333332,,24.12007300000596,auto
1768264465688,Sunny,Day,0.018142361111111113,36.28472222222223,8.0,21.709400000020196,auto
1768264465719,Sunny,Day,0.026909722222222224,53.81944444444445,6.0,21.69512899999404,auto
1768264465749,Sunny,Day,0.02890625,57.8125,7.0,20.272952999988547,auto
1768264465780,Sunny,Day,0.016840277777777777,33.68055555555556,9.0,23.273603000006915,auto
1768264465813,Sunny,Day,0.015885416666666666,31.770833333333332,3.0,19.112978999999086,auto
1768264465845,Sunny,Day,0.02209201388888889,44.18402777777778,9.0,22.28720100001169,auto
1768264465874,Sunny,Day,0.02113715277777778,42.27430555555556,3.0,20.809310999993613,auto
1768264465908,Sunny,Day,0.02326388888888889,46.52777777777778,7.0,25.242034000001468,auto
1768264465937,Sunny,Day,0.014887152777777777,29.774305555555554,8.0,20.104274000004807,auto
1768264465969,Sunny,Day,0.022526041666666666,45.052083333333336,10.0,23.700294999997595,auto
1768264466002,Sunny,Day,0.019748263888888888,39.49652777777778,11.0,25.265071000006856,auto
1768264466033,Sunny,Day,0.020182291666666668,40.364583333333336,10.0,21.331661000004942,auto
1768264466065,Sunny,Day,0.012152777777777778,24.305555555555557,8.0,18.177823000002036,auto
1768264466095,Sunny,Day,0.023697916666666666,47.39583333333333,10.0,20.491714999991473,auto
1768264466128,Sunny,Day,0.024348958333333334,48.697916666666664,10.0,24.14664799999855,auto
1768264466157,Sunny,Day,0.02087673611111111,41.75347222222222,10.0,20.822503999994524,auto
1768264466190,Sunny,Day,0.01484375,29.6875,8.0,24.104687000004787,auto
1768264466222,Sunny,Day,0.018012152777777776,36.02430555555555,9.0,23.539632000023403,auto
1768264466252,Sunny,Day,0.021614583333333333,43.229166666666664,8.0,16.277418000015587,auto
1768264466283,Sunny,Day,0.02651909722222222,53.03819444444444,10.0,22.26776000000541,auto
1768264466315,Sunny,Day,0.021788194444444443,43.576388888888886,12.0,22.996298999999,auto
1768264466346,Sunny,Day,0.015928819444444443,31.857638888888886,7.0,21.259065000009514,auto
1768264466379,Sunny,Day,0.018836805555555555,37.67361111111111,12.0,23.935548999986622,auto
1768264466409,Sunny,Day,0.021354166666666667,42.708333333333336,12.0,18.619018000009646,auto
1768264466441,Sunny,Day,0.018446180555555556,36.892361111111114,7.0,22.935397999987117,auto
1768264466474,Sunny,Day,0.013454861111111112,26.909722222222225,9.0,24.78572500001519,auto
1768264466505,Sunny,Day,0.01740451388888889,34.80902777777778,8.0,21.576361000001043,auto
1768264466534,Sunny,Day,0.017838541666666666,35.67708333333333,,19.870152000009966,auto
1768264466565,Sunny,Day,0.019401041666666667,38.802083333333336,11.0,23.95321099999137,auto
1768264466597,Sunny,Day,0.0125,25.0,11.0,23.36456399999065,auto
1768264466630,Sunny,Day,0.014453125,28.90625,,24.95178699999201,auto
1768264466661,Sunny,Day,0.015928819444444443,31.857638888888886,10.0,22.127349000015784,auto
1768264466692,Sunny,Day,0.017621527777777778,35.24305555555556,,21.38798499998984,auto
1768264466725,Sunny,Day,0.005815972222222222,11.631944444444445,,24.312932000015053,auto
1768264466754,Sunny,Day,0.008637152777777778,17.274305555555557,,18.673784000014848,auto
1768264466786,Sunny,Day,0.009375,18.75,8.0,17.886177000008274,auto
1768264466819,Sunny,Day,0.00837673611111111,16.75347222222222,,23.518373999991127,auto
1768264466848,Sunny,Day,0.0036458333333333334,7.291666666666667,,19.879621999990604,auto
1768264466881,Sunny,Day,0.003081597222222222,6.163194444444445,,19.962263999985908,auto
1768264466911,Sunny,Day,0.002387152777777778,4.774305555555556,,22.389637000003404,auto
1768264466943,Sunny,Day,0.005685763888888889,11.371527777777777,,24.041987999993353,auto
1768264466974,Sunny,Day,0.004296875,8.59375,,22.140823000000864,auto
1768264467006,Sunny,Day,0.002994791666666667,5.989583333333334,,22.78006500000629,auto
1768264467038,Sunny,Day,0.0020833333333333333,4.166666666666667,,24.2157529999929,auto
1768264467070,Sunny,Day,0.0019097222222222222,3.819444444444444,,21.52003400001945,auto
1768264467100,Sunny,Day,0.005338541666666667,10.677083333333334,,21.79395600001044,auto
1768264467134,Sunny,Day,0.0038628472222222224,7.725694444444445,,24.24868600002128,auto
1768264467166,Sunny,Day,0.0033854166666666668,6.770833333333334,,23.830520000018396,auto
1768264467194,Sunny,Day,0.0016493055555555556,3.298611111111111,,19.299211000003424,auto
1768264467227,Sunny,Day,0.0038628472222222224,7.725694444444445,,24.76860100000522,auto
1768264467257,Sunny,Day,0.005555555555555556,11.11111111111111,,21.004679000014903,auto
1768264467290,Sunny,Day,0.0022569444444444442,4.513888888888888,,19.996358000014425,auto
1768264467320,Sunny,Day,0.001736111111111111,3.472222222222222,,21.427033000009033,auto
1768264467352,Sunny,Day,0.004774305555555556,9.548611111111112,,21.890327999983583,auto
1768264467384,Sunny,Day,0.006423611111111111,12.847222222222221,,23.7077370000236,auto
1768264467415,Sunny,Day,0.0034288194444444444,6.857638888888888,,21.499813999980688,auto
1768264467446,Sunny,Day,0.0012152777777777778,2.430555555555556,,22.71483600000579,auto
1768264467479,Sunny,Day,0.00625,12.5,,25.48806199999376,auto
1768264467508,Sunny,Day,0.00703125,14.0625,,19.673916000016334,auto
1768264467540,Sunny,Day,0.006163194444444444,12.32638888888889,,24.437874000000193,auto
1768264467572,Sunny,Day,0.0016493055555555556,3.298611111111111,,22.589568999990206,auto
1768264467603,Sunny,Day,0.002864583333333333,5.729166666666666,,22.338667000013857,auto
1768264467634,Sunny,Day,0.004036458333333334,8.072916666666668,,22.380885000018225,auto
1768264467666,Sunny,Day,0.00625,12.5,,22.254414000002498,auto
1768264467701,Sunny,Day,0.0023003472222222223,4.600694444444445,,24.143361999989565,auto
1768264467730,Sunny,Day,0.0033420138888888887,6.684027777777778,,20.333329999999705,auto
1768264467760,Sunny,Day,0.009461805555555555,18.92361111111111,,19.81067299999495,auto
1768264467791,Sunny,Day,0.009505208333333333,19.010416666666664,,22.701381000018728,auto
1768264467823,Sunny,Day,0.007465277777777778,14.930555555555557,,23.41155700000286,auto
1768264467855,Sunny,Day,0.0024305555555555556,4.861111111111112,,23.405867999997554,auto
1768264467886,Sunny,Day,0.00837673611111111,16.75347222222222,,22.50474300001315,auto
1768264467917,Sunny,Day,0.009027777777777777,18.055555555555554,,23.04649000001291,auto
1768264467949,Sunny,Day,0.0069010416666666664,13.802083333333332,,22.880337999993117,auto
1768264467980,Sunny,Day,0.008289930555555556,16.57986111111111,,21.81588000001966,auto
1768264468012,Sunny,Day,0.012369791666666666,24.739583333333332,,22.773204999992913,auto
1768264468045,Sunny,Day,0.014192708333333333,28.385416666666668,,24.56592299998306,auto
1768264468076,Sunny,Day,0.012630208333333334,25.260416666666668,,21.623087999984136,auto
1768264468108,Sunny,Day,0.006423611111111111,12.847222222222221,,22.597174999987146,auto
1768264468137,Sunny,Day,0.009635416666666667,19.270833333333336,,20.267297000003737,auto
1768264468168,Sunny,Day,0.017013888888888887,34.02777777777777,,22.62921900000947,auto
1768264468201,Sunny,Day,0.010720486111111111,21.44097222222222,,23.841064999999162,auto
1768264468231,Sunny,Day,0.01349826388888889,26.99652777777778,,22.056700999996792,auto
1768264468263,Sunny,Day,0.011024305555555556,22.048611111111114,,22.565336000013758,auto
1768264468296,Sunny,Day,0.02052951388888889,41.05902777777778,,24.49017899999717,auto
1768264468326,Sunny,Day,0.028038194444444445,56.07638888888889,,20.898673999994344,auto
1768264468358,Sunny,Day,0.017795138888888888,35.59027777777778,,23.31814100000429,auto
1768264468388,Sunny,Day,0.014670138888888889,29.34027777777778,,21.087951000026806,auto
1768264468420,Sunny,Day,0.02573784722222222,51.47569444444444,,23.07285899999556,auto
1768264468452,Sunny,Day,0.028645833333333332,57.291666666666664,,23.980784000002586,auto
1768264468484,Sunny,Day,0.024175347222222223,48.35069444444444,,22.720733999989307,auto
1768264468516,Sunny,Day,0.018055555555555554,36.11111111111111,,23.947722000002614,auto
1768264468548,Sunny,Day,0.023524305555555555,47.04861111111111,,23.0614059999823,auto
1768264468578,Sunny,Day,0.04032118055555556,80.64236111111111,,19.767630999979247,auto
1768264468610,Sunny,Day,0.029600694444444443,59.201388888888886,,24.060457000018687,auto
1768264468643,Sunny,Day,0.020095486111111113,40.19097222222223,,21.07568200000287,auto
1768264468671,Sunny,Day,0.023003472222222224,46.00694444444445,,19.6942599999943,auto
1768264468706,Sunny,Day,0.03715277777777778,74.30555555555556,,25.01623499998118,auto
1768264468734,Sunny,Day,0.03185763888888889,63.71527777777777,,18.162294000006796,auto
1768264468765,Sunny,Day,0.01892361111111111,37.84722222222222,,22.338420000011183,auto
1768264468797,Sunny,Day,0.028645833333333332,57.291666666666664,,23.08388599999489,auto
1768264468828,Sunny,Day,0.03250868055555556,65.01736111111111,,22.748664000005192,auto
1768264468860,Sunny,Day,0.03246527777777778,64.93055555555556,,23.458750000003192,auto
1768264468892,Sunny,Day,0.02599826388888889,51.99652777777778,,22.294811999984177,auto
1768264468925,Sunny,Day,0.021614583333333333,43.229166666666664,,24.43901000000892,auto
1768264468955,Sunny,Day,0.02868923611111111,57.37847222222222,,20.042437000000746,auto
1768264468986,Sunny,Day,0.029166666666666667,58.333333333333336,,20.86438899999621,auto
1768264469017,Sunny,Day,0.020442708333333334,40.885416666666664,,22.47831900001529,auto
1768264469050,Sunny,Day,0.013541666666666667,27.083333333333336,,24.345070999999052,auto
1768264469080,Sunny,Day,0.01875,37.5,,20.23018899998874,auto
1768264469113,Sunny,Day,0.016796875,33.59375,,24.303557999985514,auto
1768264469143,Sunny,Day,0.0203125,40.625,,16.818504000013945,auto
1768264469174,Sunny,Day,0.010460069444444444,20.920138888888886,,22.18683200001692,auto
1768264469206,Sunny,Day,0.013715277777777778,27.430555555555554,,23.630105999984607,auto
1768264469237,Sunny,Day,0.015277777777777777,30.555555555555554,,23.174354000019548,auto
1768264469268,Sunny,Day,0.014192708333333333,28.385416666666668,,23.119036000025517,auto
1768264469300,Sunny,Day,0.01875,37.5,,22.819827999995823,auto
1768264469333,Sunny,Day,0.013064236111111112,26.12847222222222,,23.55365900001516,auto
1768264469363,Sunny,Day,0.015104166666666667,30.208333333333332,,26.249118999999155,manual
1768264469394,Sunny,Day,0.014930555555555556,29.861111111111114,,18.975426999986666,manual
1768264469427,Sunny,Day,0.01545138888888889,30.90277777777778,,24.06823199999053,manual
1768264469459,Sunny,Day,0.016059027777777776,32.11805555555555,,22.500309000008656,manual
1768264469488,Sunny,Day,0.015104166666666667,30.208333333333332,,21.26231899998743,manual
1768264469520,Sunny,Day,0.015885416666666666,31.770833333333332,,27.41761100000417,manual
1768264469551,Sunny,Day,0.01545138888888889,30.90277777777778,,19.799215000006143,manual
1768264469584,Sunny,Day,0.013628472222222222,27.256944444444446,,23.374227999994446,manual
1768264469614,Sunny,Day,0.010503472222222223,21.006944444444446,,21.499016000007032,manual
1768264469645,Sunny,Day,0.013237847222222222,26.475694444444443,,21.792978999997104,manual
1768264469677,Sunny,Day,0.013368055555555555,26.73611111111111,,22.891659999999092,manual
1768264469708,Sunny,Day,0.011241319444444444,22.48263888888889,,23.09220000000778,manual
1768264469742,Sunny,Day,0.012847222222222222,25.694444444444443,,25.000010000013617,manual
1768264469775,Sunny,Day,0.010980902777777777,21.961805555555554,,24.955141999981834,manual
1768264469805,Sunny,Day,0.007595486111111111,15.190972222222221,,21.065022000016143,manual
1768264469834,Sunny,Day,0.00959201388888889,19.18402777777778,,20.436715000016648,manual
1768264469866,Sunny,Day,0.008246527777777778,16.493055555555557,,22.604351000012457,manual
1768264469897,Sunny,Day,0.004861111111111111,9.722222222222223,,18.744253999983584,manual
1768264469928,Sunny,Day,0.005338541666666667,10.677083333333334,,17.971058999989964,manual
1768264469961,Sunny,Day,0.004774305555555556,9.548611111111112,,20.26684700001624,manual
1768264469993,Sunny,Day,0.006336805555555556,12.67361111111111,,24.48495499999126,manual
1768264470022,Sunny,Day,0.007161458333333333,14.322916666666666,,24.5861739999782,manual
1768264470053,Sunny,Day,0.0049479166666666664,9.895833333333332,,18.14138500000695,manual
1768264470088,Sunny,Day,0.006119791666666667,12.239583333333334,,25.309502999988354,manual
1768264470121,Sunny,Day,0.005381944444444444,10.76388888888889,,23.83927500000027,manual
1768264470151,Sunny,Day,0.004904513888888889,9.809027777777777,,23.370264000021734,manual
1768264470180,Sunny,Day,0.0036024305555555558,7.204861111111112,,22.095790999998144,manual
1768264470213,Sunny,Day,0.0036458333333333334,7.291666666666667,,25.307687999998052,manual
1768264470245,Sunny,Day,0.0046875,9.375,,25.1424180000015,manual
1768264470274,Sunny,Day,0.0024305555555555556,4.861111111111112,,16.8245469999988,manual
1768264470307,Sunny,Day,0.0033854166666666668,6.770833333333334,,29.250157999996418,manual
1768264470337,Sunny,Day,0.005121527777777778,10.243055555555555,,21.83328300000653,manual
1768264470368,Sunny,Day,0.009288194444444444,18.57638888888889,,21.072965000001886,manual
1768264470400,Sunny,Day,0.019574652777777778,39.14930555555556,-54.0,21.966122000009136,manual
1768264470432,Sunny,Day,0.03372395833333333,67.44791666666666,,20.0143730000093,manual
1768264470465,Sunny,Day,0.0421875,84.375,,26.70087799998555,manual
1768264470494,Sunny,Day,0.052994791666666666,100.0,,18.713343000001714,manual
1768264470527,Sunny,Day,0.05733506944444444,100.0,,26.61844699997573,manual
1768264470559,Sunny,Day,0.05755208333333333,100.0,,24.309138999996094,manual
1768264470589,Sunny,Day,0.06041666666666667,100.0,,19.3535170000132,manual
1768264470620,Sunny,Day,0.056553819444444445,100.0,,26.425564000021495,manual
1768264470652,Sunny,Day,0.06015625,100.0,,25.227184000016223,manual
1768264470683,Sunny,Day,0.05837673611111111,100.0,,22.48537299999498,manual
1768264470714,Sunny,Day,0.05950520833333333,100.0,,19.972210999981144,manual
1768264470746,Sunny,Day,0.06809895833333333,100.0,,23.158644999995204,manual
1768264470777,Sunny,Day,0.06636284722222222,100.0,,22.812595000004876,manual
1768264470808,Sunny,Day,0.06597222222222222,100.0,,26.60619700000666,manual
1768264470841,Sunny,Day,0.05473090277777778,100.0,,25.954459000018915,manual
1768264470872,Sunny,Day,0.05985243055555556,100.0,,18.472295000009353,manual
1768264470903,Sunny,Day,0.06354166666666666,100.0,,22.943784000005962,manual
1768264470935,Sunny,Day,0.06171875,100.0,47.0,21.886043999984395,manual
1768264470971,Sunny,Day,0.06232638888888889,100.0,,26.412424999989526,manual
1768264470997,Sunny,Day,0.06558159722222222,100.0,40.0,17.790886999989652,manual
1768264471031,Sunny,Day,0.07057291666666667,100.0,38.0,25.68047100001536,manual
1768264471060,Sunny,Day,0.07109375,100.0,34.0,14.595019000012144,manual
1768264471091,Sunny,Day,0.07478298611111112,100.0,29.0,22.07403799999952,manual
1768264471123,Sunny,Day,0.07065972222222222,100.0,27.0,24.083087000008163,manual
1768264471157,Sunny,Day,0.07608506944444444,100.0,22.0,26.42114900001502,manual
1768264471186,Sunny,Day,0.07673611111111112,100.0,18.0,20.78048300001001,manual
1768264471220,Sunny,Day,0.06918402777777778,100.0,17.0,24.85035800000901,manual
1768264471250,Sunny,Day,0.07261284722222222,100.0,11.0,25.399733000000424,auto
1768264471281,Sunny,Day,0.07026909722222222,100.0,9.0,17.922029000004613,auto
1768264471313,Sunny,Day,0.08229166666666667,100.0,4.0,24.075304000007236,auto
1768264471343,Sunny,Day,0.08450520833333333,100.0,1.0,20.743270999986407,auto
1768264471376,Sunny,Day,0.08068576388888889,100.0,2.0,24.44467899999836,auto
1768264471406,Sunny,Day,0.085546875,100.0,2.0,20.890542999978834,auto
1768264471437,Sunny,Day,0.08953993055555555,100.0,4.0,22.988006999980826,auto
1768264471469,Sunny,Day,0.09071180555555555,100.0,4.0,21.764927999981865,auto
1768264471500,Sunny,Day,0.09071180555555555,100.0,7.0,23.474854999989248,auto
1768264471532,Sunny,Day,0.09379340277777778,100.0,8.0,22.89139999999179,auto
1768264471563,Sunny,Day,0.096484375,100.0,7.0,23.070455000009815,auto
1768264471598,Sunny,Day,0.090625,100.0,7.0,15.968039000000545,auto
1768264471626,Sunny,Day,0.09144965277777778,100.0,6.0,17.87416199999825,auto
1768264471659,Sunny,Day,0.09110243055555556,100.0,7.0,24.010145999994847,auto
1768264471689,Sunny,Day,0.09140625,100.0,8.0,19.413412000005792,auto
1768264471720,Sunny,Day,0.09605034722222222,100.0,6.0,22.46876500001349,auto
1768264471753,Sunny,Day,0.09613715277777778,100.0,8.0,24.865851000015482,auto
1768264471786,Sunny,Day,0.09709201388888888,100.0,10.0,23.297210000009727,auto
1768264471815,Sunny,Day,0.0978732638888889,100.0,10.0,19.47647500000471,auto
1768264471848,Sunny,Day,0.10125868055555555,100.0,9.0,24.503480000021227,auto
1768264471877,Sunny,Day,0.10151909722222222,100.0,9.0,19.847610999988774,auto
1768264471909,Sunny,Day,0.09926215277777778,100.0,10.0,22.79496200000608,auto
1768264471940,Sunny,Day,0.10451388888888889,100.0,9.0,22.17598100000373,auto
1768264471971,Sunny,Day,0.10659722222222222,100.0,9.0,18.55752200000893,auto
1768264472004,Sunny,Day,0.10668402777777777,100.0,9.0,17.034791000014593,auto
1768264472034,Sunny,Day,0.1056857638888889,100.0,9.0,21.70655899999474,auto
1768264472065,Sunny,Day,0.1078125,100.0,9.0,16.704906000001074,auto
1768264472097,Sunny,Day,0.10690104166666667,100.0,10.0,23.22774900000013,auto
1768264472127,Sunny,Day,0.10889756944444444,100.0,10.0,22.339555000002065,auto
1768264472160,Sunny,Day,0.10690104166666667,100.0,10.0,24.95393399999557,auto
1768264472194,Sunny,Day,0.10750868055555556,100.0,10.0,25.491863999974385,auto
1768264472222,Sunny,Day,0.11072048611111111,100.0,10.0,18.686897999998564,auto
1768264472255,Sunny,Day,0.10785590277777778,100.0,9.0,24.760316999987708,auto
1768264472285,Sunny,Day,0.10881076388888888,100.0,8.0,17.830579000019497,auto
1768264472317,Sunny,Day,0.11128472222222222,100.0,8.0,22.81446000000642,auto
1768264472350,Sunny,Day,0.11197916666666667,100.0,8.0,24.416392000006226,auto
1768264472379,Sunny,Day,0.11354166666666667,100.0,8.0,19.782420999973738,auto
1768264472410,Sunny,Day,0.11284722222222222,100.0,8.0,17.46686299998146,auto
1768264472440,Sunny,Day,0.11467013888888888,100.0,8.0,23.604103999986137,auto
1768264472472,Sunny,Day,0.11388888888888889,100.0,8.0,25.85287499999822,auto
1768264472504,Sunny,Day,0.1140625,100.0,7.0,24.540533999982017,auto
1768264472534,Sunny,Day,0.11380208333333333,100.0,6.0,22.824263000018163,auto
1768264472568,Sunny,Day,0.11388888888888889,100.0,6.0,27.07734000000528,auto
1768264472597,Sunny,Day,0.11584201388888889,100.0,6.0,21.75598200000195,auto
1768264472629,Sunny,Day,0.11610243055555555,100.0,6.0,25.26440899998761,auto
1768264472661,Sunny,Day,0.11618923611111111,100.0,6.0,22.785050999999612,auto
1768264472692,Sunny,Day,0.1150173611111111,100.0,6.0,24.021525000023303,auto
1768264472725,Sunny,Day,0.11684027777777778,100.0,6.0,26.613627999978462,auto
1768264472755,Sunny,Day,0.11653645833333333,100.0,6.0,22.339203000001362,auto
1768264472786,Sunny,Day,0.11662326388888888,100.0,6.0,24.09074000001965,auto
1768264472817,Sunny,Day,0.11189236111111112,100.0,6.0,24.81346499999404,auto
1768264472849,Sunny,Day,0.11510416666666666,100.0,6.0,24.76454200001399,auto
1768264472880,Sunny,Day,0.11779513888888889,100.0,7.0,24.081398999982184,auto
1768264472912,Sunny,Day,0.11723090277777778,100.0,6.0,25.263835000004065,auto
1768264472943,Sunny,Day,0.11610243055555555,100.0,6.0,24.158341000003247,auto
1768264472975,Sunny,Day,0.11831597222222222,100.0,6.0,26.061927999990075,auto
1768264473009,Sunny,Day,0.11731770833333334,100.0,6.0,27.01708899999744,auto
1768264473038,Sunny,Day,0.11809895833333334,100.0,6.0,21.14942000000042,auto
1768264473071,Sunny,Day,0.11762152777777778,100.0,6.0,26.5528679999818,auto
1768264473102,Sunny,Day,0.11970486111111112,100.0,6.0,23.455691000009438,auto
1768264473131,Sunny,Day,0.11818576388888889,100.0,6.0,20.964499000001524,auto
1768264473164,Sunny,Day,0.11783854166666667,100.0,6.0,26.046153999999433,auto
1768264473194,Sunny,Day,0.11714409722222222,100.0,6.0,17.48441300000536,auto
1768264473227,Sunny,Day,0.11688368055555555,100.0,6.0,26.350527000005286,auto
1768264473257,Sunny,Day,0.1171875,100.0,5.0,23.41571900001327,auto
1768264473289,Sunny,Day,0.11918402777777778,100.0,6.0,25.12085899999761,auto
1768264473322,Sunny,Day,0.12144097222222222,100.0,6.0,25.914583000002267,auto
1768264473352,Sunny,Day,0.12217881944444445,100.0,6.0,21.81012899998791,auto
1768264473385,Sunny,Day,0.12309027777777778,100.0,5.0,25.8701649999864,auto
1768264473418,Sunny,Day,0.12417534722222222,100.0,5.0,24.98176399998897,auto
1768264473446,Sunny,Day,0.12395833333333334,100.0,4.0,18.1052789999967,auto
1768264473477,Sunny,Day,0.12421875,100.0,4.0,24.875487999992174,auto
1768264473511,Sunny,Day,0.12400173611111111,100.0,4.0,27.26887299999703,auto
1768264473540,Sunny,Day,0.12565104166666666,100.0,4.0,21.296761000002107,auto
1768264473571,Sunny,Day,0.1263454861111111,100.0,4.0,24.490133999989894,auto
1768264473603,Sunny,Day,0.12647569444444445,100.0,-15.0,24.67240599997922,auto
1768264473634,Sunny,Day,0.12486979166666666,100.0,-15.0,23.89895499999284,auto
1768264473666,Sunny,Day,0.1282986111111111,100.0,-15.0,24.96929299999806,auto
1768264473697,Sunny,Day,0.1286892361111111,100.0,-15.0,24.784611999990602,auto
1768264473728,Sunny,Day,0.131640625,100.0,-13.0,24.839687000024924,auto
1768264473760,Sunny,Day,0.131640625,100.0,-9.0,24.519413000007262,auto
1768264473792,Sunny,Day,0.1328125,100.0,16.0,25.65451699999244,auto
1768264473823,Sunny,Day,0.13767361111111112,100.0,23.0,23.87028699999405,auto
1768264473854,Sunny,Day,0.13546006944444444,100.0,27.0,24.203123999996023,auto
1768264473886,Sunny,Day,0.13368055555555555,100.0,27.0,25.277947000006407,auto
1768264473918,Sunny,Day,0.13250868055555556,100.0,23.0,25.398472999995647,auto
1768264473949,Sunny,Day,0.12986111111111112,100.0,19.0,23.069279999987202,auto
1768264473982,Sunny,Day,0.12842881944444445,100.0,-6.0,26.626288999977987,auto
1768264474013,Sunny,Day,0.1256076388888889,100.0,-10.0,23.821286000014652,auto
1768264474044,Sunny,Day,0.12374131944444444,100.0,-13.0,23.544082999990223,auto
1768264474074,Sunny,Day,0.1263454861111111,100.0,-14.0,23.31698799997639,auto
1768264474107,Sunny,Day,0.13177083333333334,100.0,-14.0,26.063083999986247,auto
1768264474137,Sunny,Day,0.1326388888888889,100.0,-13.0,23.5624649999977,auto
1768264474168,Sunny,Day,0.13181423611111112,100.0,-9.0,24.641735000017206,auto
1768264474200,Sunny,Day,0.13142361111111112,100.0,-6.0,18.911089999988917,auto
1768264474233,Sunny,Day,0.13407118055555556,100.0,20.0,21.520188000010876,auto
1768264474263,Sunny,Day,0.13424479166666667,100.0,23.0,21.898438000022225,auto
1768264474295,Sunny,Day,0.13819444444444445,100.0,26.0,23.495773000007603,auto
1768264474326,Sunny,Day,0.13745659722222223,100.0,4.0,23.7364880000257,auto
1768264474358,Sunny,Day,0.13676215277777778,100.0,23.0,25.158114000021214,auto
1768264474388,Sunny,Day,0.13315972222222222,100.0,-6.0,21.515499000003047,auto
1768264474420,Sunny,Day,0.13645833333333332,100.0,16.0,24.54507800001693,auto
1768264474452,Sunny,Day,0.13480902777777778,100.0,12.0,24.4354689999966,auto
1768264474483,Sunny,Day,0.13728298611111112,100.0,12.0,23.19902100001059,auto
1768264474514,Sunny,Day,0.13706597222222222,100.0,11.0,25.016964999991842,auto
1768264474545,Sunny,Day,0.136328125,100.0,-14.0,24.338016000001517,auto
1768264474577,Sunny,Day,0.14118923611111112,100.0,-16.0,24.74702700001785,auto
1768264474608,Sunny,Day,0.13932291666666666,100.0,-16.0,24.746767999999975,auto
1768264474640,Sunny,Day,0.1404513888888889,100.0,10.0,24.14749999999799,auto
1768264474672,Sunny,Day,0.14552951388888888,100.0,13.0,19.46766199998251,auto
1768264474703,Sunny,Day,0.1458767361111111,100.0,18.0,23.338780000017323,auto
1768264474734,Sunny,Day,0.14674479166666668,100.0,20.0,17.917396000001418,auto
1768264474766,Sunny,Day,0.1470920138888889,100.0,19.0,24.582085000020015,auto
1768264474797,Sunny,Day,0.1447482638888889,100.0,17.0,24.35434200000941,auto
1768264474829,Sunny,Day,0.14171006944444445,100.0,12.0,25.390638999994053,auto
1768264474859,Sunny,Day,0.13940972222222223,100.0,-18.0,22.358816000007664,auto
1768264474892,Sunny,Day,0.13576388888888888,100.0,-20.0,26.387464000009686,auto
1768264474922,Sunny,Day,0.1341579861111111,100.0,-22.0,19.934378000016295,auto
1768264474954,Sunny,Day,0.1361111111111111,100.0,-21.0,24.887731000006852,auto
1768264474985,Sunny,Day,0.13763020833333334,100.0,-20.0,24.447328999997353,auto
1768264475019,Sunny,Day,0.14418402777777778,100.0,8.0,27.689495999993596,auto
1768264475048,Sunny,Day,0.14765625,100.0,15.0,19.47320899998317,auto
1768264475080,Sunny,Day,0.15568576388888888,100.0,26.0,24.73265700001548,auto
1768264475111,Sunny,Day,0.15230034722222222,100.0,27.0,24.586913999996796,auto
1768264475143,Sunny,Day,0.14969618055555556,100.0,26.0,25.140067999984694,auto
1768264475174,Sunny,Day,0.14500868055555555,100.0,28.0,23.98471199998653,auto
1768264475206,Sunny,Day,0.14557291666666666,100.0,-16.0,24.408391999998003,auto
1768264475238,Sunny,Day,0.14149305555555555,100.0,16.0,24.943755999998984,auto
1768264475268,Sunny,Day,0.14066840277777778,100.0,11.0,22.13640800002281,auto
1768264475302,Sunny,Day,0.14149305555555555,100.0,12.0,26.534503999982917,auto
1768264475331,Sunny,Day,0.1443576388888889,100.0,13.0,16.831671999995024,auto
1768264475364,Sunny,Day,0.1443142361111111,100.0,11.0,26.273983999999473,auto
1768264475394,Sunny,Day,0.1427517361111111,100.0,10.0,22.79133100000763,auto
1768264475427,Sunny,Day,0.141015625,100.0,8.0,26.5837579999868,auto
1768264475457,Sunny,Day,0.14231770833333332,100.0,7.0,22.791014999995696,auto
1768264475488,Sunny,Day,0.14227430555555556,100.0,6.0,24.738346000020783,auto
1768264475521,Sunny,Day,0.14066840277777778,100.0,5.0,25.890700999980254,auto
1768264475551,Sunny,Day,0.14262152777777778,100.0,6.0,19.531209000007266,auto
1768264475582,Sunny,Day,0.1401909722222222,100.0,6.0,23.78914100000884,auto
1768264475614,Sunny,Day,0.13984375,100.0,6.0,23.83207599999082,auto
1768264475646,Sunny,Day,0.13971354166666666,100.0,6.0,25.868537999997443,auto
1768264475678,Sunny,Day,0.13871527777777778,100.0,6.0,24.70743699998934,auto
1768264475708,Sunny,Day,0.1384548611111111,100.0,5.0,23.425535999990643,auto
1768264475740,Sunny,Day,0.13723958333333333,100.0,5.0,25.049362000004294,auto
1768264475772,Sunny,Day,0.13797743055555556,100.0,5.0,25.635331999978916,auto
1768264475802,Sunny,Day,0.13758680555555555,100.0,5.0,23.140573999995695,auto
1768264475833,Sunny,Day,0.13572048611111112,100.0,5.0,23.76662700001475,auto
1768264475866,Sunny,Day,0.13676215277777778,100.0,5.0,25.505582000022287,auto
1768264475896,Sunny,Day,0.13680555555555557,100.0,7.0,23.938792999985026,auto
1768264475928,Sunny,Day,0.13897569444444444,100.0,10.0,24.763547999981483,auto
1768264475962,Sunny,Day,0.13936631944444444,100.0,10.0,27.78888700001403,auto
1768264475991,Sunny,Day,0.13893229166666668,100.0,10.0,20.803994000004877,auto
1768264476022,Sunny,Day,0.13532986111111112,100.0,7.0,25.097686999998814,auto
1768264476055,Sunny,Day,0.13198784722222223,100.0,4.0,25.091330999998718,auto
1768264476086,Sunny,Day,0.12764756944444444,100.0,3.0,22.368841999991673,auto
1768264476116,Sunny,Day,0.12356770833333333,100.0,2.0,22.225528999996413,auto
1768264476150,Sunny,Day,0.12013888888888889,100.0,2.0,25.916053999992528,auto
1768264476181,Sunny,Day,0.11657986111111111,100.0,1.0,22.633286000001362,auto
1768264476211,Sunny,Day,0.11453993055555556,100.0,2.0,22.375901999993175,auto
1768264476242,Sunny,Day,0.11302083333333333,100.0,2.0,24.526643000001513,auto
1768264476273,Sunny,Day,0.11276041666666667,100.0,1.0,24.523936999997886,auto
1768264476306,Sunny,Day,0.11145833333333334,100.0,1.0,25.6669709999926,auto
1768264476336,Sunny,Day,0.11106770833333333,100.0,0.0,22.70331099998657,auto
1768264476370,Sunny,Day,0.11024305555555555,100.0,0.0,26.295811000011327,auto
1768264476399,Sunny,Day,0.11067708333333333,100.0,0.0,20.27398699999594,auto
1768264476431,Sunny,Day,0.11197916666666667,100.0,0.0,24.73060399998417,auto
1768264476463,Sunny,Day,0.11171875,100.0,0.0,24.814304999978276,auto
1768264476496,Sunny,Day,0.11189236111111112,100.0,0.0,25.65516699999648,auto
1768264476525,Sunny,Day,0.11232638888888889,100.0,0.0,21.202477999992198,auto
1768264476558,Sunny,Day,0.11336805555555556,100.0,0.0,26.56907499999761,auto
1768264476588,Sunny,Day,0.11323784722222222,100.0,0.0,21.155598000007103,auto
1768264476619,Sunny,Day,0.11323784722222222,100.0,-1.0,17.79383599998141,auto
1768264476650,Sunny,Day,0.115234375,100.0,-2.0,24.069892999989406,auto
1768264476683,Sunny,Day,0.11449652777777777,100.0,-2.0,25.236144999979615,auto
1768264476713,Sunny,Day,0.11510416666666666,100.0,-3.0,25.231029999986276,auto
1768264476745,Sunny,Day,0.11449652777777777,100.0,-3.0,24.97863100001041,auto
1768264476777,Sunny,Day,0.11553819444444445,100.0,-3.0,25.697675000003528,auto
1768264476808,Sunny,Day,0.11527777777777778,100.0,-3.0,23.58036199998992,auto
1768264476842,Sunny,Day,0.11588541666666667,100.0,-3.0,27.14960599999472,auto
1768264476871,Sunny,Day,0.11653645833333333,100.0,-3.0,21.55160600000272,auto
1768264476903,Sunny,Day,0.11666666666666667,100.0,-2.0,24.821291000023393,auto
1768264476933,Sunny,Day,0.11801215277777778,100.0,-2.0,20.73772400001417,auto
1768264476964,Sunny,Day,0.118359375,100.0,-2.0,24.618274999994583,auto
1768264476996,Sunny,Day,0.11822916666666666,100.0,-1.0,25.116642999989836,auto
1768264477027,Sunny,Day,0.11918402777777778,100.0,0.0,24.681520000001456,auto
1768264477061,Sunny,Day,0.11940104166666667,100.0,0.0,26.39845900000637,auto
1768264477091,Sunny,Day,0.12061631944444444,100.0,0.0,20.750959999986662,auto
1768264477124,Sunny,Day,0.1203125,100.0,0.0,25.596967000012683,auto
1768264477153,Sunny,Day,0.1208767361111111,100.0,0.0,22.768122000002222,auto
1768264477185,Sunny,Day,0.120703125,100.0,-1.0,22.675343000003068,auto
1768264477216,Sunny,Day,0.12026909722222222,100.0,0.0,24.464421000004677,auto
1768264477249,Sunny,Day,0.12083333333333333,100.0,-1.0,25.410759999999755,auto
1768264477279,Sunny,Day,0.12178819444444444,100.0,-1.0,21.40737999999942,auto
1768264477312,Sunny,Day,0.12170138888888889,100.0,-1.0,27.06508899998994,auto
1768264477342,Sunny,Day,0.12196180555555555,100.0,-1.0,21.73000499999489,auto
1768264477374,Sunny,Day,0.12200520833333334,100.0,-1.0,24.80403699999556,auto
1768264477410,Sunny,Day,0.12395833333333334,100.0,-1.0,27.103686999993215,auto
1768264477439,Sunny,Day,0.12395833333333334,100.0,0.0,19.47097199999348,auto
1768264477471,Sunny,Day,0.1234375,100.0,0.0,20.481201999984933,auto
1768264477502,Sunny,Day,0.12434895833333333,100.0,0.0,13.62107099998866,auto
1768264477532,Sunny,Day,0.12552083333333333,100.0,0.0,21.586342000006198,auto
1768264477564,Sunny,Day,0.12469618055555555,100.0,0.0,24.15272999999729,auto
1768264477597,Sunny,Day,0.12400173611111111,100.0,0.0,20.480386999992106,auto
1768264477628,Sunny,Day,0.12374131944444444,100.0,0.0,23.192437999995263,auto
1768264477658,Sunny,Day,0.12452256944444444,100.0,0.0,20.740676000002622,auto
1768264477691,Sunny,Day,0.12430555555555556,100.0,1.0,24.601598000003833,auto
1768264477722,Sunny,Day,0.12413194444444445,100.0,1.0,22.216616999997996,auto
1768264477752,Sunny,Day,0.12443576388888888,100.0,0.0,15.853012999997418,auto
1768264477784,Sunny,Day,0.12473958333333333,100.0,0.0,23.31923799999913,auto
1768264477815,Sunny,Day,0.12439236111111111,100.0,0.0,23.276397000017823,auto
1768264477847,Sunny,Day,0.12408854166666666,100.0,-18.0,22.11924200000226,auto
1768264477879,Sunny,Day,0.12335069444444445,100.0,-18.0,22.25187999999889,auto
1768264477909,Sunny,Day,0.12322048611111111,100.0,-18.0,18.619783000019652,auto
1768264477941,Sunny,Day,0.1256076388888889,100.0,1.0,22.441181000004917,auto
1768264477972,Sunny,Day,0.1271267361111111,100.0,1.0,21.65640399999802,auto
1768264478004,Sunny,Day,0.123046875,100.0,1.0,21.507030999998733,auto
1768264478036,Sunny,Day,0.12482638888888889,100.0,2.0,21.227407999987236,auto
1768264478067,Sunny,Day,0.12491319444444444,100.0,1.0,20.047221000027093,auto
1768264478099,Sunny,Day,0.12174479166666667,100.0,0.0,23.590264999995725,auto
1768264478129,Sunny,Day,0.1203125,100.0,0.0,21.43581100000347,auto
1768264478160,Sunny,Day,0.11870659722222222,100.0,-1.0,23.34767499999657,auto
1768264478192,Sunny,Day,0.11744791666666667,100.0,-2.0,23.719954000000598,auto
1768264478228,Sunny,Day,0.11141493055555556,100.0,-3.0,27.22010100001171,auto
1768264478254,Sunny,Day,0.11028645833333334,100.0,-4.0,13.290388000001485,auto
1768264478286,Sunny,Day,0.10920138888888889,100.0,-5.0,22.667898999998215,auto
1768264478319,Sunny,Day,0.10941840277777778,100.0,-5.0,23.257714999999735,auto
1768264478349,Sunny,Day,0.10846354166666666,100.0,-6.0,21.280198999988897,auto
1768264478383,Sunny,Day,0.1072048611111111,100.0,-6.0,25.001478999996607,auto
1768264478414,Sunny,Day,0.10251736111111111,100.0,-6.0,15.31515300001729,auto
1768264478446,Sunny,Day,0.10243055555555555,100.0,-5.0,22.58440500000347,auto
1768264478475,Sunny,Day,0.10112847222222222,100.0,-4.0,18.992924999992056,auto
1768264478509,Sunny,Day,0.107421875,100.0,-3.0,25.90196200000605,auto
1768264478542,Sunny,Day,0.10533854166666666,100.0,0.0,21.867716999992126,auto
1768264478569,Sunny,Day,0.10577256944444445,100.0,1.0,17.332452000005105,auto
1768264478601,Sunny,Day,0.10646701388888889,100.0,3.0,23.24433600000475,auto
1768264478632,Sunny,Day,0.10737847222222222,100.0,4.0,22.94369399999141,auto
1768264478663,Sunny,Day,0.10581597222222222,100.0,5.0,23.38597599998593,auto
1768264478696,Sunny,Day,0.10850694444444445,100.0,7.0,23.97814500000095,auto
1768264478727,Sunny,Day,0.10785590277777778,100.0,9.0,19.043085000021165,auto
1768264478758,Sunny,Day,0.10824652777777778,100.0,9.0,21.863491999994267,auto
1768264478789,Sunny,Day,0.111328125,100.0,10.0,22.936077999986537,auto
1768264478821,Sunny,Day,0.11310763888888889,100.0,11.0,23.287881000015886,auto
1768264478852,Sunny,Day,0.11158854166666667,100.0,12.0,22.95694200000753,auto
1768264478887,Sunny,Day,0.11710069444444444,100.0,13.0,26.85225100000821,auto
1768264478916,Sunny,Day,0.122265625,100.0,17.0,18.763380999985202,auto
1768264478948,Sunny,Day,0.12582465277777777,100.0,21.0,22.277758999990738,auto
1768264478979,Sunny,Day,0.12803819444444445,100.0,23.0,21.33460199999604,auto
1768264479010,Sunny,Day,0.1304253472222222,100.0,22.0,21.42664100000502,auto
1768264479041,Sunny,Day,0.13003472222222223,100.0,19.0,21.63766600000372,auto
1768264479071,Sunny,Day,0.13172743055555555,100.0,14.0,21.94245499998715,auto
1768264479103,Sunny,Day,0.13120659722222222,100.0,9.0,24.63157799999749,auto
1768264479135,Sunny,Day,0.128515625,100.0,4.0,23.175692999984676,auto
1768264479166,Sunny,Day,0.12699652777777778,100.0,-21.0,22.54658500001483,auto
1768264479200,Sunny,Day,0.1251736111111111,100.0,-23.0,24.667710000016996,auto
1768264479231,Sunny,Day,0.12092013888888889,100.0,-24.0,24.730858999987504,auto
1768264479261,Sunny,Day,0.12986111111111112,100.0,-21.0,14.505436000007421,auto
1768264479295,Sunny,Day,0.13763020833333334,100.0,7.0,23.932486000006747,auto
1768264479326,Sunny,Day,0.15234375,100.0,14.0,20.48571699998547,auto
1768264479354,Sunny,Day,0.14188368055555556,100.0,21.0,15.62368000000447,auto
1768264479387,Sunny,Day,0.1408420138888889,100.0,25.0,23.699219999997467,auto
1768264479418,Sunny,Day,0.1388454861111111,100.0,25.0,21.826072999999724,auto
1768264479452,Sunny,Day,0.13589409722222223,100.0,21.0,26.05051599999797,auto
1768264479480,Sunny,Day,0.14401041666666667,100.0,14.0,19.664997999996103,auto
1768264479512,Sunny,Day,0.13676215277777778,100.0,-16.0,23.45396499998742,auto
1768264479544,Sunny,Day,0.12981770833333334,100.0,-20.0,22.77597799999853,auto
1768264479576,Sunny,Day,0.12361111111111112,100.0,-24.0,23.12507100000971,auto
1768264479606,Sunny,Day,0.12196180555555555,100.0,-25.0,20.84892900001023,auto
1768264479639,Sunny,Day,0.12430555555555556,100.0,-22.0,24.05818899998735,auto
1768264479669,Sunny,Day,0.13059895833333332,100.0,-18.0,21.074913000006745,auto
1768264479701,Sunny,Day,0.14071180555555557,100.0,-13.0,26.306256999987454,auto
1768264479733,Sunny,Day,0.14769965277777777,100.0,-9.0,23.276250999998638,auto
1768264479763,Sunny,Day,0.1482638888888889,100.0,-4.0,20.665970999999672,auto
1768264479796,Sunny,Day,0.15234375,100.0,0.0,23.307324999990442,auto
1768264479828,Sunny,Day,0.15763888888888888,100.0,41.0,23.273600999999644,auto
1768264479860,Sunny,Day,0.15924479166666666,100.0,44.0,23.135558000006995,auto
1768264479889,Sunny,Day,0.14869791666666668,100.0,44.0,19.9470699999722,auto
1768264479920,Sunny,Day,0.15125868055555555,100.0,44.0,22.494684000008647,auto
1768264479953,Sunny,Day,0.15282118055555555,100.0,40.0,19.708765000018502,auto
1768264479983,Sunny,Day,0.1509982638888889,100.0,0.0,19.407088000008343,auto
1768264480014,Sunny,Day,0.1480034722222222,100.0,-6.0,23.339625000005526,auto
1768264480047,Sunny,Day,0.1368923611111111,100.0,-11.0,24.426810999983672,auto
1768264480079,Sunny,Day,0.13246527777777778,100.0,-14.0,21.449620000026925,auto
1768264480108,Sunny,Day,0.13706597222222222,100.0,-12.0,20.53582199999937,auto
1768264480140,Sunny,Day,0.14058159722222222,100.0,-12.0,24.08674800000199,auto
1768264480173,Sunny,Day,0.14713541666666666,100.0,-9.0,24.288251000001537,auto
1768264480203,Sunny,Day,0.14518229166666666,100.0,-8.0,19.38135099999272,auto
1768264480235,Sunny,Day,0.14518229166666666,100.0,25.0,23.34814299999266,auto
1768264480267,Sunny,Day,0.14483506944444444,100.0,28.0,20.54251100000215,auto
1768264480298,Sunny,Day,0.14379340277777777,100.0,31.0,19.487355000023854,auto
1768264480330,Sunny,Day,0.1419704861111111,100.0,30.0,23.547460000003184,auto
1768264480362,Sunny,Day,0.1439236111111111,100.0,24.0,22.184333000012657,auto
1768264480392,Sunny,Day,0.1380642361111111,100.0,18.0,18.29643799999303,auto
1768264480423,Sunny,Day,0.13524305555555555,100.0,11.0,23.044487999982266,auto
1768264480455,Sunny,Day,0.13190104166666666,100.0,4.0,24.39416300001085,auto
1768264480487,Sunny,Day,0.1265625,100.0,-1.0,23.9135939999926,auto
1768264480518,Sunny,Day,0.12170138888888889,100.0,-4.0,20.36644800000431,auto
1768264480551,Sunny,Day,0.12065972222222222,100.0,-7.0,24.513286000001244,auto
1768264480581,Sunny,Day,0.11905381944444444,100.0,-8.0,15.876117999994221,auto
1768264480611,Sunny,Day,0.11974826388888889,100.0,-8.0,21.903414000007615,auto
1768264480644,Sunny,Day,0.11888020833333333,100.0,-7.0,24.233645999999,auto
1768264480674,Sunny,Day,0.11931423611111111,100.0,-6.0,22.628530000019964,auto
1768264480706,Sunny,Day,0.12213541666666666,100.0,-3.0,26.480738000003612,auto
1768264480737,Sunny,Day,0.12534722222222222,100.0,-1.0,25.477075999987164,auto
1768264480768,Sunny,Day,0.12439236111111111,100.0,0.0,21.99179800001616,auto
1768264480801,Sunny,Day,0.12565104166666666,100.0,0.0,23.67425399998524,auto
1768264480833,Sunny,Day,0.12387152777777778,100.0,1.0,22.171344000014415,auto
1768264480863,Sunny,Day,0.12296006944444444,100.0,1.0,21.686698000024762,auto
1768264480895,Sunny,Day,0.12204861111111111,100.0,2.0,20.9100530000228,auto
1768264480926,Sunny,Day,0.1232638888888889,100.0,2.0,22.98254699999802,auto
1768264480958,Sunny,Day,0.12096354166666666,100.0,0.0,23.46396799998729,auto
1768264480989,Sunny,Day,0.12139756944444445,100.0,0.0,21.528089999975464,auto
1768264481020,Sunny,Day,0.11987847222222223,100.0,-1.0,16.44810299998767,auto
1768264481051,Sunny,Day,0.11909722222222222,100.0,-1.0,18.276856999989377,auto
1768264481082,Sunny,Day,0.119921875,100.0,-2.0,22.686542999991843,auto
1768264481115,Sunny,Day,0.11953125,100.0,-2.0,23.784578999993755,auto
1768264481146,Sunny,Day,0.11957465277777778,100.0,-2.0,18.62469900001429,auto
1768264481177,Sunny,Day,0.1203125,100.0,-1.0,22.802681999991137,auto
1768264481209,Sunny,Day,0.12009548611111111,100.0,-1.0,24.07132999999817,auto
1768264481240,Sunny,Day,0.12078993055555555,100.0,0.0,20.236277000009295,auto
1768264481273,Sunny,Day,0.11922743055555556,100.0,0.0,23.431772000009232,auto
1768264481305,Sunny,Day,0.12018229166666666,100.0,0.0,21.445280999984107,auto
1768264481335,Sunny,Day,0.12022569444444445,100.0,0.0,14.699965999994902,auto
1768264481365,Sunny,Day,0.12183159722222223,100.0,1.0,22.05786199999693,auto
1768264481397,Sunny,Day,0.12044270833333333,100.0,1.0,23.938516000015397,auto
1768264481428,Sunny,Day,0.12109375,100.0,1.0,21.849226999989924,auto
1768264481460,Sunny,Day,0.12048611111111111,100.0,1.0,23.55869400000188,auto
1768264481491,Sunny,Day,0.1203125,100.0,1.0,23.19467800001007,auto
1768264481523,Sunny,Day,0.12005208333333334,100.0,1.0,23.79723399999989,auto
1768264481554,Sunny,Day,0.11753472222222222,100.0,1.0,21.281913000024133,auto
1768264481587,Sunny,Day,0.11983506944444444,100.0,1.0,25.70649599999797,auto
1768264481617,Sunny,Day,0.11970486111111112,100.0,1.0,23.74090600000045,auto
1768264481649,Sunny,Day,0.11779513888888889,100.0,1.0,26.11785399997757,auto
1768264481682,Sunny,Day,0.11710069444444444,100.0,1.0,21.146689999994805,auto
1768264481711,Sunny,Day,0.11688368055555555,100.0,2.0,23.407018000000335,auto
1768264481744,Sunny,Day,0.11675347222222222,100.0,3.0,20.59119699998746,auto
1768264481774,Sunny,Day,0.11653645833333333,100.0,6.0,24.612630999996554,auto
1768264481808,Sunny,Day,0.11610243055555555,100.0,3.0,28.136344000017743,auto
1768264481838,Sunny,Day,0.11419270833333334,100.0,5.0,22.281968000015695,auto
1768264481870,Sunny,Day,0.11493055555555555,100.0,6.0,25.942885999995724,auto
1768264481901,Sunny,Day,0.11310763888888889,100.0,5.0,25.08089099998756,auto
1768264481933,Sunny,Day,0.11315104166666666,100.0,6.0,25.6665850000104,auto
1768264481963,Sunny,Day,0.11124131944444444,100.0,5.0,24.101698999999144,auto
1768264481996,Sunny,Day,0.11115451388888889,100.0,5.0,28.01523900001257,auto
1768264482026,Sunny,Day,0.11041666666666666,100.0,5.0,20.523623000002544,auto
1768264482057,Sunny,Day,0.10963541666666667,100.0,5.0,25.49572099999864,auto
1768264482088,Sunny,Day,0.10824652777777778,100.0,5.0,25.701276999996026,auto
1768264482121,Sunny,Day,0.10724826388888889,100.0,6.0,24.563975999996046,auto
1768264482152,Sunny,Day,0.10533854166666666,100.0,2.0,25.455458000010367,auto
1768264482183,Sunny,Day,0.10460069444444445,100.0,6.0,25.140899000007266,auto
1768264482215,Sunny,Day,0.10334201388888889,100.0,6.0,26.451497000010704,auto
1768264482246,Sunny,Day,0.10091145833333333,100.0,6.0,24.190126000007695,auto
1768264482277,Sunny,Day,0.10004340277777778,100.0,3.0,25.614896000007548,auto
1768264482309,Sunny,Day,0.09874131944444445,100.0,1.0,26.546142000000827,auto
1768264482340,Sunny,Day,0.0984375,100.0,7.0,24.68874699999901,auto
1768264482370,Sunny,Day,0.09921875,100.0,8.0,23.839788000003637,auto
1768264482403,Sunny,Day,0.09739583333333333,100.0,3.0,27.604788000019198,auto
1768264482434,Sunny,Day,0.09809027777777778,100.0,,22.130919000005633,auto
1768264482465,Sunny,Day,0.09822048611111112,100.0,,25.743300000016234,auto
1768264482497,Sunny,Day,0.09869791666666666,100.0,9.0,25.877482999987933,auto
1768264482529,Sunny,Day,0.09817708333333333,100.0,,26.971427000006543,auto
1768264482560,Sunny,Day,0.0978732638888889,100.0,,24.13806099997373,auto
1768264482591,Sunny,Day,0.09895833333333333,100.0,,25.579321999998683,auto
1768264482622,Sunny,Day,0.09891493055555556,100.0,,25.499574999997776,auto
1768264482654,Sunny,Day,0.098046875,100.0,,25.68202599999836,auto
1768264482685,Sunny,Day,0.09926215277777778,100.0,,25.584714000018494,auto
1768264482717,Sunny,Day,0.09861111111111111,100.0,,22.152635000026066,auto
1768264482750,Sunny,Day,0.09848090277777778,100.0,,26.32389199999352,auto
1768264482782,Sunny,Day,0.09830729166666667,100.0,,25.19166799999084,auto
1768264482811,Sunny,Day,0.09952256944444444,100.0,,23.525359000018398,auto
1768264482846,Sunny,Day,0.0998263888888889,100.0,,28.314079000011816,auto
1768264482874,Sunny,Day,0.09869791666666666,100.0,,22.242535000003727,auto
1768264482906,Sunny,Day,0.09878472222222222,100.0,,25.089835000017047,auto
1768264482937,Sunny,Day,0.09917534722222222,100.0,,24.322530999995706,auto
1768264482968,Sunny,Day,0.09930555555555555,100.0,,21.84898900000576,auto
1768264482999,Sunny,Day,0.09921875,100.0,,25.475228999994215,auto
1768264483031,Sunny,Day,0.09926215277777778,100.0,,25.495758999994678,auto
1768264483063,Sunny,Day,0.09900173611111111,100.0,,25.87455200000477,auto
1768264483094,Sunny,Day,0.100390625,100.0,,24.245042000018202,auto
1768264483128,Sunny,Day,0.10043402777777778,100.0,,28.25028699999166,auto
1768264483157,Sunny,Day,0.10026041666666667,100.0,,23.09552799999892,auto
1768264483188,Sunny,Day,0.10026041666666667,100.0,,24.80183600002306,auto
1768264483221,Sunny,Day,0.10052083333333334,100.0,,27.11161100000936,auto
1768264483251,Sunny,Day,0.10125868055555555,100.0,,23.987980999976344,auto
1768264483282,Sunny,Day,0.100390625,100.0,,20.44268299999885,auto
1768264483314,Sunny,Day,0.10099826388888888,100.0,,25.742833999998993,auto
1768264483345,Sunny,Day,0.10260416666666666,100.0,,21.077072999986513,auto
1768264483376,Sunny,Day,0.10447048611111111,100.0,,24.731188999993492,auto
1768264483408,Sunny,Day,0.10668402777777777,100.0,,26.101949000008062,auto
1768264483439,Sunny,Day,0.10716145833333333,100.0,,23.99190900001713,auto
1768264483470,Sunny,Day,0.10546875,100.0,,25.358759999988933,auto
1768264483502,Sunny,Day,0.10269097222222222,100.0,,26.083272999983365,auto
1768264483535,Sunny,Day,0.10286458333333333,100.0,,27.643095999991374,auto
1768264483565,Sunny,Day,0.10247395833333334,100.0,,24.21873200000846,auto
1768264483596,Sunny,Day,0.10364583333333334,100.0,,25.482769999996435,auto
1768264483630,Sunny,Day,0.1017795138888889,100.0,,27.2598749999986,auto
1768264483660,Sunny,Day,0.1015625,100.0,,23.971471999999494,auto
1768264483691,Sunny,Day,0.10538194444444444,100.0,,24.680512999992743,auto
1768264483722,Sunny,Day,0.1015625,100.0,,23.80773799998792,auto
1768264483754,Sunny,Day,0.10091145833333333,100.0,,25.417625000017097,auto
1768264483785,Sunny,Day,0.106640625,100.0,,25.203696999994918,auto
1768264483818,Sunny,Day,0.10065104166666666,100.0,,27.137662999990653,auto
1768264483848,Sunny,Day,0.10017361111111112,100.0,,24.319915999996056,auto
1768264483879,Sunny,Day,0.10186631944444445,100.0,,24.4751449999967,auto
1768264483910,Sunny,Day,0.10334201388888889,100.0,,25.24345900002345,auto
1768264483944,Sunny,Day,0.10238715277777778,100.0,,28.033876999984386,auto
1768264483974,Sunny,Day,0.0998263888888889,100.0,,22.92060300001708,auto
1768264484005,Sunny,Day,0.10672743055555556,100.0,36.0,25.753086000008807,auto
1768264484036,Sunny,Day,0.10646701388888889,100.0,,24.50548200002345,auto
1768264484068,Sunny,Day,0.10863715277777777,100.0,,26.322639999989406,auto
1768264484099,Sunny,Day,0.11458333333333333,100.0,,23.886051000005182,auto
1768264484130,Sunny,Day,0.11480034722222222,100.0,,24.73383999998191,auto
1768264484162,Sunny,Day,0.11527777777777778,100.0,,26.22416299999486,auto
1768264484193,Sunny,Day,0.10611979166666667,100.0,,21.06960000000413,auto
1768264484224,Sunny,Day,0.10668402777777777,100.0,,23.092753000014454,auto
1768264484256,Sunny,Day,0.10590277777777778,100.0,,22.50161499998171,auto
1768264484288,Sunny,Day,0.10334201388888889,100.0,,22.038135000002512,auto
1768264484320,Sunny,Day,0.10325520833333333,100.0,,21.53873000000317,auto
1768264484351,Sunny,Day,0.10334201388888889,100.0,,16.872232999986636,auto
1768264484382,Sunny,Day,0.10477430555555556,100.0,,21.503711999997677,auto
1768264484413,Sunny,Day,0.10164930555555556,100.0,,21.813965000006874,auto
1768264484444,Sunny,Day,0.10151909722222222,100.0,,21.48696300000097,auto
1768264484477,Sunny,Day,0.1017795138888889,100.0,,24.05495299998961,auto
1768264484507,Sunny,Day,0.1015625,100.0,,20.98057199998493,auto
1768264484539,Sunny,Day,0.0998263888888889,100.0,,23.514842000025737,auto
1768264484571,Sunny,Day,0.09891493055555556,100.0,,22.02650000000972,auto
1768264484603,Sunny,Day,0.09926215277777778,100.0,,22.06689100000858,auto
1768264484632,Sunny,Day,0.09709201388888888,100.0,,20.21871700000588,auto
1768264484662,Sunny,Day,0.09422743055555556,100.0,,22.73486500001809,auto
1768264484693,Sunny,Day,0.09244791666666667,100.0,,20.97881200000984,auto
1768264484725,Sunny,Day,0.09153645833333333,100.0,,24.64281100000676,auto
1768264484759,Sunny,Day,0.09049479166666667,100.0,,26.732461999984025,auto
1768264484788,Sunny,Day,0.08932291666666667,100.0,,21.8647320000116,auto
1768264484819,Sunny,Day,0.08467881944444444,100.0,,23.545913000020846,auto
1768264484851,Sunny,Day,0.08689236111111111,100.0,,25.840576999996756,auto
1768264484882,Sunny,Day,0.08433159722222222,100.0,,22.690693999976475,auto
1768264484913,Sunny,Day,0.08467881944444444,100.0,,25.27100499997914,auto
1768264484944,Sunny,Day,0.08424479166666667,100.0,,24.531346000003396,auto
1768264484976,Sunny,Day,0.08177083333333333,100.0,,24.99906900001747,auto
1768264485007,Sunny,Day,0.07999131944444444,100.0,,24.573704000005137,auto
1768264485039,Sunny,Day,0.08146701388888888,100.0,,24.844556000005014,auto
1768264485071,Sunny,Day,0.07886284722222223,100.0,,25.6449400000065,auto
1768264485104,Sunny,Day,0.07894965277777778,100.0,,26.03031900000019,auto
1768264485133,Sunny,Day,0.076171875,100.0,,22.81006900000193,auto
1768264485167,Sunny,Day,0.07578125,100.0,,27.80697199997917,auto
1768264485196,Sunny,Day,0.07491319444444444,100.0,,21.850123000007216,auto
1768264485227,Sunny,Day,0.07391493055555555,100.0,,24.387899000004154,auto
1768264485259,Sunny,Day,0.07291666666666667,100.0,,25.780229999980975,auto
1768264485291,Sunny,Day,0.07217881944444444,100.0,,25.14476199999649,auto
1768264485321,Sunny,Day,0.07256944444444445,100.0,,23.633799000009503,auto
1768264485353,Sunny,Day,0.06966145833333333,100.0,,24.751564000013104,auto
1768264485384,Sunny,Day,0.06909722222222223,100.0,,24.94573599997807,auto
1768264485416,Sunny,Day,0.06866319444444445,100.0,,24.719325999996045,auto
1768264485447,Sunny,Day,0.06588541666666667,100.0,,25.14894899999831,auto
1768264485479,Sunny,Day,0.06540798611111111,100.0,,24.609882000021344,auto
1768264485511,Sunny,Day,0.0642361111111111,100.0,,26.259878999979946,auto
1768264485541,Sunny,Day,0.06432291666666666,100.0,,23.30159400000298,auto
1768264485575,Sunny,Day,0.06180555555555556,100.0,,27.25665799999888,auto
1768264485604,Sunny,Day,0.06401909722222222,100.0,,19.701431000015646,auto
1768264485635,Sunny,Day,0.061675347222222225,100.0,,24.600840000005064,auto
1768264485667,Sunny,Day,0.06145833333333333,100.0,,25.180409000000736,auto
1768264485699,Sunny,Day,0.064453125,100.0,,25.40804299999877,auto
1768264485730,Sunny,Day,0.06171875,100.0,,23.930613999993966,auto
1768264485761,Sunny,Day,0.06440972222222222,100.0,,24.78265399997781,auto
1768264485793,Sunny,Day,0.06388888888888888,100.0,,24.266431999990346,auto
1768264485825,Sunny,Day,0.06532118055555555,100.0,,25.37585999999692,auto
1768264485855,Sunny,Day,0.06770833333333333,100.0,,24.308340999994016,auto
1768264485887,Sunny,Day,0.06740451388888889,100.0,,25.457641000002695,auto
1768264485918,Sunny,Day,0.06775173611111111,100.0,,24.33290900000884,auto
1768264485950,Sunny,Day,0.06909722222222223,100.0,,24.68653100001461,auto
1768264485983,Sunny,Day,0.06944444444444445,100.0,,26.95317199999181,auto
1768264486014,Sunny,Day,0.07300347222222223,100.0,,24.511326999999028,auto
1768264486044,Sunny,Day,0.07196180555555555,100.0,,22.550818999974354,auto
1768264486075,Sunny,Day,0.07330729166666666,100.0,,24.95346199998494,auto
1768264486107,Sunny,Day,0.07517361111111111,100.0,,24.866882999987183,auto
1768264486138,Sunny,Day,0.07643229166666667,100.0,,18.892466000011154,auto
1768264486170,Sunny,Day,0.07591145833333333,100.0,,24.857210999982726,auto
1768264486201,Sunny,Day,0.07725694444444445,100.0,,25.247848000020667,auto
1768264486233,Sunny,Day,0.07994791666666666,100.0,,24.66741499998193,auto
1768264486264,Sunny,Day,0.08294270833333334,100.0,,24.56158500001493,auto
1768264486295,Sunny,Day,0.09071180555555555,100.0,,24.94751399999018,auto
1768264486327,Sunny,Day,0.09309895833333333,100.0,,21.571727000008423,auto
1768264486358,Sunny,Day,0.09965277777777778,100.0,,24.347961000017904,auto
1768264486394,Sunny,Day,0.1032986111111111,100.0,,28.730947000013884,auto
1768264486421,Sunny,Day,0.10698784722222222,100.0,,19.609391999978243,auto
1768264486452,Sunny,Day,0.11002604166666667,100.0,,24.886761999994178,auto
1768264486484,Sunny,Day,0.11493055555555555,100.0,,24.875350000002072,auto
1768264486515,Sunny,Day,0.11779513888888889,100.0,,24.63039599999206,auto
1768264486547,Sunny,Day,0.12139756944444445,100.0,,24.464962999985573,auto
1768264486578,Sunny,Day,0.1247829861111111,100.0,,23.659901000002037,auto
1768264486610,Sunny,Day,0.12977430555555555,100.0,,23.89444199999957,auto
1768264486641,Sunny,Day,0.13368055555555555,100.0,,24.51659900000891,auto
1768264486672,Sunny,Day,0.1365451388888889,100.0,,25.000059000007013,auto
1768264486704,Sunny,Day,0.1407986111111111,100.0,,24.81552400001874,auto
1768264486735,Sunny,Day,0.14440104166666667,100.0,,24.79558899997869,auto
1768264486766,Sunny,Day,0.14696180555555555,100.0,,24.52415900000915,auto
1768264486801,Sunny,Day,0.15425347222222222,100.0,,27.92175400000474,auto
1768264486829,Sunny,Day,0.1547309027777778,100.0,,21.762245999980223,auto
1768264486861,Sunny,Day,0.15989583333333332,100.0,,25.464194000022644,auto
1768264486892,Sunny,Day,0.16236979166666668,100.0,,24.190050000015617,auto
1768264486925,Sunny,Day,0.16879340277777777,100.0,,25.900669000009202,auto
1768264486955,Sunny,Day,0.1657986111111111,100.0,,23.65128499999969,auto
1768264486986,Sunny,Day,0.1666232638888889,100.0,,24.497126999989405,auto
1768264487019,Sunny,Day,0.16731770833333334,100.0,,26.02018000001749,auto
1768264487049,Sunny,Day,0.162890625,100.0,,23.662130000019488,auto
1768264487081,Sunny,Day,0.15980902777777778,100.0,,24.62142400000289,auto
1768264487112,Sunny,Day,0.1564236111111111,100.0,,24.992749000006143,auto
1768264487144,Sunny,Day,0.15182291666666667,100.0,,24.560393999990993,auto
1768264487175,Sunny,Day,0.144921875,100.0,,24.867763999992576,auto
1768264487209,Sunny,Day,0.1421440972222222,100.0,,26.87539400000105,auto
1768264487239,Sunny,Day,0.13854166666666667,100.0,,27.103243999988536,manual
1768264487269,Sunny,Day,0.1345920138888889,100.0,,18.739731000010806,manual
1768264487301,Sunny,Day,0.13667534722222222,100.0,,24.762862000017094,manual
1768264487332,Sunny,Day,0.13702256944444444,100.0,,25.39286700002208,manual
1768264487363,Sunny,Day,0.13624131944444445,100.0,,24.36103899998443,manual
1768264487398,Sunny,Day,0.13676215277777778,100.0,,27.81818000002545,manual
1768264487426,Sunny,Day,0.13585069444444445,100.0,,21.817169999991393,manual
1768264487458,Sunny,Day,0.1369357638888889,100.0,,24.870283999973708,manual
1768264487489,Sunny,Day,0.1365451388888889,100.0,,24.507664999987355,manual
1768264487521,Sunny,Day,0.136328125,100.0,,28.191931999998587,manual
1768264487554,Sunny,Day,0.13619791666666667,100.0,,24.843417999989015,manual
1768264487583,Sunny,Day,0.1343315972222222,100.0,,22.75588000000539,manual
1768264487617,Sunny,Day,0.13428819444444445,100.0,,27.31869900000561,manual
1768264487646,Sunny,Day,0.1334201388888889,100.0,,22.764309999985244,manual
1768264487678,Sunny,Day,0.1304253472222222,100.0,,24.64384099999961,manual
1768264487709,Sunny,Day,0.132421875,100.0,,24.990637000001925,manual
1768264487740,Sunny,Day,0.132421875,100.0,,25.10185799999931,manual
1768264487772,Sunny,Day,0.13216145833333334,100.0,,25.410412999974596,manual
1768264487803,Sunny,Day,0.13151041666666666,100.0,,24.54233000000272,manual
1768264487835,Sunny,Day,0.1312934027777778,100.0,,25.165702999998985,manual
1768264487866,Sunny,Day,0.13355034722222223,100.0,,24.94752399999811,manual
1768264487897,Sunny,Day,0.13515625,100.0,,24.960159999977805,manual
1768264487929,Sunny,Day,0.13368055555555555,100.0,,25.20774100000267,manual
1768264487960,Sunny,Day,0.13003472222222223,100.0,,20.47239599997397,manual
1768264487992,Sunny,Day,0.13020833333333334,100.0,,24.718358000001217,manual
1768264488024,Sunny,Day,0.12890625,100.0,,28.1598489999908,manual
1768264488055,Sunny,Day,0.1284722222222222,100.0,,21.428448999984084,manual
1768264488086,Sunny,Day,0.12860243055555556,100.0,,25.124663000013925,manual
1768264488118,Sunny,Day,0.12734375,100.0,,25.082419999989725,manual
1768264488150,Sunny,Day,0.12925347222222222,100.0,,24.33401499999377,manual
1768264488181,Sunny,Day,0.13038194444444445,100.0,,23.10091799998304,manual
1768264488212,Sunny,Day,0.13038194444444445,100.0,,24.015977000004796,manual
1768264488244,Sunny,Day,0.13159722222222223,100.0,,26.202909000005548,manual
1768264488274,Sunny,Day,0.1306857638888889,100.0,,23.213080999994418,manual
1768264488306,Sunny,Day,0.12986111111111112,100.0,,24.25896099998681,manual
1768264488337,Sunny,Day,0.12890625,100.0,,24.830079999986765,manual
1768264488370,Sunny,Day,0.1271701388888889,100.0,,26.892639000010377,manual
1768264488400,Sunny,Day,0.13194444444444445,100.0,,23.170562000018435,manual
1768264488434,Sunny,Day,0.13285590277777778,100.0,,26.176822999985916,manual
1768264488463,Sunny,Day,0.1304253472222222,100.0,,18.02985599999829,manual
1768264488495,Sunny,Day,0.12699652777777778,100.0,,25.058279999996103,manual
1768264488526,Sunny,Day,0.13194444444444445,100.0,,24.775294999983544,manual
1768264488557,Sunny,Day,0.13133680555555555,100.0,,24.91254499997808,manual
1768264488589,Sunny,Day,0.13289930555555557,100.0,,25.225543999994215,manual
1768264488620,Sunny,Day,0.128515625,100.0,,24.857612000005247,manual
1768264488652,Sunny,Day,0.1304253472222222,100.0,,25.38213500000097,manual
1768264488684,Sunny,Day,0.1290798611111111,100.0,,25.404182000016817,manual
1768264488714,Sunny,Day,0.13294270833333333,100.0,,24.159674000003406,manual
1768264488748,Sunny,Day,0.13029513888888888,100.0,,26.95429700000318,manual
1768264488777,Sunny,Day,0.12921006944444444,100.0,,21.823985999986917,manual
1768264488809,Sunny,Day,0.13307291666666668,100.0,,25.213315999991437,manual
1768264488842,Sunny,Day,0.12834201388888888,100.0,,27.29349399999137,manual
1768264488873,Sunny,Day,0.12039930555555556,100.0,,23.897550000015144,manual
1768264488903,Sunny,Day,0.12083333333333333,100.0,,21.90165199999683,manual
1768264488935,Sunny,Day,0.12161458333333333,100.0,,26.47774100000788,manual
1768264488966,Sunny,Day,0.12248263888888888,100.0,,22.78830900002049,manual
1768264488997,Sunny,Day,0.11519097222222222,100.0,,24.36343599998736,manual
1768264489028,Sunny,Day,0.11584201388888889,100.0,,26.582051000019646,manual
1768264489061,Sunny,Day,0.11527777777777778,100.0,,28.156353000014178,manual
1768264489092,Sunny,Day,0.11731770833333334,100.0,,26.476473999991867,manual
1768264489124,Sunny,Day,0.11471354166666667,100.0,,27.352855999993153,manual
1768264489157,Sunny,Day,0.11028645833333334,100.0,,27.792371999993293,manual
1768264489186,Sunny,Day,0.103515625,100.0,,24.074244000019007,manual
1768264489217,Sunny,Day,0.09848090277777778,100.0,,27.827610000002778,manual
1768264489249,Sunny,Day,0.10390625,100.0,,27.737569999999323,manual
1768264489282,Sunny,Day,0.09826388888888889,100.0,,27.5810349999972,manual
1768264489311,Sunny,Day,0.09487847222222222,100.0,,24.617843999976685,manual
1768264489342,Sunny,Day,0.09483506944444445,100.0,,26.66074300000787,manual
1768264489375,Sunny,Day,0.09092881944444445,100.0,,26.479827000002842,manual
1768264489406,Sunny,Day,0.08793402777777778,100.0,,27.204213999993954,manual
1768264489437,Sunny,Day,0.07947048611111111,100.0,,26.09340899999779,manual
1768264489469,Sunny,Day,0.0798611111111111,100.0,,27.2695209999938,manual
1768264489500,Sunny,Day,0.07552083333333333,100.0,,22.493150000002515,manual
1768264489531,Sunny,Day,0.07387152777777778,100.0,,27.900273000000197,manual
1768264489563,Sunny,Day,0.07322048611111111,100.0,,27.075674000002437,manual
1768264489594,Sunny,Day,0.06961805555555556,100.0,,27.06498400002033,manual
1768264489625,Sunny,Day,0.072265625,100.0,,26.55574999999999,manual
1768264489662,Sunny,Day,0.07287326388888889,100.0,,31.558022000012897,manual
1768264489692,Sunny,Day,0.08003472222222222,100.0,,23.5931710000159,manual
1768264489723,Sunny,Day,0.07760416666666667,100.0,,24.159968000020626,manual
1768264489753,Sunny,Day,0.080859375,100.0,,25.21849100000395,manual
1768264489785,Sunny,Day,0.08715277777777777,100.0,,21.391349000026594,manual
1768264489817,Sunny,Day,0.08923611111111111,100.0,,26.410091000002467,manual
1768264489848,Sunny,Day,0.08910590277777777,100.0,,25.040316000001894,manual
1768264489879,Sunny,Day,0.09288194444444445,100.0,,26.450869000001376,manual
1768264489910,Sunny,Day,0.09470486111111111,100.0,,25.428011999991895,manual
1768264489943,Sunny,Day,0.09869791666666666,100.0,,26.97105199999328,manual
1768264489975,Sunny,Day,0.09956597222222222,100.0,,26.660279999987324,manual
1768264490006,Sunny,Day,0.10243055555555555,100.0,,24.738089999999602,manual
1768264490040,Sunny,Day,0.10625,100.0,,27.6182810000023,manual
1768264490068,Sunny,Day,0.108984375,100.0,,22.615414000000555,manual
1768264490098,Sunny,Day,0.11462673611111111,100.0,,25.342948000002252,manual
1768264490131,Sunny,Day,0.11393229166666667,100.0,,27.717604000002893,manual
1768264490162,Sunny,Day,0.11779513888888889,100.0,,25.322216999995817,manual
1768264490194,Sunny,Day,0.12309027777777778,100.0,,26.659074999997756,manual
1768264490226,Sunny,Day,0.12413194444444445,100.0,,24.613381000023082,manual
1768264490256,Sunny,Day,0.12786458333333334,100.0,,23.2813970000052,manual
1768264490289,Sunny,Day,0.12942708333333333,100.0,,27.80875600001309,manual
1768264490321,Sunny,Day,0.13038194444444445,100.0,,24.63557600000854,manual
1768264490351,Sunny,Day,0.13736979166666666,100.0,,23.408361000008426,manual
1768264490382,Sunny,Day,0.1362847222222222,100.0,,25.622443999992583,manual
1768264490415,Sunny,Day,0.1312934027777778,100.0,,27.287875000013173,manual
1768264490445,Sunny,Day,0.12291666666666666,100.0,,22.986228000007713,manual
1768264490476,Sunny,Day,0.11236979166666666,100.0,,26.30971499999646,manual
1768264490509,Sunny,Day,0.09917534722222222,100.0,,27.15785399999504,manual
1768264490539,Sunny,Day,0.08797743055555556,100.0,,24.107044000004407,manual
1768264490570,Sunny,Day,0.07387152777777778,100.0,,25.429561000009926,manual
1768264490602,Sunny,Day,0.06974826388888888,100.0,,26.57727899998008,manual
1768264490633,Sunny,Day,0.062890625,100.0,,25.436712999976407,manual
1768264490665,Sunny,Day,0.05750868055555555,100.0,,25.46642999999449,manual
1768264490696,Sunny,Day,0.05212673611111111,100.0,,25.749779000022954,manual
1768264490729,Sunny,Day,0.046875,93.75,,26.983126999994056,manual
1768264490759,Sunny,Day,0.04331597222222222,86.63194444444444,,22.684908000002224,manual
1768264490790,Sunny,Day,0.04283854166666667,85.67708333333333,,25.60675200001583,manual
1768264490822,Sunny,Day,0.04071180555555556,81.42361111111111,,25.593838999981244,manual
1768264490854,Sunny,Day,0.036328125,72.65625,,26.1830469999893,manual
1768264490887,Sunny,Day,0.03502604166666667,70.05208333333333,,27.738483999996788,manual
1768264490917,Sunny,Day,0.034331597222222225,68.66319444444446,,23.6380009999948,manual
1768264490948,Sunny,Day,0.03203125,64.0625,,27.501878000009583,manual
1768264490979,Sunny,Day,0.02834201388888889,56.68402777777778,,24.812988999997287,manual
1768264491012,Sunny,Day,0.03142361111111111,62.84722222222222,,27.645722999977806,manual
1768264491042,Sunny,Day,0.03194444444444444,63.888888888888886,,24.07024699999738,manual
1768264491073,Sunny,Day,0.032942708333333334,65.88541666666667,,25.79029499997887,manual
1768264491104,Sunny,Day,0.03407118055555555,68.1423611111111,,25.689472999999907,manual
1768264491137,Sunny,Day,0.03454861111111111,69.09722222222223,,27.320649000017738,manual
1768264491167,Sunny,Day,0.03637152777777778,72.74305555555556,,23.436359000015727,manual
1768264491198,Sunny,Day,0.037022569444444445,74.04513888888889,,25.70258999998032,manual
1768264491230,Sunny,Day,0.03888888888888889,77.77777777777779,,23.379277999993064,manual
1768264491262,Sunny,Day,0.04027777777777778,80.55555555555556,,18.024381000003586,manual
1768264491294,Sunny,Day,0.04309895833333333,86.19791666666667,39.0,22.990384999985736,manual
1768264491326,Sunny,Day,0.04431423611111111,88.62847222222223,37.0,21.829191999984232,manual
1768264491355,Sunny,Day,0.04683159722222222,93.66319444444444,35.0,18.902246000010337,manual
1768264491388,Sunny,Day,0.048350694444444446,96.70138888888889,33.0,23.88859300000945,manual
1768264491418,Sunny,Day,0.050694444444444445,100.0,30.0,17.496446999984983,manual
1768264491451,Sunny,Day,0.05134548611111111,100.0,28.0,23.707365999996455,manual
1768264491482,Sunny,Day,0.052256944444444446,100.0,25.0,21.80594199998609,manual
1768264491513,Sunny,Day,0.05221354166666667,100.0,,22.640565999978435,manual
1768264491544,Sunny,Day,0.05212673611111111,100.0,,23.09500600000547,manual
1768264491576,Sunny,Day,0.052300347222222224,100.0,,23.395655000001625,manual
1768264491607,Sunny,Day,0.05243055555555556,100.0,,22.80432300000257,manual
1768264491639,Sunny,Day,0.05329861111111111,100.0,,22.978214000005437,manual
1768264491671,Sunny,Day,0.053515625,100.0,,23.55194599999777,manual
1768264491704,Sunny,Day,0.054210069444444446,100.0,,22.294302999995352,manual
1768264491734,Sunny,Day,0.05412326388888889,100.0,,21.340071999986776,manual
1768264491764,Sunny,Day,0.05455729166666667,100.0,,21.83762299998193,manual
1768264491796,Sunny,Day,0.05520833333333333,100.0,,23.503850999986753,manual
1768264491827,Sunny,Day,0.05651041666666667,100.0,,22.967765000004192,manual
1768264491860,Sunny,Day,0.05607638888888889,100.0,,24.39814999999612,manual
1768264491891,Sunny,Day,0.054600694444444445,100.0,,21.792787999999064,manual
1768264491923,Sunny,Day,0.05525173611111111,100.0,,23.290035000002263,manual
1768264491953,Sunny,Day,0.05538194444444444,100.0,,19.175346999986687,manual
1768264491983,Sunny,Day,0.05590277777777778,100.0,,21.597665999991023,manual
1768264492015,Sunny,Day,0.05646701388888889,100.0,,23.21486700000719,manual
1768264492047,Sunny,Day,0.05642361111111111,100.0,,22.8983620000065,manual
1768264492078,Sunny,Day,0.056727430555555555,100.0,,22.75928399998861,manual
1768264492113,Sunny,Day,0.057291666666666664,100.0,,27.505682999986902,manual
1768264492142,Sunny,Day,0.057769097222222225,100.0,,18.916344000018626,manual
1768264492174,Sunny,Day,0.05846354166666667,100.0,,23.288732000025902,manual
1768264492203,Sunny,Day,0.05876736111111111,100.0,,19.436863000009907,manual
1768264492237,Sunny,Day,0.05863715277777778,100.0,,25.243179000000282,manual
1768264492266,Sunny,Day,0.058680555555555555,100.0,,19.45689099997594,manual
1768264492298,Sunny,Day,0.05946180555555555,100.0,,23.360189000015907,manual
1768264492330,Sunny,Day,0.05846354166666667,100.0,,24.040202000009003,manual
1768264492362,Sunny,Day,0.05894097222222222,100.0,,23.56477600000062,manual
1768264492392,Sunny,Day,0.05859375,100.0,,20.522623999994494,manual
1768264492424,Sunny,Day,0.05967881944444445,100.0,,22.4231770000074,manual
1768264492456,Sunny,Day,0.05963541666666667,100.0,,22.362928999996257,manual
1768264492486,Sunny,Day,0.05985243055555556,100.0,,19.51654600000552,manual
1768264492521,Sunny,Day,0.06032986111111111,100.0,,27.52065199999265,manual
1768264492550,Sunny,Day,0.05993923611111111,100.0,,16.55961500000558,manual
1768264492582,Sunny,Day,0.05959201388888889,100.0,,23.0840330000035,manual
1768264492612,Sunny,Day,0.05933159722222222,100.0,,21.57029399998578,manual
1768264492645,Sunny,Day,0.05950520833333333,100.0,,23.56509100002313,manual
1768264492675,Sunny,Day,0.062239583333333334,100.0,,21.30015999998136,manual
1768264492706,Sunny,Day,0.06397569444444444,100.0,,17.89998399999604,manual
1768264492738,Sunny,Day,0.060546875,100.0,,22.828888000020697,manual
1768264492770,Sunny,Day,0.06219618055555556,100.0,,19.676707000002125,manual
1768264492801,Sunny,Day,0.06323784722222223,100.0,,17.918288000004168,manual
1768264492832,Sunny,Day,0.06375868055555556,100.0,,18.598005000001194,manual
1768264492863,Sunny,Day,0.06358506944444445,100.0,59.0,20.425879000015357,manual
1768264492895,Sunny,Day,0.06193576388888889,100.0,60.0,23.28810199998088,manual
1768264492926,Sunny,Day,0.06766493055555556,100.0,58.0,21.6545700000097,manual
1768264492959,Sunny,Day,0.07222222222222222,100.0,59.0,23.851305999983197,manual
1768264492989,Sunny,Day,0.07434895833333334,100.0,57.0,21.595137999980807,manual
1768264493021,Sunny,Day,0.07239583333333334,100.0,53.0,23.450204999988955,manual
1768264493053,Sunny,Day,0.07747395833333333,100.0,54.0,18.21031400001516,manual
1768264493085,Sunny,Day,0.08198784722222222,100.0,53.0,23.309482000001935,manual
1768264493115,Sunny,Day,0.07903645833333334,100.0,49.0,20.234105000014324,manual
1768264493148,Sunny,Day,0.08211805555555556,100.0,47.0,20.055530000007593,manual
1768264493178,Sunny,Day,0.08207465277777778,100.0,45.0,16.141598000018575,manual
1768264493208,Sunny,Day,0.08463541666666667,100.0,43.0,20.675863999997546,manual
1768264493242,Sunny,Day,0.08255208333333333,100.0,39.0,25.399688999982573,manual
1768264493272,Sunny,Day,0.08155381944444444,100.0,36.0,21.342809000003626,manual
1768264493304,Sunny,Day,0.08198784722222222,100.0,34.0,17.447328000002926,manual
1768264493336,Sunny,Day,0.08276909722222223,100.0,31.0,23.92527599999994,manual
1768264493366,Sunny,Day,0.07990451388888889,100.0,28.0,22.783447000023216,manual
1768264493400,Sunny,Day,0.07977430555555555,100.0,25.0,30.150618999982726,auto
1768264493429,Sunny,Day,0.07886284722222223,100.0,21.0,15.015700999981618,auto
1768264493460,Sunny,Day,0.07899305555555555,100.0,19.0,22.4578680000036,auto
1768264493493,Sunny,Day,0.08042534722222222,100.0,16.0,26.2494140000058,auto
1768264493523,Sunny,Day,0.07847222222222222,100.0,13.0,19.722854000008283,auto
1768264493556,Sunny,Day,0.07860243055555556,100.0,10.0,24.348860999992894,auto
1768264493589,Sunny,Day,0.076953125,100.0,7.0,23.30233199998588,auto
1768264493617,Sunny,Day,0.07816840277777778,100.0,4.0,17.91202300000805,auto
1768264493649,Sunny,Day,0.07604166666666666,100.0,2.0,23.254922999996097,auto
1768264493682,Sunny,Day,0.07821180555555556,100.0,1.0,14.21016099999406,auto
1768264493713,Sunny,Day,0.07604166666666666,100.0,3.0,19.22025500002178,auto
1768264493745,Sunny,Day,0.07886284722222223,100.0,3.0,21.14328100000762,auto
1768264493775,Sunny,Day,0.07795138888888889,100.0,3.0,21.45685699997557,auto
1768264493808,Sunny,Day,0.081640625,100.0,4.0,22.576584000006505,auto
1768264493836,Sunny,Day,0.07860243055555556,100.0,5.0,19.83089899999868,auto
1768264493870,Sunny,Day,0.08068576388888889,100.0,5.0,25.20162499999401,auto
1768264493902,Sunny,Day,0.08125,100.0,5.0,22.67362400002071,auto
1768264493931,Sunny,Day,0.08129340277777777,100.0,5.0,19.690117999999757,auto
1768264493963,Sunny,Day,0.07977430555555555,100.0,5.0,23.541227000009712,auto
1768264493994,Sunny,Day,0.08046875,100.0,6.0,22.323403999990887,auto
1768264494025,Sunny,Day,0.08307291666666666,100.0,6.0,23.366135000003396,auto
1768264494057,Sunny,Day,0.0828125,100.0,6.0,23.542862999988756,auto
1768264494093,Sunny,Day,0.08194444444444444,100.0,6.0,25.823443999996698,auto
1768264494126,Sunny,Day,0.08237847222222222,100.0,6.0,21.849744999997256,auto
1768264494153,Sunny,Day,0.08276909722222223,100.0,7.0,17.46076599999924,auto
1768264494183,Sunny,Day,0.08250868055555556,100.0,7.0,20.595584999995253,auto
1768264494214,Sunny,Day,0.08098958333333334,100.0,7.0,20.350169000010965,auto
1768264494245,Sunny,Day,0.08133680555555556,100.0,7.0,21.96284699999751,auto
1768264494278,Sunny,Day,0.08324652777777777,100.0,7.0,25.564504000016086,auto
1768264494308,Sunny,Day,0.08276909722222223,100.0,7.0,17.046227000008685,auto
1768264494340,Sunny,Day,0.08194444444444444,100.0,7.0,23.230049999995117,auto
1768264494374,Sunny,Day,0.08151041666666667,100.0,6.0,26.605986000021176,auto
1768264494403,Sunny,Day,0.08129340277777777,100.0,6.0,19.12561299999993,auto
1768264494437,Sunny,Day,0.08207465277777778,100.0,5.0,23.582527000002074,auto
1768264494466,Sunny,Day,0.08268229166666667,100.0,5.0,19.82330600000637,auto
1768264494498,Sunny,Day,0.08020833333333334,100.0,5.0,22.213596999989704,auto
1768264494530,Sunny,Day,0.08190104166666666,100.0,5.0,21.727064999993217,auto
1768264494561,Sunny,Day,0.08133680555555556,100.0,5.0,20.305355000004965,auto
1768264494594,Sunny,Day,0.08255208333333333,100.0,5.0,24.271531000010782,auto
1768264494625,Sunny,Day,0.08033854166666667,100.0,6.0,20.379496000003883,auto
1768264494655,Sunny,Day,0.08142361111111111,100.0,6.0,19.862784999986616,auto
1768264494687,Sunny,Day,0.08285590277777778,100.0,6.0,23.055812000023934,auto
1768264494717,Sunny,Day,0.08255208333333333,100.0,6.0,18.317171999996162,auto
1768264494748,Sunny,Day,0.08090277777777778,100.0,6.0,21.044193999983918,auto
1768264494783,Sunny,Day,0.08159722222222222,100.0,6.0,26.93606500000101,auto
1768264494813,Sunny,Day,0.0822482638888889,100.0,6.0,20.609515999979067,auto
1768264494843,Sunny,Day,0.081640625,100.0,6.0,19.2652260000159,auto
1768264494874,Sunny,Day,0.08211805555555556,100.0,5.0,22.547715000001745,auto
1768264494907,Sunny,Day,0.0802951388888889,100.0,5.0,22.879739999979165,auto
1768264494939,Sunny,Day,0.08168402777777778,100.0,5.0,22.758745999993835,auto
1768264494970,Sunny,Day,0.08094618055555555,100.0,5.0,22.767805999990287,auto
1768264495003,Sunny,Day,0.08072916666666667,100.0,5.0,22.946823000012273,auto
1768264495038,Sunny,Day,0.08055555555555556,100.0,5.0,23.83867899999359,auto
1768264495062,Sunny,Day,0.08098958333333334,100.0,5.0,12.358903999995619,auto
1768264495092,Sunny,Day,0.08168402777777778,100.0,6.0,24.00561599998241,auto
1768264495125,Sunny,Day,0.08133680555555556,100.0,6.0,19.840654999995877,auto
1768264495154,Sunny,Day,0.07934027777777777,100.0,-11.0,22.207692999984374,auto
1768264495187,Sunny,Day,0.07864583333333333,100.0,5.0,26.131650999985823,auto
1768264495219,Sunny,Day,0.08133680555555556,100.0,5.0,22.556925000003503,auto
1768264495249,Sunny,Day,0.08246527777777778,100.0,6.0,20.43976400000247,auto
1768264495280,Sunny,Day,0.08064236111111112,100.0,7.0,24.6050030000049,auto
1768264495312,Sunny,Day,0.07977430555555555,100.0,7.0,19.835857000003898,auto
1768264495346,Sunny,Day,0.08068576388888889,100.0,7.0,27.41151399999353,auto
1768264495374,Sunny,Day,0.08255208333333333,100.0,6.0,20.532005000006848,auto
1768264495406,Sunny,Day,0.08342013888888888,100.0,5.0,24.705340000025444,auto
1768264495438,Sunny,Day,0.08294270833333334,100.0,5.0,25.68039700000213,auto
1768264495468,Sunny,Day,0.08311631944444445,100.0,-13.0,22.79807700000447,auto
1768264495502,Sunny,Day,0.08428819444444445,100.0,6.0,27.371109000000615,auto
1768264495532,Sunny,Day,0.08463541666666667,100.0,-12.0,18.718298000010236,auto
1768264495563,Sunny,Day,0.08363715277777778,100.0,10.0,24.189170999989074,auto
1768264495596,Sunny,Day,0.08862847222222223,100.0,-8.0,25.691012000010005,auto
1768264495627,Sunny,Day,0.08932291666666667,100.0,13.0,23.42040100000986,auto
1768264495658,Sunny,Day,0.08858506944444444,100.0,-6.0,23.5763889999987,auto
1768264495688,Sunny,Day,0.08754340277777778,100.0,-5.0,23.493744999996125,auto
1768264495722,Sunny,Day,0.08697916666666666,100.0,-6.0,27.2840750000114,auto
1768264495754,Sunny,Day,0.0876736111111111,100.0,-6.0,24.03214500000672,auto
1768264495782,Sunny,Day,0.08936631944444444,100.0,-4.0,21.52184500002363,auto
1768264495814,Sunny,Day,0.08771701388888889,100.0,-3.0,24.972093999991785,auto
1768264495845,Sunny,Day,0.08693576388888889,100.0,-2.0,20.444433000022855,auto
1768264495877,Sunny,Day,0.08832465277777778,100.0,0.0,23.670314999975517,auto
1768264495908,Sunny,Day,0.09092881944444445,100.0,0.0,24.627086000009513,auto
1768264495940,Sunny,Day,0.08702256944444445,100.0,1.0,25.474962999993522,auto
1768264495971,Sunny,Day,0.08589409722222222,100.0,2.0,23.139122000003454,auto
1768264496004,Sunny,Day,0.08741319444444444,100.0,2.0,26.639539999990802,auto
1768264496034,Sunny,Day,0.08763020833333333,100.0,3.0,21.695189000013215,auto
1768264496065,Sunny,Day,0.09149305555555555,100.0,3.0,24.195741999989195,auto
1768264496096,Sunny,Day,0.08645833333333333,100.0,2.0,24.31986499999539,auto
1768264496128,Sunny,Day,0.09049479166666667,100.0,25.0,24.42946300001836,auto
1768264496159,Sunny,Day,0.09262152777777778,100.0,2.0,23.842733000009275,auto
1768264496191,Sunny,Day,0.08980034722222222,100.0,1.0,24.675837000017964,auto
1768264496222,Sunny,Day,0.08446180555555556,100.0,0.0,24.910503000000972,auto
1768264496254,Sunny,Day,0.09114583333333333,100.0,-3.0,25.578244999991284,auto
1768264496285,Sunny,Day,0.09205729166666667,100.0,-2.0,23.93063799999595,auto
1768264496317,Sunny,Day,0.09457465277777778,100.0,-2.0,24.976954999999634,auto
1768264496348,Sunny,Day,0.09596354166666667,100.0,24.0,24.950184999994462,auto
1768264496381,Sunny,Day,0.09735243055555555,100.0,1.0,24.91026200002011,auto
1768264496411,Sunny,Day,0.09422743055555556,100.0,1.0,23.43416700000489,auto
1768264496443,Sunny,Day,0.08667534722222223,100.0,24.0,24.92332300002431,auto
1768264496474,Sunny,Day,0.09388020833333334,100.0,-2.0,24.661850000001095,auto
1768264496505,Sunny,Day,0.0954861111111111,100.0,-2.0,24.017635000006976,auto
1768264496538,Sunny,Day,0.0859375,100.0,20.0,26.593328000018346,auto
1768264496570,Sunny,Day,0.09118923611111111,100.0,-6.0,20.139822000004415,auto
1768264496599,Sunny,Day,0.09127604166666667,100.0,-6.0,22.246553000002223,auto
1768264496632,Sunny,Day,0.08736979166666667,100.0,-8.0,26.349917999993977,auto
1768264496662,Sunny,Day,0.0953125,100.0,-7.0,21.71284499999615,auto
1768264496693,Sunny,Day,0.09227430555555556,100.0,-7.0,24.946480000011206,auto
1768264496725,Sunny,Day,0.09162326388888889,100.0,-6.0,24.782286000004206,auto
1768264496758,Sunny,Day,0.09140625,100.0,-4.0,27.06186300000013,auto
1768264496788,Sunny,Day,0.09288194444444445,100.0,-2.0,21.750545000003285,auto
1768264496821,Sunny,Day,0.09140625,100.0,0.0,26.91925099998116,auto
1768264496852,Sunny,Day,0.09118923611111111,100.0,2.0,22.29222000002551,auto
1768264496882,Sunny,Day,0.08641493055555556,100.0,3.0,21.700487999993356,auto
1768264496913,Sunny,Day,0.09431423611111112,100.0,4.0,24.260859999998274,auto
1768264496945,Sunny,Day,0.09375,100.0,3.0,25.280481000010013,auto
1768264496976,Sunny,Day,0.09535590277777778,100.0,4.0,24.270586000000094,auto
1768264497008,Sunny,Day,0.09027777777777778,100.0,4.0,25.182561999997688,auto
1768264497039,Sunny,Day,0.09479166666666666,100.0,3.0,24.444376000019474,auto
1768264497070,Sunny,Day,0.09392361111111111,100.0,4.0,24.801585999995268,auto
1768264497102,Sunny,Day,0.09171006944444444,100.0,2.0,24.874557999993385,auto
1768264497133,Sunny,Day,0.0920138888888889,100.0,2.0,24.860292999989042,auto
1768264497165,Sunny,Day,0.09210069444444445,100.0,1.0,24.783764000005704,auto
1768264497196,Sunny,Day,0.09561631944444444,100.0,0.0,25.37499100000673,auto
1768264497228,Sunny,Day,0.09288194444444445,100.0,2.0,24.118713999996544,auto
1768264497259,Sunny,Day,0.09123263888888888,100.0,2.0,24.649213000003556,auto
1768264497290,Sunny,Day,0.09223090277777778,100.0,1.0,23.8540569999941,auto
1768264497322,Sunny,Day,0.09457465277777778,100.0,-30.0,24.284109999996417,auto
1768264497355,Sunny,Day,0.09361979166666666,100.0,-29.0,26.258791999993036,auto
1768264497389,Sunny,Day,0.08993055555555556,100.0,1.0,23.258515000009083,auto
1768264497416,Sunny,Day,0.08819444444444445,100.0,-27.0,18.30206100001419,auto
1768264497447,Sunny,Day,0.08671875,100.0,-22.0,23.78754999998023,auto
1768264497480,Sunny,Day,0.08663194444444444,100.0,-17.0,24.84256500000015,auto
1768264497511,Sunny,Day,0.08337673611111111,100.0,,23.891979000012498,auto
1768264497544,Sunny,Day,0.07612847222222222,100.0,,25.851284000026453,auto
1768264497573,Sunny,Day,0.07547743055555556,100.0,,17.996776999979147,auto
1768264497607,Sunny,Day,0.07135416666666666,100.0,,27.028327000010677,auto
1768264497636,Sunny,Day,0.060069444444444446,100.0,,22.0876950000104,auto
1768264497667,Sunny,Day,0.057942708333333336,100.0,,24.496839999983422,auto
1768264497698,Sunny,Day,0.05855034722222222,100.0,,23.230761999997185,auto
1768264497730,Sunny,Day,0.05789930555555556,100.0,,24.42066199998294,auto
1768264497763,Sunny,Day,0.05733506944444444,100.0,,26.730640000010908,auto
1768264497793,Sunny,Day,0.05542534722222222,100.0,,21.345818999975563,auto
1768264497824,Sunny,Day,0.05394965277777778,100.0,,24.353359000002683,auto
1768264497857,Sunny,Day,0.055164930555555554,100.0,,25.853785000009566,auto
1768264497889,Sunny,Day,0.05520833333333333,100.0,,24.766386999999668,auto
1768264497918,Sunny,Day,0.054947916666666666,100.0,,22.651115000002164,auto
1768264497950,Sunny,Day,0.05329861111111111,100.0,,24.856513999992558,auto
1768264497981,Sunny,Day,0.054296875,100.0,,24.749900000017533,auto
1768264498013,Sunny,Day,0.05594618055555556,100.0,,25.528519999994614,auto
1768264498044,Sunny,Day,0.05364583333333333,100.0,,24.06232999999247,auto
1768264498077,Sunny,Day,0.05251736111111111,100.0,,26.221343000003117,auto
1768264498109,Sunny,Day,0.05499131944444444,100.0,,23.518330000001697,auto
1768264498139,Sunny,Day,0.057074652777777776,100.0,,22.62997900001551,auto
1768264498170,Sunny,Day,0.05455729166666667,100.0,,24.577819999990425,auto
1768264498201,Sunny,Day,0.05334201388888889,100.0,,19.292358000001286,auto
1768264498232,Sunny,Day,0.05399305555555556,100.0,,24.645270999997138,auto
1768264498264,Sunny,Day,0.055815972222222225,100.0,,24.357866999991984,auto
1768264498296,Sunny,Day,0.058116319444444446,100.0,,24.936545999992177,auto
1768264498327,Sunny,Day,0.052821180555555555,100.0,,23.701694999999745,auto
1768264498358,Sunny,Day,0.05073784722222222,100.0,,24.557515999987345,auto
1768264498390,Sunny,Day,0.058159722222222224,100.0,,24.004141999995454,auto
1768264498421,Sunny,Day,0.058159722222222224,100.0,,24.72587500000145,auto
1768264498452,Sunny,Day,0.05412326388888889,100.0,,24.927783999999065,auto
1768264498485,Sunny,Day,0.054296875,100.0,,26.246982000003527,auto
1768264498516,Sunny,Day,0.05837673611111111,100.0,,24.0713889999995,auto
1768264498547,Sunny,Day,0.05959201388888889,100.0,,24.15006699999367,auto
1768264498580,Sunny,Day,0.05763888888888889,100.0,,26.818454999983032,auto
1768264498611,Sunny,Day,0.05681423611111111,100.0,,22.542149000003064,auto
1768264498641,Sunny,Day,0.05911458333333333,100.0,,21.345163999995975,auto
1768264498672,Sunny,Day,0.060460069444444445,100.0,,24.716964999981883,auto
1768264498704,Sunny,Day,0.06497395833333333,100.0,,24.960463000013533,auto
1768264498735,Sunny,Day,0.062239583333333334,100.0,,24.72200300002214,auto
1768264498766,Sunny,Day,0.062890625,100.0,,24.72974699998076,auto
1768264498798,Sunny,Day,0.06453993055555556,100.0,,24.417834000018956,auto
1768264498830,Sunny,Day,0.06792534722222222,100.0,,24.786546000001408,auto
1768264498861,Sunny,Day,0.06484375,100.0,,24.350568000016892,auto
1768264498892,Sunny,Day,0.060980902777777776,100.0,,24.589990999999145,auto
1768264498924,Sunny,Day,0.06592881944444444,100.0,,21.877345000007153,auto
1768264498955,Sunny,Day,0.06506076388888889,100.0,,24.765667999986363,auto
1768264498986,Sunny,Day,0.0661892361111111,100.0,,24.678024000024834,auto
1768264499019,Sunny,Day,0.06419270833333333,100.0,,25.688445000014326,auto
1768264499049,Sunny,Day,0.06280381944444445,100.0,,23.468868000009024,auto
1768264499082,Sunny,Day,0.066015625,100.0,,26.002371000004132,auto
1768264499112,Sunny,Day,0.06666666666666667,100.0,,23.546248999991803,auto
1768264499144,Sunny,Day,0.06506076388888889,100.0,,23.938984000011487,auto
1768264499175,Sunny,Day,0.06484375,100.0,,24.813935999986825,auto
1768264499206,Sunny,Day,0.06987847222222222,100.0,,22.925816999986637,auto
1768264499238,Sunny,Day,0.06931423611111111,100.0,,22.635303000015483,auto
1768264499269,Sunny,Day,0.06440972222222222,100.0,,24.684481000008418,auto
1768264499302,Sunny,Day,0.056640625,100.0,,26.59455100001651,auto
1768264499334,Sunny,Day,0.05993923611111111,100.0,,23.897432000012486,auto
1768264499363,Sunny,Day,0.05946180555555555,100.0,,21.867187999987436,auto
1768264499396,Sunny,Day,0.05529513888888889,100.0,,26.394718999995348,auto
1768264499428,Sunny,Day,0.05217013888888889,100.0,,23.764290999992,auto
1768264499458,Sunny,Day,0.05021701388888889,100.0,,22.25318200001425,auto
1768264499489,Sunny,Day,0.04765625,95.3125,,24.343152000000146,auto
1768264499521,Sunny,Day,0.04496527777777778,89.93055555555556,,23.847154999998565,auto
1768264499552,Sunny,Day,0.04561631944444444,91.23263888888889,,24.707618999997294,auto
1768264499583,Sunny,Day,0.03693576388888889,73.87152777777779,,24.909749000016745,auto
1768264499615,Sunny,Day,0.045008680555555555,90.01736111111111,,24.806339999997817,auto
1768264499646,Sunny,Day,0.04027777777777778,80.55555555555556,,24.641446000003953,auto
1768264499677,Sunny,Day,0.030685763888888887,61.37152777777777,,24.83805500000358,auto
1768264499711,Sunny,Day,0.028038194444444445,56.07638888888889,,26.464892999996437,auto
1768264499743,Sunny,Day,0.03611111111111111,72.22222222222221,,23.925146999999924,auto
1768264499772,Sunny,Day,0.02717013888888889,54.34027777777778,,18.613975999983268,auto
1768264499803,Sunny,Day,0.025260416666666667,50.520833333333336,,23.87166400001206,auto
1768264499835,Sunny,Day,0.023394097222222222,46.78819444444444,,24.856876999990618,auto
1768264499866,Sunny,Day,0.023871527777777776,47.74305555555555,,24.478534999985868,auto
1768264499898,Sunny,Day,0.029383680555555555,58.76736111111111,,25.66452600001412,auto
1768264499931,Sunny,Day,0.025390625,50.78125,,26.546144999997523,auto
1768264499963,Sunny,Day,0.02404513888888889,48.09027777777778,,24.211973999996417,auto
1768264499992,Sunny,Day,0.025303819444444445,50.60763888888889,,21.93035899998108,auto
1768264500025,Sunny,Day,0.025911458333333335,51.82291666666667,,26.220861000012974,auto
1768264500056,Sunny,Day,0.030989583333333334,61.97916666666667,,23.674115000005713,auto
1768264500089,Sunny,Day,0.029253472222222222,58.50694444444444,,20.290548000019726,auto
1768264500122,Sunny,Day,0.028993055555555557,57.986111111111114,,24.731271999996807,auto
1768264500152,Sunny,Day,0.032378472222222225,64.75694444444446,,19.02472300000113,auto
1768264500182,Sunny,Day,0.03619791666666667,72.39583333333334,,19.19926700000474,auto
1768264500214,Sunny,Day,0.034722222222222224,69.44444444444444,,22.353288999994447,auto
1768264500246,Sunny,Day,0.029600694444444443,59.201388888888886,,23.688878999990948,auto
1768264500277,Sunny,Day,0.037890625,75.78125,,22.049104999979363,auto
1768264500310,Sunny,Day,0.04314236111111111,86.28472222222221,,22.892796999997245,auto
1768264500340,Sunny,Day,0.04244791666666667,84.89583333333334,,19.550245000004907,auto
1768264500373,Sunny,Day,0.043359375,86.71875,,24.310158999981013,auto
1768264500403,Sunny,Day,0.03884548611111111,77.69097222222223,,20.334173999998484,auto
1768264500436,Sunny,Day,0.04123263888888889,82.46527777777777,,24.425014000001966,auto
1768264500465,Sunny,Day,0.04830729166666667,96.61458333333334,,19.28653900000654,auto
1768264500497,Sunny,Day,0.04822048611111111,96.44097222222223,,23.18582800000968,auto
1768264500528,Sunny,Day,0.04327256944444444,86.54513888888889,,20.341251000019156,auto
1768264500559,Sunny,Day,0.051258680555555554,100.0,,19.850963000010324,auto
1768264500590,Sunny,Day,0.05447048611111111,100.0,,20.818347999977505,auto
1768264500623,Sunny,Day,0.052473958333333334,100.0,,22.993389000021125,auto
1768264500655,Sunny,Day,0.05108506944444444,100.0,,23.946193999989873,auto
1768264500685,Sunny,Day,0.05455729166666667,100.0,,19.692925000015293,auto
1768264500718,Sunny,Day,0.054774305555555555,100.0,,23.5791739999911,auto
1768264500749,Sunny,Day,0.055338541666666664,100.0,,20.833798000012393,auto
1768264500779,Sunny,Day,0.0546875,100.0,,20.490526999992653,auto
1768264500813,Sunny,Day,0.05147569444444444,100.0,,25.388470999985202,auto
1768264500844,Sunny,Day,0.060807291666666666,100.0,,20.732428999991726,auto
1768264500874,Sunny,Day,0.06284722222222222,100.0,,20.36064700001816,auto
1768264500905,Sunny,Day,0.058203125,100.0,,19.103046999987328,auto
1768264500937,Sunny,Day,0.061024305555555554,100.0,,23.0158969999934,auto
1768264500969,Sunny,Day,0.063671875,100.0,,22.16737000000535,auto
1768264501002,Sunny,Day,0.06762152777777777,100.0,,23.38002799999117,auto
1768264501030,Sunny,Day,0.06427951388888889,100.0,,18.59339300000329,auto
1768264501062,Sunny,Day,0.06506076388888889,100.0,,19.676126000007343,auto
1768264501094,Sunny,Day,0.06744791666666666,100.0,,20.49591499999792,auto
1768264501125,Sunny,Day,0.07039930555555556,100.0,,21.710231000014346,auto
1768264501157,Sunny,Day,0.06944444444444445,100.0,,22.541986999982555,auto
1768264501187,Sunny,Day,0.06727430555555555,100.0,,20.160740999983773,auto
1768264501218,Sunny,Day,0.06944444444444445,100.0,,23.311424000013403,auto
1768264501250,Sunny,Day,0.07395833333333333,100.0,,23.264388999990615,auto
1768264501283,Sunny,Day,0.07508680555555555,100.0,,24.844927000003736,auto
1768264501314,Sunny,Day,0.07413194444444444,100.0,,21.280469000004132,auto
1768264501345,Sunny,Day,0.076171875,100.0,,19.415515999980926,auto
1768264501377,Sunny,Day,0.07899305555555555,100.0,,19.423147999987123,auto
1768264501407,Sunny,Day,0.07942708333333333,100.0,,19.428205999986403,auto
1768264501438,Sunny,Day,0.08138020833333333,100.0,,21.835960000004206,auto
1768264501470,Sunny,Day,0.07847222222222222,100.0,,23.74305699999013,auto
1768264501502,Sunny,Day,0.08498263888888889,100.0,,22.612288999994234,auto
1768264501533,Sunny,Day,0.08967013888888889,100.0,,22.755747000019255,auto
1768264501566,Sunny,Day,0.08919270833333333,100.0,,22.51114200001325,auto
1768264501600,Sunny,Day,0.08585069444444444,100.0,,24.341359999993983,auto
1768264501628,Sunny,Day,0.08884548611111111,100.0,,17.52196099999992,auto
1768264501660,Sunny,Day,0.09466145833333334,100.0,,22.636111999986497,auto
1768264501691,Sunny,Day,0.09088541666666666,100.0,,22.643207000015764,auto
1768264501721,Sunny,Day,0.08953993055555555,100.0,,21.79585299998621,auto
1768264501752,Sunny,Day,0.09366319444444444,100.0,,22.588743999989447,auto
1768264501784,Sunny,Day,0.09952256944444444,100.0,,23.427723999986938,auto
1768264501816,Sunny,Day,0.10147569444444444,100.0,,20.207442999975456,auto
1768264501847,Sunny,Day,0.0984375,100.0,,22.66441800000507,auto
1768264501880,Sunny,Day,0.10251736111111111,100.0,,23.980491999992637,auto
1768264501910,Sunny,Day,0.10551215277777778,100.0,,18.781681999996636,auto
1768264501941,Sunny,Day,0.10920138888888889,100.0,,23.563050000007024,auto
1768264501973,Sunny,Day,0.10269097222222222,100.0,,20.369221999999354,auto
1768264502004,Sunny,Day,0.1109375,100.0,,19.86570200000415,auto
1768264502039,Sunny,Day,0.11514756944444444,100.0,,25.5397290000019,auto
1768264502068,Sunny,Day,0.11558159722222222,100.0,,19.167311000018117,auto
1768264502100,Sunny,Day,0.10885416666666667,100.0,,22.15498900000057,auto
1768264502129,Sunny,Day,0.1078125,100.0,,19.85706700000378,auto
1768264502161,Sunny,Day,0.10364583333333334,100.0,,23.408957000015107,auto
1768264502193,Sunny,Day,0.096484375,100.0,,21.639958999998044,auto
1768264502226,Sunny,Day,0.08802083333333334,100.0,,23.3028279999985,auto
1768264502256,Sunny,Day,0.07756076388888888,100.0,,18.91755799999828,auto
1768264502288,Sunny,Day,0.0703125,100.0,,21.840213000018593,auto
1768264502319,Sunny,Day,0.06384548611111111,100.0,,21.520992000006345,auto
1768264502349,Sunny,Day,0.05933159722222222,100.0,,21.70203599999354,auto
1768264502382,Sunny,Day,0.05147569444444444,100.0,,24.579471999999214,auto
1768264502413,Sunny,Day,0.046614583333333334,93.22916666666667,,21.303417000012814,auto
1768264502444,Sunny,Day,0.04461805555555556,89.23611111111111,,20.69935699998382,manual
1768264502476,Sunny,Day,0.04123263888888889,82.46527777777777,,23.781605000010586,manual
1768264502507,Sunny,Day,0.04071180555555556,81.42361111111111,,22.37211899998215,manual
1768264502538,Sunny,Day,0.040364583333333336,80.72916666666667,,22.06982899997456,manual
1768264502569,Sunny,Day,0.040538194444444446,81.07638888888889,,22.655661000015925,manual
1768264502601,Sunny,Day,0.04079861111111111,81.59722222222223,,19.93187100001137,manual
1768264502634,Sunny,Day,0.041493055555555554,82.98611111111111,,23.63120099997218,manual
1768264502663,Sunny,Day,0.04088541666666667,81.77083333333333,,21.104681999986497,manual
1768264502696,Sunny,Day,0.04040798611111111,80.81597222222223,,23.656525000006923,manual
1768264502727,Sunny,Day,0.04006076388888889,80.12152777777779,,27.1773860000053,manual
1768264502758,Sunny,Day,0.04140625,82.8125,,18.955126000008704,manual
1768264502790,Sunny,Day,0.04097222222222222,81.94444444444444,,23.89464399999497,manual
1768264502821,Sunny,Day,0.042708333333333334,85.41666666666667,,22.68070700000635,manual
1768264502852,Sunny,Day,0.042491319444444446,84.98263888888889,,22.1434469999906,manual
1768264502884,Sunny,Day,0.04635416666666667,92.70833333333334,,24.067980999973315,manual
1768264502915,Sunny,Day,0.04496527777777778,89.93055555555556,,21.98907999999733,manual
1768264502946,Sunny,Day,0.04683159722222222,93.66319444444444,,23.21374199999582,manual
1768264502979,Sunny,Day,0.04709201388888889,94.18402777777777,,24.808681000024535,manual
1768264503010,Sunny,Day,0.05078125,100.0,,20.331740000017362,manual
1768264503041,Sunny,Day,0.04939236111111111,98.78472222222221,,23.04193100002294,manual
1768264503072,Sunny,Day,0.05203993055555556,100.0,,22.724396999990404,manual
1768264503104,Sunny,Day,0.053168402777777776,100.0,,22.704001999983348,manual
1768264503136,Sunny,Day,0.055121527777777776,100.0,,23.228216000006796,manual
1768264503167,Sunny,Day,0.05416666666666667,100.0,,22.226802999995243,manual
1768264503199,Sunny,Day,0.05559895833333333,100.0,,27.133461000005354,manual
1768264503230,Sunny,Day,0.055815972222222225,100.0,,19.057529000008344,manual
1768264503260,Sunny,Day,0.05703125,100.0,,23.22075000000723,manual
1768264503292,Sunny,Day,0.05698784722222222,100.0,,20.640396999993982,manual
1768264503324,Sunny,Day,0.05759548611111111,100.0,,27.837994999998728,manual
1768264503355,Sunny,Day,0.05407986111111111,100.0,,23.27860299999429,manual
1768264503387,Sunny,Day,0.05842013888888889,100.0,,26.008061999988286,manual
1768264503419,Sunny,Day,0.0546875,100.0,,18.90121700000691,manual
1768264503450,Sunny,Day,0.05681423611111111,100.0,,20.164069999992762,manual
1768264503482,Sunny,Day,0.054600694444444445,100.0,,28.49992299999826,manual
1768264503512,Sunny,Day,0.05724826388888889,100.0,,20.72592600001144,manual
1768264503543,Sunny,Day,0.05755208333333333,100.0,,24.20656500001428,manual
1768264503574,Sunny,Day,0.05950520833333333,100.0,,24.777368000002298,manual
1768264503608,Sunny,Day,0.05798611111111111,100.0,,23.050673999989613,manual
1768264503637,Sunny,Day,0.058984375,100.0,,22.661265000010644,manual
1768264503668,Sunny,Day,0.058333333333333334,100.0,,21.207978000006733,manual
1768264503701,Sunny,Day,0.060460069444444445,100.0,,22.00069100001656,manual
1768264503732,Sunny,Day,0.06072048611111111,100.0,,23.362520999995695,manual
1768264503763,Sunny,Day,0.06171875,100.0,,27.051562999986345,manual
1768264503796,Sunny,Day,0.05881076388888889,100.0,,25.32655500002079,manual
1768264503827,Sunny,Day,0.06141493055555555,100.0,,19.088391999986243,manual
1768264503858,Sunny,Day,0.06189236111111111,100.0,,22.952473999993117,manual
1768264503889,Sunny,Day,0.06336805555555555,100.0,,21.960158000013053,manual
1768264503920,Sunny,Day,0.06180555555555556,100.0,,23.171974000007367,manual
1768264503954,Sunny,Day,0.06189236111111111,100.0,,29.10610800000768,manual
1768264503984,Sunny,Day,0.06254340277777778,100.0,,21.961306999997987,manual
1768264504015,Sunny,Day,0.06015625,100.0,,20.47175800001355,manual
1768264504046,Sunny,Day,0.06106770833333333,100.0,,27.007422999986375,manual
1768264504077,Sunny,Day,0.06145833333333333,100.0,,22.80034499997896,manual
1768264504110,Sunny,Day,0.06145833333333333,100.0,,20.56851300000062,manual
1768264504142,Sunny,Day,0.060807291666666666,100.0,,27.675087999995185,manual
1768264504172,Sunny,Day,0.058333333333333334,100.0,,20.676621999996314,manual
1768264504203,Sunny,Day,0.05859375,100.0,,23.98425500001622,manual
1768264504234,Sunny,Day,0.05911458333333333,100.0,,24.49961100001019,manual
1768264504267,Sunny,Day,0.059244791666666664,100.0,,19.912370000014334,manual
1768264504297,Sunny,Day,0.06106770833333333,100.0,,22.492927999991252,manual
1768264504330,Sunny,Day,0.06059027777777778,100.0,,24.744821000012962,manual
1768264504362,Sunny,Day,0.06714409722222223,100.0,-65.0,23.444780000005494,manual
1768264504392,Sunny,Day,0.07078993055555556,100.0,-64.0,15.478532000003042,manual
1768264504423,Sunny,Day,0.07013888888888889,100.0,-62.0,22.88878100000602,manual
1768264504458,Sunny,Day,0.07660590277777778,100.0,-61.0,24.153866999995444,manual
1768264504486,Sunny,Day,0.08064236111111112,100.0,-61.0,18.617922999993652,manual
1768264504517,Sunny,Day,0.08493923611111111,100.0,-58.0,22.483813000008013,manual
1768264504549,Sunny,Day,0.07964409722222222,100.0,-54.0,22.364441000007673,manual
1768264504581,Sunny,Day,0.08901909722222222,100.0,-52.0,23.689973000017517,manual
1768264504612,Sunny,Day,0.08997395833333334,100.0,-50.0,21.33515599999214,manual
1768264504643,Sunny,Day,0.09470486111111111,100.0,-47.0,19.80920599999081,manual
1768264504677,Sunny,Day,0.09518229166666667,100.0,-43.0,25.054331999996293,manual
1768264504706,Sunny,Day,0.09448784722222223,100.0,-39.0,20.759241999996902,manual
1768264504737,Sunny,Day,0.09340277777777778,100.0,-36.0,27.13474200001542,auto
1768264504771,Sunny,Day,0.10060763888888889,100.0,-32.0,20.5521739999881,auto
1768264504802,Sunny,Day,0.09409722222222222,100.0,-25.0,21.93650300000627,auto
1768264504833,Sunny,Day,0.09392361111111111,100.0,-18.0,17.059369999998353,auto
1768264504866,Sunny,Day,0.0921875,100.0,-11.0,21.472776000024396,auto
1768264504895,Sunny,Day,0.08598090277777778,100.0,-5.0,12.122142999999141,auto
1768264504926,Sunny,Day,0.088671875,100.0,2.0,20.996653999986847,auto
1768264504958,Sunny,Day,0.08159722222222222,100.0,7.0,23.90189499999451,auto
1768264504988,Sunny,Day,0.08038194444444445,100.0,10.0,21.299904000017023,auto
1768264505020,Sunny,Day,0.0783420138888889,100.0,12.0,24.30559900000162,auto
1768264505053,Sunny,Day,0.07925347222222222,100.0,12.0,23.823732000010978,auto
1768264505083,Sunny,Day,0.084375,100.0,10.0,20.86792099999002,auto
1768264505114,Sunny,Day,0.08502604166666666,100.0,7.0,21.076082000007546,auto
1768264505146,Sunny,Day,0.08763020833333333,100.0,4.0,19.85981700002526,auto
1768264505177,Sunny,Day,0.0875,100.0,1.0,21.709528000002365,auto
1768264505209,Sunny,Day,0.08897569444444445,100.0,-1.0,23.321514000002708,auto
1768264505244,Sunny,Day,0.09053819444444444,100.0,-2.0,26.074889000000212,auto
1768264505272,Sunny,Day,0.08901909722222222,100.0,-2.0,15.869335999980194,auto
1768264505304,Sunny,Day,0.0900607638888889,100.0,-2.0,20.622027000001708,auto
1768264505332,Sunny,Day,0.08988715277777778,100.0,-2.0,20.97076900000161,auto
1768264505364,Sunny,Day,0.08910590277777777,100.0,-2.0,23.298487999994677,auto
1768264505394,Sunny,Day,0.08897569444444445,100.0,-2.0,23.11805900001218,auto
1768264505426,Sunny,Day,0.08958333333333333,100.0,-1.0,24.44171099998016,auto
1768264505458,Sunny,Day,0.08927951388888888,100.0,-1.0,24.790398000021696,auto
1768264505491,Sunny,Day,0.08927951388888888,100.0,0.0,26.541170000001557,auto
1768264505520,Sunny,Day,0.08949652777777778,100.0,0.0,22.392841999987922,auto
1768264505553,Sunny,Day,0.09019097222222222,100.0,0.0,25.835849000003464,auto
1768264505584,Sunny,Day,0.08971354166666666,100.0,0.0,19.538119999992887,auto
1768264505614,Sunny,Day,0.09088541666666666,100.0,0.0,22.43307699998809,auto
1768264505646,Sunny,Day,0.09049479166666667,100.0,0.0,25.215610000003608,auto
1768264505678,Sunny,Day,0.091015625,100.0,0.0,25.616147000022238,auto
1768264505712,Sunny,Day,0.09162326388888889,100.0,0.0,25.482380999989118,auto
1768264505740,Sunny,Day,0.09197048611111111,100.0,0.0,22.088557999978775,auto
1768264505772,Sunny,Day,0.09071180555555555,100.0,0.0,18.361664000025257,auto
1768264505804,Sunny,Day,0.09162326388888889,100.0,0.0,23.71380799999656,auto
1768264505834,Sunny,Day,0.09197048611111111,100.0,-1.0,22.927625999983547,auto
1768264505870,Sunny,Day,0.09114583333333333,100.0,-1.0,27.81899199999316,auto
1768264505898,Sunny,Day,0.09283854166666666,100.0,-1.0,18.928143000010778,auto
1768264505928,Sunny,Day,0.09149305555555555,100.0,-1.0,23.238691000017297,auto
1768264505961,Sunny,Day,0.09227430555555556,100.0,-2.0,20.866291000004367,auto
1768264505991,Sunny,Day,0.09266493055555555,100.0,-2.0,23.45551999999884,auto
1768264506023,Sunny,Day,0.09175347222222222,100.0,-2.0,24.641467000009243,auto
1768264506054,Sunny,Day,0.09036458333333333,100.0,-2.0,24.265446000015345,auto
1768264506086,Sunny,Day,0.09097222222222222,100.0,-2.0,23.24063799997589,auto
1768264506117,Sunny,Day,0.08993055555555556,100.0,-1.0,22.716803999998092,auto
1768264506150,Sunny,Day,0.08988715277777778,100.0,-1.0,24.579118999980665,auto
1768264506180,Sunny,Day,0.089453125,100.0,-1.0,16.55106399999795,auto
1768264506211,Sunny,Day,0.08836805555555556,100.0,-1.0,24.242845999992824,auto
1768264506242,Sunny,Day,0.08897569444444445,100.0,-1.0,24.52673199999822,auto
1768264506275,Sunny,Day,0.08862847222222223,100.0,-1.0,25.781983000001674,auto
1768264506309,Sunny,Day,0.0881076388888889,100.0,-1.0,27.076210000018364,auto
1768264506337,Sunny,Day,0.08832465277777778,100.0,-1.0,18.738482000003387,auto
1768264506368,Sunny,Day,0.08845486111111112,100.0,-1.0,23.16429799998332,auto
1768264506400,Sunny,Day,0.0881076388888889,100.0,-1.0,20.419850999985556,auto
1768264506431,Sunny,Day,0.08823784722222222,100.0,-1.0,24.646232999998574,auto
1768264506463,Sunny,Day,0.08832465277777778,100.0,-1.0,25.70808900000543,auto
1768264506494,Sunny,Day,0.08845486111111112,100.0,-1.0,23.557664000009026,auto
1768264506525,Sunny,Day,0.08958333333333333,100.0,-1.0,20.20761700001117,auto
1768264506557,Sunny,Day,0.09058159722222223,100.0,-1.0,25.121588000018846,auto
1768264506588,Sunny,Day,0.08936631944444444,100.0,-1.0,20.257409999999254,auto
1768264506619,Sunny,Day,0.08888888888888889,100.0,-1.0,22.84145500001955,auto
1768264506651,Sunny,Day,0.08910590277777777,100.0,-1.0,24.831514000027255,auto
1768264506683,Sunny,Day,0.08841145833333333,100.0,-1.0,25.73137499999234,auto
1768264506717,Sunny,Day,0.087890625,100.0,-1.0,26.58283100001313,auto
1768264506746,Sunny,Day,0.08841145833333333,100.0,-1.0,19.999068999993597,auto
1768264506778,Sunny,Day,0.08806423611111111,100.0,-1.0,24.820548000008102,auto
1768264506809,Sunny,Day,0.08849826388888889,100.0,-1.0,24.244160999984388,auto
1768264506839,Sunny,Day,0.08914930555555556,100.0,-1.0,17.332812999995895,auto
1768264506871,Sunny,Day,0.08858506944444444,100.0,-1.0,24.750896000000466,auto
1768264506902,Sunny,Day,0.08854166666666667,100.0,-1.0,24.86697000000504,auto
1768264506933,Sunny,Day,0.0890625,100.0,-1.0,24.421180000018694,auto
1768264506965,Sunny,Day,0.0876736111111111,100.0,-1.0,25.368778000000702,auto
1768264506997,Sunny,Day,0.08836805555555556,100.0,0.0,24.253867999988188,auto
1768264507030,Sunny,Day,0.08806423611111111,100.0,0.0,26.25697800002058,auto
1768264507059,Sunny,Day,0.087109375,100.0,0.0,21.891927000012856,auto
1768264507092,Sunny,Day,0.08854166666666667,100.0,0.0,25.65513800001895,auto
1768264507125,Sunny,Day,0.08875868055555555,100.0,0.0,23.4578230000011,auto
1768264507154,Sunny,Day,0.088671875,100.0,0.0,18.4641900000031,auto
1768264507185,Sunny,Day,0.08919270833333333,100.0,0.0,24.05534299998635,auto
1768264507218,Sunny,Day,0.09036458333333333,100.0,0.0,25.430567999990217,auto
1768264507248,Sunny,Day,0.09092881944444445,100.0,0.0,22.987675999985413,auto
1768264507280,Sunny,Day,0.08988715277777778,100.0,0.0,25.15066600000182,auto
1768264507311,Sunny,Day,0.09045138888888889,100.0,-1.0,23.60379500001386,auto
1768264507342,Sunny,Day,0.091015625,100.0,0.0,15.149395999998205,auto
1768264507373,Sunny,Day,0.09118923611111111,100.0,-1.0,22.5520959999983,auto
1768264507405,Sunny,Day,0.09136284722222222,100.0,0.0,24.633283000014217,auto
1768264507436,Sunny,Day,0.09131944444444444,100.0,0.0,24.866336999991745,auto
1768264507467,Sunny,Day,0.09131944444444444,100.0,-1.0,24.644989999984546,auto
1768264507500,Sunny,Day,0.09188368055555556,100.0,-1.0,25.975313000003553,auto
1768264507534,Sunny,Day,0.09205729166666667,100.0,-1.0,26.98503600001345,auto
1768264507562,Sunny,Day,0.0920138888888889,100.0,-1.0,19.84652900000583,auto
1768264507593,Sunny,Day,0.09327256944444444,100.0,-1.0,24.28326599999764,auto
1768264507624,Sunny,Day,0.09375,100.0,0.0,23.452877000011085,auto
1768264507656,Sunny,Day,0.09474826388888889,100.0,0.0,24.898161999999502,auto
1768264507690,Sunny,Day,0.09340277777777778,100.0,0.0,27.042959999988625,auto
1768264507722,Sunny,Day,0.09327256944444444,100.0,0.0,21.112702000010586,auto
1768264507750,Sunny,Day,0.09466145833333334,100.0,0.0,21.817551999987472,auto
1768264507781,Sunny,Day,0.09561631944444444,100.0,0.0,24.57824699999378,auto
1768264507813,Sunny,Day,0.09513888888888888,100.0,0.0,24.767897999993238,auto
1768264507846,Sunny,Day,0.09509548611111111,100.0,0.0,19.07076899999538,auto
1768264507876,Sunny,Day,0.09661458333333334,100.0,-1.0,23.380391000017653,auto
1768264507908,Sunny,Day,0.09526909722222222,100.0,-1.0,25.285319999994726,auto
1768264507941,Sunny,Day,0.094140625,100.0,-1.0,20.79130600000667,auto
1768264507970,Sunny,Day,0.09513888888888888,100.0,-1.0,22.512527999992926,auto
1768264508001,Sunny,Day,0.09631076388888889,100.0,17.0,24.647638999994115,auto
1768264508034,Sunny,Day,0.09561631944444444,100.0,-2.0,26.41981400000759,auto
1768264508064,Sunny,Day,0.09526909722222222,100.0,16.0,21.321400999994466,auto
1768264508095,Sunny,Day,0.09388020833333334,100.0,16.0,24.40314099999341,auto
1768264508128,Sunny,Day,0.09908854166666667,100.0,15.0,26.43468799999482,auto
1768264508158,Sunny,Day,0.10004340277777778,100.0,14.0,22.91544400000589,auto
1768264508189,Sunny,Day,0.10060763888888889,100.0,11.0,24.75728600001048,auto
1768264508223,Sunny,Day,0.09943576388888889,100.0,-14.0,25.691869000013412,auto
1768264508256,Sunny,Day,0.09874131944444445,100.0,-17.0,25.252399999999398,auto
1768264508285,Sunny,Day,0.09769965277777778,100.0,5.0,17.98854699998742,auto
1768264508315,Sunny,Day,0.09665798611111111,100.0,7.0,23.845989000022882,auto
1768264508349,Sunny,Day,0.09418402777777778,100.0,8.0,27.365048000007164,auto
1768264508378,Sunny,Day,0.09383680555555556,100.0,8.0,22.227178000008507,auto
1768264508410,Sunny,Day,0.09383680555555556,100.0,8.0,25.211425000009058,auto
1768264508441,Sunny,Day,0.09422743055555556,100.0,7.0,21.658465999990995,auto
1768264508472,Sunny,Day,0.09908854166666667,100.0,5.0,21.17859699998803,auto
1768264508504,Sunny,Day,0.09782986111111111,100.0,4.0,24.74348599997711,auto
1768264508537,Sunny,Day,0.09817708333333333,100.0,2.0,26.788742000007915,auto
1768264508567,Sunny,Day,0.09800347222222222,100.0,2.0,21.965319999992516,auto
1768264508601,Sunny,Day,0.09934895833333333,100.0,1.0,26.634028000017906,auto
1768264508633,Sunny,Day,0.09852430555555555,100.0,1.0,24.8987920000161,auto
1768264508663,Sunny,Day,0.09947916666666666,100.0,1.0,22.651104000004807,auto
1768264508692,Sunny,Day,0.1,100.0,1.0,22.051958000020022,auto
1768264508726,Sunny,Day,0.09947916666666666,100.0,0.0,26.506951000015988,auto
1768264508759,Sunny,Day,0.10108506944444444,100.0,1.0,25.58194599998842,auto
1768264508787,Sunny,Day,0.101171875,100.0,1.0,20.002089000001888,auto
1768264508818,Sunny,Day,0.10264756944444445,100.0,1.0,24.524010999982693,auto
1768264508850,Sunny,Day,0.10338541666666666,100.0,1.0,22.06279399999289,auto
1768264508881,Sunny,Day,0.10360243055555556,100.0,1.0,23.814533999996,auto
1768264508912,Sunny,Day,0.10421006944444444,100.0,1.0,24.482517000024018,auto
1768264508945,Sunny,Day,0.10377604166666667,100.0,1.0,26.089509000001954,auto
1768264508975,Sunny,Day,0.10421006944444444,100.0,1.0,22.384540999979663,auto
1768264509006,Sunny,Day,0.10529513888888889,100.0,1.0,24.74278099998628,auto
1768264509038,Sunny,Day,0.10555555555555556,100.0,1.0,24.797619999986864,auto
1768264509070,Sunny,Day,0.10533854166666666,100.0,1.0,25.915510999993785,auto
1768264509100,Sunny,Day,0.10638020833333334,100.0,1.0,22.98872400001528,auto
1768264509132,Sunny,Day,0.10638020833333334,100.0,0.0,25.068887000003315,auto
1768264509166,Sunny,Day,0.10625,100.0,1.0,26.79296000002296,auto
1768264509195,Sunny,Day,0.10716145833333333,100.0,37.0,21.697817999978497,auto
1768264509228,Sunny,Day,0.10685763888888888,100.0,1.0,28.43478700000901,auto
1768264509258,Sunny,Day,0.10924479166666666,100.0,0.0,18.496615000003658,auto
1768264509289,Sunny,Day,0.11202256944444444,100.0,35.0,24.263440999988006,auto
1768264509321,Sunny,Day,0.10824652777777778,100.0,-5.0,24.586797000011984,auto
1768264509352,Sunny,Day,0.11115451388888889,100.0,-3.0,23.615782000007357,auto
1768264509383,Sunny,Day,0.11115451388888889,100.0,-8.0,23.718666000007715,auto
1768264509415,Sunny,Day,0.11085069444444444,100.0,29.0,24.681585000024597,auto
1768264509446,Sunny,Day,0.10746527777777778,100.0,-9.0,24.156296999990445,auto
1768264509478,Sunny,Day,0.1095920138888889,100.0,-12.0,24.887202000002162,auto
1768264509510,Sunny,Day,0.10746527777777778,100.0,-12.0,25.304457000004277,auto
1768264509542,Sunny,Day,0.1095920138888889,100.0,29.0,25.89035599999079,auto
1768264509575,Sunny,Day,0.10842013888888889,100.0,-12.0,21.15520999998921,auto
1768264509603,Sunny,Day,0.10872395833333333,100.0,32.0,16.75890699999627,auto
1768264509634,Sunny,Day,0.1091579861111111,100.0,-11.0,24.026203000005353,auto
1768264509667,Sunny,Day,0.11115451388888889,100.0,30.0,24.347021000011182,auto
1768264509698,Sunny,Day,0.10894097222222222,100.0,28.0,23.28129400001444,auto
1768264509729,Sunny,Day,0.10868055555555556,100.0,27.0,24.361636000008957,auto
1768264509762,Sunny,Day,0.10416666666666667,100.0,25.0,26.076893000009704,auto
1768264509792,Sunny,Day,0.0993923611111111,100.0,20.0,22.40584500000864,auto
1768264509824,Sunny,Day,0.09574652777777778,100.0,15.0,24.89263000001074,auto
1768264509856,Sunny,Day,0.091015625,100.0,10.0,25.271448000012242,auto
1768264509888,Sunny,Day,0.08854166666666667,100.0,-34.0,24.750957000009066,auto
1768264509918,Sunny,Day,0.08441840277777778,100.0,0.0,21.220822000003636,auto
1768264509949,Sunny,Day,0.08294270833333334,100.0,-5.0,22.69146800000499,auto
1768264509983,Sunny,Day,0.08450520833333333,100.0,0.0,16.191015000003972,auto
1768264510013,Sunny,Day,0.07717013888888889,100.0,1.0,20.619012000025805,auto
1768264510044,Sunny,Day,0.08289930555555555,100.0,1.0,22.940415000022085,auto
1768264510076,Sunny,Day,0.07916666666666666,100.0,4.0,25.491520000002765,auto
1768264510108,Sunny,Day,0.08263888888888889,100.0,3.0,24.661682000015617,auto
1768264510139,Sunny,Day,0.08194444444444444,100.0,4.0,24.32363900001633,auto
1768264510169,Sunny,Day,0.081640625,100.0,5.0,20.893053000008877,auto
1768264510202,Sunny,Day,0.0818142361111111,100.0,6.0,25.624262999997427,auto
1768264510232,Sunny,Day,0.08272569444444444,100.0,5.0,23.323547000018152,auto
1768264510265,Sunny,Day,0.08081597222222223,100.0,6.0,24.3759319999981,auto
1768264510295,Sunny,Day,0.080859375,100.0,5.0,20.09265000000937,auto
1768264510329,Sunny,Day,0.08355034722222222,100.0,6.0,27.187538999982053,auto
1768264510363,Sunny,Day,0.08311631944444445,100.0,7.0,23.84164500000452,auto
1768264510394,Sunny,Day,0.08372395833333333,100.0,8.0,21.457718999982944,auto
1768264510423,Sunny,Day,0.08372395833333333,100.0,8.0,20.319697999980235,auto
1768264510454,Sunny,Day,0.08389756944444444,100.0,9.0,23.07556700000646,auto
1768264510486,Sunny,Day,0.08342013888888888,100.0,10.0,22.939452000002802,auto
1768264510519,Sunny,Day,0.08524305555555556,100.0,11.0,21.442159000002903,auto
1768264510548,Sunny,Day,0.08550347222222222,100.0,12.0,15.612402000016345,auto
1768264510580,Sunny,Day,0.08641493055555556,100.0,13.0,22.69969700000729,auto
1768264510611,Sunny,Day,0.0857204861111111,100.0,14.0,19.096800999989227,auto
1768264510642,Sunny,Day,0.08697916666666666,100.0,14.0,21.720092999998997,auto
1768264510673,Sunny,Day,0.08706597222222222,100.0,14.0,22.19676999999365,auto
1768264510709,Sunny,Day,0.08689236111111111,100.0,15.0,27.209323999983326,auto
1768264510737,Sunny,Day,0.08680555555555555,100.0,15.0,18.45468500002312,auto
1768264510768,Sunny,Day,0.08693576388888889,100.0,15.0,19.31988499998738,auto
1768264510801,Sunny,Day,0.08763020833333333,100.0,15.0,22.061064000013175,auto
1768264510830,Sunny,Day,0.083984375,100.0,14.0,18.03474599998367,auto
1768264510862,Sunny,Day,0.08802083333333334,100.0,13.0,23.323658999998997,auto
1768264510895,Sunny,Day,0.08363715277777778,100.0,12.0,18.882589000014605,auto
1768264510927,Sunny,Day,0.08441840277777778,100.0,11.0,22.066083999987995,auto
1768264510956,Sunny,Day,0.07907986111111111,100.0,10.0,20.471057999998266,auto
1768264510990,Sunny,Day,0.08368055555555555,100.0,11.0,25.845088000011174,auto
1768264511021,Sunny,Day,0.07669270833333333,100.0,11.0,22.53204799998798,auto
1768264511050,Sunny,Day,0.08125,100.0,,16.772080000009737,auto
1768264511083,Sunny,Day,0.07816840277777778,100.0,18.0,23.697918999999956,auto
1768264511115,Sunny,Day,0.0802951388888889,100.0,20.0,17.251514999998108,auto
1768264511145,Sunny,Day,0.078125,100.0,21.0,17.389315000002625,auto
1768264511179,Sunny,Day,0.07934027777777777,100.0,24.0,20.786279999981616,auto
1768264511213,Sunny,Day,0.07903645833333334,100.0,25.0,21.92922199998293,auto
1768264511238,Sunny,Day,0.07578125,100.0,24.0,19.175090999993927,auto
1768264511270,Sunny,Day,0.07890625,100.0,21.0,23.906960999994453,auto
1768264511301,Sunny,Day,0.07777777777777778,100.0,19.0,23.047990000009122,auto
1768264511334,Sunny,Day,0.07191840277777778,100.0,16.0,24.288831000006894,auto
1768264511365,Sunny,Day,0.07504340277777778,100.0,12.0,21.556187000015825,auto
1768264511397,Sunny,Day,0.06987847222222222,100.0,9.0,21.062766999989435,auto
1768264511430,Sunny,Day,0.07582465277777778,100.0,6.0,22.609307999999828,auto
1768264511459,Sunny,Day,0.07126736111111111,100.0,3.0,18.790089999981774,auto
1768264511490,Sunny,Day,0.07309027777777778,100.0,0.0,22.71963600000504,auto
1768264511523,Sunny,Day,0.07491319444444444,100.0,-1.0,23.659167000005255,auto
1768264511554,Sunny,Day,0.06566840277777777,100.0,1.0,18.1145239999978,auto
1768264511585,Sunny,Day,0.07183159722222222,100.0,4.0,22.347751000012295,auto
1768264511618,Sunny,Day,0.071875,100.0,8.0,24.336585000014566,auto
1768264511647,Sunny,Day,0.07256944444444445,100.0,10.0,19.98310300001549,auto
1768264511678,Sunny,Day,0.07348090277777777,100.0,10.0,22.326724999999215,auto
1768264511711,Sunny,Day,0.07278645833333333,100.0,11.0,23.889975000003005,auto
1768264511741,Sunny,Day,0.07126736111111111,100.0,11.0,21.77854799998613,auto
1768264511772,Sunny,Day,0.07165798611111111,100.0,11.0,23.554654999998093,auto
1768264511804,Sunny,Day,0.07265625,100.0,11.0,23.303509000015765,auto
1768264511837,Sunny,Day,0.07287326388888889,100.0,12.0,21.313839000015378,auto
1768264511867,Sunny,Day,0.07282986111111112,100.0,13.0,16.491610000002765,auto
1768264511898,Sunny,Day,0.06983506944444444,100.0,13.0,22.63314799998284,auto
1768264511930,Sunny,Day,0.07322048611111111,100.0,13.0,23.317400999985693,auto
1768264511961,Sunny,Day,0.06740451388888889,100.0,12.0,22.586466999996446,auto
1768264511996,Sunny,Day,0.06731770833333334,100.0,13.0,24.751705999989326,auto
1768264512026,Sunny,Day,0.06905381944444444,100.0,12.0,22.0525880000082,auto
1768264512057,Sunny,Day,0.07122395833333334,100.0,12.0,13.932092999993984,auto
1768264512089,Sunny,Day,0.07504340277777778,100.0,12.0,22.276669999996557,auto
1768264512123,Sunny,Day,0.06740451388888889,100.0,10.0,24.69137500000329,auto
1768264512150,Sunny,Day,0.068359375,100.0,10.0,10.12971400001561,auto
1768264512182,Sunny,Day,0.06931423611111111,100.0,9.0,21.54953699999851,auto
1768264512213,Sunny,Day,0.069140625,100.0,12.0,22.586590999992495,auto
1768264512246,Sunny,Day,0.06818576388888889,100.0,12.0,24.64602799997806,auto
1768264512276,Sunny,Day,0.07118055555555555,100.0,11.0,19.349486000010074,auto
1768264512309,Sunny,Day,0.07191840277777778,100.0,13.0,25.12308999999391,auto
1768264512339,Sunny,Day,0.07139756944444445,100.0,13.0,20.07270900000435,auto
1768264512370,Sunny,Day,0.07022569444444444,100.0,12.0,21.85043700001188,auto
1768264512401,Sunny,Day,0.07157118055555556,100.0,12.0,22.497658000020238,auto
1768264512437,Sunny,Day,0.07387152777777778,100.0,12.0,27.81279999999242,auto
1768264512464,Sunny,Day,0.07105034722222223,100.0,10.0,14.327242000007345,auto
1768264512495,Sunny,Day,0.06892361111111112,100.0,8.0,22.45846200000301,auto
1768264512527,Sunny,Day,0.06766493055555556,100.0,,23.585634999989225,auto
1768264512559,Sunny,Day,0.06827256944444444,100.0,8.0,22.018614999979036,auto
1768264512590,Sunny,Day,0.06631944444444444,100.0,,18.599827000002733,auto
1768264512622,Sunny,Day,0.07256944444444445,100.0,,23.841207000003806,auto
1768264512654,Sunny,Day,0.06818576388888889,100.0,5.0,23.82531399999266,auto
1768264512683,Sunny,Day,0.07113715277777778,100.0,7.0,19.15122500000166,auto
1768264512716,Sunny,Day,0.0705295138888889,100.0,8.0,24.103615000001355,auto
1768264512747,Sunny,Day,0.07013888888888889,100.0,8.0,22.748081999992564,auto
1768264512779,Sunny,Day,0.06831597222222222,100.0,9.0,15.569058000011182,auto
1768264512810,Sunny,Day,0.06848958333333334,100.0,9.0,22.255459999996674,auto
1768264512845,Sunny,Day,0.0681423611111111,100.0,10.0,26.753369000005023,auto
1768264512872,Sunny,Day,0.06501736111111112,100.0,8.0,17.97240800001987,auto
1768264512903,Sunny,Day,0.06345486111111111,100.0,10.0,22.724890000006326,auto
1768264512935,Sunny,Day,0.06228298611111111,100.0,,21.101039000001265,auto
1768264512968,Sunny,Day,0.06640625,100.0,,18.26817799999958,auto
1768264512998,Sunny,Day,0.06484375,100.0,,21.387231000005613,auto
1768264513032,Sunny,Day,0.06328125,100.0,,25.07880300001375,auto
1768264513062,Sunny,Day,0.06449652777777778,100.0,,21.189289999995253,auto
1768264513092,Sunny,Day,0.06480034722222222,100.0,,21.430264999992232,auto
1768264513125,Sunny,Day,0.062109375,100.0,,25.103532000002815,auto
1768264513155,Sunny,Day,0.0627170138888889,100.0,,16.68219800001225,auto
1768264513187,Sunny,Day,0.06440972222222222,100.0,,23.560100999986844,auto
1768264513218,Sunny,Day,0.06315104166666667,100.0,,22.737092999989272,auto
1768264513255,Sunny,Day,0.06488715277777778,100.0,,28.814181000001327,auto
1768264513280,Sunny,Day,0.06592881944444444,100.0,,16.629553999990776,auto
1768264513312,Sunny,Day,0.06254340277777778,100.0,,23.202889999993204,auto
1768264513345,Sunny,Day,0.06501736111111112,100.0,,23.953247999997984,auto
1768264513376,Sunny,Day,0.062239583333333334,100.0,,22.131758000000445,auto
1768264513406,Sunny,Day,0.06310763888888889,100.0,,21.19618099999343,auto
1768264513438,Sunny,Day,0.06297743055555556,100.0,,23.05458899999735,auto
1768264513470,Sunny,Day,0.06267361111111111,100.0,,21.656922000005352,auto
1768264513501,Sunny,Day,0.06931423611111111,100.0,,21.354707000000417,auto
1768264513532,Sunny,Day,0.06753472222222222,100.0,,22.615615000006528,auto
1768264513563,Sunny,Day,0.06744791666666666,100.0,,22.68863599999804,auto
1768264513595,Sunny,Day,0.07157118055555556,100.0,,20.918567000023813,auto
1768264513626,Sunny,Day,0.06979166666666667,100.0,,23.044476000023906,auto
1768264513660,Sunny,Day,0.07087673611111112,100.0,,25.683971999995947,auto
1768264513689,Sunny,Day,0.06983506944444444,100.0,,20.207182999996576,auto
1768264513720,Sunny,Day,0.06736111111111111,100.0,,22.443159000005153,auto
1768264513753,Sunny,Day,0.0700954861111111,100.0,,24.780367999994724,auto
1768264513785,Sunny,Day,0.07391493055555555,100.0,,21.30478600000174,auto
1768264513815,Sunny,Day,0.06740451388888889,100.0,,19.473718999989842,auto
1768264513848,Sunny,Day,0.07065972222222222,100.0,,23.599464000000125,auto
1768264513878,Sunny,Day,0.06753472222222222,100.0,,20.013648000002604,auto
1768264513908,Sunny,Day,0.07313368055555555,100.0,,18.82492699999716,auto
1768264513940,Sunny,Day,0.06792534722222222,100.0,,22.733981000016,auto
1768264513971,Sunny,Day,0.06957465277777777,100.0,,22.665646999996625,auto
1768264514002,Sunny,Day,0.07174479166666667,100.0,,22.758283999991136,auto
1768264514034,Sunny,Day,0.07287326388888889,100.0,,23.38393799999494,auto
1768264514069,Sunny,Day,0.07795138888888889,100.0,,26.97349700000018,auto
1768264514099,Sunny,Day,0.072265625,100.0,,22.36010100000385,auto
1768264514128,Sunny,Day,0.07799479166666666,100.0,,19.685680999998567,auto
1768264514162,Sunny,Day,0.07934027777777777,100.0,,25.20623399999522,auto
1768264514196,Sunny,Day,0.08550347222222222,100.0,,24.23989400000437,auto
1768264514223,Sunny,Day,0.08923611111111111,100.0,,16.984883999981548,auto
1768264514254,Sunny,Day,0.0900607638888889,100.0,,20.84983499997861,auto
1768264514287,Sunny,Day,0.08702256944444445,100.0,,23.950759999991078,auto
1768264514317,Sunny,Day,0.08628472222222222,100.0,,21.356288999982098,auto
1768264514348,Sunny,Day,0.09796006944444445,100.0,,21.926926999981333,auto
1768264514380,Sunny,Day,0.09240451388888889,100.0,,21.520908000013605,auto
1768264514411,Sunny,Day,0.09361979166666666,100.0,,21.521629999995184,auto
1768264514442,Sunny,Day,0.10629340277777778,100.0,,22.916531999982226,auto
1768264514475,Sunny,Day,0.109375,100.0,,23.318289999991748,auto
1768264514506,Sunny,Day,0.10685763888888888,100.0,,20.635406000025114,auto
1768264514537,Sunny,Day,0.11723090277777778,100.0,,21.514925000019502,auto
1768264514568,Sunny,Day,0.11762152777777778,100.0,,22.41226300000676,auto
1768264514601,Sunny,Day,0.12178819444444444,100.0,,23.5452969999983,auto
1768264514631,Sunny,Day,0.12196180555555555,100.0,,21.92742699998007,auto
1768264514662,Sunny,Day,0.13211805555555556,100.0,,22.280819999991763,auto
1768264514694,Sunny,Day,0.13346354166666666,100.0,,22.945150999987618,auto
1768264514725,Sunny,Day,0.1369357638888889,100.0,,22.209041000024854,auto
1768264514757,Sunny,Day,0.14097222222222222,100.0,,22.596665999998322,auto
1768264514788,Sunny,Day,0.1421440972222222,100.0,,17.702600000006896,auto
1768264514819,Sunny,Day,0.14401041666666667,100.0,,21.74339499998723,auto
1768264514852,Sunny,Day,0.15377604166666667,100.0,,24.776061000011396,auto
1768264514884,Sunny,Day,0.15546875,100.0,,22.772454999994807,auto
1768264514915,Sunny,Day,0.16046006944444444,100.0,,21.206137000007175,auto
1768264514945,Sunny,Day,0.16458333333333333,100.0,,21.951117999975622,auto
1768264514979,Sunny,Day,0.17413194444444444,100.0,,23.986788999991404,auto
1768264515009,Sunny,Day,0.176171875,100.0,,20.066130999992993,auto
1768264515042,Sunny,Day,0.1792534722222222,100.0,,24.58585499999799,auto
1768264515071,Sunny,Day,0.18324652777777778,100.0,,18.96604300000604,auto
1768264515103,Sunny,Day,0.1796875,100.0,,22.515889000004563,auto
1768264515134,Sunny,Day,0.18741319444444443,100.0,,22.329635999994935,auto
1768264515165,Sunny,Day,0.19670138888888888,100.0,,23.19042400000626,auto
1768264515197,Sunny,Day,0.19105902777777778,100.0,,23.13846399999875,auto
1768264515228,Sunny,Day,0.200390625,100.0,,21.21679800001175,auto
1768264515259,Sunny,Day,0.20789930555555555,100.0,,22.013493999992306,auto
1768264515292,Sunny,Day,0.21215277777777777,100.0,,25.27418899998679,auto
1768264515321,Sunny,Day,0.2209201388888889,100.0,,21.35507600002029,auto
1768264515354,Sunny,Day,0.21614583333333334,100.0,,24.675824000013336,auto
1768264515386,Sunny,Day,0.2244357638888889,100.0,,23.585714999995844,auto
1768264515418,Sunny,Day,0.21979166666666666,100.0,,22.666966999992155,auto
1768264515449,Sunny,Day,0.2271701388888889,100.0,,20.868555999982163,auto
1768264515479,Sunny,Day,0.22838541666666667,100.0,,21.80871699999898,auto
1768264515512,Sunny,Day,0.23116319444444444,100.0,,24.292127999984814,auto
1768264515542,Sunny,Day,0.23246527777777778,100.0,,21.824721000001546,auto
1768264515573,Sunny,Day,0.24283854166666666,100.0,,22.64492399999085,auto
1768264515605,Sunny,Day,0.2439236111111111,100.0,,22.387207000008402,auto
1768264515636,Sunny,Day,0.2493923611111111,100.0,,21.397291999988965,auto
1768264515668,Sunny,Day,0.26883680555555556,100.0,1.0,23.745943999983865,auto
1768264515703,Sunny,Day,0.27586805555555555,100.0,,25.099455999992415,auto
1768264515733,Sunny,Day,0.28294270833333335,100.0,,21.689147999978786,auto
1768264515762,Sunny,Day,0.28315972222222224,100.0,,18.64673399998651,auto
1768264515793,Sunny,Day,0.2916666666666667,100.0,,22.542544000003772,auto
1768264515824,Sunny,Day,0.294140625,100.0,,23.22263599998564,auto
1768264515856,Sunny,Day,0.2980902777777778,100.0,,23.525216999985332,auto
1768264515888,Sunny,Day,0.2903645833333333,100.0,,23.337759000014557,auto
1768264515920,Sunny,Day,0.30690104166666665,100.0,,22.076419000001124,auto
1768264515951,Sunny,Day,0.30069444444444443,100.0,,22.06247099999814,auto
1768264515982,Sunny,Day,0.304296875,100.0,,21.355835999997907,auto
1768264516014,Sunny,Day,0.29739583333333336,100.0,,23.17990500000633,auto
1768264516044,Sunny,Day,0.305078125,100.0,,20.465537999996286,auto
1768264516076,Sunny,Day,0.3052517361111111,100.0,,23.084103000002187,auto
1768264516107,Sunny,Day,0.30889756944444446,100.0,,23.165199000004577,auto
1768264516138,Sunny,Day,0.31640625,100.0,,18.788594000000103,auto
1768264516172,Sunny,Day,0.3122829861111111,100.0,,24.348347000000103,auto
1768264516205,Sunny,Day,0.32838541666666665,100.0,,20.9848979999947,auto
1768264516233,Sunny,Day,0.33077256944444444,100.0,,18.87791400000083,auto
1768264516264,Sunny,Day,0.3388454861111111,100.0,,22.022062999980108,auto
1768264516296,Sunny,Day,0.3368923611111111,100.0,,23.629618999990498,auto
1768264516328,Sunny,Day,0.3454861111111111,100.0,,21.020353000011482,auto
1768264516360,Sunny,Day,0.3549045138888889,100.0,22.0,27.718350999975883,manual
1768264516390,Sunny,Day,0.3701388888888889,100.0,,13.354596999988644,manual
1768264516423,Sunny,Day,0.36527777777777776,100.0,,24.703217999984872,manual
1768264516454,Sunny,Day,0.35529513888888886,100.0,,22.327883999992082,manual
1768264516484,Sunny,Day,0.36171875,100.0,,22.343091999999842,manual
1768264516516,Sunny,Day,0.36180555555555555,100.0,,24.33478699998659,manual
1768264516548,Sunny,Day,0.3504774305555556,100.0,,21.903216999987762,manual
1768264516579,Sunny,Day,0.33641493055555555,100.0,,20.410653999988426,manual
1768264516612,Sunny,Day,0.3480034722222222,100.0,,23.890206000004355,manual
1768264516643,Sunny,Day,0.35625,100.0,,26.059132999989743,manual
1768264516672,Sunny,Day,0.35282118055555556,100.0,,16.582397999997056,manual
1768264516703,Sunny,Day,0.34357638888888886,100.0,,22.41553700000054,manual
1768264516735,Sunny,Day,0.3375,100.0,,19.17262199998504,manual
1768264516766,Sunny,Day,0.3426649305555556,100.0,,22.81681100001265,manual
1768264516798,Sunny,Day,0.3443142361111111,100.0,,22.75397900001508,manual
1768264516830,Sunny,Day,0.31254340277777776,100.0,39.0,23.840267000025506,manual
1768264516863,Sunny,Day,0.2896701388888889,100.0,,22.063573999986374,manual
1768264516893,Sunny,Day,0.3033854166666667,100.0,,19.50654300000565,manual
1768264516927,Sunny,Day,0.31462673611111114,100.0,,25.050051000022222,manual
1768264516957,Sunny,Day,0.3016493055555556,100.0,,19.317456000010225,manual
1768264516987,Sunny,Day,0.2745225694444444,100.0,-14.0,20.619709000015973,manual
1768264517019,Sunny,Day,0.2609375,100.0,,14.959029999999984,manual
1768264517051,Sunny,Day,0.2728298611111111,100.0,,22.64712799998847,manual
1768264517081,Sunny,Day,0.2654947916666667,100.0,-4.0,19.826096000002735,manual
1768264517114,Sunny,Day,0.24574652777777778,100.0,-13.0,24.459062999994785,manual
1768264517144,Sunny,Day,0.23289930555555555,100.0,-27.0,25.204664999989745,manual
1768264517174,Sunny,Day,0.2396267361111111,100.0,,18.90615300001741,manual
1768264517206,Sunny,Day,0.22960069444444445,100.0,,20.7894589999853,manual
1768264517238,Sunny,Day,0.20638020833333334,100.0,,27.850540000002866,manual
1768264517272,Sunny,Day,0.19874131944444445,100.0,,25.716114000005064,manual
1768264517301,Sunny,Day,0.20477430555555556,100.0,,17.188407999981337,manual
1768264517334,Sunny,Day,0.20759548611111112,100.0,,28.631835999988198,manual
1768264517364,Sunny,Day,0.2013888888888889,100.0,,19.174982000009777,manual
1768264517394,Sunny,Day,0.1879340277777778,100.0,,21.57145900000046,manual
1768264517427,Sunny,Day,0.19887152777777778,100.0,,23.082018999986076,manual
1768264517458,Sunny,Day,0.18815104166666666,100.0,,25.561498999991272,manual
1768264517489,Sunny,Day,0.19110243055555556,100.0,,24.623216999998476,manual
1768264517520,Sunny,Day,0.184765625,100.0,,20.08862700000691,manual
1768264517552,Sunny,Day,0.1890625,100.0,,26.65711800000281,manual
1768264517584,Sunny,Day,0.20807291666666666,100.0,-32.0,25.119643000010683,manual
1768264517615,Sunny,Day,0.20164930555555555,100.0,,17.83583600001748,manual
1768264517647,Sunny,Day,0.20121527777777778,100.0,,26.508857000010266,manual
1768264517678,Sunny,Day,0.19565972222222222,100.0,,22.276419999997188,manual
1768264517710,Sunny,Day,0.20538194444444444,100.0,,21.191711999989593,manual
1768264517741,Sunny,Day,0.22495659722222222,100.0,,24.314693000007992,manual
1768264517771,Sunny,Day,0.21480034722222222,100.0,,22.20745700000748,manual
1768264517803,Sunny,Day,0.21827256944444445,100.0,,19.9289009999859,manual
1768264517836,Sunny,Day,0.21449652777777778,100.0,,24.128348000004962,manual
1768264517868,Sunny,Day,0.21393229166666666,100.0,,26.453101999976525,manual
1768264517898,Sunny,Day,0.2113715277777778,100.0,,22.27647600000182,manual
1768264517930,Sunny,Day,0.20698784722222222,100.0,,20.226293000007445,manual
1768264517962,Sunny,Day,0.20425347222222223,100.0,,26.127684000016416,manual
1768264517993,Sunny,Day,0.20815972222222223,100.0,,23.07640600000127,manual
1768264518023,Sunny,Day,0.19791666666666666,100.0,,23.238139000000047,manual
1768264518054,Sunny,Day,0.19388020833333333,100.0,,24.570616999994854,manual
1768264518086,Sunny,Day,0.19440104166666666,100.0,,21.039580999996588,manual
1768264518117,Sunny,Day,0.19440104166666666,100.0,,26.505038000010472,manual
1768264518149,Sunny,Day,0.19895833333333332,100.0,,19.66102400001546,manual
1768264518179,Sunny,Day,0.19327256944444443,100.0,,25.651727000024493,manual
1768264518211,Sunny,Day,0.18828125,100.0,,21.226907000027495,manual
1768264518243,Sunny,Day,0.18858506944444445,100.0,,24.027458999995588,manual
1768264518278,Sunny,Day,0.19934895833333333,100.0,,30.565097999982527,manual
1768264518307,Sunny,Day,0.19600694444444444,100.0,,12.439059999991287,manual
1768264518337,Sunny,Day,0.19105902777777778,100.0,,21.00996199999372,manual
1768264518370,Sunny,Day,0.19561631944444444,100.0,,23.959570000016583,manual
1768264518400,Sunny,Day,0.20130208333333333,100.0,,20.16982099999609,manual
1768264518433,Sunny,Day,0.19453125,100.0,,25.437597999996342,manual
1768264518463,Sunny,Day,0.2,100.0,,20.860795000004373,manual
1768264518495,Sunny,Day,0.20026041666666666,100.0,,23.773153000007596,manual
1768264518525,Sunny,Day,0.19045138888888888,100.0,,22.497918999988542,manual
1768264518557,Sunny,Day,0.18741319444444443,100.0,,23.35541600001534,manual
1768264518591,Sunny,Day,0.17369791666666667,100.0,,23.96051499999885,manual
1768264518620,Sunny,Day,0.17769097222222222,100.0,,19.371189999986882,manual
1768264518652,Sunny,Day,0.1732204861111111,100.0,,22.22731200001249,manual
1768264518683,Sunny,Day,0.17586805555555557,100.0,,20.661391000004414,manual
1768264518714,Sunny,Day,0.17018229166666668,100.0,,19.739358999999013,manual
1768264518745,Sunny,Day,0.16875,100.0,,22.880275999995092,manual
1768264518777,Sunny,Day,0.16302083333333334,100.0,,23.79582499997923,manual
1768264518810,Sunny,Day,0.16119791666666666,100.0,,23.578455000006215,manual
1768264518840,Sunny,Day,0.1607638888888889,100.0,,21.485455000004094,manual
1768264518874,Sunny,Day,0.16436631944444444,100.0,45.0,24.790764999977455,manual
1768264518904,Sunny,Day,0.15967881944444445,100.0,41.0,16.82007300001942,manual
1768264518935,Sunny,Day,0.15989583333333332,100.0,39.0,19.491257999987965,manual
1768264518972,Sunny,Day,0.15481770833333333,100.0,36.0,23.67734999998561,manual
1768264518998,Sunny,Day,0.14036458333333332,100.0,33.0,13.763732999990452,manual
1768264519029,Sunny,Day,0.1410590277777778,100.0,28.0,22.594590000011294,manual
1768264519060,Sunny,Day,0.141015625,100.0,24.0,23.351985000005016,manual
1768264519091,Sunny,Day,0.13932291666666666,100.0,21.0,22.30375700000309,manual
1768264519123,Sunny,Day,0.14205729166666667,100.0,18.0,23.195296000011467,manual
1768264519153,Sunny,Day,0.1325954861111111,100.0,15.0,20.52454899998679,manual
1768264519186,Sunny,Day,0.12821180555555556,100.0,11.0,24.468284999983325,manual
1768264519218,Sunny,Day,0.12447916666666667,100.0,7.0,26.730299000007562,manual
1768264519248,Sunny,Day,0.11770833333333333,100.0,4.0,18.299005000017132,manual
1768264519280,Sunny,Day,0.11141493055555556,100.0,1.0,16.198623999997608,manual
1768264519312,Sunny,Day,0.10933159722222222,100.0,-3.0,27.711732999989636,manual
1768264519342,Sunny,Day,0.11480034722222222,100.0,-6.0,17.458775000022797,manual
1768264519374,Sunny,Day,0.11302083333333333,100.0,-4.0,22.66088400000399,manual
1768264519407,Sunny,Day,0.11987847222222223,100.0,-1.0,23.844738999997617,manual
1768264519436,Sunny,Day,0.12243923611111111,100.0,3.0,20.380197000008593,manual
1768264519471,Sunny,Day,0.12864583333333332,100.0,4.0,26.34103500000151,manual
1768264519500,Sunny,Day,0.11901041666666666,100.0,2.0,18.509467000001223,manual
1768264519532,Sunny,Day,0.12317708333333334,100.0,0.0,21.115494000014223,manual
1768264519562,Sunny,Day,0.11983506944444444,100.0,-2.0,19.555730000007543,manual
1768264519595,Sunny,Day,0.11879340277777778,100.0,-3.0,24.07598100000996,manual
1768264519625,Sunny,Day,0.12000868055555555,100.0,-4.0,18.125146999977915,manual
1768264519656,Sunny,Day,0.11831597222222222,100.0,-5.0,20.36634300000628,manual
1768264519690,Sunny,Day,0.11354166666666667,100.0,-6.0,22.181428999999753,manual
1768264519720,Sunny,Day,0.11302083333333333,100.0,-7.0,17.040576999988843,manual
1768264519751,Sunny,Day,0.11206597222222223,100.0,-8.0,20.31483000001799,manual
1768264519781,Sunny,Day,0.11440972222222222,100.0,-9.0,22.152903999995033,manual
1768264519813,Sunny,Day,0.10503472222222222,100.0,-10.0,19.617116000006263,manual
1768264519844,Sunny,Day,0.10642361111111111,100.0,-11.0,23.302416000007042,manual
1768264519876,Sunny,Day,0.10286458333333333,100.0,-12.0,21.171304999995755,manual
1768264519909,Sunny,Day,0.10755208333333334,100.0,-13.0,23.237752,manual
1768264519938,Sunny,Day,0.100390625,100.0,-14.0,18.363225999991073,manual
1768264519970,Sunny,Day,0.10104166666666667,100.0,-15.0,23.46158600002468,manual
1768264520002,Sunny,Day,0.10251736111111111,100.0,-16.0,23.2648139999867,manual
1768264520034,Sunny,Day,0.096484375,100.0,-17.0,23.716462000010097,manual
1768264520064,Sunny,Day,0.09839409722222223,100.0,-18.0,20.52255800001035,manual
1768264520097,Sunny,Day,0.0915798611111111,100.0,-19.0,28.590394999980617,manual
1768264520128,Sunny,Day,0.08875868055555555,100.0,-19.0,15.971965000005639,manual
1768264520159,Sunny,Day,0.09253472222222223,100.0,-16.0,22.53324199998019,manual
1768264520191,Sunny,Day,0.09848090277777778,100.0,-13.0,23.243512000021838,manual
1768264520222,Sunny,Day,0.10308159722222222,100.0,-7.0,21.95385800001759,manual
1768264520253,Sunny,Day,0.10247395833333334,100.0,-3.0,15.046493999989252,manual
1768264520284,Sunny,Day,0.10681423611111111,100.0,1.0,23.819988000013836,manual
1768264520316,Sunny,Day,0.11879340277777778,100.0,5.0,23.983323999999584,manual
1768264520349,Sunny,Day,0.11462673611111111,100.0,10.0,20.76943399998754,manual
1768264520379,Sunny,Day,0.11688368055555555,100.0,13.0,21.367582999999968,manual
1768264520410,Sunny,Day,0.12157118055555556,100.0,18.0,22.44762800000899,manual
1768264520443,Sunny,Day,0.12534722222222222,100.0,21.0,17.78763900000513,manual
1768264520473,Sunny,Day,0.13051215277777778,100.0,25.0,17.617836999988867,manual
1768264520505,Sunny,Day,0.12743055555555555,100.0,29.0,22.928637000006802,manual
1768264520537,Sunny,Day,0.13676215277777778,100.0,34.0,15.885963000016545,manual
1768264520567,Sunny,Day,0.13658854166666667,100.0,37.0,19.894142999987707,manual
1768264520598,Sunny,Day,0.135546875,100.0,,22.64188099999842,manual
1768264520632,Sunny,Day,0.13524305555555555,100.0,46.0,25.62971500000799,manual
1768264520660,Sunny,Day,0.13819444444444445,100.0,,18.76423200002364,manual
1768264520693,Sunny,Day,0.14162326388888888,100.0,,25.15285500001596,manual
1768264520726,Sunny,Day,0.14622395833333332,100.0,,20.834949999994024,manual
1768264520757,Sunny,Day,0.14756944444444445,100.0,,21.983661999996684,manual
1768264520787,Sunny,Day,0.1544704861111111,100.0,,19.565672999988237,manual
1768264520821,Sunny,Day,0.15772569444444445,100.0,,26.88950900000009,manual
1768264520852,Sunny,Day,0.16063368055555555,100.0,,22.62489499997855,manual
1768264520883,Sunny,Day,0.16197916666666667,100.0,,26.560037999985298,manual
1768264520913,Sunny,Day,0.16605902777777778,100.0,,18.2847800000161,manual
1768264520944,Sunny,Day,0.17786458333333333,100.0,,23.163194999995085,manual
1768264520975,Sunny,Day,0.17829861111111112,100.0,,22.618448999992324,manual
1768264521009,Sunny,Day,0.18172743055555557,100.0,,25.290255000015804,manual
1768264521039,Sunny,Day,0.18745659722222222,100.0,,20.630578000009336,manual
1768264521072,Sunny,Day,0.19214409722222223,100.0,,24.933777999990525,manual
1768264521101,Sunny,Day,0.19696180555555556,100.0,,19.582637000013392,manual
1768264521133,Sunny,Day,0.20407986111111112,100.0,,25.12275000000841,manual
1768264521167,Sunny,Day,0.2068142361111111,100.0,,23.99247400001059,manual
1768264521193,Sunny,Day,0.21480034722222222,100.0,,17.137762000004386,manual
1768264521224,Sunny,Day,0.21449652777777778,100.0,,24.505117000018117,manual
1768264521256,Sunny,Day,0.22183159722222223,100.0,,25.433085000003075,manual
1768264521287,Sunny,Day,0.22725694444444444,100.0,,24.336353999984794,manual
1768264521318,Sunny,Day,0.23342013888888888,100.0,,24.93933499999912,manual
1768264521352,Sunny,Day,0.24361979166666667,100.0,,26.71823299999687,manual
1768264521381,Sunny,Day,0.2498263888888889,100.0,,22.693581999988055,manual
1768264521413,Sunny,Day,0.2575954861111111,100.0,,24.946687999999995,manual
1768264521444,Sunny,Day,0.25850694444444444,100.0,,24.046505999990586,manual
1768264521475,Sunny,Day,0.2593315972222222,100.0,,24.026926999994203,manual
1768264521507,Sunny,Day,0.26901041666666664,100.0,,25.202232999987473,manual
1768264521539,Sunny,Day,0.26180555555555557,100.0,,25.41171000001441,manual
1768264521570,Sunny,Day,0.26341145833333335,100.0,,24.395905999995193,manual
1768264521603,Sunny,Day,0.2648871527777778,100.0,72.0,26.99378200000524,manual
1768264521634,Sunny,Day,0.2657552083333333,100.0,,22.684376999990263,manual
1768264521665,Sunny,Day,0.27118055555555554,100.0,-67.0,24.483983000010312,manual
1768264521695,Sunny,Day,0.2701822916666667,100.0,,22.19451600001321,manual
1768264521728,Sunny,Day,0.27369791666666665,100.0,-66.0,26.640751000002183,manual
1768264521760,Sunny,Day,0.28012152777777777,100.0,-65.0,21.98113000000035,manual
1768264521790,Sunny,Day,0.28489583333333335,100.0,-64.0,22.13903999998479,manual
1768264521822,Sunny,Day,0.29279513888888886,100.0,-65.0,25.115822000003618,manual
1768264521853,Sunny,Day,0.298046875,100.0,,24.42909899997403,manual
1768264521884,Sunny,Day,0.2902777777777778,100.0,-67.0,24.554630000011457,manual
1768264521915,Sunny,Day,0.3096788194444444,100.0,,24.102185999993253,manual
1768264521947,Sunny,Day,0.3017361111111111,100.0,-65.0,25.766073999989203,manual
1768264521979,Sunny,Day,0.3009114583333333,100.0,0.0,24.050394999989066,manual
1768264522010,Sunny,Day,0.3046875,100.0,-64.0,24.45815100000459,manual
1768264522042,Sunny,Day,0.3041232638888889,100.0,-62.0,25.212806000013188,manual
1768264522073,Sunny,Day,0.33120659722222223,100.0,,24.140880999993897,manual
1768264522104,Sunny,Day,0.3311631944444444,100.0,-63.0,23.20882399999391,manual
1768264522137,Sunny,Day,0.31414930555555554,100.0,0.0,26.648670000014363,manual
1768264522169,Sunny,Day,0.3228732638888889,100.0,2.0,27.663081000014245,manual
1768264522198,Sunny,Day,0.3636284722222222,100.0,,18.442843999991965,manual
1768264522230,Sunny,Day,0.34171006944444443,100.0,-64.0,24.4397130000209,manual
1768264522262,Sunny,Day,0.32274305555555555,100.0,-66.0,23.43828700000472,manual
1768264522293,Sunny,Day,0.31059027777777776,100.0,-6.0,23.475926000003255,manual
1768264522324,Sunny,Day,0.33381076388888886,100.0,-72.0,23.489372999989655,manual
1768264522357,Sunny,Day,0.3299479166666667,100.0,-75.0,24.636630999992803,manual
1768264522387,Sunny,Day,0.3295138888888889,100.0,,21.098947000012913,manual
1768264522418,Sunny,Day,0.30160590277777777,100.0,79.0,24.813340000008566,manual
1768264522450,Sunny,Day,0.3201822916666667,100.0,-80.0,25.333816999989267,manual
1768264522482,Sunny,Day,0.33797743055555557,100.0,-53.0,22.6634150000109,manual
1768264522512,Sunny,Day,0.33936631944444445,100.0,,20.83312300001694,manual
1768264522546,Sunny,Day,0.32569444444444445,100.0,75.0,27.837104000013824,manual
1768264522575,Sunny,Day,0.3151909722222222,100.0,-53.0,16.03811699999369,manual
1768264522606,Sunny,Day,0.31375868055555556,100.0,7.0,22.66658199999938,manual
1768264522639,Sunny,Day,0.31940104166666666,100.0,,26.78779599997938,manual
1768264522672,Sunny,Day,0.3265190972222222,100.0,,25.69331099999772,manual
1768264522704,Sunny,Day,0.3165364583333333,100.0,-62.0,24.3569339999965,manual
1768264522732,Sunny,Day,0.3243489583333333,100.0,-61.0,20.823434999982737,manual
1768264522765,Sunny,Day,0.32100694444444444,100.0,,24.898859999979095,manual
1768264522795,Sunny,Day,0.3177083333333333,100.0,,22.994216999990158,manual
1768264522826,Sunny,Day,0.31037326388888886,100.0,-67.0,24.17927999999847,manual
1768264522860,Sunny,Day,0.31688368055555555,100.0,73.0,26.356230000004643,manual
1768264522892,Sunny,Day,0.3075086805555556,100.0,,21.2007670000105,manual
1768264522920,Sunny,Day,0.30950520833333334,100.0,,20.83884600000374,manual
1768264522954,Sunny,Day,0.3072916666666667,100.0,65.0,27.004736999998613,manual
1768264522984,Sunny,Day,0.30256076388888886,100.0,,21.9179770000153,manual
1768264523015,Sunny,Day,0.30030381944444445,100.0,,19.726880999996865,manual
1768264523046,Sunny,Day,0.29574652777777777,100.0,,23.936245000015788,manual
1768264523078,Sunny,Day,0.2838107638888889,100.0,52.0,24.98264000001882,manual
1768264523109,Sunny,Day,0.281640625,100.0,,23.45759400000702,manual
1768264523141,Sunny,Day,0.28207465277777777,100.0,,25.49787399999559,manual
1768264523172,Sunny,Day,0.27838541666666666,100.0,,23.801083000023482,manual
1768264523203,Sunny,Day,0.27339409722222224,100.0,,23.67499700000053,manual
1768264523234,Sunny,Day,0.2638888888888889,100.0,,22.215243999994527,manual
1768264523266,Sunny,Day,0.262109375,100.0,,24.91542100000288,manual
1768264523300,Sunny,Day,0.2576822916666667,100.0,,27.047334000002365,manual
1768264523329,Sunny,Day,0.26015625,100.0,,22.43101799999181,manual
1768264523360,Sunny,Day,0.2587673611111111,100.0,,24.912623999995276,manual
1768264523391,Sunny,Day,0.2513020833333333,100.0,,24.86853999999994,manual
1768264523423,Sunny,Day,0.2482204861111111,100.0,,24.419821999998703,manual
1768264523454,Sunny,Day,0.23637152777777778,100.0,,24.987270999986322,manual
1768264523486,Sunny,Day,0.2342013888888889,100.0,,24.825437000004058,manual
1768264523517,Sunny,Day,0.22630208333333332,100.0,,21.15428900000893,manual
1768264523550,Sunny,Day,0.21519097222222222,100.0,,26.627622999995992,manual
1768264523581,Sunny,Day,0.20972222222222223,100.0,,23.06042600000069,manual
1768264523615,Sunny,Day,0.20707465277777778,100.0,,25.018093999989333,manual
1768264523643,Sunny,Day,0.20034722222222223,100.0,,21.422927000003256,manual
1768264523678,Sunny,Day,0.2046440972222222,100.0,52.0,28.617056999991064,manual
1768264523706,Sunny,Day,0.19453125,100.0,49.0,19.266398000013396,manual
1768264523738,Sunny,Day,0.1879340277777778,100.0,47.0,20.35741500000654,manual
1768264523770,Sunny,Day,0.19236111111111112,100.0,46.0,24.54024000002164,manual
1768264523801,Sunny,Day,0.18003472222222222,100.0,43.0,18.153431000001774,manual
1768264523833,Sunny,Day,0.17287326388888888,100.0,37.0,24.240613000017674,manual
1768264523863,Sunny,Day,0.16714409722222223,100.0,38.0,22.46452600002158,manual
1768264523894,Sunny,Day,0.16453993055555555,100.0,33.0,24.202289000015753,manual
1768264523928,Sunny,Day,0.16453993055555555,100.0,28.0,24.415505999996867,manual
1768264523959,Sunny,Day,0.15347222222222223,100.0,24.0,23.705486000011433,manual
1768264523990,Sunny,Day,0.148828125,100.0,19.0,20.819192000004705,manual
1768264524021,Sunny,Day,0.14097222222222222,100.0,16.0,19.929843999989316,manual
1768264524051,Sunny,Day,0.13229166666666667,100.0,13.0,24.301300000018955,manual
1768264524083,Sunny,Day,0.12530381944444444,100.0,8.0,25.539831000003232,manual
1768264524115,Sunny,Day,0.12083333333333333,100.0,3.0,24.6397859999945,manual
1768264524146,Sunny,Day,0.11423611111111111,100.0,-1.0,22.091173000006847,manual
1768264524178,Sunny,Day,0.10603298611111112,100.0,-5.0,23.595413999998982,manual
1768264524209,Sunny,Day,0.09739583333333333,100.0,-21.0,23.69284299999208,manual
1768264524242,Sunny,Day,0.096875,100.0,-14.0,29.94459900000379,manual
1768264524271,Sunny,Day,0.09366319444444444,100.0,-18.0,16.833520999995244,manual
1768264524303,Sunny,Day,0.09839409722222223,100.0,-20.0,25.03687899999818,manual
1768264524336,Sunny,Day,0.09613715277777778,100.0,-19.0,25.462404999984756,manual
1768264524366,Sunny,Day,0.10065104166666666,100.0,-20.0,23.341243000004397,manual
1768264524402,Sunny,Day,0.09683159722222222,100.0,-20.0,29.71884300001193,manual
1768264524430,Sunny,Day,0.09670138888888889,100.0,-20.0,20.841474999997445,manual
1768264524459,Sunny,Day,0.09865451388888889,100.0,-18.0,21.354798000004394,manual
1768264524491,Sunny,Day,0.09856770833333334,100.0,-19.0,23.916470000017398,manual
1768264524525,Sunny,Day,0.10034722222222223,100.0,-20.0,26.425424999985125,manual
1768264524554,Sunny,Day,0.09778645833333334,100.0,-20.0,22.390613999988318,manual
1768264524586,Sunny,Day,0.09839409722222223,100.0,-20.0,25.773310999994692,manual
1768264524617,Sunny,Day,0.09869791666666666,100.0,-20.0,24.53667000000337,manual
1768264524649,Sunny,Day,0.09926215277777778,100.0,-20.0,24.750869000001785,manual
1768264524679,Sunny,Day,0.09748263888888889,100.0,-20.0,23.05556500002126,manual
1768264524712,Sunny,Day,0.09670138888888889,100.0,-19.0,26.528856999988193,manual
1768264524744,Sunny,Day,0.09457465277777778,100.0,-18.0,23.57335199999966,manual
1768264524774,Sunny,Day,0.098046875,100.0,-20.0,21.368133999999372,manual
1768264524805,Sunny,Day,0.0974392361111111,100.0,-20.0,25.015929999995024,manual
1768264524837,Sunny,Day,0.09348958333333333,100.0,-18.0,25.797502000017403,manual
1768264524868,Sunny,Day,0.09314236111111111,100.0,-18.0,24.014622999999347,manual
1768264524900,Sunny,Day,0.09461805555555555,100.0,-18.0,26.053098000005548,manual
1768264524932,Sunny,Day,0.09552951388888889,100.0,-19.0,24.275719999991452,manual
1768264524962,Sunny,Day,0.09118923611111111,100.0,-18.0,19.213317000009056,manual
1768264524994,Sunny,Day,0.09305555555555556,100.0,-18.0,25.836139999995567,manual
1768264525025,Sunny,Day,0.09422743055555556,100.0,-19.0,24.390039999985902,manual
1768264525057,Sunny,Day,0.09518229166666667,100.0,-19.0,23.957507999995187,manual
1768264525088,Sunny,Day,0.09496527777777777,100.0,-20.0,24.484259000018938,manual
1768264525122,Sunny,Day,0.0920138888888889,100.0,-19.0,28.319326000001865,manual
1768264525151,Sunny,Day,0.09244791666666667,100.0,-18.0,22.26882400000818,manual
1768264525182,Sunny,Day,0.09244791666666667,100.0,-19.0,22.739265000012665,manual
1768264525215,Sunny,Day,0.09231770833333333,100.0,-19.0,26.519837999984475,manual
1768264525246,Sunny,Day,0.092578125,100.0,-18.0,21.61313499999551,manual
1768264525276,Sunny,Day,0.09166666666666666,100.0,-18.0,20.793835999995736,manual
1768264525308,Sunny,Day,0.09518229166666667,100.0,-18.0,24.99711699999807,manual
1768264525340,Sunny,Day,0.09375,100.0,-20.0,25.721766000003754,manual
1768264525370,Sunny,Day,0.0939670138888889,100.0,-19.0,21.374858000001495,manual
1768264525403,Sunny,Day,0.09040798611111112,100.0,-18.0,25.65663900000459,manual
1768264525434,Sunny,Day,0.08953993055555555,100.0,-17.0,24.79612700000189,manual
1768264525468,Sunny,Day,0.09535590277777778,100.0,-20.0,26.540602000011404,manual
1768264525496,Sunny,Day,0.0953125,100.0,-20.0,21.315788999999086,manual
1768264525529,Sunny,Day,0.09223090277777778,100.0,-18.0,22.613995000000386,manual
1768264525561,Sunny,Day,0.09118923611111111,100.0,-17.0,22.780089000008275,manual
1768264525590,Sunny,Day,0.09522569444444444,100.0,-20.0,20.074410999995962,manual
1768264525622,Sunny,Day,0.09322916666666667,100.0,-20.0,25.105048999989776,manual
1768264525656,Sunny,Day,0.08997395833333334,100.0,-19.0,26.695915999994213,manual
1768264525685,Sunny,Day,0.08940972222222222,100.0,-17.0,21.206672000005256,manual
1768264525716,Sunny,Day,0.09127604166666667,100.0,-19.0,24.43433999999911,manual
1768264525748,Sunny,Day,0.0921875,100.0,-19.0,18.193109000009144,manual
1768264525779,Sunny,Day,0.09318576388888888,100.0,-20.0,23.206668999989688,manual
1768264525812,Sunny,Day,0.09184027777777778,100.0,-19.0,26.43098400000099,manual
1768264525843,Sunny,Day,0.09288194444444445,100.0,-19.0,24.551051999992524,manual
1768264525873,Sunny,Day,0.09466145833333334,100.0,-20.0,22.496375999992324,manual
1768264525904,Sunny,Day,0.09249131944444444,100.0,-19.0,24.77489899999341,manual
1768264525936,Sunny,Day,0.09171006944444444,100.0,-19.0,25.645228999991332,manual
1768264525967,Sunny,Day,0.09079861111111111,100.0,-19.0,24.66494899999816,manual
1768264525998,Sunny,Day,0.09561631944444444,100.0,-20.0,24.539661000005708,manual
1768264526030,Sunny,Day,0.09340277777777778,100.0,-20.0,24.82060499997374,manual
1768264526062,Sunny,Day,0.09197048611111111,100.0,-19.0,24.33932899998581,manual
1768264526093,Sunny,Day,0.09171006944444444,100.0,-18.0,25.012333000006493,manual
1768264526124,Sunny,Day,0.09344618055555555,100.0,-19.0,23.849903999973776,manual
1768264526156,Sunny,Day,0.09331597222222222,100.0,-20.0,25.26264999997352,manual
1768264526190,Sunny,Day,0.09001736111111111,100.0,-16.0,27.68138299998668,manual
1768264526223,Sunny,Day,0.09175347222222222,100.0,-19.0,24.27900099999647,manual
1768264526253,Sunny,Day,0.09040798611111112,100.0,-17.0,21.29315700000234,manual
1768264526286,Sunny,Day,0.09457465277777778,100.0,-19.0,19.20144300001425,manual
1768264526316,Sunny,Day,0.09379340277777778,100.0,-20.0,20.289059999981873,manual
1768264526347,Sunny,Day,0.09153645833333333,100.0,-19.0,21.26748599999928,manual
1768264526380,Sunny,Day,0.09227430555555556,100.0,-17.0,24.188850000001594,manual
1768264526409,Sunny,Day,0.09474826388888889,100.0,-19.0,17.46028899998464,manual
1768264526441,Sunny,Day,0.09418402777777778,100.0,-19.0,23.2661050000047,manual
1768264526472,Sunny,Day,0.09197048611111111,100.0,-17.0,23.36312700001031,manual
1768264526503,Sunny,Day,0.09088541666666666,100.0,-18.0,22.791089000008924,manual
1768264526534,Sunny,Day,0.09331597222222222,100.0,-20.0,22.123512000007395,manual
1768264526568,Sunny,Day,0.09609375,100.0,-20.0,24.86576299997978,manual
1768264526597,Sunny,Day,0.091796875,100.0,-19.0,19.056539999979805,manual
1768264526630,Sunny,Day,0.0915798611111111,100.0,-17.0,25.36265399999138,manual
1768264526661,Sunny,Day,0.09227430555555556,100.0,-18.0,22.946198999989065,manual
1768264526694,Sunny,Day,0.09522569444444444,100.0,-20.0,24.14960099997643,manual
1768264526723,Sunny,Day,0.0920138888888889,100.0,-20.0,19.989695999981905,manual
1768264526755,Sunny,Day,0.09166666666666666,100.0,-19.0,23.539796999983764,manual
1768264526788,Sunny,Day,0.09244791666666667,100.0,-18.0,24.687260000007427,manual
1768264526817,Sunny,Day,0.09557291666666666,100.0,-19.0,21.402201000000787,manual
1768264526851,Sunny,Day,0.09466145833333334,100.0,-20.0,25.458675999999514,manual
1768264526880,Sunny,Day,0.09314236111111111,100.0,-18.0,19.915587000014057,manual
1768264526913,Sunny,Day,0.09131944444444444,100.0,-18.0,24.57191899998179,manual
1768264526943,Sunny,Day,0.092578125,100.0,-19.0,21.578871000002664,manual
1768264526977,Sunny,Day,0.09379340277777778,100.0,-19.0,25.402773999985584,manual
1768264527006,Sunny,Day,0.09522569444444444,100.0,-20.0,18.51359400001229,manual
1768264527040,Sunny,Day,0.09188368055555556,100.0,-18.0,26.670327000005045,manual
1768264527070,Sunny,Day,0.09318576388888888,100.0,-18.0,19.85047100001225,manual
1768264527102,Sunny,Day,0.09453125,100.0,-18.0,23.147761999979366,manual
1768264527131,Sunny,Day,0.09292534722222222,100.0,-20.0,17.882216000003837,manual
1768264527168,Sunny,Day,0.09453125,100.0,-18.0,28.734807000006413,manual
1768264527195,Sunny,Day,0.09153645833333333,100.0,-17.0,17.21182599999338,manual
1768264527225,Sunny,Day,0.09561631944444444,100.0,-18.0,19.411501999996972,manual
1768264527257,Sunny,Day,0.09344618055555555,100.0,-20.0,24.81276400001775,manual
1768264527291,Sunny,Day,0.09184027777777778,100.0,-18.0,26.64641399999823,manual
1768264527320,Sunny,Day,0.09388020833333334,100.0,-17.0,20.055256999995663,manual
1768264527351,Sunny,Day,0.09344618055555555,100.0,-19.0,22.4814839999965,manual
1768264527383,Sunny,Day,0.094921875,100.0,-18.0,24.060911000020724,manual
1768264527416,Sunny,Day,0.09440104166666667,100.0,-20.0,22.040255999996816,manual
1768264527447,Sunny,Day,0.09361979166666666,100.0,-19.0,20.982111999984454,manual
1768264527479,Sunny,Day,0.09283854166666666,100.0,-18.0,24.0479260000086,manual
1768264527508,Sunny,Day,0.09361979166666666,100.0,-18.0,19.24033399998848,manual
1768264527539,Sunny,Day,0.09622395833333333,100.0,-20.0,16.74611100000334,manual
1768264527570,Sunny,Day,0.08949652777777778,100.0,-17.0,23.698088999992706,manual
1768264527603,Sunny,Day,0.09118923611111111,100.0,-17.0,23.28195900000196,manual
1768264527633,Sunny,Day,0.09626736111111112,100.0,-19.0,21.576264000003675,manual
1768264527666,Sunny,Day,0.09231770833333333,100.0,-20.0,24.537461999983634,manual
1768264527701,Sunny,Day,0.09210069444444445,100.0,-17.0,21.578726000001325,manual
1768264527729,Sunny,Day,0.09236111111111112,100.0,-17.0,13.041838000020789,manual
1768264527759,Sunny,Day,0.09427083333333333,100.0,-19.0,22.287403999996513,manual
1768264527793,Sunny,Day,0.09314236111111111,100.0,-18.0,25.457166999984793,manual
1768264527822,Sunny,Day,0.09505208333333333,100.0,-19.0,20.231814999988273,manual
1768264527862,Sunny,Day,0.09461805555555555,100.0,-19.0,27.1092959999919,manual
1768264527885,Sunny,Day,0.09635416666666667,100.0,-20.0,10.910733000002892,manual
1768264527917,Sunny,Day,0.09739583333333333,100.0,-20.0,23.420600999997987,manual
1768264527948,Sunny,Day,0.09249131944444444,100.0,-18.0,22.419913999982555,manual
1768264527980,Sunny,Day,0.092578125,100.0,-18.0,24.752787000011267,manual
1768264528012,Sunny,Day,0.09683159722222222,100.0,-18.0,19.184535999983154,manual
1768264528043,Sunny,Day,0.09483506944444445,100.0,-20.0,19.169647000012446,manual
1768264528075,Sunny,Day,0.0954861111111111,100.0,-20.0,24.27199299998506,manual
1768264528104,Sunny,Day,0.09227430555555556,100.0,-19.0,18.973510999984455,manual
1768264528137,Sunny,Day,0.09344618055555555,100.0,-17.0,25.096155999989378,manual
1768264528167,Sunny,Day,0.09583333333333334,100.0,-19.0,22.100033000015173,manual
1768264528200,Sunny,Day,0.09605034722222222,100.0,-20.0,25.094951999989235,manual
1768264528235,Sunny,Day,0.09435763888888889,100.0,-18.0,25.94078600000671,manual
1768264528263,Sunny,Day,0.09383680555555556,100.0,-18.0,20.059139000011328,manual
1768264528295,Sunny,Day,0.09457465277777778,100.0,-18.0,23.859401999999363,manual
1768264528327,Sunny,Day,0.09822048611111112,100.0,-20.0,22.57267500002058,manual
1768264528356,Sunny,Day,0.09383680555555556,100.0,-18.0,16.80310800000484,manual
1768264528388,Sunny,Day,0.09457465277777778,100.0,-19.0,23.050613000009434,manual
1768264528420,Sunny,Day,0.09479166666666666,100.0,-17.0,24.356307999994442,manual
1768264528450,Sunny,Day,0.09535590277777778,100.0,-18.0,20.811304999995173,manual
1768264528481,Sunny,Day,0.09483506944444445,100.0,-20.0,23.165582999979506,manual
1768264528516,Sunny,Day,0.09171006944444444,100.0,-18.0,26.782064000002492,manual
1768264528545,Sunny,Day,0.092578125,100.0,-17.0,19.757795000003853,manual
1768264528577,Sunny,Day,0.0939670138888889,100.0,-16.0,23.244414999993523,manual
1768264528607,Sunny,Day,0.09240451388888889,100.0,-18.0,17.697470999991083,manual
1768264528644,Sunny,Day,0.0915798611111111,100.0,-17.0,26.738796000017828,manual
1768264528672,Sunny,Day,0.09309895833333333,100.0,-17.0,18.61919299997794,manual
1768264528703,Sunny,Day,0.0900607638888889,100.0,-17.0,23.61879299999714,manual
1768264528734,Sunny,Day,0.09453125,100.0,-19.0,22.302541000016163,manual
1768264528764,Sunny,Day,0.09253472222222223,100.0,-18.0,19.037339999982805,manual
1768264528796,Sunny,Day,0.09249131944444444,100.0,-18.0,23.51691900000219,manual
1768264528830,Sunny,Day,0.08802083333333334,100.0,-16.0,20.71248699999728,manual
1768264528858,Sunny,Day,0.09275173611111111,100.0,-17.0,19.72502899999995,manual
1768264528891,Sunny,Day,0.09383680555555556,100.0,-20.0,25.27445400002648,manual
1768264528923,Sunny,Day,0.09266493055555555,100.0,-19.0,22.450777000017297,manual
1768264528955,Sunny,Day,0.09192708333333334,100.0,-17.0,21.29481900001906,manual
1768264528984,Sunny,Day,0.09171006944444444,100.0,-18.0,20.524205000015172,manual
1768264529017,Sunny,Day,0.09309895833333333,100.0,-19.0,24.16061099998501,manual
1768264529050,Sunny,Day,0.09392361111111111,100.0,-19.0,24.041999000019132,manual
1768264529081,Sunny,Day,0.09192708333333334,100.0,-18.0,20.77936399999203,manual
1768264529111,Sunny,Day,0.09214409722222222,100.0,-18.0,21.88414200000466,manual
1768264529141,Sunny,Day,0.09079861111111111,100.0,-18.0,19.520424999996067,manual
1768264529174,Sunny,Day,0.09309895833333333,100.0,-18.0,19.07260600000882,manual
1768264529204,Sunny,Day,0.09032118055555556,100.0,-17.0,21.509374999993724,manual
1768264529236,Sunny,Day,0.09092881944444445,100.0,-17.0,17.307943999981035,manual
1768264529267,Sunny,Day,0.0921875,100.0,-18.0,22.344260000011218,manual
1768264529298,Sunny,Day,0.091796875,100.0,-17.0,23.34888600000795,manual
1768264529332,Sunny,Day,0.09205729166666667,100.0,-18.0,15.981285999998818,manual
1768264529363,Sunny,Day,0.09327256944444444,100.0,-18.0,21.690043999996078,manual
1768264529393,Sunny,Day,0.09552951388888889,100.0,-18.0,21.288123000005044,manual
1768264529425,Sunny,Day,0.09370659722222222,100.0,-18.0,23.857404000011684,manual
1768264529456,Sunny,Day,0.09357638888888889,100.0,-19.0,21.625233000008848,manual
1768264529488,Sunny,Day,0.09227430555555556,100.0,-17.0,22.957374999975855,manual
1768264529520,Sunny,Day,0.09561631944444444,100.0,-17.0,24.37773899998774,manual
1768264529553,Sunny,Day,0.09539930555555555,100.0,-18.0,23.63676300001316,manual
1768264529583,Sunny,Day,0.09370659722222222,100.0,-19.0,14.403721000007863,manual
1768264529612,Sunny,Day,0.09513888888888888,100.0,-18.0,20.478614000012385,manual
1768264529645,Sunny,Day,0.09613715277777778,100.0,-19.0,25.915720999989844,manual
1768264529675,Sunny,Day,0.09709201388888888,100.0,-20.0,20.709924000016144,manual
1768264529709,Sunny,Day,0.094921875,100.0,-21.0,25.953117999989672,manual
1768264529738,Sunny,Day,0.09496527777777777,100.0,-18.0,19.917824999993172,manual
1768264529770,Sunny,Day,0.09401041666666667,100.0,-16.0,23.00808999999049,manual
1768264529801,Sunny,Day,0.09605034722222222,100.0,-20.0,22.84786900000313,manual
1768264529832,Sunny,Day,0.09522569444444444,100.0,-20.0,22.88013599999772,manual
1768264529864,Sunny,Day,0.09722222222222222,100.0,-20.0,24.596119999984012,manual
1768264529898,Sunny,Day,0.09609375,100.0,-17.0,24.300204000013537,manual
1768264529929,Sunny,Day,0.09730902777777778,100.0,-19.0,21.540530000009994,manual
1768264529958,Sunny,Day,0.09683159722222222,100.0,-20.0,16.08651200001532,manual
1768264529989,Sunny,Day,0.09700520833333333,100.0,-20.0,21.754891000000498,manual
1768264530021,Sunny,Day,0.09665798611111111,100.0,-17.0,22.48075600002153,manual
1768264530054,Sunny,Day,0.09448784722222223,100.0,-18.0,24.86525299997311,manual
1768264530083,Sunny,Day,0.09943576388888889,100.0,-20.0,19.41790000000765,manual
1768264530114,Sunny,Day,0.09292534722222222,100.0,-21.0,24.423546999997825,manual
1768264530146,Sunny,Day,0.09340277777777778,100.0,-16.0,22.892979000005198,manual
1768264530177,Sunny,Day,0.0915798611111111,100.0,-17.0,23.396734999977298,manual
1768264530210,Sunny,Day,0.09509548611111111,100.0,-19.0,24.586489999990135,manual
1768264530243,Sunny,Day,0.09639756944444444,100.0,-20.0,23.865594999989526,manual
1768264530273,Sunny,Day,0.09644097222222223,100.0,-17.0,20.526378999988992,manual
1768264530306,Sunny,Day,0.09348958333333333,100.0,-17.0,24.357903999998598,manual
1768264530335,Sunny,Day,0.09526909722222222,100.0,-18.0,20.439526999979307,manual
1768264530366,Sunny,Day,0.09574652777777778,100.0,-20.0,23.18928199997572,manual
1768264530397,Sunny,Day,0.09344618055555555,100.0,-19.0,21.618760999984943,manual
1768264530431,Sunny,Day,0.09340277777777778,100.0,-17.0,25.05773900000463,manual
1768264530460,Sunny,Day,0.09318576388888888,100.0,-16.0,19.714352999983475,manual
1768264530493,Sunny,Day,0.09817708333333333,100.0,-20.0,23.33220299999539,manual
1768264530527,Sunny,Day,0.09466145833333334,100.0,-20.0,23.41955500000381,manual
1768264530554,Sunny,Day,0.0959201388888889,100.0,-20.0,18.81388300000708,manual
1768264530587,Sunny,Day,0.09631076388888889,100.0,-18.0,18.579647999985127,manual
1768264530617,Sunny,Day,0.09613715277777778,100.0,-20.0,22.269418999997015,manual
1768264530649,Sunny,Day,0.09678819444444445,100.0,-20.0,23.965894000014032,manual
1768264530680,Sunny,Day,0.09735243055555555,100.0,-20.0,23.534226999998964,manual
1768264530713,Sunny,Day,0.09704861111111111,100.0,-19.0,24.84136000001058,manual
1768264530745,Sunny,Day,0.09813368055555556,100.0,-20.0,23.955817000000934,manual
1768264530775,Sunny,Day,0.09578993055555556,100.0,-21.0,21.097926999999572,manual
1768264530806,Sunny,Day,0.09622395833333333,100.0,-20.0,22.224687000004906,manual
1768264530838,Sunny,Day,0.09700520833333333,100.0,-20.0,20.626641000006884,manual
1768264530870,Sunny,Day,0.09513888888888888,100.0,-18.0,24.055895000003602,manual
1768264530900,Sunny,Day,0.09735243055555555,100.0,-20.0,21.161681999984694,manual
1768264530931,Sunny,Day,0.095703125,100.0,-20.0,22.73872399999277,manual
1768264530964,Sunny,Day,0.09748263888888889,100.0,-20.0,23.981527000017877,manual
1768264530996,Sunny,Day,0.09444444444444444,100.0,-19.0,23.337166999993997,manual
1768264531026,Sunny,Day,0.09639756944444444,100.0,-20.0,20.956207000011773,manual
1768264531058,Sunny,Day,0.09769965277777778,100.0,-20.0,24.020652000018572,manual
1768264531088,Sunny,Day,0.09704861111111111,100.0,-20.0,17.808024000004252,manual
1768264531121,Sunny,Day,0.09466145833333334,100.0,-19.0,24.920713000000205,manual
1768264531159,Sunny,Day,0.09622395833333333,100.0,-20.0,29.03945400001362,manual
1768264531183,Sunny,Day,0.095703125,100.0,-20.0,13.717936000006148,manual
1768264531215,Sunny,Day,0.09509548611111111,100.0,-20.0,22.419721000005666,manual
1768264531246,Sunny,Day,0.09557291666666666,100.0,-18.0,22.278969000012694,manual
1768264531277,Sunny,Day,0.0953125,100.0,-19.0,21.31565400000568,manual
1768264531309,Sunny,Day,0.09626736111111112,100.0,-21.0,22.901711999992358,manual
1768264531340,Sunny,Day,0.09635416666666667,100.0,-20.0,22.12791799999536,manual
1768264531373,Sunny,Day,0.0953125,100.0,-20.0,25.739737999998624,manual
1768264531402,Sunny,Day,0.096875,100.0,-20.0,20.530006000001322,manual
1768264531435,Sunny,Day,0.09535590277777778,100.0,-20.0,25.275028000010025,manual
1768264531466,Sunny,Day,0.09539930555555555,100.0,-21.0,22.970466999993278,manual
1768264531498,Sunny,Day,0.09578993055555556,100.0,-20.0,18.566795999987562,manual
1768264531530,Sunny,Day,0.09483506944444445,100.0,-17.0,23.030035000005,manual
1768264531560,Sunny,Day,0.09631076388888889,100.0,-20.0,13.988642000015261,manual
1768264531591,Sunny,Day,0.09613715277777778,100.0,-20.0,22.880022000009603,manual
1768264531622,Sunny,Day,0.096875,100.0,-21.0,14.74209799999926,manual
1768264531653,Sunny,Day,0.09500868055555556,100.0,-18.0,23.090085000006866,manual
1768264531687,Sunny,Day,0.09670138888888889,100.0,-18.0,24.837490999999545,manual
1768264531719,Sunny,Day,0.096875,100.0,-20.0,24.054566000017985,manual
1768264531748,Sunny,Day,0.09583333333333334,100.0,-21.0,20.300753999975996,manual
1768264531780,Sunny,Day,0.096484375,100.0,-20.0,19.1780920000042,manual
1768264531813,Sunny,Day,0.09496527777777777,100.0,-20.0,23.004938000013908,manual
1768264531842,Sunny,Day,0.09765625,100.0,-20.0,18.455845999994835,manual
1768264531875,Sunny,Day,0.0978732638888889,100.0,-20.0,24.381431999984216,manual
1768264531905,Sunny,Day,0.09652777777777778,100.0,-21.0,21.415322999985165,manual
1768264531938,Sunny,Day,0.09835069444444444,100.0,-18.0,23.990202000021554,manual
1768264531968,Sunny,Day,0.09869791666666666,100.0,-20.0,21.32158100002357,manual
1768264532000,Sunny,Day,0.09578993055555556,100.0,-19.0,24.173239999981888,manual
1768264532030,Sunny,Day,0.09587673611111111,100.0,-20.0,20.779908999998042,manual
1768264532062,Sunny,Day,0.09722222222222222,100.0,-20.0,23.442817000017158,manual
1768264532097,Sunny,Day,0.09722222222222222,100.0,-20.0,27.940699999987828,manual
1768264532125,Sunny,Day,0.09700520833333333,100.0,-21.0,18.769379000019626,manual
1768264532156,Sunny,Day,0.09657118055555555,100.0,-21.0,22.806795999997576,manual
1768264532188,Sunny,Day,0.09665798611111111,100.0,-20.0,23.304454999987456,manual
1768264532220,Sunny,Day,0.09730902777777778,100.0,-19.0,23.057402999995702,manual
1768264532251,Sunny,Day,0.09796006944444445,100.0,-20.0,21.911331000012524,manual
1768264532282,Sunny,Day,0.098828125,100.0,-21.0,22.69743900001231,manual
1768264532319,Sunny,Day,0.09639756944444444,100.0,-21.0,27.754401999999345,manual
1768264532345,Sunny,Day,0.10030381944444444,100.0,-20.0,14.973458000014261,manual
1768264532376,Sunny,Day,0.09739583333333333,100.0,-20.0,21.87330400002452,manual
1768264532409,Sunny,Day,0.09973958333333334,100.0,-20.0,23.251850999997714,manual
1768264532439,Sunny,Day,0.09852430555555555,100.0,-20.0,21.03833399999644,manual
1768264532470,Sunny,Day,0.09865451388888889,100.0,-20.0,23.054273000013836,manual
1768264532503,Sunny,Day,0.09934895833333333,100.0,-20.0,22.871363999996674,manual
1768264532534,Sunny,Day,0.10017361111111112,100.0,-20.0,19.6983510000166,manual
1768264532564,Sunny,Day,0.09874131944444445,100.0,-21.0,20.49912900000095,manual
1768264532598,Sunny,Day,0.09869791666666666,100.0,-20.0,25.42941699999801,manual
1768264532627,Sunny,Day,0.09913194444444444,100.0,-19.0,20.337280000006785,manual
1768264532658,Sunny,Day,0.0993923611111111,100.0,-20.0,23.06342299999642,manual
1768264532691,Sunny,Day,0.10052083333333334,100.0,-20.0,24.9014549999913,manual
1768264532724,Sunny,Day,0.09739583333333333,100.0,-20.0,22.547816000013654,manual
1768264532756,Sunny,Day,0.09752604166666666,100.0,-19.0,20.239036999981863,manual
1768264532786,Sunny,Day,0.09943576388888889,100.0,-18.0,21.73279400000183,manual
1768264532819,Sunny,Day,0.09839409722222223,100.0,-21.0,24.37980899998138,manual
1768264532848,Sunny,Day,0.09691840277777777,100.0,-19.0,19.80515100001412,manual
1768264532879,Sunny,Day,0.097265625,100.0,-19.0,23.03015699999378,manual
1768264532912,Sunny,Day,0.09618055555555556,100.0,-18.0,24.197012000001905,manual
1768264532943,Sunny,Day,0.09874131944444445,100.0,-20.0,22.720925000015768,manual
1768264532973,Sunny,Day,0.09526909722222222,100.0,-19.0,20.9514830000046,manual
1768264533006,Sunny,Day,0.09635416666666667,100.0,-18.0,23.9960369999892,manual
1768264533036,Sunny,Day,0.09817708333333333,100.0,-18.0,19.973243999999113,manual
1768264533070,Sunny,Day,0.09986979166666667,100.0,-20.0,18.543115999989368,manual
1768264533099,Sunny,Day,0.098046875,100.0,-20.0,19.359340000022485,manual
1768264533132,Sunny,Day,0.09887152777777777,100.0,-20.0,25.287430999981098,manual
1768264533163,Sunny,Day,0.09765625,100.0,-18.0,21.009197000012136,manual
1768264533193,Sunny,Day,0.09921875,100.0,-20.0,21.31616799999847,manual
1768264533224,Sunny,Day,0.09778645833333334,100.0,-17.0,22.680059999999003,manual
1768264533256,Sunny,Day,0.09796006944444445,100.0,-21.0,23.4205460000112,manual
1768264533287,Sunny,Day,0.098046875,100.0,-19.0,22.65683300001342,manual
1768264533320,Sunny,Day,0.09765625,100.0,-18.0,24.923336999989942,manual
1768264533351,Sunny,Day,0.099609375,100.0,-20.0,21.768280000003415,manual
1768264533381,Sunny,Day,0.09865451388888889,100.0,-20.0,20.496684999983472,manual
1768264533413,Sunny,Day,0.09865451388888889,100.0,-20.0,23.29364999999939,manual
1768264533445,Sunny,Day,0.09861111111111111,100.0,-20.0,23.535420999991175,manual
1768264533475,Sunny,Day,0.10008680555555556,100.0,-20.0,21.010068000009596,manual
1768264533506,Sunny,Day,0.09652777777777778,100.0,-20.0,23.857043999981897,manual
1768264533539,Sunny,Day,0.0984375,100.0,-19.0,20.320149000014,manual
1768264533570,Sunny,Day,0.09904513888888888,100.0,-20.0,21.81412300001284,manual
1768264533602,Sunny,Day,0.10052083333333334,100.0,-20.0,22.706825000000208,manual
1768264533636,Sunny,Day,0.09973958333333334,100.0,-20.0,25.233920000005128,manual
1768264533665,Sunny,Day,0.09900173611111111,100.0,-20.0,17.775975999995808,manual
1768264533697,Sunny,Day,0.09561631944444444,100.0,-18.0,23.62607000000594,manual
1768264533729,Sunny,Day,0.09748263888888889,100.0,-19.0,21.504281000005676,manual
1768264533758,Sunny,Day,0.09861111111111111,100.0,-19.0,20.82716000001028,manual
1768264533789,Sunny,Day,0.09700520833333333,100.0,-20.0,21.986954999988484,manual
1768264533822,Sunny,Day,0.09917534722222222,100.0,-20.0,24.6589859999915,manual
1768264533853,Sunny,Day,0.09717881944444444,100.0,-18.0,20.5190039999934,manual
1768264533884,Sunny,Day,0.101171875,100.0,-20.0,11.82695399998579,manual
1768264533915,Sunny,Day,0.1,100.0,-20.0,22.71395599998982,manual
1768264533947,Sunny,Day,0.09991319444444445,100.0,-20.0,22.694212000004654,manual
1768264533983,Sunny,Day,0.098046875,100.0,-17.0,27.084338000008756,manual
1768264534009,Sunny,Day,0.09856770833333334,100.0,-20.0,18.278508999998166,manual
1768264534043,Sunny,Day,0.10043402777777778,100.0,-20.0,23.314446000000544,manual
1768264534072,Sunny,Day,0.10182291666666667,100.0,-20.0,16.360031000004938,manual
1768264534104,Sunny,Day,0.10043402777777778,100.0,-20.0,20.847500000002128,manual
1768264534138,Sunny,Day,0.09848090277777778,100.0,-19.0,26.539787000018578,manual
1768264534168,Sunny,Day,0.09986979166666667,100.0,-20.0,15.216261999995595,manual
1768264534198,Sunny,Day,0.09917534722222222,100.0,-20.0,18.540919000002987,manual
1768264534231,Sunny,Day,0.09973958333333334,100.0,-20.0,24.74175500000797,manual
