Timestamp,Weather,Time of Day,Mask White Ratio,Lane Quality Score,Lane Error,Processing Time (ms),Mode
1768275316524,Sunny,Day,0.048741319444444445,97.48263888888889,-35.0,430.84228500003974,manual
1768275316849,Sunny,Day,0.042578125,85.15625,-34.0,4.889604000027248,manual
1768275316883,Sunny,Day,0.04505208333333333,90.10416666666667,-20.0,5.363808000083736,manual
1768275316900,Sunny,Day,0.04487847222222222,89.75694444444444,-20.0,5.940831999964757,manual
1768275316932,Sunny,Day,0.0421875,84.375,-33.0,24.82749699993292,manual
1768275316965,Sunny,Day,0.050303819444444446,100.0,-19.0,26.950134000003345,manual
1768275316994,Sunny,Day,0.051432291666666664,100.0,-20.0,21.7115709999689,manual
1768275317024,Sunny,Day,0.05056423611111111,100.0,-19.0,26.14234200007104,manual
1768275317058,Sunny,Day,0.04665798611111111,93.31597222222223,-34.0,28.777381000054447,manual
1768275317087,Sunny,Day,0.04956597222222222,99.13194444444444,-21.0,20.06821099996614,manual
1768275317119,Sunny,Day,0.05238715277777778,100.0,-19.0,26.280937000024096,manual
1768275317152,Sunny,Day,0.0515625,100.0,-20.0,28.500730000018848,manual
1768275317184,Sunny,Day,0.04700520833333333,94.01041666666667,-33.0,27.127800000016578,manual
1768275317213,Sunny,Day,0.04934895833333333,98.69791666666666,-20.0,18.16134399996372,manual
1768275317244,Sunny,Day,0.052083333333333336,100.0,-2.0,26.867756000001464,manual
1768275317276,Sunny,Day,0.05572916666666667,100.0,-18.0,26.05524199998399,manual
1768275317307,Sunny,Day,0.05329861111111111,100.0,-3.0,26.930712000080348,manual
1768275317340,Sunny,Day,0.05021701388888889,100.0,-20.0,27.84262199998011,manual
1768275317372,Sunny,Day,0.05147569444444444,100.0,-20.0,26.7867480000632,manual
1768275317401,Sunny,Day,0.05394965277777778,100.0,-19.0,24.354239999979654,manual
1768275317434,Sunny,Day,0.05894097222222222,100.0,-3.0,27.670920999980808,manual
1768275317465,Sunny,Day,0.05325520833333333,100.0,-19.0,25.151051999955598,manual
1768275317495,Sunny,Day,0.051432291666666664,100.0,-19.0,24.778355999956148,manual
1768275317526,Sunny,Day,0.05525173611111111,100.0,-19.0,26.66133599996101,manual
1768275317558,Sunny,Day,0.05499131944444444,100.0,-19.0,26.99472299991612,manual
1768275317590,Sunny,Day,0.05134548611111111,100.0,-21.0,27.137002000017674,manual
1768275317621,Sunny,Day,0.04813368055555556,96.26736111111111,-19.0,26.299805000007836,manual
1768275317652,Sunny,Day,0.05772569444444445,100.0,-19.0,26.886383000032765,manual
1768275317684,Sunny,Day,0.05243055555555556,100.0,-20.0,25.87144899996474,manual
1768275317715,Sunny,Day,0.051432291666666664,100.0,-33.0,26.23642399998971,manual
1768275317746,Sunny,Day,0.05138888888888889,100.0,-19.0,25.318976999983533,manual
1768275317780,Sunny,Day,0.051171875,100.0,-19.0,29.48355699993499,manual
1768275317810,Sunny,Day,0.054947916666666666,100.0,-19.0,24.586766999959764,manual
1768275317841,Sunny,Day,0.05151909722222222,100.0,-20.0,26.503967000053308,manual
1768275317873,Sunny,Day,0.052821180555555555,100.0,-18.0,26.930730000003678,manual
1768275317903,Sunny,Day,0.04861111111111111,97.22222222222223,-19.0,25.959419000059825,manual
1768275317935,Sunny,Day,0.05499131944444444,100.0,-20.0,26.818187999992915,manual
1768275317968,Sunny,Day,0.05798611111111111,100.0,-18.0,27.933408000080817,manual
1768275317998,Sunny,Day,0.05182291666666667,100.0,-19.0,20.860469000012927,manual
1768275318031,Sunny,Day,0.05594618055555556,100.0,-19.0,22.41974800006119,manual
1768275318061,Sunny,Day,0.054427083333333334,100.0,-19.0,21.392887999923005,manual
1768275318092,Sunny,Day,0.0546875,100.0,-19.0,24.76302599995961,manual
1768275318123,Sunny,Day,0.05286458333333333,100.0,-19.0,19.391976999941107,manual
1768275318160,Sunny,Day,0.05177951388888889,100.0,-21.0,26.774583000019447,manual
1768275318188,Sunny,Day,0.05021701388888889,100.0,-19.0,17.121524000003774,manual
1768275318218,Sunny,Day,0.05525173611111111,100.0,-3.0,19.9146010000959,manual
1768275318249,Sunny,Day,0.05668402777777778,100.0,-18.0,17.048587999966003,manual
1768275318281,Sunny,Day,0.0515625,100.0,-18.0,23.56659299994135,manual
1768275318312,Sunny,Day,0.054210069444444446,100.0,-19.0,22.052197999983036,manual
1768275318343,Sunny,Day,0.058116319444444446,100.0,-19.0,22.34957099994972,manual
1768275318377,Sunny,Day,0.05334201388888889,100.0,-6.0,25.025161000030494,manual
1768275318406,Sunny,Day,0.053385416666666664,100.0,-18.0,17.64840600003481,manual
1768275318437,Sunny,Day,0.05347222222222222,100.0,-3.0,24.19740699997419,manual
1768275318468,Sunny,Day,0.054947916666666666,100.0,-18.0,24.111824999977216,manual
1768275318500,Sunny,Day,0.054600694444444445,100.0,-20.0,25.07232200002818,manual
1768275318532,Sunny,Day,0.05199652777777778,100.0,-18.0,23.953047999953014,manual
1768275318563,Sunny,Day,0.05325520833333333,100.0,-3.0,24.768561999962913,manual
1768275318596,Sunny,Day,0.0515625,100.0,-19.0,26.109309999924335,manual
1768275318625,Sunny,Day,0.05377604166666667,100.0,-19.0,22.573971000042548,manual
1768275318659,Sunny,Day,0.051171875,100.0,-19.0,26.87177600000723,manual
1768275318688,Sunny,Day,0.04826388888888889,96.52777777777779,-34.0,21.852944999977808,manual
1768275318720,Sunny,Day,0.05325520833333333,100.0,-19.0,23.533004999990226,manual
1768275318751,Sunny,Day,0.052734375,100.0,-19.0,24.912711000069976,manual
1768275318784,Sunny,Day,0.054947916666666666,100.0,-17.0,26.367075999928602,manual
1768275318816,Sunny,Day,0.04813368055555556,96.26736111111111,-18.0,23.57266699993943,manual
1768275318847,Sunny,Day,0.054036458333333336,100.0,-17.0,23.064283000053365,manual
1768275318879,Sunny,Day,0.055989583333333336,100.0,-20.0,23.56600099994921,manual
1768275318911,Sunny,Day,0.05915798611111111,100.0,-2.0,20.479496999996627,manual
1768275318942,Sunny,Day,0.054253472222222224,100.0,-18.0,22.142114999951445,manual
1768275318975,Sunny,Day,0.056206597222222224,100.0,-19.0,24.894695000057254,manual
1768275319003,Sunny,Day,0.05872395833333333,100.0,-3.0,14.888510999981008,manual
1768275319036,Sunny,Day,0.06536458333333334,100.0,-19.0,20.962050999969506,manual
1768275319066,Sunny,Day,0.05881076388888889,100.0,-2.0,23.252668000054655,manual
1768275319097,Sunny,Day,0.05807291666666667,100.0,-1.0,24.557273000027635,manual
1768275319128,Sunny,Day,0.061371527777777775,100.0,-2.0,24.328393000018878,manual
1768275319163,Sunny,Day,0.06649305555555556,100.0,-1.0,26.14054799994392,manual
1768275319193,Sunny,Day,0.06089409722222222,100.0,-2.0,22.49370300000919,manual
1768275319223,Sunny,Day,0.05724826388888889,100.0,-18.0,22.940465000033328,manual
1768275319254,Sunny,Day,0.057942708333333336,100.0,-18.0,24.35559299999568,manual
1768275319286,Sunny,Day,0.060546875,100.0,-18.0,26.24068399995849,manual
1768275319317,Sunny,Day,0.059765625,100.0,-19.0,19.87510599997222,manual
1768275319348,Sunny,Day,0.05915798611111111,100.0,-18.0,24.58545399997547,manual
1768275319381,Sunny,Day,0.05603298611111111,100.0,-18.0,26.54340799995225,manual
1768275319413,Sunny,Day,0.05807291666666667,100.0,-19.0,24.626616999967155,manual
1768275319443,Sunny,Day,0.056163194444444446,100.0,-3.0,21.510504999923796,manual
1768275319473,Sunny,Day,0.05646701388888889,100.0,-20.0,23.073690000046554,manual
1768275319505,Sunny,Day,0.05590277777777778,100.0,-18.0,24.438084000053095,manual
1768275319536,Sunny,Day,0.05980902777777778,100.0,-17.0,23.37569100006931,manual
1768275319567,Sunny,Day,0.056163194444444446,100.0,-19.0,19.9397469999667,manual
1768275319601,Sunny,Day,0.056163194444444446,100.0,-19.0,26.444492999985414,manual
1768275319632,Sunny,Day,0.05464409722222222,100.0,-18.0,21.048651999990398,manual
1768275319662,Sunny,Day,0.055859375,100.0,-20.0,22.10717500008741,manual
1768275319694,Sunny,Day,0.05828993055555556,100.0,-19.0,26.545463000047675,manual
1768275319725,Sunny,Day,0.056553819444444445,100.0,-19.0,23.557613999969362,manual
1768275319756,Sunny,Day,0.054036458333333336,100.0,-18.0,24.799503999929584,manual
1768275319789,Sunny,Day,0.05759548611111111,100.0,-2.0,26.6228799999908,manual
1768275319820,Sunny,Day,0.05555555555555555,100.0,-19.0,24.476281999909588,manual
1768275319850,Sunny,Day,0.05611979166666667,100.0,-3.0,22.69769700001234,manual
1768275319882,Sunny,Day,0.056163194444444446,100.0,-4.0,24.390904000028968,manual
1768275319913,Sunny,Day,0.05577256944444445,100.0,-20.0,17.275581000035345,manual
1768275319945,Sunny,Day,0.05381944444444445,100.0,-4.0,25.23532299994713,manual
1768275319976,Sunny,Day,0.05998263888888889,100.0,-17.0,24.054054999965047,manual
1768275320007,Sunny,Day,0.05173611111111111,100.0,-19.0,19.58167800000865,manual
1768275320039,Sunny,Day,0.05177951388888889,100.0,-4.0,20.568191999927876,manual
1768275320070,Sunny,Day,0.054947916666666666,100.0,-2.0,23.618736999992507,manual
1768275320102,Sunny,Day,0.05828993055555556,100.0,-19.0,24.737382000012076,manual
1768275320134,Sunny,Day,0.058854166666666666,100.0,-18.0,25.799607999942964,manual
1768275320165,Sunny,Day,0.049305555555555554,98.61111111111111,-17.0,23.75727599996935,manual
1768275320196,Sunny,Day,0.05286458333333333,100.0,-18.0,24.084570000013628,manual
1768275320228,Sunny,Day,0.05859375,100.0,-19.0,25.65644000003431,manual
1768275320259,Sunny,Day,0.05594618055555556,100.0,-18.0,24.145118999967963,manual
1768275320290,Sunny,Day,0.05855034722222222,100.0,-1.0,24.32143199996517,manual
1768275320321,Sunny,Day,0.05256076388888889,100.0,-18.0,25.101468999991994,manual
1768275320352,Sunny,Day,0.05017361111111111,100.0,-19.0,24.328801000024214,manual
1768275320384,Sunny,Day,0.056553819444444445,100.0,-18.0,24.918082999988656,manual
1768275320416,Sunny,Day,0.05473090277777778,100.0,-18.0,25.436743000000206,manual
1768275320449,Sunny,Day,0.052300347222222224,100.0,-17.0,24.703663999957826,manual
1768275320478,Sunny,Day,0.05112847222222222,100.0,-19.0,22.83082999997532,manual
1768275320510,Sunny,Day,0.05234375,100.0,-20.0,24.547608000034415,manual
1768275320541,Sunny,Day,0.05520833333333333,100.0,-3.0,24.387849999925493,manual
1768275320572,Sunny,Day,0.04869791666666667,97.39583333333333,-18.0,23.214637000023686,manual
1768275320604,Sunny,Day,0.05004340277777778,100.0,-20.0,25.462332999950377,manual
1768275320638,Sunny,Day,0.052647569444444445,100.0,-18.0,23.98621199995432,manual
1768275320667,Sunny,Day,0.0546875,100.0,-19.0,21.581607999905827,manual
1768275320698,Sunny,Day,0.05360243055555555,100.0,-19.0,24.52120400005242,manual
1768275320729,Sunny,Day,0.05151909722222222,100.0,-19.0,24.94904200000292,manual
1768275320760,Sunny,Day,0.05416666666666667,100.0,-19.0,24.047835000033047,manual
1768275320792,Sunny,Day,0.055121527777777776,100.0,-19.0,24.802708000038365,manual
1768275320823,Sunny,Day,0.05221354166666667,100.0,-4.0,24.435436000089794,manual
1768275320855,Sunny,Day,0.04939236111111111,98.78472222222221,-21.0,25.227954000001773,manual
1768275320886,Sunny,Day,0.051432291666666664,100.0,-19.0,24.312413999950877,manual
1768275320918,Sunny,Day,0.05342881944444444,100.0,-20.0,25.02969900001517,manual
1768275320949,Sunny,Day,0.050347222222222224,100.0,-18.0,24.69803500002854,manual
1768275320980,Sunny,Day,0.05108506944444444,100.0,-19.0,24.758638999969662,manual
1768275321017,Sunny,Day,0.048394097222222224,96.78819444444444,-19.0,30.249803000060638,manual
1768275321045,Sunny,Day,0.052647569444444445,100.0,-19.0,21.842781999907857,manual
1768275321075,Sunny,Day,0.05008680555555556,100.0,-20.0,23.158754999940356,manual
1768275321106,Sunny,Day,0.049652777777777775,99.30555555555554,-18.0,24.456934999989244,manual
1768275321137,Sunny,Day,0.04461805555555556,89.23611111111111,-20.0,25.19427300001098,manual
1768275321169,Sunny,Day,0.04982638888888889,99.65277777777779,-20.0,24.577902000032736,manual
1768275321200,Sunny,Day,0.04973958333333333,99.47916666666666,-20.0,24.93628600007014,manual
1768275321231,Sunny,Day,0.052300347222222224,100.0,-19.0,24.587752000002183,manual
1768275321265,Sunny,Day,0.04544270833333333,90.88541666666666,-19.0,27.125469999987217,manual
1768275321294,Sunny,Day,0.05329861111111111,100.0,-19.0,22.79270600001837,manual
1768275321327,Sunny,Day,0.049262152777777776,98.52430555555556,-20.0,26.438441000095736,manual
1768275321358,Sunny,Day,0.04761284722222222,95.22569444444444,-4.0,24.117679000028147,manual
1768275321391,Sunny,Day,0.04791666666666667,95.83333333333334,-19.0,29.165321000050426,auto
1768275321420,Sunny,Day,0.049305555555555554,98.61111111111111,-20.0,19.175078999978723,auto
1768275321453,Sunny,Day,0.05134548611111111,100.0,-19.0,25.610519999986536,auto
1768275321484,Sunny,Day,0.041796875,83.59375,-17.0,24.20188999997208,auto
1768275321514,Sunny,Day,0.036848958333333334,73.69791666666667,-30.0,22.659647999944355,auto
1768275321546,Sunny,Day,0.040234375,80.46875,-27.0,24.21744499997658,auto
1768275321577,Sunny,Day,0.040755208333333334,81.51041666666667,-24.0,23.443185000019184,auto
1768275321608,Sunny,Day,0.03728298611111111,74.56597222222221,-18.0,24.54379499999959,auto
1768275321641,Sunny,Day,0.03641493055555556,72.82986111111111,-12.0,25.584393000031014,auto
1768275321673,Sunny,Day,0.04592013888888889,91.84027777777779,-11.0,25.72382200003176,auto
1768275321703,Sunny,Day,0.04861111111111111,97.22222222222223,-7.0,23.967214999970565,auto
1768275321734,Sunny,Day,0.05169270833333333,100.0,-1.0,23.652993000041533,auto
1768275321765,Sunny,Day,0.05603298611111111,100.0,2.0,24.82859400004145,auto
1768275321797,Sunny,Day,0.06393229166666667,100.0,3.0,24.506650999910562,auto
1768275321828,Sunny,Day,0.07300347222222223,100.0,7.0,23.31799499995668,auto
1768275321862,Sunny,Day,0.07717013888888889,100.0,9.0,26.412444000015967,auto
1768275321891,Sunny,Day,0.08168402777777778,100.0,9.0,22.66681300000073,auto
1768275321922,Sunny,Day,0.08051215277777778,100.0,9.0,23.434926000049927,auto
1768275321956,Sunny,Day,0.08012152777777778,100.0,7.0,27.145024000105877,auto
1768275321987,Sunny,Day,0.08381076388888889,100.0,5.0,24.12828800004263,auto
1768275322016,Sunny,Day,0.08081597222222223,100.0,4.0,22.65077900005963,auto
1768275322050,Sunny,Day,0.08259548611111112,100.0,4.0,26.464809000003697,auto
1768275322080,Sunny,Day,0.08294270833333334,100.0,4.0,22.617505000084748,auto
1768275322112,Sunny,Day,0.08268229166666667,100.0,6.0,23.911462999990363,auto
1768275322142,Sunny,Day,0.08537326388888888,100.0,5.0,23.493494000035753,auto
1768275322175,Sunny,Day,0.084765625,100.0,5.0,26.649841999983437,auto
1768275322205,Sunny,Day,0.08802083333333334,100.0,4.0,20.10311799995179,auto
1768275322236,Sunny,Day,0.09032118055555556,100.0,6.0,24.951709999982086,auto
1768275322270,Sunny,Day,0.0921875,100.0,7.0,27.320893000023716,auto
1768275322299,Sunny,Day,0.0953125,100.0,3.0,22.928579999984322,auto
1768275322330,Sunny,Day,0.09448784722222223,100.0,4.0,24.32115600004181,auto
1768275322362,Sunny,Day,0.09717881944444444,100.0,,25.06967799990889,auto
1768275322393,Sunny,Day,0.09609375,100.0,,24.342448999959743,auto
1768275322425,Sunny,Day,0.09904513888888888,100.0,,22.224606999998286,auto
1768275322456,Sunny,Day,0.10295138888888888,100.0,,23.39233999998669,auto
1768275322488,Sunny,Day,0.1032986111111111,100.0,,24.463859999968918,auto
1768275322521,Sunny,Day,0.10646701388888889,100.0,,23.756962999982534,auto
1768275322550,Sunny,Day,0.10972222222222222,100.0,,20.862990999944486,auto
1768275322582,Sunny,Day,0.11028645833333334,100.0,,23.931923000077404,auto
1768275322616,Sunny,Day,0.10920138888888889,100.0,,24.042151000003287,auto
1768275322644,Sunny,Day,0.11358506944444445,100.0,,22.013392000076237,auto
1768275322678,Sunny,Day,0.11888020833333333,100.0,,26.67843200003972,auto
1768275322707,Sunny,Day,0.12052951388888888,100.0,,21.919791999948757,auto
1768275322739,Sunny,Day,0.11744791666666667,100.0,,24.43151299996771,auto
1768275322770,Sunny,Day,0.12174479166666667,100.0,,24.969485999918106,auto
1768275322801,Sunny,Day,0.12296006944444444,100.0,,24.874775000057525,auto
1768275322833,Sunny,Day,0.12204861111111111,100.0,6.0,24.820428999987598,auto
1768275322864,Sunny,Day,0.12582465277777777,100.0,,21.531541999934234,auto
1768275322895,Sunny,Day,0.12447916666666667,100.0,,24.48287699996854,auto
1768275322927,Sunny,Day,0.1293402777777778,100.0,,24.16726599994945,auto
1768275322959,Sunny,Day,0.12816840277777777,100.0,4.0,25.644258000056652,auto
1768275322990,Sunny,Day,0.1287326388888889,100.0,2.0,22.185335000017403,auto
1768275323021,Sunny,Day,0.13133680555555555,100.0,,23.474738000004436,auto
1768275323052,Sunny,Day,0.13003472222222223,100.0,,24.643988999969224,auto
1768275323084,Sunny,Day,0.13684895833333333,100.0,,24.818300999982057,auto
1768275323116,Sunny,Day,0.12986111111111112,100.0,3.0,25.68445800000063,auto
1768275323147,Sunny,Day,0.140234375,100.0,,18.59607500000493,auto
1768275323180,Sunny,Day,0.14661458333333333,100.0,,25.962388000039027,auto
1768275323211,Sunny,Day,0.15004340277777778,100.0,,21.89964699994107,auto
1768275323241,Sunny,Day,0.1419704861111111,100.0,,23.17499499997666,auto
1768275323272,Sunny,Day,0.14661458333333333,100.0,,24.530947000016567,auto
1768275323304,Sunny,Day,0.14557291666666666,100.0,-55.0,24.983299999917108,auto
1768275323335,Sunny,Day,0.15377604166666667,100.0,,24.901938999960294,auto
1768275323366,Sunny,Day,0.15182291666666667,100.0,,24.62239800001953,auto
1768275323398,Sunny,Day,0.14769965277777777,100.0,-32.0,24.257905000013125,auto
1768275323429,Sunny,Day,0.1466579861111111,100.0,,23.642088999963562,auto
1768275323462,Sunny,Day,0.1286892361111111,100.0,1.0,26.562908999949286,auto
1768275323495,Sunny,Day,0.14644097222222222,100.0,7.0,23.60535200000413,auto
1768275323524,Sunny,Day,0.14032118055555556,100.0,,21.17199199994957,auto
1768275323555,Sunny,Day,0.15594618055555556,100.0,,23.980659000017113,auto
1768275323587,Sunny,Day,0.1677517361111111,100.0,,25.45161500006543,auto
1768275323618,Sunny,Day,0.1703559027777778,100.0,,24.50393100002657,auto
1768275323649,Sunny,Day,0.17825520833333333,100.0,,24.87079500008349,auto
1768275323682,Sunny,Day,0.18328993055555556,100.0,,26.315476000036142,auto
1768275323713,Sunny,Day,0.18815104166666666,100.0,17.0,23.72663400001329,auto
1768275323743,Sunny,Day,0.19392361111111112,100.0,,23.34986400001071,auto
1768275323775,Sunny,Day,0.19991319444444444,100.0,-4.0,24.732126000003518,auto
1768275323807,Sunny,Day,0.2009982638888889,100.0,-6.0,23.57093000000532,auto
1768275323840,Sunny,Day,0.20933159722222222,100.0,-9.0,24.93015799996101,auto
1768275323869,Sunny,Day,0.1929253472222222,100.0,-7.0,22.166336999930536,auto
1768275323900,Sunny,Day,0.18211805555555555,100.0,,25.029035999978078,auto
1768275323932,Sunny,Day,0.179296875,100.0,-20.0,24.710129000027337,auto
1768275323963,Sunny,Day,0.18498263888888888,100.0,,23.514788999932534,auto
1768275323998,Sunny,Day,0.18229166666666666,100.0,17.0,28.52956499998527,auto
1768275324031,Sunny,Day,0.1921875,100.0,2.0,22.335910000037984,auto
1768275324060,Sunny,Day,0.18845486111111112,100.0,7.0,19.33672799998476,auto
1768275324092,Sunny,Day,0.1890625,100.0,25.0,22.785486999964633,auto
1768275324124,Sunny,Day,0.1957465277777778,100.0,,19.775250999941818,auto
1768275324153,Sunny,Day,0.21875,100.0,6.0,18.352159999949436,auto
1768275324185,Sunny,Day,0.21627604166666667,100.0,3.0,23.77533300000323,auto
1768275324218,Sunny,Day,0.2543402777777778,100.0,-2.0,24.974432000021807,auto
1768275324249,Sunny,Day,0.25247395833333336,100.0,-4.0,22.40156899995327,auto
1768275324282,Sunny,Day,0.23203125,100.0,-21.0,24.075981999999385,auto
1768275324313,Sunny,Day,0.24934895833333334,100.0,8.0,21.885371999928793,auto
1768275324343,Sunny,Day,0.23133680555555555,100.0,13.0,18.758000999923752,auto
1768275324374,Sunny,Day,0.24205729166666667,100.0,2.0,21.508878999952685,auto
1768275324408,Sunny,Day,0.27196180555555555,100.0,4.0,25.332204000051206,auto
1768275324436,Sunny,Day,0.27664930555555556,100.0,16.0,19.57405200005269,auto
1768275324468,Sunny,Day,0.28094618055555554,100.0,-16.0,23.074434000022848,auto
1768275324499,Sunny,Day,0.2771267361111111,100.0,2.0,21.686209999984385,auto
1768275324533,Sunny,Day,0.2916666666666667,100.0,-1.0,19.515040999976918,auto
1768275324562,Sunny,Day,0.3131510416666667,100.0,6.0,20.82460799999808,auto
1768275324594,Sunny,Day,0.29887152777777776,100.0,-11.0,22.521814000015183,auto
1768275324625,Sunny,Day,0.30321180555555555,100.0,-12.0,21.413297999970382,auto
1768275324658,Sunny,Day,0.31666666666666665,100.0,-15.0,24.35561599997982,auto
1768275324688,Sunny,Day,0.34053819444444444,100.0,-12.0,16.482066999969902,auto
1768275324721,Sunny,Day,0.350390625,100.0,13.0,24.883535000071788,auto
1768275324751,Sunny,Day,0.31788194444444445,100.0,6.0,22.236367000004975,auto
1768275324782,Sunny,Day,0.33198784722222224,100.0,-5.0,20.264267000015934,auto
1768275324814,Sunny,Day,0.3401909722222222,100.0,6.0,23.294334000070194,auto
1768275324845,Sunny,Day,0.35529513888888886,100.0,19.0,22.083958999928655,manual
1768275324876,Sunny,Day,0.3564670138888889,100.0,-6.0,15.564379000011286,manual
1768275324909,Sunny,Day,0.36996527777777777,100.0,17.0,22.821241999963604,manual
1768275324939,Sunny,Day,0.40694444444444444,100.0,-7.0,15.481148000048961,manual
1768275324971,Sunny,Day,0.41358506944444445,100.0,19.0,24.416831000053207,manual
1768275325001,Sunny,Day,0.40403645833333335,100.0,19.0,25.495220999914636,manual
1768275325034,Sunny,Day,0.3620659722222222,100.0,6.0,21.17677100000037,manual
1768275325064,Sunny,Day,0.38016493055555556,100.0,13.0,21.83861799994702,manual
1768275325095,Sunny,Day,0.3892361111111111,100.0,13.0,23.63753600002383,manual
1768275325127,Sunny,Day,0.39457465277777776,100.0,10.0,23.701194000068426,manual
1768275325159,Sunny,Day,0.37699652777777776,100.0,5.0,23.192143000073884,manual
1768275325191,Sunny,Day,0.372265625,100.0,0.0,22.612768000044525,manual
1768275325222,Sunny,Day,0.39227430555555554,100.0,8.0,20.788502000073095,manual
1768275325254,Sunny,Day,0.38263888888888886,100.0,3.0,23.000906999982362,manual
1768275325286,Sunny,Day,0.35920138888888886,100.0,7.0,21.52221100004681,manual
1768275325316,Sunny,Day,0.3541666666666667,100.0,-3.0,22.8072439999778,manual
1768275325349,Sunny,Day,0.3993055555555556,100.0,5.0,23.438503000079436,manual
1768275325378,Sunny,Day,0.4065972222222222,100.0,-2.0,21.51345400000082,manual
1768275325411,Sunny,Day,0.40629340277777776,100.0,2.0,23.254210000004605,manual
1768275325442,Sunny,Day,0.3840277777777778,100.0,,21.83869299994967,manual
1768275325474,Sunny,Day,0.3856336805555556,100.0,-6.0,23.22771299998294,manual
1768275325501,Sunny,Day,0.38506944444444446,100.0,-8.0,21.02749200003018,manual
1768275325533,Sunny,Day,0.3856336805555556,100.0,-13.0,23.195124999915606,manual
1768275325565,Sunny,Day,0.37105034722222224,100.0,-4.0,25.29435700000704,manual
1768275325597,Sunny,Day,0.35954861111111114,100.0,-12.0,20.917820000022402,manual
1768275325627,Sunny,Day,0.33450520833333336,100.0,-11.0,23.4378549999974,manual
1768275325660,Sunny,Day,0.34010416666666665,100.0,-12.0,25.04209100004573,manual
1768275325690,Sunny,Day,0.31514756944444444,100.0,-15.0,24.366633999989062,manual
1768275325722,Sunny,Day,0.323046875,100.0,-27.0,27.3427450000554,manual
1768275325755,Sunny,Day,0.3221354166666667,100.0,-28.0,23.606037999911678,manual
1768275325786,Sunny,Day,0.3267361111111111,100.0,-43.0,19.17871099999502,manual
1768275325815,Sunny,Day,0.31046006944444443,100.0,-51.0,25.014186000021255,manual
1768275325847,Sunny,Day,0.3059895833333333,100.0,,24.20780099998865,manual
1768275325881,Sunny,Day,0.3104166666666667,100.0,-64.0,22.94632099994942,manual
1768275325910,Sunny,Day,0.3210503472222222,100.0,-60.0,20.53779100003794,manual
1768275325941,Sunny,Day,0.30008680555555556,100.0,,24.426775000051748,manual
1768275325972,Sunny,Day,0.29574652777777777,100.0,,25.352387999987513,manual
1768275326005,Sunny,Day,0.3140625,100.0,-68.0,27.717200000097364,manual
1768275326037,Sunny,Day,0.34618055555555555,100.0,-49.0,24.56268599996747,manual
1768275326066,Sunny,Day,0.3386284722222222,100.0,,21.38048799997705,manual
1768275326100,Sunny,Day,0.3187065972222222,100.0,-39.0,25.217830000087815,manual
1768275326129,Sunny,Day,0.3080295138888889,100.0,-50.0,25.650816000052146,manual
1768275326162,Sunny,Day,0.3174913194444444,100.0,79.0,27.77991599998586,manual
1768275326195,Sunny,Day,0.30859375,100.0,-47.0,27.266253999982837,manual
1768275326223,Sunny,Day,0.2923177083333333,100.0,4.0,18.201679000071636,manual
1768275326259,Sunny,Day,0.2881076388888889,100.0,4.0,28.91013400005704,manual
1768275326287,Sunny,Day,0.30538194444444444,100.0,2.0,24.626104000049054,manual
1768275326318,Sunny,Day,0.30703125,100.0,-3.0,22.25186600003326,manual
1768275326349,Sunny,Day,0.29301215277777776,100.0,-4.0,24.95804600005158,manual
1768275326382,Sunny,Day,0.28046875,100.0,64.0,29.43575699998746,manual
1768275326412,Sunny,Day,0.2605034722222222,100.0,62.0,23.11159799990037,manual
1768275326444,Sunny,Day,0.27708333333333335,100.0,-3.0,26.284833000090657,manual
1768275326476,Sunny,Day,0.2610677083333333,100.0,-8.0,26.7766820001043,manual
1768275326510,Sunny,Day,0.22170138888888888,100.0,60.0,28.956073000017568,manual
1768275326538,Sunny,Day,0.25390625,100.0,57.0,17.50979799999186,manual
1768275326570,Sunny,Day,0.26545138888888886,100.0,56.0,28.688677999980428,manual
1768275326601,Sunny,Day,0.29717881944444446,100.0,-12.0,25.56334500002322,manual
1768275326632,Sunny,Day,0.30399305555555556,100.0,-79.0,25.935318999927404,manual
1768275326666,Sunny,Day,0.2959201388888889,100.0,-79.0,24.124904000018432,manual
1768275326695,Sunny,Day,0.30451388888888886,100.0,78.0,25.687627000024804,manual
1768275326726,Sunny,Day,0.3123697916666667,100.0,,26.453573000026154,manual
1768275326757,Sunny,Day,0.2977430555555556,100.0,74.0,22.721329999967566,manual
1768275326789,Sunny,Day,0.28658854166666664,100.0,72.0,28.336757000033685,manual
1768275326824,Sunny,Day,0.299609375,100.0,71.0,29.769403000045713,manual
1768275326852,Sunny,Day,0.29661458333333335,100.0,,19.304918999978327,manual
1768275326883,Sunny,Day,0.2859375,100.0,,17.42364099993665,manual
1768275326915,Sunny,Day,0.27803819444444444,100.0,67.0,25.502203999963058,manual
1768275326946,Sunny,Day,0.2912326388888889,100.0,63.0,27.843797999935305,manual
1768275326977,Sunny,Day,0.28324652777777776,100.0,,25.649057000009634,manual
1768275327010,Sunny,Day,0.2779947916666667,100.0,,21.327272000007724,manual
1768275327040,Sunny,Day,0.2711371527777778,100.0,59.0,23.884302999931606,manual
1768275327073,Sunny,Day,0.2710503472222222,100.0,57.0,23.48342599998432,manual
1768275327105,Sunny,Day,0.27065972222222223,100.0,,21.78214500008835,manual
1768275327135,Sunny,Day,0.265625,100.0,,26.489403000027778,manual
1768275327166,Sunny,Day,0.25677083333333334,100.0,,25.128435000056015,manual
1768275327197,Sunny,Day,0.24366319444444445,100.0,,25.77876500004095,manual
1768275327230,Sunny,Day,0.25972222222222224,100.0,47.0,27.675817999920582,manual
1768275327262,Sunny,Day,0.26341145833333335,100.0,,25.156467999977394,manual
1768275327291,Sunny,Day,0.2549045138888889,100.0,,23.572303999912947,manual
1768275327323,Sunny,Day,0.2545572916666667,100.0,,26.38756299995748,manual
1768275327354,Sunny,Day,0.25698784722222223,100.0,,26.199493000035545,manual
1768275327387,Sunny,Day,0.2573784722222222,100.0,,22.051650999969752,manual
1768275327420,Sunny,Day,0.24388020833333332,100.0,,28.801259000033497,manual
1768275327448,Sunny,Day,0.24075520833333333,100.0,,18.819568999902003,manual
1768275327480,Sunny,Day,0.2474392361111111,100.0,,25.908971000035308,manual
1768275327511,Sunny,Day,0.24605034722222222,100.0,,23.82855100006509,manual
1768275327542,Sunny,Day,0.24136284722222223,100.0,,24.91334800004097,manual
1768275327575,Sunny,Day,0.23077256944444444,100.0,,26.179773000080786,manual
1768275327605,Sunny,Day,0.22022569444444445,100.0,,23.233583999967777,manual
1768275327636,Sunny,Day,0.22005208333333334,100.0,,24.595738000016354,manual
1768275327668,Sunny,Day,0.2150173611111111,100.0,,25.276971999915077,manual
1768275327699,Sunny,Day,0.21015625,100.0,,24.786010999946484,manual
1768275327731,Sunny,Day,0.20668402777777778,100.0,,24.611420999917755,manual
1768275327764,Sunny,Day,0.21041666666666667,100.0,,26.801568999985648,manual
1768275327796,Sunny,Day,0.2193576388888889,100.0,,25.561698000046817,manual
1768275327826,Sunny,Day,0.22013888888888888,100.0,,23.347977999947034,manual
1768275327856,Sunny,Day,0.2126736111111111,100.0,,20.59036000002834,manual
1768275327888,Sunny,Day,0.21588541666666666,100.0,,24.976137999942694,manual
1768275327919,Sunny,Day,0.2133246527777778,100.0,46.0,24.938715999951455,manual
1768275327950,Sunny,Day,0.20230034722222223,100.0,,23.555176000058964,manual
1768275327983,Sunny,Day,0.19453125,100.0,40.0,26.64131099993483,manual
1768275328016,Sunny,Day,0.18272569444444445,100.0,39.0,24.798011000029874,manual
1768275328046,Sunny,Day,0.18229166666666666,100.0,40.0,22.5015789999361,manual
1768275328076,Sunny,Day,0.1771267361111111,100.0,38.0,22.854018999964865,manual
1768275328108,Sunny,Day,0.18111979166666667,100.0,33.0,24.35961900005168,manual
1768275328140,Sunny,Day,0.184765625,100.0,37.0,26.117539999972905,manual
1768275328170,Sunny,Day,0.18302951388888888,100.0,35.0,23.569211999983963,manual
1768275328203,Sunny,Day,0.18350694444444443,100.0,35.0,26.287741999908576,manual
1768275328233,Sunny,Day,0.17703993055555556,100.0,34.0,23.113172999956078,manual
1768275328265,Sunny,Day,0.16918402777777777,100.0,31.0,24.042489999942518,manual
1768275328299,Sunny,Day,0.169140625,100.0,30.0,27.928308000014113,manual
1768275328328,Sunny,Day,0.16532118055555556,100.0,28.0,20.757212000034997,manual
1768275328359,Sunny,Day,0.16098090277777777,100.0,25.0,25.005856999996467,manual
1768275328391,Sunny,Day,0.15768229166666667,100.0,25.0,27.33517399997254,manual
1768275328421,Sunny,Day,0.151953125,100.0,24.0,16.417058000001816,manual
1768275328453,Sunny,Day,0.14982638888888888,100.0,21.0,24.061135000010836,manual
1768275328486,Sunny,Day,0.14913194444444444,100.0,20.0,25.599267999950825,manual
1768275328516,Sunny,Day,0.1365451388888889,100.0,17.0,17.317377000040324,manual
1768275328550,Sunny,Day,0.13771701388888888,100.0,16.0,30.94239600000037,auto
1768275328578,Sunny,Day,0.14526909722222223,100.0,13.0,17.42171699993378,auto
1768275328613,Sunny,Day,0.1430121527777778,100.0,12.0,27.874850999978662,auto
1768275328641,Sunny,Day,0.13546006944444444,100.0,12.0,21.426817000019582,auto
1768275328673,Sunny,Day,0.13198784722222223,100.0,11.0,24.69050500008052,auto
1768275328704,Sunny,Day,0.13046875,100.0,9.0,24.2877010000484,auto
1768275328735,Sunny,Day,0.12465277777777778,100.0,6.0,19.161714999995638,auto
1768275328767,Sunny,Day,0.12170138888888889,100.0,4.0,24.576425999953244,auto
1768275328798,Sunny,Day,0.1154513888888889,100.0,3.0,21.066786000005777,auto
1768275328833,Sunny,Day,0.124609375,100.0,2.0,27.807119000044622,auto
1768275328863,Sunny,Day,0.12413194444444445,100.0,3.0,22.226092999972025,auto
1768275328892,Sunny,Day,0.12434895833333333,100.0,2.0,21.878949000097236,auto
1768275328924,Sunny,Day,0.12413194444444445,100.0,2.0,25.5260729999236,auto
1768275328955,Sunny,Day,0.12465277777777778,100.0,3.0,24.123054000028787,auto
1768275328987,Sunny,Day,0.1256076388888889,100.0,2.0,24.743203000070935,auto
1768275329018,Sunny,Day,0.1254340277777778,100.0,3.0,24.67591499998889,auto
1768275329050,Sunny,Day,0.12504340277777778,100.0,2.0,19.099501000027885,auto
1768275329081,Sunny,Day,0.126171875,100.0,2.0,24.401466999961485,auto
1768275329112,Sunny,Day,0.12552083333333333,100.0,3.0,24.6616949999634,auto
1768275329144,Sunny,Day,0.12513020833333333,100.0,1.0,17.169598999998925,auto
1768275329175,Sunny,Day,0.12387152777777778,100.0,1.0,24.939236000022902,auto
1768275329206,Sunny,Day,0.12139756944444445,100.0,1.0,23.70715899996867,auto
1768275329238,Sunny,Day,0.12239583333333333,100.0,2.0,19.23087399995893,auto
1768275329269,Sunny,Day,0.12404513888888889,100.0,0.0,23.389233999978387,auto
1768275329301,Sunny,Day,0.119140625,100.0,1.0,23.388159999967684,auto
1768275329333,Sunny,Day,0.12348090277777778,100.0,1.0,22.061464999978853,auto
1768275329367,Sunny,Day,0.12361111111111112,100.0,2.0,26.61524100005863,auto
1768275329395,Sunny,Day,0.1271267361111111,100.0,3.0,19.40879699998277,auto
1768275329426,Sunny,Day,0.1247829861111111,100.0,1.0,24.80586299998322,auto
1768275329459,Sunny,Day,0.12630208333333334,100.0,1.0,25.943821000055323,auto
1768275329489,Sunny,Day,0.12864583333333332,100.0,2.0,22.48926599997958,auto
1768275329524,Sunny,Day,0.1273871527777778,100.0,2.0,28.03761100005886,auto
1768275329553,Sunny,Day,0.12508680555555557,100.0,1.0,22.17074899999716,auto
1768275329583,Sunny,Day,0.12530381944444444,100.0,3.0,20.974834999947234,auto
1768275329614,Sunny,Day,0.12313368055555556,100.0,3.0,24.244004000024688,auto
1768275329646,Sunny,Day,0.12734375,100.0,2.0,24.851931999933186,auto
1768275329679,Sunny,Day,0.12686631944444443,100.0,2.0,18.32209300005161,auto
1768275329709,Sunny,Day,0.12586805555555555,100.0,1.0,21.792088999973203,auto
1768275329742,Sunny,Day,0.125,100.0,2.0,26.21634400009043,auto
1768275329772,Sunny,Day,0.12269965277777778,100.0,2.0,23.813016999952197,auto
1768275329803,Sunny,Day,0.12621527777777777,100.0,0.0,14.575999000044249,auto
1768275329836,Sunny,Day,0.12625868055555556,100.0,1.0,24.265908999950625,auto
1768275329866,Sunny,Day,0.12621527777777777,100.0,2.0,19.192027000030976,auto
1768275329897,Sunny,Day,0.12721354166666668,100.0,-8.0,21.036901000002217,auto
1768275329933,Sunny,Day,0.12821180555555556,100.0,0.0,29.74059399991802,auto
1768275329963,Sunny,Day,0.12643229166666667,100.0,0.0,20.56364299994584,auto
1768275329992,Sunny,Day,0.12573784722222223,100.0,2.0,17.710017000013067,auto
1768275330023,Sunny,Day,0.12782118055555555,100.0,2.0,24.154218000035144,auto
1768275330055,Sunny,Day,0.13268229166666667,100.0,4.0,25.610101999973267,auto
1768275330086,Sunny,Day,0.1323784722222222,100.0,3.0,18.696253000030083,auto
1768275330117,Sunny,Day,0.129296875,100.0,3.0,18.623316999992312,auto
1768275330149,Sunny,Day,0.13328993055555555,100.0,-8.0,24.90896199992676,auto
1768275330179,Sunny,Day,0.13480902777777778,100.0,4.0,24.25100300001759,auto
1768275330211,Sunny,Day,0.13658854166666667,100.0,4.0,23.8682520000566,auto
1768275330246,Sunny,Day,0.13116319444444444,100.0,-7.0,26.444540000056804,auto
1768275330275,Sunny,Day,0.13355034722222223,100.0,4.0,21.295742000006612,auto
1768275330305,Sunny,Day,0.1349392361111111,100.0,5.0,21.514048999961233,auto
1768275330339,Sunny,Day,0.1334201388888889,100.0,4.0,24.031992999994145,auto
1768275330368,Sunny,Day,0.1359375,100.0,4.0,19.887000000039734,auto
1768275330402,Sunny,Day,0.140625,100.0,-6.0,27.09753700003148,auto
1768275330433,Sunny,Day,0.13546006944444444,100.0,5.0,23.545123000076273,auto
1768275330464,Sunny,Day,0.13854166666666667,100.0,5.0,23.14148599998589,auto
1768275330499,Sunny,Day,0.13250868055555556,100.0,-5.0,24.916258000075686,auto
1768275330528,Sunny,Day,0.13671875,100.0,6.0,18.954889000042385,auto
1768275330559,Sunny,Day,0.13980034722222223,100.0,6.0,18.779835000032108,auto
1768275330590,Sunny,Day,0.1384982638888889,100.0,8.0,14.293348000023798,auto
1768275330620,Sunny,Day,0.14171006944444445,100.0,-4.0,21.06578799998715,auto
1768275330652,Sunny,Day,0.14071180555555557,100.0,7.0,23.819591999995282,auto
1768275330684,Sunny,Day,0.13676215277777778,100.0,6.0,22.223650000000816,auto
1768275330715,Sunny,Day,0.14140625,100.0,-5.0,18.24212099995748,auto
1768275330746,Sunny,Day,0.14118923611111112,100.0,-4.0,22.891589999971984,auto
1768275330778,Sunny,Day,0.1412326388888889,100.0,-5.0,18.01431399997,auto
1768275330810,Sunny,Day,0.14405381944444445,100.0,-4.0,23.500109999986307,auto
1768275330842,Sunny,Day,0.14331597222222223,100.0,-3.0,24.158144000011816,auto
1768275330872,Sunny,Day,0.1460503472222222,100.0,-2.0,20.906083999989278,auto
1768275330904,Sunny,Day,0.14756944444444445,100.0,-1.0,18.161426999995456,auto
1768275330935,Sunny,Day,0.14943576388888888,100.0,0.0,21.866506999913327,auto
1768275330967,Sunny,Day,0.1544704861111111,100.0,0.0,19.061265000004823,auto
1768275330999,Sunny,Day,0.15143229166666666,100.0,1.0,23.20549699993535,auto
1768275331030,Sunny,Day,0.1541232638888889,100.0,1.0,22.101295000084065,auto
1768275331061,Sunny,Day,0.15434027777777778,100.0,1.0,22.99937499992666,auto
1768275331093,Sunny,Day,0.15590277777777778,100.0,1.0,16.512271000010514,auto
1768275331124,Sunny,Day,0.15516493055555555,100.0,2.0,21.66651400000319,auto
1768275331156,Sunny,Day,0.15455729166666668,100.0,2.0,22.866871000019273,auto
1768275331189,Sunny,Day,0.15390625,100.0,2.0,22.018971999955284,auto
1768275331218,Sunny,Day,0.15503472222222223,100.0,2.0,17.775306000089586,auto
1768275331249,Sunny,Day,0.154296875,100.0,3.0,22.800991000053727,auto
1768275331281,Sunny,Day,0.15499131944444444,100.0,2.0,19.732445999920856,auto
1768275331313,Sunny,Day,0.15160590277777777,100.0,1.0,22.032914000078563,auto
1768275331343,Sunny,Day,0.15542534722222223,100.0,2.0,20.88716100001875,auto
1768275331375,Sunny,Day,0.1525607638888889,100.0,1.0,23.022038000021894,auto
1768275331406,Sunny,Day,0.15303819444444444,100.0,0.0,18.185683999945468,auto
1768275331439,Sunny,Day,0.15455729166666668,100.0,2.0,23.11545300005946,auto
1768275331471,Sunny,Day,0.15290798611111112,100.0,1.0,20.973280000021077,auto
1768275331500,Sunny,Day,0.15442708333333333,100.0,1.0,20.05375900000672,auto
1768275331533,Sunny,Day,0.15794270833333332,100.0,1.0,24.926275999973768,auto
1768275331563,Sunny,Day,0.15203993055555556,100.0,1.0,22.079241999904298,auto
1768275331597,Sunny,Day,0.15559895833333334,100.0,1.0,23.58630499998071,auto
1768275331628,Sunny,Day,0.15824652777777778,100.0,2.0,21.463833999973758,auto
1768275331658,Sunny,Day,0.15481770833333333,100.0,-1.0,19.94910499990965,auto
1768275331689,Sunny,Day,0.15568576388888888,100.0,1.0,17.890441000076862,auto
1768275331721,Sunny,Day,0.16028645833333333,100.0,0.0,19.926940999994258,auto
1768275331751,Sunny,Day,0.1580295138888889,100.0,1.0,20.97572399998171,auto
1768275331782,Sunny,Day,0.1599392361111111,100.0,1.0,23.586563999970167,auto
1768275331816,Sunny,Day,0.16028645833333333,100.0,1.0,25.419976999955907,auto
1768275331847,Sunny,Day,0.15855034722222222,100.0,0.0,21.60751999997501,auto
1768275331880,Sunny,Day,0.1605902777777778,100.0,1.0,22.36154299998816,auto
1768275331908,Sunny,Day,0.16124131944444445,100.0,2.0,18.873250999945412,auto
1768275331940,Sunny,Day,0.16137152777777777,100.0,1.0,23.989405000065744,auto
1768275331972,Sunny,Day,0.16323784722222223,100.0,1.0,24.41307800006598,auto
1768275332003,Sunny,Day,0.16176215277777778,100.0,2.0,21.697879999919678,auto
1768275332035,Sunny,Day,0.161328125,100.0,1.0,20.601361999979417,auto
1768275332066,Sunny,Day,0.1615017361111111,100.0,1.0,22.04532099995049,auto
1768275332097,Sunny,Day,0.1607638888888889,100.0,0.0,24.889558999916517,auto
1768275332128,Sunny,Day,0.16041666666666668,100.0,0.0,21.944461999964915,auto
1768275332160,Sunny,Day,0.161328125,100.0,1.0,21.924169000044458,auto
1768275332193,Sunny,Day,0.164453125,100.0,2.0,23.647742999969523,auto
1768275332222,Sunny,Day,0.16484375,100.0,1.0,19.942181000033088,auto
1768275332254,Sunny,Day,0.16128472222222223,100.0,1.0,21.553748999963318,auto
1768275332286,Sunny,Day,0.16319444444444445,100.0,2.0,23.814242000071317,auto
1768275332317,Sunny,Day,0.16545138888888888,100.0,1.0,22.146216999999524,auto
1768275332348,Sunny,Day,0.16419270833333333,100.0,1.0,22.37509700000828,auto
1768275332380,Sunny,Day,0.16080729166666666,100.0,1.0,22.836634999976013,auto
1768275332411,Sunny,Day,0.16236979166666668,100.0,2.0,22.23237299995162,auto
1768275332443,Sunny,Day,0.16258680555555555,100.0,1.0,22.513766000088253,auto
1768275332475,Sunny,Day,0.16245659722222222,100.0,1.0,23.864014000082534,auto
1768275332506,Sunny,Day,0.15828993055555557,100.0,0.0,21.784000000025117,auto
1768275332539,Sunny,Day,0.160546875,100.0,1.0,21.489053000095737,auto
1768275332567,Sunny,Day,0.1607638888888889,100.0,2.0,20.41836500006866,auto
1768275332601,Sunny,Day,0.1622829861111111,100.0,2.0,25.85411099994417,auto
1768275332631,Sunny,Day,0.16067708333333333,100.0,2.0,20.633524999993824,auto
1768275332663,Sunny,Day,0.15950520833333334,100.0,2.0,18.966703000046437,auto
1768275332697,Sunny,Day,0.1607638888888889,100.0,2.0,24.569577999955072,auto
1768275332727,Sunny,Day,0.15980902777777778,100.0,2.0,20.747770999946624,auto
1768275332758,Sunny,Day,0.15980902777777778,100.0,2.0,21.862324000039735,auto
1768275332791,Sunny,Day,0.15711805555555555,100.0,1.0,23.229014999969877,auto
1768275332820,Sunny,Day,0.15941840277777777,100.0,2.0,19.126536000044325,auto
1768275332851,Sunny,Day,0.158203125,100.0,2.0,22.645323999995526,auto
1768275332881,Sunny,Day,0.1583767361111111,100.0,-20.0,21.57259900002373,auto
1768275332914,Sunny,Day,0.15616319444444443,100.0,2.0,23.602450999987923,auto
1768275332945,Sunny,Day,0.15347222222222223,100.0,2.0,21.39617599993926,auto
1768275332976,Sunny,Day,0.157421875,100.0,6.0,22.90055299999949,auto
1768275333007,Sunny,Day,0.16440972222222222,100.0,8.0,22.82369200008816,auto
1768275333038,Sunny,Day,0.16731770833333334,100.0,8.0,21.973607999939304,auto
1768275333070,Sunny,Day,0.16471354166666666,100.0,7.0,22.4916579999217,auto
1768275333103,Sunny,Day,0.16614583333333333,100.0,8.0,24.733893000075113,auto
1768275333133,Sunny,Day,0.16349826388888888,100.0,-16.0,21.08284200005528,auto
1768275333165,Sunny,Day,0.1599392361111111,100.0,-17.0,22.117386999980226,auto
1768275333196,Sunny,Day,0.15737847222222223,100.0,-18.0,23.06122000004507,auto
1768275333227,Sunny,Day,0.15373263888888888,100.0,-15.0,22.12586799998917,auto
1768275333259,Sunny,Day,0.15980902777777778,100.0,-12.0,22.37535699998716,auto
1768275333290,Sunny,Day,0.17213541666666668,100.0,21.0,21.921706000057384,auto
1768275333322,Sunny,Day,0.18624131944444444,100.0,25.0,23.576825999953144,auto
1768275333353,Sunny,Day,0.19691840277777778,100.0,27.0,21.60574300000917,auto
1768275333384,Sunny,Day,0.19309895833333332,100.0,26.0,18.911507000098027,auto
1768275333417,Sunny,Day,0.1888454861111111,100.0,24.0,24.246135999987928,auto
1768275333447,Sunny,Day,0.17078993055555555,100.0,-8.0,21.996605000026648,auto
1768275333478,Sunny,Day,0.15946180555555556,100.0,-10.0,22.63560400001552,auto
1768275333512,Sunny,Day,0.15520833333333334,100.0,-13.0,25.41688599990266,auto
1768275333542,Sunny,Day,0.15794270833333332,100.0,-12.0,20.262087999981304,auto
1768275333573,Sunny,Day,0.16458333333333333,100.0,-11.0,21.078602999978102,auto
1768275333604,Sunny,Day,0.16788194444444443,100.0,-10.0,20.894087999977273,auto
1768275333635,Sunny,Day,0.17604166666666668,100.0,22.0,23.37896099993486,auto
1768275333667,Sunny,Day,0.18276909722222223,100.0,25.0,23.102123000057873,auto
1768275333698,Sunny,Day,0.1890190972222222,100.0,27.0,22.086872000045332,auto
1768275333730,Sunny,Day,0.18107638888888888,100.0,25.0,23.4996689999889,auto
1768275333761,Sunny,Day,0.1712673611111111,100.0,22.0,20.958579999955873,auto
1768275333793,Sunny,Day,0.16506076388888888,100.0,19.0,22.911386000032508,auto
1768275333824,Sunny,Day,0.15425347222222222,100.0,15.0,22.797583999931703,auto
1768275333855,Sunny,Day,0.15164930555555556,100.0,12.0,17.884609000020646,auto
1768275333886,Sunny,Day,0.14288194444444444,100.0,8.0,21.86743499999011,auto
1768275333918,Sunny,Day,0.13624131944444445,100.0,6.0,21.90983800005597,auto
1768275333949,Sunny,Day,0.13125,100.0,4.0,20.524685999930625,auto
1768275333981,Sunny,Day,0.13116319444444444,100.0,29.0,23.737010999980157,auto
1768275334012,Sunny,Day,0.12261284722222222,100.0,2.0,22.21563499995227,auto
1768275334043,Sunny,Day,0.13177083333333334,100.0,30.0,23.38353499999357,auto
1768275334078,Sunny,Day,0.11302083333333333,100.0,-1.0,26.04820099998051,auto
1768275334106,Sunny,Day,0.12287326388888889,100.0,24.0,18.334224000000177,auto
1768275334138,Sunny,Day,0.10668402777777777,100.0,21.0,21.35932999999568,auto
1768275334169,Sunny,Day,0.11818576388888889,100.0,-4.0,17.884665999986282,auto
1768275334201,Sunny,Day,0.10455729166666666,100.0,-10.0,23.183707000043796,auto
1768275334233,Sunny,Day,0.10703125,100.0,-9.0,23.272694999945998,auto
1768275334265,Sunny,Day,0.10920138888888889,100.0,-9.0,23.42901100007566,auto
1768275334296,Sunny,Day,0.11032986111111111,100.0,-6.0,22.43153599999914,auto
1768275334328,Sunny,Day,0.11419270833333334,100.0,-5.0,22.131274999992456,auto
1768275334359,Sunny,Day,0.11762152777777778,100.0,-2.0,20.1466389999041,auto
1768275334392,Sunny,Day,0.12547743055555555,100.0,-1.0,22.497860999919794,auto
1768275334420,Sunny,Day,0.12417534722222222,100.0,2.0,19.119075000048724,auto
1768275334451,Sunny,Day,0.1304253472222222,100.0,4.0,21.000427999979365,auto
1768275334483,Sunny,Day,0.13559027777777777,100.0,5.0,18.556401000068945,auto
1768275334514,Sunny,Day,0.13541666666666666,100.0,5.0,20.43336399992768,auto
1768275334546,Sunny,Day,0.133984375,100.0,4.0,23.65159600003608,auto
1768275334578,Sunny,Day,0.13268229166666667,100.0,3.0,22.938437999982852,auto
1768275334609,Sunny,Day,0.13463541666666667,100.0,3.0,22.45499600007861,auto
1768275334642,Sunny,Day,0.13502604166666668,100.0,2.0,24.268430000006447,auto
1768275334673,Sunny,Day,0.13311631944444444,100.0,2.0,22.472846000027857,auto
1768275334704,Sunny,Day,0.13532986111111112,100.0,2.0,18.598526000005222,auto
1768275334734,Sunny,Day,0.13793402777777777,100.0,2.0,20.828077000032863,auto
1768275334767,Sunny,Day,0.13680555555555557,100.0,2.0,22.44672000006176,auto
1768275334800,Sunny,Day,0.13745659722222223,100.0,1.0,25.232427999981155,auto
1768275334829,Sunny,Day,0.13858506944444443,100.0,2.0,19.73440999995546,auto
1768275334862,Sunny,Day,0.13958333333333334,100.0,1.0,23.945856999944226,auto
1768275334892,Sunny,Day,0.14058159722222222,100.0,2.0,20.984873999964293,auto
1768275334923,Sunny,Day,0.14049479166666667,100.0,2.0,19.73491000001104,auto
1768275334954,Sunny,Day,0.13967013888888888,100.0,2.0,22.72040900004413,auto
1768275334986,Sunny,Day,0.14114583333333333,100.0,1.0,23.22997800001758,auto
1768275335017,Sunny,Day,0.14361979166666666,100.0,2.0,22.384912000006807,auto
1768275335049,Sunny,Day,0.14557291666666666,100.0,1.0,22.95341899991854,auto
1768275335080,Sunny,Day,0.14457465277777778,100.0,1.0,23.044834000074843,auto
1768275335111,Sunny,Day,0.14574652777777777,100.0,2.0,22.59227699994426,auto
1768275335144,Sunny,Day,0.14839409722222222,100.0,1.0,24.59313299993937,auto
1768275335174,Sunny,Day,0.14813368055555556,100.0,1.0,21.401083999990078,auto
1768275335207,Sunny,Day,0.14683159722222222,100.0,1.0,24.57163600001877,auto
1768275335238,Sunny,Day,0.14401041666666667,100.0,1.0,22.262611999963156,auto
1768275335268,Sunny,Day,0.14457465277777778,100.0,1.0,21.562953999932688,auto
1768275335301,Sunny,Day,0.14518229166666666,100.0,1.0,23.805132999996204,auto
1768275335331,Sunny,Day,0.14223090277777778,100.0,1.0,21.509441000034712,auto
1768275335362,Sunny,Day,0.138671875,100.0,1.0,22.970825000015793,auto
1768275335394,Sunny,Day,0.13502604166666668,100.0,2.0,23.33941100005177,auto
1768275335425,Sunny,Day,0.14088541666666668,100.0,1.0,23.132175999990068,auto
1768275335457,Sunny,Day,0.13346354166666666,100.0,1.0,23.0060979999962,auto
1768275335488,Sunny,Day,0.12960069444444444,100.0,1.0,22.591443999999683,auto
1768275335522,Sunny,Day,0.12986111111111112,100.0,0.0,25.476584999978513,auto
1768275335551,Sunny,Day,0.13077256944444443,100.0,1.0,20.500931000015044,auto
1768275335582,Sunny,Day,0.1282986111111111,100.0,1.0,23.204426000006606,auto
1768275335615,Sunny,Day,0.12699652777777778,100.0,0.0,24.599002999934783,auto
1768275335646,Sunny,Day,0.12808159722222223,100.0,1.0,19.059639000033712,auto
1768275335677,Sunny,Day,0.12751736111111112,100.0,1.0,21.813220000012734,auto
1768275335708,Sunny,Day,0.13038194444444445,100.0,1.0,19.206381000003603,auto
1768275335739,Sunny,Day,0.1330295138888889,100.0,1.0,22.133515999939846,auto
1768275335770,Sunny,Day,0.1343315972222222,100.0,1.0,22.43051799996465,auto
1768275335802,Sunny,Day,0.13463541666666667,100.0,2.0,23.550849000002927,auto
1768275335833,Sunny,Day,0.13793402777777777,100.0,2.0,22.14727299997321,auto
1768275335864,Sunny,Day,0.14075520833333333,100.0,1.0,23.14824799998405,auto
1768275335896,Sunny,Day,0.142578125,100.0,0.0,23.281232000044838,auto
1768275335928,Sunny,Day,0.1423611111111111,100.0,1.0,21.888247999982013,auto
1768275335962,Sunny,Day,0.14296875,100.0,0.0,25.29456900003879,auto
1768275335991,Sunny,Day,0.14561631944444445,100.0,-1.0,19.090523000045323,auto
1768275336022,Sunny,Day,0.14418402777777778,100.0,0.0,22.733538000011322,auto
1768275336053,Sunny,Day,0.1469184027777778,100.0,0.0,22.132165000016357,auto
1768275336085,Sunny,Day,0.1501736111111111,100.0,1.0,22.47353200004909,auto
1768275336118,Sunny,Day,0.15073784722222222,100.0,0.0,22.959400999980062,auto
1768275336147,Sunny,Day,0.14852430555555557,100.0,1.0,20.810709999977917,auto
1768275336178,Sunny,Day,0.14657118055555557,100.0,0.0,23.735511999916525,auto
1768275336210,Sunny,Day,0.1484375,100.0,4.0,22.762739000086185,auto
1768275336241,Sunny,Day,0.15095486111111112,100.0,2.0,22.644141000000673,auto
1768275336272,Sunny,Day,0.1482638888888889,100.0,1.0,23.182985999937955,auto
1768275336305,Sunny,Day,0.1497829861111111,100.0,1.0,24.525122999989435,auto
1768275336336,Sunny,Day,0.14913194444444444,100.0,2.0,22.389931000020624,auto
1768275336368,Sunny,Day,0.148828125,100.0,2.0,22.45570099989891,auto
1768275336400,Sunny,Day,0.14561631944444445,100.0,0.0,24.0355510001109,auto
1768275336430,Sunny,Day,0.1467013888888889,100.0,1.0,20.806209999932435,auto
1768275336463,Sunny,Day,0.14683159722222222,100.0,-1.0,23.9464510000289,auto
1768275336493,Sunny,Day,0.1466579861111111,100.0,1.0,16.791721000004145,auto
1768275336524,Sunny,Day,0.14453125,100.0,-1.0,21.50473899996541,auto
1768275336555,Sunny,Day,0.14205729166666667,100.0,-1.0,22.999322000032407,auto
1768275336586,Sunny,Day,0.14288194444444444,100.0,0.0,21.791390999965188,auto
1768275336618,Sunny,Day,0.14357638888888888,100.0,1.0,22.19275100003415,auto
1768275336651,Sunny,Day,0.14340277777777777,100.0,2.0,24.41284100007124,auto
1768275336681,Sunny,Day,0.14292534722222222,100.0,0.0,21.708066999963194,auto
1768275336714,Sunny,Day,0.14231770833333332,100.0,1.0,24.73952399998325,auto
1768275336744,Sunny,Day,0.14353298611111112,100.0,1.0,21.028370000067298,auto
1768275336775,Sunny,Day,0.14366319444444445,100.0,1.0,22.769329999960064,auto
1768275336807,Sunny,Day,0.14227430555555556,100.0,2.0,22.20191599997179,auto
1768275336838,Sunny,Day,0.14127604166666666,100.0,-1.0,19.950866999920436,auto
1768275336873,Sunny,Day,0.1430121527777778,100.0,2.0,23.380794999980026,auto
1768275336901,Sunny,Day,0.14244791666666667,100.0,1.0,19.766555000046537,auto
1768275336932,Sunny,Day,0.14548611111111112,100.0,0.0,22.43698100005531,auto
1768275336963,Sunny,Day,0.14171006944444445,100.0,-1.0,17.943789000014476,auto
1768275336996,Sunny,Day,0.14353298611111112,100.0,2.0,23.993167999947218,auto
1768275337026,Sunny,Day,0.14188368055555556,100.0,-1.0,21.579934999977013,auto
1768275337058,Sunny,Day,0.14309895833333333,100.0,0.0,23.14387900003112,auto
1768275337089,Sunny,Day,0.14544270833333334,100.0,1.0,22.551856999939446,auto
1768275337121,Sunny,Day,0.1423611111111111,100.0,-1.0,23.42060599994511,auto
1768275337152,Sunny,Day,0.14557291666666666,100.0,-1.0,22.757777000038004,auto
1768275337184,Sunny,Day,0.14483506944444444,100.0,0.0,23.92402899999979,auto
1768275337217,Sunny,Day,0.14357638888888888,100.0,0.0,21.20453500003805,auto
1768275337247,Sunny,Day,0.1469184027777778,100.0,0.0,19.714673000066796,auto
1768275337279,Sunny,Day,0.14743923611111112,100.0,-16.0,19.609537999940585,auto
1768275337309,Sunny,Day,0.15164930555555556,100.0,0.0,20.7421999999724,auto
1768275337340,Sunny,Day,0.15186631944444445,100.0,-2.0,25.124978999997438,auto
1768275337371,Sunny,Day,0.1508246527777778,100.0,-2.0,23.41871800001627,auto
1768275337404,Sunny,Day,0.14583333333333334,100.0,1.0,24.623150000024907,auto
1768275337435,Sunny,Day,0.1517361111111111,100.0,-15.0,20.96976600000744,auto
1768275337466,Sunny,Day,0.1566840277777778,100.0,-1.0,21.620004000055815,auto
1768275337497,Sunny,Day,0.16145833333333334,100.0,-12.0,22.43999999996049,auto
1768275337528,Sunny,Day,0.1671875,100.0,-1.0,17.854188999990583,auto
1768275337559,Sunny,Day,0.16888020833333334,100.0,-13.0,22.399170999960916,auto
1768275337591,Sunny,Day,0.1664496527777778,100.0,-13.0,16.96662799997739,auto
1768275337622,Sunny,Day,0.1623263888888889,100.0,1.0,19.50832799991531,auto
1768275337654,Sunny,Day,0.158203125,100.0,-13.0,22.62370000005376,auto
1768275337686,Sunny,Day,0.1586371527777778,100.0,-10.0,21.052719000067555,auto
1768275337718,Sunny,Day,0.15243055555555557,100.0,-10.0,12.368965999939974,auto
1768275337749,Sunny,Day,0.150390625,100.0,-13.0,17.409019000069748,auto
1768275337780,Sunny,Day,0.13580729166666666,100.0,-10.0,20.853150000107235,auto
1768275337814,Sunny,Day,0.13572048611111112,100.0,-13.0,23.96061699994334,auto
1768275337846,Sunny,Day,0.13211805555555556,100.0,9.0,20.94597299992529,auto
1768275337873,Sunny,Day,0.13363715277777777,100.0,2.0,18.335372999899846,auto
1768275337907,Sunny,Day,0.14244791666666667,100.0,2.0,24.795684999958212,auto
1768275337937,Sunny,Day,0.15199652777777778,100.0,-6.0,14.46136699996714,auto
1768275337970,Sunny,Day,0.15494791666666666,100.0,9.0,19.394673999954648,auto
1768275338000,Sunny,Day,0.14756944444444445,100.0,9.0,18.79993000000013,auto
1768275338032,Sunny,Day,0.14140625,100.0,11.0,23.417755000082252,auto
1768275338063,Sunny,Day,0.13841145833333332,100.0,9.0,22.947273999989193,auto
1768275338094,Sunny,Day,0.14331597222222223,100.0,10.0,18.96781700008887,auto
1768275338125,Sunny,Day,0.13980034722222223,100.0,11.0,22.86085799994453,auto
1768275338157,Sunny,Day,0.1466579861111111,100.0,12.0,14.847487999986697,auto
1768275338188,Sunny,Day,0.13528645833333333,100.0,12.0,23.39618399992105,auto
1768275338220,Sunny,Day,0.12183159722222223,100.0,12.0,20.34648799997285,auto
1768275338250,Sunny,Day,0.11940104166666667,100.0,10.0,17.444422999915332,auto
1768275338283,Sunny,Day,0.12217881944444445,100.0,9.0,25.776791999987836,auto
1768275338315,Sunny,Day,0.11801215277777778,100.0,5.0,21.44648800003779,auto
1768275338346,Sunny,Day,0.11323784722222222,100.0,5.0,21.921746999964853,auto
1768275338377,Sunny,Day,0.11475694444444444,100.0,,21.94742899996527,auto
1768275338407,Sunny,Day,0.11749131944444445,100.0,8.0,18.58497399996395,auto
1768275338440,Sunny,Day,0.114453125,100.0,7.0,22.759777000032955,auto
1768275338470,Sunny,Day,0.10386284722222222,100.0,8.0,19.55295200002638,auto
1768275338505,Sunny,Day,0.10256076388888889,100.0,-12.0,26.425956000025508,auto
1768275338535,Sunny,Day,0.10147569444444444,100.0,-7.0,21.926819999976033,auto
1768275338566,Sunny,Day,0.10256076388888889,100.0,8.0,21.930691000079605,auto
1768275338598,Sunny,Day,0.09665798611111111,100.0,-6.0,21.429564000072787,auto
1768275338629,Sunny,Day,0.11223958333333334,100.0,-3.0,21.9972190000135,auto
1768275338661,Sunny,Day,0.12395833333333334,100.0,8.0,23.624416000075144,auto
1768275338691,Sunny,Day,0.12417534722222222,100.0,12.0,20.43949500000508,auto
1768275338721,Sunny,Day,0.13428819444444445,100.0,13.0,19.293093999976918,auto
1768275338754,Sunny,Day,0.13667534722222222,100.0,12.0,23.821596000061618,auto
1768275338787,Sunny,Day,0.13697916666666668,100.0,-2.0,23.321562999967682,auto
1768275338816,Sunny,Day,0.13346354166666666,100.0,11.0,20.446475999960967,auto
1768275338848,Sunny,Day,0.12964409722222223,100.0,-6.0,20.836559999906967,auto
1768275338879,Sunny,Day,0.13350694444444444,100.0,-4.0,21.84027500004504,auto
1768275338912,Sunny,Day,0.13094618055555557,100.0,-4.0,23.56170200005181,auto
1768275338942,Sunny,Day,0.1351996527777778,100.0,12.0,21.480687000007492,auto
1768275338974,Sunny,Day,0.13285590277777778,100.0,-4.0,22.348326000042107,auto
1768275339004,Sunny,Day,0.13836805555555556,100.0,13.0,21.51801599995906,auto
1768275339035,Sunny,Day,0.13936631944444444,100.0,-4.0,21.041758000023947,auto
1768275339068,Sunny,Day,0.141015625,100.0,-2.0,24.101915999949597,auto
1768275339099,Sunny,Day,0.13489583333333333,100.0,-5.0,22.22984100001213,auto
1768275339130,Sunny,Day,0.1304253472222222,100.0,-3.0,21.945910999988882,auto
1768275339161,Sunny,Day,0.13684895833333333,100.0,-4.0,23.167452999928173,auto
1768275339194,Sunny,Day,0.135546875,100.0,-3.0,24.070919999985563,auto
1768275339224,Sunny,Day,0.1332465277777778,100.0,-3.0,20.70785299997624,auto
1768275339256,Sunny,Day,0.12743055555555555,100.0,-3.0,22.754297000005863,auto
1768275339288,Sunny,Day,0.13072916666666667,100.0,-3.0,21.761655000091196,auto
1768275339320,Sunny,Day,0.12799479166666666,100.0,-2.0,21.692570000027445,auto
1768275339350,Sunny,Day,0.12447916666666667,100.0,-2.0,21.5467540000418,auto
1768275339381,Sunny,Day,0.12313368055555556,100.0,-1.0,22.795809999934136,auto
1768275339412,Sunny,Day,0.12278645833333333,100.0,-2.0,15.81842999996752,auto
1768275339443,Sunny,Day,0.12556423611111112,100.0,-1.0,23.119532000009713,auto
1768275339475,Sunny,Day,0.12504340277777778,100.0,-1.0,23.311546000059025,auto
1768275339507,Sunny,Day,0.12161458333333333,100.0,0.0,24.823072000003776,auto
1768275339538,Sunny,Day,0.12369791666666667,100.0,-1.0,22.17210599997088,auto
1768275339569,Sunny,Day,0.12026909722222222,100.0,-1.0,22.866117000035047,auto
1768275339602,Sunny,Day,0.12330729166666667,100.0,-1.0,24.395251999976608,auto
1768275339633,Sunny,Day,0.12122395833333334,100.0,0.0,18.60504600006152,auto
1768275339664,Sunny,Day,0.118359375,100.0,0.0,22.194622999904823,auto
1768275339698,Sunny,Day,0.12048611111111111,100.0,0.0,19.090506999987156,auto
1768275339730,Sunny,Day,0.12825520833333334,100.0,1.0,23.856722999994417,auto
1768275339757,Sunny,Day,0.12803819444444445,100.0,0.0,19.255672999975104,auto
1768275339789,Sunny,Day,0.1302517361111111,100.0,1.0,18.687629000055495,auto
1768275339821,Sunny,Day,0.13224826388888888,100.0,1.0,20.36469000006491,auto
1768275339852,Sunny,Day,0.1365017361111111,100.0,2.0,23.159878999990724,auto
1768275339884,Sunny,Day,0.13953993055555555,100.0,3.0,23.32450799997332,auto
1768275339915,Sunny,Day,0.1365451388888889,100.0,2.0,23.295232999998916,auto
1768275339946,Sunny,Day,0.13984375,100.0,24.0,22.509584999966137,auto
1768275339978,Sunny,Day,0.13949652777777777,100.0,2.0,19.860342000015407,auto
1768275340013,Sunny,Day,0.14140625,100.0,2.0,26.518556999917564,auto
1768275340041,Sunny,Day,0.13385416666666666,100.0,0.0,18.054296999935104,auto
1768275340074,Sunny,Day,0.13741319444444444,100.0,18.0,24.44163600000593,auto
1768275340104,Sunny,Day,0.14153645833333334,100.0,19.0,20.048136000013983,auto
1768275340137,Sunny,Day,0.14539930555555555,100.0,20.0,24.481945000047745,auto
1768275340166,Sunny,Day,0.13767361111111112,100.0,16.0,20.042192000005343,auto
1768275340199,Sunny,Day,0.14153645833333334,100.0,16.0,22.51014099999793,auto
1768275340228,Sunny,Day,0.12790798611111112,100.0,13.0,19.327330999999504,auto
1768275340260,Sunny,Day,0.13142361111111112,100.0,10.0,24.256601999923078,auto
1768275340291,Sunny,Day,0.12009548611111111,100.0,6.0,19.026182000061453,auto
1768275340324,Sunny,Day,0.11436631944444445,100.0,3.0,25.17090100002406,auto
1768275340355,Sunny,Day,0.113671875,100.0,-1.0,20.347303999983524,auto
1768275340388,Sunny,Day,0.116015625,100.0,-2.0,25.5167130000018,auto
1768275340420,Sunny,Day,0.11341145833333334,100.0,-1.0,23.037913000052868,auto
1768275340450,Sunny,Day,0.11176215277777778,100.0,0.0,15.668374000028962,auto
1768275340484,Sunny,Day,0.1130642361111111,100.0,2.0,21.251048999943123,auto
1768275340511,Sunny,Day,0.11640625,100.0,3.0,14.309071999946354,auto
1768275340545,Sunny,Day,0.11883680555555555,100.0,3.0,25.415317000010873,auto
1768275340573,Sunny,Day,0.11705729166666666,100.0,3.0,19.814515000007304,auto
1768275340608,Sunny,Day,0.11575520833333333,100.0,3.0,26.55703400000675,auto
1768275340638,Sunny,Day,0.11644965277777777,100.0,3.0,14.152071000012256,auto
1768275340668,Sunny,Day,0.11640625,100.0,3.0,21.61694999995234,auto
1768275340702,Sunny,Day,0.11514756944444444,100.0,3.0,23.444605999998203,auto
1768275340731,Sunny,Day,0.11358506944444445,100.0,3.0,18.249032999960946,auto
1768275340762,Sunny,Day,0.11263020833333333,100.0,3.0,23.181063000038193,auto
1768275340794,Sunny,Day,0.1111111111111111,100.0,3.0,24.3117989999746,auto
1768275340825,Sunny,Day,0.11284722222222222,100.0,4.0,21.993479999991905,auto
1768275340857,Sunny,Day,0.11232638888888889,100.0,3.0,16.662960000076055,auto
1768275340891,Sunny,Day,0.11124131944444444,100.0,4.0,25.94842099995276,auto
1768275340920,Sunny,Day,0.10677083333333333,100.0,4.0,19.57341299998916,auto
1768275340955,Sunny,Day,0.11041666666666666,100.0,4.0,22.956755999985035,auto
1768275340982,Sunny,Day,0.10863715277777777,100.0,4.0,17.856894000033208,auto
1768275341014,Sunny,Day,0.10620659722222223,100.0,4.0,22.34084700000949,auto
1768275341047,Sunny,Day,0.10256076388888889,100.0,6.0,24.260953999942103,auto
1768275341076,Sunny,Day,0.10768229166666667,100.0,6.0,19.235638999930416,auto
1768275341108,Sunny,Day,0.10499131944444444,100.0,6.0,17.242355999997017,auto
1768275341140,Sunny,Day,0.10368923611111111,100.0,7.0,22.97401299995272,auto
1768275341170,Sunny,Day,0.09813368055555556,100.0,7.0,21.838442999978724,auto
1768275341203,Sunny,Day,0.10026041666666667,100.0,7.0,23.046874999977263,auto
1768275341233,Sunny,Day,0.098828125,100.0,7.0,17.913332000034643,auto
1768275341266,Sunny,Day,0.09565972222222222,100.0,7.0,23.2203920000984,auto
1768275341298,Sunny,Day,0.09348958333333333,100.0,8.0,21.287490000077014,auto
1768275341328,Sunny,Day,0.09600694444444445,100.0,9.0,20.924235999927987,auto
1768275341361,Sunny,Day,0.0915798611111111,100.0,9.0,16.75441299994418,auto
1768275341391,Sunny,Day,0.09296875,100.0,9.0,21.628006000014466,auto
1768275341422,Sunny,Day,0.08849826388888889,100.0,9.0,23.72834999994211,auto
1768275341455,Sunny,Day,0.08953993055555555,100.0,9.0,24.748599999952603,auto
1768275341485,Sunny,Day,0.08884548611111111,100.0,9.0,19.200049999994917,auto
1768275341517,Sunny,Day,0.08563368055555555,100.0,8.0,18.77200899991749,auto
1768275341549,Sunny,Day,0.08368055555555555,100.0,8.0,23.092405999932453,auto
1768275341579,Sunny,Day,0.08064236111111112,100.0,7.0,20.108869000068808,auto
1768275341611,Sunny,Day,0.07877604166666667,100.0,7.0,23.4443659999215,auto
1768275341643,Sunny,Day,0.08116319444444445,100.0,7.0,23.635360999946897,auto
1768275341672,Sunny,Day,0.08233506944444445,100.0,7.0,20.641417999968326,auto
1768275341706,Sunny,Day,0.08003472222222222,100.0,7.0,23.704076000058194,auto
1768275341736,Sunny,Day,0.07799479166666666,100.0,7.0,19.398008999928606,auto
1768275341769,Sunny,Day,0.08094618055555555,100.0,6.0,25.26118800005861,auto
1768275341798,Sunny,Day,0.07708333333333334,100.0,6.0,19.935445999976764,auto
1768275341831,Sunny,Day,0.07821180555555556,100.0,6.0,19.911041000000296,auto
1768275341865,Sunny,Day,0.0740017361111111,100.0,6.0,26.184227000044302,auto
1768275341893,Sunny,Day,0.07803819444444444,100.0,6.0,18.561459000011382,auto
1768275341924,Sunny,Day,0.07673611111111112,100.0,6.0,21.23779199996534,auto
1768275341956,Sunny,Day,0.07808159722222222,100.0,7.0,23.268904000019575,auto
1768275341986,Sunny,Day,0.07486979166666667,100.0,7.0,17.469570000002932,auto
1768275342018,Sunny,Day,0.0765625,100.0,7.0,24.440117999915856,auto
1768275342050,Sunny,Day,0.07426215277777778,100.0,7.0,22.6758260000679,auto
1768275342081,Sunny,Day,0.07491319444444444,100.0,6.0,22.21815800010063,auto
1768275342112,Sunny,Day,0.07243923611111111,100.0,7.0,23.53955900002802,auto
1768275342144,Sunny,Day,0.0744357638888889,100.0,6.0,14.141666000000441,auto
1768275342178,Sunny,Day,0.07335069444444445,100.0,6.0,25.7336329999589,auto
1768275342208,Sunny,Day,0.07426215277777778,100.0,6.0,20.9597880000274,auto
1768275342236,Sunny,Day,0.0779079861111111,100.0,6.0,19.59543099997063,auto
1768275342267,Sunny,Day,0.077734375,100.0,6.0,24.101029000007657,auto
1768275342298,Sunny,Day,0.07734375,100.0,6.0,16.428229999974064,auto
1768275342331,Sunny,Day,0.08081597222222223,100.0,6.0,25.39011799990476,auto
1768275342361,Sunny,Day,0.07730034722222222,100.0,6.0,22.199844999931884,auto
1768275342393,Sunny,Day,0.07200520833333333,100.0,6.0,23.905441000010796,auto
1768275342424,Sunny,Day,0.07604166666666666,100.0,6.0,24.21945899993716,auto
1768275342455,Sunny,Day,0.07452256944444445,100.0,6.0,22.82473500008564,auto
1768275342487,Sunny,Day,0.07200520833333333,100.0,6.0,24.55008699996597,auto
1768275342520,Sunny,Day,0.07647569444444445,100.0,7.0,26.41342300000815,auto
1768275342551,Sunny,Day,0.07582465277777778,100.0,7.0,24.745212000084393,auto
1768275342583,Sunny,Day,0.07517361111111111,100.0,7.0,25.301276000050166,auto
1768275342612,Sunny,Day,0.07526041666666666,100.0,7.0,22.87528499994096,auto
1768275342645,Sunny,Day,0.075,100.0,7.0,26.151712999990195,auto
1768275342676,Sunny,Day,0.075,100.0,7.0,24.02977799999917,auto
1768275342707,Sunny,Day,0.07934027777777777,100.0,7.0,23.1314029999794,auto
1768275342739,Sunny,Day,0.07369791666666667,100.0,7.0,22.74916999999732,auto
1768275342769,Sunny,Day,0.0740017361111111,100.0,7.0,17.17458699999952,auto
1768275342801,Sunny,Day,0.07222222222222222,100.0,7.0,24.84084899992922,auto
1768275342834,Sunny,Day,0.075,100.0,7.0,26.159139000014875,auto
1768275342864,Sunny,Day,0.073828125,100.0,7.0,23.96343399993839,auto
1768275342895,Sunny,Day,0.07361111111111111,100.0,7.0,18.70122100001481,auto
1768275342926,Sunny,Day,0.07269965277777778,100.0,7.0,24.020742000061546,auto
1768275342958,Sunny,Day,0.076953125,100.0,7.0,23.252813999988575,auto
1768275342991,Sunny,Day,0.07369791666666667,100.0,7.0,23.958934999996018,auto
1768275343021,Sunny,Day,0.07365451388888888,100.0,8.0,22.351420999939364,auto
1768275343054,Sunny,Day,0.07547743055555556,100.0,8.0,26.611548000005314,auto
1768275343083,Sunny,Day,0.07309027777777778,100.0,8.0,23.005177000072763,auto
1768275343115,Sunny,Day,0.07664930555555556,100.0,8.0,19.22958500006189,auto
1768275343148,Sunny,Day,0.07395833333333333,100.0,8.0,26.476564999939,auto
1768275343178,Sunny,Day,0.07126736111111111,100.0,8.0,20.724131999941164,auto
1768275343209,Sunny,Day,0.07239583333333334,100.0,9.0,24.78039400000398,auto
1768275343242,Sunny,Day,0.07534722222222222,100.0,9.0,24.927858000069136,auto
1768275343272,Sunny,Day,0.07209201388888889,100.0,9.0,20.17604799993933,auto
1768275343304,Sunny,Day,0.06818576388888889,100.0,9.0,25.472755999999208,auto
1768275343335,Sunny,Day,0.07256944444444445,100.0,9.0,23.826172999974915,auto
1768275343367,Sunny,Day,0.07109375,100.0,9.0,25.639367000053426,auto
1768275343400,Sunny,Day,0.07417534722222222,100.0,8.0,25.90907600006176,auto
1768275343429,Sunny,Day,0.07105034722222223,100.0,8.0,21.150174000013067,auto
1768275343462,Sunny,Day,0.06935763888888889,100.0,9.0,27.00831599997855,auto
1768275343492,Sunny,Day,0.07261284722222222,100.0,10.0,23.233892000007472,auto
1768275343523,Sunny,Day,0.07473958333333333,100.0,10.0,19.302743000025657,auto
1768275343554,Sunny,Day,0.07191840277777778,100.0,9.0,24.641855000027135,auto
1768275343586,Sunny,Day,0.07252604166666667,100.0,10.0,25.051788000041597,auto
1768275343617,Sunny,Day,0.0765625,100.0,10.0,24.85668099996019,auto
1768275343649,Sunny,Day,0.07703993055555555,100.0,10.0,24.276119999967705,auto
1768275343680,Sunny,Day,0.07608506944444444,100.0,10.0,24.810075999994297,auto
1768275343711,Sunny,Day,0.07222222222222222,100.0,9.0,25.111040000069806,auto
1768275343743,Sunny,Day,0.07317708333333334,100.0,9.0,23.970064000081948,auto
1768275343774,Sunny,Day,0.07534722222222222,100.0,8.0,18.820559999994657,auto
1768275343809,Sunny,Day,0.072265625,100.0,7.0,28.272555999933502,auto
1768275343837,Sunny,Day,0.07144097222222222,100.0,7.0,18.69013099997119,auto
1768275343869,Sunny,Day,0.07369791666666667,100.0,8.0,25.375009999947906,auto
1768275343901,Sunny,Day,0.07517361111111111,100.0,8.0,25.087357999950655,auto
1768275343931,Sunny,Day,0.07335069444444445,100.0,9.0,17.933016000029056,auto
1768275343965,Sunny,Day,0.07469618055555556,100.0,8.0,26.851390000047104,auto
1768275343996,Sunny,Day,0.07000868055555555,100.0,8.0,24.99175799994191,auto
1768275344026,Sunny,Day,0.07313368055555555,100.0,7.0,22.6764760000151,auto
1768275344057,Sunny,Day,0.07352430555555556,100.0,8.0,23.211189999983617,auto
1768275344090,Sunny,Day,0.07239583333333334,100.0,6.0,18.735718000016277,auto
1768275344120,Sunny,Day,0.06827256944444444,100.0,6.0,21.996833999992305,auto
1768275344151,Sunny,Day,0.0671875,100.0,7.0,24.775006000027133,auto
1768275344183,Sunny,Day,0.067578125,100.0,7.0,24.94085700004689,auto
1768275344218,Sunny,Day,0.06922743055555555,100.0,7.0,24.660186000005524,auto
1768275344245,Sunny,Day,0.07300347222222223,100.0,8.0,19.73382300002413,auto
1768275344277,Sunny,Day,0.069140625,100.0,7.0,23.44681199997467,auto
1768275344308,Sunny,Day,0.07013888888888889,100.0,6.0,24.21708999997918,auto
1768275344339,Sunny,Day,0.07469618055555556,100.0,9.0,24.851663999925222,auto
1768275344372,Sunny,Day,0.0700954861111111,100.0,8.0,26.72038799994425,auto
1768275344402,Sunny,Day,0.07330729166666666,100.0,9.0,22.31235200008541,auto
1768275344434,Sunny,Day,0.07092013888888889,100.0,9.0,23.548633000018526,auto
1768275344465,Sunny,Day,0.07161458333333333,100.0,11.0,24.139785000102165,auto
1768275344496,Sunny,Day,0.0681423611111111,100.0,11.0,24.81513099996846,auto
1768275344529,Sunny,Day,0.0685763888888889,100.0,10.0,18.69661199998518,auto
1768275344559,Sunny,Day,0.06375868055555556,100.0,11.0,18.912993999947503,auto
1768275344592,Sunny,Day,0.07261284722222222,100.0,,26.26603399994565,auto
1768275344623,Sunny,Day,0.06640625,100.0,,23.962656999970022,auto
1768275344653,Sunny,Day,0.07096354166666667,100.0,10.0,22.941425999988496,auto
1768275344686,Sunny,Day,0.06215277777777778,100.0,,23.567130000060388,auto
1768275344716,Sunny,Day,0.05872395833333333,100.0,9.0,23.80628700007037,auto
1768275344747,Sunny,Day,0.06506076388888889,100.0,,22.886081000024205,auto
1768275344780,Sunny,Day,0.06015625,100.0,,25.594058000024233,auto
1768275344810,Sunny,Day,0.052300347222222224,100.0,,21.3809989999163,auto
1768275344842,Sunny,Day,0.06410590277777778,100.0,,24.8107989999653,auto
1768275344873,Sunny,Day,0.06397569444444444,100.0,,24.62261700009094,auto
1768275344904,Sunny,Day,0.06592881944444444,100.0,,24.46919099998013,auto
1768275344938,Sunny,Day,0.060807291666666666,100.0,,29.066723000028105,auto
1768275344967,Sunny,Day,0.06150173611111111,100.0,,22.045402000003378,auto
1768275344998,Sunny,Day,0.06987847222222222,100.0,,24.612377000039487,auto
1768275345031,Sunny,Day,0.07039930555555556,100.0,,25.51819699999669,auto
1768275345063,Sunny,Day,0.06640625,100.0,,24.585899999920002,auto
1768275345096,Sunny,Day,0.06731770833333334,100.0,,26.320362000092246,auto
1768275345125,Sunny,Day,0.06597222222222222,100.0,,21.972318999928575,auto
1768275345156,Sunny,Day,0.06736111111111111,100.0,-27.0,24.1130480000038,auto
1768275345188,Sunny,Day,0.05828993055555556,100.0,30.0,21.604862000003777,auto
1768275345219,Sunny,Day,0.05590277777777778,100.0,29.0,23.872039000025325,auto
1768275345250,Sunny,Day,0.05572916666666667,100.0,37.0,24.404938999964543,auto
1768275345281,Sunny,Day,0.05091145833333333,100.0,40.0,24.449359999948683,auto
1768275345313,Sunny,Day,0.040928819444444445,81.85763888888889,38.0,24.63791200000287,auto
1768275345346,Sunny,Day,0.03810763888888889,76.21527777777779,35.0,26.564814000039405,auto
1768275345375,Sunny,Day,0.04631076388888889,92.62152777777779,,22.33801600004881,auto
1768275345407,Sunny,Day,0.04626736111111111,92.53472222222223,,25.258764000000156,auto
1768275345441,Sunny,Day,0.04552951388888889,91.05902777777777,,27.727139999910833,auto
1768275345470,Sunny,Day,0.04700520833333333,94.01041666666667,,21.067702999971516,auto
1768275345501,Sunny,Day,0.05134548611111111,100.0,,24.747232999970947,auto
1768275345532,Sunny,Day,0.05221354166666667,100.0,,24.045166999940193,auto
1768275345564,Sunny,Day,0.05381944444444445,100.0,,23.224596999966707,auto
1768275345596,Sunny,Day,0.039887152777777775,79.77430555555554,,25.37619600002472,auto
1768275345626,Sunny,Day,0.03997395833333333,79.94791666666666,,24.386441000046943,auto
1768275345658,Sunny,Day,0.03962673611111111,79.25347222222221,,24.925877999976365,auto
1768275345689,Sunny,Day,0.046961805555555555,93.92361111111111,,24.98650000006819,auto
1768275345721,Sunny,Day,0.03797743055555555,75.9548611111111,,24.094976000014867,auto
1768275345752,Sunny,Day,0.0265625,53.125,,24.472523999975238,auto
1768275345783,Sunny,Day,0.03619791666666667,72.39583333333334,,24.72530900001857,auto
1768275345815,Sunny,Day,0.04153645833333333,83.07291666666666,,25.045586000032927,auto
1768275345848,Sunny,Day,0.031684027777777776,63.36805555555555,,26.36702300003435,auto
1768275345878,Sunny,Day,0.029513888888888888,59.02777777777778,,23.976693999998133,auto
1768275345909,Sunny,Day,0.028993055555555557,57.986111111111114,,24.10578899991833,auto
1768275345940,Sunny,Day,0.025173611111111112,50.34722222222222,,23.18934199990963,auto
1768275345972,Sunny,Day,0.019140625,38.28125,,23.65284299992254,auto
1768275346003,Sunny,Day,0.015494791666666667,30.989583333333336,,23.485714999992524,auto
1768275346035,Sunny,Day,0.015494791666666667,30.989583333333336,,24.93695199996182,auto
1768275346066,Sunny,Day,0.012673611111111111,25.34722222222222,,25.238452999928995,auto
1768275346097,Sunny,Day,0.017621527777777778,35.24305555555556,,24.220406999916122,auto
1768275346129,Sunny,Day,0.012890625,25.78125,,24.158134999993308,auto
1768275346160,Sunny,Day,0.017838541666666666,35.67708333333333,,24.4902079999747,auto
1768275346191,Sunny,Day,0.01640625,32.8125,,24.645022999948196,auto
1768275346223,Sunny,Day,0.017057291666666665,34.11458333333333,,24.69683200001782,auto
1768275346256,Sunny,Day,0.01775173611111111,35.50347222222222,,25.08287900002415,auto
1768275346288,Sunny,Day,0.017795138888888888,35.59027777777778,,23.933681000016804,auto
1768275346317,Sunny,Day,0.015625,31.25,,22.49925700004951,auto
1768275346348,Sunny,Day,0.02087673611111111,41.75347222222222,,24.525722000021233,auto
1768275346380,Sunny,Day,0.016927083333333332,33.854166666666664,,26.419072999942728,auto
1768275346415,Sunny,Day,0.01623263888888889,32.46527777777778,,28.995120999979918,auto
1768275346443,Sunny,Day,0.013802083333333333,27.604166666666664,,20.978603000003204,auto
1768275346474,Sunny,Day,0.018098958333333335,36.19791666666667,,24.40408799998295,auto
1768275346505,Sunny,Day,0.01875,37.5,,24.931470999945304,auto
1768275346537,Sunny,Day,0.01935763888888889,38.71527777777778,,24.957671000038317,auto
1768275346568,Sunny,Day,0.015755208333333333,31.510416666666664,,24.992518999965796,auto
1768275346600,Sunny,Day,0.01740451388888889,34.80902777777778,,24.069332000067334,auto
1768275346631,Sunny,Day,0.024131944444444445,48.26388888888889,,25.107839000042986,auto
1768275346664,Sunny,Day,0.020920138888888887,41.84027777777777,,26.2057840000125,auto
1768275346694,Sunny,Day,0.018880208333333332,37.760416666666664,,25.091026000040983,auto
1768275346725,Sunny,Day,0.017100694444444446,34.20138888888889,,22.736229999964053,auto
1768275346758,Sunny,Day,0.020008680555555554,40.01736111111111,,26.2029689999963,auto
1768275346792,Sunny,Day,0.021701388888888888,43.40277777777778,,26.854096000079153,auto
1768275346819,Sunny,Day,0.018663194444444444,37.326388888888886,,21.107699000026514,auto
1768275346851,Sunny,Day,0.017881944444444443,35.763888888888886,,24.887569000043186,auto
1768275346886,Sunny,Day,0.018098958333333335,36.19791666666667,,28.89746699997886,auto
1768275346914,Sunny,Day,0.02378472222222222,47.56944444444444,,21.11693799997738,auto
1768275346945,Sunny,Day,0.01953125,39.0625,,24.033964999944146,auto
1768275346976,Sunny,Day,0.018489583333333334,36.979166666666664,,24.82529799999611,auto
1768275347008,Sunny,Day,0.026779513888888887,53.55902777777777,,24.298248999912175,auto
1768275347041,Sunny,Day,0.029991319444444445,59.98263888888889,,26.01923200006695,auto
1768275347072,Sunny,Day,0.025303819444444445,50.60763888888889,,24.376517999940006,auto
1768275347102,Sunny,Day,0.02816840277777778,56.33680555555556,,17.872801999942567,auto
1768275347134,Sunny,Day,0.028819444444444446,57.63888888888889,,25.40117499995631,auto
1768275347165,Sunny,Day,0.03315972222222222,66.31944444444444,,23.847339999974793,auto
1768275347196,Sunny,Day,0.031336805555555555,62.67361111111111,,24.9374520000174,auto
1768275347231,Sunny,Day,0.03185763888888889,63.71527777777777,,28.474664999976085,auto
1768275347263,Sunny,Day,0.029600694444444443,59.201388888888886,,22.645499999953245,auto
1768275347294,Sunny,Day,0.03641493055555556,72.82986111111111,,21.16528500005188,auto
1768275347324,Sunny,Day,0.03420138888888889,68.40277777777779,,20.8048270000063,auto
1768275347357,Sunny,Day,0.03502604166666667,70.05208333333333,,24.813003999952343,auto
1768275347388,Sunny,Day,0.03671875,73.4375,,22.5471410000182,auto
1768275347418,Sunny,Day,0.039149305555555555,78.29861111111111,,21.549257999936344,auto
1768275347450,Sunny,Day,0.04105902777777778,82.11805555555556,,23.95021600000291,auto
1768275347483,Sunny,Day,0.038237847222222225,76.47569444444446,,24.267549000001054,auto
1768275347512,Sunny,Day,0.036458333333333336,72.91666666666667,,20.385394999948403,auto
1768275347545,Sunny,Day,0.039539930555555554,79.07986111111111,,24.524555999960285,auto
1768275347577,Sunny,Day,0.04201388888888889,84.02777777777779,,22.76872499999172,auto
1768275347607,Sunny,Day,0.04210069444444445,84.2013888888889,,21.850352000001294,auto
1768275347638,Sunny,Day,0.04114583333333333,82.29166666666667,,22.318482000059703,auto
1768275347670,Sunny,Day,0.04223090277777778,84.46180555555556,,23.425834000022405,auto
1768275347701,Sunny,Day,0.046397569444444446,92.79513888888889,,21.311989999958314,auto
1768275347733,Sunny,Day,0.048394097222222224,96.78819444444444,,22.736266999913823,auto
1768275347765,Sunny,Day,0.04592013888888889,91.84027777777779,,23.405854999964504,auto
1768275347796,Sunny,Day,0.04027777777777778,80.55555555555556,,22.752265000008265,auto
1768275347827,Sunny,Day,0.050347222222222224,100.0,,23.298404000001938,auto
1768275347859,Sunny,Day,0.05308159722222222,100.0,,23.41072499996244,auto
1768275347891,Sunny,Day,0.04796006944444445,95.9201388888889,,21.56412699991961,auto
1768275347921,Sunny,Day,0.04852430555555556,97.04861111111111,,20.942699999977776,auto
1768275347954,Sunny,Day,0.04878472222222222,97.56944444444444,,23.20113799999035,auto
1768275347984,Sunny,Day,0.045355902777777776,90.71180555555556,,21.071480999921732,auto
1768275348016,Sunny,Day,0.04188368055555555,83.7673611111111,,22.926225999981398,auto
1768275348046,Sunny,Day,0.04197048611111111,83.94097222222221,,21.17272899999989,auto
1768275348077,Sunny,Day,0.03741319444444444,74.82638888888889,,22.19581199994991,auto
1768275348109,Sunny,Day,0.04969618055555555,99.3923611111111,,23.5019919999786,auto
1768275348141,Sunny,Day,0.039887152777777775,79.77430555555554,,23.20778600005724,auto
1768275348172,Sunny,Day,0.03854166666666667,77.08333333333334,,17.303572999935568,auto
1768275348205,Sunny,Day,0.04118923611111111,82.37847222222221,,24.601398999948287,auto
1768275348234,Sunny,Day,0.04327256944444444,86.54513888888889,,20.0750069999458,auto
1768275348266,Sunny,Day,0.03511284722222222,70.22569444444444,,23.673137999935534,auto
1768275348298,Sunny,Day,0.030555555555555555,61.11111111111111,,23.243225999976858,auto
1768275348329,Sunny,Day,0.030338541666666666,60.677083333333336,,22.198515000013685,auto
1768275348361,Sunny,Day,0.03424479166666667,68.48958333333334,,24.134547000016937,auto
1768275348391,Sunny,Day,0.03428819444444445,68.5763888888889,,19.988108999996257,auto
1768275348425,Sunny,Day,0.026432291666666666,52.864583333333336,,25.19851399995332,auto
1768275348455,Sunny,Day,0.027430555555555555,54.86111111111111,,21.557368999992832,auto
1768275348487,Sunny,Day,0.03372395833333333,67.44791666666666,,20.535675000019182,auto
1768275348519,Sunny,Day,0.02699652777777778,53.99305555555556,,22.513237999987723,auto
1768275348548,Sunny,Day,0.023307291666666667,46.614583333333336,,20.57096700002603,auto
1768275348579,Sunny,Day,0.022960069444444446,45.92013888888889,,23.093225000025086,auto
1768275348611,Sunny,Day,0.019574652777777778,39.14930555555556,,23.987619999957133,auto
1768275348643,Sunny,Day,0.023394097222222222,46.78819444444444,,23.845265999966614,auto
1768275348675,Sunny,Day,0.023567708333333333,47.135416666666664,,22.58822900000723,auto
1768275348707,Sunny,Day,0.019487847222222222,38.97569444444444,,23.693561999948543,auto
1768275348736,Sunny,Day,0.012152777777777778,24.305555555555557,,20.382804000064425,auto
1768275348768,Sunny,Day,0.008984375,17.96875,,23.485233999963384,auto
1768275348801,Sunny,Day,0.01892361111111111,37.84722222222222,,21.436105999896427,auto
1768275348831,Sunny,Day,0.0140625,28.125,,20.352752000007968,auto
1768275348862,Sunny,Day,0.010112847222222223,20.225694444444446,,22.910654000042996,auto
1768275348895,Sunny,Day,0.006857638888888889,13.715277777777777,,24.41677299998446,auto
1768275348927,Sunny,Day,0.011979166666666667,23.958333333333336,,22.67981099998906,auto
1768275348956,Sunny,Day,0.016319444444444445,32.63888888888889,,20.970233999946686,auto
1768275348988,Sunny,Day,0.013932291666666667,27.864583333333336,,23.31449500002236,auto
1768275349020,Sunny,Day,0.006032986111111111,12.065972222222223,,23.02391900002476,manual
1768275349052,Sunny,Day,0.01310763888888889,26.21527777777778,,14.048678999984077,manual
1768275349082,Sunny,Day,0.01662326388888889,33.24652777777778,,21.62676900002225,manual
1768275349121,Sunny,Day,0.010199652777777778,20.399305555555557,,29.13694000005762,manual
1768275349145,Sunny,Day,0.0064670138888888885,12.934027777777777,,15.84041299997807,manual
1768275349176,Sunny,Day,0.003168402777777778,6.336805555555555,,22.933225999963724,manual
1768275349208,Sunny,Day,0.007899305555555555,15.79861111111111,,23.757294999995793,manual
1768275349239,Sunny,Day,0.010199652777777778,20.399305555555557,,27.00737600002867,auto
1768275349270,Sunny,Day,0.005295138888888889,10.590277777777779,,18.434829999932845,auto
1768275349302,Sunny,Day,0.00390625,7.8125,,22.78083700002753,auto
1768275349333,Sunny,Day,0.007335069444444444,14.67013888888889,,23.06526600000325,auto
1768275349364,Sunny,Day,0.008246527777777778,16.493055555555557,,22.050700000022516,auto
1768275349396,Sunny,Day,0.006423611111111111,12.847222222222221,,22.86777099993742,auto
1768275349428,Sunny,Day,0.0046875,9.375,,23.048767999966913,auto
1768275349459,Sunny,Day,0.009809027777777778,19.618055555555554,,21.74075499999617,auto
1768275349490,Sunny,Day,0.008506944444444444,17.013888888888886,,23.645901999998387,auto
1768275349524,Sunny,Day,0.003081597222222222,6.163194444444445,,24.49828199996773,auto
1768275349553,Sunny,Day,0.0036024305555555558,7.204861111111112,,19.560864000027323,auto
1768275349584,Sunny,Day,0.006553819444444445,13.10763888888889,,22.95740800002477,auto
1768275349616,Sunny,Day,0.007074652777777778,14.149305555555555,,23.262798000018847,auto
1768275349649,Sunny,Day,0.012152777777777778,24.305555555555557,,23.19610200004263,auto
1768275349679,Sunny,Day,0.006163194444444444,12.32638888888889,,21.299788999954217,auto
1768275349711,Sunny,Day,0.004210069444444444,8.42013888888889,,23.210081999991417,auto
1768275349743,Sunny,Day,0.011328125,22.65625,,22.60893099992245,auto
1768275349772,Sunny,Day,0.01662326388888889,33.24652777777778,,15.82341499999984,auto
1768275349804,Sunny,Day,0.010894097222222222,21.788194444444443,,23.116371000014624,auto
1768275349835,Sunny,Day,0.011501736111111112,23.003472222222225,,22.493536999945718,auto
1768275349867,Sunny,Day,0.00546875,10.9375,,20.072358999982498,auto
1768275349898,Sunny,Day,0.012022569444444445,24.04513888888889,,23.668843999985256,auto
1768275349933,Sunny,Day,0.012847222222222222,25.694444444444443,,22.264212999971278,auto
1768275349961,Sunny,Day,0.002994791666666667,5.989583333333334,,21.95087899997361,manual
1768275349995,Sunny,Day,0.0007378472222222222,1.4756944444444444,,22.132710000050793,manual
1768275350024,Sunny,Day,0.012543402777777778,25.086805555555557,,20.308997999904932,manual
1768275350057,Sunny,Day,0.009765625,19.53125,,24.485191999929157,manual
1768275350087,Sunny,Day,0.005164930555555555,10.32986111111111,,20.989695999901414,manual
1768275350119,Sunny,Day,0.0026041666666666665,5.208333333333333,,23.27018699998007,manual
1768275350151,Sunny,Day,0.004036458333333334,8.072916666666668,,22.398920000000544,manual
1768275350181,Sunny,Day,0.008897569444444444,17.79513888888889,,21.597643000063727,manual
1768275350212,Sunny,Day,0.004036458333333334,8.072916666666668,,23.35106700002143,manual
1768275350245,Sunny,Day,0.000390625,0.78125,,24.394072999939453,manual
1768275350275,Sunny,Day,0.0015625,3.125,,25.417638000021725,manual
1768275350307,Sunny,Day,0.005902777777777778,11.805555555555555,,18.934307999984412,manual
1768275350339,Sunny,Day,0.005338541666666667,10.677083333333334,,19.861717000026147,manual
1768275350374,Sunny,Day,0.0,0.0,,26.246429000025273,manual
1768275350401,Sunny,Day,0.0008680555555555555,1.736111111111111,,18.401334000031966,manual
1768275350431,Sunny,Day,0.004383680555555556,8.76736111111111,,17.905818000031104,manual
1768275350463,Sunny,Day,0.0034288194444444444,6.857638888888888,,23.016919999918173,manual
1768275350494,Sunny,Day,0.0008680555555555555,1.736111111111111,,20.287186000018664,manual
1768275350527,Sunny,Day,0.0,0.0,,24.751568000056068,manual
1768275350558,Sunny,Day,0.0016927083333333334,3.385416666666667,,21.813375999954587,manual
1768275350590,Sunny,Day,0.0036024305555555558,7.204861111111112,,20.05467599997246,manual
1768275350622,Sunny,Day,0.00026041666666666666,0.5208333333333334,,22.005003000003853,manual
1768275350652,Sunny,Day,0.000390625,0.78125,,22.45443099991462,manual
1768275350683,Sunny,Day,0.0005208333333333333,1.0416666666666667,,23.234282999965217,manual
1768275350715,Sunny,Day,0.0037760416666666667,7.552083333333333,,21.87857299998086,manual
1768275350748,Sunny,Day,0.0016493055555555556,3.298611111111111,,25.38277200005723,manual
1768275350778,Sunny,Day,0.00026041666666666666,0.5208333333333334,,21.410016999993786,manual
1768275350811,Sunny,Day,0.000390625,0.78125,,24.619640000082654,manual
1768275350843,Sunny,Day,0.0013020833333333333,2.6041666666666665,,26.82038000000375,manual
1768275350873,Sunny,Day,0.00047743055555555554,0.954861111111111,,22.998441000027015,manual
1768275350903,Sunny,Day,0.0,0.0,,22.986256999956822,manual
1768275350935,Sunny,Day,0.0,0.0,,26.770848999944974,manual
1768275350967,Sunny,Day,0.0005208333333333333,1.0416666666666667,,16.38888600007249,manual
1768275350999,Sunny,Day,0.0,0.0,,23.883467000018754,manual
1768275351028,Sunny,Day,0.0,0.0,,16.416048999985833,manual
1768275351060,Sunny,Day,0.0,0.0,,27.495874999999614,manual
1768275351091,Sunny,Day,0.0,0.0,,24.629546000028313,manual
1768275351127,Sunny,Day,0.0010416666666666667,2.0833333333333335,,28.52429100005338,manual
1768275351156,Sunny,Day,0.0,0.0,,22.009076000017558,manual
1768275351189,Sunny,Day,0.0,0.0,,20.720005999919522,manual
1768275351218,Sunny,Day,0.0,0.0,,24.822653000001083,manual
1768275351248,Sunny,Day,0.0009982638888888888,1.9965277777777777,,20.34364300004654,manual
1768275351280,Sunny,Day,0.0,0.0,,25.18644300005235,manual
1768275351311,Sunny,Day,0.0,0.0,,25.070937999998932,manual
1768275351343,Sunny,Day,0.0,0.0,,20.084710999981326,manual
1768275351375,Sunny,Day,0.000390625,0.78125,,23.672176999980366,manual
1768275351406,Sunny,Day,0.0,0.0,,23.98158500000136,manual
1768275351437,Sunny,Day,0.000390625,0.78125,,24.818449999997938,manual
1768275351469,Sunny,Day,0.0,0.0,,24.747865999984242,manual
1768275351500,Sunny,Day,0.0,0.0,,24.93412100000114,manual
1768275351533,Sunny,Day,0.0,0.0,,21.482990999970752,manual
1768275351565,Sunny,Day,0.0,0.0,,28.6191879999933,manual
1768275351595,Sunny,Day,0.0048177083333333336,9.635416666666668,,21.62027000008493,manual
1768275351626,Sunny,Day,0.0033854166666666668,6.770833333333334,,20.781110000029912,manual
1768275351657,Sunny,Day,0.0013020833333333333,2.6041666666666665,,20.90248399997563,manual
1768275351688,Sunny,Day,0.0,0.0,,22.589767999988908,manual
1768275351720,Sunny,Day,0.0,0.0,,22.93130199996085,manual
1768275351749,Sunny,Day,0.0,0.0,,21.543132000033438,manual
1768275351780,Sunny,Day,0.0,0.0,,27.513040000030742,manual
1768275351811,Sunny,Day,0.0,0.0,,23.312977999921713,manual
1768275351843,Sunny,Day,0.0,0.0,,25.227623000091626,manual
1768275351874,Sunny,Day,0.0,0.0,,28.223233999938202,manual
1768275351905,Sunny,Day,0.0006944444444444445,1.3888888888888888,,26.239190000069357,manual
1768275351939,Sunny,Day,0.0015625,3.125,,29.20032299994091,manual
1768275351968,Sunny,Day,0.0009114583333333333,1.8229166666666667,,24.381983000012042,manual
1768275352000,Sunny,Day,0.004383680555555556,8.76736111111111,,23.180290000027526,manual
1768275352031,Sunny,Day,0.0005208333333333333,1.0416666666666667,,28.303207000021757,manual
1768275352063,Sunny,Day,0.0020833333333333333,4.166666666666667,,26.411633000066104,manual
1768275352094,Sunny,Day,0.002126736111111111,4.253472222222221,,22.97979699994812,manual
1768275352125,Sunny,Day,0.0012152777777777778,2.430555555555556,,27.841650000027585,manual
1768275352157,Sunny,Day,0.000390625,0.78125,,22.87138299993785,manual
1768275352188,Sunny,Day,0.0018229166666666667,3.6458333333333335,,28.345109000042612,manual
1768275352219,Sunny,Day,0.00026041666666666666,0.5208333333333334,,26.26400199994805,manual
1768275352252,Sunny,Day,0.0,0.0,,27.749030999984825,manual
1768275352283,Sunny,Day,0.0005208333333333333,1.0416666666666667,,22.908896999979333,manual
1768275352314,Sunny,Day,0.0,0.0,,27.359113999978035,manual
1768275352345,Sunny,Day,0.0,0.0,,22.85449599992262,manual
1768275352376,Sunny,Day,0.000390625,0.78125,,27.86011000000599,manual
1768275352408,Sunny,Day,0.000390625,0.78125,,26.114204999998947,manual
1768275352439,Sunny,Day,0.0008246527777777778,1.6493055555555556,,22.654020000004493,manual
1768275352471,Sunny,Day,0.0,0.0,,28.558472999975493,manual
1768275352502,Sunny,Day,0.00026041666666666666,0.5208333333333334,,26.51502799994887,manual
1768275352533,Sunny,Day,0.0,0.0,,26.066229999969437,manual
1768275352565,Sunny,Day,0.0,0.0,,27.046298999948704,manual
1768275352597,Sunny,Day,0.0,0.0,,26.576706000014383,manual
1768275352628,Sunny,Day,0.0,0.0,,25.835164000000077,manual
1768275352659,Sunny,Day,0.0,0.0,,23.169662999976026,manual
1768275352691,Sunny,Day,0.0,0.0,,28.53604999995696,manual
1768275352722,Sunny,Day,0.00078125,1.5625,,26.03099200007364,manual
1768275352753,Sunny,Day,0.0,0.0,,26.608887000065806,manual
1768275352785,Sunny,Day,0.0,0.0,,26.594296999974176,manual
1768275352816,Sunny,Day,0.0,0.0,,23.15703500005384,manual
1768275352849,Sunny,Day,0.0011284722222222221,2.256944444444444,,26.691932999938217,manual
1768275352879,Sunny,Day,0.0,0.0,,22.907657000018844,manual
1768275352910,Sunny,Day,0.000390625,0.78125,,24.370557999986886,manual
1768275352942,Sunny,Day,0.0,0.0,,25.047459999996136,manual
1768275352973,Sunny,Day,0.0018663194444444445,3.7326388888888893,,25.18859200006318,manual
1768275353004,Sunny,Day,0.0026475694444444446,5.295138888888889,,24.82494899993526,manual
1768275353036,Sunny,Day,0.002387152777777778,4.774305555555556,,25.002299999982824,manual
1768275353067,Sunny,Day,0.0008680555555555555,1.736111111111111,,25.059718000079556,manual
1768275353099,Sunny,Day,0.0014756944444444444,2.951388888888889,,24.627566000049228,manual
1768275353130,Sunny,Day,0.004166666666666667,8.333333333333334,,25.021389000016825,manual
1768275353162,Sunny,Day,0.003125,6.25,,25.86105000000316,manual
1768275353193,Sunny,Day,0.0025173611111111113,5.034722222222222,,24.45003100001486,manual
1768275353224,Sunny,Day,0.005338541666666667,10.677083333333334,,24.91762399995423,manual
1768275353256,Sunny,Day,0.010112847222222223,20.225694444444446,53.0,25.13163599996915,manual
1768275353287,Sunny,Day,0.010243055555555556,20.48611111111111,48.0,20.23639699996238,manual
1768275353318,Sunny,Day,0.008463541666666666,16.927083333333332,,24.175268000021788,manual
1768275353350,Sunny,Day,0.008116319444444445,16.23263888888889,,25.041442999963692,manual
1768275353382,Sunny,Day,0.022916666666666665,45.83333333333333,42.0,18.721185999993395,manual
1768275353413,Sunny,Day,0.015842013888888888,31.684027777777775,40.0,22.82703700007005,manual
1768275353445,Sunny,Day,0.014930555555555556,29.861111111111114,33.0,21.668969000074867,manual
1768275353475,Sunny,Day,0.009678819444444445,19.35763888888889,,24.030283999991298,manual
1768275353507,Sunny,Day,0.01675347222222222,33.50694444444444,30.0,25.202368999998725,manual
1768275353538,Sunny,Day,0.014713541666666666,29.427083333333332,28.0,21.69113299999026,manual
1768275353571,Sunny,Day,0.01545138888888889,30.90277777777778,25.0,24.287383000000773,manual
1768275353601,Sunny,Day,0.006727430555555556,13.454861111111112,,21.794696000029035,manual
1768275353634,Sunny,Day,0.016710069444444444,33.420138888888886,18.0,26.368713000010757,manual
1768275353665,Sunny,Day,0.012196180555555556,24.39236111111111,21.0,22.941968000054658,manual
1768275353695,Sunny,Day,0.009114583333333334,18.229166666666668,,20.508624000058262,manual
1768275353726,Sunny,Day,0.00959201388888889,19.18402777777778,,24.83322600005522,manual
1768275353758,Sunny,Day,0.013411458333333333,26.822916666666664,12.0,24.921068999901763,manual
1768275353790,Sunny,Day,0.012239583333333333,24.479166666666668,13.0,23.256597999989026,manual
1768275353821,Sunny,Day,0.012109375,24.21875,14.0,24.430978000054893,manual
1768275353852,Sunny,Day,0.004644097222222222,9.288194444444445,,24.751218000005792,manual
1768275353884,Sunny,Day,0.007725694444444445,15.45138888888889,,28.382975999988957,auto
1768275353915,Sunny,Day,0.015885416666666666,31.770833333333332,5.0,22.86490300002697,auto
1768275353947,Sunny,Day,0.015711805555555555,31.42361111111111,4.0,23.87498799998866,auto
1768275353978,Sunny,Day,0.014800347222222222,29.600694444444443,1.0,24.264424000079998,auto
1768275354013,Sunny,Day,0.010590277777777778,21.180555555555557,,28.912505999983296,auto
1768275354041,Sunny,Day,0.013888888888888888,27.777777777777775,1.0,19.204352999963703,auto
1768275354072,Sunny,Day,0.020399305555555556,40.798611111111114,-2.0,24.611494000055245,auto
1768275354104,Sunny,Day,0.013541666666666667,27.083333333333336,-4.0,24.739664000094308,auto
1768275354135,Sunny,Day,0.010286458333333333,20.572916666666668,-7.0,24.421016000019335,auto
1768275354166,Sunny,Day,0.007899305555555555,15.79861111111111,,24.227558000006866,auto
1768275354199,Sunny,Day,0.013151041666666667,26.302083333333332,-6.0,26.061805000040295,auto
1768275354229,Sunny,Day,0.01032986111111111,20.65972222222222,,12.430242000050384,auto
1768275354260,Sunny,Day,0.009244791666666667,18.489583333333332,,24.510245999977087,auto
1768275354292,Sunny,Day,0.004123263888888889,8.246527777777779,,25.578454000083184,auto
1768275354328,Sunny,Day,0.015147569444444444,30.29513888888889,-6.0,29.268056999967484,auto
1768275354355,Sunny,Day,0.015668402777777778,31.336805555555554,1.0,18.065523000018402,auto
1768275354387,Sunny,Day,0.010199652777777778,20.399305555555557,,25.523237999891535,auto
1768275354418,Sunny,Day,0.006640625,13.28125,,19.01252300001488,auto
1768275354449,Sunny,Day,0.013237847222222222,26.475694444444443,47.0,24.49471199997788,auto
1768275354481,Sunny,Day,0.015147569444444444,30.29513888888889,-2.0,21.454994999999144,auto
1768275354511,Sunny,Day,0.012543402777777778,25.086805555555557,,22.837517999960255,auto
1768275354544,Sunny,Day,0.006076388888888889,12.152777777777779,,25.494983000044158,auto
1768275354574,Sunny,Day,0.010763888888888889,21.52777777777778,44.0,24.44801300009658,auto
1768275354607,Sunny,Day,0.010416666666666666,20.833333333333332,48.0,25.06234800000584,auto
1768275354639,Sunny,Day,0.013324652777777777,26.649305555555554,47.0,23.90781799999786,auto
1768275354669,Sunny,Day,0.007682291666666666,15.364583333333332,44.0,19.144951999919613,auto
1768275354700,Sunny,Day,0.006423611111111111,12.847222222222221,39.0,24.897089999967648,auto
1768275354734,Sunny,Day,0.008723958333333334,17.447916666666668,37.0,27.201744999956645,auto
1768275354763,Sunny,Day,0.010633680555555556,21.26736111111111,35.0,18.51404400008505,auto
1768275354794,Sunny,Day,0.011762152777777778,23.524305555555554,32.0,25.085456000056183,auto
1768275354827,Sunny,Day,0.011024305555555556,22.048611111111114,30.0,26.09435699991991,auto
1768275354857,Sunny,Day,0.01328125,26.5625,29.0,22.366609999949105,auto
1768275354889,Sunny,Day,0.014713541666666666,29.427083333333332,27.0,24.6543409999731,auto
1768275354921,Sunny,Day,0.0171875,34.375,26.0,26.19528899992929,auto
1768275354951,Sunny,Day,0.017664930555555555,35.32986111111111,25.0,22.369720000028792,auto
1768275354983,Sunny,Day,0.020789930555555555,41.57986111111111,21.0,24.38500200003091,auto
1768275355015,Sunny,Day,0.021875,43.75,18.0,25.796448000050987,auto
1768275355046,Sunny,Day,0.021875,43.75,16.0,23.742800000036368,auto
1768275355078,Sunny,Day,0.018619791666666666,37.239583333333336,17.0,26.16466400002082,auto
1768275355108,Sunny,Day,0.018880208333333332,37.760416666666664,16.0,22.699868000017887,auto
1768275355141,Sunny,Day,0.021484375,42.96875,12.0,23.70447199996306,auto
1768275355171,Sunny,Day,0.023480902777777778,46.96180555555556,9.0,22.71666199999345,auto
1768275355202,Sunny,Day,0.02573784722222222,51.47569444444444,7.0,24.54157700003634,auto
1768275355234,Sunny,Day,0.020572916666666666,41.145833333333336,5.0,23.725321000029,auto
1768275355265,Sunny,Day,0.02439236111111111,48.78472222222222,4.0,24.992672000053062,auto
1768275355297,Sunny,Day,0.030338541666666666,60.677083333333336,3.0,24.900460999901952,auto
1768275355328,Sunny,Day,0.027907986111111113,55.81597222222223,0.0,18.67043400000057,auto
1768275355360,Sunny,Day,0.031510416666666666,63.02083333333333,2.0,24.896886999954404,auto
1768275355392,Sunny,Day,0.02964409722222222,59.28819444444444,2.0,25.43389799996021,auto
1768275355422,Sunny,Day,0.028776041666666665,57.55208333333333,2.0,22.22525599995606,auto
1768275355454,Sunny,Day,0.03146701388888889,62.93402777777778,0.0,25.86819900000137,auto
1768275355486,Sunny,Day,0.031032986111111112,62.06597222222222,2.0,23.464721999971516,auto
1768275355519,Sunny,Day,0.030034722222222223,60.06944444444444,1.0,26.45920399993429,auto
1768275355548,Sunny,Day,0.03263888888888889,65.27777777777779,-1.0,21.095333999937793,auto
1768275355579,Sunny,Day,0.030078125,60.15625,-3.0,24.522708000063176,auto
1768275355611,Sunny,Day,0.029036458333333334,58.07291666666667,-2.0,24.61099499998909,auto
1768275355642,Sunny,Day,0.028125,56.25,0.0,24.927661999981865,auto
1768275355673,Sunny,Day,0.031640625,63.28125,2.0,24.16088100005709,auto
1768275355706,Sunny,Day,0.032378472222222225,64.75694444444446,,25.312486000075296,auto
1768275355736,Sunny,Day,0.028515625,57.03125,,23.40526700004375,auto
1768275355767,Sunny,Day,0.030772569444444446,61.54513888888889,,25.213979999989533,auto
1768275355799,Sunny,Day,0.028515625,57.03125,,24.35952400003316,auto
1768275355831,Sunny,Day,0.03029513888888889,60.59027777777778,,25.701384999933907,auto
1768275355861,Sunny,Day,0.03298611111111111,65.97222222222223,,23.469331999990573,auto
1768275355894,Sunny,Day,0.026953125,53.90625,11.0,24.758736999956454,auto
1768275355925,Sunny,Day,0.028211805555555556,56.423611111111114,,24.147642000002634,auto
1768275355956,Sunny,Day,0.03211805555555555,64.2361111111111,,20.833179999954154,auto
1768275355987,Sunny,Day,0.03246527777777778,64.93055555555556,,24.884887999974126,auto
1768275356018,Sunny,Day,0.033116319444444445,66.23263888888889,,24.862760999894817,auto
1768275356052,Sunny,Day,0.03298611111111111,65.97222222222223,8.0,26.938592000078643,auto
1768275356081,Sunny,Day,0.036284722222222225,72.56944444444446,,20.235120999927858,auto
1768275356113,Sunny,Day,0.04418402777777778,88.36805555555556,,24.37746700002208,auto
1768275356144,Sunny,Day,0.04900173611111111,98.00347222222221,,24.295753999922454,auto
1768275356175,Sunny,Day,0.05130208333333333,100.0,,24.785252000015134,auto
1768275356207,Sunny,Day,0.05451388888888889,100.0,,24.697892000062893,auto
1768275356239,Sunny,Day,0.05364583333333333,100.0,,27.122291999944537,auto
1768275356271,Sunny,Day,0.0578125,100.0,,24.934772000051453,auto
1768275356301,Sunny,Day,0.05733506944444444,100.0,,22.799227000064093,auto
1768275356332,Sunny,Day,0.06419270833333333,100.0,,24.61330900007397,auto
1768275356364,Sunny,Day,0.06870659722222222,100.0,,22.88551300000563,auto
1768275356395,Sunny,Day,0.06848958333333334,100.0,,24.62601199999881,auto
1768275356427,Sunny,Day,0.06610243055555555,100.0,,24.82608100001471,auto
1768275356458,Sunny,Day,0.069140625,100.0,,23.773871000003055,auto
1768275356490,Sunny,Day,0.07213541666666666,100.0,,25.670778000062455,auto
1768275356521,Sunny,Day,0.06822916666666666,100.0,,23.77679700009594,auto
1768275356553,Sunny,Day,0.06796875,100.0,,25.329152000040267,auto
1768275356584,Sunny,Day,0.062239583333333334,100.0,,24.46580800005904,auto
1768275356615,Sunny,Day,0.06649305555555556,100.0,,24.86761399995885,auto
1768275356647,Sunny,Day,0.06818576388888889,100.0,,24.933328000088295,auto
1768275356679,Sunny,Day,0.06276041666666667,100.0,,25.978705000056834,auto
1768275356710,Sunny,Day,0.06801215277777778,100.0,,23.45698299996002,auto
1768275356745,Sunny,Day,0.06640625,100.0,,28.64874299996245,auto
1768275356776,Sunny,Day,0.07139756944444445,100.0,,18.58059299991055,auto
1768275356809,Sunny,Day,0.0671875,100.0,,23.57730200003516,auto
1768275356836,Sunny,Day,0.06753472222222222,100.0,,16.438529999959428,auto
1768275356868,Sunny,Day,0.06731770833333334,100.0,,23.893265000083375,auto
1768275356899,Sunny,Day,0.07109375,100.0,,23.04784600005405,auto
1768275356932,Sunny,Day,0.06701388888888889,100.0,,24.512302999937674,auto
1768275356965,Sunny,Day,0.07018229166666666,100.0,,24.319918999935908,auto
1768275356995,Sunny,Day,0.06549479166666666,100.0,,20.483202999912464,auto
1768275357026,Sunny,Day,0.06888020833333333,100.0,,21.675360000017463,auto
1768275357058,Sunny,Day,0.06861979166666667,100.0,,23.90565300004255,auto
1768275357088,Sunny,Day,0.06783854166666667,100.0,,21.496843000022636,auto
1768275357119,Sunny,Day,0.07296006944444444,100.0,,23.191420999978618,auto
1768275357158,Sunny,Day,0.07578125,100.0,,30.583163999949647,auto
1768275357183,Sunny,Day,0.07300347222222223,100.0,,15.806956999995236,auto
1768275357215,Sunny,Day,0.07387152777777778,100.0,,22.094828000035704,auto
1768275357245,Sunny,Day,0.07252604166666667,100.0,,21.871890999932475,auto
1768275357279,Sunny,Day,0.07061631944444445,100.0,,25.405402000046706,auto
1768275357308,Sunny,Day,0.07439236111111111,100.0,,19.8333170000069,auto
1768275357340,Sunny,Day,0.06983506944444444,100.0,-3.0,18.930941000007806,auto
1768275357371,Sunny,Day,0.06861979166666667,100.0,,22.30124900006558,auto
1768275357405,Sunny,Day,0.06905381944444444,100.0,,19.197131999931116,auto
1768275357434,Sunny,Day,0.0681423611111111,100.0,0.0,20.458317000020543,auto
1768275357465,Sunny,Day,0.06671006944444445,100.0,2.0,22.53972099993007,auto
1768275357497,Sunny,Day,0.06488715277777778,100.0,3.0,23.309277999942424,auto
1768275357530,Sunny,Day,0.06336805555555555,100.0,,23.415838999994776,auto
1768275357559,Sunny,Day,0.06193576388888889,100.0,,20.59054299991203,auto
1768275357592,Sunny,Day,0.06141493055555555,100.0,,25.636968000071647,auto
1768275357623,Sunny,Day,0.061024305555555554,100.0,,20.590801999901487,auto
1768275357655,Sunny,Day,0.059244791666666664,100.0,,22.18067000001156,auto
1768275357685,Sunny,Day,0.05894097222222222,100.0,,24.213467999970817,auto
1768275357718,Sunny,Day,0.06072048611111111,100.0,,25.06364599992139,auto
1768275357748,Sunny,Day,0.058116319444444446,100.0,,20.318000000088432,auto
1768275357780,Sunny,Day,0.05568576388888889,100.0,,27.960508999967715,manual
1768275357811,Sunny,Day,0.057118055555555554,100.0,,15.129795999996531,manual
1768275357842,Sunny,Day,0.05859375,100.0,,21.51043399999253,manual
1768275357875,Sunny,Day,0.059765625,100.0,,23.043920000077378,manual
1768275357904,Sunny,Day,0.05785590277777778,100.0,,21.16990000001806,manual
1768275357937,Sunny,Day,0.05733506944444444,100.0,,24.39203999995243,manual
1768275357967,Sunny,Day,0.05894097222222222,100.0,,21.931365999989794,manual
1768275358000,Sunny,Day,0.05963541666666667,100.0,,24.541004000070643,manual
1768275358030,Sunny,Day,0.05876736111111111,100.0,,15.990860999977485,manual
1768275358061,Sunny,Day,0.057942708333333336,100.0,,23.049032000017178,manual
1768275358093,Sunny,Day,0.0578125,100.0,,27.35932200005209,manual
1768275358124,Sunny,Day,0.058854166666666666,100.0,,18.95701299997654,manual
1768275358156,Sunny,Day,0.05894097222222222,100.0,,22.86483099999259,manual
1768275358188,Sunny,Day,0.060112847222222224,100.0,,22.93880399997761,manual
1768275358219,Sunny,Day,0.059027777777777776,100.0,,18.330235000007633,manual
1768275358251,Sunny,Day,0.060069444444444446,100.0,,21.315551000043342,manual
1768275358282,Sunny,Day,0.06176215277777778,100.0,64.0,22.977373000003354,manual
1768275358313,Sunny,Day,0.06076388888888889,100.0,65.0,22.51527900000383,manual
1768275358346,Sunny,Day,0.06171875,100.0,69.0,23.495256999922276,manual
1768275358376,Sunny,Day,0.06111111111111111,100.0,71.0,17.441080000025977,manual
1768275358411,Sunny,Day,0.06019965277777778,100.0,72.0,26.137278999954106,manual
1768275358438,Sunny,Day,0.05642361111111111,100.0,,15.770053999972333,manual
1768275358469,Sunny,Day,0.05334201388888889,100.0,,23.73622899995098,manual
1768275358501,Sunny,Day,0.051953125,100.0,,23.107450999987122,manual
1768275358534,Sunny,Day,0.05308159722222222,100.0,,25.34031799996228,manual
1768275358564,Sunny,Day,0.05277777777777778,100.0,,21.681600000079015,manual
1768275358596,Sunny,Day,0.05026041666666667,100.0,,23.73371099997712,manual
1768275358627,Sunny,Day,0.05017361111111111,100.0,,16.87670100000105,manual
1768275358660,Sunny,Day,0.05308159722222222,100.0,,25.342891000036616,manual
1768275358689,Sunny,Day,0.05082465277777778,100.0,,20.432913000036024,manual
1768275358722,Sunny,Day,0.05182291666666667,100.0,,24.75784900002509,manual
1768275358752,Sunny,Day,0.046788194444444445,93.57638888888889,,22.455194000031042,manual
1768275358784,Sunny,Day,0.046397569444444446,92.79513888888889,,23.46029799991811,manual
1768275358816,Sunny,Day,0.044097222222222225,88.19444444444446,,23.46744499993747,manual
1768275358848,Sunny,Day,0.0375,75.0,,22.853925000049458,manual
1768275358879,Sunny,Day,0.019314236111111112,38.62847222222222,-38.0,22.06433300000299,manual
1768275358912,Sunny,Day,0.014279513888888888,28.55902777777778,-33.0,24.361451999993733,manual
1768275358941,Sunny,Day,0.019270833333333334,38.54166666666667,-33.0,17.62670599998728,manual
1768275358972,Sunny,Day,0.01853298611111111,37.06597222222222,,23.140908999948806,manual
1768275359004,Sunny,Day,0.007118055555555555,14.23611111111111,,24.112276999971982,manual
1768275359036,Sunny,Day,0.011631944444444445,23.26388888888889,-23.0,23.385919000020294,manual
1768275359067,Sunny,Day,0.0047309027777777775,9.461805555555555,,21.061062000057973,manual
1768275359098,Sunny,Day,0.005425347222222222,10.850694444444445,,22.87359000001743,manual
1768275359131,Sunny,Day,0.004470486111111111,8.940972222222221,,24.98302699996202,manual
1768275359162,Sunny,Day,0.0007378472222222222,1.4756944444444444,,19.638933000010184,manual
1768275359192,Sunny,Day,0.000390625,0.78125,,20.051698999964174,manual
1768275359224,Sunny,Day,0.004166666666666667,8.333333333333334,,23.1781840000167,manual
1768275359254,Sunny,Day,0.004427083333333333,8.854166666666666,,22.08405299995775,manual
1768275359285,Sunny,Day,0.0010416666666666667,2.0833333333333335,,22.734049999939998,manual
1768275359316,Sunny,Day,0.0024305555555555556,4.861111111111112,,24.046119000104227,manual
1768275359350,Sunny,Day,0.007074652777777778,14.149305555555555,,25.17728200007241,manual
1768275359381,Sunny,Day,0.0032552083333333335,6.510416666666667,,22.629230000006828,manual
1768275359413,Sunny,Day,0.002777777777777778,5.555555555555555,,24.041489999945043,manual
1768275359444,Sunny,Day,0.0033420138888888887,6.684027777777778,,22.293066000088402,manual
1768275359474,Sunny,Day,0.002951388888888889,5.902777777777778,,21.272445000022344,manual
1768275359507,Sunny,Day,0.0009114583333333333,1.8229166666666667,,24.666489999958685,manual
1768275359537,Sunny,Day,0.0,0.0,,21.115778000080354,manual
1768275359568,Sunny,Day,0.0,0.0,,23.2454349999216,manual
1768275359600,Sunny,Day,0.000390625,0.78125,,23.28448599996591,manual
1768275359632,Sunny,Day,0.0,0.0,,23.60315199996421,manual
1768275359664,Sunny,Day,0.000390625,0.78125,,24.263482000037584,manual
1768275359694,Sunny,Day,0.0,0.0,,20.83625500006292,manual
1768275359726,Sunny,Day,0.00026041666666666666,0.5208333333333334,,23.78768599999148,manual
1768275359758,Sunny,Day,0.000390625,0.78125,,21.901630000002115,manual
1768275359788,Sunny,Day,0.0005208333333333333,1.0416666666666667,,21.900092999999288,manual
1768275359821,Sunny,Day,0.000390625,0.78125,,23.990217999994456,manual
1768275359853,Sunny,Day,0.0006510416666666666,1.3020833333333333,,23.81827500005329,manual
1768275359883,Sunny,Day,0.00026041666666666666,0.5208333333333334,,24.23267099993609,auto
1768275359915,Sunny,Day,0.004861111111111111,9.722222222222223,,20.402436000040325,auto
1768275359946,Sunny,Day,0.0005208333333333333,1.0416666666666667,,18.910315000084665,auto
1768275359977,Sunny,Day,0.000390625,0.78125,,23.352402999989863,auto
1768275360008,Sunny,Day,0.0010850694444444445,2.170138888888889,,22.03115199995409,auto
1768275360043,Sunny,Day,0.002387152777777778,4.774305555555556,,26.075751000007585,auto
1768275360072,Sunny,Day,0.004210069444444444,8.42013888888889,,20.292301000040425,auto
1768275360103,Sunny,Day,0.008159722222222223,16.319444444444446,-19.0,21.70715299996573,auto
1768275360137,Sunny,Day,0.014453125,28.90625,-15.0,18.09822500001701,auto
1768275360165,Sunny,Day,0.015494791666666667,30.989583333333336,,18.0047360000799,auto
1768275360197,Sunny,Day,0.010590277777777778,21.180555555555557,,24.82619399995656,auto
1768275360228,Sunny,Day,0.013671875,27.34375,-5.0,21.770793999962734,auto
1768275360259,Sunny,Day,0.011241319444444444,22.48263888888889,,21.241540999994868,auto
1768275360291,Sunny,Day,0.012717013888888889,25.43402777777778,8.0,22.662319000005482,auto
1768275360324,Sunny,Day,0.017491319444444445,34.98263888888889,10.0,22.20576100000926,auto
1768275360356,Sunny,Day,0.029730902777777776,59.46180555555555,11.0,19.746531999999206,auto
1768275360385,Sunny,Day,0.024696180555555555,49.39236111111111,11.0,15.18267900007686,auto
1768275360417,Sunny,Day,0.017491319444444445,34.98263888888889,11.0,22.569588999999723,auto
1768275360449,Sunny,Day,0.023741319444444443,47.482638888888886,5.0,23.853973999962363,auto
1768275360480,Sunny,Day,0.019314236111111112,38.62847222222222,3.0,18.61009100002775,auto
1768275360510,Sunny,Day,0.008159722222222223,16.319444444444446,,22.581439000077808,auto
1768275360542,Sunny,Day,0.0125,25.0,-1.0,23.83958799998709,auto
1768275360575,Sunny,Day,0.023524305555555555,47.04861111111111,-1.0,23.035701000026165,auto
1768275360604,Sunny,Day,0.021527777777777778,43.05555555555556,-3.0,18.281999999999243,auto
1768275360638,Sunny,Day,0.009765625,19.53125,,25.56651499992313,auto
1768275360668,Sunny,Day,0.008767361111111111,17.53472222222222,,20.698327000104655,auto
1768275360699,Sunny,Day,0.01662326388888889,33.24652777777778,-4.0,22.7277739999181,auto
1768275360731,Sunny,Day,0.010850694444444444,21.70138888888889,,21.981417999995756,auto
1768275360762,Sunny,Day,0.00798611111111111,15.972222222222221,-3.0,22.839335000071515,auto
1768275360793,Sunny,Day,0.004296875,8.59375,,21.57148399999187,auto
1768275360824,Sunny,Day,0.007291666666666667,14.583333333333334,,22.709795000082522,auto
1768275360858,Sunny,Day,0.00959201388888889,19.18402777777778,,25.30880399990565,auto
1768275360887,Sunny,Day,0.004861111111111111,9.722222222222223,,21.33452999999008,auto
1768275360919,Sunny,Day,0.006857638888888889,13.715277777777777,,22.58553199999369,auto
1768275360952,Sunny,Day,0.0038628472222222224,7.725694444444445,,24.93818100003864,auto
1768275360982,Sunny,Day,0.015711805555555555,31.42361111111111,-2.0,20.222234999891953,auto
1768275361015,Sunny,Day,0.008203125,16.40625,,22.8534259999833,auto
1768275361045,Sunny,Day,0.006553819444444445,13.10763888888889,,20.56675100004668,auto
1768275361076,Sunny,Day,0.005729166666666666,11.458333333333332,,21.94697700008419,auto
1768275361106,Sunny,Day,0.004036458333333334,8.072916666666668,,21.30212700001266,auto
1768275361141,Sunny,Day,0.0072048611111111115,14.409722222222223,,26.483740999992733,auto
1768275361170,Sunny,Day,0.005512152777777778,11.024305555555557,,19.453991999967002,auto
1768275361202,Sunny,Day,0.005121527777777778,10.243055555555555,,19.524835999959578,auto
1768275361232,Sunny,Day,0.002907986111111111,5.815972222222222,,22.550517000013315,auto
1768275361266,Sunny,Day,0.0036024305555555558,7.204861111111112,,25.65235700001267,auto
1768275361295,Sunny,Day,0.003732638888888889,7.465277777777779,,20.434765999993942,auto
1768275361327,Sunny,Day,0.0013020833333333333,2.6041666666666665,,22.555831999966358,auto
1768275361359,Sunny,Day,0.0006510416666666666,1.3020833333333333,,23.24745399994299,auto
1768275361390,Sunny,Day,0.003168402777777778,6.336805555555555,,22.387610999999197,auto
1768275361423,Sunny,Day,0.002951388888888889,5.902777777777778,,23.886933999961002,auto
1768275361453,Sunny,Day,0.0015625,3.125,,20.173427000031552,auto
1768275361484,Sunny,Day,0.0020833333333333333,4.166666666666667,,22.212038000020584,auto
1768275361515,Sunny,Day,0.001953125,3.90625,,22.08747999998195,auto
1768275361546,Sunny,Day,0.0014322916666666666,2.864583333333333,,21.57613199995012,auto
1768275361578,Sunny,Day,0.0006510416666666666,1.3020833333333333,,22.89529200004381,auto
1768275361609,Sunny,Day,0.0,0.0,,22.6033629999165,auto
1768275361641,Sunny,Day,0.0017795138888888889,3.5590277777777777,,23.29565200000161,auto
1768275361676,Sunny,Day,0.0020833333333333333,4.166666666666667,,26.03910800007725,auto
1768275361704,Sunny,Day,0.0015625,3.125,,19.24011000005521,auto
1768275361737,Sunny,Day,0.0,0.0,,22.977875000037784,auto
1768275361766,Sunny,Day,0.000390625,0.78125,,20.667441999989933,auto
1768275361798,Sunny,Day,0.0,0.0,,23.700289999965207,auto
1768275361829,Sunny,Day,0.0,0.0,,22.70148100001279,auto
1768275361860,Sunny,Day,0.0,0.0,,23.022721000074853,auto
1768275361892,Sunny,Day,0.000390625,0.78125,,23.177388000021892,auto
1768275361923,Sunny,Day,0.00034722222222222224,0.6944444444444444,,22.98011499999575,auto
1768275361955,Sunny,Day,0.0,0.0,,20.10039799995411,auto
1768275361986,Sunny,Day,0.0,0.0,,22.414477999973315,auto
1768275362019,Sunny,Day,0.0,0.0,,22.314748999974654,auto
1768275362049,Sunny,Day,0.0,0.0,,19.49882000008074,auto
1768275362082,Sunny,Day,0.0,0.0,,24.904963999915708,auto
1768275362112,Sunny,Day,0.0005208333333333333,1.0416666666666667,,21.106631999941783,auto
1768275362143,Sunny,Day,0.0,0.0,,20.806223000022328,auto
1768275362175,Sunny,Day,0.0,0.0,,23.42239699999027,auto
1768275362207,Sunny,Day,0.0,0.0,,23.873530000059873,auto
1768275362237,Sunny,Day,0.0010416666666666667,2.0833333333333335,,20.142801000019972,auto
1768275362268,Sunny,Day,0.0,0.0,,21.159404000059112,auto
1768275362301,Sunny,Day,0.0,0.0,,22.848001000056684,auto
1768275362332,Sunny,Day,0.0,0.0,,22.16778499996508,auto
1768275362363,Sunny,Day,0.000390625,0.78125,,17.17453799994928,auto
1768275362394,Sunny,Day,0.0,0.0,,22.65152500001477,auto
1768275362427,Sunny,Day,0.0,0.0,,24.139071000035983,auto
1768275362457,Sunny,Day,0.000390625,0.78125,,21.534729999984847,auto
1768275362491,Sunny,Day,0.0005208333333333333,1.0416666666666667,,26.285467999969114,auto
1768275362519,Sunny,Day,0.0,0.0,,18.967253000027995,auto
1768275362551,Sunny,Day,0.0,0.0,,23.653461999970204,auto
1768275362584,Sunny,Day,0.0,0.0,,24.557856000001266,auto
1768275362615,Sunny,Day,0.0,0.0,,19.571459999951912,auto
1768275362645,Sunny,Day,0.0006510416666666666,1.3020833333333333,,21.414170000070953,auto
1768275362678,Sunny,Day,0.0,0.0,,24.42920399994364,auto
1768275362708,Sunny,Day,0.0,0.0,,19.789156999991064,auto
1768275362739,Sunny,Day,0.0007378472222222222,1.4756944444444444,,22.534371000006104,auto
1768275362771,Sunny,Day,0.0009114583333333333,1.8229166666666667,,23.051033000001553,auto
1768275362803,Sunny,Day,0.0023003472222222223,4.600694444444445,,23.628632000054495,auto
1768275362835,Sunny,Day,0.0,0.0,,24.104076000071473,auto
1768275362865,Sunny,Day,0.0,0.0,,21.246522999945228,auto
1768275362899,Sunny,Day,0.0010416666666666667,2.0833333333333335,,26.246286999935364,auto
1768275362928,Sunny,Day,0.0,0.0,,18.81843800003935,auto
1768275362959,Sunny,Day,0.00078125,1.5625,,20.396658999970896,auto
1768275362990,Sunny,Day,0.0,0.0,,23.007890000030784,auto
1768275363022,Sunny,Day,0.0,0.0,,19.05342899999596,auto
1768275363055,Sunny,Day,0.0,0.0,,24.504825999997593,auto
1768275363085,Sunny,Day,0.0,0.0,,19.5221889999857,auto
1768275363116,Sunny,Day,0.0,0.0,,21.81534599992574,auto
1768275363147,Sunny,Day,0.0,0.0,,22.076147999996465,auto
1768275363179,Sunny,Day,0.000390625,0.78125,,20.83599700006289,auto
1768275363211,Sunny,Day,0.0,0.0,,22.886570999958167,auto
1768275363243,Sunny,Day,0.0,0.0,,22.91247599998769,auto
1768275363273,Sunny,Day,0.0,0.0,,20.98744199997782,auto
1768275363308,Sunny,Day,0.0009548611111111111,1.909722222222222,,26.629225000078804,auto
1768275363336,Sunny,Day,0.0,0.0,,18.272854000088046,auto
1768275363369,Sunny,Day,0.0,0.0,,23.972110999920915,auto
1768275363399,Sunny,Day,0.0,0.0,,19.24037000003409,auto
1768275363431,Sunny,Day,0.0006944444444444445,1.3888888888888888,,22.44941900005415,auto
1768275363461,Sunny,Day,0.0,0.0,,21.51478800010409,auto
1768275363493,Sunny,Day,0.0010416666666666667,2.0833333333333335,,22.640321999915614,auto
1768275363524,Sunny,Day,0.0,0.0,,23.39947400002984,auto
1768275363559,Sunny,Day,0.0005208333333333333,1.0416666666666667,,26.15602100001979,auto
1768275363588,Sunny,Day,0.0014756944444444444,2.951388888888889,,19.865869999989627,auto
1768275363620,Sunny,Day,0.0024739583333333332,4.947916666666666,,21.002552000027208,auto
1768275363650,Sunny,Day,0.0,0.0,,20.151226000052702,auto
1768275363681,Sunny,Day,0.0012152777777777778,2.430555555555556,,22.326341000052707,auto
1768275363716,Sunny,Day,0.000390625,0.78125,,26.206107999996675,auto
1768275363745,Sunny,Day,0.0022569444444444442,4.513888888888888,,20.210126000051787,auto
1768275363776,Sunny,Day,0.0,0.0,,22.503078999989157,auto
1768275363808,Sunny,Day,0.0,0.0,,23.123673000100098,auto
1768275363841,Sunny,Day,0.0008246527777777778,1.6493055555555556,,21.802772000000914,auto
1768275363870,Sunny,Day,0.001171875,2.34375,,19.873276999987866,auto
1768275363902,Sunny,Day,0.0010850694444444445,2.170138888888889,,21.87337500004105,auto
1768275363934,Sunny,Day,0.0,0.0,,23.375179999902684,auto
1768275363965,Sunny,Day,0.0006510416666666666,1.3020833333333333,,22.342265000020234,auto
1768275363995,Sunny,Day,0.001736111111111111,3.472222222222222,,21.492957999953433,auto
1768275364028,Sunny,Day,0.0006510416666666666,1.3020833333333333,,24.708745999987514,auto
1768275364058,Sunny,Day,0.0,0.0,,21.544692000020405,auto
1768275364089,Sunny,Day,0.0012586805555555556,2.517361111111111,,23.06153200004246,auto
1768275364124,Sunny,Day,0.004340277777777778,8.680555555555555,,26.497777999907157,auto
1768275364153,Sunny,Day,0.001388888888888889,2.7777777777777777,,20.291412999995373,auto
1768275364183,Sunny,Day,0.0,0.0,,21.53471199994783,auto
1768275364219,Sunny,Day,0.0,0.0,,26.68619899998248,auto
1768275364247,Sunny,Day,0.002126736111111111,4.253472222222221,,19.208929000001262,auto
1768275364280,Sunny,Day,0.005772569444444445,11.54513888888889,,24.131518999979562,auto
1768275364310,Sunny,Day,0.000390625,0.78125,,20.71240099996885,auto
1768275364343,Sunny,Day,0.0,0.0,,24.234932000013032,auto
1768275364372,Sunny,Day,0.0026475694444444446,5.295138888888889,,18.242376000102922,auto
1768275364403,Sunny,Day,0.007421875,14.84375,,22.932251999918662,auto
1768275364435,Sunny,Day,0.004383680555555556,8.76736111111111,,23.709770999971624,auto
1768275364466,Sunny,Day,0.0010416666666666667,2.0833333333333335,,21.858081999994283,auto
1768275364498,Sunny,Day,0.0028211805555555555,5.642361111111111,,23.88032499993642,auto
1768275364531,Sunny,Day,0.0023003472222222223,4.600694444444445,,24.633236999989094,auto
1768275364560,Sunny,Day,0.006293402777777778,12.586805555555555,8.0,20.51555399998506,auto
1768275364594,Sunny,Day,0.0038194444444444443,7.638888888888888,,18.454387999895516,auto
1768275364622,Sunny,Day,0.0049479166666666664,9.895833333333332,,19.661099000018112,auto
1768275364655,Sunny,Day,0.005772569444444445,11.54513888888889,,24.41846599992914,auto
1768275364686,Sunny,Day,0.006510416666666667,13.020833333333334,,22.631750000073225,auto
1768275364719,Sunny,Day,0.00026041666666666666,0.5208333333333334,,22.310510000011163,auto
1768275364749,Sunny,Day,0.0010850694444444445,2.170138888888889,,21.27970499998355,auto
1768275364781,Sunny,Day,0.0035590277777777777,7.118055555555555,,23.70108699994944,auto
1768275364813,Sunny,Day,0.007118055555555555,14.23611111111111,,23.719103999951585,auto
1768275364844,Sunny,Day,0.001171875,2.34375,,21.687730999929045,auto
1768275364875,Sunny,Day,0.0038628472222222224,7.725694444444445,,21.536045000061677,auto
1768275364906,Sunny,Day,0.0019097222222222222,3.819444444444444,,22.45751099997051,auto
1768275364941,Sunny,Day,0.007595486111111111,15.190972222222221,8.0,26.44535799993264,auto
1768275364969,Sunny,Day,0.0025173611111111113,5.034722222222222,,14.497241999947619,auto
1768275365000,Sunny,Day,0.0032552083333333335,6.510416666666667,,22.355411999910757,auto
1768275365032,Sunny,Day,0.0016927083333333334,3.385416666666667,,22.703648999936377,auto
1768275365066,Sunny,Day,0.004123263888888889,8.246527777777779,,25.374762000069495,auto
1768275365094,Sunny,Day,0.005208333333333333,10.416666666666666,,19.049948999963817,auto
1768275365126,Sunny,Day,0.002777777777777778,5.555555555555555,,23.7833190000174,auto
1768275365157,Sunny,Day,0.0036458333333333334,7.291666666666667,,23.067624999953296,auto
1768275365189,Sunny,Day,0.0033854166666666668,6.770833333333334,,22.697186999948826,auto
1768275365220,Sunny,Day,0.007552083333333333,15.104166666666666,9.0,22.697335999964707,auto
1768275365251,Sunny,Day,0.006423611111111111,12.847222222222221,10.0,17.127340999991247,auto
1768275365283,Sunny,Day,0.005295138888888889,10.590277777777779,,23.165687999949114,auto
1768275365314,Sunny,Day,0.006293402777777778,12.586805555555555,2.0,22.60721699997248,auto
1768275365351,Sunny,Day,0.002387152777777778,4.774305555555556,,26.037516999963373,auto
1768275365377,Sunny,Day,0.0009114583333333333,1.8229166666666667,,16.79502800004684,auto
1768275365408,Sunny,Day,0.0,0.0,,21.8639140000505,auto
1768275365442,Sunny,Day,0.0035590277777777777,7.118055555555555,,24.58848300000227,auto
1768275365471,Sunny,Day,0.002560763888888889,5.121527777777778,,19.84128099991267,auto
1768275365502,Sunny,Day,0.004861111111111111,9.722222222222223,,22.777380999968955,auto
1768275365534,Sunny,Day,0.001171875,2.34375,,22.676929999988715,auto
1768275365565,Sunny,Day,0.000390625,0.78125,,22.8228759999638,auto
1768275365597,Sunny,Day,0.0024739583333333332,4.947916666666666,,23.487557000066772,auto
1768275365630,Sunny,Day,0.010069444444444445,20.13888888888889,0.0,24.50060500007112,auto
1768275365662,Sunny,Day,0.002126736111111111,4.253472222222221,,20.323409999946307,auto
1768275365692,Sunny,Day,0.0017795138888888889,3.5590277777777777,,20.027722999998332,auto
1768275365726,Sunny,Day,0.004036458333333334,8.072916666666668,,24.15686699998787,auto
1768275365755,Sunny,Day,0.005815972222222222,11.631944444444445,,17.916989000013928,auto
1768275365785,Sunny,Day,0.003689236111111111,7.378472222222222,,19.780936999950427,auto
1768275365816,Sunny,Day,0.0032552083333333335,6.510416666666667,,21.719876000020122,auto
1768275365850,Sunny,Day,0.0033420138888888887,6.684027777777778,,25.899015000049985,auto
1768275365882,Sunny,Day,0.00703125,14.0625,6.0,18.339957999955914,auto
1768275365911,Sunny,Day,0.011675347222222222,23.350694444444446,,18.61392600005729,auto
1768275365942,Sunny,Day,0.005208333333333333,10.416666666666666,,22.452975000078368,auto
1768275365975,Sunny,Day,0.001736111111111111,3.472222222222222,,23.98933200004194,auto
1768275366005,Sunny,Day,0.005598958333333333,11.197916666666666,,20.54232900002262,auto
1768275366036,Sunny,Day,0.006510416666666667,13.020833333333334,,22.086445000013555,auto
1768275366069,Sunny,Day,0.0019965277777777776,3.9930555555555554,,24.08713500005888,auto
1768275366098,Sunny,Day,0.0011284722222222221,2.256944444444444,,17.978315999926053,auto
1768275366135,Sunny,Day,0.0052517361111111115,10.503472222222223,,28.186672000060753,auto
1768275366163,Sunny,Day,0.004470486111111111,8.940972222222221,,19.51082099992618,auto
1768275366194,Sunny,Day,0.004036458333333334,8.072916666666668,,21.849916999940433,auto
1768275366226,Sunny,Day,0.00078125,1.5625,,23.6533340000733,auto
1768275366256,Sunny,Day,0.0034288194444444444,6.857638888888888,,20.277305000035994,auto
1768275366289,Sunny,Day,0.0006076388888888889,1.215277777777778,,24.98460399999658,auto
1768275366319,Sunny,Day,0.012109375,24.21875,8.0,20.968539000023156,auto
1768275366352,Sunny,Day,0.004210069444444444,8.42013888888889,,21.244451000029585,auto
1768275366384,Sunny,Day,0.0066840277777777775,13.368055555555555,,23.236142999962794,auto
1768275366413,Sunny,Day,0.006727430555555556,13.454861111111112,,19.256647000020166,auto
1768275366445,Sunny,Day,0.005208333333333333,10.416666666666666,,23.102769000047374,auto
1768275366475,Sunny,Day,0.0,0.0,,21.051194999927247,auto
1768275366508,Sunny,Day,0.002864583333333333,5.729166666666666,,23.889621000080297,auto
1768275366540,Sunny,Day,0.00546875,10.9375,,24.31133199991109,auto
1768275366571,Sunny,Day,0.00959201388888889,19.18402777777778,-8.0,21.550488999992012,auto
1768275366602,Sunny,Day,0.0020399305555555557,4.079861111111112,,21.497383999985686,auto
1768275366634,Sunny,Day,0.0016059027777777777,3.2118055555555554,,22.578793999969093,auto
1768275366664,Sunny,Day,0.005078125,10.15625,,18.620536999947035,auto
1768275366696,Sunny,Day,0.011067708333333334,22.135416666666668,-6.0,24.108372999990024,auto
1768275366727,Sunny,Day,0.0023003472222222223,4.600694444444445,,18.519197000046006,auto
1768275366758,Sunny,Day,0.004383680555555556,8.76736111111111,,23.464745000069342,auto
1768275366790,Sunny,Day,0.001171875,2.34375,,23.539217999996254,auto
1768275366821,Sunny,Day,0.009114583333333334,18.229166666666668,,18.61651800004438,auto
1768275366852,Sunny,Day,0.009895833333333333,19.791666666666664,,22.665080000024318,auto
1768275366884,Sunny,Day,0.00798611111111111,15.972222222222221,8.0,23.17942700005915,auto
1768275366916,Sunny,Day,0.007248263888888889,14.496527777777779,,22.311306999995395,auto
1768275366947,Sunny,Day,0.011501736111111112,23.003472222222225,,20.390107000025637,auto
1768275366979,Sunny,Day,0.016362847222222223,32.72569444444444,,23.9821469999697,auto
1768275367010,Sunny,Day,0.011805555555555555,23.61111111111111,11.0,21.942127999977856,auto
1768275367041,Sunny,Day,0.010807291666666666,21.614583333333332,,20.54358800000955,auto
1768275367073,Sunny,Day,0.007465277777777778,14.930555555555557,12.0,18.927260000054957,auto
1768275367104,Sunny,Day,0.007508680555555556,15.01736111111111,12.0,20.027742000024773,auto
1768275367138,Sunny,Day,0.002907986111111111,5.815972222222222,,21.301148000020476,auto
1768275367166,Sunny,Day,0.0013020833333333333,2.6041666666666665,,18.549563000078706,auto
1768275367199,Sunny,Day,0.0020399305555555557,4.079861111111112,,25.2638309999611,auto
1768275367229,Sunny,Day,0.0018663194444444445,3.7326388888888893,,21.161534000043503,auto
1768275367261,Sunny,Day,0.002126736111111111,4.253472222222221,,23.868476000075134,auto
1768275367293,Sunny,Day,0.0,0.0,,23.200240000051053,auto
1768275367326,Sunny,Day,0.0,0.0,,24.21060300002864,auto
1768275367356,Sunny,Day,0.0,0.0,,20.71140300006391,auto
1768275367387,Sunny,Day,0.00078125,1.5625,,23.515739999993457,auto
1768275367418,Sunny,Day,0.0,0.0,,18.868563000069116,auto
1768275367449,Sunny,Day,0.0,0.0,,22.313954999958696,auto
1768275367481,Sunny,Day,0.001736111111111111,3.472222222222222,,22.84983699996701,auto
1768275367513,Sunny,Day,0.0,0.0,,18.41911600001822,auto
1768275367544,Sunny,Day,0.0,0.0,,16.243130000020756,auto
1768275367574,Sunny,Day,0.0,0.0,,21.764297000004262,auto
1768275367607,Sunny,Day,0.0,0.0,,24.20558500000425,auto
1768275367637,Sunny,Day,0.0,0.0,,20.922451999922487,auto
1768275367669,Sunny,Day,0.000390625,0.78125,,21.371454000018275,auto
1768275367700,Sunny,Day,0.0,0.0,,22.84235600006923,auto
1768275367731,Sunny,Day,0.0,0.0,,20.159799999987627,auto
1768275367764,Sunny,Day,0.0,0.0,,24.18730899989896,auto
1768275367796,Sunny,Day,0.0,0.0,,21.5590620000512,auto
1768275367826,Sunny,Day,0.0,0.0,,20.668961999945168,auto
1768275367858,Sunny,Day,0.0,0.0,,23.048388000006526,auto
1768275367889,Sunny,Day,0.0,0.0,,21.253043000001526,auto
1768275367922,Sunny,Day,0.0,0.0,,23.582750999935342,auto
1768275367954,Sunny,Day,0.0,0.0,,23.177668000016638,auto
1768275367982,Sunny,Day,0.0,0.0,,19.774382000036894,auto
1768275368015,Sunny,Day,0.0,0.0,,24.297500999978183,auto
1768275368046,Sunny,Day,0.0,0.0,,21.217825000007906,auto
1768275368078,Sunny,Day,0.0,0.0,,23.285452999971312,auto
1768275368108,Sunny,Day,0.0,0.0,,21.78546200002529,auto
1768275368140,Sunny,Day,0.0,0.0,,22.975359000042772,auto
1768275368172,Sunny,Day,0.0013020833333333333,2.6041666666666665,,22.85754000001816,auto
1768275368204,Sunny,Day,0.0,0.0,,23.40356799993515,auto
1768275368235,Sunny,Day,0.0,0.0,,20.653760999948645,auto
1768275368265,Sunny,Day,0.0,0.0,,21.045067000045492,auto
1768275368297,Sunny,Day,0.0,0.0,,20.70158900005481,auto
1768275368328,Sunny,Day,0.0,0.0,,22.68280099997355,auto
1768275368361,Sunny,Day,0.0007378472222222222,1.4756944444444444,,23.65787199994429,auto
1768275368391,Sunny,Day,0.0015625,3.125,,21.013701000015317,auto
1768275368424,Sunny,Day,0.000390625,0.78125,,23.696033999954125,auto
1768275368458,Sunny,Day,0.0036024305555555558,7.204861111111112,,24.113300000067284,auto
1768275368485,Sunny,Day,0.0005208333333333333,1.0416666666666667,,17.74310299992976,auto
1768275368517,Sunny,Day,0.0022569444444444442,4.513888888888888,,23.039758999971127,auto
1768275368549,Sunny,Day,0.0,0.0,,23.618134999992435,auto
1768275368580,Sunny,Day,0.0049479166666666664,9.895833333333332,,22.112700999969093,auto
1768275368612,Sunny,Day,0.0026041666666666665,5.208333333333333,,22.928382999907626,auto
1768275368642,Sunny,Day,0.0,0.0,,17.82738999997946,auto
1768275368674,Sunny,Day,0.0,0.0,,18.993900999930702,auto
1768275368705,Sunny,Day,0.0014322916666666666,2.864583333333333,,22.09429499998805,auto
1768275368738,Sunny,Day,0.0,0.0,,24.92670399999497,auto
1768275368767,Sunny,Day,0.0,0.0,,20.45450700006768,auto
1768275368799,Sunny,Day,0.0,0.0,,23.227069999961714,auto
1768275368830,Sunny,Day,0.0,0.0,,23.132175000000643,auto
1768275368863,Sunny,Day,0.0,0.0,,20.446211000034964,auto
1768275368894,Sunny,Day,0.0,0.0,,20.937450000019453,auto
1768275368925,Sunny,Day,0.0,0.0,,22.39735299997392,auto
1768275368958,Sunny,Day,0.0,0.0,,23.994627999968543,auto
1768275368987,Sunny,Day,0.0,0.0,,20.791596999970352,auto
1768275369020,Sunny,Day,0.0,0.0,,24.676567000028626,auto
1768275369050,Sunny,Day,0.0,0.0,,21.443242999907852,auto
1768275369082,Sunny,Day,0.0,0.0,,23.159338000027674,auto
1768275369113,Sunny,Day,0.0,0.0,,22.89272100006201,auto
1768275369145,Sunny,Day,0.0,0.0,,22.531393000008393,auto
1768275369176,Sunny,Day,0.0,0.0,,22.526078999931087,auto
1768275369208,Sunny,Day,0.0,0.0,,22.977506999950492,auto
1768275369239,Sunny,Day,0.0,0.0,,22.06492999994225,auto
1768275369270,Sunny,Day,0.00026041666666666666,0.5208333333333334,,22.577072999979464,auto
1768275369302,Sunny,Day,0.000390625,0.78125,,22.695077999969726,auto
1768275369335,Sunny,Day,0.00026041666666666666,0.5208333333333334,,24.125594999986788,auto
1768275369365,Sunny,Day,0.0005642361111111111,1.128472222222222,,20.26978800006418,auto
1768275369396,Sunny,Day,0.0,0.0,,21.86295300009533,auto
1768275369429,Sunny,Day,0.000390625,0.78125,,24.09750599997551,auto
1768275369459,Sunny,Day,0.0,0.0,,16.120552999950633,auto
1768275369490,Sunny,Day,0.00026041666666666666,0.5208333333333334,,22.414683999954832,auto
1768275369523,Sunny,Day,0.0,0.0,,24.590059000047404,auto
1768275369555,Sunny,Day,0.0,0.0,,22.301308999999492,auto
1768275369584,Sunny,Day,0.0,0.0,,19.548279999980878,auto
1768275369616,Sunny,Day,0.00026041666666666666,0.5208333333333334,,22.422092000056182,auto
1768275369647,Sunny,Day,0.0009114583333333333,1.8229166666666667,,21.8300309999222,auto
1768275369679,Sunny,Day,0.0006944444444444445,1.3888888888888888,,18.074396999963938,auto
1768275369710,Sunny,Day,0.0008246527777777778,1.6493055555555556,,21.926372000052652,auto
1768275369741,Sunny,Day,0.0,0.0,,22.931827999968846,auto
1768275369774,Sunny,Day,0.0005208333333333333,1.0416666666666667,,24.21088099993085,auto
1768275369804,Sunny,Day,0.0,0.0,,20.872347000022273,auto
1768275369838,Sunny,Day,0.0006510416666666666,1.3020833333333333,,24.670993999961865,auto
1768275369867,Sunny,Day,0.0,0.0,,20.657206000009865,auto
1768275369898,Sunny,Day,0.0009114583333333333,1.8229166666666667,,22.177953999971578,auto
1768275369930,Sunny,Day,0.0,0.0,,22.510561999979473,auto
1768275369961,Sunny,Day,0.0,0.0,,22.934734999921602,auto
1768275369993,Sunny,Day,0.0,0.0,,22.67296900004112,auto
1768275370025,Sunny,Day,0.000390625,0.78125,,23.724494999896706,auto
1768275370055,Sunny,Day,0.0006944444444444445,1.3888888888888888,,21.142445999998927,auto
1768275370086,Sunny,Day,0.00026041666666666666,0.5208333333333334,,22.391466000044602,auto
1768275370118,Sunny,Day,0.0009982638888888888,1.9965277777777777,,23.035057000015513,auto
1768275370150,Sunny,Day,0.002777777777777778,5.555555555555555,,22.84798599998794,auto
1768275370181,Sunny,Day,0.0014756944444444444,2.951388888888889,,22.469400999966638,auto
1768275370212,Sunny,Day,0.0019097222222222222,3.819444444444444,,22.87872299996252,auto
1768275370245,Sunny,Day,0.0033854166666666668,6.770833333333334,,23.931099000037648,auto
1768275370275,Sunny,Day,0.0011284722222222221,2.256944444444444,,21.011034999901312,auto
1768275370306,Sunny,Day,0.0032552083333333335,6.510416666666667,,20.15478299995266,auto
1768275370338,Sunny,Day,0.0032552083333333335,6.510416666666667,,22.88755500001116,auto
1768275370369,Sunny,Day,0.003949652777777778,7.899305555555555,,22.226281000030212,auto
1768275370400,Sunny,Day,0.0038628472222222224,7.725694444444445,,22.904387000039605,auto
1768275370431,Sunny,Day,0.004557291666666667,9.114583333333334,,23.18268800001988,auto
1768275370465,Sunny,Day,0.00390625,7.8125,,25.51833899997291,auto
1768275370495,Sunny,Day,0.002864583333333333,5.729166666666666,,17.013874999975087,auto
1768275370526,Sunny,Day,0.00390625,7.8125,,22.020639000061237,auto
1768275370559,Sunny,Day,0.005164930555555555,10.32986111111111,,24.87211900006514,auto
1768275370588,Sunny,Day,0.0032118055555555554,6.423611111111111,,16.437071000041215,auto
1768275370620,Sunny,Day,0.001953125,3.90625,,21.55941499995606,auto
1768275370653,Sunny,Day,0.005859375,11.71875,,23.967466000044624,auto
1768275370682,Sunny,Day,0.004036458333333334,8.072916666666668,,18.42563400009567,auto
1768275370714,Sunny,Day,0.005946180555555555,11.89236111111111,,23.107955999989827,auto
1768275370745,Sunny,Day,0.005642361111111111,11.284722222222221,,22.648230999948282,auto
1768275370777,Sunny,Day,0.005381944444444444,10.76388888888889,,23.61867299998721,auto
1768275370808,Sunny,Day,0.007421875,14.84375,,22.54778000008173,auto
1768275370840,Sunny,Day,0.00703125,14.0625,,23.297841000044173,auto
1768275370878,Sunny,Day,0.004557291666666667,9.114583333333334,,25.756625999974858,auto
1768275370903,Sunny,Day,0.005164930555555555,10.32986111111111,,15.50582899994879,auto
1768275370936,Sunny,Day,0.00859375,17.1875,,23.969539999939116,auto
1768275370965,Sunny,Day,0.009635416666666667,19.270833333333336,,19.213393999962136,auto
1768275370998,Sunny,Day,0.00703125,14.0625,27.0,24.616760000071736,auto
1768275371028,Sunny,Day,0.00859375,17.1875,,15.390916999990623,auto
1768275371064,Sunny,Day,0.005729166666666666,11.458333333333332,,21.457130999920082,auto
1768275371091,Sunny,Day,0.007118055555555555,14.23611111111111,22.0,19.164380999995956,auto
1768275371122,Sunny,Day,0.006553819444444445,13.10763888888889,,19.373282999936237,auto
1768275371154,Sunny,Day,0.005859375,11.71875,,22.893610999972225,auto
1768275371186,Sunny,Day,0.0032552083333333335,6.510416666666667,,23.507669000082387,auto
1768275371219,Sunny,Day,0.003081597222222222,6.163194444444445,,24.35005099994214,auto
1768275371248,Sunny,Day,0.0038628472222222224,7.725694444444445,,18.66503299993383,auto
1768275371279,Sunny,Day,0.003081597222222222,6.163194444444445,,21.093006999990394,auto
1768275371310,Sunny,Day,0.0034288194444444444,6.857638888888888,,21.313443999929405,auto
1768275371343,Sunny,Day,0.0022569444444444442,4.513888888888888,,22.76660699999411,auto
1768275371374,Sunny,Day,0.0018229166666666667,3.6458333333333335,,20.86384899996574,auto
1768275371406,Sunny,Day,0.002907986111111111,5.815972222222222,,23.126935000050253,auto
1768275371438,Sunny,Day,0.0024739583333333332,4.947916666666666,,18.637442999988707,auto
1768275371470,Sunny,Day,0.002994791666666667,5.989583333333334,,22.566890000007334,auto
1768275371501,Sunny,Day,0.003689236111111111,7.378472222222222,,23.13363800010393,auto
1768275371531,Sunny,Day,0.0033420138888888887,6.684027777777778,,20.188612999959332,auto
1768275371564,Sunny,Day,0.002994791666666667,5.989583333333334,,25.012195000044812,auto
1768275371594,Sunny,Day,0.004557291666666667,9.114583333333334,,21.456465000028402,auto
1768275371625,Sunny,Day,0.0022569444444444442,4.513888888888888,,21.528771000021152,auto
1768275371659,Sunny,Day,0.002560763888888889,5.121527777777778,,24.283169999989695,auto
1768275371688,Sunny,Day,0.004991319444444444,9.982638888888888,,20.09862400007023,auto
1768275371721,Sunny,Day,0.002690972222222222,5.381944444444445,,24.005665000004228,auto
1768275371751,Sunny,Day,0.004470486111111111,8.940972222222221,,18.55654600001344,auto
1768275371782,Sunny,Day,0.004253472222222222,8.506944444444443,,21.537048000027426,auto
1768275371813,Sunny,Day,0.005208333333333333,10.416666666666666,,21.972774000005302,auto
1768275371845,Sunny,Day,0.0067708333333333336,13.541666666666668,,19.49862000003577,auto
1768275371876,Sunny,Day,0.004383680555555556,8.76736111111111,,23.07440399999905,auto
1768275371910,Sunny,Day,0.005208333333333333,10.416666666666666,,25.129329999913352,auto
1768275371939,Sunny,Day,0.0038194444444444443,7.638888888888888,,20.06566499994733,auto
1768275371971,Sunny,Day,0.00993923611111111,19.87847222222222,,23.438954000084777,auto
1768275372003,Sunny,Day,0.008463541666666666,16.927083333333332,-18.0,23.15674700003001,auto
1768275372038,Sunny,Day,0.007725694444444445,15.45138888888889,-17.0,21.937631000014335,auto
1768275372065,Sunny,Day,0.010894097222222222,21.788194444444443,-7.0,14.599973000031241,auto
1768275372096,Sunny,Day,0.010850694444444444,21.70138888888889,-16.0,22.268851000035284,auto
1768275372129,Sunny,Day,0.008767361111111111,17.53472222222222,,19.36139600002207,auto
1768275372159,Sunny,Day,0.010546875,21.09375,,21.21680799996284,auto
1768275372190,Sunny,Day,0.0140625,28.125,-2.0,23.62443300000905,auto
1768275372223,Sunny,Day,0.014453125,28.90625,,22.652528000094208,auto
1768275372253,Sunny,Day,0.014322916666666666,28.645833333333332,,20.08316299998114,auto
1768275372287,Sunny,Day,0.016059027777777776,32.11805555555555,,24.675734999959786,auto
1768275372317,Sunny,Day,0.012847222222222222,25.694444444444443,6.0,15.09943199994268,auto
1768275372348,Sunny,Day,0.01484375,29.6875,,16.64821400004257,auto
1768275372380,Sunny,Day,0.015147569444444444,30.29513888888889,,19.762126999921747,auto
1768275372410,Sunny,Day,0.015234375,30.46875,,18.002091999960612,auto
1768275372442,Sunny,Day,0.01597222222222222,31.944444444444443,,23.511428000006163,auto
1768275372472,Sunny,Day,0.0140625,28.125,,21.4996820000124,auto
1768275372503,Sunny,Day,0.016927083333333332,33.854166666666664,,20.572216999994453,auto
1768275372535,Sunny,Day,0.01657986111111111,33.15972222222222,,24.287651000008736,auto
1768275372569,Sunny,Day,0.014192708333333333,28.385416666666668,,24.475128999938534,auto
1768275372599,Sunny,Day,0.016666666666666666,33.333333333333336,,16.062782999938463,auto
1768275372632,Sunny,Day,0.013020833333333334,26.041666666666668,4.0,22.356191999961084,auto
1768275372663,Sunny,Day,0.013671875,27.34375,2.0,14.876717999982247,auto
1768275372694,Sunny,Day,0.013585069444444445,27.17013888888889,,22.510934000024463,auto
1768275372725,Sunny,Day,0.0109375,21.875,6.0,23.082201000079294,auto
1768275372754,Sunny,Day,0.011848958333333333,23.697916666666664,,16.116239999973914,auto
1768275372787,Sunny,Day,0.012239583333333333,24.479166666666668,,26.587843999891447,manual
1768275372818,Sunny,Day,0.01189236111111111,23.78472222222222,0.0,19.406520000075034,manual
1768275372850,Sunny,Day,0.01032986111111111,20.65972222222222,0.0,22.09598299998561,manual
1768275372880,Sunny,Day,0.009548611111111112,19.097222222222225,,17.555847999915386,manual
1768275372913,Sunny,Day,0.013758680555555555,27.51736111111111,,28.478919000008318,manual
1768275372943,Sunny,Day,0.011111111111111112,22.22222222222222,,16.21789400007856,manual
1768275372976,Sunny,Day,0.013368055555555555,26.73611111111111,,19.343380000009347,manual
1768275373007,Sunny,Day,0.007421875,14.84375,,21.51519799997459,manual
1768275373038,Sunny,Day,0.005859375,11.71875,,23.031318000107603,manual
1768275373069,Sunny,Day,0.005512152777777778,11.024305555555557,,18.734210000047824,manual
1768275373104,Sunny,Day,0.007248263888888889,14.496527777777779,,25.40418699993552,manual
1768275373132,Sunny,Day,0.00703125,14.0625,,19.86235599997599,manual
1768275373165,Sunny,Day,0.005121527777777778,10.243055555555555,,23.834777999923062,manual
1768275373197,Sunny,Day,0.004079861111111111,8.159722222222223,,23.25536499995451,manual
1768275373226,Sunny,Day,0.005338541666666667,10.677083333333334,,20.110844999976507,manual
1768275373259,Sunny,Day,0.005381944444444444,10.76388888888889,,24.431985999967765,manual
1768275373290,Sunny,Day,0.0049479166666666664,9.895833333333332,,21.86930499999562,manual
1768275373321,Sunny,Day,0.00546875,10.9375,,20.39234899996245,manual
1768275373353,Sunny,Day,0.006380208333333333,12.760416666666666,-39.0,21.61222400002316,manual
1768275373384,Sunny,Day,0.006293402777777778,12.586805555555555,-41.0,19.21396900002037,manual
1768275373414,Sunny,Day,0.005338541666666667,10.677083333333334,,20.557515000064086,manual
1768275373450,Sunny,Day,0.006380208333333333,12.760416666666666,-45.0,27.48916499990628,manual
1768275373477,Sunny,Day,0.005338541666666667,10.677083333333334,,14.527147999956469,manual
1768275373511,Sunny,Day,0.00703125,14.0625,-50.0,25.303291999989597,manual
1768275373539,Sunny,Day,0.004427083333333333,8.854166666666666,,16.329807000033725,manual
1768275373573,Sunny,Day,0.008550347222222223,17.100694444444446,,24.079343000039444,manual
1768275373604,Sunny,Day,0.005685763888888889,11.371527777777777,,22.855707999951846,manual
1768275373636,Sunny,Day,0.0033854166666666668,6.770833333333334,,23.25973500001055,manual
1768275373668,Sunny,Day,0.0024305555555555556,4.861111111111112,,22.56794599998102,manual
1768275373697,Sunny,Day,0.001953125,3.90625,,15.965442999913648,manual
1768275373728,Sunny,Day,0.00034722222222222224,0.6944444444444444,,22.792420000087077,manual
1768275373759,Sunny,Day,0.00026041666666666666,0.5208333333333334,,22.392614000068534,manual
1768275373792,Sunny,Day,0.000390625,0.78125,,24.698177999994186,manual
1768275373822,Sunny,Day,0.00026041666666666666,0.5208333333333334,,20.943637000073068,manual
1768275373855,Sunny,Day,0.0,0.0,,24.803351000059592,manual
1768275373887,Sunny,Day,0.0,0.0,,23.281991999965612,manual
1768275373917,Sunny,Day,0.0,0.0,,21.664534000024105,manual
1768275373950,Sunny,Day,0.0,0.0,,25.72888999998213,manual
1768275373980,Sunny,Day,0.0,0.0,,20.996129999957702,manual
1768275374011,Sunny,Day,0.0,0.0,,19.549595999933445,manual
1768275374042,Sunny,Day,0.0,0.0,,22.875409999983276,manual
1768275374074,Sunny,Day,0.0,0.0,,24.024775999919257,manual
1768275374106,Sunny,Day,0.0,0.0,,22.793234999994638,manual
1768275374137,Sunny,Day,0.00026041666666666666,0.5208333333333334,,22.868373999926916,manual
1768275374170,Sunny,Day,0.0,0.0,,21.971737999933794,manual
1768275374199,Sunny,Day,0.0,0.0,,20.843518999981825,manual
1768275374231,Sunny,Day,0.0,0.0,,23.517519999927572,manual
1768275374263,Sunny,Day,0.0,0.0,,23.053925999988678,manual
1768275374293,Sunny,Day,0.0,0.0,,21.884008000029098,manual
1768275374325,Sunny,Day,0.0012152777777777778,2.430555555555556,,23.267363999934787,manual
1768275374357,Sunny,Day,0.002126736111111111,4.253472222222221,,24.57919200003289,manual
1768275374388,Sunny,Day,0.002907986111111111,5.815972222222222,,21.919263000086175,manual
1768275374421,Sunny,Day,0.003689236111111111,7.378472222222222,,22.9332549999981,manual
1768275374451,Sunny,Day,0.002907986111111111,5.815972222222222,,17.006265000077292,manual
1768275374484,Sunny,Day,0.002126736111111111,4.253472222222221,,24.489998000035484,manual
1768275374513,Sunny,Day,0.005381944444444444,10.76388888888889,,21.191681999994216,manual
1768275374544,Sunny,Day,0.005512152777777778,11.024305555555557,,23.605381000038506,manual
1768275374577,Sunny,Day,0.005078125,10.15625,,24.06895599995096,manual
1768275374609,Sunny,Day,0.0022569444444444442,4.513888888888888,,23.363223000046673,manual
1768275374639,Sunny,Day,0.004904513888888889,9.809027777777777,,18.414821999954256,manual
1768275374671,Sunny,Day,0.004427083333333333,8.854166666666666,,23.58516000003874,manual
1768275374702,Sunny,Day,0.00859375,17.1875,17.0,17.468970000095396,manual
1768275374735,Sunny,Day,0.010460069444444444,20.920138888888886,13.0,22.634993999986364,manual
1768275374764,Sunny,Day,0.00959201388888889,19.18402777777778,9.0,19.558651000011196,manual
1768275374798,Sunny,Day,0.006597222222222222,13.194444444444445,9.0,20.970485000020744,manual
1768275374827,Sunny,Day,0.005208333333333333,10.416666666666666,,18.023776000063663,manual
1768275374859,Sunny,Day,0.004166666666666667,8.333333333333334,,23.367075000010118,manual
1768275374890,Sunny,Day,0.004340277777777778,8.680555555555555,,23.00385799992455,manual
1768275374921,Sunny,Day,0.003993055555555555,7.986111111111111,,22.75583200002984,manual
1768275374953,Sunny,Day,0.0022135416666666666,4.427083333333333,,27.7545229999987,auto
1768275374984,Sunny,Day,0.0052517361111111115,10.503472222222223,,17.910695999944437,auto
1768275375017,Sunny,Day,0.006163194444444444,12.32638888888889,,24.735099999929844,auto
1768275375046,Sunny,Day,0.0072048611111111115,14.409722222222223,,21.84821599996667,auto
1768275375078,Sunny,Day,0.003515625,7.03125,,23.8301509999701,auto
1768275375110,Sunny,Day,0.002994791666666667,5.989583333333334,,24.038904000008188,auto
1768275375143,Sunny,Day,0.0047309027777777775,9.461805555555555,,24.583043999996335,auto
1768275375176,Sunny,Day,0.005555555555555556,11.11111111111111,,24.140817999978026,auto
1768275375204,Sunny,Day,0.004210069444444444,8.42013888888889,,18.079972999998972,auto
1768275375235,Sunny,Day,0.004600694444444445,9.20138888888889,,22.8896869999744,auto
1768275375267,Sunny,Day,0.004210069444444444,8.42013888888889,,23.727606999955242,auto
1768275375299,Sunny,Day,0.0047309027777777775,9.461805555555555,,23.233812999933434,auto
1768275375330,Sunny,Day,0.0019965277777777776,3.9930555555555554,,21.335646000011366,auto
1768275375362,Sunny,Day,0.003949652777777778,7.899305555555555,,22.765459999959603,auto
1768275375392,Sunny,Day,0.002387152777777778,4.774305555555556,,22.068931000035263,auto
1768275375423,Sunny,Day,0.004557291666666667,9.114583333333334,,23.131361999958244,auto
1768275375455,Sunny,Day,0.004557291666666667,9.114583333333334,,23.67818699997315,auto
1768275375487,Sunny,Day,0.0016493055555555556,3.298611111111111,,23.48793100009061,auto
1768275375518,Sunny,Day,0.0036024305555555558,7.204861111111112,,22.34063999992486,auto
1768275375551,Sunny,Day,0.004557291666666667,9.114583333333334,,23.466878000022007,auto
1768275375581,Sunny,Day,0.005295138888888889,10.590277777777779,,20.962209000003895,auto
1768275375613,Sunny,Day,0.002907986111111111,5.815972222222222,,23.380794999980026,auto
1768275375644,Sunny,Day,0.003993055555555555,7.986111111111111,,21.524938999959886,auto
1768275375675,Sunny,Day,0.001953125,3.90625,,22.815583999999944,auto
1768275375707,Sunny,Day,0.005425347222222222,10.850694444444445,,22.391707999986465,auto
1768275375738,Sunny,Day,0.003689236111111111,7.378472222222222,,22.619940000026872,auto
1768275375770,Sunny,Day,0.002126736111111111,4.253472222222221,,23.508096000000478,auto
1768275375801,Sunny,Day,0.002170138888888889,4.340277777777778,,20.803653000029954,auto
1768275375835,Sunny,Day,0.004904513888888889,9.809027777777777,,24.471797999922273,auto
1768275375864,Sunny,Day,0.0048177083333333336,9.635416666666668,,18.768706999935603,auto
1768275375894,Sunny,Day,0.004079861111111111,8.159722222222223,,22.001197999998112,auto
1768275375925,Sunny,Day,0.0025173611111111113,5.034722222222222,,23.415550999970947,auto
1768275375957,Sunny,Day,0.0036458333333333334,7.291666666666667,,23.63465400003406,auto
1768275375989,Sunny,Day,0.004079861111111111,8.159722222222223,,24.34607199995753,auto
1768275376020,Sunny,Day,0.0023003472222222223,4.600694444444445,,22.628847000078167,auto
1768275376053,Sunny,Day,0.003125,6.25,,23.81430000002638,auto
1768275376083,Sunny,Day,0.004210069444444444,8.42013888888889,,18.734729999891897,auto
1768275376120,Sunny,Day,0.004991319444444444,9.982638888888888,,28.498141000000032,auto
1768275376146,Sunny,Day,0.0033420138888888887,6.684027777777778,,15.507959999922605,auto
1768275376177,Sunny,Day,0.003298611111111111,6.597222222222222,,23.02187500004038,auto
1768275376209,Sunny,Day,0.0022135416666666666,4.427083333333333,,23.286825000013778,auto
1768275376240,Sunny,Day,0.00390625,7.8125,,23.06516700002703,auto
1768275376271,Sunny,Day,0.0009114583333333333,1.8229166666666667,,22.67450799990911,auto
1768275376303,Sunny,Day,0.0030381944444444445,6.076388888888889,,23.661021999942022,auto
1768275376334,Sunny,Day,0.0013020833333333333,2.6041666666666665,,22.337658999958876,auto
1768275376366,Sunny,Day,0.0006076388888888889,1.215277777777778,,23.878256999978476,auto
1768275376397,Sunny,Day,0.0014756944444444444,2.951388888888889,,21.89654400001473,auto
1768275376429,Sunny,Day,0.0022135416666666666,4.427083333333333,,24.248526999940623,auto
1768275376460,Sunny,Day,0.00034722222222222224,0.6944444444444444,,22.82239800001662,auto
1768275376491,Sunny,Day,0.0018229166666666667,3.6458333333333335,,19.16080899991357,auto
1768275376522,Sunny,Day,0.0010416666666666667,2.0833333333333335,,22.82397299995864,auto
1768275376555,Sunny,Day,0.0,0.0,,24.06880800003819,auto
1768275376585,Sunny,Day,0.0005208333333333333,1.0416666666666667,,21.469260999992912,auto
1768275376618,Sunny,Day,0.00078125,1.5625,,24.22384500005137,auto
1768275376648,Sunny,Day,0.0011284722222222221,2.256944444444444,,21.109506000016154,auto
1768275376679,Sunny,Day,0.00078125,1.5625,,18.034831000022677,auto
1768275376711,Sunny,Day,0.000390625,0.78125,,23.097403000065242,auto
1768275376743,Sunny,Day,0.0,0.0,,22.231727000075807,auto
1768275376774,Sunny,Day,0.0,0.0,,22.879503000012846,auto
1768275376806,Sunny,Day,0.0,0.0,,24.05906799992863,auto
1768275376836,Sunny,Day,0.0,0.0,,20.850684999913938,auto
1768275376867,Sunny,Day,0.000390625,0.78125,,22.350398000071436,auto
1768275376902,Sunny,Day,0.0,0.0,,25.398412000072312,auto
1768275376931,Sunny,Day,0.001171875,2.34375,,20.42003199994724,auto
1768275376962,Sunny,Day,0.0006944444444444445,1.3888888888888888,,22.8112700000338,auto
1768275376994,Sunny,Day,0.0012152777777777778,2.430555555555556,,22.846061999985068,auto
1768275377027,Sunny,Day,0.00078125,1.5625,,24.61555899992618,auto
1768275377057,Sunny,Day,0.0011284722222222221,2.256944444444444,,21.17996200001926,auto
1768275377087,Sunny,Day,0.00043402777777777775,0.8680555555555555,,18.53158699998403,auto
1768275377118,Sunny,Day,0.0008246527777777778,1.6493055555555556,,23.013469000034092,auto
1768275377151,Sunny,Day,0.00043402777777777775,0.8680555555555555,,24.144335999949362,auto
1768275377182,Sunny,Day,0.001171875,2.34375,,23.5186510000176,auto
1768275377214,Sunny,Day,0.0016927083333333334,3.385416666666667,,21.97310999997626,auto
1768275377246,Sunny,Day,0.0012586805555555556,2.517361111111111,,22.301312000081452,auto
1768275377279,Sunny,Day,0.00034722222222222224,0.6944444444444444,,24.46948399995108,auto
1768275377307,Sunny,Day,0.0008246527777777778,1.6493055555555556,,19.307791999949586,auto
1768275377339,Sunny,Day,0.0008246527777777778,1.6493055555555556,,23.780046000069888,auto
1768275377371,Sunny,Day,0.00043402777777777775,0.8680555555555555,,22.539969000035853,auto
1768275377401,Sunny,Day,0.00043402777777777775,0.8680555555555555,,22.379487999955927,auto
1768275377434,Sunny,Day,0.00043402777777777775,0.8680555555555555,,24.49218499998551,auto
1768275377466,Sunny,Day,0.0009548611111111111,1.909722222222222,,23.902827000028992,auto
1768275377496,Sunny,Day,0.0008246527777777778,1.6493055555555556,,21.115949999966688,auto
1768275377528,Sunny,Day,0.00026041666666666666,0.5208333333333334,,22.392709000087052,auto
1768275377560,Sunny,Day,0.0006510416666666666,1.3020833333333333,,23.599918999934744,auto
1768275377590,Sunny,Day,0.000390625,0.78125,,20.198040000082074,auto
1768275377621,Sunny,Day,0.0,0.0,,21.42459999993207,auto
1768275377654,Sunny,Day,0.0,0.0,,24.2133650000369,auto
1768275377685,Sunny,Day,0.000390625,0.78125,,20.79011899991201,auto
1768275377716,Sunny,Day,0.0,0.0,,22.43438799996511,auto
1768275377747,Sunny,Day,0.0006510416666666666,1.3020833333333333,,22.61988600002951,auto
1768275377780,Sunny,Day,0.00034722222222222224,0.6944444444444444,,23.128714999984368,auto
1768275377810,Sunny,Day,0.0,0.0,,21.600227000021732,auto
1768275377842,Sunny,Day,0.00026041666666666666,0.5208333333333334,,22.767869000063,auto
1768275377875,Sunny,Day,0.000390625,0.78125,,24.43076600002314,auto
1768275377905,Sunny,Day,0.0,0.0,,20.871720000059213,auto
1768275377936,Sunny,Day,0.00026041666666666666,0.5208333333333334,,22.77527499995813,auto
1768275377967,Sunny,Day,0.0,0.0,,22.460552999973515,auto
1768275377999,Sunny,Day,0.00043402777777777775,0.8680555555555555,,22.66988000008041,auto
1768275378030,Sunny,Day,0.00043402777777777775,0.8680555555555555,,21.265691999929004,auto
1768275378062,Sunny,Day,0.0,0.0,,23.91895599998861,auto
1768275378092,Sunny,Day,0.0,0.0,,20.093311999971775,auto
1768275378124,Sunny,Day,0.0,0.0,,23.441215000048032,auto
1768275378156,Sunny,Day,0.0,0.0,,24.222828000006302,auto
1768275378187,Sunny,Day,0.00034722222222222224,0.6944444444444444,,20.018598999968162,auto
1768275378218,Sunny,Day,0.0,0.0,,22.420650000071873,auto
1768275378250,Sunny,Day,0.0,0.0,,23.15002699992874,auto
1768275378281,Sunny,Day,0.00026041666666666666,0.5208333333333334,,21.425006999947982,auto
1768275378313,Sunny,Day,0.00034722222222222224,0.6944444444444444,,21.109080999963226,auto
1768275378344,Sunny,Day,0.0012152777777777778,2.430555555555556,,21.2785989999702,auto
1768275378375,Sunny,Day,0.0017795138888888889,3.5590277777777777,,21.46555800004535,auto
1768275378407,Sunny,Day,0.0,0.0,,22.313514999950712,auto
1768275378439,Sunny,Day,0.0016059027777777777,3.2118055555555554,,22.488641999984793,auto
1768275378469,Sunny,Day,0.002126736111111111,4.253472222222221,,19.228450000014163,auto
1768275378500,Sunny,Day,0.001953125,3.90625,,19.214155999975446,auto
1768275378532,Sunny,Day,0.0013020833333333333,2.6041666666666665,,22.35806400005913,auto
1768275378563,Sunny,Day,0.002777777777777778,5.555555555555555,,22.514231999934964,auto
1768275378597,Sunny,Day,0.0022135416666666666,4.427083333333333,,24.881953999965845,auto
1768275378627,Sunny,Day,0.0050347222222222225,10.069444444444445,,21.61298499993336,auto
1768275378660,Sunny,Day,0.012022569444444445,24.04513888888889,,24.732545999995637,auto
1768275378690,Sunny,Day,0.00859375,17.1875,,20.246368000016446,auto
1768275378720,Sunny,Day,0.007074652777777778,14.149305555555555,,20.545833000028324,auto
1768275378751,Sunny,Day,0.007291666666666667,14.583333333333334,,18.303780999985975,auto
1768275378784,Sunny,Day,0.008159722222222223,16.319444444444446,,24.174592000008488,auto
1768275378814,Sunny,Day,0.00959201388888889,19.18402777777778,,20.494857000016964,auto
1768275378846,Sunny,Day,0.00390625,7.8125,,24.076381999975638,auto
1768275378877,Sunny,Day,0.003949652777777778,7.899305555555555,,22.338493000006565,auto
1768275378910,Sunny,Day,0.008029513888888888,16.059027777777775,,24.345109000023513,auto
1768275378940,Sunny,Day,0.010633680555555556,21.26736111111111,,22.03969499998948,auto
1768275378975,Sunny,Day,0.004079861111111111,8.159722222222223,,26.10901399998511,auto
1768275379003,Sunny,Day,0.00234375,4.6875,,18.106636999959846,auto
1768275379034,Sunny,Day,0.004861111111111111,9.722222222222223,,18.480371000009654,auto
1768275379066,Sunny,Day,0.006423611111111111,12.847222222222221,,23.01443199996811,auto
1768275379097,Sunny,Day,0.002864583333333333,5.729166666666666,,18.950704999951995,auto
1768275379128,Sunny,Day,0.0038628472222222224,7.725694444444445,,23.882275000005393,auto
1768275379160,Sunny,Day,0.005685763888888889,11.371527777777777,,24.08538099996349,auto
1768275379195,Sunny,Day,0.007161458333333333,14.322916666666666,,26.43532799993409,auto
1768275379223,Sunny,Day,0.0019965277777777776,3.9930555555555554,,17.19029999992472,auto
1768275379257,Sunny,Day,0.0026041666666666665,5.208333333333333,,26.29669600003126,auto
1768275379286,Sunny,Day,0.0,0.0,,17.636006999964593,auto
1768275379317,Sunny,Day,0.001953125,3.90625,,18.88404700002866,auto
1768275379348,Sunny,Day,0.0012152777777777778,2.430555555555556,,22.38928399992801,auto
1768275379382,Sunny,Day,0.000390625,0.78125,,24.997404000032475,auto
1768275379411,Sunny,Day,0.0,0.0,,19.795550000026196,auto
1768275379444,Sunny,Day,0.002951388888888889,5.902777777777778,,20.12877100003152,auto
1768275379474,Sunny,Day,0.00078125,1.5625,,21.51338700002725,auto
1768275379506,Sunny,Day,0.000390625,0.78125,,22.17332800000804,auto
1768275379536,Sunny,Day,0.0,0.0,,22.14964500001315,auto
1768275379568,Sunny,Day,0.0,0.0,,23.045669999987695,auto
1768275379600,Sunny,Day,0.0,0.0,,21.603875999971933,auto
1768275379631,Sunny,Day,0.0,0.0,,21.14733600001273,auto
1768275379663,Sunny,Day,0.0,0.0,,22.406651999972382,auto
1768275379693,Sunny,Day,0.000390625,0.78125,,19.037769000078697,auto
1768275379725,Sunny,Day,0.0015625,3.125,,23.086054000032163,auto
1768275379756,Sunny,Day,0.0020399305555555557,4.079861111111112,,22.56846599993878,auto
1768275379789,Sunny,Day,0.0,0.0,,24.54262399999152,auto
1768275379820,Sunny,Day,0.000390625,0.78125,,24.80461099992226,auto
1768275379851,Sunny,Day,0.0,0.0,,22.62514500000634,auto
1768275379886,Sunny,Day,0.0,0.0,,26.448660000028212,auto
1768275379914,Sunny,Day,0.0,0.0,,16.13164700006564,auto
1768275379947,Sunny,Day,0.0,0.0,,24.67744099999436,auto
1768275379976,Sunny,Day,0.0,0.0,,20.132806999981767,auto
1768275380010,Sunny,Day,0.0,0.0,,25.31883000006019,auto
1768275380038,Sunny,Day,0.0,0.0,,19.996822999928554,auto
1768275380070,Sunny,Day,0.0,0.0,,27.27289599999949,manual
1768275380103,Sunny,Day,0.0,0.0,,21.866419000048154,manual
1768275380133,Sunny,Day,0.0,0.0,,19.286444000044867,manual
1768275380164,Sunny,Day,0.0,0.0,,22.862914000029377,manual
1768275380197,Sunny,Day,0.0,0.0,,23.86718499997187,manual
1768275380227,Sunny,Day,0.0,0.0,,21.83257199999389,manual
1768275380259,Sunny,Day,0.0,0.0,,23.325156000055358,manual
1768275380291,Sunny,Day,0.0,0.0,,24.232013000073493,manual
1768275380322,Sunny,Day,0.0,0.0,,18.769042000030822,manual
1768275380354,Sunny,Day,0.0,0.0,,27.844349000019974,manual
1768275380386,Sunny,Day,0.0,0.0,,19.076190999953724,manual
1768275380417,Sunny,Day,0.0009982638888888888,1.9965277777777777,,22.44899900006203,manual
1768275380447,Sunny,Day,0.0,0.0,,21.243141000013566,manual
1768275380478,Sunny,Day,0.0,0.0,,22.873375000017404,manual
1768275380512,Sunny,Day,0.0,0.0,,25.62457099998028,manual
1768275380541,Sunny,Day,0.0,0.0,,18.985238000027493,manual
1768275380572,Sunny,Day,0.001345486111111111,2.6909722222222223,,23.072351999985585,manual
1768275380605,Sunny,Day,0.0,0.0,,24.48711199997433,manual
1768275380635,Sunny,Day,0.0008680555555555555,1.736111111111111,,21.501665999949182,manual
1768275380667,Sunny,Day,0.004774305555555556,9.548611111111112,,23.06700099995851,manual
1768275380698,Sunny,Day,0.014626736111111111,29.25347222222222,7.0,22.97495599998456,manual
1768275380729,Sunny,Day,0.012977430555555556,25.954861111111114,,15.943242999924223,manual
1768275380761,Sunny,Day,0.018272569444444445,36.54513888888889,32.0,23.712703000001056,manual
1768275380793,Sunny,Day,0.024001736111111113,48.00347222222223,,21.276433000025463,manual
1768275380825,Sunny,Day,0.04049479166666667,80.98958333333334,,22.83843500003968,manual
1768275380856,Sunny,Day,0.03923611111111111,78.47222222222221,,22.11031699994237,manual
1768275380888,Sunny,Day,0.035243055555555555,70.48611111111111,,22.83075100001497,manual
1768275380920,Sunny,Day,0.04809027777777778,96.18055555555556,,24.133913000014218,manual
1768275380950,Sunny,Day,0.045182291666666666,90.36458333333333,,21.034516999975494,manual
1768275380981,Sunny,Day,0.05186631944444445,100.0,,22.833731999980955,manual
1768275381012,Sunny,Day,0.04561631944444444,91.23263888888889,,22.682898000084606,manual
1768275381043,Sunny,Day,0.048828125,97.65625,,21.41549100008433,manual
1768275381075,Sunny,Day,0.04904513888888889,98.09027777777777,,23.717572999998993,manual
1768275381109,Sunny,Day,0.04418402777777778,88.36805555555556,,25.612628999965636,manual
1768275381141,Sunny,Day,0.038802083333333334,77.60416666666667,,21.19962699998723,manual
1768275381170,Sunny,Day,0.035416666666666666,70.83333333333333,,19.157866999989892,manual
1768275381201,Sunny,Day,0.06180555555555556,100.0,25.0,23.02758000007543,manual
1768275381234,Sunny,Day,0.06180555555555556,100.0,21.0,21.20966400002544,manual
1768275381264,Sunny,Day,0.058984375,100.0,18.0,16.281665999940742,manual
1768275381295,Sunny,Day,0.061197916666666664,100.0,15.0,22.2817970000051,manual
1768275381326,Sunny,Day,0.06501736111111112,100.0,12.0,23.347080000007736,manual
1768275381359,Sunny,Day,0.058680555555555555,100.0,9.0,24.239770999997745,manual
1768275381389,Sunny,Day,0.055815972222222225,100.0,5.0,21.098880000067766,manual
1768275381420,Sunny,Day,0.05590277777777778,100.0,1.0,23.77517699994769,manual
1768275381455,Sunny,Day,0.05750868055555555,100.0,-2.0,19.355084000039824,manual
1768275381484,Sunny,Day,0.05685763888888889,100.0,-7.0,20.5180030000065,manual
1768275381516,Sunny,Day,0.05373263888888889,100.0,-10.0,21.470243999942795,manual
1768275381548,Sunny,Day,0.061675347222222225,100.0,-15.0,20.15521299995271,manual
1768275381578,Sunny,Day,0.05651041666666667,100.0,-16.0,20.28734499992879,manual
1768275381609,Sunny,Day,0.06059027777777778,100.0,-19.0,26.148713999987194,auto
1768275381640,Sunny,Day,0.06180555555555556,100.0,-22.0,20.334228000024268,auto
1768275381676,Sunny,Day,0.06089409722222222,100.0,-18.0,26.778399000022546,auto
1768275381703,Sunny,Day,0.06354166666666666,100.0,-14.0,18.39171599999645,auto
1768275381736,Sunny,Day,0.062022569444444446,100.0,-8.0,23.458250999965458,auto
1768275381766,Sunny,Day,0.06740451388888889,100.0,-1.0,16.892206000079568,auto
1768275381798,Sunny,Day,0.07096354166666667,100.0,5.0,21.9828139998981,auto
1768275381831,Sunny,Day,0.06723090277777778,100.0,11.0,23.707333000061226,auto
1768275381861,Sunny,Day,0.06189236111111111,100.0,14.0,19.36676799994075,auto
1768275381892,Sunny,Day,0.06154513888888889,100.0,15.0,22.587947000033637,auto
1768275381924,Sunny,Day,0.06085069444444444,100.0,14.0,22.922369999946568,auto
1768275381957,Sunny,Day,0.04561631944444444,91.23263888888889,11.0,24.907785999971566,auto
1768275381987,Sunny,Day,0.05112847222222222,100.0,11.0,20.307953999918027,auto
1768275382017,Sunny,Day,0.056640625,100.0,9.0,18.707752999944205,auto
1768275382050,Sunny,Day,0.052256944444444446,100.0,7.0,23.884887000008348,auto
1768275382081,Sunny,Day,0.04704861111111111,94.09722222222221,7.0,21.302004999938617,auto
1768275382111,Sunny,Day,0.049956597222222225,99.91319444444446,8.0,21.37236600003689,auto
1768275382144,Sunny,Day,0.056553819444444445,100.0,9.0,24.523737999970763,auto
1768275382174,Sunny,Day,0.055512152777777775,100.0,9.0,21.3940859999866,auto
1768275382206,Sunny,Day,0.05915798611111111,100.0,8.0,23.06701999998495,auto
1768275382237,Sunny,Day,0.05308159722222222,100.0,9.0,22.68067600004997,auto
1768275382271,Sunny,Day,0.05659722222222222,100.0,10.0,22.193714999957592,auto
1768275382299,Sunny,Day,0.06232638888888889,100.0,8.0,15.353424000068117,auto
1768275382330,Sunny,Day,0.05698784722222222,100.0,10.0,23.80063800001153,auto
1768275382362,Sunny,Day,0.058680555555555555,100.0,8.0,24.099806999970497,auto
1768275382397,Sunny,Day,0.05993923611111111,100.0,10.0,20.210854999959338,auto
1768275382426,Sunny,Day,0.06059027777777778,100.0,9.0,20.04317099999753,auto
1768275382459,Sunny,Day,0.06566840277777777,100.0,5.0,23.66574600000604,auto
1768275382490,Sunny,Day,0.06015625,100.0,-1.0,21.933633999992708,auto
1768275382519,Sunny,Day,0.05377604166666667,100.0,10.0,20.911439999963477,auto
1768275382550,Sunny,Day,0.068359375,100.0,7.0,17.61943600001814,auto
1768275382582,Sunny,Day,0.06536458333333334,100.0,6.0,23.175656000034905,auto
1768275382614,Sunny,Day,0.05959201388888889,100.0,7.0,24.44035899998198,auto
1768275382645,Sunny,Day,0.059418402777777775,100.0,0.0,22.73778099993251,auto
1768275382678,Sunny,Day,0.06362847222222222,100.0,1.0,15.47446500001115,auto
1768275382707,Sunny,Day,0.06440972222222222,100.0,8.0,17.502654000054463,auto
1768275382739,Sunny,Day,0.0705295138888889,100.0,7.0,22.075692000044,auto
1768275382771,Sunny,Day,0.07235243055555556,100.0,8.0,21.217070000034255,auto
1768275382803,Sunny,Day,0.06792534722222222,100.0,11.0,21.47763200002828,auto
1768275382833,Sunny,Day,0.07421875,100.0,7.0,18.191294999951424,auto
1768275382867,Sunny,Day,0.07625868055555556,100.0,6.0,25.061972000003152,auto
1768275382896,Sunny,Day,0.07135416666666666,100.0,7.0,20.162971999980073,auto
1768275382928,Sunny,Day,0.07478298611111112,100.0,6.0,22.764591999930417,auto
1768275382960,Sunny,Day,0.08077256944444444,100.0,5.0,24.022981999905824,auto
1768275382991,Sunny,Day,0.08120659722222222,100.0,5.0,21.270007999987683,auto
1768275383022,Sunny,Day,0.08116319444444445,100.0,4.0,23.319713000091724,auto
1768275383053,Sunny,Day,0.07430555555555556,100.0,7.0,19.79342199990697,auto
1768275383085,Sunny,Day,0.08411458333333334,100.0,5.0,19.059582000068076,auto
1768275383116,Sunny,Day,0.07977430555555555,100.0,5.0,22.48407000001862,auto
1768275383148,Sunny,Day,0.07907986111111111,100.0,4.0,22.315423000009105,auto
1768275383180,Sunny,Day,0.06267361111111111,100.0,7.0,22.82578899996679,auto
1768275383212,Sunny,Day,0.06731770833333334,100.0,6.0,23.608531000036237,auto
1768275383242,Sunny,Day,0.07122395833333334,100.0,6.0,20.644341000092936,auto
1768275383274,Sunny,Day,0.06727430555555555,100.0,5.0,23.02548799991655,auto
1768275383305,Sunny,Day,0.06111111111111111,100.0,7.0,22.31066500007728,auto
1768275383338,Sunny,Day,0.06453993055555556,100.0,9.0,21.02711099996668,auto
1768275383368,Sunny,Day,0.06818576388888889,100.0,8.0,20.106607999991866,auto
1768275383399,Sunny,Day,0.07083333333333333,100.0,8.0,21.75937700008035,auto
1768275383430,Sunny,Day,0.057421875,100.0,9.0,22.424576999924284,auto
1768275383463,Sunny,Day,0.05481770833333333,100.0,9.0,23.88988700010941,auto
1768275383493,Sunny,Day,0.05538194444444444,100.0,7.0,20.27768000004926,auto
1768275383524,Sunny,Day,0.059722222222222225,100.0,6.0,22.943368000028386,auto
1768275383555,Sunny,Day,0.05716145833333333,100.0,8.0,20.81857999996828,auto
1768275383589,Sunny,Day,0.05377604166666667,100.0,8.0,20.94963900003677,auto
1768275383620,Sunny,Day,0.055164930555555554,100.0,9.0,16.471754999997756,auto
1768275383650,Sunny,Day,0.05985243055555556,100.0,7.0,20.709962999944764,auto
1768275383681,Sunny,Day,0.06019965277777778,100.0,7.0,19.33653100002175,auto
1768275383715,Sunny,Day,0.058506944444444445,100.0,8.0,24.62844900003347,auto
1768275383744,Sunny,Day,0.050130208333333336,100.0,7.0,17.84983499999271,auto
1768275383776,Sunny,Day,0.06032986111111111,100.0,6.0,22.935257999961323,auto
1768275383808,Sunny,Day,0.05555555555555555,100.0,9.0,13.333418999991409,auto
1768275383839,Sunny,Day,0.05572916666666667,100.0,10.0,22.885893999955442,auto
1768275383870,Sunny,Day,0.07165798611111111,100.0,5.0,16.048120000050403,auto
1768275383902,Sunny,Day,0.07582465277777778,100.0,3.0,24.262695000061285,auto
1768275383932,Sunny,Day,0.07916666666666666,100.0,-7.0,21.233660999996573,auto
1768275383963,Sunny,Day,0.08129340277777777,100.0,-17.0,23.042967999913344,auto
1768275383996,Sunny,Day,0.061675347222222225,100.0,10.0,21.096435999993446,auto
1768275384029,Sunny,Day,0.078515625,100.0,2.0,18.864031000020987,auto
1768275384058,Sunny,Day,0.08645833333333333,100.0,-20.0,20.865185999923597,auto
1768275384089,Sunny,Day,0.08980034722222222,100.0,-14.0,18.80827800005136,auto
1768275384122,Sunny,Day,0.07955729166666667,100.0,7.0,24.11012100003518,auto
1768275384152,Sunny,Day,0.08185763888888889,100.0,-21.0,20.749143999978514,auto
1768275384183,Sunny,Day,0.09071180555555555,100.0,2.0,23.039968000034605,auto
1768275384216,Sunny,Day,0.09288194444444445,100.0,-1.0,23.88405400006377,auto
1768275384246,Sunny,Day,0.08307291666666666,100.0,-20.0,19.78501599990068,auto
1768275384278,Sunny,Day,0.09036458333333333,100.0,-13.0,23.397445000000516,auto
1768275384310,Sunny,Day,0.10629340277777778,100.0,6.0,21.353887000032046,auto
1768275384341,Sunny,Day,0.0984375,100.0,6.0,18.711585999994895,auto
1768275384372,Sunny,Day,0.07165798611111111,100.0,-4.0,22.696730999996362,auto
1768275384405,Sunny,Day,0.07491319444444444,100.0,-8.0,25.041030000011233,auto
1768275384437,Sunny,Day,0.07565104166666667,100.0,-8.0,22.392007000007652,auto
1768275384466,Sunny,Day,0.08524305555555556,100.0,6.0,20.7879539999567,auto
1768275384499,Sunny,Day,0.07096354166666667,100.0,,24.480317999973522,auto
1768275384530,Sunny,Day,0.07482638888888889,100.0,-4.0,21.255195999970056,auto
1768275384562,Sunny,Day,0.07178819444444444,100.0,-3.0,22.367398999904253,auto
1768275384594,Sunny,Day,0.09079861111111111,100.0,-5.0,20.57510800000273,auto
1768275384626,Sunny,Day,0.0822482638888889,100.0,-4.0,20.300381999959427,auto
1768275384654,Sunny,Day,0.08064236111111112,100.0,-3.0,15.290709999931096,auto
1768275384686,Sunny,Day,0.08042534722222222,100.0,0.0,23.74105299998064,auto
1768275384719,Sunny,Day,0.08658854166666667,100.0,1.0,25.191809000034482,auto
1768275384748,Sunny,Day,0.090234375,100.0,2.0,20.702444999983527,auto
1768275384780,Sunny,Day,0.07747395833333333,100.0,,23.025154999913866,auto
1768275384811,Sunny,Day,0.07981770833333333,100.0,,23.722295999959897,auto
1768275384844,Sunny,Day,0.07760416666666667,100.0,,24.75089699998989,auto
1768275384875,Sunny,Day,0.08190104166666666,100.0,8.0,22.89587399991433,auto
1768275384906,Sunny,Day,0.07947048611111111,100.0,,21.606321000035678,auto
1768275384938,Sunny,Day,0.07664930555555556,100.0,21.0,23.250517999940712,auto
1768275384969,Sunny,Day,0.07964409722222222,100.0,22.0,20.25316499998553,auto
1768275385000,Sunny,Day,0.08146701388888888,100.0,21.0,18.03748000008909,auto
1768275385033,Sunny,Day,0.08020833333333334,100.0,19.0,25.392044999989594,auto
1768275385062,Sunny,Day,0.0740017361111111,100.0,14.0,20.160065000027316,auto
1768275385095,Sunny,Day,0.07144097222222222,100.0,-3.0,24.73338100003275,auto
1768275385125,Sunny,Day,0.06983506944444444,100.0,-6.0,21.183575000009114,auto
1768275385157,Sunny,Day,0.07955729166666667,100.0,-8.0,23.033449999957156,auto
1768275385188,Sunny,Day,0.09626736111111112,100.0,-18.0,23.049689000004037,auto
1768275385221,Sunny,Day,0.09118923611111111,100.0,-17.0,22.518418000004203,auto
1768275385254,Sunny,Day,0.10260416666666666,100.0,-16.0,23.882813999989594,auto
1768275385283,Sunny,Day,0.10473090277777777,100.0,-12.0,18.662147999975787,auto
1768275385314,Sunny,Day,0.10325520833333333,100.0,-1.0,21.870587000080377,auto
1768275385345,Sunny,Day,0.09895833333333333,100.0,-3.0,20.484639000073912,auto
1768275385376,Sunny,Day,0.09852430555555555,100.0,1.0,23.566924999954608,auto
1768275385411,Sunny,Day,0.10551215277777778,100.0,26.0,26.821673999961604,auto
1768275385440,Sunny,Day,0.09956597222222222,100.0,10.0,16.892003999942062,auto
1768275385472,Sunny,Day,0.09253472222222223,100.0,6.0,22.722987000065586,auto
1768275385503,Sunny,Day,0.07786458333333333,100.0,-7.0,22.294611000006626,auto
1768275385536,Sunny,Day,0.09908854166666667,100.0,3.0,21.516277000046102,auto
1768275385566,Sunny,Day,0.09665798611111111,100.0,2.0,18.68062700009432,auto
1768275385597,Sunny,Day,0.095703125,100.0,4.0,22.83656700001302,auto
1768275385629,Sunny,Day,0.08875868055555555,100.0,-9.0,23.301881999941543,auto
1768275385661,Sunny,Day,0.08728298611111111,100.0,5.0,18.184407000035208,auto
1768275385690,Sunny,Day,0.08836805555555556,100.0,6.0,20.369428999970296,auto
1768275385723,Sunny,Day,0.08446180555555556,100.0,6.0,24.447413999951095,auto
1768275385753,Sunny,Day,0.0828125,100.0,-8.0,20.793472000036672,auto
1768275385786,Sunny,Day,0.08220486111111111,100.0,-9.0,22.52252900007079,auto
1768275385816,Sunny,Day,0.084375,100.0,-11.0,14.209631999960948,auto
1768275385847,Sunny,Day,0.08598090277777778,100.0,6.0,22.5298059999659,auto
1768275385878,Sunny,Day,0.081640625,100.0,9.0,22.972345999960453,auto
1768275385910,Sunny,Day,0.08016493055555556,100.0,-6.0,23.445958000024802,auto
1768275385943,Sunny,Day,0.08580729166666666,100.0,-6.0,20.602217000032397,auto
1768275385973,Sunny,Day,0.0818142361111111,100.0,-5.0,18.204164999929162,auto
1768275386005,Sunny,Day,0.07964409722222222,100.0,-4.0,23.498193000023093,auto
1768275386035,Sunny,Day,0.08098958333333334,100.0,-5.0,20.590034000065316,auto
1768275386069,Sunny,Day,0.08129340277777777,100.0,-6.0,25.135761000001366,auto
1768275386098,Sunny,Day,0.08663194444444444,100.0,-4.0,21.84325700000045,auto
1768275386130,Sunny,Day,0.07938368055555556,100.0,0.0,22.97812399990562,auto
1768275386165,Sunny,Day,0.08129340277777777,100.0,-1.0,26.169362000018737,auto
1768275386194,Sunny,Day,0.08550347222222222,100.0,-2.0,19.44574099991314,auto
1768275386224,Sunny,Day,0.085546875,100.0,1.0,18.202108999958,auto
1768275386258,Sunny,Day,0.08107638888888889,100.0,22.0,24.751713000000564,auto
1768275386287,Sunny,Day,0.080078125,100.0,3.0,20.218928999952368,auto
1768275386318,Sunny,Day,0.07751736111111111,100.0,1.0,21.788763000017752,auto
1768275386349,Sunny,Day,0.08246527777777778,100.0,0.0,19.6257569999716,auto
1768275386382,Sunny,Day,0.08003472222222222,100.0,-1.0,24.145913999973345,auto
1768275386410,Sunny,Day,0.07651909722222222,100.0,-1.0,20.18709900005433,auto
1768275386444,Sunny,Day,0.07578125,100.0,-1.0,27.34218700004476,auto
1768275386475,Sunny,Day,0.08072916666666667,100.0,-3.0,23.284902999989754,auto
1768275386505,Sunny,Day,0.07973090277777778,100.0,-2.0,18.69960599992737,auto
1768275386536,Sunny,Day,0.07999131944444444,100.0,1.0,23.170156999981373,auto
1768275386568,Sunny,Day,0.07526041666666666,100.0,-1.0,21.769061999975747,auto
1768275386601,Sunny,Day,0.07725694444444445,100.0,-1.0,26.17050999992898,auto
1768275386630,Sunny,Day,0.07890625,100.0,0.0,20.79358299999967,auto
1768275386662,Sunny,Day,0.07921006944444445,100.0,2.0,25.707064000016544,auto
1768275386693,Sunny,Day,0.07560763888888888,100.0,2.0,27.147710000008374,auto
1768275386724,Sunny,Day,0.07608506944444444,100.0,0.0,21.672535999982756,auto
1768275386758,Sunny,Day,0.07730034722222222,100.0,1.0,27.392977999966206,auto
1768275386787,Sunny,Day,0.07808159722222222,100.0,1.0,20.870204000061676,auto
1768275386820,Sunny,Day,0.07473958333333333,100.0,2.0,26.229262000015297,auto
1768275386850,Sunny,Day,0.07634548611111111,100.0,1.0,21.49546399994051,auto
1768275386884,Sunny,Day,0.07712673611111111,100.0,1.0,26.845320000006723,auto
1768275386914,Sunny,Day,0.07825520833333334,100.0,1.0,23.265443000013875,auto
1768275386944,Sunny,Day,0.07243923611111111,100.0,3.0,22.93429600001673,auto
1768275386977,Sunny,Day,0.07677951388888889,100.0,2.0,26.60530999992261,auto
1768275387007,Sunny,Day,0.07786458333333333,100.0,2.0,21.012558000052195,auto
1768275387038,Sunny,Day,0.07782118055555555,100.0,2.0,24.234403000036764,auto
1768275387071,Sunny,Day,0.07513020833333334,100.0,3.0,26.02486000000681,auto
1768275387102,Sunny,Day,0.07313368055555555,100.0,2.0,23.757700000032855,auto
1768275387132,Sunny,Day,0.07517361111111111,100.0,2.0,23.00547300001199,auto
1768275387165,Sunny,Day,0.07942708333333333,100.0,1.0,26.281774999915797,auto
1768275387196,Sunny,Day,0.07821180555555556,100.0,1.0,24.535831000093822,auto
1768275387227,Sunny,Day,0.07643229166666667,100.0,-13.0,23.308475000021645,auto
1768275387258,Sunny,Day,0.07365451388888888,100.0,-14.0,24.484929999971428,auto
1768275387292,Sunny,Day,0.076171875,100.0,-15.0,27.165300999968167,auto
1768275387320,Sunny,Day,0.07743055555555556,100.0,-12.0,21.810668000057376,auto
1768275387352,Sunny,Day,0.07100694444444444,100.0,-10.0,24.954947999958677,auto
1768275387383,Sunny,Day,0.06306423611111112,100.0,-8.0,24.837703000002875,auto
1768275387415,Sunny,Day,0.0681423611111111,100.0,-4.0,24.51637000001483,auto
1768275387446,Sunny,Day,0.07256944444444445,100.0,-19.0,23.93247500003781,auto
1768275387478,Sunny,Day,0.06792534722222222,100.0,,24.339409000049272,auto
1768275387509,Sunny,Day,0.057465277777777775,100.0,20.0,24.966075999941495,auto
1768275387542,Sunny,Day,0.0578125,100.0,,25.04730800001198,auto
1768275387572,Sunny,Day,0.06115451388888889,100.0,30.0,23.55007599999226,auto
1768275387603,Sunny,Day,0.05785590277777778,100.0,29.0,24.09538300003078,auto
1768275387636,Sunny,Day,0.04939236111111111,98.78472222222221,28.0,25.706342000034965,auto
1768275387666,Sunny,Day,0.04383680555555555,87.6736111111111,20.0,23.394168999971043,auto
1768275387699,Sunny,Day,0.04392361111111111,87.84722222222221,,26.67159999998603,auto
1768275387729,Sunny,Day,0.040625,81.25,10.0,23.04394999998749,auto
1768275387761,Sunny,Day,0.03389756944444444,67.79513888888889,,22.954738999942492,auto
1768275387793,Sunny,Day,0.041102430555555555,82.20486111111111,0.0,24.145228999941537,auto
1768275387826,Sunny,Day,0.05277777777777778,100.0,42.0,26.058707999936814,auto
1768275387855,Sunny,Day,0.0666232638888889,100.0,,20.935697000027176,auto
1768275387886,Sunny,Day,0.07452256944444445,100.0,,24.597102000029736,auto
1768275387918,Sunny,Day,0.06484375,100.0,,17.422885999963,auto
1768275387949,Sunny,Day,0.06853298611111111,100.0,,24.254974999962542,auto
1768275387980,Sunny,Day,0.07048611111111111,100.0,,24.922285000002375,auto
1768275388012,Sunny,Day,0.07178819444444444,100.0,-6.0,24.958022999953755,auto
1768275388043,Sunny,Day,0.09470486111111111,100.0,3.0,22.66493900003752,auto
1768275388076,Sunny,Day,0.08967013888888889,100.0,-4.0,26.307179000014003,auto
1768275388108,Sunny,Day,0.10151909722222222,100.0,14.0,24.859737999918252,auto
1768275388138,Sunny,Day,0.11150173611111111,100.0,12.0,21.654409000007036,auto
1768275388169,Sunny,Day,0.10394965277777778,100.0,14.0,22.93335299998489,auto
1768275388200,Sunny,Day,0.11019965277777778,100.0,13.0,24.603564000017286,auto
1768275388233,Sunny,Day,0.11493055555555555,100.0,14.0,24.590250999949603,auto
1768275388263,Sunny,Day,0.115234375,100.0,,23.204672000019855,auto
1768275388294,Sunny,Day,0.11514756944444444,100.0,66.0,24.424640999995972,auto
1768275388326,Sunny,Day,0.11636284722222222,100.0,8.0,24.454358999946635,auto
1768275388361,Sunny,Day,0.12565104166666666,100.0,64.0,27.680184999894664,auto
1768275388388,Sunny,Day,0.12430555555555556,100.0,,16.098170999953254,auto
1768275388420,Sunny,Day,0.1306423611111111,100.0,,24.631153999962407,auto
1768275388452,Sunny,Day,0.12960069444444444,100.0,-35.0,25.817699999947763,auto
1768275388482,Sunny,Day,0.12534722222222222,100.0,-37.0,22.993788999997378,auto
1768275388517,Sunny,Day,0.12122395833333334,100.0,-41.0,27.36729599996579,auto
1768275388546,Sunny,Day,0.12365451388888889,100.0,-40.0,16.81945600000745,auto
1768275388577,Sunny,Day,0.129296875,100.0,-38.0,23.435016000007636,auto
1768275388611,Sunny,Day,0.13997395833333334,100.0,-33.0,27.075274000026184,auto
1768275388639,Sunny,Day,0.13836805555555556,100.0,,20.751256000039575,auto
1768275388671,Sunny,Day,0.134375,100.0,,24.28110200003175,auto
1768275388702,Sunny,Day,0.12803819444444445,100.0,27.0,23.975341999971533,auto
1768275388734,Sunny,Day,0.11979166666666667,100.0,34.0,21.80290999990575,auto
1768275388766,Sunny,Day,0.11796875,100.0,36.0,22.969014000068455,auto
1768275388797,Sunny,Day,0.11857638888888888,100.0,37.0,23.865020000016557,auto
1768275388829,Sunny,Day,0.11297743055555555,100.0,32.0,20.396167999933823,auto
1768275388860,Sunny,Day,0.11536458333333334,100.0,31.0,24.26875100002235,auto
1768275388891,Sunny,Day,0.11519097222222222,100.0,28.0,24.517740999954185,auto
1768275388926,Sunny,Day,0.11705729166666666,100.0,22.0,28.663606999998592,auto
1768275388955,Sunny,Day,0.11770833333333333,100.0,20.0,21.748638999952163,auto
1768275388985,Sunny,Day,0.11831597222222222,100.0,19.0,21.633522000001904,auto
1768275389018,Sunny,Day,0.12361111111111112,100.0,19.0,23.961769000038657,auto
1768275389048,Sunny,Day,0.121484375,100.0,-5.0,18.341019999979835,auto
1768275389079,Sunny,Day,0.12690972222222222,100.0,14.0,24.722624999981235,auto
1768275389111,Sunny,Day,0.13185763888888888,100.0,14.0,24.399420999998256,auto
1768275389143,Sunny,Day,0.13428819444444445,100.0,,20.404519000067012,auto
1768275389173,Sunny,Day,0.135546875,100.0,,24.206628999991153,auto
1768275389205,Sunny,Day,0.13211805555555556,100.0,,24.803152000004047,auto
1768275389237,Sunny,Day,0.1341579861111111,100.0,-33.0,26.19117400001869,auto
1768275389268,Sunny,Day,0.13589409722222223,100.0,-34.0,20.27536700006749,auto
1768275389299,Sunny,Day,0.134765625,100.0,-35.0,23.977267999953256,auto
1768275389332,Sunny,Day,0.1290798611111111,100.0,-32.0,24.58532599996488,auto
1768275389362,Sunny,Day,0.13138020833333333,100.0,,23.445939999987786,auto
1768275389393,Sunny,Day,0.12894965277777778,100.0,23.0,24.79326399998172,auto
1768275389424,Sunny,Day,0.1284722222222222,100.0,31.0,23.8303950000045,auto
1768275389456,Sunny,Day,0.12977430555555555,100.0,37.0,22.036808999928326,auto
1768275389487,Sunny,Day,0.1275607638888889,100.0,36.0,24.63428299995485,auto
1768275389520,Sunny,Day,0.12443576388888888,100.0,32.0,25.91933600001539,auto
1768275389551,Sunny,Day,0.1267795138888889,100.0,29.0,22.907948000010947,auto
1768275389583,Sunny,Day,0.12734375,100.0,24.0,25.415173000055802,auto
1768275389613,Sunny,Day,0.1293402777777778,100.0,18.0,22.203697000009015,auto
1768275389645,Sunny,Day,0.12955729166666666,100.0,14.0,24.62572900003579,auto
1768275389676,Sunny,Day,0.12734375,100.0,11.0,24.83237100000224,auto
1768275389708,Sunny,Day,0.12565104166666666,100.0,8.0,21.204165999961333,auto
1768275389741,Sunny,Day,0.12447916666666667,100.0,-15.0,22.904132999997273,auto
1768275389770,Sunny,Day,0.12886284722222222,100.0,-17.0,21.22895900004096,auto
1768275389801,Sunny,Day,0.12842881944444445,100.0,-18.0,24.35566799999833,auto
1768275389834,Sunny,Day,0.12664930555555556,100.0,-16.0,25.839141999995263,auto
1768275389864,Sunny,Day,0.1310329861111111,100.0,-14.0,23.45447699997294,auto
1768275389895,Sunny,Day,0.13003472222222223,100.0,10.0,24.345038999967983,auto
1768275389927,Sunny,Day,0.1312934027777778,100.0,12.0,23.479103999989093,auto
1768275389958,Sunny,Day,0.13138020833333333,100.0,13.0,22.626350999985334,auto
1768275389991,Sunny,Day,0.128515625,100.0,11.0,19.614037999986067,auto
1768275390021,Sunny,Day,0.12569444444444444,100.0,11.0,23.895796000033442,auto
1768275390052,Sunny,Day,0.12126736111111111,100.0,8.0,24.932544999956008,auto
1768275390085,Sunny,Day,0.122265625,100.0,6.0,25.850289000004523,auto
1768275390115,Sunny,Day,0.11671006944444444,100.0,4.0,21.89340000006723,auto
1768275390147,Sunny,Day,0.11809895833333334,100.0,1.0,25.337479000086205,auto
1768275390178,Sunny,Day,0.11688368055555555,100.0,0.0,23.695762999977887,auto
1768275390209,Sunny,Day,0.110546875,100.0,-1.0,22.332755999968867,auto
1768275390242,Sunny,Day,0.11124131944444444,100.0,-2.0,24.205370999993647,auto
1768275390272,Sunny,Day,0.11067708333333333,100.0,-4.0,21.006836999958978,auto
1768275390304,Sunny,Day,0.11050347222222222,100.0,-5.0,25.092119000078128,auto
1768275390335,Sunny,Day,0.10924479166666666,100.0,-5.0,24.318134999930408,auto
1768275390366,Sunny,Day,0.10920138888888889,100.0,-5.0,24.543072000028587,auto
1768275390398,Sunny,Day,0.108984375,100.0,-6.0,24.900658999968073,auto
1768275390429,Sunny,Day,0.10368923611111111,100.0,-6.0,24.03403900007106,auto
1768275390460,Sunny,Day,0.10403645833333333,100.0,-7.0,22.814348999986578,auto
1768275390494,Sunny,Day,0.10234375,100.0,-6.0,26.395299000000705,auto
1768275390523,Sunny,Day,0.10282118055555556,100.0,-5.0,20.81737800006067,auto
1768275390556,Sunny,Day,0.10381944444444445,100.0,-3.0,25.870582999914404,auto
1768275390587,Sunny,Day,0.10342881944444444,100.0,-2.0,23.65476900001795,auto
1768275390617,Sunny,Day,0.10399305555555556,100.0,0.0,21.883715999933884,auto
1768275390649,Sunny,Day,0.10416666666666667,100.0,2.0,25.013924000063525,auto
1768275390680,Sunny,Day,0.10572916666666667,100.0,4.0,24.122269000031338,auto
1768275390712,Sunny,Day,0.10603298611111112,100.0,5.0,23.29506900002798,auto
1768275390744,Sunny,Day,0.10260416666666666,100.0,4.0,23.86726199995337,auto
1768275390774,Sunny,Day,0.11085069444444444,100.0,9.0,22.891821000030177,auto
1768275390807,Sunny,Day,0.11180555555555556,100.0,9.0,24.209519000010005,auto
1768275390837,Sunny,Day,0.11293402777777778,100.0,9.0,21.15407899998445,auto
1768275390869,Sunny,Day,0.11145833333333334,100.0,9.0,24.70085000004474,auto
1768275390900,Sunny,Day,0.10616319444444444,100.0,2.0,24.466562000043268,auto
1768275390931,Sunny,Day,0.10477430555555556,100.0,1.0,18.813557999919794,auto
1768275390964,Sunny,Day,0.11510416666666666,100.0,17.0,26.092891000075724,auto
1768275390995,Sunny,Day,0.120703125,100.0,21.0,22.43304099999932,auto
1768275391026,Sunny,Day,0.12569444444444444,100.0,22.0,23.938864999990983,auto
1768275391061,Sunny,Day,0.12925347222222222,100.0,23.0,27.847981999912008,auto
1768275391089,Sunny,Day,0.12630208333333334,100.0,19.0,20.121089999975084,auto
1768275391120,Sunny,Day,0.12248263888888888,100.0,13.0,24.51307599994834,auto
1768275391153,Sunny,Day,0.1271701388888889,100.0,9.0,26.65350999996008,auto
1768275391184,Sunny,Day,0.13125,100.0,-15.0,23.85417100003906,auto
1768275391216,Sunny,Day,0.1265625,100.0,-19.0,22.743801000046915,auto
1768275391245,Sunny,Day,0.13029513888888888,100.0,-20.0,22.22743499999069,auto
1768275391278,Sunny,Day,0.12821180555555556,100.0,-20.0,26.499047000015707,auto
1768275391308,Sunny,Day,0.13268229166666667,100.0,-17.0,22.29533500008074,auto
1768275391341,Sunny,Day,0.13198784722222223,100.0,9.0,25.83580999998958,auto
1768275391371,Sunny,Day,0.13671875,100.0,15.0,19.53204699998423,auto
1768275391406,Sunny,Day,0.1368923611111111,100.0,19.0,25.71591600008105,auto
1768275391436,Sunny,Day,0.136328125,100.0,22.0,18.5675860000174,auto
1768275391469,Sunny,Day,0.13641493055555556,100.0,22.0,23.35922899999332,auto
1768275391499,Sunny,Day,0.13172743055555555,100.0,18.0,20.30629000000772,auto
1768275391531,Sunny,Day,0.134765625,100.0,14.0,24.356371000067156,auto
1768275391561,Sunny,Day,0.13550347222222223,100.0,10.0,21.532664999995177,auto
1768275391597,Sunny,Day,0.1314670138888889,100.0,6.0,27.37400000000889,auto
1768275391624,Sunny,Day,0.12955729166666666,100.0,-20.0,18.737010999984705,auto
1768275391656,Sunny,Day,0.13012152777777777,100.0,-22.0,22.867398000016692,auto
1768275391688,Sunny,Day,0.12834201388888888,100.0,-24.0,19.28344600003129,auto
1768275391718,Sunny,Day,0.12881944444444443,100.0,-23.0,21.12889800002904,auto
1768275391750,Sunny,Day,0.12981770833333334,100.0,-21.0,19.798663999949895,auto
1768275391782,Sunny,Day,0.1330295138888889,100.0,-19.0,23.515674000009312,auto
1768275391815,Sunny,Day,0.1373263888888889,100.0,-17.0,23.845469000093544,auto
1768275391845,Sunny,Day,0.1369357638888889,100.0,-15.0,17.367133999982798,auto
1768275391876,Sunny,Day,0.13901909722222222,100.0,-14.0,21.0129299999835,auto
1768275391909,Sunny,Day,0.14110243055555555,100.0,-12.0,22.977625999942575,auto
1768275391938,Sunny,Day,0.14049479166666667,100.0,-10.0,19.23945199996524,auto
1768275391971,Sunny,Day,0.14131944444444444,100.0,-8.0,23.853541999983463,auto
1768275392001,Sunny,Day,0.14370659722222223,100.0,-6.0,20.322844000020268,auto
1768275392034,Sunny,Day,0.14657118055555557,100.0,-4.0,24.610249000033946,auto
1768275392063,Sunny,Day,0.14592013888888888,100.0,26.0,20.42198100002679,auto
1768275392097,Sunny,Day,0.14366319444444445,100.0,28.0,22.55130499997904,auto
1768275392127,Sunny,Day,0.14913194444444444,100.0,30.0,20.041210999920622,auto
1768275392159,Sunny,Day,0.146484375,100.0,-2.0,18.47457899998517,auto
1768275392192,Sunny,Day,0.14401041666666667,100.0,-5.0,24.101568999981282,auto
1768275392221,Sunny,Day,0.14184027777777777,100.0,-9.0,18.538200000079996,auto
1768275392252,Sunny,Day,0.14088541666666668,100.0,-11.0,22.825977000024977,auto
1768275392286,Sunny,Day,0.14262152777777778,100.0,-10.0,25.238473000058548,auto
1768275392315,Sunny,Day,0.14565972222222223,100.0,-7.0,17.969322999988435,auto
1768275392348,Sunny,Day,0.14926215277777777,100.0,-6.0,24.96883699996033,auto
1768275392377,Sunny,Day,0.1556423611111111,100.0,-4.0,21.55986600007509,auto
1768275392412,Sunny,Day,0.15460069444444444,100.0,-1.0,26.147218000005523,auto
1768275392441,Sunny,Day,0.15112847222222223,100.0,0.0,17.716316000019106,auto
1768275392473,Sunny,Day,0.15086805555555555,100.0,1.0,20.362284000043473,auto
1768275392504,Sunny,Day,0.15247395833333333,100.0,35.0,21.17637400010608,auto
1768275392534,Sunny,Day,0.15182291666666667,100.0,35.0,21.60436100007246,auto
1768275392566,Sunny,Day,0.15177951388888888,100.0,35.0,20.731462999947325,auto
1768275392602,Sunny,Day,0.15347222222222223,100.0,0.0,27.44595499996194,auto
1768275392630,Sunny,Day,0.14774305555555556,100.0,-4.0,17.488674999981413,auto
1768275392661,Sunny,Day,0.1449652777777778,100.0,-9.0,21.142896000014844,auto
1768275392693,Sunny,Day,0.13815104166666667,100.0,-13.0,19.85621300002549,auto
1768275392723,Sunny,Day,0.14244791666666667,100.0,14.0,19.218899000065903,auto
1768275392755,Sunny,Day,0.14110243055555555,100.0,14.0,14.537743000005321,auto
1768275392787,Sunny,Day,0.13784722222222223,100.0,16.0,20.723056999941036,auto
1768275392817,Sunny,Day,0.14153645833333334,100.0,18.0,16.247468999949888,auto
1768275392850,Sunny,Day,0.13728298611111112,100.0,16.0,25.530790000061643,auto
1768275392879,Sunny,Day,0.1388454861111111,100.0,14.0,20.517877000088447,auto
1768275392913,Sunny,Day,0.13159722222222223,100.0,8.0,25.975053000024673,auto
1768275392943,Sunny,Day,0.13207465277777777,100.0,5.0,19.74057899997206,auto
1768275392975,Sunny,Day,0.12981770833333334,100.0,-22.0,21.828611999922032,auto
1768275393008,Sunny,Day,0.1267361111111111,100.0,-24.0,24.523240999997142,auto
1768275393038,Sunny,Day,0.12808159722222223,100.0,-24.0,21.292230999961248,auto
1768275393068,Sunny,Day,0.127734375,100.0,-23.0,20.782419999932245,auto
1768275393102,Sunny,Day,0.13055555555555556,100.0,1.0,25.04558700002235,auto
1768275393132,Sunny,Day,0.13407118055555556,100.0,6.0,17.35091399996236,auto
1768275393167,Sunny,Day,0.13923611111111112,100.0,13.0,22.257136999996874,auto
1768275393196,Sunny,Day,0.138671875,100.0,19.0,16.148851000025388,auto
1768275393226,Sunny,Day,0.13619791666666667,100.0,20.0,23.01912200005063,auto
1768275393257,Sunny,Day,0.13394097222222223,100.0,18.0,20.902997999996842,auto
1768275393288,Sunny,Day,0.12947048611111112,100.0,15.0,23.83937699994476,auto
1768275393320,Sunny,Day,0.12769097222222223,100.0,10.0,23.90262899996287,auto
1768275393352,Sunny,Day,0.12764756944444444,100.0,6.0,23.850765000020147,auto
1768275393383,Sunny,Day,0.1247829861111111,100.0,1.0,20.354025999949954,auto
1768275393418,Sunny,Day,0.12417534722222222,100.0,-2.0,27.209407999976065,auto
1768275393446,Sunny,Day,0.12421875,100.0,-1.0,14.935808000018369,auto
1768275393477,Sunny,Day,0.1256076388888889,100.0,-1.0,22.847808000051373,auto
1768275393509,Sunny,Day,0.12491319444444444,100.0,0.0,23.36907999995219,auto
1768275393540,Sunny,Day,0.1265625,100.0,2.0,22.64683199996398,auto
1768275393571,Sunny,Day,0.12703993055555557,100.0,2.0,22.72298899993075,auto
1768275393606,Sunny,Day,0.12764756944444444,100.0,1.0,26.37591399991379,auto
1768275393636,Sunny,Day,0.12703993055555557,100.0,1.0,19.385527999929764,auto
1768275393665,Sunny,Day,0.1273871527777778,100.0,1.0,18.973834999997052,auto
1768275393697,Sunny,Day,0.12708333333333333,100.0,1.0,23.095094000041172,auto
1768275393728,Sunny,Day,0.12730034722222222,100.0,1.0,22.928612999976394,auto
1768275393759,Sunny,Day,0.127734375,100.0,3.0,22.861842999986948,auto
1768275393791,Sunny,Day,0.12582465277777777,100.0,3.0,23.06665300000077,auto
1768275393822,Sunny,Day,0.1267795138888889,100.0,2.0,23.013918000060585,auto
1768275393854,Sunny,Day,0.12682291666666667,100.0,2.0,23.417223000024023,auto
1768275393886,Sunny,Day,0.12734375,100.0,1.0,23.670951999974932,auto
1768275393920,Sunny,Day,0.12625868055555556,100.0,1.0,23.21143199992548,auto
1768275393950,Sunny,Day,0.12708333333333333,100.0,4.0,16.597779999983686,auto
1768275393980,Sunny,Day,0.12760416666666666,100.0,5.0,20.50084200004676,auto
1768275394012,Sunny,Day,0.12565104166666666,100.0,4.0,24.20494599994072,auto
1768275394042,Sunny,Day,0.12621527777777777,100.0,1.0,20.151437999970767,auto
1768275394076,Sunny,Day,0.12513020833333333,100.0,4.0,25.3705310000214,auto
1768275394106,Sunny,Day,0.12391493055555555,100.0,3.0,21.275121999906332,auto
1768275394136,Sunny,Day,0.12530381944444444,100.0,0.0,18.373608999922908,auto
1768275394168,Sunny,Day,0.12248263888888888,100.0,4.0,22.88674799990531,auto
1768275394199,Sunny,Day,0.124609375,100.0,4.0,22.440281999934086,auto
1768275394234,Sunny,Day,0.123046875,100.0,4.0,25.883564999958253,auto
1768275394262,Sunny,Day,0.12230902777777777,100.0,4.0,19.111264000002848,auto
1768275394293,Sunny,Day,0.12222222222222222,100.0,3.0,22.604633000014474,auto
1768275394328,Sunny,Day,0.12144097222222222,100.0,4.0,26.341825999907087,auto
1768275394357,Sunny,Day,0.12139756944444445,100.0,4.0,17.59560799996507,auto
1768275394387,Sunny,Day,0.11979166666666667,100.0,5.0,18.31306200006111,auto
1768275394419,Sunny,Day,0.11927083333333334,100.0,5.0,23.078632999954607,auto
1768275394450,Sunny,Day,0.11857638888888888,100.0,4.0,22.646979999990435,auto
1768275394482,Sunny,Day,0.11640625,100.0,4.0,22.71508299998004,auto
1768275394513,Sunny,Day,0.11579861111111112,100.0,,22.763078000025416,auto
1768275394545,Sunny,Day,0.11471354166666667,100.0,,17.811434000009285,auto
1768275394576,Sunny,Day,0.11384548611111112,100.0,5.0,22.45618800009197,auto
1768275394608,Sunny,Day,0.11453993055555556,100.0,5.0,20.725926999944022,auto
1768275394639,Sunny,Day,0.11341145833333334,100.0,,18.26932599999509,auto
1768275394670,Sunny,Day,0.11106770833333333,100.0,,22.258247999957348,auto
1768275394702,Sunny,Day,0.11076388888888888,100.0,,23.895240999991074,auto
1768275394732,Sunny,Day,0.10989583333333333,100.0,,21.614526000007572,auto
1768275394764,Sunny,Day,0.10911458333333333,100.0,,23.589498999967873,auto
1768275394795,Sunny,Day,0.10850694444444445,100.0,,21.341725000070255,auto
1768275394827,Sunny,Day,0.10828993055555555,100.0,,22.617612999965786,auto
1768275394859,Sunny,Day,0.10946180555555556,100.0,,21.246774000019286,auto
1768275394894,Sunny,Day,0.10837673611111111,100.0,6.0,25.386492999928123,auto
1768275394921,Sunny,Day,0.109375,100.0,,14.672560999997586,auto
1768275394952,Sunny,Day,0.10881076388888888,100.0,,22.035976999973172,auto
1768275394983,Sunny,Day,0.10963541666666667,100.0,,21.849628000040866,auto
1768275395015,Sunny,Day,0.10954861111111111,100.0,,22.400471999958427,auto
1768275395046,Sunny,Day,0.1109375,100.0,,23.460681000074146,auto
1768275395077,Sunny,Day,0.1091579861111111,100.0,,23.416354000005413,auto
1768275395109,Sunny,Day,0.10933159722222222,100.0,,24.127047999968454,auto
1768275395143,Sunny,Day,0.11032986111111111,100.0,,24.937600999919596,auto
1768275395172,Sunny,Day,0.10985243055555556,100.0,,19.604780999998184,auto
1768275395204,Sunny,Day,0.10920138888888889,100.0,,22.52156899999136,auto
1768275395235,Sunny,Day,0.10980902777777778,100.0,,22.76548499992259,auto
1768275395267,Sunny,Day,0.11015625,100.0,,22.68773399998736,auto
1768275395300,Sunny,Day,0.11059027777777777,100.0,,19.78003700003228,auto
1768275395328,Sunny,Day,0.109765625,100.0,,20.12808999995741,auto
1768275395360,Sunny,Day,0.11032986111111111,100.0,,23.459440000010545,auto
1768275395391,Sunny,Day,0.11176215277777778,100.0,,22.721990000036385,auto
1768275395424,Sunny,Day,0.11076388888888888,100.0,,23.548226000002614,auto
1768275395455,Sunny,Day,0.109765625,100.0,,22.653479000041443,auto
1768275395487,Sunny,Day,0.11041666666666666,100.0,,22.47335300000941,auto
1768275395518,Sunny,Day,0.10972222222222222,100.0,,22.131874000024254,auto
1768275395550,Sunny,Day,0.11128472222222222,100.0,,23.071689999937917,auto
1768275395585,Sunny,Day,0.11115451388888889,100.0,,25.338090999980523,auto
1768275395612,Sunny,Day,0.11089409722222222,100.0,,17.77021700002024,auto
1768275395643,Sunny,Day,0.11171875,100.0,,22.42135800008782,auto
1768275395675,Sunny,Day,0.11119791666666666,100.0,,22.788371000046936,auto
1768275395706,Sunny,Day,0.11180555555555556,100.0,,22.37401200000022,auto
1768275395737,Sunny,Day,0.11141493055555556,100.0,,22.669737000001078,auto
1768275395769,Sunny,Day,0.11067708333333333,100.0,,21.94883899994693,auto
1768275395802,Sunny,Day,0.11072048611111111,100.0,,23.25129900009415,auto
1768275395832,Sunny,Day,0.11236979166666666,100.0,,21.178448999989996,auto
1768275395862,Sunny,Day,0.11202256944444444,100.0,,22.632649000001948,auto
1768275395897,Sunny,Day,0.11141493055555556,100.0,,22.499627000001965,auto
1768275395926,Sunny,Day,0.11128472222222222,100.0,,18.63657800004148,auto
1768275395957,Sunny,Day,0.11202256944444444,100.0,,22.64542500006428,auto
1768275395989,Sunny,Day,0.11480034722222222,100.0,,20.633253000028162,auto
1768275396021,Sunny,Day,0.11597222222222223,100.0,,20.741740000062237,auto
1768275396050,Sunny,Day,0.11592881944444444,100.0,,21.34226199996192,auto
1768275396082,Sunny,Day,0.11657986111111111,100.0,,23.706448999973873,auto
1768275396113,Sunny,Day,0.11801215277777778,100.0,,18.819687000018348,auto
1768275396145,Sunny,Day,0.11857638888888888,100.0,,23.275944000033633,auto
1768275396178,Sunny,Day,0.11788194444444444,100.0,,25.111691999995855,auto
1768275396209,Sunny,Day,0.11909722222222222,100.0,,22.0070369999803,auto
1768275396239,Sunny,Day,0.11258680555555556,100.0,,22.670717999972112,auto
1768275396272,Sunny,Day,0.1154513888888889,100.0,,23.74159300006795,auto
1768275396304,Sunny,Day,0.1171875,100.0,,21.68864800000847,auto
1768275396334,Sunny,Day,0.11848958333333333,100.0,,21.187873000030777,auto
1768275396366,Sunny,Day,0.11618923611111111,100.0,,23.83884100004252,auto
1768275396397,Sunny,Day,0.11176215277777778,100.0,,21.132435000026817,auto
1768275396428,Sunny,Day,0.11744791666666667,100.0,,17.745775999969737,auto
1768275396459,Sunny,Day,0.11788194444444444,100.0,,19.523178999975244,auto
1768275396492,Sunny,Day,0.11853298611111111,100.0,,24.61836099996617,auto
1768275396522,Sunny,Day,0.11584201388888889,100.0,,20.524820999980875,auto
1768275396553,Sunny,Day,0.11662326388888888,100.0,,20.244206000029408,auto
1768275396584,Sunny,Day,0.11675347222222222,100.0,,22.827885999959108,auto
1768275396617,Sunny,Day,0.11688368055555555,100.0,33.0,20.304236000015408,auto
1768275396649,Sunny,Day,0.11371527777777778,100.0,34.0,19.919502999982797,auto
1768275396680,Sunny,Day,0.11310763888888889,100.0,35.0,24.134731999993164,auto
1768275396711,Sunny,Day,0.11336805555555556,100.0,,17.090481999957774,auto
1768275396743,Sunny,Day,0.12508680555555557,100.0,,23.28209099994183,auto
1768275396773,Sunny,Day,0.12408854166666666,100.0,,19.69110400000318,auto
1768275396805,Sunny,Day,0.12230902777777777,100.0,,24.64171000008264,auto
1768275396837,Sunny,Day,0.11948784722222222,100.0,,22.67212600008861,auto
1768275396868,Sunny,Day,0.11818576388888889,100.0,,17.0858539999017,auto
1768275396902,Sunny,Day,0.11484375,100.0,,24.841760999947837,auto
1768275396932,Sunny,Day,0.11475694444444444,100.0,,21.38864599999124,auto
1768275396962,Sunny,Day,0.11401909722222223,100.0,,21.134582999934537,auto
1768275396994,Sunny,Day,0.11584201388888889,100.0,,23.967880999975932,auto
1768275397025,Sunny,Day,0.11566840277777778,100.0,,19.678439000017534,auto
1768275397056,Sunny,Day,0.11497395833333333,100.0,,21.41949500003193,auto
1768275397088,Sunny,Day,0.11427951388888889,100.0,,22.425913000006403,auto
1768275397119,Sunny,Day,0.11189236111111112,100.0,,20.089854000048035,auto
1768275397153,Sunny,Day,0.11236979166666666,100.0,,24.726404000034563,auto
1768275397182,Sunny,Day,0.11180555555555556,100.0,,19.92281799994089,auto
1768275397213,Sunny,Day,0.11341145833333334,100.0,,22.092230999987805,auto
1768275397246,Sunny,Day,0.11319444444444444,100.0,,23.886242999992646,auto
1768275397276,Sunny,Day,0.11488715277777778,100.0,,21.304729999997107,auto
1768275397307,Sunny,Day,0.11493055555555555,100.0,,23.178566000069623,auto
1768275397339,Sunny,Day,0.11640625,100.0,,22.987385999954313,auto
1768275397370,Sunny,Day,0.11506076388888889,100.0,,22.610632999999325,auto
1768275397402,Sunny,Day,0.11336805555555556,100.0,,23.621532999982264,auto
1768275397432,Sunny,Day,0.11341145833333334,100.0,,19.66434799999206,auto
1768275397464,Sunny,Day,0.11319444444444444,100.0,,18.59886199997618,auto
1768275397498,Sunny,Day,0.110546875,100.0,,25.641279000069517,auto
1768275397527,Sunny,Day,0.109375,100.0,,20.083354999997027,auto
1768275397560,Sunny,Day,0.107421875,100.0,,25.305169000034766,auto
1768275397589,Sunny,Day,0.1076388888888889,100.0,,19.914429999971617,auto
1768275397620,Sunny,Day,0.10407986111111112,100.0,,20.858152999949198,auto
1768275397652,Sunny,Day,0.10160590277777778,100.0,,23.386782999978095,auto
1768275397683,Sunny,Day,0.10182291666666667,100.0,,22.55882500003281,auto
1768275397715,Sunny,Day,0.10221354166666667,100.0,,23.495715000080963,auto
1768275397746,Sunny,Day,0.10043402777777778,100.0,,23.15560599993205,auto
1768275397781,Sunny,Day,0.10043402777777778,100.0,,26.33373499998015,auto
1768275397811,Sunny,Day,0.09696180555555556,100.0,,20.311773000003086,auto
1768275397841,Sunny,Day,0.09709201388888888,100.0,,17.870594999976674,auto
1768275397873,Sunny,Day,0.09583333333333334,100.0,,19.8865620000106,auto
1768275397909,Sunny,Day,0.09388020833333334,100.0,,26.66838100003588,auto
1768275397937,Sunny,Day,0.09144965277777778,100.0,,19.56837699992775,auto
1768275397966,Sunny,Day,0.09296875,100.0,,20.598645999939436,auto
1768275397997,Sunny,Day,0.09266493055555555,100.0,,20.93605100003515,auto
1768275398029,Sunny,Day,0.09136284722222222,100.0,,23.171364000063477,auto
1768275398060,Sunny,Day,0.088671875,100.0,,18.705424000017956,auto
1768275398093,Sunny,Day,0.08884548611111111,100.0,,24.604326000030596,auto
1768275398124,Sunny,Day,0.0881076388888889,100.0,,20.58499899999333,auto
1768275398155,Sunny,Day,0.08776041666666666,100.0,,17.94464199997492,auto
1768275398186,Sunny,Day,0.08611111111111111,100.0,,22.826460000032966,auto
1768275398217,Sunny,Day,0.0859375,100.0,,23.031138999954237,auto
1768275398249,Sunny,Day,0.08433159722222222,100.0,,22.139670000001388,auto
1768275398281,Sunny,Day,0.08567708333333333,100.0,,23.37421100003212,auto
1768275398312,Sunny,Day,0.08263888888888889,100.0,,23.072189999993498,auto
1768275398344,Sunny,Day,0.08033854166666667,100.0,,22.90061799999421,auto
1768275398375,Sunny,Day,0.08276909722222223,100.0,,21.74630900003649,auto
1768275398408,Sunny,Day,0.08342013888888888,100.0,,23.1888619999836,auto
1768275398438,Sunny,Day,0.07973090277777778,100.0,,21.036706000018057,auto
1768275398468,Sunny,Day,0.07899305555555555,100.0,,22.16479599997001,auto
1768275398500,Sunny,Day,0.0783420138888889,100.0,,20.252872000014577,auto
1768275398532,Sunny,Day,0.077734375,100.0,,23.5788910000565,auto
1768275398563,Sunny,Day,0.07699652777777778,100.0,,22.247287000027427,auto
1768275398595,Sunny,Day,0.075390625,100.0,,23.5280069999817,auto
1768275398627,Sunny,Day,0.07504340277777778,100.0,,23.246688999961407,auto
1768275398659,Sunny,Day,0.07608506944444444,100.0,,22.20547699994313,auto
1768275398689,Sunny,Day,0.07578125,100.0,,20.30229199999667,auto
1768275398719,Sunny,Day,0.07452256944444445,100.0,,21.885125000039807,auto
1768275398751,Sunny,Day,0.075,100.0,,22.19795900009558,auto
1768275398782,Sunny,Day,0.07612847222222222,100.0,,23.944311000036578,auto
1768275398814,Sunny,Day,0.07868923611111112,100.0,,23.93110900004558,auto
1768275398846,Sunny,Day,0.07677951388888889,100.0,,22.719658000028176,auto
1768275398878,Sunny,Day,0.07873263888888889,100.0,,21.848445000046013,auto
1768275398908,Sunny,Day,0.07907986111111111,100.0,,22.14916900004482,auto
1768275398940,Sunny,Day,0.080859375,100.0,,22.65470199995434,auto
1768275398971,Sunny,Day,0.08307291666666666,100.0,,22.581563000017013,auto
1768275399003,Sunny,Day,0.08285590277777778,100.0,,19.84782699992138,auto
1768275399034,Sunny,Day,0.0828125,100.0,,22.086693999995077,auto
1768275399065,Sunny,Day,0.08506944444444445,100.0,,22.461761999920782,auto
1768275399096,Sunny,Day,0.08515625,100.0,,23.394614999915575,auto
1768275399128,Sunny,Day,0.08407118055555556,100.0,,22.807277999959297,auto
1768275399159,Sunny,Day,0.08645833333333333,100.0,,23.00971700003629,auto
1768275399191,Sunny,Day,0.088671875,100.0,,20.78153200000088,auto
1768275399223,Sunny,Day,0.08919270833333333,100.0,,23.383617000035883,auto
1768275399254,Sunny,Day,0.08897569444444445,100.0,,21.90791900000022,auto
1768275399285,Sunny,Day,0.08949652777777778,100.0,,22.44937500006472,auto
1768275399317,Sunny,Day,0.09175347222222222,100.0,,22.65392399999655,auto
1768275399350,Sunny,Day,0.096484375,100.0,,24.97580099998231,auto
1768275399380,Sunny,Day,0.09769965277777778,100.0,,20.036656999991465,auto
1768275399411,Sunny,Day,0.10234375,100.0,,22.56360199999108,auto
1768275399443,Sunny,Day,0.10503472222222222,100.0,,23.16273500002808,auto
1768275399474,Sunny,Day,0.10815972222222223,100.0,,21.60015899994505,auto
1768275399505,Sunny,Day,0.10842013888888889,100.0,,22.222735000013927,auto
1768275399536,Sunny,Day,0.11527777777777778,100.0,,21.733253999968838,auto
1768275399568,Sunny,Day,0.11618923611111111,100.0,,22.910969000008663,auto
1768275399600,Sunny,Day,0.12191840277777778,100.0,,21.475285000065014,auto
1768275399631,Sunny,Day,0.12161458333333333,100.0,,21.831965000046694,auto
1768275399663,Sunny,Day,0.12387152777777778,100.0,,23.39293100010309,auto
1768275399694,Sunny,Day,0.12595486111111112,100.0,,16.76827999995112,auto
1768275399724,Sunny,Day,0.13190104166666666,100.0,,18.08886599997095,auto
1768275399756,Sunny,Day,0.13185763888888888,100.0,,23.117499999898428,auto
1768275399788,Sunny,Day,0.13880208333333333,100.0,,23.504881000008027,auto
1768275399822,Sunny,Day,0.1401909722222222,100.0,,25.644056000032833,auto
1768275399851,Sunny,Day,0.1458767361111111,100.0,,19.78972300003079,auto
1768275399882,Sunny,Day,0.1490451388888889,100.0,,22.19612600003984,auto
1768275399915,Sunny,Day,0.15238715277777778,100.0,,23.522731000070962,auto
1768275399944,Sunny,Day,0.16019965277777778,100.0,,22.94377999999142,auto
1768275399975,Sunny,Day,0.1603298611111111,100.0,,23.329808999960733,auto
1768275400006,Sunny,Day,0.16462673611111112,100.0,,16.838048999943567,auto
1768275400038,Sunny,Day,0.16953125,100.0,,21.578106999982083,auto
1768275400071,Sunny,Day,0.17269965277777777,100.0,,24.54540700000507,auto
1768275400101,Sunny,Day,0.1779079861111111,100.0,,20.2659079999421,auto
1768275400133,Sunny,Day,0.18094618055555556,100.0,,23.51921299998594,auto
1768275400164,Sunny,Day,0.18255208333333334,100.0,,22.49951700002839,auto
1768275400195,Sunny,Day,0.18020833333333333,100.0,,22.844476000045688,auto
1768275400229,Sunny,Day,0.18042534722222223,100.0,,25.112618999969527,auto
1768275400259,Sunny,Day,0.1783420138888889,100.0,,20.54693100001259,auto
1768275400291,Sunny,Day,0.17582465277777778,100.0,,23.183455999969738,auto
1768275400322,Sunny,Day,0.1712673611111111,100.0,,18.970947999946475,auto
1768275400352,Sunny,Day,0.16853298611111112,100.0,,19.818608000036875,auto
1768275400384,Sunny,Day,0.1636284722222222,100.0,,23.413280999989183,auto
1768275400416,Sunny,Day,0.15794270833333332,100.0,,19.450133000077585,auto
1768275400447,Sunny,Day,0.14982638888888888,100.0,,20.483309000042027,auto
1768275400478,Sunny,Day,0.14856770833333333,100.0,,22.48798099992655,auto
1768275400511,Sunny,Day,0.14535590277777777,100.0,,22.661034999941876,auto
1768275400541,Sunny,Day,0.14609375,100.0,,21.592677999933585,auto
1768275400572,Sunny,Day,0.144921875,100.0,,22.61802100008481,auto
1768275400606,Sunny,Day,0.14379340277777777,100.0,,25.719213999991553,auto
1768275400636,Sunny,Day,0.14314236111111112,100.0,,20.923516000038944,auto
1768275400667,Sunny,Day,0.143359375,100.0,,22.50386800005799,auto
1768275400698,Sunny,Day,0.1443142361111111,100.0,,23.097503000030883,auto
1768275400730,Sunny,Day,0.1449652777777778,100.0,,23.675102000083825,auto
1768275400760,Sunny,Day,0.14561631944444445,100.0,,19.76361499998802,auto
1768275400794,Sunny,Day,0.14761284722222223,100.0,,25.145855999994637,auto
1768275400824,Sunny,Day,0.14917534722222223,100.0,,21.64200599997912,auto
1768275400856,Sunny,Day,0.14908854166666666,100.0,,26.46768300007807,manual
1768275400888,Sunny,Day,0.14809027777777778,100.0,,18.872922000014114,manual
1768275400918,Sunny,Day,0.15052083333333333,100.0,,19.592504999991434,manual
1768275400947,Sunny,Day,0.15169270833333334,100.0,,21.719275000009475,manual
1768275400978,Sunny,Day,0.15138888888888888,100.0,,23.745187000031365,manual
1768275401011,Sunny,Day,0.15164930555555556,100.0,,24.947711999971034,manual
1768275401042,Sunny,Day,0.15108506944444444,100.0,,22.617688999957863,manual
1768275401073,Sunny,Day,0.14644097222222222,100.0,,23.609221000015168,manual
1768275401104,Sunny,Day,0.14678819444444444,100.0,,23.535156000093593,manual
1768275401135,Sunny,Day,0.14657118055555557,100.0,,24.060057000042434,manual
1768275401166,Sunny,Day,0.14817708333333332,100.0,,24.17893200004073,manual
1768275401199,Sunny,Day,0.1480034722222222,100.0,,26.717634999954498,manual
1768275401231,Sunny,Day,0.14700520833333333,100.0,,24.05137300002025,manual
1768275401262,Sunny,Day,0.14748263888888888,100.0,,23.74124299990399,manual
1768275401292,Sunny,Day,0.14479166666666668,100.0,,24.066723000032653,manual
1768275401323,Sunny,Day,0.14557291666666666,100.0,,25.04197899997962,manual
1768275401355,Sunny,Day,0.1460503472222222,100.0,,25.334167999972124,manual
1768275401386,Sunny,Day,0.14205729166666667,100.0,,24.660024000013436,manual
1768275401418,Sunny,Day,0.140625,100.0,,25.171964000037406,manual
1768275401450,Sunny,Day,0.14227430555555556,100.0,,25.697903000036604,manual
1768275401482,Sunny,Day,0.13880208333333333,100.0,,25.849884999956885,manual
1768275401513,Sunny,Day,0.1404079861111111,100.0,,24.349263999965842,manual
1768275401543,Sunny,Day,0.1401909722222222,100.0,,24.060668000061014,manual
1768275401575,Sunny,Day,0.14088541666666668,100.0,,23.81127099999958,manual
1768275401606,Sunny,Day,0.140234375,100.0,,24.95828500002517,manual
1768275401639,Sunny,Day,0.14036458333333332,100.0,,26.18791899999451,manual
1768275401669,Sunny,Day,0.14210069444444445,100.0,,23.887744000035127,manual
1768275401700,Sunny,Day,0.13893229166666668,100.0,,24.628175999964697,manual
1768275401731,Sunny,Day,0.1392795138888889,100.0,,25.273712000057458,manual
1768275401763,Sunny,Day,0.14066840277777778,100.0,,24.520004000009976,manual
1768275401794,Sunny,Day,0.1392795138888889,100.0,,22.469188000059148,manual
1768275401826,Sunny,Day,0.13901909722222222,100.0,,25.133357999948203,manual
1768275401859,Sunny,Day,0.13780381944444445,100.0,,25.95768699995915,manual
1768275401890,Sunny,Day,0.1368923611111111,100.0,,24.335654999958933,manual
1768275401921,Sunny,Day,0.1384982638888889,100.0,,25.19577600003231,manual
1768275401951,Sunny,Day,0.13767361111111112,100.0,,22.13541100002203,manual
1768275401983,Sunny,Day,0.13563368055555555,100.0,,25.541271999941273,manual
1768275402014,Sunny,Day,0.1371527777777778,100.0,,25.261454000087724,manual
1768275402045,Sunny,Day,0.13962673611111112,100.0,,20.912518000045566,manual
1768275402079,Sunny,Day,0.13810763888888888,100.0,,23.704598999984228,manual
1768275402108,Sunny,Day,0.13389756944444445,100.0,,22.275395999940883,manual
1768275402140,Sunny,Day,0.13168402777777777,100.0,,24.2994360000921,manual
1768275402171,Sunny,Day,0.13637152777777778,100.0,,24.352522999947723,manual
1768275402202,Sunny,Day,0.1267795138888889,100.0,,24.55361099998754,manual
1768275402234,Sunny,Day,0.12764756944444444,100.0,,24.355744999979834,manual
1768275402265,Sunny,Day,0.12322048611111111,100.0,,24.6076969999649,manual
1768275402298,Sunny,Day,0.12408854166666666,100.0,,26.224136999985603,manual
1768275402329,Sunny,Day,0.12061631944444444,100.0,,24.49515499995414,manual
1768275402360,Sunny,Day,0.1203125,100.0,,24.665393999953267,manual
1768275402391,Sunny,Day,0.12083333333333333,100.0,,24.764752999999473,manual
1768275402422,Sunny,Day,0.12113715277777778,100.0,,25.051551999922594,manual
1768275402454,Sunny,Day,0.12048611111111111,100.0,,25.05247800002053,manual
1768275402485,Sunny,Day,0.11796875,100.0,,22.303706999991846,manual
1768275402517,Sunny,Day,0.11627604166666666,100.0,,23.34289999998873,manual
1768275402548,Sunny,Day,0.11579861111111112,100.0,,24.526613999910296,manual
1768275402582,Sunny,Day,0.1109375,100.0,,26.744280999992043,manual
1768275402611,Sunny,Day,0.11297743055555555,100.0,,22.48672300004273,manual
1768275402644,Sunny,Day,0.11119791666666666,100.0,,26.28909299994575,manual
1768275402675,Sunny,Day,0.11158854166666667,100.0,,23.829213999988497,manual
1768275402707,Sunny,Day,0.11215277777777778,100.0,,24.55270300004031,manual
1768275402736,Sunny,Day,0.11419270833333334,100.0,,22.949502000074062,manual
1768275402768,Sunny,Day,0.10980902777777778,100.0,,24.68533599994771,manual
1768275402800,Sunny,Day,0.10768229166666667,100.0,,25.762970000073437,manual
1768275402833,Sunny,Day,0.10993923611111112,100.0,,26.351418999979614,manual
1768275402862,Sunny,Day,0.1046875,100.0,,22.697123999932955,manual
1768275402894,Sunny,Day,0.10455729166666666,100.0,,24.598642000000837,manual
1768275402925,Sunny,Day,0.10460069444444445,100.0,,24.46962000010444,manual
1768275402956,Sunny,Day,0.09900173611111111,100.0,,24.645618000022296,manual
1768275402989,Sunny,Day,0.09466145833333334,100.0,,25.86686400002236,manual
1768275403019,Sunny,Day,0.09453125,100.0,,22.254509999925176,manual
1768275403052,Sunny,Day,0.0896267361111111,100.0,,25.969981999992342,manual
1768275403082,Sunny,Day,0.08298611111111111,100.0,,23.239395000018703,manual
1768275403115,Sunny,Day,0.08116319444444445,100.0,,26.052360999983648,manual
1768275403146,Sunny,Day,0.08216145833333334,100.0,,25.060755000026802,manual
1768275403176,Sunny,Day,0.0740017361111111,100.0,,22.003853999990497,manual
1768275403207,Sunny,Day,0.07109375,100.0,,24.302917999989404,manual
1768275403241,Sunny,Day,0.07552083333333333,100.0,,27.17556400000376,manual
1768275403270,Sunny,Day,0.06948784722222222,100.0,,22.362811999983023,manual
1768275403301,Sunny,Day,0.06918402777777778,100.0,,21.87107300005664,manual
1768275403333,Sunny,Day,0.07057291666666667,100.0,,22.308207000037328,manual
1768275403364,Sunny,Day,0.07374131944444444,100.0,,24.696464000044216,manual
1768275403396,Sunny,Day,0.07282986111111112,100.0,,24.507524000000558,manual
1768275403427,Sunny,Day,0.074609375,100.0,,22.21890299995266,manual
1768275403458,Sunny,Day,0.06961805555555556,100.0,,23.935348999998496,manual
1768275403490,Sunny,Day,0.06410590277777778,100.0,,24.858537999989494,manual
1768275403524,Sunny,Day,0.06228298611111111,100.0,,27.032284000028994,manual
1768275403553,Sunny,Day,0.06293402777777778,100.0,,22.46135600000798,manual
1768275403584,Sunny,Day,0.06263020833333334,100.0,,24.65763599991533,manual
1768275403615,Sunny,Day,0.056640625,100.0,,24.739255999975285,manual
1768275403649,Sunny,Day,0.05564236111111111,100.0,,26.680807000047935,manual
1768275403678,Sunny,Day,0.05750868055555555,100.0,,21.777898999971512,manual
1768275403710,Sunny,Day,0.05542534722222222,100.0,,22.287134999942282,manual
1768275403741,Sunny,Day,0.053862847222222225,100.0,,24.902737000047637,manual
1768275403772,Sunny,Day,0.052300347222222224,100.0,,24.52102199993078,manual
1768275403805,Sunny,Day,0.055859375,100.0,,26.51315999992221,manual
1768275403835,Sunny,Day,0.05199652777777778,100.0,,23.34245600002305,manual
1768275403868,Sunny,Day,0.05368923611111111,100.0,,26.266282000051433,manual
1768275403898,Sunny,Day,0.052256944444444446,100.0,,23.30353499996818,manual
1768275403931,Sunny,Day,0.055859375,100.0,,23.889225000061742,manual
1768275403962,Sunny,Day,0.054947916666666666,100.0,,24.62206600000627,manual
1768275403994,Sunny,Day,0.054427083333333334,100.0,58.0,24.64958099994874,manual
1768275404025,Sunny,Day,0.05546875,100.0,59.0,19.128487000102723,manual
1768275404055,Sunny,Day,0.059895833333333336,100.0,56.0,19.121468999969693,manual
1768275404086,Sunny,Day,0.06336805555555555,100.0,54.0,24.427662999983113,manual
1768275404119,Sunny,Day,0.06653645833333334,100.0,53.0,24.81924699998217,manual
1768275404150,Sunny,Day,0.06319444444444444,100.0,49.0,18.14591500010465,manual
1768275404182,Sunny,Day,0.06215277777777778,100.0,49.0,25.602821999996195,manual
1768275404212,Sunny,Day,0.06323784722222223,100.0,47.0,23.275667999996585,manual
1768275404244,Sunny,Day,0.07109375,100.0,45.0,20.182325999940076,manual
1768275404275,Sunny,Day,0.07608506944444444,100.0,44.0,24.039855999944848,manual
1768275404306,Sunny,Day,0.071484375,100.0,40.0,22.975258999963444,manual
1768275404339,Sunny,Day,0.07044270833333334,100.0,36.0,21.848631000011665,manual
1768275404371,Sunny,Day,0.07517361111111111,100.0,34.0,25.224996000019928,manual
1768275404401,Sunny,Day,0.07278645833333333,100.0,32.0,22.528125999997428,manual
1768275404432,Sunny,Day,0.07061631944444445,100.0,29.0,16.86452899991764,manual
1768275404463,Sunny,Day,0.06610243055555555,100.0,23.0,25.308597000048394,manual
1768275404496,Sunny,Day,0.068359375,100.0,20.0,26.76083500000459,auto
1768275404526,Sunny,Day,0.07005208333333333,100.0,19.0,21.69572299999345,auto
1768275404559,Sunny,Day,0.06419270833333333,100.0,15.0,20.35860099999809,auto
1768275404592,Sunny,Day,0.05915798611111111,100.0,12.0,25.579249999964304,auto
1768275404620,Sunny,Day,0.06818576388888889,100.0,10.0,16.825440999923558,auto
1768275404652,Sunny,Day,0.07326388888888889,100.0,9.0,16.283874000009746,auto
1768275404685,Sunny,Day,0.07078993055555556,100.0,9.0,24.788843000010274,auto
1768275404718,Sunny,Day,0.06974826388888888,100.0,9.0,22.991257000057885,auto
1768275404749,Sunny,Day,0.06657986111111111,100.0,8.0,23.55248699996082,auto
1768275404781,Sunny,Day,0.06453993055555556,100.0,8.0,23.769425000068622,auto
1768275404810,Sunny,Day,0.07092013888888889,100.0,10.0,21.13208499997654,auto
1768275404840,Sunny,Day,0.06796875,100.0,11.0,16.686882000044534,auto
1768275404871,Sunny,Day,0.06614583333333333,100.0,13.0,24.908809999942605,auto
1768275404903,Sunny,Day,0.06545138888888889,100.0,11.0,16.771038999991106,auto
1768275404936,Sunny,Day,0.06896701388888889,100.0,13.0,26.76418599992303,auto
1768275404965,Sunny,Day,0.06827256944444444,100.0,13.0,21.04781700006697,auto
1768275405004,Sunny,Day,0.06666666666666667,100.0,12.0,32.61827999995148,auto
1768275405028,Sunny,Day,0.061024305555555554,100.0,12.0,16.563508000103866,auto
1768275405060,Sunny,Day,0.062109375,100.0,12.0,20.01958599998943,auto
1768275405092,Sunny,Day,0.05438368055555556,100.0,14.0,23.587872999996762,auto
1768275405123,Sunny,Day,0.05334201388888889,100.0,13.0,18.543277000048874,auto
1768275405156,Sunny,Day,0.060069444444444446,100.0,10.0,26.319849999936196,auto
1768275405185,Sunny,Day,0.06180555555555556,100.0,10.0,22.24477000004299,auto
1768275405216,Sunny,Day,0.052994791666666666,100.0,11.0,23.571651999986898,auto
1768275405248,Sunny,Day,0.05373263888888889,100.0,11.0,24.254998000060368,auto
1768275405279,Sunny,Day,0.05416666666666667,100.0,11.0,23.271836000049007,auto
1768275405311,Sunny,Day,0.05768229166666667,100.0,12.0,22.95928000000913,auto
1768275405343,Sunny,Day,0.060069444444444446,100.0,12.0,24.155065999934777,auto
1768275405373,Sunny,Day,0.05438368055555556,100.0,12.0,23.256336999907035,auto
1768275405406,Sunny,Day,0.05538194444444444,100.0,11.0,25.622652999913953,auto
1768275405436,Sunny,Day,0.05677083333333333,100.0,9.0,24.11051599995062,auto
1768275405468,Sunny,Day,0.05928819444444444,100.0,9.0,18.582827000045654,auto
1768275405499,Sunny,Day,0.06041666666666667,100.0,9.0,24.813211000036972,auto
1768275405531,Sunny,Day,0.054210069444444446,100.0,9.0,24.586867000039092,auto
1768275405564,Sunny,Day,0.056640625,100.0,8.0,17.051154999990104,auto
1768275405594,Sunny,Day,0.057465277777777775,100.0,7.0,21.678466000025765,auto
1768275405625,Sunny,Day,0.061371527777777775,100.0,11.0,24.541595000073357,auto
1768275405658,Sunny,Day,0.05503472222222222,100.0,9.0,25.65548300003684,auto
1768275405687,Sunny,Day,0.05464409722222222,100.0,9.0,22.858402999986538,auto
1768275405719,Sunny,Day,0.058333333333333334,100.0,8.0,20.70454299996527,auto
1768275405753,Sunny,Day,0.06067708333333333,100.0,8.0,26.82953099997576,auto
1768275405782,Sunny,Day,0.057118055555555554,100.0,8.0,22.0734760000596,auto
1768275405813,Sunny,Day,0.054947916666666666,100.0,9.0,21.50161700001263,auto
1768275405848,Sunny,Day,0.05290798611111111,100.0,9.0,26.23897000000852,auto
1768275405876,Sunny,Day,0.062109375,100.0,10.0,19.927559999928235,auto
1768275405907,Sunny,Day,0.059375,100.0,10.0,24.53985299996475,auto
1768275405942,Sunny,Day,0.059418402777777775,100.0,10.0,26.32566299996597,auto
1768275405975,Sunny,Day,0.05993923611111111,100.0,10.0,23.854415999949197,auto
1768275406004,Sunny,Day,0.06397569444444444,100.0,9.0,20.383858000059263,auto
1768275406036,Sunny,Day,0.06497395833333333,100.0,9.0,22.960428000033062,auto
1768275406067,Sunny,Day,0.06427951388888889,100.0,9.0,18.483154000023205,auto
1768275406098,Sunny,Day,0.06019965277777778,100.0,10.0,23.262207000016133,auto
1768275406129,Sunny,Day,0.06302083333333333,100.0,10.0,20.220821999942018,auto
1768275406161,Sunny,Day,0.06545138888888889,100.0,10.0,23.539563999975144,auto
1768275406192,Sunny,Day,0.0642361111111111,100.0,10.0,19.956630000024234,auto
1768275406225,Sunny,Day,0.06584201388888888,100.0,10.0,24.58181200006493,auto
1768275406255,Sunny,Day,0.06276041666666667,100.0,9.0,20.705913000028886,auto
1768275406287,Sunny,Day,0.06775173611111111,100.0,8.0,22.03125899995939,auto
1768275406318,Sunny,Day,0.065234375,100.0,7.0,23.352993000003153,auto
1768275406351,Sunny,Day,0.06436631944444444,100.0,8.0,24.374985000008564,auto
1768275406385,Sunny,Day,0.06592881944444444,100.0,9.0,20.229691000054117,auto
1768275406412,Sunny,Day,0.06631944444444444,100.0,10.0,15.201834999970743,auto
1768275406444,Sunny,Day,0.064453125,100.0,9.0,22.256992000052378,auto
1768275406474,Sunny,Day,0.06323784722222223,100.0,9.0,21.04815100005908,auto
1768275406506,Sunny,Day,0.06111111111111111,100.0,10.0,14.754739000068184,auto
1768275406540,Sunny,Day,0.06284722222222222,100.0,10.0,25.677184000073794,auto
1768275406569,Sunny,Day,0.06536458333333334,100.0,8.0,20.250430000032793,auto
1768275406601,Sunny,Day,0.059765625,100.0,10.0,20.696950999990804,auto
1768275406631,Sunny,Day,0.05724826388888889,100.0,9.0,21.562794000033136,auto
1768275406664,Sunny,Day,0.05837673611111111,100.0,9.0,18.42686500003765,auto
1768275406694,Sunny,Day,0.06128472222222222,100.0,9.0,24.55079799995019,auto
1768275406726,Sunny,Day,0.05668402777777778,100.0,8.0,21.77158500001042,auto
1768275406758,Sunny,Day,0.05668402777777778,100.0,8.0,22.76154300000144,auto
1768275406791,Sunny,Day,0.058203125,100.0,9.0,24.71570399995926,auto
1768275406821,Sunny,Day,0.059071180555555554,100.0,9.0,20.642716999986988,auto
1768275406852,Sunny,Day,0.058159722222222224,100.0,8.0,21.685632000071564,auto
1768275406886,Sunny,Day,0.056163194444444446,100.0,8.0,24.108682000019144,auto
1768275406915,Sunny,Day,0.055989583333333336,100.0,8.0,18.87516500005404,auto
1768275406948,Sunny,Day,0.05959201388888889,100.0,7.0,23.33162499996888,auto
1768275406977,Sunny,Day,0.05590277777777778,100.0,6.0,16.549102999988463,auto
1768275407008,Sunny,Day,0.05295138888888889,100.0,6.0,22.018353000021307,auto
1768275407041,Sunny,Day,0.05559895833333333,100.0,8.0,24.622493000038048,auto
1768275407071,Sunny,Day,0.055338541666666664,100.0,9.0,21.389796999983446,auto
1768275407103,Sunny,Day,0.05933159722222222,100.0,8.0,17.858041999943453,auto
1768275407133,Sunny,Day,0.055121527777777776,100.0,8.0,18.8661659999525,auto
1768275407165,Sunny,Day,0.05169270833333333,100.0,7.0,23.237210000047526,auto
1768275407201,Sunny,Day,0.055859375,100.0,9.0,27.3401010000498,auto
1768275407229,Sunny,Day,0.05802951388888889,100.0,9.0,18.09257100001105,auto
1768275407260,Sunny,Day,0.06449652777777778,100.0,6.0,22.275358999991113,auto
1768275407294,Sunny,Day,0.05872395833333333,100.0,7.0,23.79816299992399,auto
1768275407323,Sunny,Day,0.06610243055555555,100.0,8.0,18.70303700002296,auto
1768275407354,Sunny,Day,0.06749131944444445,100.0,8.0,19.975738999960413,auto
1768275407385,Sunny,Day,0.06883680555555556,100.0,7.0,23.018347000061112,auto
1768275407417,Sunny,Day,0.06319444444444444,100.0,6.0,18.86981300003754,auto
1768275407450,Sunny,Day,0.06714409722222223,100.0,8.0,24.096424999925148,auto
1768275407479,Sunny,Day,0.06822916666666666,100.0,9.0,20.117722999998477,auto
1768275407513,Sunny,Day,0.07044270833333334,100.0,9.0,25.31587499993293,auto
1768275407543,Sunny,Day,0.0700954861111111,100.0,8.0,20.479551000107676,auto
1768275407575,Sunny,Day,0.06892361111111112,100.0,8.0,18.522835999988274,auto
1768275407605,Sunny,Day,0.07330729166666666,100.0,9.0,20.785144999990735,auto
1768275407634,Sunny,Day,0.07582465277777778,100.0,9.0,20.142182999961733,auto
1768275407666,Sunny,Day,0.073046875,100.0,9.0,25.391679999984262,auto
1768275407698,Sunny,Day,0.06940104166666666,100.0,8.0,25.537348999932874,auto
1768275407728,Sunny,Day,0.07387152777777778,100.0,9.0,18.19465100004436,auto
1768275407760,Sunny,Day,0.07838541666666667,100.0,9.0,25.101140000060695,auto
1768275407793,Sunny,Day,0.07912326388888889,100.0,9.0,26.31249800003843,auto
1768275407823,Sunny,Day,0.07504340277777778,100.0,8.0,22.17716699999528,auto
1768275407856,Sunny,Day,0.07634548611111111,100.0,9.0,25.54892099999506,auto
1768275407888,Sunny,Day,0.07934027777777777,100.0,8.0,25.193185000034646,auto
1768275407918,Sunny,Day,0.08020833333333334,100.0,8.0,22.398826999960875,auto
1768275407948,Sunny,Day,0.08046875,100.0,6.0,23.09413399996174,auto
1768275407980,Sunny,Day,0.08025173611111111,100.0,6.0,25.66148300002169,auto
1768275408012,Sunny,Day,0.08025173611111111,100.0,5.0,25.262935999990077,auto
1768275408042,Sunny,Day,0.079296875,100.0,5.0,23.666715999979715,auto
1768275408074,Sunny,Day,0.0765625,100.0,4.0,23.57241200002136,auto
1768275408105,Sunny,Day,0.0765625,100.0,6.0,24.18985799999973,auto
1768275408137,Sunny,Day,0.07816840277777778,100.0,6.0,23.95184900001368,auto
1768275408172,Sunny,Day,0.08129340277777777,100.0,7.0,27.633269999910226,auto
1768275408201,Sunny,Day,0.0828125,100.0,6.0,21.870444000001044,auto
1768275408231,Sunny,Day,0.0796875,100.0,5.0,23.533268000051066,auto
1768275408264,Sunny,Day,0.08237847222222222,100.0,6.0,26.550675000066803,auto
1768275408293,Sunny,Day,0.07999131944444444,100.0,5.0,21.234981000020525,auto
1768275408325,Sunny,Day,0.08263888888888889,100.0,5.0,23.76198199999635,auto
1768275408358,Sunny,Day,0.080078125,100.0,4.0,24.363003999951616,auto
1768275408388,Sunny,Day,0.07877604166666667,100.0,4.0,19.293152000045666,auto
1768275408420,Sunny,Day,0.08051215277777778,100.0,4.0,25.80466900008105,auto
1768275408450,Sunny,Day,0.08072916666666667,100.0,3.0,24.05698500001563,auto
1768275408482,Sunny,Day,0.08090277777777778,100.0,-17.0,24.901090000071235,auto
1768275408515,Sunny,Day,0.07912326388888889,100.0,-17.0,26.463408000040545,auto
1768275408544,Sunny,Day,0.0779079861111111,100.0,-17.0,20.25046599999314,auto
1768275408576,Sunny,Day,0.07747395833333333,100.0,-16.0,25.010780999991766,auto
1768275408608,Sunny,Day,0.07473958333333333,100.0,-12.0,25.107935999926667,auto
1768275408639,Sunny,Day,0.077734375,100.0,-10.0,24.271533999922212,auto
1768275408670,Sunny,Day,0.08216145833333334,100.0,-7.0,26.177292999932433,auto
1768275408702,Sunny,Day,0.08025173611111111,100.0,-3.0,20.20576899997195,auto
1768275408733,Sunny,Day,0.08355034722222222,100.0,-1.0,24.530392999963624,auto
1768275408764,Sunny,Day,0.08546006944444444,100.0,2.0,24.08651899997949,auto
1768275408796,Sunny,Day,0.09552951388888889,100.0,3.0,25.313097999969614,auto
1768275408829,Sunny,Day,0.09483506944444445,100.0,32.0,25.69134899999881,auto
1768275408860,Sunny,Day,0.09813368055555556,100.0,33.0,23.875968999959696,auto
1768275408891,Sunny,Day,0.09913194444444444,100.0,2.0,22.019057000079556,auto
1768275408923,Sunny,Day,0.09544270833333333,100.0,1.0,25.303543000063655,auto
1768275408953,Sunny,Day,0.08611111111111111,100.0,-4.0,22.26080599996294,auto
1768275408984,Sunny,Day,0.09036458333333333,100.0,-5.0,25.075402999959806,auto
1768275409016,Sunny,Day,0.08949652777777778,100.0,-5.0,24.18400700003076,auto
1768275409049,Sunny,Day,0.08559027777777778,100.0,-3.0,26.436872999966,auto
1768275409078,Sunny,Day,0.08628472222222222,100.0,-1.0,22.366868000062823,auto
1768275409110,Sunny,Day,0.0896267361111111,100.0,-1.0,23.024938999924416,auto
1768275409141,Sunny,Day,0.09097222222222222,100.0,0.0,24.243388999934723,auto
1768275409173,Sunny,Day,0.09110243055555556,100.0,1.0,24.466011000072285,auto
1768275409204,Sunny,Day,0.09388020833333334,100.0,1.0,24.770364999994854,auto
1768275409237,Sunny,Day,0.09322916666666667,100.0,1.0,26.067732000001342,auto
1768275409267,Sunny,Day,0.09123263888888888,100.0,1.0,23.45818399999189,auto
1768275409298,Sunny,Day,0.09331597222222222,100.0,0.0,24.917662000007113,auto
1768275409329,Sunny,Day,0.09318576388888888,100.0,1.0,24.000325000088196,auto
1768275409361,Sunny,Day,0.09240451388888889,100.0,2.0,24.84631899994838,auto
1768275409393,Sunny,Day,0.0921875,100.0,1.0,26.102467999976398,auto
1768275409424,Sunny,Day,0.09214409722222222,100.0,2.0,23.553877000040302,auto
1768275409455,Sunny,Day,0.091015625,100.0,-31.0,25.297044000012647,auto
1768275409486,Sunny,Day,0.09292534722222222,100.0,2.0,24.426052999956482,auto
1768275409518,Sunny,Day,0.08967013888888889,100.0,1.0,18.90127299998312,auto
1768275409550,Sunny,Day,0.08771701388888889,100.0,-28.0,25.741195000023254,auto
1768275409581,Sunny,Day,0.08927951388888888,100.0,-27.0,22.775227000011,auto
1768275409612,Sunny,Day,0.08485243055555555,100.0,-25.0,24.578460999919116,auto
1768275409649,Sunny,Day,0.08077256944444444,100.0,-19.0,29.844290000028195,auto
1768275409675,Sunny,Day,0.07847222222222222,100.0,-15.0,15.52322300005926,auto
1768275409707,Sunny,Day,0.067578125,100.0,,24.980878000064877,auto
1768275409738,Sunny,Day,0.07200520833333333,100.0,,24.74166400008926,auto
1768275409769,Sunny,Day,0.06536458333333334,100.0,,23.20849199998065,auto
1768275409802,Sunny,Day,0.0640625,100.0,,25.65561300002628,auto
1768275409832,Sunny,Day,0.06974826388888888,100.0,,23.500401999967835,auto
1768275409863,Sunny,Day,0.06540798611111111,100.0,,24.2111530000102,auto
1768275409895,Sunny,Day,0.06019965277777778,100.0,,24.3029559999286,auto
1768275409926,Sunny,Day,0.06254340277777778,100.0,,24.29817900008402,auto
1768275409957,Sunny,Day,0.06566840277777777,100.0,,24.563001000046825,auto
1768275409989,Sunny,Day,0.06462673611111111,100.0,,25.1201390000233,auto
1768275410020,Sunny,Day,0.05963541666666667,100.0,,24.67202399998314,auto
1768275410053,Sunny,Day,0.060807291666666666,100.0,,24.816562999944836,auto
1768275410084,Sunny,Day,0.062413194444444445,100.0,,24.47810199998912,auto
1768275410115,Sunny,Day,0.06414930555555555,100.0,,23.022587000014028,auto
1768275410147,Sunny,Day,0.06024305555555556,100.0,,25.530219999950532,auto
1768275410181,Sunny,Day,0.05967881944444445,100.0,,25.972687999910704,auto
1768275410209,Sunny,Day,0.057465277777777775,100.0,,21.182081000006292,auto
1768275410240,Sunny,Day,0.06315104166666667,100.0,,23.805626000012126,auto
1768275410271,Sunny,Day,0.06332465277777778,100.0,,25.11130699997466,auto
1768275410303,Sunny,Day,0.05750868055555555,100.0,,25.37651599993751,auto
1768275410335,Sunny,Day,0.06002604166666667,100.0,,22.424064999995608,auto
1768275410367,Sunny,Day,0.06336805555555555,100.0,,24.836561000029178,auto
1768275410397,Sunny,Day,0.06532118055555555,100.0,,22.61226500002067,auto
1768275410428,Sunny,Day,0.05894097222222222,100.0,,24.609586999986277,auto
1768275410461,Sunny,Day,0.05985243055555556,100.0,,25.586233000012726,auto
1768275410491,Sunny,Day,0.058203125,100.0,,22.70705099999759,auto
1768275410524,Sunny,Day,0.06236979166666667,100.0,,25.97328000001653,auto
1768275410554,Sunny,Day,0.062065972222222224,100.0,,22.831369999948947,auto
1768275410587,Sunny,Day,0.05824652777777778,100.0,,21.60069800004294,auto
1768275410617,Sunny,Day,0.06128472222222222,100.0,,22.065996000037558,auto
1768275410650,Sunny,Day,0.06566840277777777,100.0,,23.767797000004975,auto
1768275410679,Sunny,Day,0.06085069444444444,100.0,,21.486490000029335,auto
1768275410711,Sunny,Day,0.05681423611111111,100.0,,24.402204000011807,auto
1768275410742,Sunny,Day,0.05807291666666667,100.0,,24.85611399993104,auto
1768275410775,Sunny,Day,0.066796875,100.0,,25.84183200008283,auto
1768275410805,Sunny,Day,0.06397569444444444,100.0,,22.099250999985998,auto
1768275410836,Sunny,Day,0.06072048611111111,100.0,,24.8685020000039,auto
1768275410868,Sunny,Day,0.05828993055555556,100.0,,24.861150999981874,auto
1768275410899,Sunny,Day,0.06267361111111111,100.0,,24.380595999900834,auto
1768275410930,Sunny,Day,0.06536458333333334,100.0,,24.743682999996963,auto
1768275410964,Sunny,Day,0.06111111111111111,100.0,,26.22515799998837,auto
1768275410993,Sunny,Day,0.056727430555555555,100.0,,18.76897399995414,auto
1768275411025,Sunny,Day,0.06527777777777778,100.0,,24.858409999978903,auto
1768275411056,Sunny,Day,0.06592881944444444,100.0,,24.91347800003041,auto
1768275411088,Sunny,Day,0.064453125,100.0,,25.22707100001753,auto
1768275411119,Sunny,Day,0.06002604166666667,100.0,,24.632289000010132,auto
1768275411150,Sunny,Day,0.0640625,100.0,,24.879703999999947,auto
1768275411182,Sunny,Day,0.06627604166666666,100.0,,24.8810749999393,auto
1768275411213,Sunny,Day,0.06514756944444444,100.0,,24.7530149999875,auto
1768275411245,Sunny,Day,0.057421875,100.0,,25.350907999950323,auto
1768275411278,Sunny,Day,0.06362847222222222,100.0,,26.505959000019175,auto
1768275411307,Sunny,Day,0.0642361111111111,100.0,,22.677294999994047,auto
1768275411339,Sunny,Day,0.06341145833333334,100.0,,25.000523000016983,auto
1768275411370,Sunny,Day,0.05763888888888889,100.0,,24.657304000015756,auto
1768275411401,Sunny,Day,0.05802951388888889,100.0,,24.90910899996379,auto
1768275411433,Sunny,Day,0.055078125,100.0,,24.688078000053792,auto
1768275411464,Sunny,Day,0.05993923611111111,100.0,,24.85991000003196,auto
1768275411496,Sunny,Day,0.057074652777777776,100.0,,25.411383000005117,auto
1768275411527,Sunny,Day,0.05243055555555556,100.0,,24.779050000006464,auto
1768275411561,Sunny,Day,0.0484375,96.875,,26.473463000002084,auto
1768275411590,Sunny,Day,0.053385416666666664,100.0,,22.144728000057512,auto
1768275411621,Sunny,Day,0.04691840277777778,93.83680555555556,,23.236785000108284,auto
1768275411653,Sunny,Day,0.04618055555555556,92.36111111111111,,24.717538000004424,auto
1768275411687,Sunny,Day,0.04401041666666667,88.02083333333334,,27.759294000020418,auto
1768275411716,Sunny,Day,0.04700520833333333,94.01041666666667,,21.40859200005707,auto
1768275411747,Sunny,Day,0.04071180555555556,81.42361111111111,,24.717834000057337,auto
1768275411778,Sunny,Day,0.03706597222222222,74.13194444444444,,24.467808000053992,auto
1768275411810,Sunny,Day,0.03641493055555556,72.82986111111111,,21.26162700005807,auto
1768275411841,Sunny,Day,0.03875868055555556,77.51736111111111,,24.58097999999609,auto
1768275411872,Sunny,Day,0.03884548611111111,77.69097222222223,,24.80191699999068,auto
1768275411904,Sunny,Day,0.034678819444444446,69.35763888888889,,24.833099000034053,auto
1768275411935,Sunny,Day,0.030078125,60.15625,,23.862007999923662,auto
1768275411967,Sunny,Day,0.03728298611111111,74.56597222222221,,24.124032999907286,auto
1768275411998,Sunny,Day,0.03706597222222222,74.13194444444444,,24.88275899997916,auto
1768275412029,Sunny,Day,0.038671875,77.34375,,24.626104000049054,auto
1768275412061,Sunny,Day,0.03246527777777778,64.93055555555556,,25.102344999936577,auto
1768275412092,Sunny,Day,0.03797743055555555,75.9548611111111,,24.780086000077972,auto
1768275412124,Sunny,Day,0.03980034722222222,79.60069444444444,,24.98396999999386,auto
1768275412155,Sunny,Day,0.04262152777777778,85.24305555555556,,24.608902999943894,auto
1768275412186,Sunny,Day,0.04201388888888889,84.02777777777779,,25.04457400004867,auto
1768275412220,Sunny,Day,0.04006076388888889,80.12152777777779,,26.969700999984525,auto
1768275412249,Sunny,Day,0.04791666666666667,95.83333333333334,,22.848589999966862,auto
1768275412281,Sunny,Day,0.047265625,94.53125,,24.523765000026287,auto
1768275412312,Sunny,Day,0.046875,93.75,,24.90134999993643,auto
1768275412343,Sunny,Day,0.04631076388888889,92.62152777777779,,24.922032999938892,auto
1768275412377,Sunny,Day,0.050520833333333334,100.0,,26.46794499992211,auto
1768275412406,Sunny,Day,0.052734375,100.0,,22.471151999980066,auto
1768275412437,Sunny,Day,0.05390625,100.0,,24.821803999998338,auto
1768275412469,Sunny,Day,0.05169270833333333,100.0,,24.83070999994652,auto
1768275412500,Sunny,Day,0.054600694444444445,100.0,,24.819286000024476,auto
1768275412534,Sunny,Day,0.05959201388888889,100.0,,27.294902999983606,auto
1768275412563,Sunny,Day,0.05920138888888889,100.0,,22.443414999997913,auto
1768275412595,Sunny,Day,0.05733506944444444,100.0,,25.28071300002921,auto
1768275412629,Sunny,Day,0.059375,100.0,,22.818185999994967,auto
1768275412661,Sunny,Day,0.062239583333333334,100.0,,22.2370139999839,auto
1768275412694,Sunny,Day,0.06263020833333334,100.0,,24.190489000034177,auto
1768275412724,Sunny,Day,0.0627170138888889,100.0,,19.556233000002976,auto
1768275412754,Sunny,Day,0.062022569444444446,100.0,,21.47488000002795,auto
1768275412785,Sunny,Day,0.06588541666666667,100.0,,23.044307999953162,auto
1768275412816,Sunny,Day,0.06605902777777778,100.0,,23.262152999905084,auto
1768275412848,Sunny,Day,0.0625,100.0,,23.057306000055178,auto
1768275412880,Sunny,Day,0.06319444444444444,100.0,,21.887073000016244,auto
1768275412914,Sunny,Day,0.06701388888888889,100.0,,24.635454999952344,auto
1768275412942,Sunny,Day,0.06545138888888889,100.0,,19.748117999938586,auto
1768275412973,Sunny,Day,0.06966145833333333,100.0,,23.192457000050126,auto
1768275413004,Sunny,Day,0.06493055555555556,100.0,,23.594447000050423,auto
1768275413036,Sunny,Day,0.0666232638888889,100.0,,23.548693000066123,auto
1768275413067,Sunny,Day,0.07269965277777778,100.0,,23.108541000055993,auto
1768275413099,Sunny,Day,0.07430555555555556,100.0,,23.088710000024548,auto
1768275413131,Sunny,Day,0.07135416666666666,100.0,,22.769303000018226,auto
1768275413162,Sunny,Day,0.0740017361111111,100.0,,22.943542000007255,auto
1768275413194,Sunny,Day,0.07478298611111112,100.0,,22.92652599999201,auto
1768275413225,Sunny,Day,0.07612847222222222,100.0,,22.579659000030006,auto
1768275413256,Sunny,Day,0.07322048611111111,100.0,,22.396308999987014,auto
1768275413288,Sunny,Day,0.07291666666666667,100.0,,22.843201999990015,auto
1768275413322,Sunny,Day,0.078125,100.0,,25.07992200003173,auto
1768275413351,Sunny,Day,0.08025173611111111,100.0,,20.192880999957197,auto
1768275413382,Sunny,Day,0.07894965277777778,100.0,,25.39171900002657,auto
1768275413414,Sunny,Day,0.0763888888888889,100.0,,23.294482999972388,auto
1768275413444,Sunny,Day,0.08016493055555556,100.0,,21.99226400000498,auto
1768275413476,Sunny,Day,0.0837673611111111,100.0,,23.2038440000224,auto
1768275413507,Sunny,Day,0.08259548611111112,100.0,,23.02214400003777,auto
1768275413538,Sunny,Day,0.08302951388888889,100.0,,22.5375710000435,auto
1768275413570,Sunny,Day,0.08684895833333334,100.0,,22.470559999987927,auto
1768275413602,Sunny,Day,0.09231770833333333,100.0,,23.999030000027233,auto
1768275413634,Sunny,Day,0.08815104166666667,100.0,,23.360327000091274,auto
1768275413664,Sunny,Day,0.08624131944444445,100.0,,22.052035000001524,auto
1768275413697,Sunny,Day,0.08967013888888889,100.0,,24.289107000072363,auto
1768275413730,Sunny,Day,0.09809027777777778,100.0,,25.20198199999868,auto
1768275413760,Sunny,Day,0.09800347222222222,100.0,,20.139999000093667,auto
1768275413790,Sunny,Day,0.09483506944444445,100.0,,21.602773000040543,auto
1768275413822,Sunny,Day,0.10099826388888888,100.0,,16.385623000019223,auto
1768275413852,Sunny,Day,0.10251736111111111,100.0,,21.938641000019743,auto
1768275413883,Sunny,Day,0.10151909722222222,100.0,,23.45538999998098,auto
1768275413915,Sunny,Day,0.10629340277777778,100.0,,23.220046000005823,auto
1768275413947,Sunny,Day,0.10225694444444444,100.0,,24.107017000005726,auto
1768275413978,Sunny,Day,0.10295138888888888,100.0,,22.46630100000857,auto
1768275414010,Sunny,Day,0.10668402777777777,100.0,,23.24141500002952,auto
1768275414041,Sunny,Day,0.1078125,100.0,,23.09202499998264,auto
1768275414073,Sunny,Day,0.10325520833333333,100.0,,22.63613399998121,auto
1768275414106,Sunny,Day,0.10577256944444445,100.0,,24.355839999998352,auto
1768275414135,Sunny,Day,0.11011284722222223,100.0,,20.98204900005385,auto
1768275414166,Sunny,Day,0.11019965277777778,100.0,,19.804853000096045,auto
1768275414199,Sunny,Day,0.108984375,100.0,,24.454069000057643,auto
1768275414230,Sunny,Day,0.10933159722222222,100.0,,21.776067000018884,auto
1768275414262,Sunny,Day,0.11189236111111112,100.0,,22.27230599999075,auto
1768275414293,Sunny,Day,0.10850694444444445,100.0,,19.05995900006019,auto
1768275414326,Sunny,Day,0.10347222222222222,100.0,,23.72259900005247,auto
1768275414355,Sunny,Day,0.10004340277777778,100.0,,20.364158000006682,auto
1768275414386,Sunny,Day,0.10013020833333333,100.0,,22.040962000005493,auto
1768275414420,Sunny,Day,0.09717881944444444,100.0,,25.96248600002582,auto
1768275414449,Sunny,Day,0.09496527777777777,100.0,,19.279950999930406,auto
1768275414480,Sunny,Day,0.08971354166666666,100.0,,25.25877200002924,manual
1768275414512,Sunny,Day,0.08459201388888889,100.0,,19.68501599992578,manual
1768275414546,Sunny,Day,0.08498263888888889,100.0,,19.446284000082414,manual
1768275414575,Sunny,Day,0.08493923611111111,100.0,,20.74067000000923,manual
1768275414606,Sunny,Day,0.08298611111111111,100.0,,23.013590000005024,manual
1768275414638,Sunny,Day,0.08359375,100.0,,23.4191900000269,manual
1768275414669,Sunny,Day,0.08454861111111112,100.0,,22.900564999986273,manual
1768275414700,Sunny,Day,0.08428819444444445,100.0,,26.253710999981195,manual
1768275414733,Sunny,Day,0.08294270833333334,100.0,,21.579016000032425,manual
1768275414764,Sunny,Day,0.08207465277777778,100.0,,20.778758000005837,manual
1768275414795,Sunny,Day,0.08563368055555555,100.0,,21.72251799993319,manual
1768275414827,Sunny,Day,0.084375,100.0,,23.514234999993278,manual
1768275414859,Sunny,Day,0.08324652777777777,100.0,,23.78711000005751,manual
1768275414889,Sunny,Day,0.08433159722222222,100.0,,20.60192700002972,manual
1768275414920,Sunny,Day,0.08120659722222222,100.0,,22.27882399995451,manual
1768275414953,Sunny,Day,0.0822482638888889,100.0,,23.35999299998548,manual
1768275414985,Sunny,Day,0.08350694444444444,100.0,,23.04693700000371,manual
1768275415014,Sunny,Day,0.08051215277777778,100.0,,21.264774999963265,manual
1768275415047,Sunny,Day,0.08003472222222222,100.0,,24.329566000005798,manual
1768275415078,Sunny,Day,0.07921006944444445,100.0,,20.402654000008624,manual
1768275415109,Sunny,Day,0.0796875,100.0,,22.115065000093637,manual
1768275415140,Sunny,Day,0.07960069444444444,100.0,,22.882327000047553,manual
1768275415172,Sunny,Day,0.08020833333333334,100.0,,24.325806999968336,manual
1768275415203,Sunny,Day,0.08055555555555556,100.0,,26.473203999898942,manual
1768275415235,Sunny,Day,0.08246527777777778,100.0,,21.73233199994229,manual
1768275415265,Sunny,Day,0.0822482638888889,100.0,,21.407332999956452,manual
1768275415296,Sunny,Day,0.08389756944444444,100.0,,20.266040000024077,manual
1768275415332,Sunny,Day,0.08133680555555556,100.0,,32.365811999966354,manual
1768275415367,Sunny,Day,0.08559027777777778,100.0,,26.425357999983135,manual
1768275415392,Sunny,Day,0.0818142361111111,100.0,,16.36982800005171,manual
1768275415426,Sunny,Day,0.08511284722222222,100.0,,22.15728199996647,manual
1768275415454,Sunny,Day,0.08194444444444444,100.0,,23.523382000007587,manual
1768275415487,Sunny,Day,0.08263888888888889,100.0,,20.838250999986485,manual
1768275415517,Sunny,Day,0.07973090277777778,100.0,,17.74320600009105,manual
1768275415548,Sunny,Day,0.08177083333333333,100.0,,26.92261499998949,manual
1768275415580,Sunny,Day,0.07990451388888889,100.0,,20.56195000000116,manual
1768275415611,Sunny,Day,0.08020833333333334,100.0,,26.423598999940623,manual
1768275415643,Sunny,Day,0.07751736111111111,100.0,,20.510159999957978,manual
1768275415679,Sunny,Day,0.07951388888888888,100.0,,28.167617999997674,manual
1768275415705,Sunny,Day,0.07625868055555556,100.0,,17.019900000036614,manual
1768275415739,Sunny,Day,0.07404513888888889,100.0,,27.25044600003912,manual
1768275415770,Sunny,Day,0.07465277777777778,100.0,,24.368504999983998,manual
1768275415801,Sunny,Day,0.0763888888888889,100.0,,23.434373999975833,manual
1768275415833,Sunny,Day,0.07369791666666667,100.0,,19.943355000009433,manual
1768275415864,Sunny,Day,0.0705295138888889,100.0,,26.960740000049555,manual
1768275415898,Sunny,Day,0.07061631944444445,100.0,,22.661204999963047,manual
1768275415925,Sunny,Day,0.06966145833333333,100.0,,23.379268999974556,manual
1768275415958,Sunny,Day,0.06974826388888888,100.0,,25.575938000088172,manual
1768275415991,Sunny,Day,0.06631944444444444,100.0,,26.57102600005601,manual
1768275416019,Sunny,Day,0.06766493055555556,100.0,,17.588927000019794,manual
1768275416050,Sunny,Day,0.06879340277777778,100.0,,22.918175000086194,manual
1768275416082,Sunny,Day,0.06401909722222222,100.0,,27.07398600000488,manual
1768275416113,Sunny,Day,0.06623263888888889,100.0,,24.145642000007683,manual
1768275416144,Sunny,Day,0.06163194444444445,100.0,,25.607250000007298,manual
1768275416178,Sunny,Day,0.06592881944444444,100.0,,21.116478000067218,manual
1768275416207,Sunny,Day,0.061328125,100.0,,22.099012000012408,manual
1768275416239,Sunny,Day,0.060286458333333334,100.0,,25.228997999988678,manual
1768275416270,Sunny,Day,0.059895833333333336,100.0,,24.83430299992051,manual
1768275416302,Sunny,Day,0.06310763888888889,100.0,,25.20037199997205,manual
1768275416333,Sunny,Day,0.06440972222222222,100.0,,20.32856999994692,manual
1768275416365,Sunny,Day,0.06263020833333334,100.0,,18.850872000029995,manual
1768275416397,Sunny,Day,0.06414930555555555,100.0,,25.603194999916923,manual
1768275416427,Sunny,Day,0.058159722222222224,100.0,,17.933072000005268,manual
1768275416461,Sunny,Day,0.05933159722222222,100.0,,25.9314899999481,manual
1768275416490,Sunny,Day,0.062065972222222224,100.0,,19.873752999956196,manual
1768275416521,Sunny,Day,0.06115451388888889,100.0,,22.264769999992495,manual
1768275416553,Sunny,Day,0.05789930555555556,100.0,,22.486447999995107,manual
1768275416586,Sunny,Day,0.060460069444444445,100.0,,20.229082000014387,manual
1768275416616,Sunny,Day,0.060980902777777776,100.0,,14.388616000019283,manual
1768275416647,Sunny,Day,0.07144097222222222,100.0,-55.0,16.990812000017286,manual
1768275416680,Sunny,Day,0.06927083333333334,100.0,-51.0,16.181147999986933,manual
1768275416713,Sunny,Day,0.08081597222222223,100.0,-52.0,20.441518999973596,manual
1768275416741,Sunny,Day,0.08072916666666667,100.0,-51.0,16.103230999988227,manual
1768275416773,Sunny,Day,0.08081597222222223,100.0,-47.0,24.659064000047692,manual
1768275416806,Sunny,Day,0.07673611111111112,100.0,-44.0,24.834006999981284,manual
1768275416835,Sunny,Day,0.08415798611111111,100.0,-42.0,21.097331999953894,manual
1768275416866,Sunny,Day,0.08025173611111111,100.0,-39.0,23.63509100007377,manual
1768275416898,Sunny,Day,0.08155381944444444,100.0,-35.0,22.66537100001642,manual
1768275416932,Sunny,Day,0.08324652777777777,100.0,-32.0,24.597423999921375,manual
1768275416965,Sunny,Day,0.08220486111111111,100.0,-28.0,28.914327000052253,auto
1768275416994,Sunny,Day,0.08116319444444445,100.0,-25.0,9.314356000004409,auto
1768275417027,Sunny,Day,0.08237847222222222,100.0,-19.0,23.861472000021422,auto
1768275417055,Sunny,Day,0.0783420138888889,100.0,-14.0,19.41751000003933,auto
1768275417089,Sunny,Day,0.07868923611111112,100.0,-8.0,25.93660100001216,auto
1768275417118,Sunny,Day,0.07847222222222222,100.0,-3.0,20.437927999978456,auto
1768275417149,Sunny,Day,0.07682291666666667,100.0,2.0,22.259845000007772,auto
1768275417180,Sunny,Day,0.07591145833333333,100.0,6.0,23.32927500003734,auto
1768275417214,Sunny,Day,0.07942708333333333,100.0,8.0,24.94729099998949,auto
1768275417244,Sunny,Day,0.07899305555555555,100.0,8.0,21.594293000021025,auto
1768275417276,Sunny,Day,0.08389756944444444,100.0,7.0,24.756163999995806,auto
1768275417307,Sunny,Day,0.08220486111111111,100.0,6.0,20.25694899998598,auto
1768275417338,Sunny,Day,0.084765625,100.0,5.0,23.054270000102406,auto
1768275417369,Sunny,Day,0.08541666666666667,100.0,4.0,22.121194000078503,auto
1768275417401,Sunny,Day,0.08459201388888889,100.0,3.0,22.1986479999714,auto
1768275417434,Sunny,Day,0.08797743055555556,100.0,2.0,23.02516299994295,auto
1768275417463,Sunny,Day,0.08689236111111111,100.0,1.0,20.3679359999569,auto
1768275417495,Sunny,Day,0.08719618055555556,100.0,1.0,22.516721999977563,auto
1768275417527,Sunny,Day,0.08927951388888888,100.0,0.0,23.851196000009622,auto
1768275417561,Sunny,Day,0.08910590277777777,100.0,0.0,26.30692699995052,auto
1768275417592,Sunny,Day,0.08815104166666667,100.0,-1.0,21.73616499999298,auto
1768275417620,Sunny,Day,0.08836805555555556,100.0,-1.0,19.08477100005257,auto
1768275417652,Sunny,Day,0.08927951388888888,100.0,-1.0,23.217102999979033,auto
1768275417684,Sunny,Day,0.08936631944444444,100.0,-1.0,23.68930799991631,auto
1768275417714,Sunny,Day,0.08763020833333333,100.0,-1.0,20.368381000025693,auto
1768275417749,Sunny,Day,0.08654513888888889,100.0,-1.0,26.761430999954428,auto
1768275417778,Sunny,Day,0.08845486111111112,100.0,-2.0,19.63691100002052,auto
1768275417810,Sunny,Day,0.09175347222222222,100.0,-2.0,24.416055999950004,auto
1768275417841,Sunny,Day,0.08797743055555556,100.0,-2.0,21.883425000055468,auto
1768275417873,Sunny,Day,0.09131944444444444,100.0,-2.0,22.304432000055385,auto
1768275417903,Sunny,Day,0.08901909722222222,100.0,-2.0,20.37563900000805,auto
1768275417937,Sunny,Day,0.09032118055555556,100.0,-2.0,20.936629000061657,auto
1768275417966,Sunny,Day,0.08823784722222222,100.0,-2.0,17.024140999978954,auto
1768275417997,Sunny,Day,0.09088541666666666,100.0,-1.0,22.414048999962688,auto
1768275418029,Sunny,Day,0.08888888888888889,100.0,-2.0,23.165220999999292,auto
1768275418062,Sunny,Day,0.08980034722222222,100.0,-2.0,25.375036000014006,auto
1768275418091,Sunny,Day,0.08919270833333333,100.0,-2.0,20.4935880000221,auto
1768275418123,Sunny,Day,0.08997395833333334,100.0,-2.0,21.479659000078755,auto
1768275418154,Sunny,Day,0.08797743055555556,100.0,-2.0,17.36139800004821,auto
1768275418185,Sunny,Day,0.08923611111111111,100.0,-1.0,19.592490000036378,auto
1768275418217,Sunny,Day,0.08910590277777777,100.0,-1.0,18.41238700001213,auto
1768275418249,Sunny,Day,0.09075520833333334,100.0,-1.0,22.86279299994476,auto
1768275418280,Sunny,Day,0.0896267361111111,100.0,-1.0,14.741556999979366,auto
1768275418311,Sunny,Day,0.09171006944444444,100.0,-2.0,22.29132299999037,auto
1768275418343,Sunny,Day,0.09175347222222222,100.0,-2.0,23.076306000007207,auto
1768275418374,Sunny,Day,0.09249131944444444,100.0,-2.0,16.22547499994198,auto
1768275418406,Sunny,Day,0.09049479166666667,100.0,-2.0,20.428855000091062,auto
1768275418440,Sunny,Day,0.09075520833333334,100.0,-2.0,25.52946299999803,auto
1768275418468,Sunny,Day,0.09136284722222222,100.0,-2.0,19.5288120000896,auto
1768275418501,Sunny,Day,0.09131944444444444,100.0,-2.0,24.201692000019648,auto
1768275418531,Sunny,Day,0.09262152777777778,100.0,-2.0,17.17314300003636,auto
1768275418563,Sunny,Day,0.09253472222222223,100.0,-2.0,23.80799799993838,auto
1768275418595,Sunny,Day,0.09223090277777778,100.0,-2.0,24.319901000012578,auto
1768275418626,Sunny,Day,0.09253472222222223,100.0,-2.0,17.8240850000293,auto
1768275418658,Sunny,Day,0.0920138888888889,100.0,-2.0,20.0619720000077,auto
1768275418688,Sunny,Day,0.09184027777777778,100.0,-2.0,20.92929700006607,auto
1768275418720,Sunny,Day,0.09175347222222222,100.0,-2.0,23.935759999972106,auto
1768275418751,Sunny,Day,0.09231770833333333,100.0,-2.0,18.487026000002516,auto
1768275418782,Sunny,Day,0.09214409722222222,100.0,-1.0,21.382762000030198,auto
1768275418815,Sunny,Day,0.09314236111111111,100.0,-1.0,24.92668100001083,auto
1768275418847,Sunny,Day,0.0921875,100.0,-1.0,23.015589999999975,auto
1768275418877,Sunny,Day,0.09361979166666666,100.0,-1.0,19.195591000084278,auto
1768275418908,Sunny,Day,0.09361979166666666,100.0,-1.0,19.257436000089,auto
1768275418940,Sunny,Day,0.09296875,100.0,-1.0,18.489692000002833,auto
1768275418972,Sunny,Day,0.09392361111111111,100.0,-1.0,23.73491399998784,auto
1768275419002,Sunny,Day,0.0959201388888889,100.0,-1.0,21.61432800005514,auto
1768275419035,Sunny,Day,0.09453125,100.0,-1.0,24.30557000002409,auto
1768275419066,Sunny,Day,0.0953125,100.0,-2.0,22.16200400005164,auto
1768275419096,Sunny,Day,0.09513888888888888,100.0,-2.0,19.532830000002832,auto
1768275419129,Sunny,Day,0.09631076388888889,100.0,-2.0,22.628209999993487,auto
1768275419160,Sunny,Day,0.09700520833333333,100.0,-2.0,21.49078600007215,auto
1768275419190,Sunny,Day,0.09652777777777778,100.0,-2.0,18.185710000011568,auto
1768275419221,Sunny,Day,0.09505208333333333,100.0,-2.0,23.72263799998109,auto
1768275419253,Sunny,Day,0.09596354166666667,100.0,-2.0,18.383889999995517,auto
1768275419284,Sunny,Day,0.09574652777777778,100.0,-2.0,18.27306999996381,auto
1768275419316,Sunny,Day,0.09483506944444445,100.0,-2.0,23.049549000006664,auto
1768275419348,Sunny,Day,0.09557291666666666,100.0,-2.0,24.007621999999174,auto
1768275419380,Sunny,Day,0.09639756944444444,100.0,-2.0,19.572788999994373,auto
1768275419410,Sunny,Day,0.095703125,100.0,-2.0,19.244864000029338,auto
1768275419441,Sunny,Day,0.09587673611111111,100.0,-2.0,19.31624400003784,auto
1768275419473,Sunny,Day,0.09296875,100.0,-2.0,20.96351499994853,auto
1768275419504,Sunny,Day,0.09275173611111111,100.0,-2.0,21.822080999982063,auto
1768275419536,Sunny,Day,0.09383680555555556,100.0,-2.0,23.99621600000046,auto
1768275419569,Sunny,Day,0.09713541666666667,100.0,-2.0,24.196173999939674,auto
1768275419599,Sunny,Day,0.09314236111111111,100.0,-2.0,20.79460899994956,auto
1768275419630,Sunny,Day,0.09431423611111112,100.0,-2.0,22.158024000077603,auto
1768275419665,Sunny,Day,0.09730902777777778,100.0,-2.0,25.548813000000337,auto
1768275419692,Sunny,Day,0.09826388888888889,100.0,-2.0,17.894410999929278,auto
1768275419726,Sunny,Day,0.09796006944444445,100.0,-2.0,24.192378999941866,auto
1768275419755,Sunny,Day,0.09618055555555556,100.0,-2.0,19.58934300000692,auto
1768275419787,Sunny,Day,0.09722222222222222,100.0,-2.0,19.71930800004884,auto
1768275419818,Sunny,Day,0.09791666666666667,100.0,-2.0,23.177386000043043,auto
1768275419850,Sunny,Day,0.09756944444444444,100.0,-2.0,22.683832999973674,auto
1768275419885,Sunny,Day,0.09809027777777778,100.0,-2.0,27.562874000068405,auto
1768275419913,Sunny,Day,0.09596354166666667,100.0,-2.0,18.834225999967202,auto
1768275419946,Sunny,Day,0.09691840277777777,100.0,-2.0,25.306730000011157,auto
1768275419978,Sunny,Day,0.09578993055555556,100.0,-2.0,19.345667000038702,auto
1768275420007,Sunny,Day,0.09752604166666666,100.0,-2.0,19.943282000099316,auto
1768275420040,Sunny,Day,0.09635416666666667,100.0,-2.0,24.298439999938637,auto
1768275420073,Sunny,Day,0.09644097222222223,100.0,-2.0,24.263408000024356,auto
1768275420103,Sunny,Day,0.09513888888888888,100.0,-2.0,20.746522000081313,auto
1768275420132,Sunny,Day,0.09522569444444444,100.0,-2.0,20.102059999999256,auto
1768275420163,Sunny,Day,0.094140625,100.0,-1.0,18.795119999936105,auto
1768275420195,Sunny,Day,0.09544270833333333,100.0,-1.0,22.834370999930798,auto
1768275420226,Sunny,Day,0.0954861111111111,100.0,-1.0,23.057308000034027,auto
1768275420258,Sunny,Day,0.09774305555555556,100.0,-1.0,23.663274000000456,auto
1768275420290,Sunny,Day,0.09552951388888889,100.0,-1.0,24.029674999951567,auto
1768275420320,Sunny,Day,0.096875,100.0,-1.0,22.117010999977538,auto
1768275420352,Sunny,Day,0.0954861111111111,100.0,-1.0,24.0677820000883,auto
1768275420384,Sunny,Day,0.09782986111111111,100.0,-1.0,19.669685000053505,auto
1768275420415,Sunny,Day,0.09722222222222222,100.0,-1.0,10.931834999951207,auto
1768275420446,Sunny,Day,0.09778645833333334,100.0,-1.0,17.5981119999733,auto
1768275420478,Sunny,Day,0.098046875,100.0,-2.0,23.395397999934175,auto
1768275420511,Sunny,Day,0.09913194444444444,100.0,-2.0,23.92137399999683,auto
1768275420540,Sunny,Day,0.09895833333333333,100.0,-2.0,19.361943000035353,auto
1768275420572,Sunny,Day,0.09809027777777778,100.0,-2.0,24.976156999969135,auto
1768275420604,Sunny,Day,0.09895833333333333,100.0,-2.0,22.585102999983064,auto
1768275420634,Sunny,Day,0.09956597222222222,100.0,-2.0,13.426155000047402,auto
1768275420667,Sunny,Day,0.09947916666666666,100.0,-1.0,21.762792000004083,auto
1768275420699,Sunny,Day,0.10017361111111112,100.0,-1.0,20.959478999998282,auto
1768275420728,Sunny,Day,0.09891493055555556,100.0,-1.0,20.097560999943198,auto
1768275420761,Sunny,Day,0.10078125,100.0,-1.0,24.37376500006394,auto
1768275420791,Sunny,Day,0.10060763888888889,100.0,-1.0,21.58703499992498,auto
1768275420824,Sunny,Day,0.09895833333333333,100.0,-1.0,24.67271199998322,auto
1768275420855,Sunny,Day,0.09874131944444445,100.0,-1.0,22.168763999957264,auto
1768275420886,Sunny,Day,0.10164930555555556,100.0,-1.0,18.943750999937947,auto
1768275420917,Sunny,Day,0.10238715277777778,100.0,-1.0,18.436292000046706,auto
1768275420948,Sunny,Day,0.1037326388888889,100.0,-1.0,19.521165000014662,auto
1768275420980,Sunny,Day,0.10243055555555555,100.0,-1.0,23.91996599999402,auto
1768275421014,Sunny,Day,0.10290798611111111,100.0,-1.0,26.16940699999759,auto
1768275421043,Sunny,Day,0.10260416666666666,100.0,-1.0,21.403316000032646,auto
1768275421077,Sunny,Day,0.10403645833333333,100.0,-1.0,24.946197999952346,auto
1768275421106,Sunny,Day,0.10208333333333333,100.0,-1.0,20.858898000028603,auto
1768275421137,Sunny,Day,0.10325520833333333,100.0,-1.0,23.13466900000094,auto
1768275421168,Sunny,Day,0.10334201388888889,100.0,-1.0,21.451959000046372,auto
1768275421200,Sunny,Day,0.10481770833333333,100.0,-1.0,23.337848999972266,auto
1768275421231,Sunny,Day,0.10494791666666667,100.0,-1.0,21.640028999968308,auto
1768275421264,Sunny,Day,0.10399305555555556,100.0,-1.0,24.411704999920403,auto
1768275421294,Sunny,Day,0.10377604166666667,100.0,-2.0,19.020889999978863,auto
1768275421327,Sunny,Day,0.103515625,100.0,-1.0,24.13731199999347,auto
1768275421357,Sunny,Day,0.10542534722222222,100.0,-1.0,20.089858000005734,auto
1768275421389,Sunny,Day,0.10464409722222222,100.0,-1.0,22.645947999990312,auto
1768275421419,Sunny,Day,0.10299479166666667,100.0,-1.0,20.62970299994049,auto
1768275421451,Sunny,Day,0.1032986111111111,100.0,-1.0,20.279724999909376,auto
1768275421482,Sunny,Day,0.10546875,100.0,-1.0,22.88999400002467,auto
1768275421514,Sunny,Day,0.10620659722222223,100.0,-1.0,17.68312000001515,auto
1768275421545,Sunny,Day,0.103515625,100.0,-1.0,16.406121999921197,auto
1768275421578,Sunny,Day,0.10546875,100.0,17.0,24.25522299995464,auto
1768275421609,Sunny,Day,0.10481770833333333,100.0,17.0,21.082537999973283,auto
1768275421641,Sunny,Day,0.10659722222222222,100.0,17.0,22.86516300000585,auto
1768275421670,Sunny,Day,0.10611979166666667,100.0,16.0,20.97964300003241,auto
1768275421702,Sunny,Day,0.10703125,100.0,15.0,20.658143999980894,auto
1768275421734,Sunny,Day,0.11072048611111111,100.0,-9.0,20.648903999926915,auto
1768275421765,Sunny,Day,0.11202256944444444,100.0,-13.0,18.503265000049396,auto
1768275421798,Sunny,Day,0.10985243055555556,100.0,-17.0,22.27828800005227,auto
1768275421827,Sunny,Day,0.10998263888888889,100.0,6.0,18.183432999990146,auto
1768275421859,Sunny,Day,0.10846354166666666,100.0,7.0,22.853867999970134,auto
1768275421891,Sunny,Day,0.11388888888888889,100.0,10.0,16.794946999993954,auto
1768275421923,Sunny,Day,0.10685763888888888,100.0,10.0,23.581635000027745,auto
1768275421954,Sunny,Day,0.10980902777777778,100.0,9.0,22.11221499999283,auto
1768275421984,Sunny,Day,0.10759548611111111,100.0,9.0,21.63456700009192,auto
1768275422017,Sunny,Day,0.11176215277777778,100.0,7.0,24.16934500001844,auto
1768275422048,Sunny,Day,0.11241319444444445,100.0,5.0,20.77226000005794,auto
1768275422080,Sunny,Day,0.11358506944444445,100.0,5.0,24.006418999988455,auto
1768275422110,Sunny,Day,0.11440972222222222,100.0,4.0,20.303592000004755,auto
1768275422142,Sunny,Day,0.11536458333333334,100.0,30.0,22.012670999970396,auto
1768275422173,Sunny,Day,0.11419270833333334,100.0,30.0,21.951401000023907,auto
1768275422204,Sunny,Day,0.11236979166666666,100.0,31.0,21.477732999983346,auto
1768275422236,Sunny,Day,0.11579861111111112,100.0,29.0,19.874864999906094,auto
1768275422266,Sunny,Day,0.11809895833333334,100.0,27.0,21.556279000037648,auto
1768275422298,Sunny,Day,0.11796875,100.0,24.0,22.544385999935912,auto
1768275422330,Sunny,Day,0.116796875,100.0,23.0,24.547485999960372,auto
1768275422363,Sunny,Day,0.11744791666666667,100.0,23.0,24.00890100000197,auto
1768275422393,Sunny,Day,0.11901041666666666,100.0,,21.414703999994344,auto
1768275422424,Sunny,Day,0.11801215277777778,100.0,,19.145893999962027,auto
1768275422455,Sunny,Day,0.11749131944444445,100.0,,21.850855999900887,auto
1768275422486,Sunny,Day,0.12092013888888889,100.0,,22.295822999922166,auto
1768275422518,Sunny,Day,0.11592881944444444,100.0,,23.558620000017072,auto
1768275422552,Sunny,Day,0.11549479166666667,100.0,-50.0,25.287751999940156,auto
1768275422581,Sunny,Day,0.11137152777777778,100.0,-51.0,9.930507000035504,auto
1768275422613,Sunny,Day,0.10672743055555556,100.0,,19.273657000098865,auto
1768275422646,Sunny,Day,0.11050347222222222,100.0,-52.0,22.927989999971032,auto
1768275422674,Sunny,Day,0.10954861111111111,100.0,-48.0,19.785503999969478,auto
1768275422706,Sunny,Day,0.11458333333333333,100.0,,25.308582999969076,auto
1768275422737,Sunny,Day,0.11532118055555556,100.0,24.0,21.591016000002128,auto
1768275422772,Sunny,Day,0.11727430555555556,100.0,31.0,26.14492899999732,auto
1768275422799,Sunny,Day,0.10703125,100.0,37.0,17.585798000027353,auto
1768275422830,Sunny,Day,0.110546875,100.0,38.0,19.787856999982978,auto
1768275422863,Sunny,Day,0.11167534722222222,100.0,37.0,26.162352000028477,auto
1768275422896,Sunny,Day,0.11319444444444444,100.0,32.0,25.55572000005668,auto
1768275422925,Sunny,Day,0.1174045138888889,100.0,29.0,22.876144000065324,auto
1768275422957,Sunny,Day,0.11901041666666666,100.0,25.0,24.367432999952143,auto
1768275422987,Sunny,Day,0.119140625,100.0,22.0,23.282300000005307,auto
1768275423022,Sunny,Day,0.11940104166666667,100.0,20.0,26.772948999905566,auto
1768275423050,Sunny,Day,0.11749131944444445,100.0,18.0,19.173243000068396,auto
1768275423084,Sunny,Day,0.11610243055555555,100.0,18.0,27.42126200007533,auto
1768275423114,Sunny,Day,0.11618923611111111,100.0,,23.8242560000117,auto
1768275423144,Sunny,Day,0.11393229166666667,100.0,14.0,21.201617999963673,auto
1768275423175,Sunny,Day,0.11037326388888889,100.0,12.0,19.07649500003572,auto
1768275423207,Sunny,Day,0.10529513888888889,100.0,8.0,23.192719000007855,auto
1768275423239,Sunny,Day,0.10169270833333334,100.0,5.0,20.8389189999707,auto
1768275423270,Sunny,Day,0.09809027777777778,100.0,2.0,24.344934999930956,auto
1768275423301,Sunny,Day,0.09474826388888889,100.0,0.0,24.96780800004217,auto
1768275423336,Sunny,Day,0.10164930555555556,100.0,-2.0,28.199262999919483,auto
1768275423368,Sunny,Day,0.09778645833333334,100.0,-2.0,25.288584000008996,auto
1768275423395,Sunny,Day,0.09539930555555555,100.0,-2.0,20.460407999962626,auto
1768275423428,Sunny,Day,0.092578125,100.0,-2.0,26.60132000005433,auto
1768275423460,Sunny,Day,0.09296875,100.0,-2.0,24.610515999938798,auto
1768275423489,Sunny,Day,0.0935329861111111,100.0,-2.0,19.911934999981895,auto
1768275423522,Sunny,Day,0.09114583333333333,100.0,-1.0,24.29442300001483,auto
1768275423555,Sunny,Day,0.09214409722222222,100.0,-1.0,26.2170309999874,auto
1768275423585,Sunny,Day,0.09192708333333334,100.0,-1.0,21.455551000030937,auto
1768275423615,Sunny,Day,0.09357638888888889,100.0,-1.0,22.74971400004233,auto
1768275423646,Sunny,Day,0.09457465277777778,100.0,-1.0,24.927423000008275,auto
1768275423679,Sunny,Day,0.09479166666666666,100.0,0.0,26.14546600000267,auto
1768275423709,Sunny,Day,0.09375,100.0,0.0,21.649528000011742,auto
1768275423740,Sunny,Day,0.09609375,100.0,1.0,23.26050600004237,auto
1768275423772,Sunny,Day,0.09561631944444444,100.0,1.0,25.120086000015363,auto
1768275423803,Sunny,Day,0.09574652777777778,100.0,1.0,22.18920600000729,auto
1768275423836,Sunny,Day,0.09249131944444444,100.0,1.0,25.397015999942596,auto
1768275423869,Sunny,Day,0.09348958333333333,100.0,2.0,18.6015500000849,auto
1768275423897,Sunny,Day,0.09539930555555555,100.0,2.0,21.350619000031656,auto
1768275423929,Sunny,Day,0.09357638888888889,100.0,2.0,23.89802499999405,auto
1768275423960,Sunny,Day,0.09431423611111112,100.0,2.0,23.912782999900628,auto
1768275423992,Sunny,Day,0.09227430555555556,100.0,2.0,22.962967000012213,auto
1768275424023,Sunny,Day,0.09344618055555555,100.0,2.0,23.48537000000306,auto
1768275424055,Sunny,Day,0.09366319444444444,100.0,3.0,25.309063999998216,auto
1768275424086,Sunny,Day,0.09305555555555556,100.0,3.0,24.604998000086198,auto
1768275424117,Sunny,Day,0.09131944444444444,100.0,3.0,24.521155999991606,auto
1768275424150,Sunny,Day,0.09270833333333334,100.0,3.0,25.952915000061694,auto
1768275424182,Sunny,Day,0.09175347222222222,100.0,4.0,23.889045000032638,auto
1768275424211,Sunny,Day,0.09088541666666666,100.0,4.0,22.624211000106698,auto
1768275424244,Sunny,Day,0.09079861111111111,100.0,5.0,24.283257999968555,auto
1768275424276,Sunny,Day,0.08893229166666666,100.0,5.0,22.554329999934453,auto
1768275424306,Sunny,Day,0.0900607638888889,100.0,6.0,18.92308799995135,auto
1768275424338,Sunny,Day,0.08932291666666667,100.0,6.0,26.15541000000121,auto
1768275424368,Sunny,Day,0.08971354166666666,100.0,6.0,16.587175000040588,auto
1768275424401,Sunny,Day,0.08953993055555555,100.0,7.0,25.890515000014602,auto
1768275424431,Sunny,Day,0.0881076388888889,100.0,8.0,23.367568999901778,auto
1768275424463,Sunny,Day,0.08858506944444444,100.0,10.0,24.882594999894536,auto
1768275424494,Sunny,Day,0.08858506944444444,100.0,12.0,23.933835000093495,auto
1768275424526,Sunny,Day,0.09066840277777778,100.0,12.0,22.955523999939942,auto
1768275424557,Sunny,Day,0.09010416666666667,100.0,14.0,24.3419170000152,auto
1768275424590,Sunny,Day,0.09001736111111111,100.0,15.0,25.68253900005857,auto
1768275424620,Sunny,Day,0.09032118055555556,100.0,16.0,20.45822299999145,auto
1768275424654,Sunny,Day,0.08680555555555555,100.0,17.0,27.795441000080245,auto
1768275424684,Sunny,Day,0.09249131944444444,100.0,18.0,22.379702999955953,auto
1768275424714,Sunny,Day,0.09223090277777778,100.0,18.0,22.18548500002271,auto
1768275424747,Sunny,Day,0.09227430555555556,100.0,16.0,25.667763000001287,auto
1768275424779,Sunny,Day,0.09288194444444445,100.0,16.0,22.260363999976107,auto
1768275424808,Sunny,Day,0.08997395833333334,100.0,13.0,18.624400000021524,auto
1768275424839,Sunny,Day,0.09075520833333334,100.0,12.0,24.444071999937478,auto
1768275424871,Sunny,Day,0.09140625,100.0,10.0,25.521112999967954,auto
1768275424903,Sunny,Day,0.090625,100.0,9.0,24.383005999993657,auto
1768275424934,Sunny,Day,0.09171006944444444,100.0,9.0,23.679253999944194,auto
1768275424965,Sunny,Day,0.092578125,100.0,,24.762090999956854,auto
1768275424998,Sunny,Day,0.09275173611111111,100.0,11.0,26.056051000068692,auto
1768275425028,Sunny,Day,0.09131944444444444,100.0,13.0,21.28460799997356,auto
1768275425063,Sunny,Day,0.09266493055555555,100.0,15.0,27.02045699993505,auto
1768275425094,Sunny,Day,0.09275173611111111,100.0,17.0,21.362969000051635,auto
1768275425123,Sunny,Day,0.09314236111111111,100.0,,19.642522000026474,auto
1768275425153,Sunny,Day,0.090625,100.0,20.0,23.479758999997102,auto
1768275425185,Sunny,Day,0.08654513888888889,100.0,23.0,18.230242000072394,auto
1768275425216,Sunny,Day,0.088671875,100.0,24.0,22.815559000036956,auto
1768275425247,Sunny,Day,0.08528645833333333,100.0,22.0,24.38398699996469,auto
1768275425279,Sunny,Day,0.08155381944444444,100.0,21.0,25.13452900006996,auto
1768275425311,Sunny,Day,0.08051215277777778,100.0,18.0,24.237633999973696,auto
1768275425343,Sunny,Day,0.08372395833333333,100.0,16.0,25.21398200008207,auto
1768275425373,Sunny,Day,0.0828125,100.0,13.0,23.60583699999097,auto
1768275425407,Sunny,Day,0.08051215277777778,100.0,8.0,26.669758000025467,auto
1768275425436,Sunny,Day,0.08159722222222222,100.0,6.0,22.54992400003175,auto
1768275425471,Sunny,Day,0.08385416666666666,100.0,6.0,27.22950600002605,auto
1768275425501,Sunny,Day,0.08103298611111111,100.0,5.0,21.19691400002921,auto
1768275425534,Sunny,Day,0.06714409722222223,100.0,6.0,22.26734500004568,auto
1768275425562,Sunny,Day,0.07847222222222222,100.0,11.0,19.679073000020253,auto
1768275425593,Sunny,Day,0.07000868055555555,100.0,12.0,24.40272499995899,auto
1768275425626,Sunny,Day,0.07513020833333334,100.0,12.0,25.95467399999052,auto
1768275425656,Sunny,Day,0.07447916666666667,100.0,14.0,22.76634300005753,auto
1768275425691,Sunny,Day,0.07452256944444445,100.0,13.0,28.507838999985324,auto
1768275425719,Sunny,Day,0.0763888888888889,100.0,14.0,19.821815999989667,auto
1768275425750,Sunny,Day,0.0700954861111111,100.0,14.0,22.713404000000992,auto
1768275425781,Sunny,Day,0.07296006944444444,100.0,13.0,24.98817599996528,auto
1768275425814,Sunny,Day,0.07625868055555556,100.0,14.0,25.286085999937313,auto
1768275425844,Sunny,Day,0.07000868055555555,100.0,14.0,23.79309299999477,auto
1768275425877,Sunny,Day,0.073828125,100.0,15.0,26.04103499993471,auto
1768275425909,Sunny,Day,0.07161458333333333,100.0,15.0,26.443782999990617,auto
1768275425941,Sunny,Day,0.07074652777777778,100.0,16.0,22.271770999964247,auto
1768275425970,Sunny,Day,0.07408854166666666,100.0,16.0,20.975774000021374,auto
1768275426001,Sunny,Day,0.07452256944444445,100.0,17.0,25.097847999973055,auto
1768275426033,Sunny,Day,0.07105034722222223,100.0,16.0,24.8848360000693,auto
1768275426064,Sunny,Day,0.07378472222222222,100.0,16.0,23.460706000037135,auto
1768275426096,Sunny,Day,0.07309027777777778,100.0,15.0,25.07810999998128,auto
1768275426127,Sunny,Day,0.06853298611111111,100.0,14.0,24.629162999985965,auto
1768275426158,Sunny,Day,0.07152777777777777,100.0,13.0,24.829732000057447,auto
1768275426190,Sunny,Day,0.07013888888888889,100.0,13.0,23.85436400004437,auto
1768275426221,Sunny,Day,0.07269965277777778,100.0,13.0,24.035861000015757,auto
1768275426253,Sunny,Day,0.07265625,100.0,14.0,24.220302000003358,auto
1768275426286,Sunny,Day,0.07313368055555555,100.0,15.0,26.429248999988886,auto
1768275426315,Sunny,Day,0.07243923611111111,100.0,16.0,22.791599000015594,auto
1768275426346,Sunny,Day,0.07504340277777778,100.0,18.0,24.07104199994592,auto
1768275426378,Sunny,Day,0.07330729166666666,100.0,17.0,24.78269999994609,auto
1768275426409,Sunny,Day,0.07469618055555556,100.0,18.0,24.830731000065498,auto
1768275426441,Sunny,Day,0.07469618055555556,100.0,17.0,25.878756999986763,auto
1768275426472,Sunny,Day,0.07200520833333333,100.0,15.0,21.510766999995212,auto
1768275426504,Sunny,Day,0.06983506944444444,100.0,14.0,24.405170000022736,auto
1768275426535,Sunny,Day,0.07296006944444444,100.0,12.0,24.361934000012297,auto
1768275426566,Sunny,Day,0.06879340277777778,100.0,12.0,24.22758000000158,auto
1768275426600,Sunny,Day,0.06870659722222222,100.0,12.0,27.137111000001823,auto
1768275426629,Sunny,Day,0.06749131944444445,100.0,12.0,20.66906899995047,auto
1768275426660,Sunny,Day,0.070703125,100.0,12.0,24.701042999936362,auto
1768275426695,Sunny,Day,0.06549479166666666,100.0,12.0,30.292797000015526,auto
1768275426723,Sunny,Day,0.06918402777777778,100.0,13.0,16.17483400002584,auto
1768275426754,Sunny,Day,0.0700954861111111,100.0,16.0,23.468686999990496,auto
1768275426786,Sunny,Day,0.07105034722222223,100.0,15.0,24.781071000006705,auto
1768275426817,Sunny,Day,0.06983506944444444,100.0,17.0,24.985434999962308,auto
1768275426851,Sunny,Day,0.06861979166666667,100.0,15.0,26.927967999995417,auto
1768275426881,Sunny,Day,0.07161458333333333,100.0,15.0,22.283288000039647,auto
1768275426912,Sunny,Day,0.06974826388888888,100.0,14.0,24.546727000029023,auto
1768275426947,Sunny,Day,0.06818576388888889,100.0,11.0,29.432878999955392,auto
1768275426974,Sunny,Day,0.06644965277777778,100.0,10.0,20.001572000069245,auto
1768275427006,Sunny,Day,0.07326388888888889,100.0,13.0,24.18328900000688,auto
1768275427037,Sunny,Day,0.06766493055555556,100.0,11.0,24.37808000001951,auto
1768275427069,Sunny,Day,0.07065972222222222,100.0,12.0,25.14667599996301,auto
1768275427102,Sunny,Day,0.06675347222222222,100.0,13.0,26.75539500000923,auto
1768275427131,Sunny,Day,0.06605902777777778,100.0,12.0,22.775045000003047,auto
1768275427163,Sunny,Day,0.06983506944444444,100.0,12.0,24.82895399998597,auto
1768275427194,Sunny,Day,0.06614583333333333,100.0,13.0,23.892545000080645,auto
1768275427226,Sunny,Day,0.06267361111111111,100.0,11.0,24.448609000046417,auto
1768275427259,Sunny,Day,0.062890625,100.0,10.0,26.56764000005296,auto
1768275427291,Sunny,Day,0.060112847222222224,100.0,11.0,20.67268000007516,auto
1768275427320,Sunny,Day,0.06124131944444444,100.0,10.0,22.15119200002391,auto
1768275427353,Sunny,Day,0.05060763888888889,100.0,8.0,26.58476699991752,auto
1768275427383,Sunny,Day,0.05959201388888889,100.0,8.0,22.882568999989417,auto
1768275427416,Sunny,Day,0.058333333333333334,100.0,9.0,26.740841999981058,auto
1768275427446,Sunny,Day,0.05677083333333333,100.0,9.0,20.08902600005058,auto
1768275427477,Sunny,Day,0.05629340277777778,100.0,10.0,24.819528999955764,auto
1768275427511,Sunny,Day,0.0578125,100.0,,26.41439799992895,auto
1768275427540,Sunny,Day,0.05486111111111111,100.0,10.0,19.462653999994473,auto
1768275427573,Sunny,Day,0.04887152777777778,97.74305555555556,,25.802211000041098,auto
1768275427604,Sunny,Day,0.044444444444444446,88.88888888888889,,23.051773000020148,auto
1768275427634,Sunny,Day,0.04262152777777778,85.24305555555556,,23.650443000065025,auto
1768275427669,Sunny,Day,0.05099826388888889,100.0,,28.377873000067666,auto
1768275427699,Sunny,Day,0.05464409722222222,100.0,,20.974347999981546,auto
1768275427730,Sunny,Day,0.066015625,100.0,,22.291620000032708,auto
1768275427763,Sunny,Day,0.05967881944444445,100.0,,24.373377999950208,auto
1768275427794,Sunny,Day,0.05681423611111111,100.0,,20.889155000077153,auto
1768275427826,Sunny,Day,0.06176215277777778,100.0,,24.06908000000385,auto
1768275427856,Sunny,Day,0.06215277777777778,100.0,,20.502384999986134,auto
1768275427888,Sunny,Day,0.05373263888888889,100.0,,22.4521199999117,auto
1768275427921,Sunny,Day,0.057421875,100.0,,23.810238999999456,auto
1768275427950,Sunny,Day,0.05373263888888889,100.0,,18.632306999961656,auto
1768275427983,Sunny,Day,0.056163194444444446,100.0,,20.38347200004864,auto
1768275428012,Sunny,Day,0.049305555555555554,98.61111111111111,,20.890618000066752,auto
1768275428044,Sunny,Day,0.0546875,100.0,,23.437432000037006,auto
1768275428078,Sunny,Day,0.05529513888888889,100.0,,25.78382399997281,auto
1768275428107,Sunny,Day,0.05933159722222222,100.0,,19.76189799995609,auto
1768275428140,Sunny,Day,0.054774305555555555,100.0,,25.477915999999823,auto
1768275428171,Sunny,Day,0.05915798611111111,100.0,,22.20276000002741,auto
1768275428201,Sunny,Day,0.05412326388888889,100.0,,21.128200000021025,auto
1768275428232,Sunny,Day,0.06228298611111111,100.0,,23.144298000033814,auto
1768275428264,Sunny,Day,0.06067708333333333,100.0,,23.297836999972787,auto
1768275428296,Sunny,Day,0.06627604166666666,100.0,,23.63644500007922,auto
1768275428329,Sunny,Day,0.06931423611111111,100.0,,24.43801800006895,auto
1768275428356,Sunny,Day,0.06775173611111111,100.0,,18.203005000032135,auto
1768275428388,Sunny,Day,0.07335069444444445,100.0,,24.13153500003773,auto
1768275428418,Sunny,Day,0.07560763888888888,100.0,,23.627891000046475,auto
1768275428450,Sunny,Day,0.06822916666666666,100.0,,24.890798999990693,auto
1768275428481,Sunny,Day,0.07165798611111111,100.0,,25.05663099998401,auto
1768275428512,Sunny,Day,0.0740017361111111,100.0,,24.437906999992265,auto
1768275428544,Sunny,Day,0.07738715277777777,100.0,,25.238053999942167,auto
1768275428575,Sunny,Day,0.07352430555555556,100.0,,24.06833899999583,auto
1768275428607,Sunny,Day,0.07526041666666666,100.0,,24.534969999990608,auto
1768275428638,Sunny,Day,0.07690972222222223,100.0,,25.07212900002287,auto
1768275428670,Sunny,Day,0.08506944444444445,100.0,,23.84738400007791,auto
1768275428701,Sunny,Day,0.07842881944444445,100.0,,24.793253999973786,auto
1768275428734,Sunny,Day,0.08125,100.0,,26.934005000043726,auto
1768275428765,Sunny,Day,0.08250868055555556,100.0,,23.86877000003551,auto
1768275428795,Sunny,Day,0.09184027777777778,100.0,,23.9513710000665,auto
1768275428826,Sunny,Day,0.09188368055555556,100.0,,24.735577000001285,auto
1768275428858,Sunny,Day,0.09470486111111111,100.0,,24.07330100004401,auto
1768275428890,Sunny,Day,0.09739583333333333,100.0,,24.396411999987322,auto
1768275428921,Sunny,Day,0.10286458333333333,100.0,,24.651734000030956,auto
1768275428952,Sunny,Day,0.1052517361111111,100.0,,24.986490999935995,auto
1768275428985,Sunny,Day,0.10321180555555555,100.0,,26.648408000028212,auto
1768275429015,Sunny,Day,0.10399305555555556,100.0,,18.24187099998653,auto
1768275429046,Sunny,Day,0.1130642361111111,100.0,,25.093275000017456,auto
1768275429078,Sunny,Day,0.10802951388888889,100.0,,25.374539000040386,auto
1768275429110,Sunny,Day,0.11263020833333333,100.0,,25.50613500000054,auto
1768275429143,Sunny,Day,0.11384548611111112,100.0,,26.21369999997114,auto
1768275429172,Sunny,Day,0.11840277777777777,100.0,,22.684075000029225,auto
1768275429204,Sunny,Day,0.12083333333333333,100.0,,24.707078999995247,auto
1768275429235,Sunny,Day,0.12526041666666668,100.0,,24.260242000082144,auto
1768275429266,Sunny,Day,0.12348090277777778,100.0,,25.10882900003253,auto
1768275429298,Sunny,Day,0.12721354166666668,100.0,,24.744057000020803,auto
1768275429329,Sunny,Day,0.14227430555555556,100.0,,24.537192000025243,auto
1768275429361,Sunny,Day,0.135546875,100.0,,25.677874000052725,auto
1768275429392,Sunny,Day,0.13940972222222223,100.0,,20.373086000063267,auto
1768275429423,Sunny,Day,0.13368055555555555,100.0,,24.794051000071704,auto
1768275429455,Sunny,Day,0.13315972222222222,100.0,,25.744328999962818,auto
1768275429488,Sunny,Day,0.14066840277777778,100.0,,25.86872200004109,auto
1768275429517,Sunny,Day,0.13858506944444443,100.0,,20.810811999922407,auto
1768275429551,Sunny,Day,0.14153645833333334,100.0,,27.192290000016328,auto
1768275429580,Sunny,Day,0.14730902777777777,100.0,,18.22072599998137,auto
1768275429614,Sunny,Day,0.154296875,100.0,,26.722215000063443,auto
1768275429643,Sunny,Day,0.1564236111111111,100.0,,23.091120000003684,auto
1768275429675,Sunny,Day,0.14774305555555556,100.0,,25.48656299995855,auto
1768275429706,Sunny,Day,0.16206597222222222,100.0,,22.865591000027052,auto
1768275429737,Sunny,Day,0.16744791666666667,100.0,,23.823813000035443,auto
1768275429768,Sunny,Day,0.172265625,100.0,,24.79171800007407,auto
1768275429800,Sunny,Day,0.1694878472222222,100.0,,25.177616999940255,auto
1768275429832,Sunny,Day,0.17960069444444443,100.0,-10.0,24.18284499992751,auto
1768275429863,Sunny,Day,0.17725694444444445,100.0,,22.851000000059685,auto
1768275429894,Sunny,Day,0.18489583333333334,100.0,,24.851562999970156,auto
1768275429926,Sunny,Day,0.19505208333333332,100.0,-10.0,17.234543999961716,auto
1768275429959,Sunny,Day,0.18997395833333333,100.0,-8.0,25.79112000000805,auto
1768275429993,Sunny,Day,0.22517361111111112,100.0,,26.059700000018893,auto
1768275430020,Sunny,Day,0.22178819444444445,100.0,-5.0,20.25981999997839,auto
1768275430051,Sunny,Day,0.22938368055555555,100.0,-15.0,24.313551999966876,auto
1768275430083,Sunny,Day,0.23268229166666668,100.0,-1.0,24.476791999973102,auto
1768275430116,Sunny,Day,0.23315972222222223,100.0,0.0,25.718776999951842,auto
1768275430146,Sunny,Day,0.24869791666666666,100.0,-4.0,22.374184999989666,auto
1768275430178,Sunny,Day,0.25516493055555556,100.0,-3.0,23.923338000031436,auto
1768275430208,Sunny,Day,0.2615017361111111,100.0,-2.0,22.765638999999283,auto
1768275430240,Sunny,Day,0.2718315972222222,100.0,-8.0,19.940543000075195,auto
1768275430271,Sunny,Day,0.28988715277777777,100.0,-1.0,21.316086000069845,auto
1768275430303,Sunny,Day,0.28511284722222224,100.0,0.0,25.832003999994413,auto
1768275430335,Sunny,Day,0.2823350694444444,100.0,-6.0,23.676958999999442,auto
1768275430366,Sunny,Day,0.29110243055555557,100.0,8.0,23.230381999951533,auto
1768275430397,Sunny,Day,0.30486111111111114,100.0,-5.0,24.274370999933126,auto
1768275430429,Sunny,Day,0.3014322916666667,100.0,-5.0,25.766994000036902,auto
1768275430459,Sunny,Day,0.300390625,100.0,-6.0,22.760084999958963,auto
1768275430491,Sunny,Day,0.31015625,100.0,9.0,24.410132999946654,auto
1768275430523,Sunny,Day,0.3123697916666667,100.0,-5.0,18.56277800004591,auto
1768275430554,Sunny,Day,0.31341145833333334,100.0,17.0,24.36432300009983,auto
1768275430585,Sunny,Day,0.3079427083333333,100.0,-4.0,23.60996699997031,auto
1768275430616,Sunny,Day,0.31223958333333335,100.0,-4.0,23.226826000041,auto
1768275430648,Sunny,Day,0.30464409722222224,100.0,15.0,24.615775999905054,auto
1768275430679,Sunny,Day,0.30364583333333334,100.0,-5.0,24.44810999998026,auto
1768275430711,Sunny,Day,0.2952690972222222,100.0,15.0,24.53748900006758,auto
1768275430744,Sunny,Day,0.28953993055555555,100.0,15.0,24.47032999998555,auto
1768275430775,Sunny,Day,0.2941840277777778,100.0,,21.426240999971924,auto
1768275430807,Sunny,Day,0.30828993055555554,100.0,12.0,24.96860399992329,auto
1768275430836,Sunny,Day,0.328515625,100.0,-12.0,21.991544999991675,auto
1768275430867,Sunny,Day,0.33185763888888886,100.0,-14.0,23.133133999976963,auto
1768275430899,Sunny,Day,0.32339409722222223,100.0,-16.0,24.7156720000703,auto
1768275430932,Sunny,Day,0.34856770833333334,100.0,-15.0,25.695519999999306,auto
1768275430964,Sunny,Day,0.3673177083333333,100.0,-13.0,24.825936000070215,manual
1768275430995,Sunny,Day,0.35625,100.0,-11.0,24.424001999932443,manual
1768275431025,Sunny,Day,0.37721354166666665,100.0,-10.0,22.779879000040637,manual
1768275431056,Sunny,Day,0.36649305555555556,100.0,-10.0,23.988922999933493,manual
1768275431087,Sunny,Day,0.38307291666666665,100.0,-10.0,24.50477000002138,manual
1768275431119,Sunny,Day,0.38515625,100.0,-9.0,28.439700000035373,manual
1768275431150,Sunny,Day,0.3804253472222222,100.0,-9.0,20.803331000024627,manual
1768275431183,Sunny,Day,0.38528645833333336,100.0,-10.0,19.212350999964656,manual
1768275431217,Sunny,Day,0.39657118055555557,100.0,-14.0,27.284593999979734,manual
1768275431244,Sunny,Day,0.39500868055555555,100.0,-16.0,19.17713199998161,manual
1768275431276,Sunny,Day,0.39262152777777776,100.0,-21.0,24.500678000094922,manual
1768275431307,Sunny,Day,0.37864583333333335,100.0,-22.0,24.897336000094583,manual
1768275431339,Sunny,Day,0.3902777777777778,100.0,-26.0,23.57460100006392,manual
1768275431370,Sunny,Day,0.38068576388888886,100.0,-28.0,25.02915299999131,manual
1768275431403,Sunny,Day,0.3782552083333333,100.0,-31.0,26.14526399997885,manual
1768275431432,Sunny,Day,0.36553819444444446,100.0,-32.0,18.9209769999934,manual
1768275431466,Sunny,Day,0.35390625,100.0,-34.0,25.90764300009596,manual
1768275431496,Sunny,Day,0.3342013888888889,100.0,-36.0,22.94800800007124,manual
1768275431529,Sunny,Day,0.3298611111111111,100.0,-37.0,26.78711500004738,manual
1768275431558,Sunny,Day,0.3138454861111111,100.0,-38.0,21.77351499994984,manual
1768275431593,Sunny,Day,0.3156684027777778,100.0,-41.0,27.55387799993514,manual
1768275431621,Sunny,Day,0.3187065972222222,100.0,-42.0,22.894383999982892,manual
1768275431654,Sunny,Day,0.3118489583333333,100.0,-44.0,25.231999999959953,manual
1768275431684,Sunny,Day,0.30364583333333334,100.0,-25.0,24.783979000062573,manual
1768275431718,Sunny,Day,0.28368055555555555,100.0,-17.0,25.018358000011176,manual
1768275431747,Sunny,Day,0.29800347222222223,100.0,,20.74080199997752,manual
1768275431778,Sunny,Day,0.2995659722222222,100.0,-53.0,26.557271999990917,manual
1768275431810,Sunny,Day,0.29153645833333336,100.0,-25.0,20.184997000001204,manual
1768275431841,Sunny,Day,0.27144097222222224,100.0,,27.743448000023818,manual
1768275431872,Sunny,Day,0.26766493055555557,100.0,,28.059335999955692,manual
1768275431904,Sunny,Day,0.28125,100.0,-9.0,22.48409799994988,manual
1768275431935,Sunny,Day,0.27934027777777776,100.0,0.0,27.824050000049283,manual
1768275431966,Sunny,Day,0.2591145833333333,100.0,,25.914143000022705,manual
1768275432000,Sunny,Day,0.2593315972222222,100.0,,25.7390149999992,manual
1768275432030,Sunny,Day,0.26167534722222224,100.0,,26.772820000019237,manual
1768275432060,Sunny,Day,0.266796875,100.0,-48.0,25.3444129999707,manual
1768275432092,Sunny,Day,0.24952256944444445,100.0,,21.555373999945004,manual
1768275432123,Sunny,Day,0.24327256944444445,100.0,,28.590793000034864,manual
1768275432156,Sunny,Day,0.24444444444444444,100.0,,27.647699999988617,manual
1768275432186,Sunny,Day,0.2664930555555556,100.0,,23.942891000046984,manual
1768275432218,Sunny,Day,0.2474392361111111,100.0,,26.781727000070532,manual
1768275432249,Sunny,Day,0.24379340277777778,100.0,-61.0,26.72997399997712,manual
1768275432280,Sunny,Day,0.24618055555555557,100.0,,21.783976000051553,manual
1768275432313,Sunny,Day,0.22964409722222223,100.0,,29.058405000000675,manual
1768275432343,Sunny,Day,0.22534722222222223,100.0,,21.450220000019726,manual
1768275432376,Sunny,Day,0.21315104166666668,100.0,,25.134381999919242,manual
1768275432407,Sunny,Day,0.2088107638888889,100.0,,27.35736400006772,manual
1768275432437,Sunny,Day,0.21488715277777778,100.0,,24.61068399998112,manual
1768275432468,Sunny,Day,0.2189236111111111,100.0,,23.07475199995679,manual
1768275432500,Sunny,Day,0.18541666666666667,100.0,,25.028726999948958,manual
1768275432532,Sunny,Day,0.19053819444444445,100.0,,25.930993000088165,manual
1768275432563,Sunny,Day,0.194140625,100.0,,27.63757100001385,manual
1768275432595,Sunny,Day,0.2046875,100.0,,26.87649400002101,manual
1768275432626,Sunny,Day,0.22339409722222223,100.0,,27.22406400005184,manual
1768275432657,Sunny,Day,0.20924479166666668,100.0,,24.90737200002968,manual
1768275432688,Sunny,Day,0.23875868055555555,100.0,,26.725196000029428,manual
1768275432722,Sunny,Day,0.24709201388888888,100.0,,25.782361999972636,manual
1768275432751,Sunny,Day,0.25069444444444444,100.0,,24.912186000051406,manual
1768275432783,Sunny,Day,0.23828125,100.0,-67.0,22.9710780000687,manual
1768275432815,Sunny,Day,0.22408854166666667,100.0,,25.449901000001773,manual
1768275432845,Sunny,Day,0.24114583333333334,100.0,77.0,23.87323200002811,manual
1768275432880,Sunny,Day,0.24986979166666667,100.0,76.0,31.135329999983696,manual
1768275432908,Sunny,Day,0.20629340277777777,100.0,42.0,17.040233999978227,manual
1768275432940,Sunny,Day,0.21280381944444443,100.0,,24.997526999982256,manual
1768275432971,Sunny,Day,0.2103298611111111,100.0,,24.6941739999329,manual
1768275433002,Sunny,Day,0.22170138888888888,100.0,,25.437031999899773,manual
1768275433034,Sunny,Day,0.2189670138888889,100.0,,24.972957000045426,manual
1768275433065,Sunny,Day,0.21627604166666667,100.0,,25.01526699995793,manual
1768275433096,Sunny,Day,0.2165798611111111,100.0,,24.82125200003793,manual
1768275433128,Sunny,Day,0.2224826388888889,100.0,,25.34563500000786,manual
1768275433159,Sunny,Day,0.21792534722222223,100.0,,24.827789000028133,manual
1768275433191,Sunny,Day,0.21497395833333333,100.0,,25.188468999999714,manual
1768275433224,Sunny,Day,0.20625,100.0,,26.91113800005951,manual
1768275433253,Sunny,Day,0.21011284722222223,100.0,,23.12882000001082,manual
1768275433285,Sunny,Day,0.19596354166666666,100.0,,25.24399900005392,manual
1768275433316,Sunny,Day,0.20217013888888888,100.0,,24.972549999915827,manual
1768275433351,Sunny,Day,0.19249131944444445,100.0,,28.89531400001033,manual
1768275433382,Sunny,Day,0.18888888888888888,100.0,,21.85813500000222,manual
1768275433414,Sunny,Day,0.17552083333333332,100.0,,22.384944000009455,manual
1768275433447,Sunny,Day,0.16822916666666668,100.0,,24.049287000025288,manual
1768275433477,Sunny,Day,0.16953125,100.0,,20.68151299999954,manual
1768275433508,Sunny,Day,0.16809895833333333,100.0,,22.270049999974617,manual
1768275433539,Sunny,Day,0.15768229166666667,100.0,,22.40679299995918,manual
1768275433570,Sunny,Day,0.1536892361111111,100.0,,23.104710999973577,manual
1768275433604,Sunny,Day,0.15052083333333333,100.0,,24.116962999983116,manual
1768275433634,Sunny,Day,0.15763888888888888,100.0,43.0,20.804591000000983,manual
1768275433666,Sunny,Day,0.14704861111111112,100.0,39.0,23.04657000001953,manual
1768275433697,Sunny,Day,0.12916666666666668,100.0,36.0,14.92472099994302,manual
1768275433727,Sunny,Day,0.13394097222222223,100.0,33.0,21.2328750000097,manual
1768275433758,Sunny,Day,0.14696180555555555,100.0,28.0,21.588296000004448,manual
1768275433789,Sunny,Day,0.14461805555555557,100.0,23.0,22.930083999995077,manual
1768275433822,Sunny,Day,0.13559027777777777,100.0,21.0,21.497028999988288,manual
1768275433852,Sunny,Day,0.12834201388888888,100.0,18.0,21.349064999981238,manual
1768275433884,Sunny,Day,0.12842881944444445,100.0,13.0,23.989274999962618,manual
1768275433916,Sunny,Day,0.12625868055555556,100.0,9.0,23.251028000004226,manual
1768275433949,Sunny,Day,0.12296006944444444,100.0,6.0,18.825562999950307,manual
1768275433978,Sunny,Day,0.11527777777777778,100.0,2.0,18.588089999980184,manual
1768275434010,Sunny,Day,0.10963541666666667,100.0,-1.0,23.38634499994896,manual
1768275434044,Sunny,Day,0.10859375,100.0,-5.0,30.78551900000548,manual
1768275434073,Sunny,Day,0.11011284722222223,100.0,-9.0,14.38665500006664,manual
1768275434105,Sunny,Day,0.11002604166666667,100.0,-9.0,23.385290000078385,manual
1768275434135,Sunny,Day,0.10815972222222223,100.0,-8.0,20.399509000071703,manual
1768275434166,Sunny,Day,0.11271701388888888,100.0,-9.0,18.78034599997136,manual
1768275434200,Sunny,Day,0.11423611111111111,100.0,-9.0,23.15144700003202,manual
1768275434229,Sunny,Day,0.11419270833333334,100.0,-9.0,19.221330999926067,manual
1768374570053,Sunny,Day,0.0001953125,0.390625,,432.6292759999433,manual
1768374570355,Sunny,Day,0.0,0.0,,6.016090000002805,manual
1768374570380,Sunny,Day,0.0,0.0,,3.5846619999801987,manual
1768374570404,Sunny,Day,0.0,0.0,,13.56792299998233,manual
1768374570429,Sunny,Day,0.0,0.0,,10.179896999943594,manual
1768374570460,Sunny,Day,0.0,0.0,,26.084179999998014,manual
1768374570491,Sunny,Day,0.0,0.0,,26.296003000084056,manual
1768374570524,Sunny,Day,0.0,0.0,,27.76581199998418,manual
1768374570554,Sunny,Day,0.0,0.0,,25.423192000062045,manual
1768374570587,Sunny,Day,0.0,0.0,,28.53735099995447,manual
1768374570618,Sunny,Day,0.0,0.0,,26.076531000057912,manual
1768374570648,Sunny,Day,0.0,0.0,,24.73462600005405,manual
1768374570681,Sunny,Day,0.0,0.0,,27.79192699995292,manual
1768374570711,Sunny,Day,0.0,0.0,,25.438544999929036,manual
1768374570742,Sunny,Day,0.0,0.0,,26.105293999989954,manual
1768374570775,Sunny,Day,0.0,0.0,,27.89249500006008,manual
1768374570806,Sunny,Day,0.0,0.0,,26.937599999996564,manual
1768374570837,Sunny,Day,0.0,0.0,,25.517518000015116,manual
1768374570868,Sunny,Day,0.0,0.0,,26.0842910000747,manual
1768374570900,Sunny,Day,0.0,0.0,,26.10551600002964,manual
1768374570934,Sunny,Day,0.0,0.0,,27.95609500003593,manual
1768374570962,Sunny,Day,0.0,0.0,,22.331330999918464,manual
1768374570995,Sunny,Day,0.0,0.0,,28.913304999946376,manual
1768374571026,Sunny,Day,0.0,0.0,,24.149427999986983,manual
1768374571056,Sunny,Day,0.0,0.0,,18.46273299997847,manual
1768374571088,Sunny,Day,0.0,0.0,,24.94545100000778,manual
1768374571119,Sunny,Day,0.0,0.0,,23.59404399999221,manual
1768374571150,Sunny,Day,0.0,0.0,,24.261385000045266,manual
1768374571183,Sunny,Day,0.0,0.0,,25.369334999936655,manual
1768374571214,Sunny,Day,0.0,0.0,,24.113255999964167,manual
1768374571249,Sunny,Day,0.0,0.0,,26.01209799991011,manual
1768374571276,Sunny,Day,0.0,0.0,,19.876257000078112,manual
1768374571309,Sunny,Day,0.0,0.0,,25.856560999955036,manual
1768374571339,Sunny,Day,0.0,0.0,,22.583088000033058,manual
1768374571370,Sunny,Day,0.0,0.0,,25.174977999995463,manual
1768374571401,Sunny,Day,0.0,0.0,,24.717200000054618,manual
1768374571435,Sunny,Day,0.0,0.0,,27.134624000041185,manual
1768374571464,Sunny,Day,0.0,0.0,,21.830884999985756,manual
1768374571497,Sunny,Day,0.0,0.0,,25.820167999995647,manual
1768374571527,Sunny,Day,0.0,0.0,,22.96872700003405,manual
1768374571560,Sunny,Day,0.0,0.0,,24.84384499996395,manual
1768374571591,Sunny,Day,0.0,0.0,,24.64002400006393,manual
1768374571622,Sunny,Day,0.0,0.0,,23.377832999926795,manual
1768374571654,Sunny,Day,0.0,0.0,,24.417904000074486,manual
1768374571686,Sunny,Day,0.0,0.0,,26.05438199998389,manual
1768374571717,Sunny,Day,0.0,0.0,,22.65930099997604,manual
1768374571747,Sunny,Day,0.0,0.0,,20.235152999930506,manual
1768374571778,Sunny,Day,0.0,0.0,,24.323319000018273,manual
1768374571810,Sunny,Day,0.0,0.0,,19.44188999993912,manual
1768374571841,Sunny,Day,0.0,0.0,,19.42820399995071,manual
1768374571875,Sunny,Day,0.0,0.0,,26.990662000002885,manual
1768374571904,Sunny,Day,0.0,0.0,,22.493262000011782,manual
1768374571936,Sunny,Day,0.0,0.0,,24.861292000082358,manual
1768374571967,Sunny,Day,0.0,0.0,,25.237819000039963,manual
1768374571998,Sunny,Day,0.0,0.0,,24.273127000014938,manual
1768374572030,Sunny,Day,0.0,0.0,,25.045927000064694,manual
1768374572063,Sunny,Day,0.0,0.0,,26.642325000011624,manual
1768374572092,Sunny,Day,0.0,0.0,,22.27618300003087,manual
1768374572125,Sunny,Day,0.0,0.0,,25.04561199998534,manual
1768374572157,Sunny,Day,0.0,0.0,,25.970206000010876,manual
1768374572187,Sunny,Day,0.0,0.0,,21.515184000008958,manual
1768374572218,Sunny,Day,0.0,0.0,,24.745612999936384,manual
1768374572250,Sunny,Day,0.0,0.0,,25.77923900003043,manual
1768374572281,Sunny,Day,0.0,0.0,,23.846354999932373,manual
1768374572312,Sunny,Day,0.0,0.0,,24.84073499999795,manual
1768374572344,Sunny,Day,0.0,0.0,,24.18650799995703,manual
1768374572375,Sunny,Day,0.0001953125,0.390625,,24.226901000020007,manual
1768374572407,Sunny,Day,0.0,0.0,,24.80375000004642,manual
1768374572438,Sunny,Day,0.0,0.0,,27.920628000060788,manual
1768374572473,Sunny,Day,0.0,0.0,,26.174341999990247,manual
1768374572501,Sunny,Day,0.0,0.0,,20.266014000071664,manual
1768374572533,Sunny,Day,0.0,0.0,,25.463070999990123,manual
1768374572564,Sunny,Day,0.0,0.0,,19.03084499997476,manual
1768374572597,Sunny,Day,0.0,0.0,,26.364810000018224,manual
1768374572626,Sunny,Day,0.0,0.0,,20.31313100007992,manual
1768374572658,Sunny,Day,0.0,0.0,,20.145981000041502,manual
1768374572689,Sunny,Day,0.0003255208333333333,0.6510416666666666,,24.65647299993634,manual
1768374572722,Sunny,Day,0.0008463541666666667,1.6927083333333335,,25.84832100001222,manual
1768374572752,Sunny,Day,0.0013671875,2.734375,,19.333715000016127,manual
1768374572784,Sunny,Day,0.0019205729166666666,3.841145833333333,,24.63637700009258,manual
1768374572817,Sunny,Day,0.0026041666666666665,5.208333333333333,,26.286022000022058,manual
1768374572849,Sunny,Day,0.00283203125,5.6640625,,24.874036000028354,manual
1768374572879,Sunny,Day,0.00224609375,4.4921875,,22.28898099997423,manual
1768374572909,Sunny,Day,0.0017903645833333333,3.5807291666666665,,22.604316999945695,manual
1768374572941,Sunny,Day,0.0011067708333333333,2.2135416666666665,,28.888209000001552,manual
1768374572972,Sunny,Day,0.0013997395833333333,2.7994791666666665,,25.36667000003945,manual
1768374573003,Sunny,Day,0.002018229166666667,4.036458333333334,,26.576796999961516,manual
1768374573035,Sunny,Day,0.0016927083333333334,3.385416666666667,,22.908448999942266,manual
1768374573067,Sunny,Day,0.00234375,4.6875,,25.81952299999557,manual
1768374573098,Sunny,Day,0.00234375,4.6875,,27.84346999999343,manual
1768374573130,Sunny,Day,0.0013020833333333333,2.6041666666666665,,26.803548999964733,manual
1768374573160,Sunny,Day,0.0018880208333333333,3.7760416666666665,,27.388656999960403,manual
1768374573196,Sunny,Day,0.0015950520833333333,3.1901041666666665,,30.310323999970024,manual
1768374573223,Sunny,Day,0.0024088541666666668,4.817708333333334,,22.30732199996055,manual
1768374573256,Sunny,Day,0.00244140625,4.8828125,,27.818060000072364,manual
1768374573288,Sunny,Day,0.00361328125,7.2265625,,26.674589000094784,manual
1768374573317,Sunny,Day,0.0036783854166666666,7.356770833333333,,24.02586200003043,manual
1768374573354,Sunny,Day,0.005013020833333334,10.026041666666668,69.0,31.872066999994786,manual
1768374573384,Sunny,Day,0.005533854166666667,11.067708333333334,68.0,24.215218000108507,manual
1768374573412,Sunny,Day,0.0053059895833333336,10.611979166666668,67.0,11.000086000080955,manual
1768374573445,Sunny,Day,0.0057942708333333336,11.588541666666668,66.0,26.879409999992276,manual
1768374573476,Sunny,Day,0.0064453125,12.890625,65.0,27.599940999948558,manual
1768374573507,Sunny,Day,0.0072265625,14.453125,65.0,20.49134299988964,manual
1768374573537,Sunny,Day,0.0073893229166666664,14.778645833333332,64.0,27.371525000035035,manual
1768374573570,Sunny,Day,0.008203125,16.40625,63.0,27.511709000009432,manual
1768374573600,Sunny,Day,0.008984375,17.96875,61.0,16.74453900000117,manual
1768374573632,Sunny,Day,0.009375,18.75,61.0,24.373162999950182,manual
1768374573663,Sunny,Day,0.010514322916666667,21.028645833333336,58.0,28.45463699998163,manual
1768374573696,Sunny,Day,0.0109375,21.875,58.0,27.31896299997061,manual
1768374573726,Sunny,Day,0.011555989583333334,23.111979166666668,57.0,24.53949800008104,manual
1768374573758,Sunny,Day,0.011979166666666667,23.958333333333336,56.0,23.477499000023272,manual
1768374573790,Sunny,Day,0.012239583333333333,24.479166666666668,55.0,28.883725999889975,manual
1768374573824,Sunny,Day,0.013118489583333334,26.236979166666668,55.0,25.079952000055528,manual
1768374573856,Sunny,Day,0.014095052083333334,28.190104166666668,54.0,25.796704999947906,manual
1768374573886,Sunny,Day,0.015104166666666667,30.208333333333332,52.0,23.136920999945687,manual
1768374573918,Sunny,Day,0.015234375,30.46875,51.0,24.80919700008144,manual
1768374573948,Sunny,Day,0.016015625,32.03125,50.0,13.901547000045866,manual
1768374573981,Sunny,Day,0.017024739583333334,34.049479166666664,49.0,24.683682000045337,manual
1768374574009,Sunny,Day,0.018359375,36.71875,48.0,19.53320400002667,manual
1768374574040,Sunny,Day,0.019303385416666666,38.60677083333333,47.0,24.572003999992376,manual
1768374574074,Sunny,Day,0.0216796875,43.359375,46.0,26.31067599998005,manual
1768374574103,Sunny,Day,0.023014322916666666,46.028645833333336,45.0,21.376954000061232,manual
1768374574134,Sunny,Day,0.023111979166666668,46.223958333333336,44.0,24.63056699991739,manual
1768374574168,Sunny,Day,0.0248046875,49.609375,42.0,27.21567399999003,manual
1768374574197,Sunny,Day,0.028190104166666667,56.380208333333336,41.0,21.81915599999229,manual
1768374574228,Sunny,Day,0.02880859375,57.6171875,39.0,25.580533000038486,manual
1768374574262,Sunny,Day,0.029361979166666666,58.723958333333336,39.0,28.741802000013195,manual
1768374574292,Sunny,Day,0.032454427083333334,64.90885416666667,36.0,25.173855000048206,manual
1768374574323,Sunny,Day,0.03291015625,65.8203125,37.0,20.18105199999809,manual
1768374574354,Sunny,Day,0.03603515625,72.0703125,36.0,25.98284100008641,manual
1768374574387,Sunny,Day,0.035904947916666666,71.80989583333333,35.0,28.420483999980206,manual
1768374574417,Sunny,Day,0.038248697916666664,76.49739583333333,34.0,22.966386000007333,manual
1768374574448,Sunny,Day,0.04104817708333333,82.09635416666666,32.0,24.915805000091495,manual
1768374574481,Sunny,Day,0.04397786458333333,87.95572916666666,31.0,26.320954999960122,manual
1768374574511,Sunny,Day,0.045735677083333336,91.47135416666667,30.0,21.80617200008328,manual
1768374574542,Sunny,Day,0.04869791666666667,97.39583333333333,28.0,24.44613800003026,manual
1768374574574,Sunny,Day,0.050520833333333334,100.0,26.0,25.08602900002188,manual
1768374574605,Sunny,Day,0.052018229166666666,100.0,24.0,24.361867999914466,manual
1768374574637,Sunny,Day,0.052962239583333334,100.0,22.0,23.765499999967687,manual
1768374574668,Sunny,Day,0.05406901041666667,100.0,18.0,24.52355399998396,manual
1768374574700,Sunny,Day,0.05706380208333333,100.0,14.0,25.715438000020185,manual
1768374574731,Sunny,Day,0.05846354166666667,100.0,10.0,24.319195999964904,manual
1768374574762,Sunny,Day,0.05869140625,100.0,7.0,24.67649799996252,manual
1768374574795,Sunny,Day,0.059830729166666666,100.0,2.0,25.526970999976584,manual
1768374574825,Sunny,Day,0.06083984375,100.0,-2.0,23.92090700004701,manual
1768374574858,Sunny,Day,0.06142578125,100.0,-6.0,26.22894399996767,manual
1768374574888,Sunny,Day,0.0623046875,100.0,-10.0,16.60784499995316,manual
1768374574920,Sunny,Day,0.06477864583333333,100.0,-14.0,25.693267999940872,manual
1768374574951,Sunny,Day,0.06474609375,100.0,-18.0,24.51509000002261,manual
1768374574985,Sunny,Day,0.06705729166666667,100.0,-22.0,27.493299000070692,manual
1768374575014,Sunny,Day,0.06940104166666666,100.0,-27.0,19.59534499997062,manual
1768374575045,Sunny,Day,0.07122395833333334,100.0,-31.0,24.55313500001921,manual
1768374575078,Sunny,Day,0.07099609375,100.0,-35.0,26.49725500009481,manual
1768374575108,Sunny,Day,0.07320963541666667,100.0,-40.0,23.12192599993068,manual
1768374575140,Sunny,Day,0.07565104166666667,100.0,-44.0,23.720572000001994,manual
1768374575171,Sunny,Day,0.07757161458333334,100.0,-49.0,23.422572999947988,manual
1768374575203,Sunny,Day,0.08014322916666666,100.0,-53.0,25.4292390000046,manual
1768374575234,Sunny,Day,0.08170572916666667,100.0,-58.0,24.57324800002425,manual
1768374575267,Sunny,Day,0.08317057291666667,100.0,-62.0,25.953802000003634,manual
1768374575297,Sunny,Day,0.08421223958333333,100.0,-68.0,18.829932000016925,manual
1768374575328,Sunny,Day,0.08541666666666667,100.0,-72.0,24.95025599989731,manual
1768374575360,Sunny,Day,0.08421223958333333,100.0,-76.0,23.951804000034826,manual
1768374575391,Sunny,Day,0.08795572916666666,100.0,79.0,20.370190999983606,manual
1768374575423,Sunny,Day,0.08694661458333333,100.0,75.0,15.797441000017898,manual
1768374575453,Sunny,Day,0.09339192708333334,100.0,70.0,23.82297299993752,manual
1768374575486,Sunny,Day,0.09322916666666667,100.0,65.0,26.36560999997073,manual
1768374575516,Sunny,Day,0.09671223958333333,100.0,61.0,23.091849000024922,manual
1768374575549,Sunny,Day,0.09401041666666667,100.0,56.0,26.457733000029293,manual
1768374575579,Sunny,Day,0.09733072916666667,100.0,52.0,22.840095999981713,manual
1768374575614,Sunny,Day,0.09602864583333333,100.0,47.0,28.04244000003564,manual
1768374575644,Sunny,Day,0.09632161458333334,100.0,46.0,25.353822999932163,manual
1768374575673,Sunny,Day,0.10055338541666667,100.0,41.0,18.23465799998303,manual
1768374575705,Sunny,Day,0.10084635416666667,100.0,41.0,25.33007900001394,manual
1768374575738,Sunny,Day,0.10201822916666667,100.0,37.0,25.804579999999078,manual
1768374575767,Sunny,Day,0.10387369791666666,100.0,35.0,21.97403000002396,manual
1768374575801,Sunny,Day,0.10221354166666667,100.0,33.0,27.14103599998907,manual
1768374575830,Sunny,Day,0.10201822916666667,100.0,30.0,19.909005999920737,manual
1768374575861,Sunny,Day,0.10266927083333334,100.0,27.0,24.759047999964423,manual
1768374575894,Sunny,Day,0.10319010416666667,100.0,26.0,26.24904099991454,manual
1768374575924,Sunny,Day,0.10485026041666666,100.0,22.0,22.34153699998842,manual
1768374575957,Sunny,Day,0.10491536458333334,100.0,21.0,24.98822300003667,manual
1768374575987,Sunny,Day,0.1060546875,100.0,17.0,22.427288000017143,manual
1768374576022,Sunny,Day,0.10618489583333333,100.0,14.0,28.42023200003041,manual
1768374576050,Sunny,Day,0.107421875,100.0,12.0,20.51937999999609,manual
1768374576083,Sunny,Day,0.10940755208333333,100.0,9.0,26.05318600001283,manual
1768374576112,Sunny,Day,0.10904947916666667,100.0,6.0,18.440078000026006,manual
1768374576144,Sunny,Day,0.1107421875,100.0,3.0,25.794358999974065,manual
1768374576175,Sunny,Day,0.11207682291666667,100.0,1.0,24.591493999992053,manual
1768374576209,Sunny,Day,0.11207682291666667,100.0,-2.0,26.749397999992652,manual
1768374576238,Sunny,Day,0.1125,100.0,-4.0,17.698655999993207,manual
1768374576271,Sunny,Day,0.11432291666666666,100.0,-7.0,26.188478999984,manual
1768374576301,Sunny,Day,0.11416015625,100.0,-8.0,22.87180799999078,manual
1768374576335,Sunny,Day,0.11748046875,100.0,-11.0,27.232622000042284,manual
1768374576364,Sunny,Day,0.11826171875,100.0,-12.0,21.557912000048418,manual
1768374576395,Sunny,Day,0.11959635416666667,100.0,-15.0,24.954851999950733,manual
1768374576427,Sunny,Day,0.12190755208333333,100.0,-18.0,17.346466000049077,manual
1768374576459,Sunny,Day,0.12360026041666666,100.0,-19.0,25.67199200007053,manual
1768374576489,Sunny,Day,0.12652994791666666,100.0,-21.0,18.772302999991552,manual
1768374576522,Sunny,Day,0.12503255208333333,100.0,-23.0,26.393874999939726,manual
1768374576552,Sunny,Day,0.12819010416666668,100.0,-25.0,19.4596989999809,manual
1768374576584,Sunny,Day,0.12932942708333334,100.0,-27.0,24.60001299994019,manual
1768374576615,Sunny,Day,0.1326171875,100.0,-29.0,24.008017000028303,manual
1768374576647,Sunny,Day,0.13307291666666668,100.0,-31.0,24.170980999997482,manual
1768374576679,Sunny,Day,0.13688151041666666,100.0,-33.0,24.50303900002382,manual
1768374576710,Sunny,Day,0.13828125,100.0,-35.0,23.223071999950662,manual
1768374576742,Sunny,Day,0.14039713541666668,100.0,-37.0,24.11960500000987,manual
1768374576772,Sunny,Day,0.14352213541666667,100.0,-39.0,22.35882199988737,manual
1768374576805,Sunny,Day,0.14524739583333332,100.0,-41.0,26.169922000008228,manual
1768374576835,Sunny,Day,0.15016276041666668,100.0,-44.0,22.516617999940536,manual
1768374576867,Sunny,Day,0.15110677083333332,100.0,-45.0,25.66158299998733,manual
1768374576900,Sunny,Day,0.15,100.0,-47.0,25.56605400002354,manual
1768374576930,Sunny,Day,0.15260416666666668,100.0,-49.0,22.766832999991493,manual
1768374576962,Sunny,Day,0.15693359375,100.0,-51.0,24.525745000005372,manual
1768374576992,Sunny,Day,0.15944010416666668,100.0,-53.0,21.63245700000971,manual
1768374577028,Sunny,Day,0.16227213541666666,100.0,-54.0,29.70038000000841,manual
1768374577054,Sunny,Day,0.16389973958333334,100.0,-56.0,18.861097000012705,manual
1768374577087,Sunny,Day,0.16569010416666666,100.0,-58.0,25.890760999914164,manual
1768374577117,Sunny,Day,0.17018229166666668,100.0,-60.0,23.240948000079698,manual
1768374577149,Sunny,Day,0.17122395833333334,100.0,-61.0,23.88067200001842,manual
1768374577184,Sunny,Day,0.17255859375,100.0,-63.0,28.57722599992485,manual
1768374577212,Sunny,Day,0.17796223958333332,100.0,-65.0,19.924704000004567,manual
1768374577245,Sunny,Day,0.18157552083333334,100.0,-67.0,26.506538000035107,manual
1768374577275,Sunny,Day,0.18069661458333333,100.0,-68.0,19.00255800001105,manual
1768374577306,Sunny,Day,0.18655598958333333,100.0,-70.0,24.366619000034007,manual
1768374577338,Sunny,Day,0.18522135416666666,100.0,-71.0,17.409425999971972,manual
1768374577369,Sunny,Day,0.18727213541666668,100.0,-72.0,23.938233999956537,manual
1768374577400,Sunny,Day,0.18583984375,100.0,-73.0,24.03241199999684,manual
1768374577432,Sunny,Day,0.18505859375,100.0,-73.0,24.736976999975013,manual
1768374577464,Sunny,Day,0.18564453125,100.0,-74.0,18.648998999992727,manual
1768374577494,Sunny,Day,0.18037109375,100.0,-76.0,24.041468999939752,manual
1768374577528,Sunny,Day,0.17877604166666666,100.0,-76.0,26.837040000032175,manual
1768374577557,Sunny,Day,0.1763671875,100.0,-77.0,21.883269999989352,manual
1768374577589,Sunny,Day,0.17477213541666667,100.0,-78.0,25.384720000033667,manual
1768374577620,Sunny,Day,0.17923177083333333,100.0,,22.745925999970495,manual
1768374577651,Sunny,Day,0.18229166666666666,100.0,,25.009249999925487,manual
1768374577682,Sunny,Day,0.18531901041666668,100.0,,24.228102000051877,manual
1768374577714,Sunny,Day,0.1869140625,100.0,,24.68798899997182,manual
1768374577745,Sunny,Day,0.19215494791666668,100.0,,19.817396000007648,manual
1768374577777,Sunny,Day,0.19137369791666667,100.0,,23.571765000042433,manual
1768374577808,Sunny,Day,0.19993489583333332,100.0,,25.1028339999948,manual
1768374577842,Sunny,Day,0.19892578125,100.0,,26.181074000078297,manual
1768374577871,Sunny,Day,0.20416666666666666,100.0,,18.50844499995219,manual
1768374577903,Sunny,Day,0.20944010416666667,100.0,,25.50819699990825,manual
1768374577934,Sunny,Day,0.2138671875,100.0,,23.827221000033205,manual
1768374577966,Sunny,Day,0.21637369791666666,100.0,,25.382626999999047,manual
1768374577996,Sunny,Day,0.2224609375,100.0,,23.07561399993574,manual
1768374578028,Sunny,Day,0.22135416666666666,100.0,,25.012642000092455,manual
1768374578061,Sunny,Day,0.2271484375,100.0,,26.190038999970966,manual
1768374578091,Sunny,Day,0.22682291666666668,100.0,,25.73500400001194,manual
1768374578122,Sunny,Day,0.2283203125,100.0,,22.28987800003779,manual
1768374578154,Sunny,Day,0.22457682291666667,100.0,,20.589825999991263,manual
1768374578188,Sunny,Day,0.2189453125,100.0,,26.92699600004289,manual
1768374578217,Sunny,Day,0.21455078125,100.0,,20.262084000023606,manual
1768374578248,Sunny,Day,0.20595703125,100.0,,24.66163700000834,manual
1768374578279,Sunny,Day,0.19951171875,100.0,,24.90281400002914,manual
1768374578311,Sunny,Day,0.1958984375,100.0,,25.25057699995159,manual
1768374578342,Sunny,Day,0.19055989583333333,100.0,,24.928427999952874,manual
1768374578374,Sunny,Day,0.19270833333333334,100.0,-78.0,24.991194999984145,manual
1768374578406,Sunny,Day,0.18987630208333334,100.0,-76.0,24.7439800000393,manual
1768374578436,Sunny,Day,0.18948567708333333,100.0,-75.0,23.056059999930767,manual
1768374578469,Sunny,Day,0.18899739583333333,100.0,-72.0,26.415140000040083,manual
1768374578501,Sunny,Day,0.18860677083333333,100.0,-70.0,24.950912999997854,manual
1768374578532,Sunny,Day,0.19007161458333333,100.0,-29.0,23.71693400004915,manual
1768374578564,Sunny,Day,0.19479166666666667,100.0,-27.0,25.873445999991418,manual
1768374578594,Sunny,Day,0.19427083333333334,100.0,-26.0,22.112449000019296,manual
1768374578625,Sunny,Day,0.19632161458333333,100.0,-25.0,25.27585799998633,manual
1768374578656,Sunny,Day,0.19765625,100.0,-22.0,24.538826000025438,manual
1768374578689,Sunny,Day,0.19375,100.0,-21.0,25.52157200000238,manual
1768374578719,Sunny,Day,0.19156901041666666,100.0,-17.0,23.68241100009527,manual
1768374578751,Sunny,Day,0.1873046875,100.0,-16.0,25.19775599989771,manual
1768374578783,Sunny,Day,0.18714192708333333,100.0,-12.0,20.289364999939608,manual
1768374578815,Sunny,Day,0.1857421875,100.0,-10.0,24.48154199998953,manual
1768374578845,Sunny,Day,0.18447265625,100.0,-7.0,26.03131700004724,auto
1768374578876,Sunny,Day,0.17744140625,100.0,-4.0,22.222665000072084,auto
1768374578908,Sunny,Day,0.17184244791666667,100.0,12.0,24.688195999942764,auto
1768374578939,Sunny,Day,0.16858723958333333,100.0,14.0,24.13840999997774,auto
1768374578971,Sunny,Day,0.17073567708333334,100.0,15.0,25.132137000014154,auto
1768374579006,Sunny,Day,0.16891276041666667,100.0,14.0,28.209090000018477,auto
1768374579037,Sunny,Day,0.16920572916666668,100.0,12.0,17.31024499997602,auto
1768374579068,Sunny,Day,0.17548828125,100.0,10.0,22.106064000013248,auto
1768374579098,Sunny,Day,0.17548828125,100.0,8.0,20.968042000049536,auto
1768374579131,Sunny,Day,0.17565104166666667,100.0,10.0,23.014892999981384,auto
1768374579161,Sunny,Day,0.17646484375,100.0,8.0,21.30848900003457,auto
1768374579192,Sunny,Day,0.17958984375,100.0,17.0,22.849058000019795,auto
1768374579228,Sunny,Day,0.18079427083333333,100.0,16.0,26.81111399999736,auto
1768374579255,Sunny,Day,0.183984375,100.0,0.0,16.792869000028077,auto
1768374579287,Sunny,Day,0.18658854166666666,100.0,-12.0,22.929512000018804,auto
1768374579319,Sunny,Day,0.19251302083333333,100.0,-4.0,23.86569599991617,auto
1768374579349,Sunny,Day,0.191015625,100.0,-5.0,20.746869000049628,auto
1768374579381,Sunny,Day,0.19069010416666668,100.0,-3.0,23.2680149999851,auto
1768374579414,Sunny,Day,0.18665364583333333,100.0,-12.0,24.290208999900642,auto
1768374579446,Sunny,Day,0.186328125,100.0,-11.0,23.049729999911506,auto
1768374579476,Sunny,Day,0.18479817708333332,100.0,-10.0,21.11161400000583,auto
1768374579507,Sunny,Day,0.17900390625,100.0,-9.0,21.343603999980587,auto
1768374579538,Sunny,Day,0.17281901041666667,100.0,-7.0,22.23078200006512,auto
1768374579569,Sunny,Day,0.16490885416666667,100.0,-5.0,22.659185000065918,auto
1768374579602,Sunny,Day,0.165234375,100.0,-3.0,25.47180900000967,auto
1768374579632,Sunny,Day,0.15960286458333334,100.0,-2.0,20.71290100002443,auto
1768374579664,Sunny,Day,0.16637369791666667,100.0,-1.0,17.446926999923562,auto
1768374579696,Sunny,Day,0.165625,100.0,0.0,23.316150000027847,auto
1768374579728,Sunny,Day,0.1619140625,100.0,0.0,21.12513500003388,auto
1768374579758,Sunny,Day,0.15953776041666667,100.0,0.0,20.664433000092686,auto
1768374579791,Sunny,Day,0.159765625,100.0,-5.0,23.70119500005785,auto
1768374579820,Sunny,Day,0.15550130208333332,100.0,-5.0,19.815796999978375,auto
1768374579851,Sunny,Day,0.15729166666666666,100.0,-6.0,22.825463000003765,auto
1768374579883,Sunny,Day,0.1568359375,100.0,-7.0,23.749405000103252,auto
1768374579916,Sunny,Day,0.15569661458333334,100.0,-6.0,24.43496600005801,auto
1768374579946,Sunny,Day,0.15530598958333333,100.0,-6.0,20.5134900000985,auto
1768374579980,Sunny,Day,0.15221354166666667,100.0,-5.0,24.639914999966095,auto
1768374580010,Sunny,Day,0.15185546875,100.0,-5.0,20.769996000012725,auto
1768374580042,Sunny,Day,0.15074869791666667,100.0,-4.0,23.27637100006541,auto
1768374580071,Sunny,Day,0.15130208333333334,100.0,-3.0,20.552481000095213,auto
1768374580104,Sunny,Day,0.1513671875,100.0,-2.0,23.97165600007156,auto
1768374580134,Sunny,Day,0.15055338541666666,100.0,-1.0,22.240622000026633,auto
1768374580166,Sunny,Day,0.14788411458333334,100.0,0.0,23.09031300001152,auto
1768374580198,Sunny,Day,0.14723307291666668,100.0,-1.0,21.20685299996694,auto
1768374580230,Sunny,Day,0.14759114583333333,100.0,-1.0,22.567104000017935,auto
1768374580260,Sunny,Day,0.14651692708333333,100.0,-2.0,21.321310999951493,auto
1768374580291,Sunny,Day,0.14482421875,100.0,-3.0,21.685058000002755,auto
1768374580322,Sunny,Day,0.14140625,100.0,-3.0,21.825295999974514,auto
1768374580355,Sunny,Day,0.13997395833333334,100.0,-5.0,24.80697600003623,auto
1768374580385,Sunny,Day,0.13619791666666667,100.0,-42.0,20.76372800001991,auto
1768374580418,Sunny,Day,0.135546875,100.0,-41.0,24.197887000013907,auto
1768374580450,Sunny,Day,0.1333984375,100.0,-39.0,17.762231000006068,auto
1768374580480,Sunny,Day,0.13919270833333333,100.0,-34.0,20.68734800002403,auto
1768374580513,Sunny,Day,0.13642578125,100.0,-27.0,24.41041099996255,auto
1768374580542,Sunny,Day,0.12705078125,100.0,-20.0,18.966889999887826,auto
1768374580574,Sunny,Day,0.12067057291666666,100.0,-11.0,23.06384700000308,auto
1768374580605,Sunny,Day,0.11595052083333333,100.0,-1.0,22.761294000019916,auto
1768374580641,Sunny,Day,0.11123046875,100.0,26.0,23.685604999968746,auto
1768374580668,Sunny,Day,0.10696614583333333,100.0,30.0,20.229312999958893,auto
1768374580700,Sunny,Day,0.10152994791666667,100.0,33.0,23.334914999963985,auto
1768374580732,Sunny,Day,0.10865885416666667,100.0,32.0,22.353153000040038,auto
1768374580763,Sunny,Day,0.11009114583333333,100.0,28.0,20.024309000064022,auto
1768374580794,Sunny,Day,0.11722005208333333,100.0,25.0,22.657781000020805,auto
1768374580826,Sunny,Day,0.12086588541666667,100.0,-1.0,22.451961000001575,auto
1768374580857,Sunny,Day,0.12389322916666666,100.0,-5.0,24.46154699998715,auto
1768374580890,Sunny,Day,0.12392578125,100.0,-10.0,26.970412000082433,auto
1768374580920,Sunny,Day,0.128125,100.0,-10.0,23.879386000089653,auto
1768374580953,Sunny,Day,0.12014973958333333,100.0,-7.0,24.114708999945833,auto
1768374580982,Sunny,Day,0.12210286458333333,100.0,17.0,20.011622000083662,auto
1768374581018,Sunny,Day,0.12259114583333333,100.0,20.0,30.47073699997327,auto
1768374581046,Sunny,Day,0.11780598958333334,100.0,21.0,21.827041999927133,auto
1768374581077,Sunny,Day,0.11461588541666666,100.0,22.0,24.557413000025008,auto
1768374581109,Sunny,Day,0.12109375,100.0,20.0,26.706345999969017,auto
1768374581141,Sunny,Day,0.12473958333333333,100.0,17.0,25.634334000073977,auto
1768374581171,Sunny,Day,0.12565104166666666,100.0,-9.0,23.583430000030603,auto
1768374581203,Sunny,Day,0.13053385416666666,100.0,-13.0,23.764710000023115,auto
1768374581235,Sunny,Day,0.13079427083333334,100.0,-18.0,16.132328000026064,auto
1768374581267,Sunny,Day,0.13518880208333334,100.0,-18.0,22.9159460000119,auto
1768374581299,Sunny,Day,0.1294921875,100.0,10.0,21.02693000006184,auto
1768374581327,Sunny,Day,0.13024088541666667,100.0,13.0,19.815569000002142,auto
1768374581360,Sunny,Day,0.12919921875,100.0,18.0,23.83119900002839,auto
1768374581390,Sunny,Day,0.11643880208333333,100.0,21.0,21.460574000002453,auto
1768374581424,Sunny,Day,0.1158203125,100.0,20.0,25.44922000004135,auto
1768374581454,Sunny,Day,0.11962890625,100.0,18.0,23.431652999988728,auto
1768374581488,Sunny,Day,0.12666015625,100.0,15.0,24.04677900005936,auto
1768374581519,Sunny,Day,0.13004557291666666,100.0,13.0,22.65567500000998,auto
1768374581548,Sunny,Day,0.13274739583333334,100.0,10.0,20.618605999970896,auto
1768374581579,Sunny,Day,0.13160807291666668,100.0,8.0,20.604142000024694,auto
1768374581611,Sunny,Day,0.13167317708333334,100.0,8.0,22.109759999921152,auto
1768374581643,Sunny,Day,0.1310546875,100.0,9.0,23.664643000074648,auto
1768374581674,Sunny,Day,0.13076171875,100.0,11.0,20.3900239999939,auto
1768374581706,Sunny,Day,0.1302734375,100.0,10.0,22.161617000051592,auto
1768374581737,Sunny,Day,0.13343098958333333,100.0,10.0,21.91775599999346,auto
1768374581767,Sunny,Day,0.13639322916666666,100.0,10.0,19.58874600006766,auto
1768374581799,Sunny,Day,0.14283854166666668,100.0,10.0,23.08048300005794,auto
1768374581832,Sunny,Day,0.1470703125,100.0,10.0,24.642071000016585,auto
1768374581862,Sunny,Day,0.15296223958333333,100.0,9.0,20.64888699999301,auto
1768374581894,Sunny,Day,0.15546875,100.0,9.0,18.721312000025137,auto
1768374581926,Sunny,Day,0.16119791666666666,100.0,8.0,23.03334700002324,auto
1768374581959,Sunny,Day,0.168359375,100.0,8.0,23.661272000026656,auto
1768374581988,Sunny,Day,0.17223307291666667,100.0,8.0,19.91952499997751,auto
1768374582019,Sunny,Day,0.175,100.0,7.0,17.737376000013683,auto
1768374582050,Sunny,Day,0.18063151041666667,100.0,6.0,22.696108999980424,auto
1768374582083,Sunny,Day,0.18518880208333333,100.0,5.0,24.783645999946202,auto
1768374582114,Sunny,Day,0.19147135416666666,100.0,3.0,20.496689999959017,auto
1768374582145,Sunny,Day,0.19772135416666667,100.0,1.0,22.024216999966484,auto
1768374582177,Sunny,Day,0.20426432291666666,100.0,0.0,22.373777000098016,auto
1768374582209,Sunny,Day,0.20966796875,100.0,0.0,21.333470999934434,auto
1768374582240,Sunny,Day,0.21044921875,100.0,0.0,22.75639399999818,auto
1768374582272,Sunny,Day,0.21077473958333334,100.0,-1.0,22.75652399998762,auto
1768374582302,Sunny,Day,0.21100260416666666,100.0,-2.0,20.478113999956804,auto
1768374582336,Sunny,Day,0.21783854166666666,100.0,-2.0,24.845375000040804,auto
1768374582364,Sunny,Day,0.223046875,100.0,-2.0,17.09446500001377,auto
1768374582396,Sunny,Day,0.22255859375,100.0,-2.0,23.393153000029088,auto
1768374582427,Sunny,Day,0.21520182291666667,100.0,-2.0,22.115562000067257,auto
1768374582460,Sunny,Day,0.20826822916666668,100.0,-1.0,24.6069960001023,auto
1768374582490,Sunny,Day,0.20071614583333333,100.0,2.0,20.95624300000054,auto
1768374582521,Sunny,Day,0.19446614583333333,100.0,2.0,24.86704499995085,auto
1768374582556,Sunny,Day,0.18356119791666667,100.0,3.0,28.125030000069273,auto
1768374582584,Sunny,Day,0.17633463541666666,100.0,3.0,17.940840999926877,auto
1768374582616,Sunny,Day,0.17314453125,100.0,1.0,20.539546999998493,auto
1768374582647,Sunny,Day,0.17210286458333332,100.0,1.0,22.59946900005616,auto
1768374582682,Sunny,Day,0.168359375,100.0,0.0,25.442018000035205,auto
1768374582711,Sunny,Day,0.16725260416666668,100.0,-1.0,19.928976000073817,auto
1768374582742,Sunny,Day,0.16617838541666666,100.0,-1.0,22.00580800001717,auto
1768374582772,Sunny,Day,0.16513671875,100.0,-2.0,21.357806999958484,auto
1768374582803,Sunny,Day,0.16263020833333333,100.0,-1.0,23.052448000044024,auto
1768374582836,Sunny,Day,0.16324869791666666,100.0,-2.0,23.24713600000905,auto
1768374582866,Sunny,Day,0.16246744791666667,100.0,-2.0,22.15173299998696,auto
1768374582898,Sunny,Day,0.16204427083333334,100.0,-2.0,22.55924300004608,auto
1768374582931,Sunny,Day,0.1634765625,100.0,-1.0,24.670170000035796,auto
1768374582960,Sunny,Day,0.1607421875,100.0,-2.0,20.61027800004922,auto
1768374582993,Sunny,Day,0.16100260416666667,100.0,-1.0,23.557967999977336,auto
1768374583023,Sunny,Day,0.16051432291666667,100.0,-1.0,21.695188999956372,auto
1768374583056,Sunny,Day,0.16048177083333334,100.0,-1.0,24.869049000017185,auto
1768374583092,Sunny,Day,0.15846354166666668,100.0,-1.0,26.095485000041663,auto
1768374583119,Sunny,Day,0.15797526041666668,100.0,-1.0,18.14098299996658,auto
1768374583151,Sunny,Day,0.158203125,100.0,0.0,22.396598999989692,auto
1768374583182,Sunny,Day,0.15621744791666667,100.0,0.0,22.991962999981297,auto
1768374583212,Sunny,Day,0.15696614583333332,100.0,0.0,20.581723999953283,auto
1768374583243,Sunny,Day,0.1576171875,100.0,0.0,22.61543800000254,auto
1768374583276,Sunny,Day,0.15654296875,100.0,0.0,24.852936000002046,auto
1768374583307,Sunny,Day,0.1546875,100.0,0.0,21.76597100003619,auto
1768374583339,Sunny,Day,0.15286458333333333,100.0,-1.0,24.60744400002568,auto
1768374583371,Sunny,Day,0.14983723958333334,100.0,0.0,21.955752000053508,auto
1768374583401,Sunny,Day,0.150390625,100.0,0.0,19.822768000040014,auto
1768374583433,Sunny,Day,0.14827473958333334,100.0,0.0,21.922545000052196,auto
1768374583464,Sunny,Day,0.14671223958333332,100.0,0.0,22.24450699998215,auto
1768374583499,Sunny,Day,0.141015625,100.0,-1.0,24.871900999983154,auto
1768374583527,Sunny,Day,0.13870442708333333,100.0,-1.0,17.599031000031573,auto
1768374583557,Sunny,Day,0.13795572916666668,100.0,-1.0,23.24664100001428,auto
1768374583587,Sunny,Day,0.13365885416666667,100.0,-1.0,22.90969499995299,auto
1768374583619,Sunny,Day,0.13212890625,100.0,-2.0,24.80391200003851,auto
1768374583649,Sunny,Day,0.12998046875,100.0,-2.0,24.01306100000511,auto
1768374583682,Sunny,Day,0.12952473958333333,100.0,-2.0,26.116117000015038,auto
1768374583712,Sunny,Day,0.12828776041666667,100.0,-2.0,20.566927000004398,auto
1768374583744,Sunny,Day,0.12965494791666668,100.0,-1.0,24.997581999969043,auto
1768374583775,Sunny,Day,0.1291015625,100.0,-1.0,23.985780999964845,auto
1768374583809,Sunny,Day,0.12799479166666666,100.0,-1.0,27.503348999971422,auto
1768374583838,Sunny,Day,0.12532552083333334,100.0,-1.0,21.980717999895205,auto
1768374583869,Sunny,Day,0.12490234375,100.0,-1.0,24.442202999921392,auto
1768374583901,Sunny,Day,0.12718098958333332,100.0,-1.0,19.474968999929843,auto
1768374583932,Sunny,Day,0.12649739583333333,100.0,-1.0,24.48324500005583,auto
1768374583965,Sunny,Day,0.12913411458333332,100.0,0.0,26.21227600002385,auto
1768374583995,Sunny,Day,0.13463541666666667,100.0,0.0,20.31767599999057,auto
1768374584028,Sunny,Day,0.134375,100.0,0.0,25.494996000020365,auto
1768374584057,Sunny,Day,0.13870442708333333,100.0,0.0,19.722837000017535,auto
1768374584089,Sunny,Day,0.13837890625,100.0,0.0,24.603281000054267,auto
1768374584122,Sunny,Day,0.14205729166666667,100.0,0.0,25.18282900007307,auto
1768374584152,Sunny,Day,0.14485677083333334,100.0,-1.0,23.10396200005016,auto
1768374584185,Sunny,Day,0.14606119791666666,100.0,0.0,26.29706699997314,auto
1768374584215,Sunny,Day,0.14759114583333333,100.0,0.0,20.14221800004634,auto
1768374584248,Sunny,Day,0.1509765625,100.0,0.0,25.565426999946794,auto
1768374584278,Sunny,Day,0.15123697916666667,100.0,0.0,22.079678999944008,auto
1768374584314,Sunny,Day,0.15358072916666668,100.0,0.0,29.623500000070635,auto
1768374584341,Sunny,Day,0.15403645833333332,100.0,0.0,18.823345999976482,auto
1768374584374,Sunny,Day,0.15491536458333333,100.0,0.0,26.11900900001274,auto
1768374584404,Sunny,Day,0.15472005208333334,100.0,-1.0,23.399570000037784,auto
1768374584436,Sunny,Day,0.15550130208333332,100.0,-1.0,18.963101999929677,auto
1768374584465,Sunny,Day,0.15589192708333333,100.0,-1.0,22.32300299999679,auto
1768374584497,Sunny,Day,0.15680338541666666,100.0,-1.0,25.058480999973654,auto
1768374584529,Sunny,Day,0.1556640625,100.0,-1.0,25.358496000080777,auto
1768374584562,Sunny,Day,0.15628255208333333,100.0,-1.0,24.510140999950636,auto
1768374584591,Sunny,Day,0.15608723958333334,100.0,-1.0,21.76064299999325,auto
1768374584623,Sunny,Day,0.15514322916666667,100.0,-1.0,25.035293000087222,auto
1768374584654,Sunny,Day,0.15621744791666667,100.0,-1.0,24.17978799996945,auto
1768374584686,Sunny,Day,0.15758463541666667,100.0,-1.0,25.003660000038508,auto
1768374584717,Sunny,Day,0.15686848958333333,100.0,-1.0,24.991769000052955,auto
1768374584750,Sunny,Day,0.15696614583333332,100.0,-1.0,25.616118000016286,auto
1768374584782,Sunny,Day,0.1560546875,100.0,-1.0,25.108615999897665,auto
1768374584812,Sunny,Day,0.1572265625,100.0,-1.0,23.33850800005166,auto
1768374584844,Sunny,Day,0.15777994791666666,100.0,-1.0,23.29333599993788,auto
1768374584874,Sunny,Day,0.15823567708333333,100.0,-1.0,20.89906300000166,auto
1768374584905,Sunny,Day,0.15810546875,100.0,-1.0,24.291226999935134,auto
1768374584937,Sunny,Day,0.158984375,100.0,-1.0,24.71203400000377,auto
1768374584969,Sunny,Day,0.159375,100.0,-2.0,25.75044799993975,auto
1768374585000,Sunny,Day,0.15791015625,100.0,-1.0,22.76636800002052,auto
1768374585031,Sunny,Day,0.15875651041666666,100.0,-2.0,24.883353999939573,auto
1768374585065,Sunny,Day,0.15979817708333333,100.0,-2.0,27.35213300002215,auto
1768374585094,Sunny,Day,0.15865885416666667,100.0,-2.0,21.001820999913434,auto
1768374585125,Sunny,Day,0.15885416666666666,100.0,-2.0,24.51245999998264,auto
1768374585158,Sunny,Day,0.15719401041666667,100.0,-1.0,26.394191000008504,auto
1768374585190,Sunny,Day,0.15787760416666666,100.0,-2.0,24.52020199996241,auto
1768374585219,Sunny,Day,0.157421875,100.0,-1.0,22.57048000001305,auto
1768374585251,Sunny,Day,0.15729166666666666,100.0,-1.0,23.455692000084127,auto
1768374585282,Sunny,Day,0.15784505208333333,100.0,-2.0,24.53373899993494,auto
1768374585315,Sunny,Day,0.15804036458333334,100.0,-1.0,26.111345000003894,auto
1768374585345,Sunny,Day,0.15771484375,100.0,-2.0,21.929388999978983,auto
1768374585377,Sunny,Day,0.15751953125,100.0,-2.0,24.163085999930445,auto
1768374585408,Sunny,Day,0.1572265625,100.0,-2.0,23.77374700006385,auto
1768374585441,Sunny,Day,0.15787760416666666,100.0,-2.0,26.327349999974103,auto
1768374585471,Sunny,Day,0.156640625,100.0,-1.0,20.086106999997355,auto
1768374585502,Sunny,Day,0.15735677083333333,100.0,-2.0,24.456638000060593,auto
1768374585535,Sunny,Day,0.15533854166666666,100.0,-2.0,26.783382999951755,auto
1768374585565,Sunny,Day,0.15651041666666668,100.0,-2.0,21.70508599999721,auto
1768374585597,Sunny,Day,0.15582682291666666,100.0,-2.0,25.757341000030465,auto
1768374585628,Sunny,Day,0.1544921875,100.0,-2.0,23.742169000001923,auto
1768374585659,Sunny,Day,0.15537109375,100.0,-2.0,24.52907299993967,auto
1768374585690,Sunny,Day,0.15553385416666668,100.0,-2.0,24.787286999981006,auto
1768374585722,Sunny,Day,0.15660807291666667,100.0,-2.0,24.620378999998138,auto
1768374585754,Sunny,Day,0.1568359375,100.0,-3.0,25.88120699999763,auto
1768374585785,Sunny,Day,0.15745442708333332,100.0,-3.0,24.894317000075716,auto
1768374585816,Sunny,Day,0.15738932291666666,100.0,-3.0,24.936432999993485,auto
1768374585848,Sunny,Day,0.15807291666666667,100.0,-4.0,25.082765000092877,auto
1768374585880,Sunny,Day,0.15595703125,100.0,-4.0,25.302807999992183,auto
1768374585910,Sunny,Day,0.15475260416666667,100.0,-4.0,23.596188999931655,auto
1768374585942,Sunny,Day,0.15452473958333332,100.0,-3.0,24.30510299996058,auto
1768374585974,Sunny,Day,0.15345052083333333,100.0,-35.0,22.861106000050313,auto
1768374586007,Sunny,Day,0.15113932291666668,100.0,-35.0,22.57183200003965,auto
1768374586037,Sunny,Day,0.14944661458333333,100.0,-34.0,23.25982299998941,auto
1768374586068,Sunny,Day,0.14973958333333334,100.0,-31.0,22.3444789999121,auto
1768374586099,Sunny,Day,0.14293619791666667,100.0,-24.0,24.25410099999681,auto
1768374586132,Sunny,Day,0.13684895833333333,100.0,-18.0,27.656373000013446,auto
1768374586162,Sunny,Day,0.13173828125,100.0,-10.0,24.19068699998661,auto
1768374586194,Sunny,Day,0.12268880208333334,100.0,-4.0,25.307146000045577,auto
1768374586225,Sunny,Day,0.11793619791666667,100.0,1.0,24.32905400007712,auto
1768374586259,Sunny,Day,0.10865885416666667,100.0,6.0,27.133203000062167,auto
1768374586287,Sunny,Day,0.10231119791666667,100.0,8.0,21.05149999999867,auto
1768374586320,Sunny,Day,0.10478515625,100.0,9.0,25.00342600001204,auto
1768374586350,Sunny,Day,0.1072265625,100.0,8.0,17.333766999968248,auto
1768374586382,Sunny,Day,0.10817057291666667,100.0,7.0,25.14160800001264,auto
1768374586415,Sunny,Day,0.10849609375,100.0,6.0,26.238231999968775,auto
1768374586446,Sunny,Day,0.11080729166666667,100.0,3.0,23.374741999987236,auto
1768374586478,Sunny,Day,0.109375,100.0,2.0,25.272771999993893,auto
1768374586507,Sunny,Day,0.11067708333333333,100.0,0.0,20.500586000025578,auto
1768374586539,Sunny,Day,0.11051432291666667,100.0,-1.0,24.01368599998932,auto
1768374586570,Sunny,Day,0.11070963541666666,100.0,-1.0,23.622547999934795,auto
1768374586603,Sunny,Day,0.11110026041666667,100.0,-2.0,26.711693000038395,auto
1768374586633,Sunny,Day,0.11070963541666666,100.0,-2.0,21.66764300000068,auto
1768374586667,Sunny,Day,0.11087239583333333,100.0,-1.0,26.901214000076834,auto
1768374586696,Sunny,Day,0.11041666666666666,100.0,-2.0,20.855162999964705,auto
1768374586728,Sunny,Day,0.11031901041666667,100.0,-2.0,25.296310999920024,auto
1768374586758,Sunny,Day,0.11009114583333333,100.0,-3.0,17.652468999926896,auto
1768374586793,Sunny,Day,0.10930989583333334,100.0,-3.0,27.132462000054147,auto
1768374586822,Sunny,Day,0.11044921875,100.0,-3.0,21.306288000005225,auto
1768374586853,Sunny,Day,0.1087890625,100.0,-3.0,23.287714000048254,auto
1768374586885,Sunny,Day,0.10817057291666667,100.0,-3.0,24.713577999932568,auto
1768374586916,Sunny,Day,0.10930989583333334,100.0,-3.0,24.351149000040095,auto
1768374586950,Sunny,Day,0.10794270833333333,100.0,-4.0,27.478501000018696,auto
1768374586979,Sunny,Day,0.10911458333333333,100.0,-4.0,21.391074999996817,auto
1768374587014,Sunny,Day,0.10787760416666667,100.0,-4.0,28.82320300000174,auto
1768374587041,Sunny,Day,0.10797526041666666,100.0,-5.0,19.387170999948466,auto
1768374587073,Sunny,Day,0.10634765625,100.0,-5.0,24.85213499994643,auto
1768374587104,Sunny,Day,0.10611979166666667,100.0,33.0,24.482390999992276,auto
1768374587135,Sunny,Day,0.10602213541666666,100.0,-6.0,24.602310999966903,auto
1768374587169,Sunny,Day,0.105078125,100.0,33.0,26.05956700006118,auto
1768374587198,Sunny,Day,0.11318359375,100.0,-12.0,21.915881000040827,auto
1768374587232,Sunny,Day,0.10706380208333334,100.0,-17.0,26.060159999929056,auto
1768374587261,Sunny,Day,0.11487630208333334,100.0,-23.0,19.460456999922826,auto
1768374587293,Sunny,Day,0.10901692708333334,100.0,22.0,23.974000000066553,auto
1768374587327,Sunny,Day,0.10856119791666667,100.0,22.0,26.744346999976187,auto
1768374587355,Sunny,Day,0.10647786458333333,100.0,23.0,20.006148999982543,auto
1768374587389,Sunny,Day,0.10927734375,100.0,-27.0,26.685506999911013,auto
1768374587420,Sunny,Day,0.11354166666666667,100.0,-31.0,24.016635000066344,auto
1768374587449,Sunny,Day,0.1150390625,100.0,-38.0,19.55570899997383,auto
1768374587482,Sunny,Day,0.11145833333333334,100.0,15.0,25.919237000039175,auto
1768374587512,Sunny,Day,0.10914713541666667,100.0,17.0,22.26349299996855,auto
1768374587544,Sunny,Day,0.10550130208333333,100.0,-31.0,24.397046999979466,auto
1768374587577,Sunny,Day,0.10283203125,100.0,-29.0,26.28607299993746,auto
1768374587606,Sunny,Day,0.10615234375,100.0,-33.0,17.14480900000126,auto
1768374587640,Sunny,Day,0.10475260416666667,100.0,-31.0,26.950128999942535,auto
1768374587670,Sunny,Day,0.10403645833333333,100.0,-26.0,22.587122000004456,auto
1768374587702,Sunny,Day,0.10266927083333334,100.0,-19.0,25.511894000032953,auto
1768374587732,Sunny,Day,0.10315755208333334,100.0,-14.0,23.286497000071904,auto
1768374587764,Sunny,Day,0.1001953125,100.0,-9.0,25.001096999972106,auto
1768374587795,Sunny,Day,0.09837239583333333,100.0,-4.0,17.48716199995215,auto
1768374587827,Sunny,Day,0.09856770833333334,100.0,-1.0,23.297683999999208,auto
1768374587857,Sunny,Day,0.10048828125,100.0,1.0,23.691783999993277,auto
1768374587891,Sunny,Day,0.09547526041666667,100.0,3.0,26.741717000049903,auto
1768374587922,Sunny,Day,0.09651692708333333,100.0,2.0,22.90497299998151,auto
1768374587952,Sunny,Day,0.09944661458333333,100.0,1.0,20.741934000056972,auto
1768374587983,Sunny,Day,0.09912109375,100.0,0.0,24.199117999955888,auto
1768374588014,Sunny,Day,0.09973958333333334,100.0,-1.0,24.13873600005445,auto
1768374588048,Sunny,Day,0.09895833333333333,100.0,-3.0,27.10277899996072,auto
1768374588077,Sunny,Day,0.10055338541666667,100.0,-5.0,22.1263360000421,auto
1768374588109,Sunny,Day,0.09912109375,100.0,-6.0,24.264370999958373,auto
1768374588140,Sunny,Day,0.0982421875,100.0,-7.0,24.8768830000472,auto
1768374588171,Sunny,Day,0.09931640625,100.0,-7.0,24.55266100002973,auto
1768374588203,Sunny,Day,0.098828125,100.0,-7.0,24.07905400002619,auto
1768374588235,Sunny,Day,0.09869791666666666,100.0,-7.0,25.167860000010478,auto
1768374588266,Sunny,Day,0.09837239583333333,100.0,-5.0,23.89079199997468,auto
1768374588302,Sunny,Day,0.09921875,100.0,-5.0,29.587000999981683,auto
1768374588329,Sunny,Day,0.09833984375,100.0,-3.0,18.703694999999243,auto
1768374588360,Sunny,Day,0.09768880208333333,100.0,-3.0,21.613204999994196,auto
1768374588392,Sunny,Day,0.0974609375,100.0,-3.0,24.736293000046317,auto
1768374588426,Sunny,Day,0.098046875,100.0,-3.0,27.250202999994144,auto
1768374588455,Sunny,Day,0.09723307291666666,100.0,-3.0,21.291021000024557,auto
1768374588486,Sunny,Day,0.09830729166666667,100.0,-3.0,23.841453000045476,auto
1768374588519,Sunny,Day,0.09752604166666666,100.0,-4.0,26.45365099999708,auto
1768374588552,Sunny,Day,0.09586588541666667,100.0,-2.0,23.86389900004815,auto
1768374588585,Sunny,Day,0.09700520833333333,100.0,-3.0,24.216513000055784,auto
1768374588615,Sunny,Day,0.09713541666666667,100.0,-3.0,20.009858999969765,auto
1768374588647,Sunny,Day,0.09729817708333334,100.0,-3.0,21.58701599989854,auto
1768374588676,Sunny,Day,0.09671223958333333,100.0,-3.0,15.57879100005266,auto
1768374588708,Sunny,Day,0.09658203125,100.0,-3.0,19.90536600010273,auto
1768374588740,Sunny,Day,0.0974609375,100.0,-4.0,18.539083999939976,auto
1768374588770,Sunny,Day,0.09580078125,100.0,-5.0,21.561717999929897,auto
1768374588801,Sunny,Day,0.096484375,100.0,-5.0,23.648598000022503,auto
1768374588837,Sunny,Day,0.0943359375,100.0,-5.0,27.711662000001525,auto
1768374588866,Sunny,Day,0.09619140625,100.0,-5.0,19.438906999994288,auto
1768374588897,Sunny,Day,0.09544270833333333,100.0,-5.0,20.771444000047268,auto
1768374588928,Sunny,Day,0.09602864583333333,100.0,-5.0,19.969909999986157,auto
1768374588960,Sunny,Day,0.095703125,100.0,-4.0,22.887809000053494,auto
1768374588990,Sunny,Day,0.09560546875,100.0,-4.0,21.772610999960307,auto
1768374589022,Sunny,Day,0.09524739583333333,100.0,-4.0,22.614473999965412,auto
1768374589053,Sunny,Day,0.09567057291666667,100.0,-3.0,23.073667999938152,auto
1768374589084,Sunny,Day,0.09488932291666667,100.0,-3.0,23.189884999965216,auto
1768374589115,Sunny,Day,0.09358723958333333,100.0,-3.0,23.31223199996657,auto
1768374589150,Sunny,Day,0.09375,100.0,-2.0,21.506958000031773,auto
1768374589178,Sunny,Day,0.09420572916666667,100.0,-3.0,14.93137799991473,auto
1768374589210,Sunny,Day,0.09384765625,100.0,-2.0,21.110136999936913,auto
1768374589244,Sunny,Day,0.09296875,100.0,-2.0,24.502586000039628,auto
1768374589273,Sunny,Day,0.09332682291666666,100.0,-2.0,20.07994799998869,auto
1768374589303,Sunny,Day,0.09352213541666667,100.0,-2.0,21.326122999994368,auto
1768374589337,Sunny,Day,0.09342447916666667,100.0,-3.0,18.10276599996996,auto
1768374589368,Sunny,Day,0.09195963541666667,100.0,-2.0,20.174198999939108,auto
1768374589399,Sunny,Day,0.09322916666666667,100.0,-3.0,18.261228000028495,auto
1768374589433,Sunny,Day,0.09358723958333333,100.0,-3.0,19.08241099999941,auto
1768374589462,Sunny,Day,0.09371744791666667,100.0,-3.0,17.022719999999936,auto
1768374589493,Sunny,Day,0.09309895833333333,100.0,-3.0,22.427116000017122,auto
1768374589526,Sunny,Day,0.09309895833333333,100.0,-3.0,20.467176000011023,auto
1768374589555,Sunny,Day,0.09339192708333334,100.0,-3.0,19.554685999992216,auto
1768374589588,Sunny,Day,0.09371744791666667,100.0,-3.0,24.500640999917778,auto
1768374589618,Sunny,Day,0.09348958333333333,100.0,-3.0,22.55407399991327,auto
1768374589651,Sunny,Day,0.09274088541666667,100.0,-4.0,21.05155599997488,auto
1768374589683,Sunny,Day,0.09306640625,100.0,-3.0,19.767728000033458,auto
1768374589713,Sunny,Day,0.09368489583333334,100.0,-3.0,21.381296000072325,auto
1768374589746,Sunny,Day,0.09420572916666667,100.0,-3.0,23.38277699993796,auto
1768374589775,Sunny,Day,0.0921875,100.0,-3.0,20.70433200003663,auto
1768374589811,Sunny,Day,0.09313151041666666,100.0,-3.0,26.45578400006343,auto
1768374589838,Sunny,Day,0.09322916666666667,100.0,-4.0,17.762986999969144,auto
1768374589870,Sunny,Day,0.09348958333333333,100.0,,20.48225199996523,auto
1768374589900,Sunny,Day,0.09085286458333333,100.0,,21.477269000001797,auto
1768374589932,Sunny,Day,0.09306640625,100.0,,18.013701000086257,auto
1768374589964,Sunny,Day,0.0931640625,100.0,,23.524737999991885,auto
1768374589995,Sunny,Day,0.09446614583333333,100.0,,21.258727000031286,auto
1768374590026,Sunny,Day,0.091796875,100.0,,22.55650600000081,auto
1768374590058,Sunny,Day,0.09420572916666667,100.0,,18.522652999990896,auto
1768374590091,Sunny,Day,0.09348958333333333,100.0,,23.825312999974813,auto
1768374590120,Sunny,Day,0.09348958333333333,100.0,,20.022282000013547,auto
1768374590153,Sunny,Day,0.09430338541666666,100.0,,24.341036000009808,auto
1768374590183,Sunny,Day,0.09407552083333333,100.0,,20.85696699998607,auto
1768374590215,Sunny,Day,0.09420572916666667,100.0,,22.720523999964826,auto
1768374590246,Sunny,Day,0.09410807291666666,100.0,,23.330795000106264,auto
1768374590278,Sunny,Day,0.09537760416666667,100.0,,21.82631499999843,auto
1768374590309,Sunny,Day,0.09423828125,100.0,,20.37461700001586,auto
1768374590340,Sunny,Day,0.09368489583333334,100.0,,20.741489999977603,auto
1768374590372,Sunny,Day,0.09563802083333334,100.0,,22.718300999940766,auto
1768374590404,Sunny,Day,0.09615885416666667,100.0,,22.563673000036033,auto
1768374590434,Sunny,Day,0.09427083333333333,100.0,,21.712597999908212,auto
1768374590466,Sunny,Day,0.0947265625,100.0,,22.479997000004914,auto
1768374590498,Sunny,Day,0.09404296875,100.0,,19.082566999941264,auto
1768374590529,Sunny,Day,0.09606119791666666,100.0,,21.548746000007668,auto
1768374590562,Sunny,Day,0.09544270833333333,100.0,,22.71278200009874,auto
1768374590592,Sunny,Day,0.09453125,100.0,,19.661594000012883,auto
1768374590623,Sunny,Day,0.09567057291666667,100.0,,22.789587000033862,auto
1768374590654,Sunny,Day,0.09475911458333333,100.0,,19.04439600002661,auto
1768374590687,Sunny,Day,0.09371744791666667,100.0,,22.866077000003315,auto
1768374590717,Sunny,Day,0.09270833333333334,100.0,,21.216006000031484,auto
1768374590751,Sunny,Day,0.08883463541666667,100.0,,23.047744999985298,auto
1768374590780,Sunny,Day,0.09124348958333334,100.0,,19.11683000002995,auto
1768374590812,Sunny,Day,0.08990885416666666,100.0,,20.316888999900584,auto
1768374590843,Sunny,Day,0.08844401041666666,100.0,,21.102808000023288,auto
1768374590876,Sunny,Day,0.08688151041666667,100.0,,24.465326999916215,auto
1768374590908,Sunny,Day,0.08557942708333334,100.0,,22.578323000061573,auto
1768374590937,Sunny,Day,0.08759765625,100.0,,19.10803299995223,auto
1768374590969,Sunny,Day,0.08225911458333333,100.0,,18.642036999949596,auto
1768374591000,Sunny,Day,0.08541666666666667,100.0,,22.054412999978013,auto
1768374591031,Sunny,Day,0.08440755208333334,100.0,,19.971691000023384,auto
1768374591062,Sunny,Day,0.08655598958333334,100.0,,17.703664000009667,auto
1768374591095,Sunny,Day,0.087109375,100.0,,24.201766000032876,auto
1768374591125,Sunny,Day,0.08509114583333334,100.0,,19.866994000039995,auto
1768374591157,Sunny,Day,0.08518880208333333,100.0,,23.117240000033235,auto
1768374591188,Sunny,Day,0.08430989583333333,100.0,,19.25648300004923,auto
1768374591220,Sunny,Day,0.08623046875,100.0,,21.9392210000251,auto
1768374591251,Sunny,Day,0.087890625,100.0,,23.12727800006087,auto
1768374591282,Sunny,Day,0.08177083333333333,100.0,,23.403121999990617,auto
1768374591315,Sunny,Day,0.08232421875,100.0,,24.917899999991278,auto
1768374591345,Sunny,Day,0.08238932291666666,100.0,,21.014379000007466,auto
1768374591378,Sunny,Day,0.07890625,100.0,,25.067213000056654,auto
1768374591408,Sunny,Day,0.07646484375,100.0,,21.29135400002724,auto
1768374591439,Sunny,Day,0.07477213541666666,100.0,,22.545917999991616,auto
1768374591471,Sunny,Day,0.07552083333333333,100.0,,23.78286800001206,auto
1768374591503,Sunny,Day,0.07249348958333333,100.0,,23.40243699995881,auto
1768374591534,Sunny,Day,0.06822916666666666,100.0,,21.46565099997133,auto
1768374591567,Sunny,Day,0.06826171875,100.0,,22.705378999944514,auto
1768374591597,Sunny,Day,0.06790364583333333,100.0,,19.137673000045652,auto
1768374591628,Sunny,Day,0.06653645833333334,100.0,,20.753795000018727,auto
1768374591660,Sunny,Day,0.06396484375,100.0,,24.113423000017065,auto
1768374591690,Sunny,Day,0.06705729166666667,100.0,,20.09329700001672,auto
1768374591724,Sunny,Day,0.06901041666666667,100.0,,20.093573999929504,auto
1768374591754,Sunny,Day,0.06764322916666667,100.0,,20.882031999917672,auto
1768374591786,Sunny,Day,0.06943359375,100.0,,23.487946999921405,auto
1768374591818,Sunny,Day,0.07014973958333333,100.0,,23.158356000067215,auto
1768374591847,Sunny,Day,0.06923828125,100.0,,20.151043999931062,auto
1768374591879,Sunny,Day,0.07327473958333333,100.0,,23.293166000030396,auto
1768374591910,Sunny,Day,0.07233072916666666,100.0,,21.751774999984264,auto
1768374591943,Sunny,Day,0.07298177083333333,100.0,,22.939924000070278,auto
1768374591973,Sunny,Day,0.07447916666666667,100.0,,19.7190149999642,auto
1768374592005,Sunny,Day,0.07464192708333334,100.0,,22.17478399995798,auto
1768374592040,Sunny,Day,0.07486979166666667,100.0,,26.69583900001271,auto
1768374592067,Sunny,Day,0.07711588541666667,100.0,,18.6402189999626,auto
1768374592100,Sunny,Day,0.07607421875,100.0,,23.758166999982677,auto
1768374592132,Sunny,Day,0.07672526041666666,100.0,,20.964936000041234,auto
1768374592163,Sunny,Day,0.08011067708333333,100.0,,22.523069000044416,auto
1768374592193,Sunny,Day,0.07897135416666666,100.0,,23.106207000068935,auto
1768374592224,Sunny,Day,0.0779296875,100.0,,13.193644000011773,auto
1768374592256,Sunny,Day,0.08352864583333333,100.0,,22.608337999940886,auto
1768374592289,Sunny,Day,0.08138020833333333,100.0,,24.52482500007136,auto
1768374592321,Sunny,Day,0.08330078125,100.0,,23.00515899992206,auto
1768374592350,Sunny,Day,0.08196614583333334,100.0,,19.257638999988558,auto
1768374592381,Sunny,Day,0.08212890625,100.0,,22.37788599995838,auto
1768374592414,Sunny,Day,0.08782552083333334,100.0,,23.39105299995481,auto
1768374592444,Sunny,Day,0.08577473958333333,100.0,,20.909523000000263,auto
1768374592478,Sunny,Day,0.08678385416666666,100.0,,23.37847800004056,auto
1768374592508,Sunny,Day,0.08818359375,100.0,,17.953125999952135,auto
1768374592542,Sunny,Day,0.08922526041666666,100.0,,24.622779999958766,auto
1768374592570,Sunny,Day,0.0912109375,100.0,,19.092806000003293,auto
1768374592603,Sunny,Day,0.09147135416666667,100.0,,24.642893000077493,auto
1768374592633,Sunny,Day,0.09625651041666666,100.0,,18.555043999981535,auto
1768374592665,Sunny,Day,0.09739583333333333,100.0,,23.446633000048678,auto
1768374592697,Sunny,Day,0.09710286458333334,100.0,,23.36654999999155,auto
1768374592729,Sunny,Day,0.09567057291666667,100.0,,22.713181999961307,auto
1768374592760,Sunny,Day,0.09811197916666667,100.0,,22.47908300000745,auto
1768374592791,Sunny,Day,0.10234375,100.0,,21.833123999954296,auto
1768374592822,Sunny,Day,0.10045572916666666,100.0,,20.746207999991384,auto
1768374592853,Sunny,Day,0.1029296875,100.0,,16.847097999971083,auto
1768374592884,Sunny,Day,0.10416666666666667,100.0,,21.610043999999107,auto
1768374592916,Sunny,Day,0.10319010416666667,100.0,,21.736908999969273,auto
1768374592950,Sunny,Day,0.106640625,100.0,,24.733570000080363,auto
1768374592978,Sunny,Day,0.10830078125,100.0,,15.324171999964165,auto
1768374593013,Sunny,Day,0.1099609375,100.0,,24.91526899996188,auto
1768374593041,Sunny,Day,0.11129557291666667,100.0,,16.3977069998964,auto
1768374593072,Sunny,Day,0.11793619791666667,100.0,,21.274439999956485,auto
1768374593104,Sunny,Day,0.11214192708333333,100.0,,20.94247800005178,auto
1768374593137,Sunny,Day,0.11341145833333334,100.0,,24.597096999968926,auto
1768374593167,Sunny,Day,0.11572265625,100.0,,20.741418999932648,auto
1768374593198,Sunny,Day,0.11764322916666667,100.0,,22.401913999942735,auto
1768374593230,Sunny,Day,0.11555989583333333,100.0,,23.08474800008753,auto
1768374593263,Sunny,Day,0.11549479166666667,100.0,,23.205557000096633,auto
1768374593293,Sunny,Day,0.11507161458333333,100.0,,20.63898199992309,auto
1768374593325,Sunny,Day,0.11669921875,100.0,,23.193908000052943,auto
1768374593358,Sunny,Day,0.11240234375,100.0,,23.387946999946507,auto
1768374593386,Sunny,Day,0.109375,100.0,,19.870713000045725,auto
1768374593422,Sunny,Day,0.10830078125,100.0,,27.48741000004884,auto
1768374593449,Sunny,Day,0.11110026041666667,100.0,,17.92111199995361,auto
1768374593481,Sunny,Day,0.10927734375,100.0,,17.55472100001043,auto
1768374593512,Sunny,Day,0.110546875,100.0,,21.200894000003245,auto
1768374593543,Sunny,Day,0.10895182291666666,100.0,,21.792922000031467,auto
1768374593575,Sunny,Day,0.10791015625,100.0,,17.868606999968506,auto
1768374593606,Sunny,Day,0.11106770833333333,100.0,,22.1437559999913,auto
1768374593638,Sunny,Day,0.10885416666666667,100.0,,16.91081799992844,auto
1768374593670,Sunny,Day,0.10712890625,100.0,,23.18840700002056,auto
1768374593701,Sunny,Day,0.10755208333333334,100.0,,21.675261000041246,auto
1768374593732,Sunny,Day,0.10716145833333333,100.0,,22.500054000033742,auto
1768374593767,Sunny,Day,0.10533854166666666,100.0,,26.842025000064496,auto
1768374593795,Sunny,Day,0.10537109375,100.0,,18.725050999933046,auto
1768374593828,Sunny,Day,0.10768229166666667,100.0,,25.302544000055605,auto
1768374593858,Sunny,Day,0.10810546875,100.0,,18.685677000007672,auto
1768374593889,Sunny,Day,0.10764973958333333,100.0,,22.447177999993073,auto
1768374593921,Sunny,Day,0.108984375,100.0,,23.413080000068476,auto
1768374593953,Sunny,Day,0.10491536458333334,100.0,,23.911245000022063,manual
1768374593984,Sunny,Day,0.10556640625,100.0,,21.387025999956677,manual
1768374594014,Sunny,Day,0.10784505208333334,100.0,,21.61795200004235,manual
1768374594046,Sunny,Day,0.10582682291666666,100.0,,23.395657000037318,manual
1768374594080,Sunny,Day,0.10670572916666667,100.0,,26.606763000017963,manual
1768374594109,Sunny,Day,0.10875651041666666,100.0,,23.663481999960823,manual
1768374594142,Sunny,Day,0.10654296875,100.0,,20.108783999944535,manual
1768374594174,Sunny,Day,0.10419921875,100.0,,21.18369499999062,manual
1768374594203,Sunny,Day,0.10846354166666666,100.0,,20.3596070000458,manual
1768374594234,Sunny,Day,0.10921223958333333,100.0,,22.883268000100543,manual
1768374594267,Sunny,Day,0.11181640625,100.0,,24.786066000046958,manual
1768374594298,Sunny,Day,0.11136067708333333,100.0,,20.843046999971193,manual
1768374594329,Sunny,Day,0.1150390625,100.0,,21.91381199997977,manual
1768374594360,Sunny,Day,0.11295572916666667,100.0,,19.98401000003014,manual
1768374594392,Sunny,Day,0.11448567708333333,100.0,,21.3751600000478,manual
1768374594425,Sunny,Day,0.11923828125,100.0,,24.342018000083954,manual
1768374594456,Sunny,Day,0.11735026041666667,100.0,,20.566647999999077,manual
1768374594486,Sunny,Day,0.11748046875,100.0,,20.134896999934426,manual
1768374594518,Sunny,Day,0.12132161458333333,100.0,,21.99459900009515,manual
1768374594549,Sunny,Day,0.12083333333333333,100.0,,19.617731000039385,manual
1768374594583,Sunny,Day,0.12223307291666667,100.0,,25.95037699995828,manual
1768374594611,Sunny,Day,0.12438151041666666,100.0,,22.29185300006975,manual
1768374594643,Sunny,Day,0.12428385416666667,100.0,,19.382798000037837,manual
1768374594676,Sunny,Day,0.12425130208333333,100.0,,21.25161100002515,manual
1768374594705,Sunny,Day,0.1265625,100.0,,22.619443000053252,manual
1768374594738,Sunny,Day,0.12698567708333333,100.0,,22.516765000091254,manual
1768374594769,Sunny,Day,0.12923177083333334,100.0,,25.98388100000193,manual
1768374594800,Sunny,Day,0.13102213541666666,100.0,,21.146080999983496,manual
1768374594832,Sunny,Day,0.13346354166666666,100.0,,20.947115000012673,manual
1768374594865,Sunny,Day,0.13024088541666667,100.0,,27.693307000049572,manual
1768374594894,Sunny,Day,0.13382161458333333,100.0,,21.626781000009032,manual
1768374594925,Sunny,Day,0.13522135416666667,100.0,,20.578315000079783,manual
1768374594958,Sunny,Day,0.13636067708333333,100.0,,25.35701700003301,manual
1768374594993,Sunny,Day,0.134375,100.0,,30.75043299998015,manual
1768374595020,Sunny,Day,0.13694661458333332,100.0,,18.74731099997007,manual
1768374595052,Sunny,Day,0.13499348958333332,100.0,,24.306815999921128,manual
1768374595086,Sunny,Day,0.136328125,100.0,,27.519865000044774,manual
1768374595115,Sunny,Day,0.1326171875,100.0,,20.96956799994132,manual
1768374595149,Sunny,Day,0.1345703125,100.0,,22.732721000011225,manual
1768374595180,Sunny,Day,0.13147786458333333,100.0,,27.05651899998429,manual
1768374595208,Sunny,Day,0.1345703125,100.0,,20.626050000032592,manual
1768374595241,Sunny,Day,0.13238932291666666,100.0,,21.46404799998436,manual
1768374595271,Sunny,Day,0.1318359375,100.0,,23.74616299994159,manual
1768374595304,Sunny,Day,0.13251953125,100.0,,24.84259599998495,manual
1768374595334,Sunny,Day,0.12705078125,100.0,,18.991097000025547,manual
1768374595366,Sunny,Day,0.12799479166666666,100.0,,27.811711000026662,manual
1768374595401,Sunny,Day,0.1232421875,100.0,,27.02725599999667,manual
1768374595428,Sunny,Day,0.12001953125,100.0,,20.91578500005653,manual
1768374595461,Sunny,Day,0.11458333333333333,100.0,,21.873054999900887,manual
1768374595490,Sunny,Day,0.11373697916666667,100.0,,24.438163000013446,manual
1768374595522,Sunny,Day,0.11009114583333333,100.0,,25.140702000044257,manual
1768374595553,Sunny,Day,0.10751953125,100.0,,25.101104999976087,manual
1768374595585,Sunny,Day,0.1044921875,100.0,,22.34715999998116,manual
1768374595616,Sunny,Day,0.10188802083333333,100.0,,26.38218799995684,manual
1768374595650,Sunny,Day,0.09791666666666667,100.0,,27.256891999968502,manual
1768374595682,Sunny,Day,0.098046875,100.0,,26.110916999982692,manual
1768374595711,Sunny,Day,0.0955078125,100.0,,20.98971899999924,manual
1768374595743,Sunny,Day,0.09934895833333333,100.0,,19.51422700005878,manual
1768374595775,Sunny,Day,0.09290364583333334,100.0,,19.335781999984647,manual
1768374595804,Sunny,Day,0.09147135416666667,100.0,,23.229533000062474,manual
1768374595835,Sunny,Day,0.08916015625,100.0,,20.41660099996534,manual
1768374595867,Sunny,Day,0.08600260416666666,100.0,,22.039980000045034,manual
1768374595899,Sunny,Day,0.08489583333333334,100.0,,23.6580989999311,manual
1768374595931,Sunny,Day,0.07747395833333333,100.0,,23.66408099999262,manual
1768374595962,Sunny,Day,0.07848307291666666,100.0,,20.364706999998816,manual
1768374595993,Sunny,Day,0.07607421875,100.0,,22.97556199994233,manual
1768374596026,Sunny,Day,0.07431640625,100.0,,21.090180999976837,manual
1768374596058,Sunny,Day,0.07034505208333333,100.0,,23.45793400002094,manual
1768374596087,Sunny,Day,0.06940104166666666,100.0,,23.465915999963727,manual
1768374596120,Sunny,Day,0.06510416666666667,100.0,,26.18248399994627,manual
1768374596150,Sunny,Day,0.06800130208333334,100.0,,22.154293999960828,manual
1768374596182,Sunny,Day,0.06409505208333334,100.0,,25.6413719999955,manual
1768374596213,Sunny,Day,0.06341145833333334,100.0,,23.278563000076247,manual
1768374596245,Sunny,Day,0.0583984375,100.0,,25.189693000015723,manual
1768374596275,Sunny,Day,0.06305338541666666,100.0,,24.21138499994413,manual
1768374596308,Sunny,Day,0.06207682291666667,100.0,,25.269127999990815,manual
1768374596339,Sunny,Day,0.05953776041666667,100.0,-74.0,20.088795999981812,manual
1768374596370,Sunny,Day,0.06061197916666667,100.0,-73.0,21.721785999943677,manual
1768374596403,Sunny,Day,0.05966796875,100.0,-72.0,27.832197999941855,auto
1768374596432,Sunny,Day,0.060319010416666666,100.0,-70.0,12.310891000083757,auto
1768374596465,Sunny,Day,0.060872395833333336,100.0,-66.0,24.944537000010314,auto
1768374596495,Sunny,Day,0.062890625,100.0,-60.0,16.595515000062733,auto
1768374596529,Sunny,Day,0.0654296875,100.0,-52.0,24.989967999999863,auto
1768374596558,Sunny,Day,0.07158203125,100.0,-46.0,19.40114799992898,auto
1768374596592,Sunny,Day,0.07203776041666667,100.0,-36.0,23.491808000017045,auto
1768374596621,Sunny,Day,0.07174479166666667,100.0,-24.0,18.016444999943815,auto
1768374596652,Sunny,Day,0.07259114583333333,100.0,-10.0,23.008553000067877,auto
1768374596687,Sunny,Day,0.07239583333333334,100.0,0.0,24.48111700005029,auto
1768374596717,Sunny,Day,0.0703125,100.0,9.0,15.459041999974943,auto
1768374596749,Sunny,Day,0.0744140625,100.0,16.0,23.121435000007295,auto
1768374596778,Sunny,Day,0.06969401041666666,100.0,19.0,20.583609000027536,auto
1768374596811,Sunny,Day,0.07337239583333334,100.0,19.0,24.46255999996083,auto
1768374596841,Sunny,Day,0.07347005208333333,100.0,17.0,21.515023000006295,auto
1768374596872,Sunny,Day,0.0740234375,100.0,14.0,22.70122300001276,auto
1768374596905,Sunny,Day,0.0791015625,100.0,8.0,24.92144300003929,auto
1768374596935,Sunny,Day,0.073828125,100.0,2.0,19.14510300002803,auto
1768374596968,Sunny,Day,0.0791015625,100.0,-3.0,24.261760999934268,auto
1768374597000,Sunny,Day,0.07747395833333333,100.0,-6.0,23.168200000100114,auto
1768374597030,Sunny,Day,0.07815755208333333,100.0,-8.0,16.739594999990004,auto
1768374597063,Sunny,Day,0.0783203125,100.0,-7.0,24.698387000057664,auto
1768374597092,Sunny,Day,0.07858072916666667,100.0,-6.0,19.15035199999693,auto
1768374597126,Sunny,Day,0.07874348958333334,100.0,-3.0,23.228953000057118,auto
1768374597159,Sunny,Day,0.07897135416666666,100.0,-2.0,23.516075999964414,auto
1768374597186,Sunny,Day,0.07789713541666667,100.0,0.0,17.807264999987638,auto
1768374597219,Sunny,Day,0.07434895833333334,100.0,2.0,23.05254500004139,auto
1768374597251,Sunny,Day,0.07581380208333334,100.0,3.0,19.783233999987715,auto
1768374597281,Sunny,Day,0.07731119791666667,100.0,3.0,23.048878000054174,auto
1768374597314,Sunny,Day,0.07740885416666667,100.0,2.0,25.663656000006085,auto
1768374597343,Sunny,Day,0.07721354166666666,100.0,2.0,20.105675999957384,auto
1768374597375,Sunny,Day,0.07747395833333333,100.0,1.0,23.089715000082833,auto
1768374597406,Sunny,Day,0.07763671875,100.0,0.0,21.78590999994867,auto
1768374597439,Sunny,Day,0.07819010416666666,100.0,0.0,25.13663699994595,auto
1768374597469,Sunny,Day,0.07685546875,100.0,0.0,19.92910199999187,auto
1768374597502,Sunny,Day,0.07760416666666667,100.0,0.0,23.13336800000343,auto
1768374597532,Sunny,Day,0.07877604166666667,100.0,0.0,19.286939999915376,auto
1768374597563,Sunny,Day,0.07825520833333334,100.0,0.0,22.775477999971372,auto
1768374597595,Sunny,Day,0.07750651041666666,100.0,0.0,22.78892399999677,auto
1768374597628,Sunny,Day,0.07711588541666667,100.0,0.0,21.61678100003428,auto
1768374597658,Sunny,Day,0.07783203125,100.0,-1.0,19.495278000022154,auto
1768374597691,Sunny,Day,0.07845052083333333,100.0,0.0,23.6346809999759,auto
1768374597719,Sunny,Day,0.07805989583333334,100.0,-1.0,20.36611100004393,auto
1768374597750,Sunny,Day,0.0783203125,100.0,-1.0,15.291052999941712,auto
1768374597781,Sunny,Day,0.07819010416666666,100.0,-1.0,24.675365999996757,auto
1768374597813,Sunny,Day,0.07887369791666667,100.0,-1.0,25.6094659999917,auto
1768374597844,Sunny,Day,0.07893880208333333,100.0,-1.0,20.30503100002079,auto
1768374597875,Sunny,Day,0.07815755208333333,100.0,-1.0,23.97747600002731,auto
1768374597909,Sunny,Day,0.07884114583333333,100.0,-1.0,26.703248000103486,auto
1768374597938,Sunny,Day,0.07913411458333333,100.0,-1.0,20.85392200001479,auto
1768374597969,Sunny,Day,0.07952473958333334,100.0,-1.0,24.651697000081185,auto
1768374598001,Sunny,Day,0.07906901041666667,100.0,-1.0,26.49579999990692,auto
1768374598034,Sunny,Day,0.07877604166666667,100.0,-1.0,26.671581999949012,auto
1768374598063,Sunny,Day,0.07916666666666666,100.0,-1.0,21.710853999934443,auto
1768374598095,Sunny,Day,0.07965494791666666,100.0,-1.0,24.476534999962496,auto
1768374598126,Sunny,Day,0.07926432291666667,100.0,-1.0,23.81635400001869,auto
1768374598158,Sunny,Day,0.07841796875,100.0,-1.0,23.54821499989157,auto
1768374598189,Sunny,Day,0.07975260416666667,100.0,-1.0,24.00026300006175,auto
1768374598222,Sunny,Day,0.07926432291666667,100.0,-1.0,26.546902999939448,auto
1768374598253,Sunny,Day,0.07994791666666666,100.0,-1.0,20.12852000007115,auto
1768374598285,Sunny,Day,0.08011067708333333,100.0,0.0,25.221261999945455,auto
1768374598315,Sunny,Day,0.07985026041666667,100.0,-1.0,21.876722999991216,auto
1768374598349,Sunny,Day,0.08079427083333333,100.0,0.0,26.706474999969032,auto
1768374598378,Sunny,Day,0.08069661458333334,100.0,0.0,22.09083900004316,auto
1768374598409,Sunny,Day,0.07766927083333333,100.0,21.0,23.77827600003002,auto
1768374598440,Sunny,Day,0.08040364583333333,100.0,0.0,24.487462000024607,auto
1768374598474,Sunny,Day,0.08108723958333333,100.0,19.0,25.752041000032477,auto
1768374598503,Sunny,Day,0.07884114583333333,100.0,20.0,19.566442000041206,auto
1768374598535,Sunny,Day,0.08138020833333333,100.0,-5.0,25.154662999966604,auto
1768374598568,Sunny,Day,0.08255208333333333,100.0,-7.0,20.75895699999819,auto
1768374598597,Sunny,Day,0.08271484375,100.0,-12.0,21.45056699998804,auto
1768374598630,Sunny,Day,0.08326822916666667,100.0,-12.0,26.311691999922004,auto
1768374598660,Sunny,Day,0.08004557291666667,100.0,12.0,16.286353999930725,auto
1768374598694,Sunny,Day,0.07994791666666666,100.0,-6.0,27.12116700001843,auto
1768374598723,Sunny,Day,0.08297526041666667,100.0,18.0,21.30360700004985,auto
1768374598755,Sunny,Day,0.08408203125,100.0,18.0,24.182077999967078,auto
1768374598786,Sunny,Day,0.08414713541666667,100.0,18.0,24.03037699991728,auto
1768374598817,Sunny,Day,0.0830078125,100.0,15.0,24.733395999987806,auto
1768374598849,Sunny,Day,0.08264973958333334,100.0,15.0,25.057004000018424,auto
1768374598883,Sunny,Day,0.08629557291666666,100.0,-13.0,26.904773000069326,auto
1768374598911,Sunny,Day,0.08287760416666666,100.0,8.0,21.530241999926147,auto
1768374598943,Sunny,Day,0.08167317708333334,100.0,5.0,23.76638600003389,auto
1768374598974,Sunny,Day,0.08675130208333333,100.0,-17.0,24.14148100001512,auto
1768374599006,Sunny,Day,0.08772786458333333,100.0,-19.0,23.63151800000196,auto
1768374599037,Sunny,Day,0.08610026041666667,100.0,4.0,23.271062000048914,auto
1768374599068,Sunny,Day,0.08662109375,100.0,6.0,23.301268999944114,auto
1768374599100,Sunny,Day,0.08525390625,100.0,-16.0,24.656466999999793,auto
1768374599131,Sunny,Day,0.08440755208333334,100.0,10.0,23.642526999992697,auto
1768374599163,Sunny,Day,0.08671875,100.0,9.0,25.43812299995807,auto
1768374599194,Sunny,Day,0.085546875,100.0,11.0,24.123077000012927,auto
1768374599225,Sunny,Day,0.08248697916666667,100.0,9.0,24.597293999931935,auto
1768374599256,Sunny,Day,0.08701171875,100.0,10.0,24.610127999949327,auto
1768374599288,Sunny,Day,0.083984375,100.0,7.0,24.864619000027233,auto
1768374599319,Sunny,Day,0.08746744791666666,100.0,-20.0,24.418867000008504,auto
1768374599352,Sunny,Day,0.08805338541666667,100.0,4.0,24.757754999995996,auto
1768374599382,Sunny,Day,0.08756510416666667,100.0,4.0,23.20090600005642,auto
1768374599414,Sunny,Day,0.08391927083333334,100.0,7.0,24.69200699999874,auto
1768374599445,Sunny,Day,0.0865234375,100.0,7.0,24.6413909999319,auto
1768374599478,Sunny,Day,0.08505859375,100.0,-18.0,26.12297399991803,auto
1768374599508,Sunny,Day,0.087890625,100.0,7.0,20.089985999902638,auto
1768374599540,Sunny,Day,0.08587239583333334,100.0,6.0,24.834874999896783,auto
1768374599571,Sunny,Day,0.0876953125,100.0,7.0,24.93627400008336,auto
1768374599602,Sunny,Day,0.08658854166666667,100.0,6.0,23.253522999993947,auto
1768374599634,Sunny,Day,0.08551432291666666,100.0,5.0,24.60816600000726,auto
1768374599665,Sunny,Day,0.08531901041666666,100.0,4.0,24.342174000025807,auto
1768374599696,Sunny,Day,0.08782552083333334,100.0,4.0,23.891737999974794,auto
1768374599728,Sunny,Day,0.08763020833333333,100.0,3.0,24.619056000005912,auto
1768374599761,Sunny,Day,0.08756510416666667,100.0,3.0,26.024352000035833,auto
1768374599791,Sunny,Day,0.08727213541666666,100.0,2.0,22.109792000037487,auto
1768374599825,Sunny,Day,0.08899739583333334,100.0,3.0,27.197270999977263,auto
1768374599853,Sunny,Day,0.0900390625,100.0,3.0,21.46853800002191,auto
1768374599885,Sunny,Day,0.08561197916666667,100.0,1.0,24.1342460000169,auto
1768374599916,Sunny,Day,0.08831380208333334,100.0,1.0,24.641799000050923,auto
1768374599948,Sunny,Day,0.08704427083333334,100.0,1.0,25.143129999946723,auto
1768374599980,Sunny,Day,0.08844401041666666,100.0,1.0,21.506671999986793,auto
1768374600010,Sunny,Day,0.08684895833333334,100.0,0.0,20.26649999993424,auto
1768374600042,Sunny,Day,0.08675130208333333,100.0,0.0,24.53058800006147,auto
1768374600074,Sunny,Day,0.08844401041666666,100.0,1.0,25.64553899992461,auto
1768374600106,Sunny,Day,0.08844401041666666,100.0,0.0,24.72659099998964,auto
1768374600136,Sunny,Day,0.08658854166666667,100.0,0.0,19.663135000087095,auto
1768374600167,Sunny,Day,0.08649088541666666,100.0,-2.0,24.226871999985633,auto
1768374600199,Sunny,Day,0.08857421875,100.0,-1.0,18.10421100003623,auto
1768374600231,Sunny,Day,0.08922526041666666,100.0,0.0,25.503875999902448,auto
1768374600261,Sunny,Day,0.08824869791666666,100.0,-2.0,22.156174000087958,auto
1768374600293,Sunny,Day,0.08818359375,100.0,-1.0,25.294688000030874,auto
1768374600326,Sunny,Day,0.08694661458333333,100.0,-2.0,25.52610099996855,auto
1768374600356,Sunny,Day,0.08776041666666666,100.0,-2.0,22.11600299995098,auto
1768374600389,Sunny,Day,0.08645833333333333,100.0,-3.0,25.906676999966294,auto
1768374600418,Sunny,Day,0.08688151041666667,100.0,-3.0,22.571031999973457,auto
1768374600452,Sunny,Day,0.08662109375,100.0,-3.0,25.34441499994955,auto
1768374600481,Sunny,Day,0.08779296875,100.0,-2.0,22.246813000037946,auto
1768374600513,Sunny,Day,0.08684895833333334,100.0,-1.0,24.860678999971242,auto
1768374600545,Sunny,Day,0.08675130208333333,100.0,-2.0,25.510190999966653,auto
1768374600576,Sunny,Day,0.08811848958333333,100.0,0.0,24.30852899999536,auto
1768374600608,Sunny,Day,0.08727213541666666,100.0,-1.0,25.494875000049433,auto
1768374600638,Sunny,Day,0.08805338541666667,100.0,0.0,22.386752999977944,auto
1768374600672,Sunny,Day,0.08740234375,100.0,-1.0,27.03348099998948,auto
1768374600701,Sunny,Day,0.08792317708333333,100.0,-1.0,19.216845999949328,auto
1768374600732,Sunny,Day,0.08935546875,100.0,0.0,24.542663999909564,auto
1768374600767,Sunny,Day,0.09052734375,100.0,-1.0,27.842471999974805,auto
1768374600796,Sunny,Day,0.0921875,100.0,0.0,20.77776900000572,auto
1768374600827,Sunny,Day,0.09300130208333333,100.0,0.0,23.39033999999174,auto
1768374600858,Sunny,Day,0.09244791666666667,100.0,0.0,24.1615869999805,auto
1768374600891,Sunny,Day,0.09059244791666667,100.0,0.0,25.692248000041218,auto
1768374600921,Sunny,Day,0.09114583333333333,100.0,0.0,22.675987000070563,auto
1768374600953,Sunny,Day,0.092578125,100.0,0.0,23.577471000066907,auto
1768374600984,Sunny,Day,0.091015625,100.0,0.0,23.825477999935174,auto
1768374601016,Sunny,Day,0.09384765625,100.0,1.0,24.197268999955668,auto
1768374601047,Sunny,Day,0.09557291666666666,100.0,1.0,23.567217000049823,auto
1768374601085,Sunny,Day,0.09410807291666666,100.0,1.0,31.053293000013582,auto
1768374601111,Sunny,Day,0.09384765625,100.0,1.0,19.25369299999602,auto
1768374601141,Sunny,Day,0.0955078125,100.0,1.0,22.223854000003485,auto
1768374601172,Sunny,Day,0.09300130208333333,100.0,1.0,24.056766999933643,auto
1768374601204,Sunny,Day,0.0955078125,100.0,0.0,23.460631000034482,auto
1768374601235,Sunny,Day,0.09488932291666667,100.0,1.0,22.39090800003396,auto
1768374601267,Sunny,Day,0.09475911458333333,100.0,1.0,23.942402999978185,auto
1768374601298,Sunny,Day,0.09498697916666667,100.0,-1.0,23.981833999982882,auto
1768374601329,Sunny,Day,0.09322916666666667,100.0,-1.0,23.732233000032465,auto
1768374601360,Sunny,Day,0.09368489583333334,100.0,-1.0,24.03165300006549,auto
1768374601394,Sunny,Day,0.09557291666666666,100.0,0.0,25.942240999938804,auto
1768374601424,Sunny,Day,0.09443359375,100.0,0.0,22.084931999984292,auto
1768374601456,Sunny,Day,0.09231770833333333,100.0,0.0,25.316028000020196,auto
1768374601486,Sunny,Day,0.09313151041666666,100.0,0.0,22.23194800001238,auto
1768374601519,Sunny,Day,0.09368489583333334,100.0,0.0,25.620097000000897,auto
1768374601549,Sunny,Day,0.09586588541666667,100.0,1.0,22.202740000011545,auto
1768374601580,Sunny,Day,0.093359375,100.0,1.0,24.18135400000665,auto
1768374601612,Sunny,Day,0.09407552083333333,100.0,1.0,17.610539999964203,auto
1768374601643,Sunny,Day,0.09404296875,100.0,1.0,18.99386900004174,auto
1768374601675,Sunny,Day,0.09508463541666666,100.0,1.0,24.156259999926988,auto
1768374601706,Sunny,Day,0.09560546875,100.0,2.0,23.934235999945486,auto
1768374601739,Sunny,Day,0.09632161458333334,100.0,1.0,25.554757000008976,auto
1768374601769,Sunny,Day,0.09638671875,100.0,0.0,22.925020000002405,auto
1768374601800,Sunny,Day,0.09694010416666667,100.0,1.0,24.802066999995986,auto
1768374601833,Sunny,Day,0.09951171875,100.0,1.0,25.4022230000146,auto
1768374601863,Sunny,Day,0.09664713541666667,100.0,1.0,23.378900000011527,auto
1768374601894,Sunny,Day,0.09889322916666667,100.0,1.0,24.489590000030148,auto
1768374601927,Sunny,Day,0.09684244791666667,100.0,1.0,24.996384000019134,auto
1768374601957,Sunny,Day,0.10032552083333333,100.0,1.0,20.219571000097858,auto
1768374601989,Sunny,Day,0.10009765625,100.0,1.0,24.15692600004604,auto
1768374602022,Sunny,Day,0.09788411458333333,100.0,1.0,26.925851999976658,auto
1768374602053,Sunny,Day,0.10266927083333334,100.0,1.0,23.841214000071886,auto
1768374602083,Sunny,Day,0.10110677083333333,100.0,1.0,22.655869000004714,auto
1768374602117,Sunny,Day,0.09993489583333333,100.0,2.0,27.71893099998124,auto
1768374602146,Sunny,Day,0.10218098958333334,100.0,2.0,20.962508000025082,auto
1768374602177,Sunny,Day,0.10305989583333333,100.0,3.0,24.58060599997225,auto
1768374602208,Sunny,Day,0.10172526041666667,100.0,2.0,24.590273000058005,auto
1768374602240,Sunny,Day,0.10397135416666667,100.0,2.0,26.89188199997261,auto
1768374602273,Sunny,Day,0.1033203125,100.0,2.0,25.99014099996566,auto
1768374602303,Sunny,Day,0.10455729166666666,100.0,3.0,21.96507400003611,auto
1768374602334,Sunny,Day,0.1033203125,100.0,39.0,23.965727000017978,auto
1768374602366,Sunny,Day,0.10380859375,100.0,3.0,23.865069000066796,auto
1768374602397,Sunny,Day,0.10286458333333333,100.0,39.0,24.30483600005573,auto
1768374602431,Sunny,Day,0.10026041666666667,100.0,0.0,26.665211000022282,auto
1768374602460,Sunny,Day,0.101171875,100.0,-1.0,20.26719499997398,auto
1768374602492,Sunny,Day,0.09554036458333333,100.0,-5.0,25.312311000107,auto
1768374602523,Sunny,Day,0.10390625,100.0,-3.0,23.429856999996446,auto
1768374602556,Sunny,Day,0.09973958333333334,100.0,31.0,26.7165490000707,auto
1768374602585,Sunny,Day,0.10120442708333334,100.0,32.0,18.613393000009637,auto
1768374602617,Sunny,Day,0.10263671875,100.0,33.0,24.217789999966044,auto
1768374602650,Sunny,Day,0.10159505208333333,100.0,31.0,26.10891200004062,auto
1768374602680,Sunny,Day,0.09619140625,100.0,27.0,22.032822000028318,auto
1768374602716,Sunny,Day,0.09475911458333333,100.0,24.0,29.264572999977645,auto
1768374602746,Sunny,Day,0.0943359375,100.0,19.0,18.213019000086206,auto
1768374602777,Sunny,Day,0.09163411458333333,100.0,14.0,21.75216399996316,auto
1768374602808,Sunny,Day,0.08981119791666667,100.0,8.0,21.140136999974857,auto
1768374602839,Sunny,Day,0.08961588541666667,100.0,4.0,15.612877999956254,auto
1768374602870,Sunny,Day,0.09036458333333333,100.0,0.0,20.590783999978157,auto
1768374602905,Sunny,Day,0.09241536458333334,100.0,-4.0,26.43820500009042,auto
1768374602934,Sunny,Day,0.09436848958333334,100.0,-7.0,19.70745200003421,auto
1768374602968,Sunny,Day,0.0912109375,100.0,-8.0,24.54156500004956,auto
1768374602996,Sunny,Day,0.09176432291666667,100.0,-7.0,18.702755000049365,auto
1768374603028,Sunny,Day,0.09124348958333334,100.0,-6.0,22.063203000016074,auto
1768374603064,Sunny,Day,0.08929036458333334,100.0,-5.0,27.462631000048532,auto
1768374603091,Sunny,Day,0.092578125,100.0,-3.0,18.06749500008209,auto
1768374603122,Sunny,Day,0.09274088541666667,100.0,-2.0,21.857033000060255,auto
1768374603154,Sunny,Day,0.091796875,100.0,0.0,23.08747500001118,auto
1768374603186,Sunny,Day,0.09130859375,100.0,1.0,21.575394000024062,auto
1768374603217,Sunny,Day,0.09140625,100.0,3.0,22.513935000006313,auto
1768374603248,Sunny,Day,0.09293619791666667,100.0,4.0,16.7875480000248,auto
1768374603280,Sunny,Day,0.09303385416666667,100.0,5.0,22.09476200005156,auto
1768374603310,Sunny,Day,0.092578125,100.0,5.0,21.76958100005777,auto
1768374603343,Sunny,Day,0.09013671875,100.0,4.0,21.892241000045942,auto
1768374603373,Sunny,Day,0.09166666666666666,100.0,4.0,19.51229099995544,auto
1768374603405,Sunny,Day,0.09013671875,100.0,4.0,24.040498999966076,auto
1768374603436,Sunny,Day,0.08958333333333333,100.0,5.0,22.01777300001595,auto
1768374603467,Sunny,Day,0.0888671875,100.0,5.0,23.19800500004021,auto
1768374603499,Sunny,Day,0.08902994791666667,100.0,4.0,22.688323000011223,auto
1768374603532,Sunny,Day,0.08753255208333334,100.0,5.0,24.602112999900783,auto
1768374603563,Sunny,Day,0.08870442708333333,100.0,6.0,17.41453800002546,auto
1768374603595,Sunny,Day,0.08815104166666667,100.0,,23.755433000019366,auto
1768374603623,Sunny,Day,0.0859375,100.0,,19.082803000060267,auto
1768374603656,Sunny,Day,0.08645833333333333,100.0,,24.470988000075522,auto
1768374603686,Sunny,Day,0.08479817708333333,100.0,,21.058877999962533,auto
1768374603718,Sunny,Day,0.08629557291666666,100.0,,23.406657000009545,auto
1768374603750,Sunny,Day,0.08375651041666667,100.0,,23.95478800008277,auto
1768374603781,Sunny,Day,0.08424479166666667,100.0,,22.53364099999544,auto
1768374603812,Sunny,Day,0.08427734375,100.0,,22.552827999902547,auto
1768374603845,Sunny,Day,0.08333333333333333,100.0,,24.35547699997187,auto
1768374603877,Sunny,Day,0.08251953125,100.0,19.0,22.95625800002199,auto
1768374603908,Sunny,Day,0.08271484375,100.0,,19.92824199999177,auto
1768374603939,Sunny,Day,0.08333333333333333,100.0,,22.57921900002202,auto
1768374603970,Sunny,Day,0.08349609375,100.0,,19.61522800002058,auto
1768374604002,Sunny,Day,0.08238932291666666,100.0,,23.75839699993776,auto
1768374604032,Sunny,Day,0.08053385416666667,100.0,,21.128150999970785,auto
1768374604065,Sunny,Day,0.08297526041666667,100.0,,24.111290999940138,auto
1768374604096,Sunny,Day,0.08284505208333333,100.0,,21.42103300002418,auto
1768374604126,Sunny,Day,0.08079427083333333,100.0,,22.275546999935614,auto
1768374604157,Sunny,Day,0.08043619791666666,100.0,,23.041995999960818,auto
1768374604190,Sunny,Day,0.07978515625,100.0,,24.671329999932823,auto
1768374604220,Sunny,Day,0.08004557291666667,100.0,,20.653824000078203,auto
1768374604252,Sunny,Day,0.07802734375,100.0,,22.82906699997511,auto
1768374604284,Sunny,Day,0.08284505208333333,100.0,,24.25069399998847,auto
1768374604315,Sunny,Day,0.08108723958333333,100.0,,22.548741000036898,auto
1768374604346,Sunny,Day,0.08505859375,100.0,,22.709777000045506,auto
1768374604379,Sunny,Day,0.08079427083333333,100.0,,24.221043000011377,auto
1768374604409,Sunny,Day,0.08382161458333333,100.0,,21.075109000094017,auto
1768374604440,Sunny,Day,0.08587239583333334,100.0,,22.69396000008328,auto
1768374604472,Sunny,Day,0.08655598958333334,100.0,,22.149681999962922,auto
1768374604505,Sunny,Day,0.08727213541666666,100.0,,24.068842000019686,auto
1768374604537,Sunny,Day,0.08020833333333334,100.0,,22.860810999986825,auto
1768374604566,Sunny,Day,0.08173828125,100.0,,19.878172000062477,auto
1768374604598,Sunny,Day,0.07975260416666667,100.0,,22.58172699998795,auto
1768374604629,Sunny,Day,0.08313802083333334,100.0,,18.032370000014453,auto
1768374604660,Sunny,Day,0.08294270833333334,100.0,,22.98561999998583,auto
1768374604693,Sunny,Day,0.08020833333333334,100.0,,24.395652999942286,auto
1768374604723,Sunny,Day,0.07864583333333333,100.0,,20.677030999991075,auto
1768374604754,Sunny,Day,0.06946614583333334,100.0,,22.82841900000676,auto
1768374604786,Sunny,Day,0.07115885416666666,100.0,,22.879756999941492,auto
1768374604817,Sunny,Day,0.06793619791666666,100.0,,22.217726000008042,auto
1768374604850,Sunny,Day,0.06188151041666667,100.0,,24.221173000000817,auto
1768374604881,Sunny,Day,0.0677734375,100.0,,22.33184900001106,auto
1768374604911,Sunny,Day,0.06852213541666667,100.0,,20.81634099999974,auto
1768374604943,Sunny,Day,0.06845703125,100.0,,22.782599000038317,auto
1768374604974,Sunny,Day,0.06927083333333334,100.0,,22.56176199989568,auto
1768374605008,Sunny,Day,0.06878255208333334,100.0,,25.479836000044997,auto
1768374605037,Sunny,Day,0.07047526041666667,100.0,,20.335929999987457,auto
1768374605069,Sunny,Day,0.06969401041666666,100.0,,22.268330999963837,auto
1768374605102,Sunny,Day,0.07200520833333333,100.0,,23.17449800000304,auto
1768374605133,Sunny,Day,0.07259114583333333,100.0,,22.63727599995491,auto
1768374605166,Sunny,Day,0.07386067708333334,100.0,,22.94858599998406,auto
1768374605194,Sunny,Day,0.07522786458333333,100.0,,19.48162099995443,auto
1768374605226,Sunny,Day,0.07646484375,100.0,,22.816999000042415,auto
1768374605257,Sunny,Day,0.07467447916666667,100.0,,22.621311000079913,auto
1768374605288,Sunny,Day,0.07513020833333334,100.0,,23.052114999927653,auto
1768374605320,Sunny,Day,0.07998046875,100.0,,23.48089899999195,auto
1768374605351,Sunny,Day,0.08151041666666667,100.0,,22.62725599996429,auto
1768374605383,Sunny,Day,0.07610677083333334,100.0,,23.031132000028265,auto
1768374605418,Sunny,Day,0.07981770833333333,100.0,,25.668511999924704,auto
1768374605446,Sunny,Day,0.08206380208333333,100.0,,18.396454000026097,auto
1768374605479,Sunny,Day,0.0783203125,100.0,,23.7028479999708,auto
1768374605511,Sunny,Day,0.08225911458333333,100.0,,23.897830999999314,auto
1768374605539,Sunny,Day,0.0826171875,100.0,,19.68206700007613,auto
1768374605571,Sunny,Day,0.08544921875,100.0,,22.98531200005982,auto
1768374605603,Sunny,Day,0.0859375,100.0,,23.903257000029043,auto
1768374605634,Sunny,Day,0.08675130208333333,100.0,,21.107970999992176,auto
1768374605665,Sunny,Day,0.08518880208333333,100.0,,23.008555000046726,auto
1768374605697,Sunny,Day,0.08430989583333333,100.0,,23.20579699994596,auto
1768374605728,Sunny,Day,0.08902994791666667,100.0,,22.555452999995396,auto
1768374605759,Sunny,Day,0.08629557291666666,100.0,,23.00277599999845,auto
1768374605792,Sunny,Day,0.08893229166666666,100.0,,24.816814000018894,auto
1768374605823,Sunny,Day,0.08955078125,100.0,,21.07937599998877,auto
1768374605856,Sunny,Day,0.09456380208333333,100.0,,23.66591800000606,auto
1768374605886,Sunny,Day,0.09085286458333333,100.0,,20.59884499999498,auto
1768374605920,Sunny,Day,0.09361979166666666,100.0,,24.910824000016873,auto
1768374605948,Sunny,Day,0.09690755208333333,100.0,,17.91210900000806,auto
1768374605980,Sunny,Day,0.09632161458333334,100.0,,22.39186199994947,auto
1768374606011,Sunny,Day,0.09479166666666666,100.0,,22.115978000101677,auto
1768374606042,Sunny,Day,0.10123697916666667,100.0,,22.683862000008048,auto
1768374606073,Sunny,Day,0.10501302083333333,100.0,,22.939869999959228,auto
1768374606106,Sunny,Day,0.1052734375,100.0,,23.235770000042066,auto
1768374606138,Sunny,Day,0.10543619791666667,100.0,,23.558840000077907,auto
1768374606167,Sunny,Day,0.10569661458333333,100.0,,20.644876999995176,auto
1768374606199,Sunny,Day,0.11110026041666667,100.0,,23.452681000094344,auto
1768374606230,Sunny,Day,0.11106770833333333,100.0,,22.962037999946006,auto
1768374606262,Sunny,Day,0.11477864583333333,100.0,,22.885050000013507,auto
1768374606293,Sunny,Day,0.11165364583333333,100.0,,23.08944000003521,auto
1768374606327,Sunny,Day,0.11380208333333333,100.0,,25.283830000034868,auto
1768374606360,Sunny,Day,0.11647135416666667,100.0,,23.866926999971838,auto
1768374606388,Sunny,Day,0.11458333333333333,100.0,,18.968390999930307,auto
1768374606421,Sunny,Day,0.11774088541666666,100.0,,23.68985300006443,auto
1768374606450,Sunny,Day,0.1203125,100.0,,19.354634000023907,auto
1768374606482,Sunny,Day,0.121484375,100.0,,22.43609600009222,auto
1768374606515,Sunny,Day,0.12174479166666667,100.0,,24.89303100003326,auto
1768374606547,Sunny,Day,0.11787109375,100.0,,22.658137999997052,auto
1768374606576,Sunny,Day,0.12174479166666667,100.0,,19.525058999988687,auto
1768374606607,Sunny,Day,0.12197265625,100.0,,22.96622500000467,auto
1768374606638,Sunny,Day,0.12106119791666667,100.0,,22.165624000081152,auto
1768374606671,Sunny,Day,0.12333984375,100.0,,25.19108100000267,auto
1768374606701,Sunny,Day,0.1228515625,100.0,,20.660933999920417,auto
1768374606735,Sunny,Day,0.12584635416666667,100.0,,25.79532700008258,auto
1768374606766,Sunny,Day,0.1251953125,100.0,,21.240104999947107,auto
1768374606796,Sunny,Day,0.12679036458333334,100.0,,20.196015999999872,auto
1768374606828,Sunny,Day,0.12740885416666667,100.0,,22.732348999966234,auto
1768374606859,Sunny,Day,0.12532552083333334,100.0,,21.89852300000439,auto
1768374606891,Sunny,Day,0.12666015625,100.0,,23.030785999935688,auto
1768374606922,Sunny,Day,0.13089192708333333,100.0,,22.3230289999492,auto
1768374606955,Sunny,Day,0.1294921875,100.0,,24.013460000105624,auto
1768374606984,Sunny,Day,0.1265625,100.0,,20.04542700001366,auto
1768374607017,Sunny,Day,0.12958984375,100.0,,24.713894000001346,auto
1768374607050,Sunny,Day,0.12955729166666666,100.0,,22.772730999918167,auto
1768374607078,Sunny,Day,0.12760416666666666,100.0,,18.98982900002011,auto
1768374607110,Sunny,Day,0.12721354166666668,100.0,,22.774805000040033,auto
1768374607144,Sunny,Day,0.1291015625,100.0,,29.393548000030023,manual
1768374607173,Sunny,Day,0.13649088541666668,100.0,,16.359007000005477,manual
1768374607203,Sunny,Day,0.134375,100.0,,22.43880799994713,manual
1768374607236,Sunny,Day,0.13372395833333334,100.0,,24.660587999960626,manual
1768374607268,Sunny,Day,0.13382161458333333,100.0,,23.034404999975777,manual
1768374607298,Sunny,Day,0.13525390625,100.0,,21.50530599999456,manual
1768374607330,Sunny,Day,0.13610026041666667,100.0,,23.328934000005574,manual
1768374607362,Sunny,Day,0.13238932291666666,100.0,,22.427287999903456,manual
1768374607392,Sunny,Day,0.13225911458333334,100.0,,22.494924000056926,manual
1768374607430,Sunny,Day,0.13505859375,100.0,,29.01025000005575,manual
1768374607456,Sunny,Day,0.13649088541666668,100.0,,15.158366999912687,manual
1768374607488,Sunny,Day,0.13304036458333332,100.0,,23.37038300004224,manual
1768374607518,Sunny,Day,0.13336588541666666,100.0,,21.748959999968065,manual
1768374607552,Sunny,Day,0.13421223958333334,100.0,,24.351297000066552,manual
1768374607582,Sunny,Day,0.13551432291666668,100.0,,20.834849000038957,manual
1768374607612,Sunny,Day,0.1349609375,100.0,,22.37383800002135,manual
1768374607644,Sunny,Day,0.13255208333333332,100.0,,24.215467999965767,manual
1768374607679,Sunny,Day,0.13401692708333332,100.0,,25.75966199992763,manual
1768374607707,Sunny,Day,0.13665364583333334,100.0,,18.51328099996863,manual
1768374607738,Sunny,Day,0.13580729166666666,100.0,,22.603565000054004,manual
1768374607772,Sunny,Day,0.13313802083333334,100.0,,25.88993400001982,manual
1768374607801,Sunny,Day,0.13470052083333334,100.0,,20.95569399989472,manual
1768374607835,Sunny,Day,0.13623046875,100.0,,25.62431400008336,manual
1768374607864,Sunny,Day,0.13645833333333332,100.0,,19.642116999989412,manual
1768374607896,Sunny,Day,0.13483072916666666,100.0,,21.89106699995591,manual
1768374607927,Sunny,Day,0.13313802083333334,100.0,,21.953072999963297,manual
1768374607960,Sunny,Day,0.13587239583333333,100.0,,25.523934000034387,manual
1768374607989,Sunny,Day,0.1349609375,100.0,,19.1776450000134,manual
1768374608020,Sunny,Day,0.13600260416666668,100.0,,17.59877199992843,manual
1768374608052,Sunny,Day,0.13125,100.0,,23.126217000026372,manual
1768374608084,Sunny,Day,0.13414713541666667,100.0,,23.0737299999646,manual
1768374608119,Sunny,Day,0.13557942708333334,100.0,,27.35855100002027,manual
1768374608145,Sunny,Day,0.133984375,100.0,,17.82659099990269,manual
1768374608177,Sunny,Day,0.13375651041666667,100.0,,23.36198200009676,manual
1768374608208,Sunny,Day,0.13372395833333334,100.0,,23.602080000046044,manual
1768374608241,Sunny,Day,0.13522135416666667,100.0,,24.90450699997382,manual
1768375455273,Sunny,Day,0.13277994791666667,100.0,,432.19202099999166,manual
1768375455564,Sunny,Day,0.12991536458333333,100.0,,3.6641389999658713,manual
1768375455589,Sunny,Day,0.13046875,100.0,,20.857231000036336,manual
1768375455630,Sunny,Day,0.13190104166666666,100.0,,2.4176480001187883,manual
1768375455649,Sunny,Day,0.1322265625,100.0,,13.886123000020234,manual
1768375455682,Sunny,Day,0.12998046875,100.0,,28.654585999902338,manual
1768375455712,Sunny,Day,0.12978515625,100.0,,24.84346500000356,manual
1768375455742,Sunny,Day,0.13098958333333333,100.0,,26.01278900010584,manual
1768375455774,Sunny,Day,0.13411458333333334,100.0,,25.868399000046338,manual
1768375455805,Sunny,Day,0.131640625,100.0,,25.992695000013555,manual
1768375455837,Sunny,Day,0.12874348958333334,100.0,,22.08298100003958,manual
1768375455868,Sunny,Day,0.13229166666666667,100.0,,26.87751799999205,manual
1768375455899,Sunny,Day,0.13349609375,100.0,,26.069770000049175,manual
1768375455931,Sunny,Day,0.13089192708333333,100.0,,27.39772399991125,manual
1768375455962,Sunny,Day,0.13151041666666666,100.0,,26.039048000029652,manual
1768375455994,Sunny,Day,0.13362630208333334,100.0,,27.277482999807035,manual
1768375456025,Sunny,Day,0.13323567708333334,100.0,,26.376588999937667,manual
1768375456056,Sunny,Day,0.13225911458333334,100.0,,26.791463000108706,manual
1768375456090,Sunny,Day,0.13268229166666667,100.0,,29.144499000040014,manual
1768375456122,Sunny,Day,0.13235677083333333,100.0,,25.733140000056665,manual
1768375456154,Sunny,Day,0.13359375,100.0,,27.38746699992589,manual
1768375456187,Sunny,Day,0.13287760416666666,100.0,,26.674832000026072,manual
1768375456217,Sunny,Day,0.13388671875,100.0,,24.215942999944673,manual
1768375456248,Sunny,Day,0.13046875,100.0,,24.954930000149034,manual
1768375456280,Sunny,Day,0.13199869791666666,100.0,,26.133160999961547,manual
1768375456312,Sunny,Day,0.13313802083333334,100.0,,25.67199200007053,manual
1768375456343,Sunny,Day,0.13147786458333333,100.0,,25.065597999855527,manual
1768375456373,Sunny,Day,0.13151041666666666,100.0,,24.40053700001954,manual
1768375456404,Sunny,Day,0.13151041666666666,100.0,,25.618824000048335,manual
1768375456437,Sunny,Day,0.13382161458333333,100.0,,22.103797999989183,manual
1768375456470,Sunny,Day,0.1345703125,100.0,,25.480101000084687,manual
1768375456500,Sunny,Day,0.13209635416666668,100.0,,23.376602999860552,manual
1768375456532,Sunny,Day,0.13040364583333333,100.0,,25.91951199997311,manual
1768375456562,Sunny,Day,0.1328125,100.0,,22.91469200008578,manual
1768375456594,Sunny,Day,0.13323567708333334,100.0,,26.661609999791835,manual
1768375456625,Sunny,Day,0.13098958333333333,100.0,,25.010096999949383,manual
1768375456655,Sunny,Day,0.13209635416666668,100.0,,22.643208999852504,manual
1768375456687,Sunny,Day,0.13271484375,100.0,,26.76474099985171,manual
1768375456721,Sunny,Day,0.13557942708333334,100.0,,28.386863999912748,manual
1768375456752,Sunny,Day,0.131640625,100.0,,25.166060999936235,manual
1768375456782,Sunny,Day,0.13190104166666666,100.0,,24.284832000148526,manual
1768375456814,Sunny,Day,0.13232421875,100.0,,21.583367999937764,manual
1768375456845,Sunny,Day,0.13427734375,100.0,,25.072690999877523,manual
1768375456877,Sunny,Day,0.13258463541666668,100.0,,25.86990000008882,manual
1768375456907,Sunny,Day,0.13125,100.0,,24.81815199985249,manual
1768375456938,Sunny,Day,0.13219401041666667,100.0,,26.446090000035838,manual
1768375456969,Sunny,Day,0.132421875,100.0,,25.506009000082486,manual
1768375457001,Sunny,Day,0.13336588541666666,100.0,,26.474127000028602,manual
1768375457032,Sunny,Day,0.13330078125,100.0,,26.012513999830844,manual
1768375457063,Sunny,Day,0.12975260416666667,100.0,,25.868050999861225,manual
1768375457097,Sunny,Day,0.13359375,100.0,,28.931870000178606,manual
1768375457128,Sunny,Day,0.134375,100.0,,25.305768999942302,manual
1768375457159,Sunny,Day,0.132421875,100.0,,25.031933000036588,manual
1768375457189,Sunny,Day,0.13131510416666667,100.0,,24.582799999961935,manual
1768375457221,Sunny,Day,0.13059895833333332,100.0,,26.316164000036224,manual
1768375457252,Sunny,Day,0.13356119791666668,100.0,,26.172237000082532,manual
1768375457284,Sunny,Day,0.13359375,100.0,,25.65756700005295,manual
1768375457315,Sunny,Day,0.1306640625,100.0,,25.801345999980185,manual
1768375457347,Sunny,Day,0.13258463541666668,100.0,,25.947773000098096,manual
1768375457380,Sunny,Day,0.13238932291666666,100.0,,26.57896300001994,manual
1768375457411,Sunny,Day,0.13525390625,100.0,,24.855857000147807,manual
1768375457441,Sunny,Day,0.13190104166666666,100.0,,24.84157999992931,manual
1768375457472,Sunny,Day,0.13209635416666668,100.0,,24.94850600010068,manual
1768375457505,Sunny,Day,0.13291015625,100.0,,27.4281179999889,manual
1768375457536,Sunny,Day,0.13564453125,100.0,,25.323324000055436,manual
1768375457568,Sunny,Day,0.13304036458333332,100.0,,26.463000000148895,manual
1768375457597,Sunny,Day,0.13326822916666667,100.0,,23.841089999905307,manual
1768375457628,Sunny,Day,0.13248697916666666,100.0,,25.944014000060633,manual
1768375457660,Sunny,Day,0.13489583333333333,100.0,,24.870709000197166,manual
1768375457693,Sunny,Day,0.13336588541666666,100.0,,27.49624800003403,manual
1768375457725,Sunny,Day,0.13147786458333333,100.0,,25.613306999957786,manual
1768375457755,Sunny,Day,0.13421223958333334,100.0,,24.291963999985455,manual
1768375457785,Sunny,Day,0.13365885416666667,100.0,,24.10944500002188,manual
1768375457817,Sunny,Day,0.1333984375,100.0,,26.66185300017787,manual
1768375457848,Sunny,Day,0.13268229166666667,100.0,,25.800717000038276,manual
1768375457881,Sunny,Day,0.13160807291666668,100.0,,27.583378000144876,manual
1768375457911,Sunny,Day,0.13362630208333334,100.0,,24.191704000031677,manual
1768375457943,Sunny,Day,0.13297526041666666,100.0,,26.315498000030857,manual
1768375457975,Sunny,Day,0.13404947916666668,100.0,,26.946077000047808,manual
1768375458006,Sunny,Day,0.13050130208333333,100.0,,25.078043999883448,manual
1768375458038,Sunny,Day,0.132421875,100.0,,25.620012999979735,manual
1768375458069,Sunny,Day,0.13460286458333334,100.0,,25.47123400017881,manual
1768375458099,Sunny,Day,0.13274739583333334,100.0,,24.148427000000083,manual
1768375458131,Sunny,Day,0.13102213541666666,100.0,,26.239925000027142,manual
1768375458165,Sunny,Day,0.13173828125,100.0,,29.22191099992233,manual
1768375458194,Sunny,Day,0.13095703125,100.0,,23.7349430001359,manual
1768375458226,Sunny,Day,0.1337890625,100.0,,26.056609000079334,manual
1768375458257,Sunny,Day,0.13108723958333332,100.0,,25.30695499990543,manual
1768375458289,Sunny,Day,0.13121744791666667,100.0,,26.389371000050232,manual
1768375458319,Sunny,Day,0.13216145833333334,100.0,,24.37465200000588,manual
1768375458351,Sunny,Day,0.13359375,100.0,,25.16049100017881,manual
1768375458384,Sunny,Day,0.13147786458333333,100.0,,27.639436000072237,manual
1768375458413,Sunny,Day,0.13001302083333333,100.0,,23.652330999993865,manual
1768375458446,Sunny,Day,0.13238932291666666,100.0,,26.717503000099896,manual
1768375458477,Sunny,Day,0.13561197916666667,100.0,,26.77992999997514,manual
1768375458505,Sunny,Day,0.13206380208333332,100.0,,23.142734999964887,manual
1768375458539,Sunny,Day,0.13356119791666668,100.0,,28.573572999903263,manual
1768375458569,Sunny,Day,0.13453776041666668,100.0,,25.28832500001954,manual
1768375458600,Sunny,Day,0.13854166666666667,100.0,,26.38694500001293,manual
1768375458632,Sunny,Day,0.1384765625,100.0,,26.89041200005704,manual
1768375458662,Sunny,Day,0.13746744791666668,100.0,,22.66037899994444,manual
1768375458694,Sunny,Day,0.13759765625,100.0,,26.869856000075742,manual
1768375458727,Sunny,Day,0.13815104166666667,100.0,,28.541534999931173,manual
1768375458760,Sunny,Day,0.14195963541666667,100.0,,26.39750000003005,manual
1768375458790,Sunny,Day,0.14153645833333334,100.0,,25.3437890000896,manual
1768375458819,Sunny,Day,0.13802083333333334,100.0,,24.456484999973327,manual
1768375458851,Sunny,Day,0.13902994791666667,100.0,,27.46576799995637,manual
1768375458882,Sunny,Day,0.13932291666666666,100.0,,26.420760000064547,manual
1768375458914,Sunny,Day,0.1400390625,100.0,,26.73974399999679,manual
1768375458946,Sunny,Day,0.13942057291666668,100.0,,27.355526999826907,manual
1768375458977,Sunny,Day,0.13658854166666667,100.0,,27.09946899994975,manual
1768375459008,Sunny,Day,0.13642578125,100.0,,25.374288999955752,manual
1768375459041,Sunny,Day,0.13766276041666667,100.0,,27.932070000133535,manual
1768375459072,Sunny,Day,0.13779296875,100.0,,25.810387000092305,manual
1768375459103,Sunny,Day,0.13896484375,100.0,,26.2569460001032,manual
1768375459134,Sunny,Day,0.13802083333333334,100.0,,26.00366599995141,manual
1768375459165,Sunny,Day,0.13929036458333333,100.0,,26.979969999956666,manual
1768375459199,Sunny,Day,0.13645833333333332,100.0,,29.180821000181822,manual
1768375459228,Sunny,Day,0.13551432291666668,100.0,,24.28850399996918,manual
1768375459259,Sunny,Day,0.13082682291666667,100.0,,26.755634999972244,manual
1768375459292,Sunny,Day,0.13271484375,100.0,,27.375398999993195,manual
1768375459322,Sunny,Day,0.12770182291666668,100.0,,25.052677000076073,manual
1768375459354,Sunny,Day,0.12610677083333333,100.0,,26.975432999961413,manual
1768375459385,Sunny,Day,0.12447916666666667,100.0,,26.494392000131484,manual
1768375459416,Sunny,Day,0.12451171875,100.0,,26.482855000040217,manual
1768375459450,Sunny,Day,0.12154947916666667,100.0,,28.90115200011678,manual
1768375459479,Sunny,Day,0.11861979166666667,100.0,,24.20904099994914,manual
1768375459511,Sunny,Day,0.11220703125,100.0,,27.38795499999469,manual
1768375459543,Sunny,Day,0.11165364583333333,100.0,,27.223842000012155,manual
1768375459573,Sunny,Day,0.10904947916666667,100.0,,22.371933999920657,manual
1768375459607,Sunny,Day,0.10869140625,100.0,,29.20291400005226,manual
1768375459636,Sunny,Day,0.10338541666666666,100.0,,24.810896999952092,manual
1768375459667,Sunny,Day,0.09850260416666666,100.0,,26.58880100011629,manual
1768375459699,Sunny,Day,0.09755859375,100.0,,26.910710000038307,manual
1768375459730,Sunny,Day,0.09700520833333333,100.0,,26.840988000003563,manual
1768375459763,Sunny,Day,0.09485677083333334,100.0,,28.59277899983681,manual
1768375459794,Sunny,Day,0.09475911458333333,100.0,,25.831831999994392,manual
1768375459825,Sunny,Day,0.0921875,100.0,,26.071537000007083,manual
1768375459856,Sunny,Day,0.08987630208333333,100.0,,26.50929899982657,manual
1768375459888,Sunny,Day,0.08850911458333334,100.0,,26.485059000151523,manual
1768375459919,Sunny,Day,0.08645833333333333,100.0,,27.068341000131113,manual
1768375459950,Sunny,Day,0.08483072916666666,100.0,,26.630930000010267,manual
1768375459981,Sunny,Day,0.08385416666666666,100.0,,26.50779999999031,manual
1768375460015,Sunny,Day,0.08053385416666667,100.0,,28.695410000182164,manual
1768375460044,Sunny,Day,0.07789713541666667,100.0,,24.864973999910944,manual
1768375460076,Sunny,Day,0.07643229166666667,100.0,,27.3104370000965,manual
1768375460107,Sunny,Day,0.073828125,100.0,,26.46289299991622,manual
1768375460138,Sunny,Day,0.07145182291666667,100.0,,26.938009000105012,manual
1768375460170,Sunny,Day,0.07223307291666667,100.0,,26.376892999905976,manual
1768375460201,Sunny,Day,0.06848958333333334,100.0,,26.85363699993104,manual
1768375475805,Sunny,Day,0.08043619791666666,100.0,50.0,437.1096040001703,manual
1768375476144,Sunny,Day,0.08037109375,100.0,50.0,6.017702000008285,manual
1768375476167,Sunny,Day,0.07978515625,100.0,50.0,4.347020000068369,manual
1768375476187,Sunny,Day,0.07955729166666667,100.0,50.0,8.548649999966074,manual
1768375476215,Sunny,Day,0.0794921875,100.0,50.0,13.752882000062527,manual
1768375476244,Sunny,Day,0.07897135416666666,100.0,50.0,24.147253000137425,manual
1768375476281,Sunny,Day,0.0787109375,100.0,50.0,31.006202999833476,manual
1768375476306,Sunny,Day,0.07897135416666666,100.0,50.0,19.994660000065778,manual
1768375476338,Sunny,Day,0.07942708333333333,100.0,50.0,26.12789999989218,manual
1768375476372,Sunny,Day,0.07906901041666667,100.0,50.0,29.604950000020835,manual
1768375476401,Sunny,Day,0.07936197916666667,100.0,50.0,22.274643999935506,manual
1768375476432,Sunny,Day,0.07923177083333334,100.0,50.0,25.27304099999128,manual
1768375476469,Sunny,Day,0.07958984375,100.0,50.0,32.374881999885474,manual
1768375476495,Sunny,Day,0.07965494791666666,100.0,50.0,16.24071899982482,manual
1768375476526,Sunny,Day,0.07926432291666667,100.0,50.0,26.17732699991393,manual
1768375476557,Sunny,Day,0.07962239583333333,100.0,50.0,26.239141999894855,manual
1768375476590,Sunny,Day,0.08004557291666667,100.0,50.0,27.598635000003924,manual
1768375476620,Sunny,Day,0.07998046875,100.0,50.0,18.634463000125834,manual
1768375476652,Sunny,Day,0.07991536458333333,100.0,50.0,27.606394999793338,manual
1768375476683,Sunny,Day,0.0791015625,100.0,50.0,18.323553000072934,manual
1768375476715,Sunny,Day,0.07906901041666667,100.0,50.0,16.973430000007284,manual
1768375476745,Sunny,Day,0.08043619791666666,100.0,50.0,26.18380800004161,manual
1768375476778,Sunny,Day,0.07965494791666666,100.0,50.0,28.004491000046983,manual
1768375476809,Sunny,Day,0.0796875,100.0,50.0,26.40449599994099,manual
1768375476840,Sunny,Day,0.0791015625,100.0,50.0,25.900935999970898,manual
1768375476876,Sunny,Day,0.07978515625,100.0,50.0,31.460262999871702,manual
1768375476903,Sunny,Day,0.07919921875,100.0,50.0,22.02125300004809,manual
1768375476934,Sunny,Day,0.08046875,100.0,50.0,18.899817000146868,manual
1768375476967,Sunny,Day,0.08059895833333333,100.0,50.0,26.88314800002445,manual
1768375476997,Sunny,Day,0.07994791666666666,100.0,50.0,25.631506999843623,manual
1768375477028,Sunny,Day,0.07939453125,100.0,50.0,25.575527000000875,manual
1768375477061,Sunny,Day,0.07965494791666666,100.0,50.0,28.11564199987515,manual
1768375477093,Sunny,Day,0.08011067708333333,100.0,50.0,25.455303000171625,auto
1768375477123,Sunny,Day,0.078515625,100.0,50.0,20.4157949999626,auto
1768375477154,Sunny,Day,0.08011067708333333,100.0,49.0,25.447858999996242,auto
1768375477186,Sunny,Day,0.07877604166666667,100.0,47.0,20.075699000017266,auto
1768375477217,Sunny,Day,0.07897135416666666,100.0,45.0,22.876408999991327,auto
1768375477248,Sunny,Day,0.07763671875,100.0,43.0,25.521932999936325,auto
1768375477281,Sunny,Day,0.07867838541666666,100.0,41.0,25.639822999892203,auto
1768375477313,Sunny,Day,0.07766927083333333,100.0,38.0,20.240868000200862,auto
1768375477343,Sunny,Day,0.07783203125,100.0,36.0,19.805104000170104,auto
1768375477374,Sunny,Day,0.07649739583333333,100.0,34.0,24.4311829999333,auto
1768375477408,Sunny,Day,0.0775390625,100.0,31.0,28.488219000109893,auto
1768375477436,Sunny,Day,0.07737630208333333,100.0,29.0,22.440127999971082,auto
1768375477470,Sunny,Day,0.07841796875,100.0,27.0,26.995001999921442,auto
1768375477501,Sunny,Day,0.07858072916666667,100.0,26.0,21.209098000099402,auto
1768375477533,Sunny,Day,0.07916666666666666,100.0,26.0,22.46385100011139,auto
1768375477562,Sunny,Day,0.07845052083333333,100.0,27.0,18.928059000018038,auto
1768375477594,Sunny,Day,0.08037109375,100.0,27.0,25.454913999965356,auto
1768375477626,Sunny,Day,0.0794921875,100.0,28.0,26.42373799994857,auto
1768375477656,Sunny,Day,0.08160807291666666,100.0,28.0,24.041142999976728,auto
1768375477690,Sunny,Day,0.08108723958333333,100.0,28.0,27.611026999920796,auto
1768375477721,Sunny,Day,0.08102213541666667,100.0,29.0,24.741148999964935,auto
1768375477750,Sunny,Day,0.08125,100.0,29.0,23.62652699980572,auto
1768375477782,Sunny,Day,0.08121744791666667,100.0,29.0,25.833658999999898,auto
1768375477815,Sunny,Day,0.08193359375,100.0,29.0,27.26569100013876,auto
1768375477845,Sunny,Day,0.08115234375,100.0,29.0,19.545379999954093,auto
1768375477879,Sunny,Day,0.0814453125,100.0,29.0,27.38567200003672,auto
1768375477913,Sunny,Day,0.08190104166666666,100.0,29.0,28.217994999977236,auto
1768375477940,Sunny,Day,0.08235677083333333,100.0,29.0,20.362553999802913,auto
1768375477970,Sunny,Day,0.08264973958333334,100.0,29.0,23.221561000127622,auto
1768375478003,Sunny,Day,0.08287760416666666,100.0,29.0,26.992354000185514,auto
1768375478034,Sunny,Day,0.0830078125,100.0,30.0,25.37123099978089,auto
1768375478064,Sunny,Day,0.0830078125,100.0,30.0,23.830624000083844,auto
1768375478096,Sunny,Day,0.083203125,100.0,30.0,26.26805299996704,auto
1768375478129,Sunny,Day,0.08304036458333333,100.0,30.0,25.873697999941214,auto
1768375478161,Sunny,Day,0.082421875,100.0,30.0,19.163581999919188,auto
1768375478191,Sunny,Day,0.0830078125,100.0,29.0,18.971616000044378,auto
1768375478221,Sunny,Day,0.08216145833333334,100.0,28.0,16.07277600010093,auto
1768375478253,Sunny,Day,0.08294270833333334,100.0,28.0,23.566196000047057,auto
1768375478286,Sunny,Day,0.0828125,100.0,28.0,26.717538000184504,auto
1768375478318,Sunny,Day,0.08160807291666666,100.0,29.0,22.68294700002116,auto
1768375478350,Sunny,Day,0.08346354166666667,100.0,29.0,25.10443099981785,auto
1768375478379,Sunny,Day,0.0841796875,100.0,29.0,21.706401000074038,auto
1768375478411,Sunny,Day,0.08463541666666667,100.0,29.0,26.656279000008,auto
1768375478441,Sunny,Day,0.08424479166666667,100.0,30.0,23.397563999878912,auto
1768375478473,Sunny,Day,0.08388671875,100.0,30.0,25.768660000039745,auto
1768375478504,Sunny,Day,0.08453776041666666,100.0,30.0,26.193016000206626,auto
1768375478536,Sunny,Day,0.08463541666666667,100.0,30.0,19.66701199989984,auto
1768375478567,Sunny,Day,0.08404947916666666,100.0,30.0,23.4873609999795,auto
1768375478599,Sunny,Day,0.083984375,100.0,30.0,25.799641999810774,auto
1768375478631,Sunny,Day,0.08466796875,100.0,30.0,20.913468000117064,auto
1768375478662,Sunny,Day,0.08414713541666667,100.0,31.0,25.104284000008192,auto
1768375478693,Sunny,Day,0.08434244791666666,100.0,30.0,25.13595000004898,auto
1768375478725,Sunny,Day,0.08424479166666667,100.0,31.0,26.127848000214726,auto
1768375478758,Sunny,Day,0.08333333333333333,100.0,31.0,27.017393999813066,auto
1768375478787,Sunny,Day,0.08196614583333334,100.0,31.0,22.553870999900028,auto
1768375478822,Sunny,Day,0.08489583333333334,100.0,31.0,28.886872999919433,auto
1768375478850,Sunny,Day,0.08440755208333334,100.0,32.0,22.30027600012363,auto
1768375478881,Sunny,Day,0.08444010416666667,100.0,32.0,25.624676999996154,auto
1768375478914,Sunny,Day,0.084765625,100.0,33.0,26.040348000151425,auto
1768375478944,Sunny,Day,0.08499348958333333,100.0,33.0,24.91346700003305,auto
1768375478975,Sunny,Day,0.08323567708333333,100.0,33.0,25.079190000042217,auto
1768375479009,Sunny,Day,0.08450520833333333,100.0,33.0,28.34009100001822,auto
1768375479040,Sunny,Day,0.08277994791666667,100.0,33.0,23.648400999945807,auto
1768375479071,Sunny,Day,0.0853515625,100.0,32.0,26.053053000168802,auto
1768375479101,Sunny,Day,0.08186848958333333,100.0,33.0,23.065506999955687,auto
1768375479133,Sunny,Day,0.08587239583333334,100.0,32.0,25.26439799999025,auto
1768375479164,Sunny,Day,0.08033854166666667,100.0,32.0,25.124951999941914,auto
1768375479197,Sunny,Day,0.083984375,100.0,32.0,26.697095999907106,auto
1768375479229,Sunny,Day,0.08483072916666666,100.0,32.0,26.2468319999698,auto
1768375479258,Sunny,Day,0.08639322916666667,100.0,32.0,22.29351799996948,auto
1768375479289,Sunny,Day,0.08499348958333333,100.0,32.0,25.183878999996523,auto
1768375479321,Sunny,Day,0.08678385416666666,100.0,32.0,25.7587539999804,auto
1768375479352,Sunny,Day,0.08626302083333333,100.0,32.0,25.320843000145032,auto
1768375479384,Sunny,Day,0.08522135416666667,100.0,32.0,25.705197999968732,auto
1768375479415,Sunny,Day,0.08603515625,100.0,32.0,25.68225300001359,auto
1768375479448,Sunny,Day,0.08671875,100.0,32.0,27.379361000157587,auto
1768375479478,Sunny,Day,0.08697916666666666,100.0,32.0,24.380203999953665,auto
1768375479509,Sunny,Day,0.0873046875,100.0,33.0,25.040284000169777,auto
1768375479541,Sunny,Day,0.08701171875,100.0,33.0,25.61301200012167,auto
1768375479573,Sunny,Day,0.08678385416666666,100.0,32.0,26.74824499990791,auto
1768375479603,Sunny,Day,0.08629557291666666,100.0,32.0,23.928737999995064,auto
1768375479636,Sunny,Day,0.08658854166666667,100.0,31.0,26.833688999886363,auto
1768375479666,Sunny,Day,0.08365885416666667,100.0,30.0,20.613039999943794,auto
1768375479698,Sunny,Day,0.08649088541666666,100.0,29.0,25.556641000093805,auto
1768375479730,Sunny,Day,0.08662109375,100.0,28.0,26.578891000099247,auto
1768375479761,Sunny,Day,0.08720703125,100.0,28.0,24.756707000051392,auto
1768375479793,Sunny,Day,0.08642578125,100.0,28.0,25.9670149998783,auto
1768375479826,Sunny,Day,0.08756510416666667,100.0,28.0,27.63756700005615,auto
1768375479857,Sunny,Day,0.08802083333333334,100.0,28.0,20.990487999824836,auto
1768375479891,Sunny,Day,0.087890625,100.0,28.0,26.378036999858523,auto
1768375479921,Sunny,Day,0.08815104166666667,100.0,28.0,21.93988499993793,auto
1768375479952,Sunny,Day,0.08815104166666667,100.0,28.0,22.212924999848838,auto
1768375479983,Sunny,Day,0.08841145833333333,100.0,27.0,24.935023999887562,auto
1768375480013,Sunny,Day,0.08815104166666667,100.0,27.0,22.50742799992622,auto
1768375480046,Sunny,Day,0.08704427083333334,100.0,27.0,27.013693000071726,auto
1768375480076,Sunny,Day,0.08854166666666667,100.0,26.0,19.72682999985409,auto
1768375480107,Sunny,Day,0.08899739583333334,100.0,26.0,24.595116000000417,auto
1768375480142,Sunny,Day,0.08844401041666666,100.0,26.0,26.201129999890327,auto
1768375480175,Sunny,Day,0.08815104166666667,100.0,26.0,23.335844000030193,auto
1768375480204,Sunny,Day,0.08834635416666667,100.0,26.0,18.59804100013207,auto
1768375480233,Sunny,Day,0.08893229166666666,100.0,26.0,17.730700000129218,auto
1768375480266,Sunny,Day,0.08929036458333334,100.0,26.0,25.377437999850372,auto
1768375480296,Sunny,Day,0.08899739583333334,100.0,26.0,22.397206000050573,auto
1768375480330,Sunny,Day,0.08896484375,100.0,26.0,27.651958000205923,auto
1768375480364,Sunny,Day,0.08896484375,100.0,26.0,20.466633000069123,auto
1768375480396,Sunny,Day,0.08932291666666667,100.0,26.0,22.35318700013522,auto
1768375480423,Sunny,Day,0.089453125,100.0,26.0,19.87301600001956,auto
1768375480454,Sunny,Day,0.09039713541666666,100.0,26.0,23.04658200000631,auto
1768375480486,Sunny,Day,0.08948567708333334,100.0,26.0,20.036443999970288,auto
1768375480516,Sunny,Day,0.09039713541666666,100.0,26.0,17.964350000056584,auto
1768375480549,Sunny,Day,0.08909505208333333,100.0,26.0,25.623958000096536,auto
1768375480582,Sunny,Day,0.09069010416666666,100.0,26.0,23.16919399981998,auto
1768375480610,Sunny,Day,0.09069010416666666,100.0,26.0,19.96103600004062,auto
1768375480643,Sunny,Day,0.09036458333333333,100.0,26.0,26.502280999920913,auto
1768375480674,Sunny,Day,0.08916015625,100.0,26.0,20.578264000050694,auto
1768375480706,Sunny,Day,0.09111328125,100.0,26.0,23.26084399987849,auto
1768375480737,Sunny,Day,0.09127604166666667,100.0,25.0,23.638717000039833,auto
1768375480772,Sunny,Day,0.09130859375,100.0,26.0,27.487901000085913,auto
1768375480799,Sunny,Day,0.09192708333333334,100.0,26.0,18.00020299992866,auto
1768375480833,Sunny,Day,0.09195963541666667,100.0,26.0,19.55175400007647,auto
1768375480863,Sunny,Day,0.09143880208333334,100.0,26.0,21.565643000030832,auto
1768375480895,Sunny,Day,0.09231770833333333,100.0,26.0,25.587882999843714,auto
1768375480924,Sunny,Day,0.09228515625,100.0,26.0,21.144804999948974,auto
1768375480956,Sunny,Day,0.0921875,100.0,26.0,24.92776600001889,auto
1768375480988,Sunny,Day,0.09280598958333333,100.0,26.0,24.899506999872756,auto
1768375481019,Sunny,Day,0.09332682291666666,100.0,26.0,23.67740399995455,auto
1768375481050,Sunny,Day,0.09212239583333333,100.0,27.0,23.915331999887712,auto
1768375481082,Sunny,Day,0.09280598958333333,100.0,26.0,23.83994399997391,auto
1768375481115,Sunny,Day,0.092578125,100.0,26.0,26.28913199987437,auto
1768375481145,Sunny,Day,0.09228515625,100.0,26.0,22.04979699990872,auto
1768375481176,Sunny,Day,0.09251302083333333,100.0,26.0,24.222076000114612,auto
1768375481208,Sunny,Day,0.09189453125,100.0,26.0,23.42869799986147,auto
1768375481240,Sunny,Day,0.09143880208333334,100.0,27.0,16.95265700004711,auto
1768375481272,Sunny,Day,0.09290364583333334,100.0,26.0,25.866258999940328,auto
1768375481301,Sunny,Day,0.09303385416666667,100.0,26.0,20.35441099997115,auto
1768375481334,Sunny,Day,0.09300130208333333,100.0,26.0,19.713830999990023,auto
1768375481362,Sunny,Day,0.09309895833333333,100.0,27.0,19.995223000023543,auto
1768375481394,Sunny,Day,0.09342447916666667,100.0,26.0,19.03637999998864,auto
1768375481427,Sunny,Day,0.09322916666666667,100.0,26.0,20.837599999822487,auto
1768375481456,Sunny,Day,0.09345703125,100.0,26.0,20.85721100002047,auto
1768375481487,Sunny,Day,0.09348958333333333,100.0,27.0,25.78640600017934,auto
1768375481518,Sunny,Day,0.09462890625,100.0,27.0,24.398041000040394,auto
1768375481553,Sunny,Day,0.09345703125,100.0,27.0,22.11094500012223,auto
1768375481581,Sunny,Day,0.0939453125,100.0,27.0,15.746571999898151,auto
1768375481613,Sunny,Day,0.09453125,100.0,27.0,23.14647299999706,auto
1768375481644,Sunny,Day,0.09479166666666666,100.0,27.0,24.35835500000394,auto
1768375481675,Sunny,Day,0.09466145833333334,100.0,27.0,25.794073000042772,auto
1768375481707,Sunny,Day,0.09537760416666667,100.0,27.0,24.978509999982634,auto
1768375481739,Sunny,Day,0.09514973958333334,100.0,27.0,25.06726899991918,auto
1768375481770,Sunny,Day,0.09498697916666667,100.0,28.0,25.090048000038223,auto
1768375481803,Sunny,Day,0.095703125,100.0,28.0,26.711413999919387,auto
1768375481836,Sunny,Day,0.09521484375,100.0,28.0,25.646015000120315,auto
1768375481864,Sunny,Day,0.09599609375,100.0,28.0,20.977749999929074,auto
1768375481897,Sunny,Day,0.09563802083333334,100.0,28.0,25.766775999954916,auto
1768375481926,Sunny,Day,0.09632161458333334,100.0,28.0,22.879138000007515,auto
1768375481959,Sunny,Day,0.09638671875,100.0,28.0,27.33445700005177,auto
1768375481991,Sunny,Day,0.09576822916666666,100.0,28.0,25.624052000011943,auto
1768375482024,Sunny,Day,0.09794921875,100.0,29.0,22.019946000000346,auto
1768375482053,Sunny,Day,0.09814453125,100.0,29.0,19.291828000177702,auto
1768375482086,Sunny,Day,0.09847005208333333,100.0,29.0,25.989389999949708,auto
1768375482115,Sunny,Day,0.09876302083333334,100.0,29.0,23.147216000097615,auto
1768375482146,Sunny,Day,0.09645182291666667,100.0,28.0,23.989352999933544,auto
1768375482178,Sunny,Day,0.09768880208333333,100.0,28.0,25.37327400000322,auto
1768375482210,Sunny,Day,0.098828125,100.0,28.0,25.69453599994631,auto
1768375482242,Sunny,Day,0.09866536458333333,100.0,28.0,26.083373000119536,auto
1768375482273,Sunny,Day,0.09866536458333333,100.0,27.0,23.42636699995637,auto
1768375482304,Sunny,Day,0.09951171875,100.0,27.0,25.452071000017895,auto
1768375482335,Sunny,Day,0.09791666666666667,100.0,26.0,25.72094299989658,auto
1768375482368,Sunny,Day,0.09768880208333333,100.0,26.0,26.70936000004076,auto
1768375482399,Sunny,Day,0.09710286458333334,100.0,26.0,25.958371999877272,auto
1768375482430,Sunny,Day,0.0966796875,100.0,26.0,24.685266999995292,auto
1768375482461,Sunny,Day,0.09742838541666667,100.0,-15.0,23.28818000000865,auto
1768375482492,Sunny,Day,0.0966796875,100.0,-16.0,24.820991000069625,auto
1768375482527,Sunny,Day,0.096484375,100.0,25.0,29.738166000015553,auto
1768375482555,Sunny,Day,0.09576822916666666,100.0,-15.0,18.873916999837093,auto
1768375482586,Sunny,Day,0.09645182291666667,100.0,-14.0,25.414071000113836,auto
1768375482617,Sunny,Day,0.098828125,100.0,-13.0,25.74344299978293,auto
1768375482649,Sunny,Day,0.0982421875,100.0,-13.0,25.886131000106616,auto
1768375482680,Sunny,Day,0.09527994791666666,100.0,-11.0,24.951325999836627,auto
1768375482712,Sunny,Day,0.09641927083333333,100.0,-9.0,26.147577999836358,auto
1768375482743,Sunny,Day,0.09658203125,100.0,-7.0,25.518738000073427,auto
1768375482776,Sunny,Day,0.09713541666666667,100.0,-5.0,27.84338900005423,auto
1768375482806,Sunny,Day,0.09710286458333334,100.0,-4.0,23.83118500006276,auto
1768375482840,Sunny,Day,0.09716796875,100.0,-2.0,28.62474900007328,auto
1768375482869,Sunny,Day,0.09573567708333333,100.0,-1.0,21.7366659999243,auto
1768375482901,Sunny,Day,0.09619140625,100.0,-1.0,26.39032000001862,auto
1768375482933,Sunny,Day,0.09427083333333333,100.0,-1.0,26.599340999837295,auto
1768375482963,Sunny,Day,0.09404296875,100.0,-2.0,24.018798000042807,auto
1768375482994,Sunny,Day,0.09326171875,100.0,-3.0,24.98038099997757,auto
1768375483025,Sunny,Day,0.09225260416666667,100.0,-3.0,25.34666300016397,auto
1768375483057,Sunny,Day,0.09134114583333333,100.0,-4.0,26.179765000051702,auto
1768375483088,Sunny,Day,0.08981119791666667,100.0,-4.0,25.323311999954967,auto
1768375483120,Sunny,Day,0.08990885416666666,100.0,-5.0,26.476452999986577,auto
1768375483152,Sunny,Day,0.08854166666666667,100.0,-5.0,22.5551189998896,auto
1768375483184,Sunny,Day,0.08772786458333333,100.0,-5.0,25.891206000096645,auto
1768375483217,Sunny,Day,0.08623046875,100.0,-5.0,27.404609000086566,auto
1768375483245,Sunny,Day,0.08499348958333333,100.0,-6.0,22.5225629999386,auto
1768375483276,Sunny,Day,0.08590494791666667,100.0,-7.0,25.68561199996111,auto
1768375483308,Sunny,Day,0.08411458333333334,100.0,-8.0,26.17020799993952,auto
1768375483341,Sunny,Day,0.08294270833333334,100.0,-8.0,27.266033999922,auto
1768375483371,Sunny,Day,0.08229166666666667,100.0,-9.0,23.924114000010377,auto
1768375483402,Sunny,Day,0.08235677083333333,100.0,-9.0,25.88535400013825,auto
1768375483434,Sunny,Day,0.08248697916666667,100.0,-10.0,25.64811100000952,auto
1768375483465,Sunny,Day,0.08043619791666666,100.0,-11.0,25.677962999907322,auto
1768375483496,Sunny,Day,0.07766927083333333,100.0,-9.0,25.706019999915952,auto
1768375483528,Sunny,Day,0.07854817708333334,100.0,-9.0,25.743871000031504,auto
1768375483560,Sunny,Day,0.07444661458333333,100.0,-10.0,26.024780999932773,auto
1768375483592,Sunny,Day,0.07542317708333333,100.0,-9.0,26.957844999969893,auto
1768375483623,Sunny,Day,0.07102864583333333,100.0,-7.0,23.673147999943467,auto
1768375483655,Sunny,Day,0.06780598958333334,100.0,-8.0,26.262838999855376,auto
1768375483685,Sunny,Day,0.06529947916666666,100.0,-8.0,24.143985999899087,auto
1768375483716,Sunny,Day,0.0646484375,100.0,-11.0,25.692018999961874,auto
1768375483748,Sunny,Day,0.062337239583333336,100.0,-5.0,26.30598799987638,auto
1768375483779,Sunny,Day,0.0626953125,100.0,-13.0,25.39953499990588,auto
1768375483810,Sunny,Day,0.06363932291666667,100.0,-15.0,25.47073999994609,auto
1768375483842,Sunny,Day,0.061360677083333336,100.0,-14.0,25.916502999962177,auto
1768375483874,Sunny,Day,0.06149088541666667,100.0,-15.0,26.060041000164347,auto
1768375483905,Sunny,Day,0.06106770833333333,100.0,-17.0,24.89660400010507,auto
1768375483936,Sunny,Day,0.05944010416666667,100.0,-17.0,25.6898520001414,auto
1768375483968,Sunny,Day,0.05758463541666667,100.0,-18.0,25.884927999868523,auto
1768375484001,Sunny,Day,0.056966145833333336,100.0,-18.0,26.98077199988802,auto
1768375484033,Sunny,Day,0.058203125,100.0,-17.0,25.887281999985134,auto
1768375484062,Sunny,Day,0.055338541666666664,100.0,-16.0,23.81652199983364,auto
1768375484093,Sunny,Day,0.054459635416666666,100.0,-17.0,25.57638999996925,auto
1768375484125,Sunny,Day,0.05498046875,100.0,-16.0,25.5378340000334,auto
1768375484156,Sunny,Day,0.05520833333333333,100.0,-14.0,24.80814199998349,auto
1768375484187,Sunny,Day,0.0564453125,100.0,-13.0,25.186275000123715,auto
1768375484219,Sunny,Day,0.0548828125,100.0,-10.0,26.181896000025517,auto
1768375484250,Sunny,Day,0.056380208333333334,100.0,-12.0,24.85984700001609,auto
1768375484282,Sunny,Day,0.056803385416666664,100.0,-11.0,25.485406999905535,auto
1768375484313,Sunny,Day,0.05481770833333333,100.0,40.0,25.101255999970817,auto
1768375484344,Sunny,Day,0.05504557291666667,100.0,41.0,23.51853699997264,auto
1768375484376,Sunny,Day,0.052734375,100.0,35.0,24.571010000045135,auto
1768375484409,Sunny,Day,0.05185546875,100.0,-15.0,27.016533000050913,auto
1768375484439,Sunny,Day,0.04195963541666667,83.91927083333334,-68.0,23.967614999946818,auto
1768375484470,Sunny,Day,0.040201822916666664,80.40364583333333,-13.0,24.68290000001616,auto
1768375484502,Sunny,Day,0.047037760416666664,94.07552083333333,-24.0,26.163709999991624,auto
1768375484533,Sunny,Day,0.0466796875,93.359375,-22.0,25.50986999995075,auto
1768375484565,Sunny,Day,0.0470703125,94.140625,-19.0,24.753659999987576,auto
1768375484597,Sunny,Day,0.049479166666666664,98.95833333333333,-18.0,26.993811000011192,auto
1768375484627,Sunny,Day,0.04684244791666667,93.68489583333334,37.0,23.928040999862787,auto
1768375484659,Sunny,Day,0.048502604166666664,97.00520833333333,38.0,25.303721000000223,auto
1768375484690,Sunny,Day,0.04781901041666667,95.63802083333334,38.0,25.572816000021703,auto
1768375484722,Sunny,Day,0.04453125,89.0625,35.0,25.841133000085392,auto
1768375484755,Sunny,Day,0.04456380208333333,89.12760416666667,33.0,27.643891000025178,auto
1768375484785,Sunny,Day,0.03961588541666667,79.23177083333334,-20.0,23.414536000018416,auto
1768375484817,Sunny,Day,0.03577473958333333,71.54947916666667,-20.0,26.75304999979744,auto
1768375484847,Sunny,Day,0.04111328125,82.2265625,24.0,23.806818000139174,auto
1768375484878,Sunny,Day,0.037858072916666666,75.71614583333333,25.0,24.906680000185588,auto
1768375484910,Sunny,Day,0.03909505208333333,78.19010416666666,21.0,25.667001999863714,auto
1768375484941,Sunny,Day,0.03902994791666667,78.05989583333334,21.0,25.85329999988062,auto
1768375484973,Sunny,Day,0.03802083333333333,76.04166666666666,21.0,25.960133999888058,auto
1768375485004,Sunny,Day,0.03854166666666667,77.08333333333334,25.0,25.073385000041526,auto
1768375485037,Sunny,Day,0.038834635416666666,77.66927083333333,18.0,20.89079200004562,auto
1768375485068,Sunny,Day,0.03753255208333333,75.06510416666666,15.0,25.591280000071492,auto
1768375485098,Sunny,Day,0.038736979166666664,77.47395833333333,16.0,21.831189000067752,auto
1768375485129,Sunny,Day,0.041764322916666666,83.52864583333333,16.0,25.620484999990367,auto
1768375485162,Sunny,Day,0.04381510416666667,87.63020833333333,13.0,26.984294000158116,auto
1768375485192,Sunny,Day,0.04772135416666667,95.44270833333333,7.0,23.532168000201636,auto
1768375485226,Sunny,Day,0.04482421875,89.6484375,11.0,27.6686150000387,auto
1768375485255,Sunny,Day,0.045247395833333336,90.49479166666667,11.0,23.92152399988845,auto
1768375485289,Sunny,Day,0.04791666666666667,95.83333333333334,9.0,27.650355000105264,auto
1768375485319,Sunny,Day,0.04498697916666667,89.97395833333334,10.0,23.950191000039922,auto
1768375485349,Sunny,Day,0.04488932291666667,89.77864583333334,10.0,24.555880999969304,auto
1768375485381,Sunny,Day,0.04384765625,87.6953125,13.0,25.667652000038288,auto
1768375485412,Sunny,Day,0.044921875,89.84375,13.0,25.534242000048835,auto
1768375485444,Sunny,Day,0.04404296875,88.0859375,13.0,26.335121000101935,auto
1768375485477,Sunny,Day,0.04267578125,85.3515625,7.0,26.882070000056046,auto
1768375485506,Sunny,Day,0.04798177083333333,95.96354166666667,8.0,22.405323999919347,auto
1768375485538,Sunny,Day,0.04990234375,99.8046875,12.0,25.863042999844765,auto
1768375485570,Sunny,Day,0.043229166666666666,86.45833333333333,11.0,27.014330999918457,auto
1768375485605,Sunny,Day,0.0365234375,73.046875,13.0,29.11516600011055,auto
1768375485634,Sunny,Day,0.05032552083333333,100.0,15.0,22.660511999902155,auto
1768375485666,Sunny,Day,0.04397786458333333,87.95572916666666,13.0,24.130489000071975,auto
1768375485697,Sunny,Day,0.04423828125,88.4765625,14.0,23.9382839999962,auto
1768375485727,Sunny,Day,0.051497395833333334,100.0,15.0,24.390787999891472,auto
1768375485758,Sunny,Day,0.052506510416666666,100.0,12.0,24.245193999831827,auto
1768375485789,Sunny,Day,0.05244140625,100.0,16.0,25.711559000001216,auto
1768375485822,Sunny,Day,0.0466796875,93.359375,15.0,26.85940399987885,auto
1768375485852,Sunny,Day,0.048665364583333336,97.33072916666667,13.0,23.01684799999748,auto
1768375485883,Sunny,Day,0.05107421875,100.0,14.0,25.180739000006724,auto
1768375485914,Sunny,Day,0.054915364583333334,100.0,17.0,25.487483999995675,auto
1768375485946,Sunny,Day,0.05572916666666667,100.0,16.0,26.201268000022537,auto
1768375485978,Sunny,Day,0.053873697916666664,100.0,14.0,26.077063000002454,auto
1768375486009,Sunny,Day,0.058984375,100.0,14.0,25.602095999829544,auto
1768375486042,Sunny,Day,0.043684895833333334,87.36979166666667,14.0,27.185556999938854,auto
1768375486074,Sunny,Day,0.05563151041666667,100.0,16.0,26.04923100011547,auto
1768375486104,Sunny,Day,0.06373697916666667,100.0,16.0,24.036081999838643,auto
1768375486136,Sunny,Day,0.055436197916666666,100.0,16.0,26.232158000084382,auto
1768375486166,Sunny,Day,0.062890625,100.0,-1.0,22.79177300010815,auto
1768375486197,Sunny,Day,0.06591796875,100.0,19.0,24.65497699995467,auto
1768375486228,Sunny,Day,0.0701171875,100.0,18.0,24.52180899990708,auto
1768375486262,Sunny,Day,0.06490885416666667,100.0,14.0,26.793442000098366,auto
1768375486292,Sunny,Day,0.06728515625,100.0,14.0,22.169878999875436,auto
1768375486325,Sunny,Day,0.05908203125,100.0,16.0,27.43083700011084,auto
1768375486358,Sunny,Day,0.07311197916666666,100.0,10.0,24.65645899997071,auto
1768375486390,Sunny,Day,0.07190755208333334,100.0,-1.0,23.091314000112106,auto
1768375486421,Sunny,Day,0.07659505208333334,100.0,8.0,14.733401000057711,auto
1768375486452,Sunny,Day,0.08059895833333333,100.0,9.0,20.990904999962368,auto
1768375486482,Sunny,Day,0.08216145833333334,100.0,6.0,22.662439999976414,auto
1768375486513,Sunny,Day,0.07854817708333334,100.0,8.0,20.405416999892623,auto
1768375486545,Sunny,Day,0.08294270833333334,100.0,-45.0,23.965951999798563,auto
1768375486577,Sunny,Day,0.08421223958333333,100.0,-49.0,23.748005000015837,auto
1768375486610,Sunny,Day,0.0859375,100.0,3.0,25.96124900014729,auto
1768375486645,Sunny,Day,0.07740885416666667,100.0,-49.0,28.26347500013071,auto
1768375486670,Sunny,Day,0.07041015625,100.0,12.0,14.935310000055324,auto
1768375486704,Sunny,Day,0.06988932291666666,100.0,25.0,26.669866000020193,auto
1768375486734,Sunny,Day,0.07389322916666667,100.0,25.0,23.643429999992804,auto
1768375486765,Sunny,Day,0.07555338541666666,100.0,-50.0,23.31509400005416,auto
1768375486798,Sunny,Day,0.07858072916666667,100.0,-59.0,24.72388499995759,auto
1768375486828,Sunny,Day,0.06201171875,100.0,24.0,21.305556000015713,auto
1768375486862,Sunny,Day,0.0703125,100.0,23.0,26.670978000083778,auto
1768375486890,Sunny,Day,0.06490885416666667,100.0,30.0,21.06001699985427,auto
1768375486922,Sunny,Day,0.06634114583333334,100.0,31.0,24.41339999995762,auto
1768375486955,Sunny,Day,0.07965494791666666,100.0,-63.0,23.998952000056306,auto
1768375486985,Sunny,Day,0.06969401041666666,100.0,26.0,21.851098000070124,auto
1768375487016,Sunny,Day,0.08030598958333333,100.0,-65.0,22.778645000016695,auto
1768375487048,Sunny,Day,0.07919921875,100.0,-61.0,22.955462000027183,auto
1768375487079,Sunny,Day,0.084765625,100.0,-67.0,23.446245000059207,auto
1768375487112,Sunny,Day,0.07737630208333333,100.0,-70.0,26.290308999932677,auto
1768375487143,Sunny,Day,0.07197265625,100.0,32.0,23.109019000003173,auto
1768375487173,Sunny,Day,0.06907552083333333,100.0,38.0,22.169843000028777,auto
1768375487205,Sunny,Day,0.06780598958333334,100.0,-72.0,25.490133999937825,auto
1768375487239,Sunny,Day,0.06162109375,100.0,73.0,26.60957199987024,auto
1768375487269,Sunny,Day,0.06399739583333333,100.0,65.0,22.083897999891633,auto
1768375487299,Sunny,Day,0.06302083333333333,100.0,47.0,22.593106000158514,auto
1768375487332,Sunny,Day,0.05725911458333333,100.0,57.0,24.98005600000397,auto
1768375487362,Sunny,Day,0.06614583333333333,100.0,67.0,22.67927499997313,auto
1768375487392,Sunny,Day,0.07014973958333333,100.0,66.0,21.92415600006825,auto
1768375487424,Sunny,Day,0.07102864583333333,100.0,31.0,24.621199999955934,auto
1768375487455,Sunny,Day,0.06539713541666667,100.0,27.0,24.17836300014642,auto
1768375487486,Sunny,Day,0.0697265625,100.0,18.0,24.184863000073165,auto
1768375487518,Sunny,Day,0.07838541666666667,100.0,74.0,24.463347000164504,auto
1768375487552,Sunny,Day,0.07532552083333334,100.0,-70.0,21.908044000156224,auto
1768375487583,Sunny,Day,0.08876953125,100.0,-75.0,22.864239000000453,auto
1768375487616,Sunny,Day,0.080078125,100.0,74.0,25.8068790001289,auto
1768375487645,Sunny,Day,0.08688151041666667,100.0,70.0,16.993330000104834,auto
1768375487678,Sunny,Day,0.08714192708333333,100.0,70.0,24.58660799993595,auto
1768375487707,Sunny,Day,0.0884765625,100.0,-75.0,21.86663700013014,auto
1768375487738,Sunny,Day,0.08157552083333333,100.0,71.0,17.78519000004053,auto
1768375487771,Sunny,Day,0.08287760416666666,100.0,66.0,23.744099999930768,auto
1768375487800,Sunny,Day,0.08649088541666666,100.0,66.0,22.15347199989992,auto
1768375487832,Sunny,Day,0.0794921875,100.0,65.0,25.887750000038068,auto
1768375487864,Sunny,Day,0.08079427083333333,100.0,62.0,23.442633000058777,auto
1768375487897,Sunny,Day,0.07421875,100.0,52.0,26.216679000071963,auto
1768375487931,Sunny,Day,0.07652994791666666,100.0,49.0,27.032408999957624,auto
1768375487960,Sunny,Day,0.07457682291666666,100.0,40.0,21.04040700010046,auto
1768375487991,Sunny,Day,0.07421875,100.0,34.0,22.826442999985375,auto
1768375488021,Sunny,Day,0.07350260416666667,100.0,27.0,23.470115999998598,auto
1768375488053,Sunny,Day,0.07249348958333333,100.0,21.0,23.7895089999256,auto
1768375488089,Sunny,Day,0.06995442708333334,100.0,16.0,29.19670899996163,auto
1768375488116,Sunny,Day,0.07161458333333333,100.0,12.0,19.769561999964935,auto
1768375488148,Sunny,Day,0.07213541666666666,100.0,9.0,18.411123000078078,auto
1768375488179,Sunny,Day,0.07086588541666666,100.0,4.0,20.28901199992106,auto
1768375488209,Sunny,Day,0.07278645833333333,100.0,2.0,16.334621999931187,auto
1768375488241,Sunny,Day,0.06988932291666666,100.0,0.0,25.100502999976015,auto
1768375488274,Sunny,Day,0.0716796875,100.0,-1.0,25.51543300000958,auto
1768375488305,Sunny,Day,0.08014322916666666,100.0,-2.0,24.93446399989807,auto
1768375488334,Sunny,Day,0.10367838541666667,100.0,13.0,21.177964000116845,auto
1768375488369,Sunny,Day,0.10205078125,100.0,-7.0,28.231051000148,auto
1768375488398,Sunny,Day,0.11061197916666667,100.0,1.0,19.14507399987997,auto
1768375488430,Sunny,Day,0.10836588541666667,100.0,1.0,25.495969999838053,auto
1768375488463,Sunny,Day,0.11868489583333333,100.0,-2.0,23.775379000198882,auto
1768375488494,Sunny,Day,0.11477864583333333,100.0,-6.0,23.847657000032996,auto
1768375488523,Sunny,Day,0.11780598958333334,100.0,-6.0,22.309161000066524,auto
1768375488554,Sunny,Day,0.1177734375,100.0,-8.0,22.72636899988356,auto
1768375488585,Sunny,Day,0.12096354166666666,100.0,-10.0,24.686332000101174,auto
1768375488617,Sunny,Day,0.12376302083333333,100.0,-11.0,23.637136999923314,auto
1768375488649,Sunny,Day,0.12444661458333334,100.0,-12.0,25.82332499991935,auto
1768375488680,Sunny,Day,0.12718098958333332,100.0,-12.0,23.517875999914395,auto
1768375488711,Sunny,Day,0.12916666666666668,100.0,-13.0,23.27816999991228,auto
1768375488746,Sunny,Day,0.13447265625,100.0,-13.0,27.865900000051624,auto
1768375488775,Sunny,Day,0.13600260416666668,100.0,-13.0,21.791470999914964,auto
1768375488806,Sunny,Day,0.13636067708333333,100.0,-14.0,23.461375999886513,auto
1768375488837,Sunny,Day,0.13688151041666666,100.0,-14.0,23.818786999981967,auto
1768375488868,Sunny,Day,0.13505859375,100.0,-12.0,24.560924000070372,auto
1768375488903,Sunny,Day,0.13707682291666667,100.0,-12.0,27.420450999898094,auto
1768375488934,Sunny,Day,0.13538411458333333,100.0,-11.0,24.51214500001697,auto
1768375488964,Sunny,Day,0.1353515625,100.0,-12.0,21.468134000087957,auto
1768375488995,Sunny,Day,0.1349609375,100.0,-12.0,23.670489000096495,auto
1768375489027,Sunny,Day,0.132421875,100.0,-12.0,24.51142399991113,auto
1768375489059,Sunny,Day,0.13538411458333333,100.0,-11.0,24.757890000046245,auto
1768375489090,Sunny,Day,0.1357421875,100.0,-11.0,24.036863999981506,auto
1768375489120,Sunny,Day,0.12786458333333334,100.0,-10.0,20.255883000118047,auto
1768375489152,Sunny,Day,0.13004557291666666,100.0,-11.0,24.08177200004502,auto
1768375489183,Sunny,Day,0.13505859375,100.0,-12.0,24.443665000035253,auto
1768375489215,Sunny,Day,0.12171223958333334,100.0,-13.0,23.483821999889187,auto
1768375489246,Sunny,Day,0.12314453125,100.0,-11.0,23.704027999883692,auto
1768375489277,Sunny,Day,0.12138671875,100.0,-10.0,22.540757000115264,auto
1768375489311,Sunny,Day,0.10901692708333334,100.0,14.0,25.77951100010978,auto
1768375489340,Sunny,Day,0.10641276041666667,100.0,29.0,21.160002999977223,auto
1768375489374,Sunny,Day,0.09482421875,100.0,-44.0,25.38595099986196,auto
1768375489405,Sunny,Day,0.09134114583333333,100.0,-44.0,23.0042619998585,auto
1768375489436,Sunny,Day,0.09127604166666667,100.0,36.0,13.8098379998155,auto
1768375489465,Sunny,Day,0.07672526041666666,100.0,-50.0,21.40269000005901,auto
1768375489495,Sunny,Day,0.07008463541666667,100.0,,23.33478299988201,auto
1768375489526,Sunny,Day,0.07646484375,100.0,23.0,25.13054199994258,auto
1768375489559,Sunny,Day,0.0759765625,100.0,62.0,27.438656999947852,auto
1768375489589,Sunny,Day,0.05608723958333333,100.0,,18.31588200002443,auto
1768375489620,Sunny,Day,0.05341796875,100.0,-34.0,25.53669400003855,auto
1768375489651,Sunny,Day,0.0517578125,100.0,-35.0,25.835807000021305,auto
1768375489683,Sunny,Day,0.04534505208333333,90.69010416666666,,26.061125000069296,auto
1768375489716,Sunny,Day,0.04241536458333333,84.83072916666666,,27.573566000000937,auto
1768375489745,Sunny,Day,0.04150390625,83.0078125,,23.53860000016539,auto
1768375489777,Sunny,Day,0.03902994791666667,78.05989583333334,,25.620713000080286,auto
1768375489808,Sunny,Day,0.03815104166666667,76.30208333333334,-39.0,25.284284000008483,auto
1768375489840,Sunny,Day,0.03668619791666667,73.37239583333334,,26.051366000046983,auto
1768375489874,Sunny,Day,0.033463541666666666,66.92708333333333,,27.851697999949465,auto
1768375489905,Sunny,Day,0.0314453125,62.89062500000001,-36.0,24.311922000151753,auto
1768375489934,Sunny,Day,0.028287760416666665,56.57552083333333,,23.388801999999487,auto
1768375489965,Sunny,Day,0.026595052083333334,53.19010416666667,-36.0,25.951752999844757,auto
1768375489997,Sunny,Day,0.020735677083333334,41.47135416666667,,26.419536000048538,auto
1768375490028,Sunny,Day,0.014029947916666667,28.059895833333336,,24.961078999922393,auto
1768375490059,Sunny,Day,0.009928385416666666,19.856770833333332,,24.652705000107744,auto
1768375490091,Sunny,Day,0.008072916666666667,16.145833333333336,,25.04237599987391,auto
1768375490123,Sunny,Day,0.007356770833333333,14.713541666666666,,27.166581000074075,auto
1768375490154,Sunny,Day,0.005859375,11.71875,,24.846319000062067,auto
1768375490185,Sunny,Day,0.00419921875,8.3984375,,25.582324999959383,auto
1768375490217,Sunny,Day,0.003352864583333333,6.705729166666666,,25.14478400007647,auto
1768375490248,Sunny,Day,0.005891927083333333,11.783854166666666,,25.257266999915373,auto
1768375490282,Sunny,Day,0.0034505208333333332,6.901041666666666,,29.061304000151722,auto
1768375490314,Sunny,Day,0.002506510416666667,5.013020833333334,,25.415583000039987,auto
1768375490342,Sunny,Day,0.0008138020833333334,1.6276041666666667,,22.12914400001864,auto
1768375490376,Sunny,Day,0.00048828125,0.9765625,,28.019109000069875,auto
1768375490407,Sunny,Day,0.0,0.0,,24.071348000006765,auto
1768375490437,Sunny,Day,0.0,0.0,,21.262152999952377,auto
1768375490467,Sunny,Day,0.0,0.0,,24.648556999864013,auto
1768375490500,Sunny,Day,0.0,0.0,,26.606149999906847,auto
1768375490535,Sunny,Day,0.0,0.0,,25.839345999884245,auto
1768375490562,Sunny,Day,0.0,0.0,,19.822231000034662,auto
1768375490595,Sunny,Day,0.0,0.0,,27.19563699997707,auto
1768375490625,Sunny,Day,0.0,0.0,,23.676770000065517,auto
1768375490656,Sunny,Day,0.0,0.0,,25.602047000120365,auto
1768375490689,Sunny,Day,0.0,0.0,,27.064136000035433,auto
1768375490719,Sunny,Day,0.0008463541666666667,1.6927083333333335,,23.224469000069803,auto
1768375490750,Sunny,Day,0.0,0.0,,25.306655999884242,auto
1768375490783,Sunny,Day,0.0,0.0,,27.667920000112645,auto
1768375490817,Sunny,Day,0.00126953125,2.5390625,,24.66076099995007,auto
1768375490846,Sunny,Day,0.001171875,2.34375,,23.89434499991694,auto
1768375490875,Sunny,Day,0.0,0.0,,22.757761000093524,auto
1768375490907,Sunny,Day,0.0,0.0,,24.981411999988268,auto
1768375490942,Sunny,Day,0.0029296875,5.859375,,26.30816600003527,auto
1768375490970,Sunny,Day,0.004166666666666667,8.333333333333334,,21.314950000032695,auto
1768375491001,Sunny,Day,0.005501302083333334,11.002604166666668,,25.867698000183736,auto
1768375491034,Sunny,Day,0.0072591145833333336,14.518229166666668,,27.877386000000115,auto
1768375491064,Sunny,Day,0.00732421875,14.6484375,,23.685438000029535,auto
1768375491095,Sunny,Day,0.01015625,20.3125,,25.921866999851773,auto
1768375491129,Sunny,Day,0.014029947916666667,28.059895833333336,-69.0,28.455355999994936,auto
1768375491160,Sunny,Day,0.015559895833333334,31.119791666666668,-68.0,21.197191000055682,auto
1768375491191,Sunny,Day,0.019466145833333334,38.932291666666664,-68.0,26.231833000110782,auto
1768375491223,Sunny,Day,0.01806640625,36.1328125,-64.0,20.396404999928563,auto
1768375491254,Sunny,Day,0.023828125,47.65625,-60.0,21.751454999957787,auto
1768375491284,Sunny,Day,0.032877604166666664,65.75520833333333,-56.0,20.650129999921774,auto
1768375491317,Sunny,Day,0.040852864583333336,81.70572916666667,-49.0,26.79430099988167,auto
1768375491349,Sunny,Day,0.04739583333333333,94.79166666666666,-41.0,20.893595999950776,auto
1768375491378,Sunny,Day,0.048502604166666664,97.00520833333333,-32.0,21.63849199996548,auto
1768375491411,Sunny,Day,0.04674479166666667,93.48958333333333,-25.0,27.01073000002907,auto
1768375491442,Sunny,Day,0.05458984375,100.0,-19.0,24.183775999972568,auto
1768375491473,Sunny,Day,0.05699869791666667,100.0,-16.0,24.98515400020551,auto
1768375491506,Sunny,Day,0.06383463541666666,100.0,-17.0,26.846210000030624,auto
1768375491536,Sunny,Day,0.062109375,100.0,-17.0,23.923422000052597,auto
1768375491566,Sunny,Day,0.061295572916666666,100.0,-18.0,23.94575499988605,auto
1768375491598,Sunny,Day,0.061295572916666666,100.0,-21.0,26.13016600002993,auto
1768375491630,Sunny,Day,0.055403645833333334,100.0,-21.0,24.283185000058438,auto
1768375491664,Sunny,Day,0.062174479166666664,100.0,-24.0,28.56109699996523,auto
1768375491693,Sunny,Day,0.05859375,100.0,-26.0,23.147969999854467,auto
1768375491726,Sunny,Day,0.059895833333333336,100.0,-29.0,27.364751999812142,auto
1768375491759,Sunny,Day,0.059830729166666666,100.0,-29.0,27.791385000000446,auto
1768375491786,Sunny,Day,0.061328125,100.0,-31.0,21.056485999906727,auto
1768375491819,Sunny,Day,0.05963541666666667,100.0,-30.0,27.5880319998123,auto
1768375491849,Sunny,Day,0.05846354166666667,100.0,-29.0,23.40495299995382,auto
1768375491881,Sunny,Day,0.058756510416666664,100.0,-28.0,25.09084000007533,auto
1768375491912,Sunny,Day,0.061751302083333334,100.0,-28.0,25.043432999837023,auto
1768375491944,Sunny,Day,0.06012369791666667,100.0,-26.0,18.58523900000364,auto
1768375491975,Sunny,Day,0.061360677083333336,100.0,-27.0,25.772902999960934,auto
1768375492006,Sunny,Day,0.0615234375,100.0,-27.0,24.647096000080637,auto
1768375492039,Sunny,Day,0.061686197916666664,100.0,-27.0,27.313624000044,auto
1768375492071,Sunny,Day,0.061263020833333334,100.0,-27.0,25.20397300008881,auto
1768375492100,Sunny,Day,0.060546875,100.0,-26.0,23.050358999853415,auto
1768375492132,Sunny,Day,0.0607421875,100.0,-26.0,25.90738699996109,auto
1768375492166,Sunny,Day,0.060807291666666666,100.0,-26.0,27.374031999897852,auto
1768375492197,Sunny,Day,0.06106770833333333,100.0,-26.0,19.234599000128583,auto
1768375492227,Sunny,Day,0.06097005208333333,100.0,-26.0,19.919457000014518,auto
1768375492259,Sunny,Day,0.061295572916666666,100.0,-26.0,18.293478000032337,auto
1768375492289,Sunny,Day,0.06149088541666667,100.0,-26.0,15.976066000121136,auto
1768375492322,Sunny,Day,0.060774739583333334,100.0,-26.0,25.470696999946085,auto
1768375492354,Sunny,Day,0.0611328125,100.0,-26.0,25.16989800005831,auto
1768375492384,Sunny,Day,0.061197916666666664,100.0,-26.0,23.179396999921664,auto
1768375492414,Sunny,Day,0.06041666666666667,100.0,-27.0,25.223879999884957,auto
1768375492447,Sunny,Day,0.06106770833333333,100.0,-27.0,25.378937000141377,auto
1768375492480,Sunny,Day,0.05986328125,100.0,-27.0,20.95948600003794,auto
1768375492509,Sunny,Day,0.06090494791666667,100.0,-27.0,19.865327999923466,auto
1768375492541,Sunny,Day,0.060807291666666666,100.0,-27.0,25.90809100001934,auto
1768375492575,Sunny,Day,0.06083984375,100.0,-27.0,26.833303999865166,auto
1768375492603,Sunny,Day,0.060286458333333334,100.0,-28.0,22.2001839999848,auto
1768375492634,Sunny,Day,0.06005859375,100.0,-28.0,24.81974700003775,auto
1768375492665,Sunny,Day,0.05963541666666667,100.0,-28.0,19.56784300000436,auto
1768375492699,Sunny,Day,0.05953776041666667,100.0,-29.0,22.274573999993663,auto
1768375492729,Sunny,Day,0.05846354166666667,100.0,-29.0,23.706327999889254,auto
1768375492760,Sunny,Day,0.05986328125,100.0,-29.0,24.23670400003175,auto
1768375492793,Sunny,Day,0.057454427083333336,100.0,-27.0,20.76076200000898,auto
1768375492823,Sunny,Day,0.060384114583333336,100.0,-27.0,15.450986999894667,auto
1768375492855,Sunny,Day,0.05950520833333333,100.0,-26.0,24.38683500008665,auto
1768375492887,Sunny,Day,0.061263020833333334,100.0,-25.0,25.7863859999361,auto
1768375492921,Sunny,Day,0.062174479166666664,100.0,-24.0,23.872014999824387,auto
1768375492950,Sunny,Day,0.06259765625,100.0,-24.0,22.62613300013072,auto
1768375492982,Sunny,Day,0.0625,100.0,-24.0,26.944748999994772,auto
1768375493012,Sunny,Day,0.06194661458333333,100.0,-25.0,23.632994999843504,auto
1768375493045,Sunny,Day,0.06103515625,100.0,-26.0,25.98200000011275,auto
1768375493076,Sunny,Day,0.06061197916666667,100.0,-27.0,24.912618999906044,auto
1768375493106,Sunny,Day,0.06393229166666667,100.0,-28.0,24.328835999995135,auto
1768375493137,Sunny,Day,0.06344401041666667,100.0,-29.0,24.89187900005163,auto
1768375493169,Sunny,Day,0.06393229166666667,100.0,-29.0,17.115966999881493,auto
1768375493199,Sunny,Day,0.06552734375,100.0,-29.0,20.851357000083226,auto
1768375493231,Sunny,Day,0.06461588541666667,100.0,-29.0,25.666163999858327,auto
1768375493263,Sunny,Day,0.06839192708333333,100.0,-29.0,26.225855000120646,auto
1768375493294,Sunny,Day,0.0658203125,100.0,-28.0,23.72834800007695,auto
1768375493327,Sunny,Day,0.06656901041666667,100.0,-28.0,24.7462480001559,auto
1768375493359,Sunny,Day,0.06865234375,100.0,-28.0,22.893173999818828,auto
1768375493391,Sunny,Day,0.06936848958333333,100.0,-27.0,25.42081000001417,auto
1768375493419,Sunny,Day,0.06979166666666667,100.0,-27.0,22.514855000054013,auto
1768375493452,Sunny,Day,0.06927083333333334,100.0,-27.0,26.475764999986495,auto
1768375493484,Sunny,Day,0.0703125,100.0,-28.0,21.969182000020737,auto
1768375493514,Sunny,Day,0.06953125,100.0,-29.0,22.967988999880617,auto
1768375493546,Sunny,Day,0.07005208333333333,100.0,-29.0,26.01324200009003,auto
1768375493578,Sunny,Day,0.06962890625,100.0,-30.0,22.77470900003209,auto
1768375493611,Sunny,Day,0.07154947916666667,100.0,-30.0,22.004702000003817,auto
1768375493640,Sunny,Day,0.07151692708333333,100.0,-30.0,22.87863600008677,auto
1768375493671,Sunny,Day,0.06982421875,100.0,-29.0,25.186715000018012,auto
1768375493702,Sunny,Day,0.07027994791666667,100.0,-28.0,24.220575999834182,auto
1768375493734,Sunny,Day,0.07067057291666666,100.0,-27.0,26.092150000067704,auto
1768375493765,Sunny,Day,0.07347005208333333,100.0,10.0,25.54305200010276,auto
1768375493796,Sunny,Day,0.07288411458333334,100.0,11.0,24.724747999925967,auto
1768375493827,Sunny,Day,0.07194010416666667,100.0,11.0,25.40868000005503,auto
1768375493858,Sunny,Day,0.07021484375,100.0,9.0,25.649644999930388,auto
1768375493890,Sunny,Day,0.06946614583333334,100.0,6.0,25.897666999981084,auto
1768375493921,Sunny,Day,0.06796875,100.0,3.0,24.991658000089956,auto
1768375493953,Sunny,Day,0.06822916666666666,100.0,-1.0,25.16690000015842,auto
1768375493984,Sunny,Day,0.06754557291666667,100.0,-5.0,24.69535800014455,auto
1768375494016,Sunny,Day,0.06868489583333333,100.0,-8.0,25.9315380001226,auto
1768375494047,Sunny,Day,0.06907552083333333,100.0,-11.0,24.94269599992549,auto
1768375494079,Sunny,Day,0.06940104166666666,100.0,-12.0,26.264374999982465,auto
1768375494110,Sunny,Day,0.06608072916666667,100.0,-11.0,25.31710700009171,auto
1768375494141,Sunny,Day,0.06627604166666666,100.0,-10.0,26.047429000072952,auto
1768375494172,Sunny,Day,0.06829427083333334,100.0,-11.0,25.671869000007064,auto
1768375494204,Sunny,Day,0.07001953125,100.0,-11.0,25.129123000169784,auto
1768375494235,Sunny,Day,0.06552734375,100.0,-11.0,25.626442999964638,auto
1768375494269,Sunny,Day,0.067578125,100.0,-12.0,27.823687000136488,auto
1768375494300,Sunny,Day,0.06396484375,100.0,-12.0,25.37582900004054,auto
1768375494330,Sunny,Day,0.06110026041666667,100.0,-12.0,24.235206999946968,auto
1768375494361,Sunny,Day,0.05823567708333333,100.0,-12.0,25.41286699988632,auto
1768375494392,Sunny,Day,0.06083984375,100.0,-11.0,25.88822400002755,auto
1768375494424,Sunny,Day,0.0580078125,100.0,-12.0,25.18234600006508,auto
1768375494458,Sunny,Day,0.05227864583333333,100.0,-14.0,31.203462000121363,manual
1768375494490,Sunny,Day,0.04723307291666667,94.46614583333333,-10.0,26.38961799993922,manual
1768375494521,Sunny,Day,0.04635416666666667,92.70833333333334,-11.0,19.757475999995222,manual
1768375494553,Sunny,Day,0.053515625,100.0,-12.0,25.554647000035402,manual
1768375494583,Sunny,Day,0.048990885416666664,97.98177083333333,-10.0,24.494876000062504,manual
1768375494617,Sunny,Day,0.04879557291666667,97.59114583333334,41.0,28.066949000049135,manual
1768375494646,Sunny,Day,0.04283854166666667,85.67708333333333,41.0,25.62923900018177,manual
1768375494678,Sunny,Day,0.05224609375,100.0,-11.0,26.52841500002978,manual
1768375494709,Sunny,Day,0.05182291666666667,100.0,-10.0,24.989622000020972,manual
1768375494741,Sunny,Day,0.055501302083333336,100.0,-8.0,26.017762000037692,manual
1768375494772,Sunny,Day,0.061295572916666666,100.0,-6.0,24.547210000037012,manual
1768375494805,Sunny,Day,0.07093098958333334,100.0,-4.0,27.506203000029927,manual
1768375494836,Sunny,Day,0.07418619791666667,100.0,-1.0,24.81893500021215,manual
1768375494866,Sunny,Day,0.07490234375,100.0,1.0,24.231540000073437,manual
1768375494900,Sunny,Day,0.07643229166666667,100.0,2.0,28.573638999887407,manual
1768375494929,Sunny,Day,0.07744140625,100.0,5.0,21.978350999916074,manual
1768375494960,Sunny,Day,0.07809244791666667,100.0,7.0,24.70863799999279,manual
1768375494992,Sunny,Day,0.07848307291666666,100.0,10.0,27.136681000001772,manual
1768375495026,Sunny,Day,0.07962239583333333,100.0,12.0,28.959088999954474,manual
1768375495054,Sunny,Day,0.07890625,100.0,14.0,22.611876999917513,manual
1768375495087,Sunny,Day,0.07893880208333333,100.0,-28.0,28.258952999976827,manual
1768375495117,Sunny,Day,0.0796875,100.0,-24.0,19.182841999963784,manual
1768375495149,Sunny,Day,0.0802734375,100.0,-20.0,27.46318499998779,manual
1768375495180,Sunny,Day,0.07874348958333334,100.0,-16.0,26.23652499983109,manual
1768375495216,Sunny,Day,0.07819010416666666,100.0,-12.0,29.77507900004639,manual
1768375495243,Sunny,Day,0.07906901041666667,100.0,-8.0,21.613829999978407,manual
1768375495274,Sunny,Day,0.08037109375,100.0,-4.0,26.622881000093912,manual
1768375495305,Sunny,Day,0.07679036458333334,100.0,0.0,25.6092219999573,manual
1768375495340,Sunny,Day,0.07633463541666667,100.0,5.0,27.643445999956384,manual
1768375495369,Sunny,Day,0.07584635416666667,100.0,10.0,24.82940000004419,manual
1768375495401,Sunny,Day,0.076953125,100.0,14.0,26.688103999958912,manual
1768375495432,Sunny,Day,0.07776692708333334,100.0,19.0,21.277566999970077,manual
1768375495462,Sunny,Day,0.07757161458333334,100.0,24.0,23.59323900009258,manual
1768375495494,Sunny,Day,0.08050130208333334,100.0,28.0,27.373683999940113,manual
1768375495526,Sunny,Day,0.07945963541666666,100.0,31.0,29.1225719997783,manual
1768375495559,Sunny,Day,0.08102213541666667,100.0,44.0,28.85977300002196,manual
1768375495588,Sunny,Day,0.07900390625,100.0,47.0,24.064706999979535,manual
1768375495620,Sunny,Day,0.07900390625,100.0,51.0,27.972802000022057,manual
1768375495651,Sunny,Day,0.08050130208333334,100.0,56.0,27.624742999933005,manual
1768375495682,Sunny,Day,0.080078125,100.0,59.0,27.256165000153487,manual
1768375495717,Sunny,Day,0.0796875,100.0,59.0,29.442427999811116,manual
1768375495746,Sunny,Day,0.08082682291666667,100.0,63.0,22.214594999923065,manual
1768375495777,Sunny,Day,0.07978515625,100.0,67.0,24.199373999863383,manual
1768375495810,Sunny,Day,0.0798828125,100.0,72.0,29.905654999993203,manual
1768375495846,Sunny,Day,0.07760416666666667,100.0,-74.0,30.943962000037573,manual
1768375495871,Sunny,Day,0.07705078125,100.0,-70.0,19.083120000004783,manual
1768375495903,Sunny,Day,0.08206380208333333,100.0,-65.0,29.183314000192695,manual
1768375495934,Sunny,Day,0.08199869791666667,100.0,-61.0,21.485959000074217,manual
1768375495965,Sunny,Day,0.08258463541666666,100.0,-56.0,20.517375000054017,manual
1768375495996,Sunny,Day,0.08121744791666667,100.0,-52.0,27.323555000066335,manual
1768375496028,Sunny,Day,0.08268229166666667,100.0,-47.0,27.062109000098644,manual
1768375496062,Sunny,Day,0.08375651041666667,100.0,-43.0,30.010305999894626,manual
1768375496091,Sunny,Day,0.083984375,100.0,-39.0,24.783307999996396,manual
1768375496123,Sunny,Day,0.08385416666666666,100.0,-35.0,27.370629999950324,manual
1768375496155,Sunny,Day,0.08408203125,100.0,-30.0,27.45498400008728,manual
1768375496185,Sunny,Day,0.08483072916666666,100.0,-26.0,25.46901899995646,manual
1768375496219,Sunny,Day,0.08792317708333333,100.0,-21.0,28.236694999804968,manual
1768375496252,Sunny,Day,0.08740234375,100.0,-17.0,27.48657600000115,manual
1768375496280,Sunny,Day,0.089453125,100.0,-12.0,22.814898999968136,manual
1768375496312,Sunny,Day,0.08987630208333333,100.0,-8.0,26.943645000073957,manual
1768375496344,Sunny,Day,0.09283854166666666,100.0,-3.0,24.816641999905187,manual
1768375496375,Sunny,Day,0.09371744791666667,100.0,1.0,24.67413999988821,manual
1768375496404,Sunny,Day,0.09485677083333334,100.0,6.0,23.869540000077905,manual
1768375496436,Sunny,Day,0.096484375,100.0,10.0,27.04796099988016,manual
1768375496467,Sunny,Day,0.09755859375,100.0,14.0,26.190786000142907,manual
1768375496498,Sunny,Day,0.09837239583333333,100.0,18.0,24.980365999908827,manual
1768375496532,Sunny,Day,0.09931640625,100.0,22.0,26.399267999977383,manual
1768375496564,Sunny,Day,0.09967447916666666,100.0,25.0,22.16724400000203,auto
1768375496594,Sunny,Day,0.10068359375,100.0,28.0,17.605623999997988,auto
1768375496625,Sunny,Day,0.10413411458333334,100.0,29.0,24.172635000013543,auto
1768375496657,Sunny,Day,0.10491536458333334,100.0,29.0,19.04487899992091,auto
1768375496687,Sunny,Day,0.10615234375,100.0,30.0,18.160055999942415,auto
1768375496718,Sunny,Day,0.10764973958333333,100.0,30.0,24.224766000088493,auto
1768375496750,Sunny,Day,0.10436197916666666,100.0,27.0,24.987846999920293,auto
1768375496781,Sunny,Day,0.10543619791666667,100.0,27.0,24.293007000096623,auto
1768375496811,Sunny,Day,0.10589192708333334,100.0,26.0,22.984142000041174,auto
1768375496842,Sunny,Day,0.10315755208333334,100.0,24.0,24.397062999923946,auto
1768375496873,Sunny,Day,0.10286458333333333,100.0,22.0,25.34618499998942,auto
1768375496905,Sunny,Day,0.10595703125,100.0,24.0,24.334376999831875,auto
1768375496937,Sunny,Day,0.1060546875,100.0,23.0,26.773568999942654,auto
1768375496968,Sunny,Day,0.10690104166666667,100.0,24.0,25.27599800009739,auto
1768375496999,Sunny,Day,0.10712890625,100.0,24.0,24.896420000004582,auto
1768375497031,Sunny,Day,0.1037109375,100.0,23.0,26.22151000014128,auto
1768375497064,Sunny,Day,0.10625,100.0,24.0,23.411481000039203,auto
1768375497098,Sunny,Day,0.10673828125,100.0,24.0,28.54432899994208,auto
1768375497127,Sunny,Day,0.10462239583333334,100.0,22.0,21.84668699987924,auto
1768375497157,Sunny,Day,0.10690104166666667,100.0,24.0,23.581037999974797,auto
1768375497187,Sunny,Day,0.10602213541666666,100.0,23.0,24.822550999942905,auto
1768375497218,Sunny,Day,0.10657552083333334,100.0,24.0,25.51135399994564,auto
1768375497250,Sunny,Day,0.10641276041666667,100.0,23.0,25.516742999798225,auto
1768375497282,Sunny,Day,0.10771484375,100.0,24.0,25.995469999998022,auto
1768375497313,Sunny,Day,0.10550130208333333,100.0,23.0,24.653864000129033,auto
1768375497345,Sunny,Day,0.10826822916666666,100.0,24.0,25.728004000029614,auto
1768375497377,Sunny,Day,0.10533854166666666,100.0,23.0,26.250490999927933,auto
1768375497407,Sunny,Day,0.10582682291666666,100.0,23.0,22.07429999998567,auto
1768375497439,Sunny,Day,0.1037109375,100.0,22.0,25.803800999938176,auto
1768375497470,Sunny,Day,0.10804036458333334,100.0,24.0,23.442295999984708,auto
1768375497501,Sunny,Day,0.10901692708333334,100.0,25.0,25.030683000068166,auto
1768375497534,Sunny,Day,0.10882161458333334,100.0,24.0,26.736255000059828,auto
1768375497564,Sunny,Day,0.10891927083333333,100.0,24.0,18.39478099986991,auto
1768375497596,Sunny,Day,0.10986328125,100.0,24.0,26.18148999999903,auto
1768375497627,Sunny,Day,0.109375,100.0,26.0,24.52649199994994,auto
1768375497660,Sunny,Day,0.10989583333333333,100.0,25.0,27.008702000102858,auto
1768375497690,Sunny,Day,0.10608723958333334,100.0,23.0,23.425535999876956,auto
1768375497721,Sunny,Day,0.11217447916666666,100.0,25.0,25.14805400005571,auto
1768375497754,Sunny,Day,0.11129557291666667,100.0,25.0,26.206916999854002,auto
1768375497784,Sunny,Day,0.10885416666666667,100.0,25.0,20.579932999908124,auto
1768375497815,Sunny,Day,0.10794270833333333,100.0,25.0,24.474103000102332,auto
1768375497847,Sunny,Day,0.11149088541666667,100.0,24.0,26.138044999925114,auto
1768375497878,Sunny,Day,0.11171875,100.0,26.0,24.72658700003194,auto
1768375497909,Sunny,Day,0.1109375,100.0,25.0,25.693873999898642,auto
1768375497941,Sunny,Day,0.10927734375,100.0,26.0,25.656207999873004,auto
1768375497973,Sunny,Day,0.11041666666666666,100.0,23.0,26.5042529999846,auto
1768375498005,Sunny,Day,0.1125,100.0,25.0,26.423086000022522,auto
1768375498035,Sunny,Day,0.11311848958333333,100.0,25.0,22.82284700004311,auto
1768375498066,Sunny,Day,0.11282552083333333,100.0,24.0,24.196231000132684,auto
1768375498099,Sunny,Day,0.11103515625,100.0,24.0,20.619305000082022,auto
1768375498130,Sunny,Day,0.11142578125,100.0,24.0,24.68740299991623,auto
1768375498161,Sunny,Day,0.11194661458333334,100.0,24.0,25.754950999953508,auto
1768375498192,Sunny,Day,0.11214192708333333,100.0,23.0,24.510586000133117,auto
1768375498223,Sunny,Day,0.1138671875,100.0,24.0,25.770839999950113,auto
1768375498255,Sunny,Day,0.11253255208333333,100.0,24.0,25.70913600015956,auto
1768375498287,Sunny,Day,0.11363932291666666,100.0,25.0,26.465680000001157,auto
1768375498317,Sunny,Day,0.1140625,100.0,24.0,25.04153600011705,auto
1768375498349,Sunny,Day,0.11194661458333334,100.0,23.0,25.702561000116475,auto
1768375498383,Sunny,Day,0.11311848958333333,100.0,24.0,27.32607799998732,auto
1768375498412,Sunny,Day,0.11279296875,100.0,24.0,21.22079300011137,auto
1768375498443,Sunny,Day,0.113671875,100.0,25.0,25.093943999991097,auto
1768375498474,Sunny,Day,0.11389973958333334,100.0,24.0,25.766672999907314,auto
1768375498509,Sunny,Day,0.11197916666666667,100.0,23.0,27.51820900016355,auto
1768375498537,Sunny,Day,0.11292317708333334,100.0,24.0,19.00625200005379,auto
1768375498569,Sunny,Day,0.11285807291666666,100.0,24.0,25.13429600003292,auto
1768375498603,Sunny,Day,0.11302083333333333,100.0,24.0,28.108789000043544,auto
1768375498631,Sunny,Day,0.11292317708333334,100.0,24.0,21.96259600009398,auto
1768375498663,Sunny,Day,0.11272786458333334,100.0,24.0,26.155362000054083,auto
1768375498694,Sunny,Day,0.1134765625,100.0,24.0,24.784941000007166,auto
1768375498726,Sunny,Day,0.11207682291666667,100.0,24.0,25.75971000010213,auto
1768375498757,Sunny,Day,0.11331380208333333,100.0,24.0,25.74765400004253,auto
1768375498790,Sunny,Day,0.11341145833333334,100.0,24.0,27.156317000162744,auto
1768375498822,Sunny,Day,0.11334635416666666,100.0,24.0,26.17669599999317,auto
1768375498851,Sunny,Day,0.11321614583333334,100.0,24.0,23.150793999775487,auto
1768375498884,Sunny,Day,0.11328125,100.0,24.0,26.7956459999823,auto
1768375498915,Sunny,Day,0.11087239583333333,100.0,23.0,21.88653999996859,auto
1768375498946,Sunny,Day,0.11204427083333333,100.0,24.0,25.026571999887892,auto
1768375498977,Sunny,Day,0.11184895833333333,100.0,23.0,25.283335000040097,auto
1768375499009,Sunny,Day,0.11240234375,100.0,24.0,25.336206000019956,auto
1768375499040,Sunny,Day,0.11207682291666667,100.0,24.0,25.579079999943133,auto
1768375499072,Sunny,Day,0.11129557291666667,100.0,24.0,26.79987000010442,auto
1768375499107,Sunny,Day,0.11240234375,100.0,24.0,28.16369900006066,auto
1768375499134,Sunny,Day,0.11100260416666667,100.0,23.0,21.265276000121958,auto
1768375499165,Sunny,Day,0.11175130208333334,100.0,24.0,25.61058000014782,auto
1768375499198,Sunny,Day,0.112109375,100.0,24.0,26.53355300003568,auto
1768375499229,Sunny,Day,0.1119140625,100.0,24.0,25.766062999991846,auto
1768375499260,Sunny,Day,0.11123046875,100.0,24.0,24.485660999971515,auto
1768375499294,Sunny,Day,0.11184895833333333,100.0,24.0,28.32160799994199,auto
1768375499324,Sunny,Day,0.10947265625,100.0,24.0,24.460660999920947,auto
1768375499354,Sunny,Day,0.1119140625,100.0,24.0,23.525650999999925,auto
1768375499387,Sunny,Day,0.11142578125,100.0,24.0,27.18669000000773,auto
1768375499419,Sunny,Day,0.11171875,100.0,24.0,24.397900999929334,auto
1768375499448,Sunny,Day,0.11188151041666666,100.0,24.0,23.011424000060288,auto
1768375499479,Sunny,Day,0.11031901041666667,100.0,24.0,24.81094200015832,auto
1768375499512,Sunny,Day,0.11129557291666667,100.0,24.0,26.224976000094102,auto
1768375499544,Sunny,Day,0.11061197916666667,100.0,23.0,25.716137000017625,auto
1768375499574,Sunny,Day,0.11012369791666667,100.0,24.0,18.884287999981098,auto
1768375499605,Sunny,Day,0.11100260416666667,100.0,24.0,25.444671000059316,auto
1768375499638,Sunny,Day,0.110546875,100.0,24.0,23.64719000001969,auto
1768375499668,Sunny,Day,0.11077473958333334,100.0,23.0,17.0050290000745,auto
1768375499699,Sunny,Day,0.109765625,100.0,23.0,26.151196999990134,auto
1768375499732,Sunny,Day,0.10771484375,100.0,22.0,26.87237100008133,auto
1768375499763,Sunny,Day,0.10758463541666667,100.0,22.0,22.678068000004714,auto
1768375499793,Sunny,Day,0.10904947916666667,100.0,22.0,24.614552000002732,auto
1768375499826,Sunny,Day,0.10732421875,100.0,21.0,26.352866000024733,auto
1768375499858,Sunny,Day,0.10813802083333333,100.0,22.0,26.051993000010043,auto
1768375499887,Sunny,Day,0.10725911458333333,100.0,21.0,23.309036999989985,auto
1768375499919,Sunny,Day,0.11028645833333334,100.0,24.0,25.716340999906606,auto
1768375499952,Sunny,Day,0.10947265625,100.0,23.0,27.019464999966658,auto
1768375499982,Sunny,Day,0.10865885416666667,100.0,23.0,23.773875999950178,auto
1768375500019,Sunny,Day,0.10823567708333333,100.0,23.0,30.576613999983238,auto
1768375500045,Sunny,Day,0.10970052083333333,100.0,24.0,20.451621000120213,auto
1768375500076,Sunny,Day,0.10823567708333333,100.0,22.0,23.568078999915087,auto
1768375500107,Sunny,Day,0.10908203125,100.0,22.0,25.362726999901497,auto
1768375500140,Sunny,Day,0.10608723958333334,100.0,21.0,26.566407000018444,auto
1768375500170,Sunny,Day,0.1099609375,100.0,23.0,23.580857000069955,auto
1768375500201,Sunny,Day,0.10882161458333334,100.0,23.0,25.230410999938613,auto
1768375500234,Sunny,Day,0.1083984375,100.0,22.0,26.84792800005198,auto
1768375500265,Sunny,Day,0.10748697916666666,100.0,22.0,25.21281799999997,auto
1768375500296,Sunny,Day,0.10764973958333333,100.0,22.0,25.308356999858006,auto
1768375500327,Sunny,Day,0.10888671875,100.0,23.0,25.563080999972954,auto
1768375500361,Sunny,Day,0.10843098958333333,100.0,22.0,28.307517000030202,auto
1768375500390,Sunny,Day,0.10764973958333333,100.0,22.0,22.31236300008277,auto
1768375500422,Sunny,Day,0.1060546875,100.0,21.0,26.24264399992171,auto
1768375500455,Sunny,Day,0.1103515625,100.0,23.0,26.351515999976982,auto
1768375500484,Sunny,Day,0.10934244791666667,100.0,22.0,23.32485499982795,auto
1768375500518,Sunny,Day,0.10745442708333333,100.0,21.0,27.55738000018937,auto
1768375500548,Sunny,Day,0.10804036458333334,100.0,22.0,21.853838999959407,auto
1768375500580,Sunny,Day,0.11061197916666667,100.0,23.0,25.52217299989934,auto
1768375500610,Sunny,Day,0.10999348958333334,100.0,23.0,22.879923999880702,auto
1768375500642,Sunny,Day,0.10940755208333333,100.0,23.0,26.920484999891414,auto
1768375500673,Sunny,Day,0.10716145833333333,100.0,21.0,23.989008999933503,auto
1768375500704,Sunny,Day,0.11129557291666667,100.0,23.0,25.420338999992964,auto
1768375500738,Sunny,Day,0.10983072916666667,100.0,23.0,28.039274000093428,auto
1768375500768,Sunny,Day,0.11070963541666666,100.0,23.0,22.460640999952375,auto
1768375500799,Sunny,Day,0.10869140625,100.0,22.0,23.883694000005562,auto
1768375500831,Sunny,Day,0.108203125,100.0,22.0,20.240413999999873,auto
1768375500861,Sunny,Day,0.11022135416666666,100.0,23.0,17.651998999781426,auto
1768375500893,Sunny,Day,0.1095703125,100.0,22.0,23.11548100010441,auto
1768375500924,Sunny,Day,0.10986328125,100.0,23.0,25.25665200005278,auto
1768375500956,Sunny,Day,0.11067708333333333,100.0,23.0,23.397096000053352,auto
1768375500988,Sunny,Day,0.11142578125,100.0,23.0,25.263021999990087,auto
1768375501019,Sunny,Day,0.1111328125,100.0,23.0,22.892608999882214,auto
1768375501049,Sunny,Day,0.1119140625,100.0,23.0,24.857242000052793,auto
1768375501082,Sunny,Day,0.11005859375,100.0,23.0,26.708520999818575,auto
1768375501112,Sunny,Day,0.10950520833333334,100.0,23.0,24.935168999945745,auto
1768375501145,Sunny,Day,0.11031901041666667,100.0,22.0,26.860467000005883,auto
1768375501175,Sunny,Day,0.11057942708333333,100.0,23.0,22.677996999846073,auto
1768375501206,Sunny,Day,0.10836588541666667,100.0,22.0,25.72182500011877,auto
1768375501238,Sunny,Day,0.1103515625,100.0,23.0,25.161856000067928,auto
1768375501272,Sunny,Day,0.1111328125,100.0,23.0,27.321527999902173,auto
1768375501301,Sunny,Day,0.11048177083333334,100.0,23.0,23.082685999952446,auto
1768375501333,Sunny,Day,0.10699869791666666,100.0,22.0,26.56077799997547,auto
1768375501363,Sunny,Day,0.1095703125,100.0,24.0,23.663119000048027,auto
1768375501395,Sunny,Day,0.10872395833333333,100.0,23.0,24.873056999922483,auto
1768375501429,Sunny,Day,0.10911458333333333,100.0,23.0,28.48704000007274,auto
1768375501458,Sunny,Day,0.10813802083333333,100.0,23.0,23.199280000198996,auto
1768375501489,Sunny,Day,0.10865885416666667,100.0,23.0,16.725360999998884,auto
1768375501520,Sunny,Day,0.10904947916666667,100.0,23.0,23.72122999986459,auto
1768375501552,Sunny,Day,0.11100260416666667,100.0,24.0,24.980149999919377,auto
1768375501584,Sunny,Day,0.11077473958333334,100.0,24.0,26.26073900000847,auto
1768375501614,Sunny,Day,0.10911458333333333,100.0,23.0,24.170160999801737,auto
1768375501646,Sunny,Day,0.11022135416666666,100.0,23.0,25.80630700003894,auto
1768375501679,Sunny,Day,0.1103515625,100.0,24.0,27.2446740000305,auto
1768375501709,Sunny,Day,0.10777994791666666,100.0,23.0,24.167772000055265,auto
1768375501740,Sunny,Day,0.10891927083333333,100.0,23.0,25.86541899995609,auto
1768375501776,Sunny,Day,0.10826822916666666,100.0,23.0,24.98194700001477,auto
1768375501813,Sunny,Day,0.10911458333333333,100.0,24.0,29.577605999975276,auto
1768375501838,Sunny,Day,0.11077473958333334,100.0,24.0,16.77182299999913,auto
1768375501874,Sunny,Day,0.10869140625,100.0,23.0,27.928812000027392,auto
1768375501900,Sunny,Day,0.11090494791666666,100.0,24.0,16.96606700011216,auto
1768375501931,Sunny,Day,0.10986328125,100.0,24.0,24.009937000073478,auto
1768375501964,Sunny,Day,0.10983072916666667,100.0,23.0,26.139552000131516,auto
1768375501993,Sunny,Day,0.10859375,100.0,23.0,22.392697999976008,auto
1768375502025,Sunny,Day,0.108203125,100.0,23.0,20.470993999879283,auto
1768375502058,Sunny,Day,0.1087890625,100.0,24.0,25.126746000069033,auto
1768375502088,Sunny,Day,0.10927734375,100.0,24.0,22.383255000022473,auto
1768375502122,Sunny,Day,0.11009114583333333,100.0,24.0,26.10292400004255,auto
1768375502152,Sunny,Day,0.10979817708333334,100.0,24.0,22.762480999972468,auto
1768375502183,Sunny,Day,0.10970052083333333,100.0,24.0,23.578063000059046,auto
1768375502213,Sunny,Day,0.10862630208333333,100.0,24.0,21.937045999948168,auto
1768375502244,Sunny,Day,0.10989583333333333,100.0,25.0,23.916659999940748,auto
1768375502279,Sunny,Day,0.10966796875,100.0,25.0,27.673440000171468,auto
1768375502307,Sunny,Day,0.10973307291666666,100.0,25.0,21.551265000198327,auto
1768375502339,Sunny,Day,0.10852864583333334,100.0,24.0,24.65652000000773,auto
1768375502373,Sunny,Day,0.11041666666666666,100.0,24.0,27.131860000054075,auto
1768375502404,Sunny,Day,0.11041666666666666,100.0,24.0,22.330734999968627,auto
1768375502434,Sunny,Day,0.1087890625,100.0,24.0,16.57721199990192,auto
1768375502467,Sunny,Day,0.10771484375,100.0,24.0,24.158718000080626,auto
1768375502496,Sunny,Day,0.10924479166666666,100.0,20.0,20.526030999917566,auto
1768375502527,Sunny,Day,0.10852864583333334,100.0,24.0,24.42838699994354,auto
1768375502561,Sunny,Day,0.10852864583333334,100.0,24.0,24.639907999926436,auto
1768375502591,Sunny,Day,0.10804036458333334,100.0,25.0,22.32149499991465,auto
1768375502624,Sunny,Day,0.10826822916666666,100.0,25.0,25.65728899980968,auto
1768375502655,Sunny,Day,0.10872395833333333,100.0,25.0,19.575223999936497,auto
1768375502688,Sunny,Day,0.10856119791666667,100.0,25.0,26.090293999914138,auto
1768375502716,Sunny,Day,0.1076171875,100.0,25.0,20.15750800001115,auto
1768375502747,Sunny,Day,0.10774739583333333,100.0,19.0,23.707472000069174,auto
1768375502778,Sunny,Day,0.10716145833333333,100.0,24.0,17.194255000049452,auto
1768375502813,Sunny,Day,0.107421875,100.0,19.0,27.209526999968148,auto
1768375502841,Sunny,Day,0.10654296875,100.0,19.0,20.903034999946613,auto
1768375502876,Sunny,Day,0.106640625,100.0,19.0,27.24643500005186,auto
1768375502907,Sunny,Day,0.10576171875,100.0,26.0,24.726539000084813,auto
1768375502936,Sunny,Day,0.10631510416666666,100.0,26.0,20.586810000168043,auto
1768375502968,Sunny,Day,0.10641276041666667,100.0,20.0,24.68726000006427,auto
1768375502998,Sunny,Day,0.10361328125,100.0,27.0,20.668680999960998,auto
1768375503030,Sunny,Day,0.1048828125,100.0,27.0,25.4082510000444,auto
1768375503061,Sunny,Day,0.10247395833333334,100.0,27.0,23.604064999972252,auto
1768375503093,Sunny,Day,0.10354817708333333,100.0,20.0,25.370621000092797,auto
1768375503124,Sunny,Day,0.10244140625,100.0,19.0,22.80690800012053,auto
1768375503156,Sunny,Day,0.09951171875,100.0,26.0,23.62984299998061,auto
1768375503188,Sunny,Day,0.10052083333333334,100.0,19.0,24.176941999940027,auto
1768375503218,Sunny,Day,0.09915364583333333,100.0,27.0,22.69890699994903,auto
1768375503249,Sunny,Day,0.10009765625,100.0,20.0,23.817178999934185,auto
1768375503284,Sunny,Day,0.09970703125,100.0,-19.0,28.151650999916455,auto
1768375503315,Sunny,Day,0.09856770833333334,100.0,20.0,23.722251999970467,auto
1768375503344,Sunny,Day,0.09755859375,100.0,20.0,21.139409000170417,auto
1768375503377,Sunny,Day,0.094921875,100.0,22.0,24.812132999841197,auto
1768375503408,Sunny,Day,0.09788411458333333,100.0,-12.0,22.577369000146064,auto
1768375503440,Sunny,Day,0.0966796875,100.0,-9.0,24.860207999836348,auto
1768375503470,Sunny,Day,0.09453125,100.0,-6.0,16.26509800007625,auto
1768375503502,Sunny,Day,0.09768880208333333,100.0,32.0,25.111932000072557,auto
1768375503532,Sunny,Day,0.09521484375,100.0,9.0,21.64282200010348,auto
1768375503563,Sunny,Day,0.10266927083333334,100.0,43.0,23.30163600004198,auto
1768375503599,Sunny,Day,0.10598958333333333,100.0,45.0,29.388738000079684,auto
1768375503628,Sunny,Day,0.10582682291666666,100.0,42.0,15.271476999942024,auto
1768375503662,Sunny,Day,0.10345052083333334,100.0,18.0,21.52782100006334,auto
1768375503688,Sunny,Day,0.10432942708333333,100.0,43.0,18.08028400000694,auto
1768375503719,Sunny,Day,0.10478515625,100.0,41.0,26.008405999846218,auto
1768375503752,Sunny,Day,0.10504557291666666,100.0,37.0,26.43896500012488,auto
1768375503781,Sunny,Day,0.10227864583333333,100.0,37.0,22.673166999993555,auto
1768375503813,Sunny,Day,0.09912109375,100.0,32.0,26.12959199996112,auto
1768375503845,Sunny,Day,0.09759114583333334,100.0,30.0,26.1877769999046,auto
1768375503875,Sunny,Day,0.09446614583333333,100.0,27.0,20.841554000071483,auto
1768375503913,Sunny,Day,0.0927734375,100.0,23.0,32.01776500009146,auto
1768375503941,Sunny,Day,0.09632161458333334,100.0,21.0,20.713275999924008,auto
1768375503972,Sunny,Day,0.09720052083333333,100.0,19.0,18.518806999964,auto
1768375504004,Sunny,Day,0.0927734375,100.0,17.0,26.828506000128982,auto
1768375504034,Sunny,Day,0.09430338541666666,100.0,19.0,22.506979999889154,auto
1768375504064,Sunny,Day,0.09501953125,100.0,20.0,16.746196999974927,auto
1768375504095,Sunny,Day,0.09654947916666666,100.0,21.0,22.989374999951906,auto
1768375504127,Sunny,Day,0.09837239583333333,100.0,22.0,24.933969999892724,auto
1768375504158,Sunny,Day,0.09759114583333334,100.0,22.0,25.07687899992561,auto
1768375504190,Sunny,Day,0.096875,100.0,20.0,25.825831000020116,auto
1768375504222,Sunny,Day,0.09850260416666666,100.0,21.0,25.49206799994863,auto
1768375504254,Sunny,Day,0.09694010416666667,100.0,19.0,25.713422000080755,auto
1768375504286,Sunny,Day,0.09970703125,100.0,20.0,22.628555999972377,auto
1768375504317,Sunny,Day,0.09918619791666666,100.0,20.0,24.980600000162667,auto
1768375504346,Sunny,Day,0.09850260416666666,100.0,19.0,15.391608000072665,auto
1768375504378,Sunny,Day,0.10182291666666667,100.0,21.0,23.977607000006174,auto
1768375504410,Sunny,Day,0.1029296875,100.0,20.0,26.185000999930708,auto
1768375504442,Sunny,Day,0.10221354166666667,100.0,19.0,20.208196999874417,auto
1768375504472,Sunny,Day,0.10179036458333333,100.0,19.0,15.64872199992351,auto
1768375504503,Sunny,Day,0.10504557291666666,100.0,21.0,25.686829000051148,auto
1768375504537,Sunny,Day,0.10533854166666666,100.0,21.0,27.731295999956274,auto
1768375504566,Sunny,Day,0.10504557291666666,100.0,20.0,23.541270000123404,auto
1768375504597,Sunny,Day,0.1041015625,100.0,19.0,25.43790100003207,auto
1768375504633,Sunny,Day,0.10537109375,100.0,20.0,29.57529600007547,auto
1768375504660,Sunny,Day,0.10712890625,100.0,21.0,21.346820000189837,auto
1768375504692,Sunny,Day,0.107421875,100.0,20.0,25.71681099993839,auto
1768375504726,Sunny,Day,0.10631510416666666,100.0,19.0,28.226504000031127,auto
1768375504756,Sunny,Day,0.10716145833333333,100.0,19.0,24.14129499993578,auto
1768375504786,Sunny,Day,0.10725911458333333,100.0,19.0,24.450502000036067,auto
1768375504820,Sunny,Day,0.10712890625,100.0,19.0,27.87196400004177,auto
1768375504851,Sunny,Day,0.1072265625,100.0,18.0,24.307759000066653,auto
1768375504880,Sunny,Day,0.10485026041666666,100.0,16.0,19.503984999801105,auto
1768375504913,Sunny,Day,0.10595703125,100.0,17.0,27.135067000017443,auto
1768375504943,Sunny,Day,0.10511067708333334,100.0,16.0,19.944731000123284,auto
1768375504976,Sunny,Day,0.10442708333333334,100.0,16.0,26.56339400004981,auto
1768375505006,Sunny,Day,0.1046875,100.0,17.0,24.524020999933782,auto
1768375505038,Sunny,Day,0.10530598958333333,100.0,18.0,26.119075999986308,auto
1768375505069,Sunny,Day,0.10465494791666667,100.0,18.0,24.958026000149403,auto
1768375505101,Sunny,Day,0.10400390625,100.0,18.0,26.457061999963116,auto
1768375505134,Sunny,Day,0.10540364583333334,100.0,18.0,20.270532000040475,auto
1768375505163,Sunny,Day,0.10354817708333333,100.0,18.0,18.025656000190793,auto
1768375505194,Sunny,Day,0.10406901041666666,100.0,18.0,16.45582499986631,auto
1768375505226,Sunny,Day,0.10283203125,100.0,18.0,25.914278000072954,auto
1768375505259,Sunny,Day,0.10406901041666666,100.0,18.0,26.096854000115854,auto
1768375505289,Sunny,Day,0.10364583333333334,100.0,19.0,24.321482000004835,auto
1768375505320,Sunny,Day,0.10283203125,100.0,20.0,24.007720000099653,auto
1768375505352,Sunny,Day,0.10455729166666666,100.0,20.0,26.610765999976138,auto
1768375505385,Sunny,Day,0.10543619791666667,100.0,20.0,27.184865999970498,auto
1768375505414,Sunny,Day,0.10205078125,100.0,18.0,22.77798399995845,auto
1768375505446,Sunny,Day,0.10345052083333334,100.0,20.0,26.070815999901242,auto
1768375505479,Sunny,Day,0.10384114583333333,100.0,21.0,25.76920199999222,auto
1768375505509,Sunny,Day,0.10465494791666667,100.0,21.0,20.259308999811765,auto
1768375505543,Sunny,Day,0.10305989583333333,100.0,20.0,28.105856999900425,auto
1768375505572,Sunny,Day,0.10335286458333333,100.0,21.0,18.780311999989863,auto
1768375505603,Sunny,Day,0.10188802083333333,100.0,20.0,25.03247200002079,auto
1768375505637,Sunny,Day,0.10589192708333334,100.0,21.0,28.777122999827043,auto
1768375505667,Sunny,Day,0.10426432291666667,100.0,20.0,23.77110699990226,auto
1768375505697,Sunny,Day,0.10390625,100.0,20.0,20.16271599995889,auto
1768375505731,Sunny,Day,0.10423177083333333,100.0,20.0,27.956226000014794,auto
1768375505761,Sunny,Day,0.10543619791666667,100.0,20.0,23.9170899999408,auto
1768375505793,Sunny,Day,0.10436197916666666,100.0,20.0,20.839481999928466,auto
1768375505822,Sunny,Day,0.10403645833333333,100.0,20.0,23.25748999987809,auto
1768375505857,Sunny,Day,0.10556640625,100.0,20.0,29.4992420001563,auto
1768375505885,Sunny,Day,0.1068359375,100.0,20.0,22.024495000096067,auto
1768375505917,Sunny,Day,0.10589192708333334,100.0,20.0,25.614848000031998,auto
1768375505951,Sunny,Day,0.10458984375,100.0,20.0,28.538361000073564,auto
1768375505979,Sunny,Day,0.10540364583333334,100.0,20.0,19.52220899988788,auto
1768375506012,Sunny,Day,0.10651041666666666,100.0,19.0,25.353402000064307,auto
1768375506044,Sunny,Day,0.10706380208333334,100.0,19.0,24.7655069999837,auto
1768375506076,Sunny,Day,0.10758463541666667,100.0,19.0,25.265420000096128,auto
1768375506105,Sunny,Day,0.10670572916666667,100.0,19.0,22.182386999929804,auto
1768375506137,Sunny,Day,0.1072265625,100.0,19.0,25.564219999978377,auto
1768375506168,Sunny,Day,0.10732421875,100.0,19.0,24.614412999881097,auto
1768375506201,Sunny,Day,0.108984375,100.0,18.0,26.25232000013966,auto
1768375506230,Sunny,Day,0.10856119791666667,100.0,18.0,22.22083200013003,auto
1768375506263,Sunny,Day,0.10888671875,100.0,18.0,27.001161000043794,auto
1768375506293,Sunny,Day,0.10944010416666666,100.0,19.0,24.11138899992693,auto
1768375506325,Sunny,Day,0.10930989583333334,100.0,19.0,25.19649400005619,auto
1768375506359,Sunny,Day,0.10966796875,100.0,19.0,28.333582999948703,auto
1768375506389,Sunny,Day,0.10979817708333334,100.0,19.0,24.25768699981745,auto
1768375506419,Sunny,Day,0.11184895833333333,100.0,19.0,24.180390000083207,auto
1768375506451,Sunny,Day,0.11116536458333333,100.0,19.0,25.93009399993207,auto
1768375506483,Sunny,Day,0.11178385416666667,100.0,19.0,25.708239000096,auto
1768375506513,Sunny,Day,0.11220703125,100.0,19.0,23.561141999834945,auto
1768375506546,Sunny,Day,0.11217447916666666,100.0,19.0,26.83002999992823,auto
1768375506576,Sunny,Day,0.11279296875,100.0,19.0,18.20430799989481,auto
1768375506608,Sunny,Day,0.11279296875,100.0,18.0,25.555663999966782,auto
1768375506639,Sunny,Day,0.11350911458333333,100.0,18.0,25.582424000049286,auto
1768375506670,Sunny,Day,0.1138671875,100.0,18.0,25.542627000049833,auto
1768375506702,Sunny,Day,0.11328125,100.0,19.0,24.904268999989654,auto
1768375506733,Sunny,Day,0.11318359375,100.0,18.0,24.68602500016459,auto
1768375506768,Sunny,Day,0.11653645833333333,100.0,17.0,29.50542899998254,auto
1768375506796,Sunny,Day,0.11487630208333334,100.0,18.0,19.28665200011892,auto
1768375506827,Sunny,Day,0.11458333333333333,100.0,17.0,24.734952000017074,auto
1768375506860,Sunny,Day,0.11529947916666666,100.0,18.0,26.89604900001541,auto
1768375506890,Sunny,Day,0.11598307291666667,100.0,17.0,23.954646999982288,auto
1768375506921,Sunny,Day,0.11650390625,100.0,17.0,25.94676100011384,auto
1768375506953,Sunny,Day,0.11256510416666667,100.0,18.0,25.50971899995602,auto
1768375506986,Sunny,Day,0.11419270833333334,100.0,17.0,26.347877000034714,auto
1768375507015,Sunny,Day,0.11126302083333334,100.0,17.0,20.03123500003312,auto
1768375507047,Sunny,Day,0.10927734375,100.0,15.0,25.72294499987038,auto
1768375507078,Sunny,Day,0.10908203125,100.0,18.0,25.518610000062836,auto
1768375507110,Sunny,Day,0.11106770833333333,100.0,19.0,25.1976619999823,auto
1768375507143,Sunny,Day,0.10859375,100.0,19.0,26.884957999982362,auto
1768375507177,Sunny,Day,0.10794270833333333,100.0,20.0,27.861839000024702,auto
1768375507204,Sunny,Day,0.11038411458333333,100.0,20.0,19.297930999982782,auto
1768375507235,Sunny,Day,0.10589192708333334,100.0,21.0,25.48942399994303,auto
1768375507271,Sunny,Day,0.10465494791666667,100.0,21.0,29.40791200012427,auto
1768375507298,Sunny,Day,0.10657552083333334,100.0,20.0,21.38160100003006,auto
1768375507331,Sunny,Day,0.10485026041666666,100.0,22.0,27.542854000103034,auto
1768375507361,Sunny,Day,0.10511067708333334,100.0,21.0,22.0353500001238,auto
1768375507392,Sunny,Day,0.1046875,100.0,23.0,25.28421800002434,auto
1768375507424,Sunny,Day,0.10520833333333333,100.0,25.0,26.547306000111348,auto
1768375507457,Sunny,Day,0.10305989583333333,100.0,23.0,26.52873199986061,auto
1768375507486,Sunny,Day,0.10735677083333334,100.0,22.0,23.2681219999904,auto
1768375507518,Sunny,Day,0.10611979166666667,100.0,26.0,25.96602200014786,auto
1768375507549,Sunny,Day,0.10198567708333334,100.0,28.0,22.90734099983638,auto
1768375507583,Sunny,Day,0.10315755208333334,100.0,31.0,27.619910000112213,auto
1768375507614,Sunny,Day,0.10380859375,100.0,35.0,25.62379599999076,auto
1768375507644,Sunny,Day,0.1138671875,100.0,35.0,23.220584999990024,auto
1768375507675,Sunny,Day,0.11552734375,100.0,37.0,25.74759300000551,auto
1768375507706,Sunny,Day,0.11324869791666667,100.0,33.0,25.578998999890246,auto
1768375507738,Sunny,Day,0.11136067708333333,100.0,32.0,25.856076999843935,auto
1768375507771,Sunny,Day,0.1091796875,100.0,32.0,27.590038999960598,auto
1768375507801,Sunny,Day,0.10989583333333333,100.0,28.0,22.991785999920467,auto
1768375507832,Sunny,Day,0.10794270833333333,100.0,23.0,24.020982999900298,auto
1768375507863,Sunny,Day,0.10240885416666666,100.0,20.0,25.53788699992765,auto
1768375507895,Sunny,Day,0.10413411458333334,100.0,17.0,25.36529300004986,auto
1768375507926,Sunny,Day,0.10390625,100.0,17.0,25.047975000006772,auto
1768375507958,Sunny,Day,0.10517578125,100.0,18.0,25.756963999810978,auto
1768375507992,Sunny,Day,0.1017578125,100.0,19.0,28.212175999897227,auto
1768375508020,Sunny,Day,0.10266927083333334,100.0,19.0,22.905693999973664,auto
1768375508052,Sunny,Day,0.10419921875,100.0,20.0,24.994031000005634,auto
1768375508084,Sunny,Day,0.10478515625,100.0,20.0,25.61400100012179,auto
1768375508115,Sunny,Day,0.10452473958333333,100.0,20.0,24.41302500005804,auto
1768375508147,Sunny,Day,0.10364583333333334,100.0,19.0,26.174581000077524,auto
1768375508177,Sunny,Day,0.10315755208333334,100.0,20.0,23.958020000009128,auto
1768375508209,Sunny,Day,0.10319010416666667,100.0,20.0,25.748373000169522,auto
1768375508241,Sunny,Day,0.10283203125,100.0,20.0,27.024554000036005,auto
1768375508271,Sunny,Day,0.10296223958333334,100.0,20.0,23.457310999901893,auto
1768375508303,Sunny,Day,0.10250651041666667,100.0,20.0,25.315738000017518,auto
1768375508335,Sunny,Day,0.10169270833333334,100.0,20.0,25.328811999997924,auto
1768375508365,Sunny,Day,0.10182291666666667,100.0,20.0,24.93827099988266,auto
1768375508399,Sunny,Day,0.10201822916666667,100.0,21.0,28.066194999837535,auto
1768375508429,Sunny,Day,0.10104166666666667,100.0,21.0,24.33224599985806,auto
1768375508461,Sunny,Day,0.10078125,100.0,21.0,25.970283000106065,auto
1768375508491,Sunny,Day,0.10048828125,100.0,21.0,22.892527000067275,auto
1768375508524,Sunny,Day,0.09993489583333333,100.0,21.0,24.30452399994465,auto
1768375508555,Sunny,Day,0.09990234375,100.0,22.0,24.626748999935444,auto
1768375508586,Sunny,Day,0.1001953125,100.0,22.0,19.40652600001158,auto
1768375508617,Sunny,Day,0.10029296875,100.0,23.0,25.620224000022063,auto
1768375508650,Sunny,Day,0.09990234375,100.0,23.0,26.651641999933418,auto
1768375508683,Sunny,Day,0.09951171875,100.0,23.0,24.894753000126002,auto
1768375508714,Sunny,Day,0.09918619791666666,100.0,24.0,23.592145999828062,auto
1768375508748,Sunny,Day,0.0990234375,100.0,24.0,25.908560000061698,auto
1768375508778,Sunny,Day,0.09895833333333333,100.0,25.0,21.492936999948142,auto
1768375508809,Sunny,Day,0.09716796875,100.0,24.0,24.40989499996249,auto
1768375508840,Sunny,Day,0.09778645833333334,100.0,25.0,23.552219999828594,auto
1768375508871,Sunny,Day,0.09759114583333334,100.0,26.0,19.993254999917554,auto
1768375508902,Sunny,Day,0.09827473958333334,100.0,26.0,24.59924899994803,auto
1768375508936,Sunny,Day,0.09811197916666667,100.0,26.0,26.34165699987534,auto
1768375508966,Sunny,Day,0.097265625,100.0,26.0,20.709170000145605,auto
1768375508996,Sunny,Day,0.0974609375,100.0,27.0,22.432596999806265,auto
1768375509028,Sunny,Day,0.09625651041666666,100.0,27.0,19.907866000039576,auto
1768375509061,Sunny,Day,0.09742838541666667,100.0,27.0,24.800585999855684,auto
1768375509090,Sunny,Day,0.09524739583333333,100.0,26.0,20.758985999918877,auto
1768375509121,Sunny,Day,0.09488932291666667,100.0,26.0,24.44711999987703,auto
1768375509153,Sunny,Day,0.09671223958333333,100.0,26.0,25.012774000060745,auto
1768375509186,Sunny,Day,0.0951171875,100.0,25.0,26.100155999984054,auto
1768375509219,Sunny,Day,0.09488932291666667,100.0,25.0,25.16120099994623,auto
1768375509248,Sunny,Day,0.09638671875,100.0,26.0,21.3123999999425,auto
1768375509279,Sunny,Day,0.09645182291666667,100.0,24.0,23.965890999988915,auto
1768375509310,Sunny,Day,0.09586588541666667,100.0,24.0,24.127337999971132,auto
1768375509345,Sunny,Day,0.09602864583333333,100.0,23.0,27.137834000086514,auto
1768375509374,Sunny,Day,0.09661458333333334,100.0,22.0,20.726781999883315,auto
1768375509405,Sunny,Day,0.09508463541666666,100.0,20.0,23.04912299996431,auto
1768375509437,Sunny,Day,0.09671223958333333,100.0,19.0,24.86299399993186,auto
1768375509470,Sunny,Day,0.0970703125,100.0,19.0,25.270796000086193,auto
1768375509498,Sunny,Day,0.09755859375,100.0,18.0,20.762876000162578,auto
1768375509530,Sunny,Day,0.096875,100.0,18.0,24.57484299998214,auto
1768375509562,Sunny,Day,0.0970703125,100.0,17.0,24.48080499993921,auto
1768375509593,Sunny,Day,0.09820963541666666,100.0,16.0,23.10708599998179,auto
1768375509626,Sunny,Day,0.09641927083333333,100.0,15.0,21.677514999964842,auto
1768375509660,Sunny,Day,0.09677734375,100.0,15.0,18.92730000008669,auto
1768375509688,Sunny,Day,0.09833984375,100.0,16.0,19.24465499996586,auto
1768375509719,Sunny,Day,0.09697265625,100.0,16.0,23.63399999990179,auto
1768375509750,Sunny,Day,0.09534505208333334,100.0,17.0,23.64164699997673,auto
1768375509781,Sunny,Day,0.09527994791666666,100.0,17.0,24.057874000163793,auto
1768375509815,Sunny,Day,0.09518229166666667,100.0,18.0,27.422171000125672,auto
1768375509844,Sunny,Day,0.09720052083333333,100.0,19.0,17.958973999839145,auto
1768375509877,Sunny,Day,0.09638671875,100.0,19.0,24.41011900009471,auto
1768375509907,Sunny,Day,0.09713541666666667,100.0,20.0,21.95849999998245,auto
1768375509939,Sunny,Day,0.09827473958333334,100.0,21.0,25.037384999905044,auto
1768375509970,Sunny,Day,0.09830729166666667,100.0,21.0,24.241284000027008,auto
1768375510001,Sunny,Day,0.0982421875,100.0,21.0,22.66200700000809,auto
1768375510034,Sunny,Day,0.09814453125,100.0,21.0,25.558095999940633,auto
1768375510064,Sunny,Day,0.09807942708333334,100.0,21.0,22.865991999879043,auto
1768375510095,Sunny,Day,0.09801432291666666,100.0,21.0,24.44499100010944,auto
1768375510127,Sunny,Day,0.09905598958333334,100.0,22.0,23.82063200002449,auto
1768375510158,Sunny,Day,0.09781901041666667,100.0,21.0,23.136994999958915,auto
1768375510190,Sunny,Day,0.0990234375,100.0,21.0,23.676464000118358,auto
1768375510221,Sunny,Day,0.09912109375,100.0,21.0,23.213162999809356,auto
1768375510253,Sunny,Day,0.09977213541666667,100.0,21.0,23.939708000170867,auto
1768375510285,Sunny,Day,0.09840494791666667,100.0,20.0,25.001997000117626,auto
1768375510315,Sunny,Day,0.09925130208333334,100.0,20.0,22.4140239999997,auto
1768375510346,Sunny,Day,0.0998046875,100.0,20.0,24.415250000174638,auto
1768375510380,Sunny,Day,0.09886067708333333,100.0,20.0,27.09509400006027,auto
1768375510409,Sunny,Day,0.0994140625,100.0,20.0,20.798950999960653,auto
1768375510444,Sunny,Day,0.09925130208333334,100.0,20.0,26.25812200017208,auto
1768375510474,Sunny,Day,0.09921875,100.0,20.0,23.524795999946946,auto
1768375510504,Sunny,Day,0.09892578125,100.0,20.0,23.08610599993699,auto
1768375510536,Sunny,Day,0.09931640625,100.0,20.0,24.713624000014534,auto
1768375510566,Sunny,Day,0.09947916666666666,100.0,20.0,13.18723700001101,auto
1768375510600,Sunny,Day,0.09964192708333333,100.0,20.0,23.195884999950067,auto
1768375510629,Sunny,Day,0.09899088541666666,100.0,20.0,19.695605999913823,auto
1768375510661,Sunny,Day,0.0994140625,100.0,20.0,23.169531999883475,auto
1768375510692,Sunny,Day,0.09918619791666666,100.0,20.0,23.692908999919382,auto
1768375510724,Sunny,Day,0.09964192708333333,100.0,20.0,24.830625000049622,auto
1768375510757,Sunny,Day,0.09915364583333333,100.0,20.0,25.01984899981835,auto
1768375510787,Sunny,Day,0.09970703125,100.0,20.0,17.931123999915144,auto
1768375510819,Sunny,Day,0.09983723958333333,100.0,20.0,24.68386400005329,auto
1768375510850,Sunny,Day,0.09993489583333333,100.0,20.0,23.91331899980287,auto
1768375510881,Sunny,Day,0.09925130208333334,100.0,20.0,24.212784999917858,auto
1768375510915,Sunny,Day,0.10013020833333333,100.0,20.0,25.37766799991914,auto
1768375510943,Sunny,Day,0.09990234375,100.0,20.0,17.007353000053627,auto
1768375510974,Sunny,Day,0.09990234375,100.0,19.0,23.615316000132225,auto
1768375511007,Sunny,Day,0.09970703125,100.0,19.0,25.974044999884427,auto
1768375511038,Sunny,Day,0.09973958333333334,100.0,19.0,17.616232000136733,auto
1768375511069,Sunny,Day,0.09947916666666666,100.0,19.0,24.467289000085657,auto
1768375511101,Sunny,Day,0.09928385416666667,100.0,19.0,25.267187000054037,auto
1768375511131,Sunny,Day,0.09918619791666666,100.0,19.0,22.101595999856727,auto
1768375511164,Sunny,Day,0.09938151041666667,100.0,19.0,25.347133000195754,auto
1768375511195,Sunny,Day,0.10009765625,100.0,19.0,18.75985500009847,auto
1768375511230,Sunny,Day,0.1005859375,100.0,19.0,26.658608999923672,auto
1768375511259,Sunny,Day,0.09993489583333333,100.0,19.0,22.38804400008121,auto
1768375511290,Sunny,Day,0.099609375,100.0,19.0,22.840511999902446,auto
1768375511320,Sunny,Day,0.09905598958333334,100.0,20.0,22.422821999953158,auto
1768375511351,Sunny,Day,0.09879557291666667,100.0,20.0,23.997210000061386,auto
1768375511383,Sunny,Day,0.09957682291666667,100.0,19.0,26.072177000060037,auto
1768375511414,Sunny,Day,0.10029296875,100.0,19.0,21.095658999911393,auto
1768375511445,Sunny,Day,0.10016276041666666,100.0,19.0,23.759337000001324,auto
1768375511479,Sunny,Day,0.10013020833333333,100.0,18.0,26.247420000117927,auto
1768375511508,Sunny,Day,0.09970703125,100.0,19.0,20.093519000056403,auto
1768375511540,Sunny,Day,0.1,100.0,19.0,25.299428000153057,auto
1768375511572,Sunny,Day,0.09925130208333334,100.0,19.0,23.734928999829208,auto
1768375511604,Sunny,Day,0.10035807291666667,100.0,19.0,24.345528000139893,auto
1768375511633,Sunny,Day,0.10074869791666667,100.0,19.0,22.585101000004215,auto
1768375511669,Sunny,Day,0.09895833333333333,100.0,19.0,28.49542599983579,auto
1768375511696,Sunny,Day,0.10013020833333333,100.0,20.0,19.743403000120452,auto
1768375511729,Sunny,Day,0.0994140625,100.0,20.0,24.776217999942673,auto
1768375511760,Sunny,Day,0.1005859375,100.0,20.0,23.86902399985047,auto
1768375511792,Sunny,Day,0.10107421875,100.0,20.0,24.10539599986805,auto
1768375511825,Sunny,Day,0.10009765625,100.0,21.0,19.523326999888013,auto
1768375511854,Sunny,Day,0.10074869791666667,100.0,20.0,22.229690999893137,auto
1768375511886,Sunny,Day,0.10071614583333334,100.0,20.0,23.173386000053142,auto
1768375511916,Sunny,Day,0.10048828125,100.0,20.0,21.543923000081122,auto
1768375511950,Sunny,Day,0.10022786458333334,100.0,20.0,27.457710999897245,auto
1768375511979,Sunny,Day,0.10045572916666666,100.0,21.0,20.901119999962248,auto
1768375512013,Sunny,Day,0.10022786458333334,100.0,21.0,27.147708000029525,auto
1768375512042,Sunny,Day,0.10029296875,100.0,20.0,22.27989599987268,auto
1768375512076,Sunny,Day,0.10006510416666667,100.0,20.0,26.285644000154207,auto
1768375512107,Sunny,Day,0.09957682291666667,100.0,20.0,24.106211999878724,auto
1768375512137,Sunny,Day,0.09899088541666666,100.0,21.0,19.560161000072185,auto
1768375512167,Sunny,Day,0.09912109375,100.0,20.0,23.040830000127244,auto
1768375512201,Sunny,Day,0.0986328125,100.0,20.0,26.68162999998458,auto
1768375512230,Sunny,Day,0.09879557291666667,100.0,20.0,21.229607000122996,auto
1768375512263,Sunny,Day,0.09814453125,100.0,21.0,25.236039999981585,auto
1768375512295,Sunny,Day,0.09837239583333333,100.0,21.0,24.743663999970522,auto
1768375512326,Sunny,Day,0.09879557291666667,100.0,21.0,22.59165899999971,auto
1768375512358,Sunny,Day,0.0974609375,100.0,21.0,24.406881999993857,auto
1768375512387,Sunny,Day,0.09778645833333334,100.0,21.0,21.533794999868405,auto
1768375512420,Sunny,Day,0.09791666666666667,100.0,21.0,25.512467999988075,auto
1768375512449,Sunny,Day,0.09759114583333334,100.0,21.0,22.11291200001142,auto
1768375512482,Sunny,Day,0.09814453125,100.0,20.0,25.526320999915697,auto
1768375512516,Sunny,Day,0.098046875,100.0,20.0,25.66150799998468,auto
1768375512548,Sunny,Day,0.09765625,100.0,21.0,23.334981000061816,auto
1768375512578,Sunny,Day,0.0958984375,100.0,20.0,22.27052599982926,auto
1768375512608,Sunny,Day,0.0978515625,100.0,21.0,22.626695000099062,auto
1768375512642,Sunny,Day,0.09869791666666666,100.0,20.0,21.08058599992546,auto
1768375512669,Sunny,Day,0.09739583333333333,100.0,21.0,20.616117999907146,auto
1768375512701,Sunny,Day,0.09889322916666667,100.0,21.0,25.59421000000839,auto
1768375512735,Sunny,Day,0.0974609375,100.0,20.0,26.83378000006087,auto
1768375512764,Sunny,Day,0.09837239583333333,100.0,20.0,21.129956999857313,auto
1768375512796,Sunny,Day,0.0982421875,100.0,20.0,23.62233600001673,auto
1768375512830,Sunny,Day,0.09850260416666666,100.0,20.0,25.254133000089496,auto
1768375512859,Sunny,Day,0.09889322916666667,100.0,20.0,19.844924999915747,auto
1768375512891,Sunny,Day,0.09934895833333333,100.0,21.0,25.138667999954123,auto
1768375512922,Sunny,Day,0.0984375,100.0,21.0,23.340167000014844,auto
1768375512955,Sunny,Day,0.09934895833333333,100.0,21.0,25.638693000018975,auto
1768375512983,Sunny,Day,0.10013020833333333,100.0,21.0,20.109094000190453,auto
1768375513016,Sunny,Day,0.10013020833333333,100.0,21.0,25.895048000165843,auto
1768375513047,Sunny,Day,0.09983723958333333,100.0,21.0,18.470928999931857,auto
1768375513082,Sunny,Day,0.09921875,100.0,21.0,25.961826999946425,auto
1768375513112,Sunny,Day,0.0986328125,100.0,21.0,21.728946999928667,auto
1768375513143,Sunny,Day,0.0990234375,100.0,21.0,22.0229130000007,auto
1768375513174,Sunny,Day,0.09820963541666666,100.0,21.0,23.67619000006016,auto
1768375513207,Sunny,Day,0.09886067708333333,100.0,21.0,25.873993000004702,auto
1768375513235,Sunny,Day,0.09944661458333333,100.0,21.0,17.88481100015815,auto
1768375513268,Sunny,Day,0.09921875,100.0,21.0,23.96845199996278,auto
1768375513298,Sunny,Day,0.09762369791666667,100.0,21.0,21.64490800009844,auto
1768375513329,Sunny,Day,0.09873046875,100.0,21.0,20.494137000014234,auto
1768375513360,Sunny,Day,0.09866536458333333,100.0,21.0,18.45461300013085,auto
1768375513393,Sunny,Day,0.09860026041666667,100.0,22.0,26.097734999893873,auto
1768375513427,Sunny,Day,0.09830729166666667,100.0,21.0,21.92661499998394,auto
1768375513456,Sunny,Day,0.09772135416666666,100.0,22.0,21.457425000107833,auto
1768375513487,Sunny,Day,0.09794921875,100.0,22.0,23.731634999876405,auto
1768375513517,Sunny,Day,0.0962890625,100.0,21.0,21.398480000016207,auto
1768375513549,Sunny,Day,0.09671223958333333,100.0,21.0,25.766658000065945,auto
1768375513579,Sunny,Day,0.09736328125,100.0,21.0,22.971885999822916,auto
1768375513613,Sunny,Day,0.09775390625,100.0,21.0,26.586833999999726,auto
1768375513645,Sunny,Day,0.09720052083333333,100.0,22.0,19.3287719998807,auto
1768375513678,Sunny,Day,0.09645182291666667,100.0,21.0,24.840981000124884,auto
1768375513708,Sunny,Day,0.09713541666666667,100.0,22.0,18.58341100000871,auto
1768375513742,Sunny,Day,0.09622395833333333,100.0,22.0,26.795909999918877,auto
1768375513770,Sunny,Day,0.09554036458333333,100.0,21.0,19.663070999968113,auto
1768375513800,Sunny,Day,0.09713541666666667,100.0,21.0,18.343130999937785,auto
1768375513833,Sunny,Day,0.09580078125,100.0,21.0,25.996124000130294,auto
1768375513863,Sunny,Day,0.09560546875,100.0,22.0,22.14428500019494,auto
1768375513895,Sunny,Day,0.09580078125,100.0,22.0,24.873055000171007,auto
1768375513926,Sunny,Day,0.09593098958333333,100.0,22.0,23.394205999920814,auto
1768375513959,Sunny,Day,0.09449869791666667,100.0,21.0,26.616370999818173,auto
1768375513989,Sunny,Day,0.09544270833333333,100.0,22.0,22.083284000018466,auto
1768375514022,Sunny,Day,0.09505208333333333,100.0,23.0,26.03755099994487,auto
1768375514051,Sunny,Day,0.09521484375,100.0,23.0,21.701316999951814,auto
1768375514085,Sunny,Day,0.09430338541666666,100.0,22.0,26.689465999879758,auto
1768375514115,Sunny,Day,0.09498697916666667,100.0,-21.0,22.72895900000549,auto
1768375514145,Sunny,Day,0.094140625,100.0,-21.0,23.280502000034176,auto
1768375514176,Sunny,Day,0.09466145833333334,100.0,-22.0,18.095721999998204,auto
1768375514209,Sunny,Day,0.09186197916666666,100.0,-20.0,26.99578500005373,auto
1768375514241,Sunny,Day,0.09104817708333333,100.0,28.0,24.539683000057266,auto
1768375514272,Sunny,Day,0.0923828125,100.0,32.0,21.82824500005154,auto
1768375514306,Sunny,Day,0.09537760416666667,100.0,35.0,20.90751199989427,auto
1768375514334,Sunny,Day,0.09889322916666667,100.0,37.0,20.338190999837025,auto
1768375514367,Sunny,Day,0.0986328125,100.0,37.0,25.416192000193405,auto
1768375514396,Sunny,Day,0.09514973958333334,100.0,35.0,22.314991000030204,auto
1768375514428,Sunny,Day,0.09270833333333334,100.0,-16.0,25.15306000009332,auto
1768375514460,Sunny,Day,0.09111328125,100.0,-19.0,25.217412999836597,auto
1768375514491,Sunny,Day,0.08821614583333333,100.0,-22.0,22.754310999971494,auto
1768375514522,Sunny,Day,0.0876953125,100.0,-22.0,24.608110000144734,auto
1768375514554,Sunny,Day,0.08818359375,100.0,-20.0,23.522523000110596,auto
1768375514586,Sunny,Day,0.09140625,100.0,-18.0,23.39524400008486,auto
1768375514616,Sunny,Day,0.09140625,100.0,-16.0,22.8012929999295,auto
1768375514648,Sunny,Day,0.09270833333333334,100.0,39.0,25.39939600001162,auto
1768375514681,Sunny,Day,0.09329427083333333,100.0,42.0,26.082718999987264,auto
1768375514713,Sunny,Day,0.09235026041666666,100.0,44.0,22.72608799989939,auto
1768375514742,Sunny,Day,0.0958984375,100.0,43.0,19.43144000006214,auto
1768375514776,Sunny,Day,0.09202473958333333,100.0,-12.0,26.207665000129055,auto
1768375514806,Sunny,Day,0.08990885416666666,100.0,-16.0,22.908109000127297,auto
1768375514836,Sunny,Day,0.08857421875,100.0,-20.0,20.697602000154802,auto
1768375514868,Sunny,Day,0.08896484375,100.0,-21.0,25.93473499996435,auto
1768375514900,Sunny,Day,0.09095052083333334,100.0,-20.0,24.45977499996843,auto
1768375514933,Sunny,Day,0.08961588541666667,100.0,-20.0,24.3047909998495,auto
1768375514963,Sunny,Day,0.09309895833333333,100.0,-18.0,22.966979999864634,auto
1768375514994,Sunny,Day,0.09833984375,100.0,-15.0,21.98652500010212,auto
1768375515025,Sunny,Day,0.10009765625,100.0,-18.0,24.086290000013832,auto
1768375515057,Sunny,Day,0.09720052083333333,100.0,-12.0,25.45441700021911,auto
1768375515088,Sunny,Day,0.09534505208333334,100.0,-11.0,23.88338100013243,auto
1768375515119,Sunny,Day,0.0955078125,100.0,46.0,23.323318999928233,auto
1768375515154,Sunny,Day,0.09622395833333333,100.0,49.0,26.84480299990355,auto
1768375515182,Sunny,Day,0.09755859375,100.0,49.0,20.722716000136643,auto
1768375515218,Sunny,Day,0.10361328125,100.0,-17.0,28.725899000164645,auto
1768375515244,Sunny,Day,0.0951171875,100.0,44.0,19.312736000074437,auto
1768375515276,Sunny,Day,0.09254557291666667,100.0,-16.0,23.707378000153767,auto
1768375515308,Sunny,Day,0.10061848958333333,100.0,-24.0,25.540825000007317,auto
1768375515341,Sunny,Day,0.09840494791666667,100.0,-24.0,20.30947000002925,auto
1768375515372,Sunny,Day,0.0958984375,100.0,-26.0,23.743749000004755,auto
1768375515402,Sunny,Day,0.09518229166666667,100.0,-27.0,21.439020000116216,auto
1768375515433,Sunny,Day,0.09498697916666667,100.0,21.0,22.435290000203167,auto
1768375515465,Sunny,Day,0.09840494791666667,100.0,-24.0,23.87925100015309,auto
1768375515497,Sunny,Day,0.09876302083333334,100.0,-25.0,24.805650000189416,auto
1768375515528,Sunny,Day,0.10084635416666667,100.0,23.0,19.808037999837325,auto
1768375515559,Sunny,Day,0.09973958333333334,100.0,-23.0,23.167446000115888,auto
1768375515590,Sunny,Day,0.10009765625,100.0,-22.0,24.074809000012465,auto
1768375515622,Sunny,Day,0.10074869791666667,100.0,-22.0,25.213765999978932,auto
1768375515655,Sunny,Day,0.09840494791666667,100.0,-20.0,24.166587999843614,auto
1768375515685,Sunny,Day,0.09736328125,100.0,-17.0,20.06859599987365,auto
1768375515718,Sunny,Day,0.09563802083333334,100.0,-16.0,24.724074999994627,auto
1768375515750,Sunny,Day,0.09156901041666667,100.0,-17.0,24.433035000129166,auto
1768375515779,Sunny,Day,0.09195963541666667,100.0,-12.0,22.185621000062383,auto
1768375515812,Sunny,Day,0.089453125,100.0,-14.0,24.89502199978233,auto
1768375515842,Sunny,Day,0.08922526041666666,100.0,-12.0,22.607885000070382,auto
1768375515875,Sunny,Day,0.08896484375,100.0,-13.0,25.783864999993966,auto
1768375515905,Sunny,Day,0.08629557291666666,100.0,-14.0,23.024907000035455,auto
1768375515937,Sunny,Day,0.08502604166666666,100.0,-13.0,24.052123000046777,auto
1768375515967,Sunny,Day,0.08564453125,100.0,-12.0,21.79395000007389,auto
1768375515999,Sunny,Day,0.08785807291666667,100.0,-12.0,25.750013000106264,auto
1768375516031,Sunny,Day,0.0865234375,100.0,-13.0,23.49295199996959,auto
1768375516061,Sunny,Day,0.08382161458333333,100.0,-12.0,23.143669999853955,auto
1768375516093,Sunny,Day,0.08453776041666666,100.0,-13.0,24.68507599996883,auto
1768375516126,Sunny,Day,0.08629557291666666,100.0,-12.0,24.84394899988729,auto
1768375516158,Sunny,Day,0.0849609375,100.0,-15.0,21.401779999905557,auto
1768375516187,Sunny,Day,0.08427734375,100.0,-13.0,22.097083999824463,auto
1768375516220,Sunny,Day,0.083203125,100.0,-12.0,25.654956999915157,auto
1768375516250,Sunny,Day,0.08766276041666667,100.0,-11.0,22.763757999882728,auto
1768375516283,Sunny,Day,0.08727213541666666,100.0,-14.0,24.78755899983298,auto
1768375516313,Sunny,Day,0.08356119791666666,100.0,-13.0,22.104454999862355,auto
1768375516344,Sunny,Day,0.08616536458333333,100.0,-12.0,18.25631799988514,auto
1768375516375,Sunny,Day,0.08697916666666666,100.0,-11.0,23.552526000003127,auto
1768375516408,Sunny,Day,0.08658854166666667,100.0,-17.0,24.64089000000058,auto
1768375516439,Sunny,Day,0.08375651041666667,100.0,-13.0,23.56310000004669,auto
1768375516470,Sunny,Day,0.08528645833333333,100.0,-13.0,21.9535270000506,auto
1768375516501,Sunny,Day,0.0875,100.0,-12.0,23.88467900004798,auto
1768375516533,Sunny,Day,0.08297526041666667,100.0,-15.0,24.800281000125324,auto
1768375516566,Sunny,Day,0.08626302083333333,100.0,-15.0,20.887939999965965,auto
1768375516595,Sunny,Day,0.08645833333333333,100.0,-15.0,20.644808000042758,auto
1768375516627,Sunny,Day,0.08570963541666667,100.0,-13.0,24.639039000021512,auto
1768375516658,Sunny,Day,0.08688151041666667,100.0,-12.0,18.63052599992443,auto
1768375516690,Sunny,Day,0.08759765625,100.0,-18.0,24.296219999996538,auto
1768375516722,Sunny,Day,0.08636067708333334,100.0,-14.0,24.8761520001608,auto
1768375516753,Sunny,Day,0.08525390625,100.0,-15.0,23.25393000000986,auto
1768375516785,Sunny,Day,0.087890625,100.0,-15.0,24.18475599984049,auto
1768375516817,Sunny,Day,0.08974609375,100.0,-14.0,23.91977100000986,auto
1768375516847,Sunny,Day,0.08522135416666667,100.0,-14.0,22.36975400001029,auto
1768375516877,Sunny,Day,0.08668619791666667,100.0,-14.0,20.726050000121177,auto
1768375516910,Sunny,Day,0.08785807291666667,100.0,-12.0,25.08983999996417,auto
1768375516941,Sunny,Day,0.08805338541666667,100.0,-11.0,23.46702600016215,auto
1768375516971,Sunny,Day,0.08766276041666667,100.0,-13.0,23.255448999861983,auto
1768375517004,Sunny,Day,0.08681640625,100.0,-12.0,26.376743999890095,auto
1768375517035,Sunny,Day,0.08714192708333333,100.0,-11.0,23.108652000018992,auto
1768375517067,Sunny,Day,0.08896484375,100.0,-12.0,24.90474599994741,auto
1768375517097,Sunny,Day,0.08942057291666666,100.0,-12.0,23.23652400013998,auto
1768375517130,Sunny,Day,0.0890625,100.0,-13.0,23.730493000130082,auto
1768375517160,Sunny,Day,0.08860677083333333,100.0,-12.0,22.326290999899356,auto
1768375517192,Sunny,Day,0.08902994791666667,100.0,-13.0,24.950968999974066,auto
1768375517227,Sunny,Day,0.08802083333333334,100.0,-15.0,25.80483099995945,auto
1768375517255,Sunny,Day,0.08916015625,100.0,-14.0,19.795576999968034,auto
1768375517286,Sunny,Day,0.08831380208333334,100.0,-14.0,23.32800599992879,auto
1768375517317,Sunny,Day,0.0873046875,100.0,-13.0,18.576840999912747,auto
1768375517351,Sunny,Day,0.08805338541666667,100.0,-14.0,26.329762999921513,auto
1768375517382,Sunny,Day,0.08798828125,100.0,-13.0,23.323765999975876,auto
1768375517414,Sunny,Day,0.08557942708333334,100.0,-13.0,25.502753000182565,auto
1768375517443,Sunny,Day,0.08649088541666666,100.0,-12.0,21.43517000013162,auto
1768375517475,Sunny,Day,0.08720703125,100.0,-10.0,24.389649000113423,auto
1768375517506,Sunny,Day,0.08531901041666666,100.0,-11.0,24.316054999871994,auto
1768375517538,Sunny,Day,0.08492838541666667,100.0,-11.0,22.53071999984968,auto
1768375517569,Sunny,Day,0.0841796875,100.0,1.0,23.825844999919354,auto
1768375517599,Sunny,Day,0.08623046875,100.0,-9.0,22.604460999900766,auto
1768375517632,Sunny,Day,0.08444010416666667,100.0,-11.0,25.018821999992724,auto
1768375517662,Sunny,Day,0.08473307291666667,100.0,-27.0,23.87566099992,auto
1768375517693,Sunny,Day,0.08359375,100.0,-26.0,23.932476999789287,auto
1768375517728,Sunny,Day,0.08688151041666667,100.0,-13.0,27.371108000124877,auto
1768375517759,Sunny,Day,0.08616536458333333,100.0,-12.0,24.046755999961533,auto
1768375517789,Sunny,Day,0.08450520833333333,100.0,-23.0,21.632376000070508,auto
1768375517822,Sunny,Day,0.08313802083333334,100.0,-9.0,25.582551000070453,auto
1768375517852,Sunny,Day,0.082421875,100.0,-20.0,21.048054000175398,auto
1768375517882,Sunny,Day,0.08444010416666667,100.0,-6.0,21.925953999925696,auto
1768375517913,Sunny,Day,0.08147786458333334,100.0,-5.0,24.51811299988549,auto
1768375517947,Sunny,Day,0.07880859375,100.0,-5.0,27.067993999935425,auto
1768375517976,Sunny,Day,0.08043619791666666,100.0,-6.0,21.641950000002907,auto
1768375518007,Sunny,Day,0.07955729166666667,100.0,-4.0,24.120257000049605,auto
1768375518040,Sunny,Day,0.07893880208333333,100.0,-7.0,25.819703000024674,auto
1768375518073,Sunny,Day,0.07854817708333334,100.0,-8.0,25.001581999958944,auto
1768375518102,Sunny,Day,0.07975260416666667,100.0,-7.0,21.51807900008862,auto
1768375518135,Sunny,Day,0.08216145833333334,100.0,-7.0,25.40436399999635,auto
1768375518166,Sunny,Day,0.08310546875,100.0,-8.0,22.70657500002926,auto
1768375518196,Sunny,Day,0.07906901041666667,100.0,-14.0,21.420263999971212,auto
1768375518229,Sunny,Day,0.08186848958333333,100.0,-15.0,25.382235000051878,auto
1768375518260,Sunny,Day,0.08258463541666666,100.0,-11.0,23.678493000033995,auto
1768375518290,Sunny,Day,0.08092447916666666,100.0,-15.0,22.689721999995527,auto
1768375518322,Sunny,Day,0.08167317708333334,100.0,-16.0,24.53070700016724,auto
1768375518355,Sunny,Day,0.08050130208333334,100.0,-14.0,25.611199999957535,auto
1768375518385,Sunny,Day,0.08046875,100.0,-13.0,22.941169000205264,auto
1768375518416,Sunny,Day,0.08072916666666667,100.0,-10.0,23.94057099991187,auto
1768375518453,Sunny,Day,0.08147786458333334,100.0,-13.0,29.179371000054743,auto
1768375518480,Sunny,Day,0.08072916666666667,100.0,-10.0,17.268697999952565,auto
1768375518511,Sunny,Day,0.07884114583333333,100.0,-12.0,23.806827999806046,auto
1768375518543,Sunny,Day,0.07584635416666667,100.0,-11.0,24.805302000004303,auto
1768375518573,Sunny,Day,0.0791015625,100.0,-12.0,22.783463999985543,auto
1768375518607,Sunny,Day,0.0759765625,100.0,-13.0,27.47870400003194,auto
1768375518635,Sunny,Day,0.07718098958333333,100.0,-13.0,21.273540000038338,auto
1768375518669,Sunny,Day,0.07701822916666666,100.0,-12.0,26.233578000073976,auto
1768375518698,Sunny,Day,0.08098958333333334,100.0,-10.0,21.99752899991836,auto
1768375518731,Sunny,Day,0.07766927083333333,100.0,-11.0,25.56766299994706,auto
1768375518762,Sunny,Day,0.07805989583333334,100.0,-15.0,22.256125000012617,auto
1768375518793,Sunny,Day,0.07825520833333334,100.0,-11.0,23.510584000177914,auto
1768375518826,Sunny,Day,0.08017578125,100.0,-11.0,25.414402000023983,auto
1768375518855,Sunny,Day,0.08111979166666666,100.0,-11.0,21.27587300014966,auto
1768375518887,Sunny,Day,0.0794921875,100.0,-14.0,23.895107000043936,auto
1768375518918,Sunny,Day,0.07962239583333333,100.0,-12.0,24.003219000178433,auto
1768375518951,Sunny,Day,0.08046875,100.0,-13.0,25.439921000042887,auto
1768375518983,Sunny,Day,0.07991536458333333,100.0,-12.0,23.494343000038498,auto
1768375519013,Sunny,Day,0.07779947916666667,100.0,-15.0,22.001401000125043,auto
1768375519044,Sunny,Day,0.0763671875,100.0,-14.0,22.713687000077698,auto
1768375519075,Sunny,Day,0.08001302083333334,100.0,-12.0,24.023090999889973,auto
1768375519107,Sunny,Day,0.080078125,100.0,-12.0,19.470242999886977,auto
1768375519138,Sunny,Day,0.07932942708333333,100.0,-12.0,24.36857699990469,auto
1768375519170,Sunny,Day,0.07884114583333333,100.0,-10.0,24.230001000205448,auto
1768375519202,Sunny,Day,0.07962239583333333,100.0,-11.0,25.136733999943317,auto
1768375519233,Sunny,Day,0.0796875,100.0,-11.0,23.09941299995444,auto
1768375519264,Sunny,Day,0.07923177083333334,100.0,-12.0,23.770847000150752,auto
1768375519296,Sunny,Day,0.078515625,100.0,-12.0,23.603363999882276,auto
1768375519327,Sunny,Day,0.08046875,100.0,-11.0,23.804163000022527,auto
1768375519359,Sunny,Day,0.08040364583333333,100.0,-11.0,24.12111100011316,auto
1768375519393,Sunny,Day,0.08209635416666666,100.0,-11.0,24.645005000138553,auto
1768375519425,Sunny,Day,0.08092447916666666,100.0,-12.0,21.600767000109045,auto
1768375519452,Sunny,Day,0.08050130208333334,100.0,-12.0,20.16775099991719,auto
1768375519483,Sunny,Day,0.080859375,100.0,-12.0,24.245223999969312,auto
1768375519516,Sunny,Day,0.08082682291666667,100.0,-13.0,25.24569699994572,auto
1768375519546,Sunny,Day,0.07985026041666667,100.0,-15.0,23.128135999968435,auto
1768375519579,Sunny,Day,0.08011067708333333,100.0,-14.0,26.094947999808937,auto
1768375519611,Sunny,Day,0.083203125,100.0,-12.0,24.113869999837334,auto
1768375519641,Sunny,Day,0.08180338541666667,100.0,-13.0,22.493462000056752,auto
1768375519672,Sunny,Day,0.08017578125,100.0,-13.0,23.823477999940224,auto
1768375519704,Sunny,Day,0.080078125,100.0,-13.0,23.452974000065296,auto
1768375519735,Sunny,Day,0.08024088541666667,100.0,-12.0,23.05085800003326,auto
1768375519766,Sunny,Day,0.08199869791666667,100.0,-11.0,24.495744999967428,auto
1768375519798,Sunny,Day,0.0798828125,100.0,-11.0,24.469911000096545,auto
1768375519829,Sunny,Day,0.07688802083333333,100.0,-13.0,24.14372199996251,auto
1768375519860,Sunny,Day,0.08017578125,100.0,-13.0,23.96090499996717,auto
1768375519892,Sunny,Day,0.08030598958333333,100.0,-11.0,23.449824999943303,auto
1768375519923,Sunny,Day,0.07965494791666666,100.0,-13.0,23.844958999916344,auto
1768375519956,Sunny,Day,0.07884114583333333,100.0,-14.0,26.11907800019253,auto
1768375519988,Sunny,Day,0.07864583333333333,100.0,-13.0,21.565989000009722,auto
1768375520019,Sunny,Day,0.08118489583333334,100.0,-12.0,23.494252000091365,auto
1768375520048,Sunny,Day,0.07864583333333333,100.0,-12.0,21.113613999887093,auto
1768375520084,Sunny,Day,0.07861328125,100.0,-12.0,28.637663999916185,auto
1768375520111,Sunny,Day,0.07819010416666666,100.0,-10.0,20.137824999892473,auto
1768375520145,Sunny,Day,0.07721354166666666,100.0,-10.0,27.054163999991943,auto
1768375520176,Sunny,Day,0.07747395833333333,100.0,-10.0,24.3425969999862,auto
1768375520206,Sunny,Day,0.07747395833333333,100.0,-10.0,19.139053999879252,auto
1768375520239,Sunny,Day,0.07708333333333334,100.0,-11.0,25.249346999999034,auto
1768375520269,Sunny,Day,0.07766927083333333,100.0,-11.0,22.883320000119056,auto
1768375520301,Sunny,Day,0.07919921875,100.0,-11.0,25.78777999997328,auto
1768375520333,Sunny,Day,0.07965494791666666,100.0,-11.0,24.31365100005678,auto
1768375520364,Sunny,Day,0.07998046875,100.0,-11.0,22.04144000006636,auto
1768375520395,Sunny,Day,0.07854817708333334,100.0,-10.0,24.567136000086975,auto
1768375520425,Sunny,Day,0.08033854166666667,100.0,-10.0,23.3191209999859,auto
1768375520456,Sunny,Day,0.08089192708333333,100.0,-10.0,24.042295999834096,auto
1768375520488,Sunny,Day,0.08072916666666667,100.0,-11.0,24.59459900001093,auto
1768375520519,Sunny,Day,0.078515625,100.0,-11.0,20.106399000042074,auto
1768375520552,Sunny,Day,0.07900390625,100.0,-10.0,24.40511500003595,auto
1768375520582,Sunny,Day,0.07958984375,100.0,-9.0,22.957468999948105,auto
1768375520615,Sunny,Day,0.0796875,100.0,-9.0,25.740705000089292,auto
1768375520647,Sunny,Day,0.07672526041666666,100.0,-9.0,25.362033999954292,auto
1768375520677,Sunny,Day,0.07789713541666667,100.0,-9.0,21.865623000167034,auto
1768375520709,Sunny,Day,0.07740885416666667,100.0,-8.0,23.99049899986494,auto
1768375520741,Sunny,Day,0.0794921875,100.0,-9.0,24.327965999873413,auto
1768375520771,Sunny,Day,0.07692057291666667,100.0,-10.0,23.01660000011907,auto
1768375520803,Sunny,Day,0.076171875,100.0,-9.0,25.014363000082085,auto
1768375520836,Sunny,Day,0.07880859375,100.0,-10.0,24.960233000001608,auto
1768375520866,Sunny,Day,0.08037109375,100.0,-8.0,22.993728000074043,auto
1768375520898,Sunny,Day,0.07864583333333333,100.0,-9.0,24.613284999986718,auto
1768375520929,Sunny,Day,0.07942708333333333,100.0,-9.0,22.988895000025877,auto
1768375520961,Sunny,Day,0.077734375,100.0,-68.0,24.57032100005563,auto
1768375520994,Sunny,Day,0.08011067708333333,100.0,-8.0,25.63031499994395,auto
1768375521023,Sunny,Day,0.07867838541666666,100.0,-13.0,18.92012700000123,auto
1768375521056,Sunny,Day,0.08030598958333333,100.0,-13.0,24.99506799995288,auto
1768375521086,Sunny,Day,0.08154296875,100.0,-63.0,22.14218299991444,auto
1768375521116,Sunny,Day,0.07952473958333334,100.0,-10.0,21.546768999996857,auto
1768375521150,Sunny,Day,0.08323567708333333,100.0,-7.0,26.4515849999043,auto
1768375521180,Sunny,Day,0.07786458333333333,100.0,-56.0,22.89017399994009,auto
1768375521211,Sunny,Day,0.0787109375,100.0,-54.0,23.127268000052936,auto
1768375521244,Sunny,Day,0.08473307291666667,100.0,-54.0,25.180718000001434,auto
1768375521278,Sunny,Day,0.07643229166666667,100.0,-50.0,25.64898299988272,auto
1768375521311,Sunny,Day,0.0849609375,100.0,-46.0,17.24112600004446,auto
1768375521339,Sunny,Day,0.08024088541666667,100.0,-42.0,20.114325999884386,auto
1768375521369,Sunny,Day,0.08131510416666667,100.0,-39.0,22.577947999934622,auto
1768375521401,Sunny,Day,0.07711588541666667,100.0,-35.0,25.521037000089564,auto
1768375521430,Sunny,Day,0.07750651041666666,100.0,-32.0,22.1107380000376,auto
1768375521464,Sunny,Day,0.07535807291666667,100.0,-29.0,27.190648999976474,auto
1768375521494,Sunny,Day,0.07337239583333334,100.0,-26.0,22.132461000182957,auto
1768375521525,Sunny,Day,0.0703125,100.0,-24.0,22.455687000046964,auto
1768375521557,Sunny,Day,0.07073567708333334,100.0,-23.0,24.518137000086426,auto
1768375521588,Sunny,Day,0.07194010416666667,100.0,-22.0,24.85610300004737,auto
1768375521620,Sunny,Day,0.07239583333333334,100.0,-22.0,24.728212999889365,auto
1768375521651,Sunny,Day,0.07141927083333334,100.0,-23.0,15.539494999984527,auto
1768375521681,Sunny,Day,0.07063802083333333,100.0,-25.0,22.743930999922668,auto
1768375521712,Sunny,Day,0.07379557291666666,100.0,-25.0,24.580877999824224,auto
1768375521746,Sunny,Day,0.0708984375,100.0,-26.0,25.052606000144806,auto
1768375521777,Sunny,Day,0.07132161458333333,100.0,-27.0,22.78268999998545,auto
1768375521808,Sunny,Day,0.07014973958333333,100.0,-28.0,24.201021999942895,auto
1768375521844,Sunny,Day,0.06780598958333334,100.0,-28.0,27.57182000004832,auto
1768375521870,Sunny,Day,0.06705729166666667,100.0,-28.0,18.043542999976125,auto
1768375521901,Sunny,Day,0.06481119791666666,100.0,-29.0,23.947444999976142,auto
1768375521933,Sunny,Day,0.06572265625,100.0,-31.0,19.254352999951152,auto
1768375521964,Sunny,Day,0.06695963541666666,100.0,-32.0,21.46189699988099,auto
1768375521997,Sunny,Day,0.06640625,100.0,-32.0,25.652576000084082,auto
1768375522031,Sunny,Day,0.06575520833333333,100.0,-32.0,25.53553899997496,auto
1768375522059,Sunny,Day,0.06611328125,100.0,,19.90852799985987,auto
1768375522092,Sunny,Day,0.06800130208333334,100.0,,25.902764999955252,auto
1768375522122,Sunny,Day,0.0673828125,100.0,,22.98458300015227,auto
1768375522152,Sunny,Day,0.06656901041666667,100.0,,23.18952999985413,auto
1768375522186,Sunny,Day,0.070703125,100.0,,26.9657220001136,auto
1768375522218,Sunny,Day,0.06458333333333334,100.0,,23.93901999994341,auto
1768375522249,Sunny,Day,0.06725260416666666,100.0,,22.333242000058817,auto
1768375522279,Sunny,Day,0.06832682291666667,100.0,,21.70112299995708,auto
1768375522310,Sunny,Day,0.066015625,100.0,,24.71588100002009,auto
1768375522343,Sunny,Day,0.0666015625,100.0,,25.685298999860606,auto
1768375522374,Sunny,Day,0.06575520833333333,100.0,,23.981613000159996,auto
1768375522404,Sunny,Day,0.06451822916666666,100.0,,22.961583000096653,auto
1768375522436,Sunny,Day,0.06555989583333334,100.0,,25.38801799983048,auto
1768375522466,Sunny,Day,0.06292317708333334,100.0,,22.309131000156412,auto
1768375522501,Sunny,Day,0.06595052083333333,100.0,8.0,27.70828600000641,auto
1768375522534,Sunny,Day,0.06393229166666667,100.0,12.0,25.303961999952662,auto
1768375522561,Sunny,Day,0.06500651041666666,100.0,14.0,16.18129999997109,auto
1768375522593,Sunny,Day,0.06302083333333333,100.0,13.0,25.143589999970573,auto
1768375522626,Sunny,Day,0.06819661458333333,100.0,7.0,25.905117000093014,auto
1768375522657,Sunny,Day,0.06861979166666667,100.0,0.0,21.226155000022118,auto
1768375522687,Sunny,Day,0.06663411458333333,100.0,,22.36076100007267,auto
1768375522718,Sunny,Day,0.0689453125,100.0,,24.091946999988068,auto
1768375522751,Sunny,Day,0.07125651041666667,100.0,,26.764904999936334,auto
1768375522782,Sunny,Day,0.06982421875,100.0,,20.29614399998536,auto
1768375522813,Sunny,Day,0.06966145833333333,100.0,,23.449885000218273,auto
1768375522846,Sunny,Day,0.06901041666666667,100.0,,25.768189000018538,auto
1768375522877,Sunny,Day,0.06842447916666666,100.0,,24.42713699997512,auto
1768375522908,Sunny,Day,0.07194010416666667,100.0,47.0,22.14416600008917,auto
1768375522938,Sunny,Day,0.07174479166666667,100.0,42.0,22.572059999902194,auto
1768375522970,Sunny,Day,0.07216796875,100.0,43.0,24.700029000086943,auto
1768375523001,Sunny,Day,0.0783203125,100.0,41.0,23.65742499978296,auto
1768375523032,Sunny,Day,0.07431640625,100.0,40.0,24.024596999879577,auto
1768375523065,Sunny,Day,0.0763671875,100.0,31.0,26.666311999861136,auto
1768375523095,Sunny,Day,0.07138671875,100.0,33.0,22.17251899992334,auto
1768375523127,Sunny,Day,0.07278645833333333,100.0,34.0,25.59792900001412,auto
1768375523159,Sunny,Day,0.07516276041666667,100.0,28.0,24.82738399999107,auto
1768375523189,Sunny,Day,0.07532552083333334,100.0,25.0,21.676697999964745,auto
1768375523220,Sunny,Day,0.07620442708333333,100.0,24.0,24.399953000056485,auto
1768375523252,Sunny,Day,0.07620442708333333,100.0,23.0,25.69270799995138,auto
1768375523286,Sunny,Day,0.07672526041666666,100.0,26.0,24.87779199987017,auto
1768375523316,Sunny,Day,0.07151692708333333,100.0,22.0,23.067844000024706,auto
1768375523349,Sunny,Day,0.06741536458333333,100.0,18.0,24.527102000092782,auto
1768375523379,Sunny,Day,0.06507161458333334,100.0,17.0,17.995562000123755,auto
1768375523410,Sunny,Day,0.06064453125,100.0,16.0,23.776130999976886,auto
1768375523444,Sunny,Day,0.05914713541666667,100.0,18.0,25.633355000081792,auto
1768375523473,Sunny,Day,0.05817057291666667,100.0,15.0,17.00555100001111,auto
1768375523502,Sunny,Day,0.05667317708333333,100.0,14.0,21.804533000022275,auto
1768375523535,Sunny,Day,0.05579427083333333,100.0,18.0,26.23734400003741,auto
1768375523566,Sunny,Day,0.053971354166666666,100.0,16.0,24.618678000024374,auto
1768375523599,Sunny,Day,0.055013020833333336,100.0,15.0,24.08691200002977,auto
1768375523630,Sunny,Day,0.0529296875,100.0,15.0,22.959973000070022,auto
1768375523664,Sunny,Day,0.05227864583333333,100.0,16.0,26.798127999882126,auto
1768375523695,Sunny,Day,0.05227864583333333,100.0,15.0,23.369922000028964,auto
1768375523722,Sunny,Day,0.05270182291666667,100.0,17.0,20.144809999919744,auto
1768375523755,Sunny,Day,0.05048828125,100.0,15.0,25.98734200000763,auto
1768375523786,Sunny,Day,0.050944010416666664,100.0,15.0,20.194718000084322,auto
1768375523818,Sunny,Day,0.04921875,98.4375,14.0,24.903698999878543,auto
1768375523848,Sunny,Day,0.05022786458333333,100.0,12.0,22.059295999952155,auto
1768375523881,Sunny,Day,0.05026041666666667,100.0,13.0,25.46742799995627,auto
1768375523914,Sunny,Day,0.04837239583333333,96.74479166666666,12.0,25.58263299988539,auto
1768375523944,Sunny,Day,0.04925130208333333,98.50260416666666,13.0,12.190272999987428,auto
1768375523976,Sunny,Day,0.05032552083333333,100.0,14.0,25.297851999994236,auto
1768375524006,Sunny,Day,0.050065104166666666,100.0,14.0,22.242205000111426,auto
1768375524037,Sunny,Day,0.048990885416666664,97.98177083333333,14.0,16.450750000103653,auto
1768375524068,Sunny,Day,0.05091145833333333,100.0,9.0,20.497148999993442,auto
1768375524102,Sunny,Day,0.05048828125,100.0,17.0,27.40663700001278,auto
1768375524131,Sunny,Day,0.05016276041666667,100.0,15.0,19.64417600015622,auto
1768375524167,Sunny,Day,0.04892578125,97.8515625,13.0,29.18913899998188,auto
1768375524194,Sunny,Day,0.05078125,100.0,16.0,18.514439999989918,auto
1768375524227,Sunny,Day,0.05166015625,100.0,15.0,25.261111999952846,auto
1768375524256,Sunny,Day,0.05276692708333333,100.0,16.0,21.55423499993958,auto
1768375524289,Sunny,Day,0.053548177083333336,100.0,17.0,26.215419999971346,auto
1768375524319,Sunny,Day,0.05244140625,100.0,18.0,20.881653000060396,auto
1768375524351,Sunny,Day,0.05390625,100.0,20.0,25.052775999938603,auto
1768375524384,Sunny,Day,0.05374348958333333,100.0,17.0,25.311871999974755,auto
1768375524415,Sunny,Day,0.0548828125,100.0,17.0,22.837102000039522,auto
1768375524450,Sunny,Day,0.05611979166666667,100.0,13.0,28.826099000070826,auto
1768375524475,Sunny,Day,0.0580078125,100.0,15.0,18.33734599995296,auto
1768375524506,Sunny,Day,0.057942708333333336,100.0,16.0,18.593015000078594,auto
1768375524537,Sunny,Day,0.05764973958333333,100.0,15.0,25.144795999949565,auto
1768375524570,Sunny,Day,0.061295572916666666,100.0,11.0,27.515250000078595,auto
1768375524600,Sunny,Day,0.059342447916666666,100.0,16.0,21.812219999901572,auto
1768375524634,Sunny,Day,0.06142578125,100.0,17.0,28.453982999963046,auto
1768375524663,Sunny,Day,0.0638671875,100.0,15.0,22.91093600001659,auto
1768375524696,Sunny,Day,0.06321614583333333,100.0,13.0,26.898021000079098,auto
1768375524725,Sunny,Day,0.06295572916666667,100.0,13.0,23.322088999975676,auto
1768375524758,Sunny,Day,0.06402994791666666,100.0,13.0,26.714870000205337,auto
1768375524788,Sunny,Day,0.06682942708333334,100.0,-34.0,24.47845500000767,auto
1768375524821,Sunny,Day,0.06565755208333333,100.0,-34.0,27.28308099995047,auto
1768375524851,Sunny,Day,0.06516927083333333,100.0,-35.0,19.153262999907383,auto
1768375524883,Sunny,Day,0.06201171875,100.0,17.0,25.981156999932864,auto
1768375524913,Sunny,Day,0.06197916666666667,100.0,22.0,18.789981000054468,auto
1768375524945,Sunny,Day,0.06324869791666667,100.0,-23.0,24.780087999943134,auto
1768375524976,Sunny,Day,0.06744791666666666,100.0,20.0,25.414077000050384,auto
1768375525009,Sunny,Day,0.06722005208333333,100.0,23.0,26.621906999935163,auto
1768375525041,Sunny,Day,0.07093098958333334,100.0,23.0,23.486389000026975,auto
1768375525071,Sunny,Day,0.07008463541666667,100.0,21.0,21.57740300003752,auto
1768375525103,Sunny,Day,0.07106119791666667,100.0,21.0,26.075455999944097,auto
1768375525133,Sunny,Day,0.06819661458333333,100.0,20.0,24.973110000019005,auto
1768375525165,Sunny,Day,0.0703125,100.0,22.0,25.39422600011676,auto
1768375525198,Sunny,Day,0.06998697916666667,100.0,20.0,27.18682199997602,auto
1768375525230,Sunny,Day,0.06962890625,100.0,16.0,25.967584999989413,auto
1768375525259,Sunny,Day,0.06927083333333334,100.0,16.0,21.953907000124673,auto
1768375525290,Sunny,Day,0.07135416666666666,100.0,-27.0,25.367244000108258,auto
1768375525322,Sunny,Day,0.07093098958333334,100.0,17.0,25.16500100000485,auto
1768375525358,Sunny,Day,0.07259114583333333,100.0,16.0,27.864254999940385,auto
1768375525385,Sunny,Day,0.07379557291666666,100.0,-29.0,20.13021899983869,auto
1768375525417,Sunny,Day,0.07408854166666666,100.0,-28.0,26.508424999974523,auto
1768375525449,Sunny,Day,0.07210286458333333,100.0,19.0,25.51326500019968,auto
1768375525479,Sunny,Day,0.07054036458333333,100.0,-26.0,23.973301999831165,auto
1768375525511,Sunny,Day,0.07154947916666667,100.0,20.0,25.342798999872684,auto
1768375525542,Sunny,Day,0.0771484375,100.0,20.0,24.309566000056293,auto
1768375525573,Sunny,Day,0.07594401041666667,100.0,24.0,25.075481999920157,auto
1768375525606,Sunny,Day,0.07561848958333334,100.0,21.0,27.252582000073744,auto
1768375525637,Sunny,Day,0.073828125,100.0,20.0,22.82345499997973,auto
1768375525669,Sunny,Day,0.07600911458333333,100.0,21.0,26.677279000068665,auto
1768375525699,Sunny,Day,0.07503255208333333,100.0,24.0,23.60383399991406,auto
1768375525731,Sunny,Day,0.07428385416666666,100.0,20.0,26.886170000125276,auto
1768375525762,Sunny,Day,0.07386067708333334,100.0,21.0,24.06563699992148,auto
1768375525793,Sunny,Day,0.07239583333333334,100.0,-27.0,25.5030609998812,auto
1768375525826,Sunny,Day,0.06959635416666667,100.0,16.0,27.68636499990862,auto
1768375525857,Sunny,Day,0.073828125,100.0,-25.0,23.39223899980425,auto
1768375525887,Sunny,Day,0.07399088541666667,100.0,16.0,23.8175780000347,auto
1768375525918,Sunny,Day,0.07008463541666667,100.0,-26.0,23.058662000039476,auto
1768375525950,Sunny,Day,0.07447916666666667,100.0,-25.0,25.970287999825814,auto
1768375525981,Sunny,Day,0.07249348958333333,100.0,22.0,25.748841999984506,auto
1768375526014,Sunny,Day,0.0728515625,100.0,24.0,23.977764999926876,auto
1768375526044,Sunny,Day,0.07291666666666667,100.0,25.0,20.801579999897513,auto
1768375526076,Sunny,Day,0.075390625,100.0,22.0,25.512229000014486,auto
1768375526108,Sunny,Day,0.07776692708333334,100.0,21.0,25.6292859999121,auto
1768375526140,Sunny,Day,0.07698567708333333,100.0,22.0,18.354457999976148,auto
1768375526171,Sunny,Day,0.07623697916666666,100.0,21.0,25.5343209998955,auto
1768375526201,Sunny,Day,0.07262369791666666,100.0,17.0,24.34112199989613,auto
1768375526233,Sunny,Day,0.07086588541666666,100.0,-26.0,26.422072999821467,auto
1768375526267,Sunny,Day,0.071484375,100.0,-25.0,27.911627999856137,auto
1768375526295,Sunny,Day,0.07014973958333333,100.0,-27.0,20.664061000161382,auto
1768375526327,Sunny,Day,0.07073567708333334,100.0,-25.0,26.27829399989423,auto
1768375526358,Sunny,Day,0.07001953125,100.0,25.0,21.40577199998006,auto
1768375526390,Sunny,Day,0.07333984375,100.0,28.0,25.10042800008705,auto
1768375526421,Sunny,Day,0.07545572916666667,100.0,31.0,25.410876000023563,auto
1768375526452,Sunny,Day,0.07890625,100.0,26.0,25.51676600000974,auto
1768375526484,Sunny,Day,0.07802734375,100.0,30.0,25.346597000179827,auto
1768375526515,Sunny,Day,0.08190104166666666,100.0,26.0,24.778628000149183,auto
1768375526546,Sunny,Day,0.08033854166666667,100.0,25.0,25.909159000093496,auto
1768375526578,Sunny,Day,0.08037109375,100.0,23.0,25.62706399999115,auto
1768375526612,Sunny,Day,0.08216145833333334,100.0,-24.0,28.217778999987786,auto
1768375526640,Sunny,Day,0.07900390625,100.0,-25.0,20.345131000112815,auto
1768375526674,Sunny,Day,0.08245442708333334,100.0,-25.0,27.670587999864438,auto
1768375526703,Sunny,Day,0.07779947916666667,100.0,-22.0,23.80569000001742,auto
1768375526734,Sunny,Day,0.08121744791666667,100.0,25.0,25.754491000043345,auto
1768375526766,Sunny,Day,0.08323567708333333,100.0,27.0,25.83556700005829,auto
1768375526799,Sunny,Day,0.0853515625,100.0,30.0,26.816356000153974,auto
1768375526829,Sunny,Day,0.08421223958333333,100.0,29.0,23.40374100003828,auto
1768375526860,Sunny,Day,0.0849609375,100.0,29.0,25.29876299990974,auto
1768375526892,Sunny,Day,0.08372395833333333,100.0,29.0,25.94338200015045,auto
1768375526926,Sunny,Day,0.07932942708333333,100.0,27.0,27.86940499981938,auto
1768375526955,Sunny,Day,0.08134765625,100.0,-23.0,21.98692799993296,auto
1768375526986,Sunny,Day,0.07994791666666666,100.0,-25.0,25.563839999904303,auto
1768375527017,Sunny,Day,0.07750651041666666,100.0,-26.0,18.541812999956164,auto
1768375527049,Sunny,Day,0.07594401041666667,100.0,-25.0,25.565139000036652,auto
1768375527082,Sunny,Day,0.07932942708333333,100.0,-23.0,27.226992000123573,auto
1768375527111,Sunny,Day,0.08115234375,100.0,-21.0,23.66828300000634,auto
1768375527143,Sunny,Day,0.0783203125,100.0,32.0,26.279443000021274,auto
1768375527174,Sunny,Day,0.08033854166666667,100.0,36.0,24.32097599989902,auto
1768375527206,Sunny,Day,0.08196614583333334,100.0,37.0,25.34244999992552,auto
1768375527240,Sunny,Day,0.08248697916666667,100.0,36.0,28.136632000041573,auto
1768375527270,Sunny,Day,0.07822265625,100.0,33.0,18.92711400000735,auto
1768375527300,Sunny,Day,0.07819010416666666,100.0,33.0,24.11151000001155,auto
1768375527331,Sunny,Day,0.0771484375,100.0,30.0,25.792715000079625,auto
1768375527363,Sunny,Day,0.07916666666666666,100.0,-21.0,25.762382000038997,auto
1768375527395,Sunny,Day,0.07337239583333334,100.0,-25.0,27.19489799983421,auto
1768375527425,Sunny,Day,0.06953125,100.0,-27.0,23.900840999885986,auto
1768375527457,Sunny,Day,0.06962890625,100.0,-26.0,26.001105999966967,auto
1768375527491,Sunny,Day,0.06809895833333333,100.0,-26.0,28.09920599997895,auto
1768375527519,Sunny,Day,0.07164713541666666,100.0,-24.0,22.94469899993601,auto
1768375527551,Sunny,Day,0.07366536458333334,100.0,-22.0,26.416648999884274,auto
1768375527582,Sunny,Day,0.07464192708333334,100.0,35.0,25.281117000076847,auto
1768375527614,Sunny,Day,0.07464192708333334,100.0,38.0,24.9082789998738,auto
1768375527646,Sunny,Day,0.07408854166666666,100.0,41.0,25.415913999950135,auto
1768375527677,Sunny,Day,0.076171875,100.0,38.0,25.64450900013071,auto
1768375527714,Sunny,Day,0.0751953125,100.0,37.0,31.054869999934454,auto
1768375527740,Sunny,Day,0.07568359375,100.0,-18.0,18.08636399982788,auto
1768375527772,Sunny,Day,0.07164713541666666,100.0,-21.0,26.049626000030912,auto
1768375527802,Sunny,Day,0.06256510416666666,100.0,26.0,18.95376400011628,auto
1768375527834,Sunny,Day,0.06044921875,100.0,32.0,24.971464999907766,auto
1768375527868,Sunny,Day,0.06266276041666667,100.0,-23.0,26.834634000124424,auto
1768375527899,Sunny,Day,0.059733072916666664,100.0,-22.0,23.513466000167682,auto
1768375527930,Sunny,Day,0.0546875,100.0,33.0,20.80741500003569,auto
1768375527959,Sunny,Day,0.053450520833333334,100.0,-23.0,21.83240899989869,auto
1768375527990,Sunny,Day,0.054296875,100.0,-22.0,24.499810999941474,auto
1768375528022,Sunny,Day,0.05725911458333333,100.0,-22.0,26.418371999852752,auto
1768375528053,Sunny,Day,0.063671875,100.0,-24.0,25.275303000171334,auto
1768375528086,Sunny,Day,0.06591796875,100.0,-19.0,26.840267000125095,auto
1768375528116,Sunny,Day,0.0720703125,100.0,-19.0,24.45910799997364,auto
1768375528148,Sunny,Day,0.06647135416666666,100.0,-15.0,25.870642999962,auto
1768375528181,Sunny,Day,0.06666666666666667,100.0,-14.0,22.306157000002713,auto
1768375528213,Sunny,Day,0.0650390625,100.0,-11.0,25.82006900001943,auto
1768375528242,Sunny,Day,0.06549479166666666,100.0,-10.0,22.529380999912973,auto
1768375528273,Sunny,Day,0.07008463541666667,100.0,-10.0,25.80919799993353,auto
1768375528307,Sunny,Day,0.07151692708333333,100.0,-9.0,27.83403700004783,auto
1768375528336,Sunny,Day,0.06897786458333334,100.0,-12.0,23.003627999969467,auto
1768375528367,Sunny,Day,0.07044270833333334,100.0,-16.0,25.741363999941314,auto
1768375528399,Sunny,Day,0.07047526041666667,100.0,-14.0,25.992052999981752,auto
1768375528430,Sunny,Day,0.07259114583333333,100.0,-9.0,24.950614000090354,auto
1768375528462,Sunny,Day,0.07288411458333334,100.0,-16.0,25.448934999985795,auto
1768375528493,Sunny,Day,0.07311197916666666,100.0,-14.0,20.700154999985898,auto
1768375528525,Sunny,Day,0.07464192708333334,100.0,-14.0,26.64076400014892,auto
1768375528556,Sunny,Day,0.07444661458333333,100.0,-20.0,24.277901999994356,auto
1768375528587,Sunny,Day,0.07425130208333333,100.0,-17.0,25.88980999985324,auto
1768375528620,Sunny,Day,0.0736328125,100.0,-19.0,27.30056800010061,auto
1768375528650,Sunny,Day,0.07379557291666666,100.0,-20.0,23.11127600000873,auto
1768375528681,Sunny,Day,0.07275390625,100.0,-17.0,25.913033000051655,auto
1768375528714,Sunny,Day,0.07330729166666666,100.0,-17.0,25.9521450000193,auto
1768375528744,Sunny,Day,0.06422526041666667,100.0,-64.0,24.9025950001851,auto
1768375528776,Sunny,Day,0.07457682291666666,100.0,-15.0,24.65820299994448,auto
1768375528807,Sunny,Day,0.06774088541666666,100.0,-5.0,25.618121999968935,auto
1768375528840,Sunny,Day,0.06842447916666666,100.0,-3.0,26.250759000049584,auto
1768375528870,Sunny,Day,0.07340494791666667,100.0,-14.0,23.417020999886518,auto
1768375528901,Sunny,Day,0.07301432291666667,100.0,-15.0,25.887366000006296,auto
1768375528933,Sunny,Day,0.08056640625,100.0,21.0,25.97151500003747,auto
1768375528964,Sunny,Day,0.07340494791666667,100.0,29.0,24.888945999919088,auto
1768375528996,Sunny,Day,0.07320963541666667,100.0,24.0,25.830901999825073,auto
1768375529027,Sunny,Day,0.07259114583333333,100.0,20.0,25.613549000127023,auto
1768375529058,Sunny,Day,0.07288411458333334,100.0,23.0,25.51460299991959,auto
1768375529092,Sunny,Day,0.07242838541666667,100.0,24.0,27.694889000031253,auto
1768375529122,Sunny,Day,0.07600911458333333,100.0,18.0,23.911805999887292,auto
1768375529153,Sunny,Day,0.07259114583333333,100.0,17.0,25.095117000091705,auto
1768375529184,Sunny,Day,0.08053385416666667,100.0,13.0,25.565862999883393,auto
1768375529216,Sunny,Day,0.07649739583333333,100.0,14.0,25.494529000070543,auto
1768375529247,Sunny,Day,0.07945963541666666,100.0,10.0,25.484324999979435,auto
1768375529278,Sunny,Day,0.08011067708333333,100.0,12.0,25.497732000076212,auto
1768375529314,Sunny,Day,0.08001302083333334,100.0,6.0,29.974674999948547,auto
1768375529342,Sunny,Day,0.07903645833333334,100.0,11.0,21.952874999897176,auto
1768375529374,Sunny,Day,0.0822265625,100.0,-5.0,26.276501999973334,auto
1768375529406,Sunny,Day,0.08450520833333333,100.0,15.0,23.572486999910325,auto
1768375529436,Sunny,Day,0.08053385416666667,100.0,12.0,19.5915500000865,auto
1768375529471,Sunny,Day,0.08492838541666667,100.0,1.0,29.57128200000625,auto
1768375529504,Sunny,Day,0.08323567708333333,100.0,11.0,25.677401999928406,auto
1768375529536,Sunny,Day,0.08095703125,100.0,11.0,22.677235999935874,auto
1768375529564,Sunny,Day,0.0833984375,100.0,7.0,20.214465999970344,auto
1768375529595,Sunny,Day,0.08343098958333334,100.0,11.0,23.821380000072168,auto
1768375529628,Sunny,Day,0.08177083333333333,100.0,19.0,25.31511999995928,auto
1768375529657,Sunny,Day,0.08395182291666667,100.0,20.0,21.381868000162285,auto
1768375529689,Sunny,Day,0.08509114583333334,100.0,19.0,24.68214900000021,auto
1768375529721,Sunny,Day,0.08629557291666666,100.0,6.0,24.85189200001514,auto
1768375529752,Sunny,Day,0.08606770833333334,100.0,4.0,24.41533100000015,auto
1768375529784,Sunny,Day,0.08662109375,100.0,6.0,18.463999999994485,auto
1768375529815,Sunny,Day,0.08880208333333334,100.0,7.0,24.017399999820555,auto
1768375529847,Sunny,Day,0.08619791666666667,100.0,5.0,22.51571600004354,auto
1768375529877,Sunny,Day,0.0865234375,100.0,8.0,22.08861799999795,auto
1768375529909,Sunny,Day,0.08772786458333333,100.0,5.0,24.0891239998291,auto
1768375529943,Sunny,Day,0.08854166666666667,100.0,12.0,27.08289999986846,auto
1768375529973,Sunny,Day,0.08919270833333333,100.0,11.0,21.109475999992355,auto
1768375530004,Sunny,Day,0.0873046875,100.0,13.0,23.546209999949497,auto
1768375530036,Sunny,Day,0.08681640625,100.0,14.0,25.118711000004623,auto
1768375530071,Sunny,Day,0.08502604166666666,100.0,14.0,24.80274399999871,auto
1768375530099,Sunny,Day,0.08583984375,100.0,15.0,20.39693200003967,auto
1768375530130,Sunny,Day,0.08408203125,100.0,15.0,21.811023000054774,auto
1768375530159,Sunny,Day,0.08408203125,100.0,15.0,22.290491999910955,auto
1768375530191,Sunny,Day,0.08391927083333334,100.0,17.0,24.083624000013515,auto
1768375530222,Sunny,Day,0.08330078125,100.0,15.0,24.253941999859308,auto
1768375530254,Sunny,Day,0.08297526041666667,100.0,15.0,24.873893999938446,auto
1768375530286,Sunny,Day,0.08421223958333333,100.0,17.0,19.391661000099703,auto
1768375530317,Sunny,Day,0.08414713541666667,100.0,18.0,22.7096819999133,auto
1768375530351,Sunny,Day,0.08460286458333334,100.0,17.0,25.623179999911372,auto
1768375530381,Sunny,Day,0.08502604166666666,100.0,19.0,22.916870000017298,auto
1768375530412,Sunny,Day,0.08463541666666667,100.0,17.0,23.900733000118635,auto
1768375530445,Sunny,Day,0.08655598958333334,100.0,20.0,24.503129000095214,auto
1768375530474,Sunny,Day,0.08590494791666667,100.0,18.0,21.396980999952575,auto
1768375530505,Sunny,Day,0.08509114583333334,100.0,17.0,24.083754000002955,auto
1768375530539,Sunny,Day,0.08583984375,100.0,17.0,24.680001999968226,auto
1768375530566,Sunny,Day,0.08600260416666666,100.0,17.0,18.387147999874287,auto
1768375530597,Sunny,Day,0.08551432291666666,100.0,18.0,25.66645799993239,auto
1768375530630,Sunny,Day,0.08658854166666667,100.0,20.0,26.708507999956055,auto
1768375530660,Sunny,Day,0.08551432291666666,100.0,17.0,23.856417999922996,auto
1768375530693,Sunny,Day,0.08567708333333333,100.0,17.0,27.33692299989343,auto
1768375530723,Sunny,Day,0.08548177083333333,100.0,17.0,23.52078400008395,auto
1768375530754,Sunny,Day,0.08551432291666666,100.0,18.0,25.814645000082237,auto
1768375530785,Sunny,Day,0.08583984375,100.0,19.0,25.014377000161403,auto
1768375530819,Sunny,Day,0.08662109375,100.0,19.0,27.80255900006523,auto
1768375530850,Sunny,Day,0.08606770833333334,100.0,19.0,24.964616000033857,auto
1768375530881,Sunny,Day,0.08675130208333333,100.0,20.0,21.31751699994311,auto
1768375530911,Sunny,Day,0.08538411458333334,100.0,16.0,24.124125000071217,auto
1768375530944,Sunny,Day,0.08671875,100.0,17.0,27.758576999985962,auto
1768375530974,Sunny,Day,0.08603515625,100.0,17.0,23.603045000072598,auto
1768375531005,Sunny,Day,0.08639322916666667,100.0,18.0,25.366436000012982,auto
1768375531037,Sunny,Day,0.08600260416666666,100.0,18.0,25.49534699983269,auto
1768375531070,Sunny,Day,0.08681640625,100.0,19.0,27.64544699994076,auto
1768375531100,Sunny,Day,0.08720703125,100.0,20.0,22.261881000076755,auto
1768375531131,Sunny,Day,0.08694661458333333,100.0,18.0,25.327363000087644,auto
1768375531162,Sunny,Day,0.08727213541666666,100.0,19.0,24.866820999932315,auto
1768375531195,Sunny,Day,0.08805338541666667,100.0,21.0,26.917048999848703,auto
1768375531225,Sunny,Day,0.08665364583333333,100.0,18.0,23.863659999960873,auto
1768375531261,Sunny,Day,0.08759765625,100.0,18.0,29.759731000012835,auto
1768375531288,Sunny,Day,0.08837890625,100.0,21.0,20.60008399985236,auto
1768375531319,Sunny,Day,0.087890625,100.0,19.0,25.238916999796857,auto
1768375531351,Sunny,Day,0.08779296875,100.0,19.0,25.64936699991449,auto
1768375531384,Sunny,Day,0.08756510416666667,100.0,20.0,27.23121999997602,auto
1768375531414,Sunny,Day,0.088671875,100.0,20.0,21.47416799994062,auto
1768375531445,Sunny,Day,0.08919270833333333,100.0,21.0,25.083285999926375,auto
1768375531476,Sunny,Day,0.08844401041666666,100.0,19.0,24.406481000141866,auto
1768375531507,Sunny,Day,0.08873697916666666,100.0,20.0,25.30751099993722,auto
1768375531539,Sunny,Day,0.08782552083333334,100.0,19.0,25.81688700001905,auto
1768375531570,Sunny,Day,0.08863932291666667,100.0,20.0,25.35067799999524,auto
1768375531602,Sunny,Day,0.08876953125,100.0,20.0,25.764978999859522,auto
1768375531634,Sunny,Day,0.08912760416666667,100.0,22.0,26.034594000066136,auto
1768375531664,Sunny,Day,0.0890625,100.0,21.0,24.287886999900365,auto
1768375531696,Sunny,Day,0.08929036458333334,100.0,21.0,25.91646300015782,auto
1768375531728,Sunny,Day,0.08824869791666666,100.0,21.0,26.082760999997845,auto
1768375531759,Sunny,Day,0.08955078125,100.0,21.0,18.391592999932982,auto
1768375531793,Sunny,Day,0.08870442708333333,100.0,21.0,28.0582109999159,auto
1768375531822,Sunny,Day,0.090234375,100.0,21.0,23.060890999886396,auto
1768375531853,Sunny,Day,0.08974609375,100.0,22.0,25.593588999981876,auto
1768375531887,Sunny,Day,0.08811848958333333,100.0,20.0,27.79633700015438,auto
1768375531916,Sunny,Day,0.0888671875,100.0,22.0,19.84459200002675,auto
1768375531947,Sunny,Day,0.08694661458333333,100.0,21.0,25.28940000001967,auto
1768375531979,Sunny,Day,0.08831380208333334,100.0,22.0,25.88657400019656,auto
1768375532010,Sunny,Day,0.08938802083333333,100.0,24.0,25.606422999999268,auto
1768375532045,Sunny,Day,0.08889973958333333,100.0,23.0,29.761843999949633,auto
1768375532073,Sunny,Day,0.08792317708333333,100.0,23.0,20.963608000101885,auto
1768375532104,Sunny,Day,0.08772786458333333,100.0,23.0,24.690727000006518,auto
1768375532136,Sunny,Day,0.0859375,100.0,23.0,25.993816999971386,auto
1768375532167,Sunny,Day,0.08668619791666667,100.0,23.0,25.321770999880755,auto
1768375532198,Sunny,Day,0.08561197916666667,100.0,22.0,25.514311000051748,auto
1768375532230,Sunny,Day,0.0876953125,100.0,23.0,25.901148999992074,auto
1768375532262,Sunny,Day,0.08675130208333333,100.0,24.0,26.612620999912906,auto
1768375532293,Sunny,Day,0.08515625,100.0,24.0,25.1197879999836,auto
1768375532324,Sunny,Day,0.08580729166666666,100.0,24.0,24.74294899980123,auto
1768375532356,Sunny,Day,0.0849609375,100.0,24.0,24.683429999868167,auto
1768375532389,Sunny,Day,0.0845703125,100.0,24.0,27.228368999885788,auto
1768375532419,Sunny,Day,0.084765625,100.0,24.0,21.242184999891833,auto
1768375532450,Sunny,Day,0.084765625,100.0,23.0,24.885322000045562,auto
1768375532482,Sunny,Day,0.08512369791666667,100.0,25.0,25.750796000011178,auto
1768375532515,Sunny,Day,0.084765625,100.0,25.0,26.943772999857174,auto
1768375532544,Sunny,Day,0.08411458333333334,100.0,23.0,22.488255000098434,auto
1768375532575,Sunny,Day,0.08626302083333333,100.0,25.0,25.07654700002604,auto
1768375532611,Sunny,Day,0.08479817708333333,100.0,24.0,27.08281100012755,auto
1768375532638,Sunny,Day,0.08375651041666667,100.0,24.0,21.0019219998685,auto
1768375532670,Sunny,Day,0.08382161458333333,100.0,24.0,26.24483899990082,auto
1768375532702,Sunny,Day,0.0826171875,100.0,24.0,25.204067000004216,auto
1768375532732,Sunny,Day,0.08229166666666667,100.0,23.0,24.336908000123003,auto
1768375532765,Sunny,Day,0.08245442708333334,100.0,25.0,27.285907000077714,auto
1768375532795,Sunny,Day,0.08206380208333333,100.0,24.0,21.983713000054195,auto
1768375532827,Sunny,Day,0.08125,100.0,24.0,26.6143619999184,auto
1768375532858,Sunny,Day,0.08125,100.0,23.0,24.563280999927883,auto
1768375532889,Sunny,Day,0.08277994791666667,100.0,24.0,25.65108999988297,auto
1768375532923,Sunny,Day,0.08079427083333333,100.0,24.0,27.15270099997724,auto
1768375532952,Sunny,Day,0.0794921875,100.0,23.0,21.09940600007576,auto
1768375532985,Sunny,Day,0.08011067708333333,100.0,24.0,26.90871699996933,auto
1768375533015,Sunny,Day,0.08046875,100.0,24.0,19.992576999811718,auto
1768375533046,Sunny,Day,0.07805989583333334,100.0,24.0,25.74461200015321,auto
1768375533080,Sunny,Day,0.07848307291666666,100.0,25.0,27.974953000011737,auto
1768375533109,Sunny,Day,0.08020833333333334,100.0,26.0,23.099133999949117,auto
1768375533141,Sunny,Day,0.07900390625,100.0,26.0,25.17438199993194,auto
1768375533172,Sunny,Day,0.07893880208333333,100.0,26.0,25.858723999817812,auto
1768375533205,Sunny,Day,0.079296875,100.0,28.0,27.127961000132927,auto
1768375533236,Sunny,Day,0.07779947916666667,100.0,27.0,24.607746000128827,auto
1768375533266,Sunny,Day,0.078515625,100.0,27.0,24.378390999800104,auto
1768375533298,Sunny,Day,0.07639973958333333,100.0,28.0,25.87433600001532,auto
1768375533329,Sunny,Day,0.07750651041666666,100.0,28.0,26.08081899984427,auto
1768375533360,Sunny,Day,0.07721354166666666,100.0,29.0,24.957750000112355,auto
1768375533392,Sunny,Day,0.07766927083333333,100.0,29.0,24.39400299999761,auto
1768375533424,Sunny,Day,0.07652994791666666,100.0,30.0,26.074005000054967,auto
1768375533455,Sunny,Day,0.07610677083333334,100.0,30.0,25.18943799987028,auto
1768375533488,Sunny,Day,0.07652994791666666,100.0,30.0,27.505261999976938,auto
1768375533517,Sunny,Day,0.07369791666666667,100.0,30.0,23.253841000041575,auto
1768375533549,Sunny,Day,0.07373046875,100.0,31.0,24.190980999946987,auto
1768375533582,Sunny,Day,0.07291666666666667,100.0,32.0,27.613986000005752,auto
1768375533612,Sunny,Day,0.07333984375,100.0,32.0,18.989639999972496,auto
1768375533643,Sunny,Day,0.07252604166666667,100.0,,25.51738700003625,auto
1768375533675,Sunny,Day,0.07294921875,100.0,32.0,26.251896000076158,auto
1768375533706,Sunny,Day,0.07259114583333333,100.0,,18.906083000047147,auto
1768375533739,Sunny,Day,0.07233072916666666,100.0,,26.715326999919853,auto
1768375533768,Sunny,Day,0.07021484375,100.0,,23.384359999909066,auto
1768375533800,Sunny,Day,0.07184244791666666,100.0,,25.93957700014471,auto
1768375533833,Sunny,Day,0.07138671875,100.0,,26.90110799994727,auto
1768375533863,Sunny,Day,0.06969401041666666,100.0,,23.536677000038253,auto
1768375533894,Sunny,Day,0.06917317708333333,100.0,,24.698060999980953,auto
1768375533926,Sunny,Day,0.06842447916666666,100.0,,25.77861200006737,auto
1768375533957,Sunny,Day,0.07034505208333333,100.0,,25.36947700014025,auto
1768375533989,Sunny,Day,0.06865234375,100.0,,25.567313000010472,auto
1768375534020,Sunny,Day,0.06979166666666667,100.0,,18.92897300012919,auto
1768375534051,Sunny,Day,0.06956380208333333,100.0,,25.68850099987685,auto
1768375534082,Sunny,Day,0.07008463541666667,100.0,,25.21425400004773,auto
1768375534115,Sunny,Day,0.06930338541666667,100.0,,27.735545000041384,auto
1768375534145,Sunny,Day,0.06875,100.0,,23.884107999947446,auto
1768375534177,Sunny,Day,0.06722005208333333,100.0,,25.647611999829678,auto
1768375534208,Sunny,Day,0.06770833333333333,100.0,,25.018122000119547,auto
1768375534240,Sunny,Day,0.06682942708333334,100.0,,25.198753999802648,auto
1768375534272,Sunny,Day,0.06637369791666667,100.0,,25.666667999985293,auto
1768375534302,Sunny,Day,0.06663411458333333,100.0,,24.8969730000681,auto
1768375534334,Sunny,Day,0.06682942708333334,100.0,,26.059301000032065,auto
1768375534365,Sunny,Day,0.06663411458333333,100.0,,25.191790999997465,auto
1768375534399,Sunny,Day,0.06640625,100.0,,28.354773999808458,auto
1768375534429,Sunny,Day,0.066015625,100.0,,24.431596999875183,auto
1768375534460,Sunny,Day,0.06591796875,100.0,,22.535370000014154,auto
1768375534490,Sunny,Day,0.06627604166666666,100.0,,23.901442000124007,auto
1768375534522,Sunny,Day,0.06634114583333334,100.0,,23.57869699994808,auto
1768375534554,Sunny,Day,0.0658203125,100.0,,25.551832000019203,auto
1768375534585,Sunny,Day,0.06702473958333334,100.0,,26.090487000146823,auto
1768375534618,Sunny,Day,0.06787109375,100.0,,27.100073999918095,auto
1768375534649,Sunny,Day,0.06744791666666666,100.0,,24.890306000088458,auto
1768375534680,Sunny,Day,0.06803385416666667,100.0,,21.488653000005797,auto
1768375534710,Sunny,Day,0.06842447916666666,100.0,,24.511006000011548,auto
1768375534743,Sunny,Day,0.06884765625,100.0,,26.78357100012363,auto
1768375534775,Sunny,Day,0.06848958333333334,100.0,,26.142413999878045,auto
1768375534804,Sunny,Day,0.06884765625,100.0,,20.897385999887774,auto
1768375534836,Sunny,Day,0.06800130208333334,100.0,,25.53587000011248,auto
1768375534868,Sunny,Day,0.06930338541666667,100.0,,26.05900600019595,auto
1768375534899,Sunny,Day,0.069921875,100.0,,18.34876200018698,auto
1768375534932,Sunny,Day,0.0693359375,100.0,,27.130315000022165,auto
1768375534962,Sunny,Day,0.07037760416666666,100.0,,22.372274999952424,auto
1768375534993,Sunny,Day,0.07112630208333333,100.0,,25.351607999937187,auto
1768375535026,Sunny,Day,0.07086588541666666,100.0,,27.218168999979753,auto
1768375535057,Sunny,Day,0.07141927083333334,100.0,,24.69067500010169,auto
1768375535087,Sunny,Day,0.0732421875,100.0,,22.644835999926727,auto
1768375535118,Sunny,Day,0.07200520833333333,100.0,,25.253829999883237,auto
1768375535150,Sunny,Day,0.07418619791666667,100.0,,24.682508999831043,auto
1768375535182,Sunny,Day,0.07320963541666667,100.0,,25.28771900006177,auto
1768375535213,Sunny,Day,0.07379557291666666,100.0,,23.19785999998203,auto
1768375535244,Sunny,Day,0.07184244791666666,100.0,,25.658261999979004,auto
1768375535278,Sunny,Day,0.07526041666666666,100.0,,28.166218000023946,auto
1768375535307,Sunny,Day,0.07509765625,100.0,,23.16000900009385,auto
1768375535338,Sunny,Day,0.07490234375,100.0,,24.662434999981997,auto
1768375535370,Sunny,Day,0.0736328125,100.0,,25.96030199993038,auto
1768375535401,Sunny,Day,0.07620442708333333,100.0,,25.758170000017344,auto
1768375535435,Sunny,Day,0.07236328125,100.0,,27.71241599998575,auto
1768375535464,Sunny,Day,0.07639973958333333,100.0,,23.079358999893884,auto
1768375535496,Sunny,Day,0.0740234375,100.0,,25.84298600004331,auto
1768375535527,Sunny,Day,0.07568359375,100.0,,25.113143999988097,auto
1768375535564,Sunny,Day,0.07906901041666667,100.0,,31.111327999951754,auto
1768375535592,Sunny,Day,0.08033854166666667,100.0,,20.203046000005997,auto
1768375535624,Sunny,Day,0.07666015625,100.0,,23.79366399986793,auto
1768375535658,Sunny,Day,0.07877604166666667,100.0,,25.88213400008499,auto
1768375535686,Sunny,Day,0.078515625,100.0,,21.079519000068103,auto
1768375535719,Sunny,Day,0.0796875,100.0,,22.890430999950695,auto
1768375535750,Sunny,Day,0.08046875,100.0,,23.333733000072243,auto
1768375535782,Sunny,Day,0.08059895833333333,100.0,,24.00344500006213,auto
1768375535812,Sunny,Day,0.08147786458333334,100.0,,22.48372200006088,auto
1768375535846,Sunny,Day,0.08128255208333333,100.0,,27.113297999903807,auto
1768375535874,Sunny,Day,0.08147786458333334,100.0,,21.085315999926024,auto
1768375535906,Sunny,Day,0.08238932291666666,100.0,,24.97592000008808,auto
1768375535939,Sunny,Day,0.08147786458333334,100.0,,26.490845999887824,auto
1768375535968,Sunny,Day,0.07958984375,100.0,,18.781861999968896,auto
1768375536001,Sunny,Day,0.08147786458333334,100.0,,25.695909999967625,auto
1768375536033,Sunny,Day,0.08072916666666667,100.0,,25.87031999996725,auto
1768375536068,Sunny,Day,0.07981770833333333,100.0,,26.48025499979667,auto
1768375536096,Sunny,Day,0.0787109375,100.0,,17.585736000000907,auto
1768375536127,Sunny,Day,0.07666015625,100.0,,22.91661699996439,auto
1768375536159,Sunny,Day,0.0724609375,100.0,,24.000928000077693,auto
1768375536191,Sunny,Day,0.06969401041666666,100.0,,25.098238000055062,auto
1768375536221,Sunny,Day,0.07054036458333333,100.0,,20.10184100004153,auto
1768375536253,Sunny,Day,0.06923828125,100.0,,26.09217499980332,auto
1768375536284,Sunny,Day,0.07073567708333334,100.0,,18.259930000112945,auto
1768375536317,Sunny,Day,0.07171223958333334,100.0,,25.47520500002065,auto
1768375536348,Sunny,Day,0.07259114583333333,100.0,,27.5781380000808,manual
1768375536379,Sunny,Day,0.073046875,100.0,,23.56373599991457,manual
1768375536408,Sunny,Day,0.07311197916666666,100.0,,22.963914999991175,manual
1768375536442,Sunny,Day,0.07444661458333333,100.0,,28.31010999989303,manual
1768375536472,Sunny,Day,0.07438151041666667,100.0,,23.676238000007288,manual
1768375536504,Sunny,Day,0.07421875,100.0,,26.698774999886155,manual
1768375536534,Sunny,Day,0.07340494791666667,100.0,,23.837128999957713,manual
1768375536566,Sunny,Day,0.07347005208333333,100.0,,26.21715899999799,manual
1768375536597,Sunny,Day,0.07242838541666667,100.0,,25.712930000054257,manual
1768375536629,Sunny,Day,0.073046875,100.0,,26.254918000176986,manual
1768375536660,Sunny,Day,0.07213541666666666,100.0,,25.416630000108853,manual
1768375536691,Sunny,Day,0.07278645833333333,100.0,,25.24533199994039,manual
1768375536723,Sunny,Day,0.07268880208333334,100.0,,26.195010000037655,manual
1768375536755,Sunny,Day,0.07197265625,100.0,,27.142911000055392,manual
1768375536786,Sunny,Day,0.07327473958333333,100.0,,25.240572000029715,manual
1768375536817,Sunny,Day,0.07369791666666667,100.0,,21.751381000058245,manual
1768375536848,Sunny,Day,0.07858072916666667,100.0,,25.045254999895405,manual
1768375536880,Sunny,Day,0.08326822916666667,100.0,,25.70583700003226,manual
1768375536910,Sunny,Day,0.08505859375,100.0,,21.869288999823766,manual
1768375536941,Sunny,Day,0.08720703125,100.0,,26.0889710000356,manual
1768375536975,Sunny,Day,0.08977864583333334,100.0,,27.77171399998224,manual
1768375537007,Sunny,Day,0.09212239583333333,100.0,,26.20575099990674,manual
1768375537038,Sunny,Day,0.09267578125,100.0,,25.321667000071102,manual
1768375537067,Sunny,Day,0.09352213541666667,100.0,,23.890205000043352,manual
1768375537099,Sunny,Day,0.09567057291666667,100.0,,25.934803999916767,manual
1768375537134,Sunny,Day,0.09983723958333333,100.0,,30.193375999942873,manual
1768375537162,Sunny,Day,0.099609375,100.0,,22.822413999847413,manual
1768375537194,Sunny,Day,0.09912109375,100.0,,25.760876000049393,manual
1768375537227,Sunny,Day,0.1,100.0,,28.827377999959936,manual
1768375537257,Sunny,Day,0.10133463541666667,100.0,,25.773154000034992,manual
1768375537290,Sunny,Day,0.09925130208333334,100.0,66.0,29.14180699985991,manual
1768375537321,Sunny,Day,0.10198567708333334,100.0,65.0,20.79694400003973,manual
1768375537352,Sunny,Day,0.09794921875,100.0,,26.605424000081257,manual
1768375537384,Sunny,Day,0.09680989583333334,100.0,,25.617967000016506,manual
1768375537415,Sunny,Day,0.090234375,100.0,,26.89800099983586,manual
1768375537445,Sunny,Day,0.09000651041666667,100.0,,23.53705199993783,manual
1768375537476,Sunny,Day,0.09150390625,100.0,,26.17441899997175,manual
1768375537507,Sunny,Day,0.08505859375,100.0,,22.373723000100654,manual
1768375537540,Sunny,Day,0.08626302083333333,100.0,,27.344285000026503,manual
1768375537570,Sunny,Day,0.08483072916666666,100.0,,25.8864889999586,manual
1768375537602,Sunny,Day,0.08414713541666667,100.0,,27.503305000209366,manual
1768375537635,Sunny,Day,0.08642578125,100.0,,29.26716000001761,manual
1768375537666,Sunny,Day,0.083203125,100.0,,26.39142099997116,manual
1768375537698,Sunny,Day,0.08209635416666666,100.0,,27.515472000004593,manual
1768375537730,Sunny,Day,0.08277994791666667,100.0,,27.51782399991498,manual
1768375537759,Sunny,Day,0.08196614583333334,100.0,,25.028829999882873,manual
1768375537791,Sunny,Day,0.08160807291666666,100.0,,28.228147999925568,manual
1768375537821,Sunny,Day,0.08170572916666667,100.0,,25.788636000015686,manual
1768375537853,Sunny,Day,0.08590494791666667,100.0,,27.370914999892193,manual
1768375537884,Sunny,Day,0.08238932291666666,100.0,,27.225894999901357,manual
1768375537916,Sunny,Day,0.08538411458333334,100.0,,26.995466000016677,manual
1768375537949,Sunny,Day,0.087890625,100.0,,28.785413999912635,manual
1768375537978,Sunny,Day,0.08740234375,100.0,,24.231024000073376,manual
1768375538011,Sunny,Day,0.08714192708333333,100.0,,28.560948999938773,manual
1768375538043,Sunny,Day,0.08206380208333333,100.0,,27.832088999957705,manual
1768375538073,Sunny,Day,0.08089192708333333,100.0,,23.336718000109613,manual
1768375538104,Sunny,Day,0.08011067708333333,100.0,,27.33713800012083,manual
1768375538137,Sunny,Day,0.07470703125,100.0,,28.977417999840327,manual
1768375538168,Sunny,Day,0.07347005208333333,100.0,,26.551479999852745,manual
1768375538200,Sunny,Day,0.057421875,100.0,,26.223883000056958,manual
1768375538233,Sunny,Day,0.05823567708333333,100.0,,28.857101000085095,manual
1768375538261,Sunny,Day,0.05377604166666667,100.0,,22.778230000085387,manual
1768375538295,Sunny,Day,0.050455729166666664,100.0,,28.04831399998875,manual
1768375538327,Sunny,Day,0.04742838541666667,94.85677083333334,,27.76356999993368,manual
1768375538356,Sunny,Day,0.04583333333333333,91.66666666666666,,24.45137900008376,manual
1768375538386,Sunny,Day,0.04248046875,84.9609375,,26.1992350001492,manual
1768375538418,Sunny,Day,0.04088541666666667,81.77083333333333,,25.89002799982154,manual
1768375538449,Sunny,Day,0.04016927083333333,80.33854166666667,,25.787229999878036,manual
1768375538482,Sunny,Day,0.03668619791666667,73.37239583333334,,27.431268000100317,manual
1768375538514,Sunny,Day,0.03577473958333333,71.54947916666667,,25.41376199997103,manual
1768375538545,Sunny,Day,0.03037109375,60.7421875,,25.42594800002007,manual
1768375538574,Sunny,Day,0.02705078125,54.1015625,,22.653264999917155,manual
1768375538607,Sunny,Day,0.023828125,47.65625,,27.51032500009387,manual
1768375538637,Sunny,Day,0.02158203125,43.1640625,,24.793624999801978,manual
1768375538670,Sunny,Day,0.018815104166666666,37.63020833333333,,27.65516099998422,manual
1768375538701,Sunny,Day,0.0126953125,25.390625,,25.403761999996277,manual
1768375538733,Sunny,Day,0.016373697916666666,32.74739583333333,,27.33702699993046,manual
1768375538763,Sunny,Day,0.01455078125,29.1015625,,24.198821000027237,manual
1768375538796,Sunny,Day,0.014973958333333334,29.947916666666668,,26.445534000004045,manual
1768375538828,Sunny,Day,0.015592447916666667,31.184895833333332,,26.451089999909527,manual
1768375538860,Sunny,Day,0.018229166666666668,36.458333333333336,,26.38173800005461,manual
1768375538889,Sunny,Day,0.017936197916666667,35.872395833333336,,22.845693000135725,manual
1768375538921,Sunny,Day,0.0189453125,37.890625,,25.93325000020741,manual
1768375538952,Sunny,Day,0.021451822916666665,42.90364583333333,,21.67736399997011,manual
1768375538983,Sunny,Day,0.027180989583333332,54.361979166666664,,24.758642000051623,manual
1768375539014,Sunny,Day,0.02734375,54.6875,,26.32919999996375,manual
1768375539046,Sunny,Day,0.027799479166666665,55.59895833333333,,25.96882599982564,manual
1768375539079,Sunny,Day,0.03056640625,61.1328125,,27.67718099994454,manual
1768375539109,Sunny,Day,0.038346354166666666,76.69270833333333,,24.677218000078938,manual
1768375539141,Sunny,Day,0.03160807291666667,63.216145833333336,,26.301829999965776,manual
1768375539174,Sunny,Day,0.031640625,63.28125,,26.773187999879156,manual
1768375539204,Sunny,Day,0.034993489583333336,69.98697916666667,,23.860337000087384,manual
1768375539235,Sunny,Day,0.03909505208333333,78.19010416666666,,26.07497600001807,manual
1768375539266,Sunny,Day,0.04449869791666667,88.99739583333334,,26.41040499997871,manual
1768375539296,Sunny,Day,0.034895833333333334,69.79166666666667,,24.877793000086967,manual
1768375539329,Sunny,Day,0.0400390625,80.078125,,27.79716399982135,manual
1768375539361,Sunny,Day,0.0466796875,93.359375,,26.058161000037217,manual
1768375539392,Sunny,Day,0.047102864583333334,94.20572916666667,,24.972055000034743,manual
1768375539423,Sunny,Day,0.04990234375,99.8046875,,25.238575999992463,manual
1768375539455,Sunny,Day,0.05530598958333333,100.0,,25.48163400001613,manual
1768375539486,Sunny,Day,0.058203125,100.0,,25.15229700020427,manual
1768375539517,Sunny,Day,0.0599609375,100.0,,25.50426399989192,manual
1768375539549,Sunny,Day,0.06497395833333333,100.0,,25.405708000107552,manual
1768375539580,Sunny,Day,0.06907552083333333,100.0,,25.241150000056223,manual
1768375539612,Sunny,Day,0.07154947916666667,100.0,,25.114797000014732,manual
1768375539644,Sunny,Day,0.07571614583333333,100.0,,26.04651299998295,manual
1768375539674,Sunny,Day,0.08177083333333333,100.0,,24.672568999903888,manual
1768375539706,Sunny,Day,0.08059895833333333,100.0,,26.3798680000491,manual
1768375539737,Sunny,Day,0.08567708333333333,100.0,,25.34672599995247,manual
1768375539770,Sunny,Day,0.08645833333333333,100.0,,28.752527000051487,manual
1768375539799,Sunny,Day,0.08990885416666666,100.0,,25.250353999808794,manual
1768375539831,Sunny,Day,0.0916015625,100.0,,26.526129000103538,manual
1768375539863,Sunny,Day,0.09303385416666667,100.0,,28.220853999982864,manual
1768375539893,Sunny,Day,0.09176432291666667,100.0,,26.383183000007193,manual
1768375539925,Sunny,Day,0.09733072916666667,100.0,,28.031536999833406,manual
1768375539956,Sunny,Day,0.10638020833333334,100.0,,22.51861599984295,manual
1768375539989,Sunny,Day,0.10797526041666666,100.0,,26.992837999841868,manual
1768375540020,Sunny,Day,0.110546875,100.0,,26.756873999829622,manual
1768375540052,Sunny,Day,0.11341145833333334,100.0,,22.785193999879993,manual
1768375540083,Sunny,Day,0.11285807291666666,100.0,,27.427698000110468,manual
1768375540114,Sunny,Day,0.11516927083333334,100.0,,24.910017999900447,manual
1768375540147,Sunny,Day,0.117578125,100.0,,26.34566500000801,manual
1768375540178,Sunny,Day,0.122265625,100.0,,26.35859200017876,manual
1768375540208,Sunny,Day,0.12141927083333333,100.0,,25.55917400013641,manual
1768375540239,Sunny,Day,0.12568359375,100.0,,26.377942999943116,manual
1768375540270,Sunny,Day,0.12819010416666668,100.0,,27.458050000177536,manual
1768375540303,Sunny,Day,0.12998046875,100.0,,27.636830000119517,manual
1768375540337,Sunny,Day,0.1330078125,100.0,,28.010575000052995,manual
1768375540366,Sunny,Day,0.1373046875,100.0,,23.226865999959045,manual
1768375540397,Sunny,Day,0.14111328125,100.0,,27.314251999996486,manual
1768375540428,Sunny,Day,0.14352213541666667,100.0,,26.700465999965672,manual
1768375540460,Sunny,Day,0.1478515625,100.0,,26.25812699989183,manual
1768375540493,Sunny,Day,0.15227864583333334,100.0,,27.821479999829535,manual
1768375540523,Sunny,Day,0.15882161458333333,100.0,,23.664131000032285,manual
1768375540554,Sunny,Day,0.16331380208333332,100.0,,25.562896000110413,manual
1768375540586,Sunny,Day,0.16640625,100.0,-69.0,27.322251999976288,manual
1768375540616,Sunny,Day,0.17171223958333334,100.0,,23.5225179999361,manual
1768375540648,Sunny,Day,0.1720703125,100.0,-72.0,26.488760000120237,manual
1768375540680,Sunny,Day,0.17018229166666668,100.0,-76.0,27.15769399992496,manual
1768375540711,Sunny,Day,0.16754557291666666,100.0,-77.0,22.17113100005008,manual
1768375540742,Sunny,Day,0.16516927083333333,100.0,,25.005684999996447,manual
1768375540774,Sunny,Day,0.16217447916666666,100.0,,25.95992000010483,manual
1768375540806,Sunny,Day,0.16295572916666667,100.0,,27.063508000082948,manual
1768375540836,Sunny,Day,0.1625,100.0,,22.721194000041578,manual
1768375540868,Sunny,Day,0.16162109375,100.0,,25.96760500000528,manual
1768375540900,Sunny,Day,0.15647786458333332,100.0,,27.074822000031418,manual
1768375540930,Sunny,Day,0.15647786458333332,100.0,,24.217305000092892,manual
1768375540962,Sunny,Day,0.15511067708333334,100.0,,25.88432599986845,manual
1768375540994,Sunny,Day,0.15182291666666667,100.0,,26.87144900005478,manual
1768375541026,Sunny,Day,0.14973958333333334,100.0,,25.944697999875643,manual
1768375541056,Sunny,Day,0.14921875,100.0,,24.185825000131445,manual
1768375541090,Sunny,Day,0.14462890625,100.0,,28.29859899998155,manual
1768375541119,Sunny,Day,0.14651692708333333,100.0,,25.29476499989869,manual
1768375541150,Sunny,Day,0.14332682291666668,100.0,,26.178479000009247,manual
1768375541183,Sunny,Day,0.14368489583333333,100.0,,29.14305400008743,manual
1768375541214,Sunny,Day,0.14290364583333334,100.0,,26.51548299991191,manual
1768375541244,Sunny,Day,0.14085286458333332,100.0,,26.63352199988367,manual
1768375541278,Sunny,Day,0.13483072916666666,100.0,,28.335377000075823,manual
1768375541308,Sunny,Day,0.13548177083333332,100.0,,23.34649900012664,manual
1768375541339,Sunny,Day,0.13199869791666666,100.0,,27.889205000064976,manual
1768375541370,Sunny,Day,0.1310546875,100.0,,25.41422900003454,manual
1768375541402,Sunny,Day,0.1283203125,100.0,,26.98143399993569,manual
1768375541433,Sunny,Day,0.12548828125,100.0,,21.61462499998379,manual
1768375541465,Sunny,Day,0.12333984375,100.0,,25.554971000019577,manual
1768375541496,Sunny,Day,0.122265625,100.0,,27.500791999955254,manual
1768375541530,Sunny,Day,0.11852213541666666,100.0,,29.4021120000707,manual
1768375541559,Sunny,Day,0.11865234375,100.0,,21.09141500000078,manual
1768375541592,Sunny,Day,0.11637369791666667,100.0,,29.068163999909302,manual
1768375541621,Sunny,Day,0.11468098958333334,100.0,,25.03957600015383,manual
1768375541653,Sunny,Day,0.1123046875,100.0,,26.128683000024466,manual
1768375541684,Sunny,Day,0.11048177083333334,100.0,,27.491809999901307,manual
1768375541716,Sunny,Day,0.1091796875,100.0,,27.441347000149108,manual
1768375541746,Sunny,Day,0.10830078125,100.0,,24.27878799994687,manual
1768375541777,Sunny,Day,0.10546875,100.0,,26.534149999861256,manual
1768375541810,Sunny,Day,0.10289713541666666,100.0,,29.007589000002554,manual
1768375541843,Sunny,Day,0.10029296875,100.0,,28.336191999869698,manual
1768375541873,Sunny,Day,0.09869791666666666,100.0,,24.093193999988216,manual
1768375541904,Sunny,Day,0.09811197916666667,100.0,,26.385723000203143,manual
1768375541935,Sunny,Day,0.09729817708333334,100.0,,26.196811999852798,manual
1768375541966,Sunny,Day,0.09677734375,100.0,,22.392468000134613,manual
1768375542000,Sunny,Day,0.09462890625,100.0,,30.011601999831328,manual
1768375542029,Sunny,Day,0.09244791666666667,100.0,,23.428149999972447,manual
1768375542061,Sunny,Day,0.0892578125,100.0,,25.37482299999283,manual
1768375542094,Sunny,Day,0.08815104166666667,100.0,,27.429664000010234,manual
1768375542124,Sunny,Day,0.08603515625,100.0,,24.4719030001761,manual
1768375542157,Sunny,Day,0.08333333333333333,100.0,,28.837328999998135,manual
1768375542186,Sunny,Day,0.08255208333333333,100.0,,25.202839000030508,manual
1768375542218,Sunny,Day,0.08079427083333333,100.0,,25.781919999872116,manual
1768375542251,Sunny,Day,0.079296875,100.0,,27.705352000111816,manual
1768375542281,Sunny,Day,0.0765625,100.0,,24.492478000183837,manual
1768375542312,Sunny,Day,0.07428385416666666,100.0,,25.526473000127226,manual
1768375542343,Sunny,Day,0.07252604166666667,100.0,,25.82717999985107,manual
1768375542375,Sunny,Day,0.07093098958333334,100.0,,25.82393900001989,manual
1768375542407,Sunny,Day,0.06875,100.0,,26.847100999930262,manual
1768375542439,Sunny,Day,0.06936848958333333,100.0,,26.303501000029428,manual
1768375542470,Sunny,Day,0.06722005208333333,100.0,,26.291926999874704,manual
1768375542502,Sunny,Day,0.06526692708333333,100.0,,26.09710900014761,manual
1768375542533,Sunny,Day,0.06328125,100.0,,26.78226599982736,manual
1768375542564,Sunny,Day,0.061197916666666664,100.0,,26.616134000050806,manual
1768375542594,Sunny,Day,0.05865885416666667,100.0,,24.668128000030265,manual
1768375542626,Sunny,Day,0.05498046875,100.0,,27.581535000081203,manual
1768375542659,Sunny,Day,0.05172526041666667,100.0,,28.593733999969118,manual
1768375542689,Sunny,Day,0.049544270833333334,99.08854166666667,,25.672214999985954,manual
1768375542719,Sunny,Day,0.0484375,96.875,,26.03884899986042,manual
1768375542751,Sunny,Day,0.04951171875,99.0234375,,26.188479999973424,manual
1768375542783,Sunny,Day,0.04778645833333333,95.57291666666666,,27.383200000031138,manual
1768375542814,Sunny,Day,0.04580078125,91.6015625,,25.752438000154143,manual
1768375542846,Sunny,Day,0.045703125,91.40625,,25.966811999978745,manual
1768375542877,Sunny,Day,0.04212239583333333,84.24479166666667,,24.968613000055484,manual
1768375542910,Sunny,Day,0.04443359375,88.8671875,,27.31658800007608,manual
1768375542941,Sunny,Day,0.040364583333333336,80.72916666666667,,23.50368699990213,manual
1768375542972,Sunny,Day,0.03909505208333333,78.19010416666666,,25.54786099994999,manual
1768375543004,Sunny,Day,0.03701171875,74.0234375,,26.468261999980314,manual
1768375543035,Sunny,Day,0.03902994791666667,78.05989583333334,,25.362953000012567,manual
1768375543067,Sunny,Day,0.03658854166666667,73.17708333333334,,26.13861200006795,manual
1768375543097,Sunny,Day,0.036881510416666666,73.76302083333333,,24.00634299988269,manual
1768375543128,Sunny,Day,0.04163411458333333,83.26822916666667,,25.511788000130764,manual
1768375543160,Sunny,Day,0.04931640625,98.6328125,,25.869051999961812,manual
1768375543191,Sunny,Day,0.05572916666666667,100.0,,25.574622000021918,manual
1768375543225,Sunny,Day,0.05328776041666667,100.0,54.0,29.267651000054684,manual
1768375543254,Sunny,Day,0.05791015625,100.0,52.0,16.630674999987605,manual
1768375543287,Sunny,Day,0.06051432291666667,100.0,50.0,27.03119600005266,manual
1768375543318,Sunny,Day,0.06051432291666667,100.0,47.0,24.880595000013273,manual
1768375543350,Sunny,Day,0.05992838541666667,100.0,45.0,26.73508199995922,manual
1768375543379,Sunny,Day,0.0603515625,100.0,44.0,23.62459799996941,manual
1768375543411,Sunny,Day,0.05901692708333333,100.0,42.0,26.62552499987214,manual
1768375543444,Sunny,Day,0.06302083333333333,100.0,39.0,27.87691100002121,manual
1768375543474,Sunny,Day,0.06240234375,100.0,37.0,24.24877299995387,manual
1768375543505,Sunny,Day,0.06399739583333333,100.0,35.0,25.660085999788862,auto
1768375543541,Sunny,Day,0.06123046875,100.0,33.0,28.70486599999822,auto
1768375543573,Sunny,Day,0.06451822916666666,100.0,33.0,24.791778999997405,auto
1768375543600,Sunny,Day,0.06458333333333334,100.0,33.0,17.294775999971534,auto
1768375543630,Sunny,Day,0.06715494791666667,100.0,32.0,22.444638000024497,auto
1768375543661,Sunny,Day,0.06630859375,100.0,32.0,24.779204999958893,auto
1768375543692,Sunny,Day,0.06526692708333333,100.0,32.0,24.249828000165508,auto
1768375543728,Sunny,Day,0.06617838541666667,100.0,33.0,29.691138000089268,auto
1768375543757,Sunny,Day,0.06432291666666666,100.0,33.0,18.613052000091557,auto
1768375543789,Sunny,Day,0.06272786458333333,100.0,33.0,24.198235000085333,auto
1768375543819,Sunny,Day,0.06565755208333333,100.0,33.0,22.976034000066647,auto
1768375543852,Sunny,Day,0.0662109375,100.0,33.0,24.283736000143108,auto
1768375543885,Sunny,Day,0.06624348958333333,100.0,34.0,19.455303000086133,auto
1768375543913,Sunny,Day,0.06585286458333334,100.0,34.0,20.21557200009738,auto
1768375543945,Sunny,Day,0.06461588541666667,100.0,33.0,24.575479999839445,auto
1768375543975,Sunny,Day,0.06438802083333334,100.0,33.0,20.8094509998773,auto
1768375544008,Sunny,Day,0.0642578125,100.0,33.0,26.14783399985754,auto
1768375544040,Sunny,Day,0.06429036458333333,100.0,33.0,25.035894999973607,auto
1768375544070,Sunny,Day,0.0642578125,100.0,33.0,19.532638999862684,auto
1768375544103,Sunny,Day,0.06311848958333334,100.0,33.0,26.133889999982785,auto
1768375544135,Sunny,Day,0.06292317708333334,100.0,33.0,22.898662999978114,auto
1768375544165,Sunny,Day,0.06214192708333333,100.0,34.0,22.561381000059555,auto
1768375544196,Sunny,Day,0.06009114583333333,100.0,34.0,23.447262999980012,auto
1768375544229,Sunny,Day,0.06149088541666667,100.0,34.0,25.464418999945337,auto
1768375544259,Sunny,Day,0.061783854166666666,100.0,34.0,19.19967200001338,auto
1768375544291,Sunny,Day,0.06201171875,100.0,34.0,23.247372000014366,auto
1768375544321,Sunny,Day,0.060872395833333336,100.0,34.0,22.510380000085206,auto
1768375544353,Sunny,Day,0.0609375,100.0,35.0,25.05046900000707,auto
1768375544384,Sunny,Day,0.059375,100.0,35.0,23.539207999874634,auto
1768375544416,Sunny,Day,0.059375,100.0,35.0,24.123198000097545,auto
1768375544448,Sunny,Day,0.06015625,100.0,36.0,24.936892999903648,auto
1768375544478,Sunny,Day,0.05895182291666667,100.0,35.0,22.40961999996216,auto
1768375544513,Sunny,Day,0.05865885416666667,100.0,35.0,28.224102000194762,auto
1768375544544,Sunny,Day,0.05895182291666667,100.0,35.0,22.18872900016322,auto
1768375544577,Sunny,Day,0.05751953125,100.0,35.0,25.014024000029167,auto
1768375544606,Sunny,Day,0.058854166666666666,100.0,35.0,21.052232999863918,auto
1768375544633,Sunny,Day,0.05716145833333333,100.0,35.0,21.129436999899553,auto
1768375544665,Sunny,Day,0.05862630208333333,100.0,35.0,25.941610000018045,auto
1768375544697,Sunny,Day,0.057877604166666666,100.0,35.0,25.847108999869306,auto
1768375544727,Sunny,Day,0.056966145833333336,100.0,35.0,24.279329999899346,auto
1768375544760,Sunny,Day,0.05859375,100.0,35.0,26.838011000108963,auto
1768375544792,Sunny,Day,0.057291666666666664,100.0,35.0,26.454615999909947,auto
1768375544823,Sunny,Day,0.05670572916666667,100.0,33.0,24.552017999894815,auto
1768375544855,Sunny,Day,0.055924479166666666,100.0,31.0,24.262625999881493,auto
1768375544885,Sunny,Day,0.059798177083333334,100.0,29.0,23.37170700002389,auto
1768375544917,Sunny,Day,0.06529947916666666,100.0,26.0,22.63084500009427,auto
1768375544949,Sunny,Day,0.06236979166666667,100.0,26.0,26.31955900005778,auto
1768375544979,Sunny,Day,0.06497395833333333,100.0,26.0,18.45357000001968,auto
1768375545011,Sunny,Day,0.06595052083333333,100.0,26.0,24.9346160001096,auto
1768375545041,Sunny,Day,0.066015625,100.0,24.0,23.843694999868603,auto
1768375545075,Sunny,Day,0.06813151041666667,100.0,23.0,27.724485999897297,auto
1768375545104,Sunny,Day,0.06722005208333333,100.0,25.0,21.701908000068215,auto
1768375545137,Sunny,Day,0.0677734375,100.0,25.0,26.019055999995544,auto
1768375545169,Sunny,Day,0.06516927083333333,100.0,25.0,25.797998000143707,auto
1768375545199,Sunny,Day,0.06923828125,100.0,24.0,17.87248899995575,auto
1768375545230,Sunny,Day,0.06848958333333334,100.0,26.0,24.79396699982317,auto
1768375545262,Sunny,Day,0.06627604166666666,100.0,25.0,26.30104099989694,auto
1768375545293,Sunny,Day,0.06725260416666666,100.0,25.0,24.704520999875967,auto
1768375545323,Sunny,Day,0.07063802083333333,100.0,-22.0,24.906542000053378,auto
1768375545358,Sunny,Day,0.069140625,100.0,24.0,29.195727000114857,auto
1768375545388,Sunny,Day,0.06998697916666667,100.0,21.0,22.48441799997636,auto
1768375545418,Sunny,Day,0.06419270833333333,100.0,-21.0,16.596861999914836,auto
1768375545449,Sunny,Day,0.06966145833333333,100.0,-23.0,25.200379000125395,auto
1768375545483,Sunny,Day,0.06868489583333333,100.0,-23.0,27.398223000091093,auto
1768375545512,Sunny,Day,0.06917317708333333,100.0,-20.0,20.16403699985858,auto
1768375545544,Sunny,Day,0.06630859375,100.0,-18.0,25.826997999956802,auto
1768375545575,Sunny,Day,0.06669921875,100.0,-15.0,25.659014999973806,auto
1768375545607,Sunny,Day,0.065625,100.0,-15.0,21.491610000111905,auto
1768375545639,Sunny,Day,0.06614583333333333,100.0,38.0,26.44469200004096,auto
1768375545669,Sunny,Day,0.06067708333333333,100.0,36.0,23.602192999987892,auto
1768375545701,Sunny,Day,0.060221354166666664,100.0,36.0,26.050186000020403,auto
1768375545734,Sunny,Day,0.061360677083333336,100.0,34.0,26.631137999856946,auto
1768375545766,Sunny,Day,0.05602213541666667,100.0,37.0,25.442104999910953,auto
1768375545797,Sunny,Day,0.05325520833333333,100.0,-17.0,23.2819110001401,auto
1768375545826,Sunny,Day,0.06057942708333333,100.0,-18.0,19.01976299996022,auto
1768375545859,Sunny,Day,0.05755208333333333,100.0,30.0,26.579804999983025,auto
1768375545889,Sunny,Day,0.06689453125,100.0,-27.0,21.10893799999758,auto
1768375545920,Sunny,Day,0.06376953125,100.0,-27.0,25.691589999951248,auto
1768375545952,Sunny,Day,0.06643880208333333,100.0,22.0,25.685830000156784,auto
1768375545987,Sunny,Day,0.06455078125,100.0,-26.0,29.11367000001519,auto
1768375546014,Sunny,Day,0.05960286458333333,100.0,-21.0,21.088031000090268,auto
1768375546046,Sunny,Day,0.06357421875,100.0,-26.0,25.812666000092577,auto
1768375546077,Sunny,Day,0.05901692708333333,100.0,-19.0,25.85129700014477,auto
1768375546109,Sunny,Day,0.05869140625,100.0,-24.0,25.138990999948874,auto
1768375546140,Sunny,Day,0.06318359375,100.0,-21.0,24.870338999789965,auto
1768375546172,Sunny,Day,0.05774739583333333,100.0,-23.0,26.19335700001102,auto
1768375546204,Sunny,Day,0.05472005208333333,100.0,-21.0,25.94496500000787,auto
1768375546237,Sunny,Day,0.05283203125,100.0,-56.0,25.89670399993338,auto
1768375546266,Sunny,Day,0.0544921875,100.0,-55.0,22.230027000205155,auto
1768375546298,Sunny,Day,0.0498046875,99.609375,-52.0,25.82009200000357,auto
1768375546330,Sunny,Day,0.0525390625,100.0,-49.0,26.188744999899427,auto
1768375546360,Sunny,Day,0.05667317708333333,100.0,-45.0,24.300072999949407,auto
1768375546391,Sunny,Day,0.06188151041666667,100.0,-40.0,25.499885000044742,auto
1768375546423,Sunny,Day,0.06165364583333333,100.0,-34.0,25.215083999910348,auto
1768375546457,Sunny,Day,0.06611328125,100.0,-30.0,28.32606900005885,auto
1768375546486,Sunny,Day,0.06969401041666666,100.0,-25.0,23.059779000050185,auto
1768375546518,Sunny,Day,0.067578125,100.0,-22.0,25.57768099995883,auto
1768375546549,Sunny,Day,0.06722005208333333,100.0,-20.0,17.438910000009855,auto
1768375546582,Sunny,Day,0.06715494791666667,100.0,-16.0,25.78766600004201,auto
1768375546613,Sunny,Day,0.06357421875,100.0,-14.0,24.07892099995479,auto
1768375546644,Sunny,Day,0.06279296875,100.0,-12.0,26.46322999999029,auto
1768375546674,Sunny,Day,0.06158854166666667,100.0,-12.0,23.96708700007366,auto
1768375546707,Sunny,Day,0.059895833333333336,100.0,-12.0,27.75172799988468,auto
1768375546737,Sunny,Day,0.06005859375,100.0,-13.0,18.691240999942238,auto
1768375546769,Sunny,Day,0.05914713541666667,100.0,-14.0,25.455310000097597,auto
1768375546800,Sunny,Day,0.0591796875,100.0,-17.0,25.27184399991711,auto
1768375546831,Sunny,Day,0.058365885416666666,100.0,-18.0,17.968657999972493,auto
1768375546865,Sunny,Day,0.058821614583333334,100.0,-20.0,27.799285000128293,auto
1768375546894,Sunny,Day,0.05817057291666667,100.0,-20.0,21.735059000093315,auto
1768375546926,Sunny,Day,0.05755208333333333,100.0,-21.0,26.348191000124643,auto
1768375546958,Sunny,Day,0.05755208333333333,100.0,-22.0,26.486674999887327,auto
1768375546990,Sunny,Day,0.05703125,100.0,-22.0,21.837967000010394,auto
1768375547022,Sunny,Day,0.05579427083333333,100.0,-22.0,26.537306000136596,auto
1768375547051,Sunny,Day,0.0548828125,100.0,-22.0,22.478717000012693,auto
1768375547082,Sunny,Day,0.05458984375,100.0,-22.0,24.80604300012601,auto
1768375547117,Sunny,Day,0.05514322916666667,100.0,-23.0,29.782293000153004,auto
1768375547147,Sunny,Day,0.05458984375,100.0,-22.0,22.39099400003397,auto
1768375547176,Sunny,Day,0.054361979166666664,100.0,-22.0,23.186245000033523,auto
1768375547209,Sunny,Day,0.05384114583333333,100.0,-22.0,26.467378999996072,auto
1768375547239,Sunny,Day,0.05377604166666667,100.0,-22.0,23.386524999978064,auto
1768375547270,Sunny,Day,0.05439453125,100.0,-23.0,18.596944000137228,auto
1768375547302,Sunny,Day,0.0541015625,100.0,-23.0,25.692813999967257,auto
1768375547334,Sunny,Day,0.0525390625,100.0,-21.0,26.506972999868594,auto
1768375547367,Sunny,Day,0.05358072916666667,100.0,-22.0,26.617473999976937,auto
1768375547400,Sunny,Day,0.054036458333333336,100.0,-23.0,23.897384000065358,auto
1768375547429,Sunny,Day,0.054036458333333336,100.0,-24.0,23.92842099993686,auto
1768375547459,Sunny,Day,0.05302734375,100.0,-23.0,21.614131999967867,auto
1768375547490,Sunny,Day,0.05231119791666667,100.0,-23.0,25.648350999972536,auto
1768375547522,Sunny,Day,0.05380859375,100.0,-25.0,25.777629999993223,auto
1768375547554,Sunny,Day,0.052571614583333336,100.0,-25.0,25.213603999873158,auto
1768375547584,Sunny,Day,0.04993489583333333,99.86979166666667,-23.0,24.555873000053907,auto
1768375547616,Sunny,Day,0.05224609375,100.0,-25.0,26.003040999967197,auto
1768375547649,Sunny,Day,0.05224609375,100.0,-25.0,27.049294999869744,auto
1768375547681,Sunny,Day,0.052994791666666666,100.0,-26.0,24.97936000008849,auto
1768375547711,Sunny,Day,0.053059895833333336,100.0,-26.0,24.252574000001914,auto
1768375547743,Sunny,Day,0.05188802083333333,100.0,-25.0,26.863366000043243,auto
1768375547775,Sunny,Day,0.05283203125,100.0,-26.0,25.720239999827754,auto
1768375547806,Sunny,Day,0.05377604166666667,100.0,-27.0,22.79151700008697,auto
1768375547838,Sunny,Day,0.053971354166666666,100.0,-29.0,25.915131999909136,auto
1768375547867,Sunny,Day,0.05188802083333333,100.0,-27.0,22.84775900011482,auto
1768375547899,Sunny,Day,0.0501953125,100.0,-29.0,25.393181000026743,auto
1768375547931,Sunny,Day,0.05234375,100.0,-31.0,27.106610000146247,auto
1768375547966,Sunny,Day,0.05380859375,100.0,-31.0,28.19655000007515,auto
1768375547993,Sunny,Day,0.053938802083333334,100.0,-30.0,20.713157000045612,auto
1768375548025,Sunny,Day,0.05315755208333333,100.0,-28.0,26.715662000015072,auto
1768375548056,Sunny,Day,0.055078125,100.0,-28.0,21.673132999922018,auto
1768375548087,Sunny,Day,0.055338541666666664,100.0,-27.0,25.828539000031014,auto
1768375548118,Sunny,Day,0.055338541666666664,100.0,-26.0,25.524591000021246,auto
1768375548150,Sunny,Day,0.05576171875,100.0,-25.0,26.465214000154447,auto
1768375548182,Sunny,Day,0.05563151041666667,100.0,-24.0,25.726890000214553,auto
1768375548214,Sunny,Day,0.05546875,100.0,-24.0,25.898652000023503,auto
1768375548248,Sunny,Day,0.05504557291666667,100.0,-24.0,28.437740000072154,auto
1768375548275,Sunny,Day,0.05517578125,100.0,-25.0,20.64441600009559,auto
1768375548307,Sunny,Day,0.054850260416666664,100.0,-25.0,15.743334000035247,auto
1768375548340,Sunny,Day,0.05478515625,100.0,-26.0,27.386744999830626,auto
1768375548370,Sunny,Day,0.0541015625,100.0,-27.0,20.495210000035513,auto
1768375548404,Sunny,Day,0.05439453125,100.0,-28.0,27.812305999987075,auto
1768375548433,Sunny,Day,0.054459635416666666,100.0,-27.0,22.764017999861608,auto
1768375548464,Sunny,Day,0.05465494791666667,100.0,-28.0,24.329076000185523,auto
1768375548499,Sunny,Day,0.05475260416666667,100.0,-28.0,29.314974000044458,auto
1768375548527,Sunny,Day,0.05475260416666667,100.0,-27.0,21.481317000052513,auto
1768375548558,Sunny,Day,0.05524088541666667,100.0,-27.0,24.886748999961128,auto
1768375548590,Sunny,Day,0.05511067708333333,100.0,-26.0,26.20122899998023,auto
1768375548623,Sunny,Day,0.05530598958333333,100.0,-26.0,26.774218000127803,auto
1768375548653,Sunny,Day,0.05559895833333333,100.0,-25.0,23.70221599994693,auto
1768375548683,Sunny,Day,0.05625,100.0,-26.0,24.880805000066175,auto
1768375548715,Sunny,Day,0.055924479166666666,100.0,-26.0,24.88587900006678,auto
1768375548747,Sunny,Day,0.05579427083333333,100.0,-26.0,26.26167399989754,auto
1768375548779,Sunny,Day,0.055436197916666666,100.0,-27.0,26.571549999971467,auto
1768375548809,Sunny,Day,0.055501302083333336,100.0,-27.0,24.052774999972826,auto
1768375548842,Sunny,Day,0.05553385416666667,100.0,-27.0,26.778495999906227,auto
1768375548872,Sunny,Day,0.05465494791666667,100.0,-27.0,21.351481000010608,auto
1768375548906,Sunny,Day,0.05380859375,100.0,-27.0,27.132352999842624,auto
1768375548936,Sunny,Day,0.05517578125,100.0,-27.0,20.572285999833184,auto
1768375548967,Sunny,Day,0.05511067708333333,100.0,-28.0,25.799112999948193,auto
1768375549000,Sunny,Day,0.05455729166666667,100.0,-28.0,25.859723999928974,auto
1768375549030,Sunny,Day,0.054296875,100.0,-28.0,23.164395000094373,auto
1768375549060,Sunny,Day,0.05377604166666667,100.0,-28.0,24.503079000169237,auto
1768375549092,Sunny,Day,0.054036458333333336,100.0,-29.0,24.64071100007459,auto
1768375549124,Sunny,Day,0.05374348958333333,100.0,-29.0,25.47455500007345,auto
1768375549155,Sunny,Day,0.054036458333333336,100.0,-29.0,24.660470000071655,auto
1768375549188,Sunny,Day,0.05364583333333333,100.0,-28.0,27.47604399996817,auto
1768375549217,Sunny,Day,0.0537109375,100.0,-28.0,22.938522000004014,auto
1768375549252,Sunny,Day,0.05335286458333333,100.0,-28.0,28.799856999967233,auto
1768375549282,Sunny,Day,0.05384114583333333,100.0,-28.0,23.662364999836427,auto
1768375549312,Sunny,Day,0.053971354166666666,100.0,-28.0,23.059523000029003,auto
1768375549343,Sunny,Day,0.05322265625,100.0,-28.0,25.702519999867945,auto
1768375549374,Sunny,Day,0.05221354166666667,100.0,-28.0,24.154388999932053,auto
1768375549407,Sunny,Day,0.05367838541666667,100.0,-28.0,26.891794999983176,auto
1768375549441,Sunny,Day,0.05276692708333333,100.0,-28.0,23.547473000007813,auto
1768375549472,Sunny,Day,0.05227864583333333,100.0,-28.0,24.665061999940008,auto
1768375549501,Sunny,Day,0.05218098958333333,100.0,-28.0,20.797012000002724,auto
1768375549533,Sunny,Day,0.05302734375,100.0,-28.0,26.483456000050865,auto
1768375549563,Sunny,Day,0.052734375,100.0,-28.0,22.92155800000728,auto
1768375549594,Sunny,Day,0.05302734375,100.0,-28.0,25.637519999918368,auto
1768375549632,Sunny,Day,0.052408854166666664,100.0,-28.0,24.641654000106428,auto
1768375549660,Sunny,Day,0.05227864583333333,100.0,-28.0,20.257467999954315,auto
1768375549692,Sunny,Day,0.05188802083333333,100.0,-28.0,23.903051999923264,auto
1768375549724,Sunny,Day,0.05218098958333333,100.0,-29.0,23.13094999999521,auto
1768375549755,Sunny,Day,0.052734375,100.0,-29.0,23.202303000061875,auto
1768375549786,Sunny,Day,0.05185546875,100.0,-29.0,24.159445000123014,auto
1768375549818,Sunny,Day,0.05188802083333333,100.0,-29.0,23.254322000184402,auto
1768375549850,Sunny,Day,0.05130208333333333,100.0,-29.0,15.97220799999377,auto
1768375549880,Sunny,Day,0.05211588541666667,100.0,-29.0,22.998466999979428,auto
1768375549910,Sunny,Day,0.05162760416666667,100.0,-28.0,19.598439999981565,auto
1768375549943,Sunny,Day,0.0525390625,100.0,-29.0,24.78793500017673,auto
1768375549973,Sunny,Day,0.053483072916666666,100.0,-29.0,22.20065999995313,auto
1768375550007,Sunny,Day,0.053125,100.0,-30.0,26.263341999992917,auto
1768375550037,Sunny,Day,0.05224609375,100.0,-30.0,13.939960000016072,auto
1768375550068,Sunny,Day,0.053515625,100.0,-29.0,23.41290000003937,auto
1768375550100,Sunny,Day,0.05413411458333333,100.0,-30.0,23.789681999915047,auto
1768375550132,Sunny,Day,0.054296875,100.0,-31.0,24.841065999908096,auto
1768375550161,Sunny,Day,0.05319010416666667,100.0,-30.0,21.49555899995903,auto
1768375550194,Sunny,Day,0.05400390625,100.0,-30.0,25.855839000087144,auto
1768375550225,Sunny,Day,0.05237630208333333,100.0,-29.0,18.110719000105746,auto
1768375550258,Sunny,Day,0.05426432291666667,100.0,-29.0,25.884284000085245,auto
1768375550288,Sunny,Day,0.05559895833333333,100.0,-29.0,22.791075999975874,auto
1768375550319,Sunny,Day,0.0556640625,100.0,-28.0,24.22655800000939,auto
1768375550350,Sunny,Day,0.05472005208333333,100.0,-28.0,23.808885999869744,auto
1768375550382,Sunny,Day,0.05670572916666667,100.0,-27.0,24.63136000005761,auto
1768375550413,Sunny,Day,0.0578125,100.0,-27.0,24.34937499992884,auto
1768375550445,Sunny,Day,0.0576171875,100.0,-27.0,24.031813999954466,auto
1768375550479,Sunny,Day,0.059765625,100.0,-28.0,26.05102600000464,auto
1768375550509,Sunny,Day,0.060286458333333334,100.0,-28.0,21.002977999842187,auto
1768375550540,Sunny,Day,0.06513671875,100.0,-28.0,22.821187999852555,auto
1768375550571,Sunny,Day,0.06285807291666666,100.0,-29.0,23.391620999973384,auto
1768375550601,Sunny,Day,0.06429036458333333,100.0,-29.0,23.488752000048407,auto
1768375550633,Sunny,Day,0.065625,100.0,-30.0,25.036661000058302,auto
1768375550666,Sunny,Day,0.06735026041666667,100.0,-30.0,25.933098999985305,auto
1768375550696,Sunny,Day,0.06565755208333333,100.0,-30.0,23.368880999896646,auto
1768375550729,Sunny,Day,0.06529947916666666,100.0,-30.0,18.61568799995439,auto
1768375550759,Sunny,Day,0.07024739583333334,100.0,-30.0,21.560541999861016,auto
1768375550792,Sunny,Day,0.0701171875,100.0,-29.0,26.369640999973853,auto
1768375550822,Sunny,Day,0.07356770833333333,100.0,-29.0,17.026056000077006,auto
1768375550853,Sunny,Day,0.07220052083333334,100.0,-28.0,23.41310299993893,auto
1768375550884,Sunny,Day,0.071484375,100.0,-28.0,22.921097000107693,auto
1768375550916,Sunny,Day,0.073828125,100.0,-28.0,25.33825699993031,auto
1768375550947,Sunny,Day,0.0755859375,100.0,-27.0,22.62614799997209,auto
1768375550980,Sunny,Day,0.07194010416666667,100.0,-28.0,24.534098999993148,auto
1768375551010,Sunny,Day,0.0736328125,100.0,-27.0,18.699208000043654,auto
1768375551044,Sunny,Day,0.07789713541666667,100.0,-28.0,24.445192000030147,auto
1768375551074,Sunny,Day,0.07581380208333334,100.0,-27.0,18.147423000073104,auto
1768375551103,Sunny,Day,0.07958984375,100.0,-28.0,20.354952999923626,auto
1768375551138,Sunny,Day,0.07659505208333334,100.0,-29.0,27.07672599990474,auto
1768375551167,Sunny,Day,0.07955729166666667,100.0,-29.0,21.21670500014261,auto
1768375551198,Sunny,Day,0.08079427083333333,100.0,-30.0,23.841980000042895,auto
1768375551232,Sunny,Day,0.080078125,100.0,-30.0,26.84616799979267,auto
1768375551262,Sunny,Day,0.08346354166666667,100.0,-29.0,21.153277999928832,auto
1768375551293,Sunny,Day,0.08209635416666666,100.0,-28.0,24.16739199998119,auto
1768375551327,Sunny,Day,0.08134765625,100.0,-27.0,26.26460400006181,auto
1768375551356,Sunny,Day,0.08131510416666667,100.0,-27.0,17.635953999842968,auto
1768375551387,Sunny,Day,0.08209635416666666,100.0,-26.0,23.498863999975583,auto
1768375551421,Sunny,Day,0.08307291666666666,100.0,-26.0,26.41792200006421,auto
1768375551449,Sunny,Day,0.08375651041666667,100.0,8.0,20.153578999952515,auto
1768375551482,Sunny,Day,0.08564453125,100.0,6.0,25.395315999958257,auto
1768375551515,Sunny,Day,0.0830078125,100.0,5.0,26.36238299987781,auto
1768375551543,Sunny,Day,0.08678385416666666,100.0,3.0,20.836495999901672,auto
1768375551574,Sunny,Day,0.08935546875,100.0,1.0,25.051422000160528,auto
1768375551607,Sunny,Day,0.09036458333333333,100.0,-1.0,26.783944000044357,auto
1768375551639,Sunny,Day,0.09069010416666666,100.0,-4.0,24.753678000024593,auto
1768375551669,Sunny,Day,0.09241536458333334,100.0,-8.0,22.52940700009276,auto
1768375551700,Sunny,Day,0.09231770833333333,100.0,-8.0,23.474327000030826,auto
1768375551733,Sunny,Day,0.09332682291666666,100.0,-10.0,24.91343900010179,auto
1768375551764,Sunny,Day,0.0966796875,100.0,-14.0,22.89191199997731,auto
1768375551795,Sunny,Day,0.09599609375,100.0,-13.0,23.408454999980677,auto
1768375551826,Sunny,Day,0.09596354166666667,100.0,-14.0,24.626342000146906,auto
1768375551858,Sunny,Day,0.09778645833333334,100.0,-12.0,24.82982600008654,auto
1768375551889,Sunny,Day,0.09860026041666667,100.0,-14.0,25.353037000058976,auto
1768375551920,Sunny,Day,0.1,100.0,-14.0,24.013353000100324,auto
1768375551951,Sunny,Day,0.09964192708333333,100.0,-14.0,23.720589000049586,auto
1768375551982,Sunny,Day,0.10042317708333333,100.0,-13.0,24.542710999867268,auto
1768375552015,Sunny,Day,0.10081380208333333,100.0,-12.0,26.316680000036285,auto
1768375552046,Sunny,Day,0.10361328125,100.0,-12.0,23.42041999986577,auto
1768375552079,Sunny,Day,0.10172526041666667,100.0,-11.0,24.276080000163347,auto
1768375552108,Sunny,Day,0.10276692708333333,100.0,-12.0,21.129277999989426,auto
1768375552141,Sunny,Day,0.10511067708333334,100.0,-11.0,26.406330000099842,auto
1768375552171,Sunny,Day,0.1072265625,100.0,-10.0,22.593335000010484,auto
1768375552203,Sunny,Day,0.10533854166666666,100.0,-11.0,24.52878700000838,auto
1768375552235,Sunny,Day,0.10504557291666666,100.0,-13.0,23.829203999866877,auto
1768375552267,Sunny,Day,0.10592447916666667,100.0,-12.0,24.531397999908222,auto
1768375552299,Sunny,Day,0.10764973958333333,100.0,-12.0,24.71665899997788,auto
1768375552330,Sunny,Day,0.10869140625,100.0,-14.0,23.463919999812788,auto
1768375552360,Sunny,Day,0.10934244791666667,100.0,-12.0,23.188713000081407,auto
1768375552391,Sunny,Day,0.11028645833333334,100.0,-12.0,22.69318799994835,auto
1768375552427,Sunny,Day,0.11363932291666666,100.0,-13.0,28.79934299994602,auto
1768375552458,Sunny,Day,0.11246744791666667,100.0,-14.0,23.33149300011428,auto
1768375552486,Sunny,Day,0.11080729166666667,100.0,-13.0,19.850187999963964,auto
1768375552520,Sunny,Day,0.11263020833333333,100.0,-12.0,26.765222999983962,auto
1768375552549,Sunny,Day,0.1158203125,100.0,-12.0,20.381694999969113,auto
1768375552581,Sunny,Day,0.11494140625,100.0,-12.0,19.489146000069013,auto
1768375552612,Sunny,Day,0.11513671875,100.0,-12.0,23.24043600015102,auto
1768375552644,Sunny,Day,0.11666666666666667,100.0,-9.0,20.412009999972724,auto
1768375552674,Sunny,Day,0.11653645833333333,100.0,-10.0,20.097079999914058,auto
1768375552707,Sunny,Day,0.1173828125,100.0,-10.0,24.465082000006078,auto
1768375552734,Sunny,Day,0.11774088541666666,100.0,-9.0,20.43912099998124,auto
1768375552767,Sunny,Day,0.11578776041666666,100.0,-9.0,26.967689000002792,auto
1768375552798,Sunny,Day,0.11959635416666667,100.0,-9.0,25.112738000188983,auto
1768375552828,Sunny,Day,0.12018229166666666,100.0,-10.0,24.35863599998811,auto
1768375552861,Sunny,Day,0.12099609375,100.0,-10.0,27.043800999990708,auto
1768375552891,Sunny,Day,0.12301432291666667,100.0,-10.0,24.332542999900397,auto
1768375552922,Sunny,Day,0.12356770833333333,100.0,-9.0,20.673810000062076,auto
1768375552954,Sunny,Day,0.12464192708333334,100.0,-10.0,25.75582100007523,auto
1768375552985,Sunny,Day,0.12529296875,100.0,-11.0,25.627819999954227,auto
1768375553017,Sunny,Day,0.12555338541666666,100.0,-11.0,20.660531999965315,auto
1768375553048,Sunny,Day,0.1265625,100.0,-10.0,25.791396999920835,auto
1768375553080,Sunny,Day,0.12734375,100.0,-11.0,26.6032230001656,auto
1768375553113,Sunny,Day,0.12819010416666668,100.0,-11.0,26.804743999946368,auto
1768375553143,Sunny,Day,0.1275390625,100.0,-11.0,24.579788999972152,auto
1768375553174,Sunny,Day,0.12802734375,100.0,-11.0,25.585579000107828,auto
1768375553205,Sunny,Day,0.12737630208333334,100.0,-10.0,24.934682000093744,auto
1768375553238,Sunny,Day,0.1294921875,100.0,-10.0,27.54145700009758,auto
1768375553269,Sunny,Day,0.1298828125,100.0,-12.0,24.291784000070038,auto
1768375553302,Sunny,Day,0.13115234375,100.0,-12.0,26.85568900005819,auto
1768375553331,Sunny,Day,0.13216145833333334,100.0,-11.0,21.771158000092328,auto
1768375553363,Sunny,Day,0.13258463541666668,100.0,-13.0,26.267311000083282,auto
1768375553395,Sunny,Day,0.13284505208333333,100.0,-13.0,25.513652999961778,auto
1768375553425,Sunny,Day,0.13336588541666666,100.0,-13.0,23.51133000001937,auto
1768375553457,Sunny,Day,0.13059895833333332,100.0,-10.0,26.114291000112644,auto
1768375553488,Sunny,Day,0.13427734375,100.0,-12.0,25.489689000096405,auto
1768375553520,Sunny,Day,0.13219401041666667,100.0,-11.0,26.669520000041302,auto
1768375553550,Sunny,Day,0.13313802083333334,100.0,-12.0,24.06198499988932,auto
1768375553583,Sunny,Day,0.1337890625,100.0,-12.0,26.285681999979715,auto
1768375553613,Sunny,Day,0.13515625,100.0,-12.0,24.307914000019082,auto
1768375553646,Sunny,Day,0.136328125,100.0,-14.0,26.623427000004085,auto
1768375553678,Sunny,Day,0.13567708333333334,100.0,-13.0,24.55636200011213,auto
1768375553710,Sunny,Day,0.13277994791666667,100.0,-10.0,25.64446900009898,auto
1768375553739,Sunny,Day,0.13479817708333333,100.0,-12.0,23.34223499997279,auto
1768375553770,Sunny,Day,0.13310546875,100.0,-12.0,25.639969000167184,auto
1768375553802,Sunny,Day,0.13326822916666667,100.0,-12.0,25.228908000144656,auto
1768375553833,Sunny,Day,0.13512369791666667,100.0,-12.0,24.304820999986987,auto
1768375553864,Sunny,Day,0.13642578125,100.0,-11.0,25.61857999990025,auto
1768375553896,Sunny,Day,0.13580729166666666,100.0,-11.0,23.896501000081116,auto
1768375553927,Sunny,Day,0.13694661458333332,100.0,-12.0,25.848657000096864,auto
1768375553959,Sunny,Day,0.1380859375,100.0,-10.0,25.81737900004555,auto
1768375553990,Sunny,Day,0.14020182291666666,100.0,-11.0,24.677327000063087,auto
1768375554024,Sunny,Day,0.14202473958333334,100.0,-12.0,27.99846399989292,auto
1768375554053,Sunny,Day,0.14293619791666667,100.0,-13.0,22.916138000027786,auto
1768375554084,Sunny,Day,0.14287109375,100.0,-13.0,25.4393559998789,auto
1768375554116,Sunny,Day,0.14488932291666667,100.0,-13.0,25.318596000033722,auto
1768375554147,Sunny,Day,0.14401041666666667,100.0,-14.0,25.93875200000184,auto
1768375554180,Sunny,Day,0.14485677083333334,100.0,-14.0,26.889412999935303,auto
1768375554211,Sunny,Day,0.14482421875,100.0,-14.0,25.837250999984462,auto
1768375554241,Sunny,Day,0.14397786458333334,100.0,-14.0,24.48880699989786,auto
1768375554273,Sunny,Day,0.14345703125,100.0,-13.0,24.813182000116285,auto
1768375554305,Sunny,Day,0.1482421875,100.0,-15.0,26.89322799983529,auto
1768375554335,Sunny,Day,0.14733072916666667,100.0,-14.0,23.926614000174595,auto
1768375554369,Sunny,Day,0.15009765625,100.0,-16.0,28.010334999862607,auto
1768375554399,Sunny,Day,0.14931640625,100.0,-15.0,24.29585999993833,auto
1768375554430,Sunny,Day,0.14912109375,100.0,-14.0,24.981497999988278,auto
1768375554461,Sunny,Day,0.14866536458333332,100.0,-14.0,21.923790999835546,auto
1768375554494,Sunny,Day,0.15032552083333334,100.0,-16.0,26.963135999949372,auto
1768375554524,Sunny,Day,0.1494140625,100.0,-16.0,24.179284999945594,auto
1768375554557,Sunny,Day,0.15032552083333334,100.0,-15.0,21.956532000103834,auto
1768375554587,Sunny,Day,0.14928385416666667,100.0,-16.0,23.72209300006034,auto
1768375554618,Sunny,Day,0.14807942708333333,100.0,-16.0,26.197274000196558,auto
1768375554650,Sunny,Day,0.14755859375,100.0,-15.0,25.685914999939996,auto
1768375554681,Sunny,Day,0.14827473958333334,100.0,-15.0,24.938034999877345,auto
1768375554713,Sunny,Day,0.1470703125,100.0,-13.0,25.99677100010922,auto
1768375554744,Sunny,Day,0.14918619791666668,100.0,-15.0,25.69247099995664,auto
1768375554775,Sunny,Day,0.14820963541666668,100.0,-14.0,25.50106099988625,auto
1768375554808,Sunny,Day,0.14840494791666667,100.0,-14.0,26.965802000177064,auto
1768375554838,Sunny,Day,0.14869791666666668,100.0,-14.0,23.550647000092795,auto
1768375554869,Sunny,Day,0.14983723958333334,100.0,-14.0,25.811304999933782,auto
1768375554904,Sunny,Day,0.14866536458333332,100.0,-13.0,29.177610000033383,auto
1768375554932,Sunny,Day,0.14817708333333332,100.0,-13.0,21.791493999899103,auto
1768375554963,Sunny,Day,0.14671223958333332,100.0,-13.0,25.637192000203868,auto
1768375554996,Sunny,Day,0.14931640625,100.0,-13.0,27.194990999987567,auto
1768375555026,Sunny,Day,0.15052083333333333,100.0,-13.0,24.061617000143087,auto
1768375555058,Sunny,Day,0.15162760416666668,100.0,-14.0,25.810733000071195,auto
1768375555089,Sunny,Day,0.15100911458333333,100.0,31.0,25.680565000129718,auto
1768375555120,Sunny,Day,0.15078125,100.0,32.0,24.98490700008915,auto
1768375555152,Sunny,Day,0.14990234375,100.0,32.0,25.199559000157024,auto
1768375555184,Sunny,Day,0.15286458333333333,100.0,31.0,25.871234000078402,auto
1768375555217,Sunny,Day,0.15823567708333333,100.0,30.0,27.418106999903102,auto
1768375555247,Sunny,Day,0.161328125,100.0,28.0,24.014672000021164,auto
1768375555278,Sunny,Day,0.16708984375,100.0,26.0,24.734254999884797,auto
1768375555310,Sunny,Day,0.167578125,100.0,24.0,18.216595000012603,auto
1768375555342,Sunny,Day,0.16751302083333333,100.0,21.0,25.120520999962537,auto
1768375555372,Sunny,Day,0.16201171875,100.0,21.0,24.106783999968684,auto
1768375555403,Sunny,Day,0.16328125,100.0,16.0,24.590680000073917,auto
1768375555437,Sunny,Day,0.15891927083333332,100.0,14.0,27.439439999852766,auto
1768375555467,Sunny,Day,0.15670572916666667,100.0,14.0,23.380571000188866,auto
1768375555501,Sunny,Day,0.15849609375,100.0,15.0,28.656679000050644,auto
1768375555531,Sunny,Day,0.16097005208333334,100.0,15.0,22.51670800001193,auto
1768375555560,Sunny,Day,0.15950520833333334,100.0,14.0,22.014256999909776,auto
1768375555594,Sunny,Day,0.16373697916666666,100.0,15.0,27.38329099997827,auto
1768375555623,Sunny,Day,0.16761067708333333,100.0,13.0,22.40102099995056,auto
1768375555655,Sunny,Day,0.16982421875,100.0,15.0,17.820292999886078,auto
1768375555686,Sunny,Day,0.17685546875,100.0,3.0,25.05677899989678,auto
1768375555718,Sunny,Day,0.17369791666666667,100.0,8.0,26.211275999912687,auto
1768375555753,Sunny,Day,0.17766927083333334,100.0,7.0,29.373187999908623,auto
1768375555781,Sunny,Day,0.17239583333333333,100.0,14.0,20.974817000023904,auto
1768375555812,Sunny,Day,0.17337239583333333,100.0,13.0,25.612193999904775,auto
1768375555844,Sunny,Day,0.17571614583333334,100.0,13.0,26.48396400013553,auto
1768375555874,Sunny,Day,0.17734375,100.0,12.0,18.922047999922142,auto
1768375555906,Sunny,Day,0.17877604166666666,100.0,11.0,25.694620999956896,auto
1768375555938,Sunny,Day,0.17643229166666666,100.0,13.0,26.301035000187767,auto
1768375555969,Sunny,Day,0.17565104166666667,100.0,13.0,20.44455000009293,auto
1768375556001,Sunny,Day,0.1732421875,100.0,16.0,26.31477700015239,auto
1768375556033,Sunny,Day,0.17236328125,100.0,16.0,17.299397999977373,auto
1768375556064,Sunny,Day,0.17366536458333334,100.0,16.0,15.800821999846448,auto
1768375556094,Sunny,Day,0.17457682291666668,100.0,15.0,24.229897999930472,auto
1768375556126,Sunny,Day,0.18024088541666666,100.0,16.0,25.710658999969382,auto
1768375556161,Sunny,Day,0.18115234375,100.0,14.0,27.2932350001156,auto
1768375556188,Sunny,Day,0.18382161458333332,100.0,10.0,21.759105999990425,auto
1768375556222,Sunny,Day,0.18531901041666668,100.0,11.0,27.872392000062973,auto
1768375556252,Sunny,Day,0.18645833333333334,100.0,10.0,16.366219000019555,auto
1768375556284,Sunny,Day,0.18610026041666666,100.0,12.0,24.868629000138753,auto
1768375556314,Sunny,Day,0.18528645833333332,100.0,9.0,24.311732999876767,auto
1768375556347,Sunny,Day,0.1794921875,100.0,15.0,26.91054499996426,auto
1768375556377,Sunny,Day,0.18056640625,100.0,15.0,21.513713999866013,auto
1768375556408,Sunny,Day,0.18206380208333334,100.0,16.0,25.446989000101894,auto
1768375556442,Sunny,Day,0.18597005208333334,100.0,16.0,26.446705999887854,auto
1768375556472,Sunny,Day,0.18570963541666666,100.0,16.0,20.801926999865827,auto
1768375556503,Sunny,Day,0.1869140625,100.0,14.0,19.851783999911277,auto
1768375556538,Sunny,Day,0.19049479166666666,100.0,12.0,28.551308000032805,auto
1768375556565,Sunny,Day,0.19521484375,100.0,8.0,21.09724499996446,auto
1768375556598,Sunny,Day,0.19658203125,100.0,8.0,25.849549999975352,auto
1768375556628,Sunny,Day,0.19560546875,100.0,10.0,24.941314999978204,auto
1768375556663,Sunny,Day,0.19169921875,100.0,14.0,28.801219000115452,auto
1768375556693,Sunny,Day,0.19518229166666667,100.0,14.0,23.737114000141446,auto
1768375556722,Sunny,Day,0.19573567708333334,100.0,15.0,18.74613900008626,auto
1768375556756,Sunny,Day,0.19674479166666667,100.0,12.0,26.239852000117025,auto
1768375556786,Sunny,Day,0.19192708333333333,100.0,16.0,22.103091999952085,auto
1768375556818,Sunny,Day,0.19381510416666667,100.0,15.0,26.360926999814183,auto
1768375556848,Sunny,Day,0.1921875,100.0,17.0,21.20624700000917,auto
1768375556880,Sunny,Day,0.19436848958333333,100.0,16.0,25.83636399981515,auto
1768375556911,Sunny,Day,0.19853515625,100.0,15.0,21.470806000024822,auto
1768375556942,Sunny,Day,0.20149739583333334,100.0,7.0,25.894402000176342,auto
1768375556975,Sunny,Day,0.20120442708333333,100.0,8.0,25.794400999984646,auto
1768375557007,Sunny,Day,0.20361328125,100.0,7.0,25.000668000075166,auto
1768375557037,Sunny,Day,0.2021484375,100.0,14.0,23.01321699997061,auto
1768375557069,Sunny,Day,0.20452473958333334,100.0,14.0,25.643845000104193,auto
1768375557099,Sunny,Day,0.20133463541666666,100.0,16.0,23.290090000045893,auto
1768375557131,Sunny,Day,0.20485026041666668,100.0,9.0,26.008904999798688,auto
1768375557162,Sunny,Day,0.20152994791666667,100.0,16.0,24.6916839998903,auto
1768375557194,Sunny,Day,0.20445963541666667,100.0,16.0,26.749580999876343,auto
1768375557225,Sunny,Day,0.20358072916666667,100.0,17.0,23.196459000018876,auto
1768375557258,Sunny,Day,0.20690104166666667,100.0,10.0,26.503632999947513,auto
1768375557288,Sunny,Day,0.20735677083333334,100.0,10.0,19.756154000106108,auto
1768375557319,Sunny,Day,0.20755208333333333,100.0,10.0,24.97124299998177,auto
1768375557352,Sunny,Day,0.21087239583333334,100.0,10.0,27.101251999965825,auto
1768375557384,Sunny,Day,0.20556640625,100.0,20.0,25.201856999956362,auto
1768375557417,Sunny,Day,0.2052734375,100.0,12.0,26.806693000025916,auto
1768375557444,Sunny,Day,0.20732421875,100.0,12.0,21.664457000042603,auto
1768375557476,Sunny,Day,0.20729166666666668,100.0,12.0,24.339807999922414,auto
1768375557510,Sunny,Day,0.20602213541666667,100.0,12.0,27.016085000013845,auto
1768375557539,Sunny,Day,0.20452473958333334,100.0,13.0,21.988905999933195,auto
1768375557575,Sunny,Day,0.20543619791666667,100.0,13.0,29.681601999982377,auto
1768375557603,Sunny,Day,0.20413411458333333,100.0,14.0,19.693689999940034,auto
1768375557633,Sunny,Day,0.20341796875,100.0,15.0,24.40093900008833,auto
1768375557665,Sunny,Day,0.20224609375,100.0,16.0,25.062854999987394,auto
1768375557697,Sunny,Day,0.20162760416666667,100.0,17.0,25.710529999969367,auto
1768375557736,Sunny,Day,0.20201822916666667,100.0,17.0,32.869793000145364,auto
1768375557763,Sunny,Day,0.20107421875,100.0,18.0,18.4243769999739,auto
1768375557798,Sunny,Day,0.1998046875,100.0,18.0,21.631400999922334,auto
1768375557827,Sunny,Day,0.19895833333333332,100.0,18.0,19.66650400004255,auto
1768375557857,Sunny,Day,0.2009765625,100.0,17.0,22.408912000173586,auto
1768375557888,Sunny,Day,0.19983723958333333,100.0,17.0,23.747670999910042,auto
1768375557920,Sunny,Day,0.19729817708333333,100.0,17.0,23.61696499997379,auto
1768375557950,Sunny,Day,0.19798177083333332,100.0,17.0,23.65844700011621,auto
1768375557982,Sunny,Day,0.19762369791666667,100.0,17.0,24.657071999854452,auto
1768375558011,Sunny,Day,0.19847005208333332,100.0,16.0,22.14003899985073,auto
1768375558046,Sunny,Day,0.19606119791666668,100.0,17.0,25.20552500004669,auto
1768375558078,Sunny,Day,0.19599609375,100.0,16.0,23.922247999962565,auto
1768375558107,Sunny,Day,0.19619140625,100.0,16.0,19.253314999787108,auto
1768375558138,Sunny,Day,0.19729817708333333,100.0,15.0,23.79806100020687,auto
1768375558170,Sunny,Day,0.1943359375,100.0,16.0,24.142343999983495,auto
1768375558201,Sunny,Day,0.194140625,100.0,16.0,23.68833800005632,auto
1768375558231,Sunny,Day,0.19466145833333334,100.0,16.0,21.644198999865694,auto
1768375558264,Sunny,Day,0.1951171875,100.0,16.0,26.12385199995515,auto
1768375558295,Sunny,Day,0.1947265625,100.0,15.0,21.100099000022965,auto
1768375558329,Sunny,Day,0.19264322916666668,100.0,16.0,26.1666310000237,auto
1768375558359,Sunny,Day,0.19241536458333333,100.0,16.0,17.89342699998997,auto
1768375558391,Sunny,Day,0.19261067708333332,100.0,16.0,24.10487999986799,auto
1768375558422,Sunny,Day,0.19111328125,100.0,16.0,16.39751800007616,auto
1768375558451,Sunny,Day,0.1896484375,100.0,17.0,21.89520199999606,auto
1768375558483,Sunny,Day,0.18802083333333333,100.0,16.0,25.418306000119628,auto
1768375558514,Sunny,Day,0.18655598958333333,100.0,16.0,23.518260999935592,auto
1768375558547,Sunny,Day,0.18655598958333333,100.0,16.0,21.26376799992613,auto
1768375558577,Sunny,Day,0.18655598958333333,100.0,16.0,22.603915999980018,auto
1768375558610,Sunny,Day,0.18248697916666667,100.0,17.0,25.34804499987331,auto
1768375558643,Sunny,Day,0.18362630208333333,100.0,16.0,25.361638000049425,auto
1768375558672,Sunny,Day,0.1814453125,100.0,16.0,20.431293999990885,auto
1768375558703,Sunny,Day,0.18235677083333332,100.0,17.0,23.812932000055298,auto
1768375558736,Sunny,Day,0.18050130208333334,100.0,17.0,25.249562999988484,auto
1768375558765,Sunny,Day,0.18092447916666668,100.0,17.0,21.950813999865204,auto
1768375558799,Sunny,Day,0.17916666666666667,100.0,16.0,26.456134999989445,auto
1768375558832,Sunny,Day,0.18089192708333332,100.0,16.0,24.773297000137973,auto
1768375558861,Sunny,Day,0.17874348958333333,100.0,16.0,20.98263500010944,auto
1768375558894,Sunny,Day,0.17659505208333334,100.0,16.0,24.88403899997138,auto
1768375558925,Sunny,Day,0.17802734375,100.0,16.0,20.317237000199384,auto
1768375558956,Sunny,Day,0.17711588541666667,100.0,16.0,22.951513000180057,auto
1768375558985,Sunny,Day,0.17776692708333333,100.0,16.0,21.349047000057908,auto
1768375559017,Sunny,Day,0.1779296875,100.0,16.0,24.770870999873296,auto
1768375559048,Sunny,Day,0.17529296875,100.0,17.0,23.59689300010359,auto
1768375559079,Sunny,Day,0.17584635416666666,100.0,17.0,23.709912999947846,auto
1768375559113,Sunny,Day,0.17470703125,100.0,17.0,26.590711000153533,auto
1768375559143,Sunny,Day,0.17444661458333333,100.0,17.0,18.526195000049483,auto
1768375559175,Sunny,Day,0.17454427083333332,100.0,18.0,24.261902000034752,auto
1768375559208,Sunny,Day,0.17477213541666667,100.0,18.0,25.286156999982268,auto
1768375559237,Sunny,Day,0.17236328125,100.0,18.0,20.551703999899473,auto
1768375559271,Sunny,Day,0.17294921875,100.0,18.0,17.30753099991489,auto
1768375559300,Sunny,Day,0.17356770833333332,100.0,18.0,21.738182000035522,auto
1768375559331,Sunny,Day,0.17262369791666668,100.0,18.0,17.477495000093768,auto
1768375559362,Sunny,Day,0.17135416666666667,100.0,18.0,20.390034999991258,auto
1768375559394,Sunny,Day,0.17220052083333334,100.0,18.0,25.059820000024047,auto
1768375559426,Sunny,Day,0.17379557291666667,100.0,18.0,24.945690000095055,auto
1768375559459,Sunny,Day,0.17412109375,100.0,17.0,24.852909999935946,auto
1768375559490,Sunny,Day,0.17307942708333332,100.0,18.0,18.76906899997266,auto
1768375559521,Sunny,Day,0.17649739583333332,100.0,18.0,21.39010399992003,auto
1768375559553,Sunny,Day,0.17610677083333334,100.0,18.0,19.149204000086684,auto
1768375559581,Sunny,Day,0.17613932291666667,100.0,17.0,20.050993000040762,auto
1768375559615,Sunny,Day,0.17835286458333333,100.0,17.0,26.0071479999624,auto
1768375559645,Sunny,Day,0.17916666666666667,100.0,16.0,22.74858500004484,auto
1768375559678,Sunny,Day,0.17923177083333333,100.0,16.0,24.495404999925086,auto
1768375559708,Sunny,Day,0.17972005208333333,100.0,16.0,21.056376999922577,auto
1768375559741,Sunny,Day,0.18092447916666668,100.0,17.0,25.966683999968154,auto
1768375559771,Sunny,Day,0.17770182291666667,100.0,19.0,21.264232000021366,auto
1768375559801,Sunny,Day,0.17864583333333334,100.0,19.0,24.053047000052175,auto
1768375559835,Sunny,Day,0.17861328125,100.0,20.0,25.595160999955624,auto
1768375559864,Sunny,Day,0.17613932291666667,100.0,23.0,21.744127000147273,auto
1768375559898,Sunny,Day,0.1744140625,100.0,24.0,27.176496999800293,auto
1768375559927,Sunny,Day,0.17194010416666666,100.0,24.0,21.07567400003063,auto
1768375559960,Sunny,Day,0.17223307291666667,100.0,24.0,25.164488999962487,auto
1768375559993,Sunny,Day,0.17327473958333334,100.0,24.0,25.335138999935225,auto
1768375560026,Sunny,Day,0.17327473958333334,100.0,23.0,18.81364400014718,auto
1768375560054,Sunny,Day,0.17203776041666666,100.0,22.0,20.321942000009585,auto
1768375560085,Sunny,Day,0.17392578125,100.0,22.0,15.97958699994706,auto
1768375560115,Sunny,Day,0.17216796875,100.0,22.0,22.37202600008459,auto
1768375560148,Sunny,Day,0.17018229166666668,100.0,21.0,25.907924999955867,auto
1768375560178,Sunny,Day,0.17272135416666667,100.0,20.0,19.470782999860603,auto
1768375560210,Sunny,Day,0.17112630208333332,100.0,20.0,24.838614999907804,auto
1768375560244,Sunny,Day,0.16715494791666666,100.0,21.0,27.439445999789314,auto
1768375560275,Sunny,Day,0.16940104166666667,100.0,20.0,21.72927600008734,auto
1768375560306,Sunny,Day,0.1650390625,100.0,21.0,23.18033300002753,auto
1768375560338,Sunny,Day,0.16565755208333333,100.0,21.0,24.737576999996236,auto
1768375560367,Sunny,Day,0.16259765625,100.0,22.0,20.921691000012288,auto
1768375560398,Sunny,Day,0.16015625,100.0,22.0,25.0553769999442,auto
1768375560431,Sunny,Day,0.15748697916666668,100.0,22.0,26.512062999927366,auto
1768375560463,Sunny,Day,0.15677083333333333,100.0,22.0,23.47368899995672,auto
1768375560495,Sunny,Day,0.15563151041666667,100.0,22.0,23.815990000002785,auto
1768375560528,Sunny,Day,0.15530598958333333,100.0,22.0,25.961778000009872,auto
1768375560558,Sunny,Day,0.151171875,100.0,22.0,14.316786999870601,auto
1768375560588,Sunny,Day,0.15221354166666667,100.0,22.0,23.44204099995295,auto
1768375560618,Sunny,Day,0.1509765625,100.0,23.0,21.06467499993414,auto
1768375560651,Sunny,Day,0.15045572916666666,100.0,23.0,25.6473479998931,auto
1768375560681,Sunny,Day,0.15032552083333334,100.0,23.0,22.456396999814388,auto
1768375560712,Sunny,Day,0.14986979166666667,100.0,23.0,23.52557800008981,auto
1768375560745,Sunny,Day,0.15091145833333333,100.0,23.0,25.99192699995001,auto
1768375560779,Sunny,Day,0.1509765625,100.0,23.0,25.928647999990062,auto
1768375560808,Sunny,Day,0.1490234375,100.0,24.0,18.459732000110307,auto
1768375560839,Sunny,Day,0.15208333333333332,100.0,24.0,23.408947000007174,auto
1768375560871,Sunny,Day,0.14934895833333334,100.0,24.0,15.970568000057028,auto
1768375560901,Sunny,Day,0.15068359375,100.0,25.0,21.572682000169152,auto
1768375560936,Sunny,Day,0.15205078125,100.0,24.0,27.8028400000494,auto
1768375560963,Sunny,Day,0.15250651041666666,100.0,24.0,18.55569600002127,auto
1768375560995,Sunny,Day,0.1544921875,100.0,24.0,23.996214999897347,auto
1768375561026,Sunny,Day,0.15445963541666666,100.0,-37.0,23.968807000073866,auto
1768375561060,Sunny,Day,0.15608723958333334,100.0,11.0,26.36230300004172,auto
1768375561091,Sunny,Day,0.15403645833333332,100.0,12.0,17.36184800006413,auto
1768375561121,Sunny,Day,0.14739583333333334,100.0,17.0,22.362730000168085,auto
1768375561153,Sunny,Day,0.14287109375,100.0,21.0,24.071456999990914,auto
1768375561183,Sunny,Day,0.13873697916666666,100.0,27.0,23.034388000041872,auto
1768375561215,Sunny,Day,0.14147135416666667,100.0,27.0,24.00082700000894,auto
1768375561247,Sunny,Day,0.141796875,100.0,28.0,23.477319999983592,auto
1768375561279,Sunny,Day,0.14430338541666668,100.0,28.0,24.727336999831095,auto
1768375561309,Sunny,Day,0.14485677083333334,100.0,28.0,23.545469000055164,auto
1768375561341,Sunny,Day,0.14547526041666667,100.0,27.0,24.94784000009531,auto
1768375561373,Sunny,Day,0.14690755208333334,100.0,26.0,14.822350000031292,auto
1768375561405,Sunny,Day,0.14788411458333334,100.0,25.0,24.867782999990595,auto
1768375561435,Sunny,Day,0.14586588541666667,100.0,24.0,22.088373999849864,auto
1768375561467,Sunny,Day,0.14847005208333333,100.0,23.0,24.887005999971734,auto
1768375561497,Sunny,Day,0.15006510416666666,100.0,23.0,22.68947500010654,auto
1768375561530,Sunny,Day,0.15286458333333333,100.0,23.0,25.2102140000261,auto
1768375561562,Sunny,Day,0.15485026041666666,100.0,23.0,19.329023000182133,auto
1768375561593,Sunny,Day,0.15520833333333334,100.0,23.0,23.143741000012596,auto
1768375561623,Sunny,Day,0.16009114583333334,100.0,22.0,22.16983900007108,auto
1768375561656,Sunny,Day,0.1611328125,100.0,22.0,25.611256000047433,auto
1768375561685,Sunny,Day,0.16227213541666666,100.0,22.0,19.480099000020346,auto
1768375561717,Sunny,Day,0.16458333333333333,100.0,22.0,23.609711000062816,auto
1768375561748,Sunny,Day,0.16559244791666666,100.0,22.0,22.53295499986052,auto
1768375561781,Sunny,Day,0.16822916666666668,100.0,22.0,24.864598000021942,auto
1768375561812,Sunny,Day,0.17021484375,100.0,21.0,19.61836000009498,auto
1768375561847,Sunny,Day,0.17135416666666667,100.0,21.0,27.725913999802287,auto
1768375561875,Sunny,Day,0.17340494791666666,100.0,21.0,20.346944000039002,auto
1768375561906,Sunny,Day,0.17464192708333334,100.0,21.0,23.12829600009536,auto
1768375561936,Sunny,Day,0.17734375,100.0,21.0,23.59593300002416,auto
1768375561970,Sunny,Day,0.17727864583333333,100.0,20.0,26.70723400001407,auto
1768375562002,Sunny,Day,0.18076171875,100.0,20.0,24.531314999876486,auto
1768375562032,Sunny,Day,0.18138020833333332,100.0,20.0,19.083613000020705,auto
1768375562063,Sunny,Day,0.18369140625,100.0,19.0,24.463370999910694,auto
1768375562096,Sunny,Day,0.18515625,100.0,19.0,26.520361999928355,auto
1768375562126,Sunny,Day,0.18720703125,100.0,19.0,21.742241000083595,auto
1768375562157,Sunny,Day,0.18899739583333333,100.0,18.0,24.463427000000593,auto
1768375562191,Sunny,Day,0.19029947916666667,100.0,18.0,25.518199999851277,auto
1768375562219,Sunny,Day,0.19095052083333333,100.0,17.0,21.359716999995726,auto
1768375562251,Sunny,Day,0.19261067708333332,100.0,17.0,23.290892999966673,auto
1768375562284,Sunny,Day,0.19290364583333333,100.0,16.0,25.660849999894708,auto
1768375562314,Sunny,Day,0.19283854166666667,100.0,16.0,22.368065000136994,auto
1768375562347,Sunny,Day,0.19244791666666666,100.0,16.0,17.70718600005239,auto
1768375562376,Sunny,Day,0.19449869791666666,100.0,15.0,22.81884900003206,auto
1768375562410,Sunny,Day,0.19661458333333334,100.0,14.0,27.0425180001439,auto
1768375562440,Sunny,Day,0.1962890625,100.0,15.0,17.288754999981393,auto
1768375562471,Sunny,Day,0.1955078125,100.0,14.0,22.03828300002897,auto
1768375562505,Sunny,Day,0.1955078125,100.0,14.0,26.97936899994602,auto
1768375562535,Sunny,Day,0.19576822916666667,100.0,14.0,22.1511360000477,auto
1768375562565,Sunny,Day,0.19475911458333334,100.0,14.0,20.84580299992922,auto
1768375562599,Sunny,Day,0.19391276041666666,100.0,14.0,26.2886929999695,auto
1768375562632,Sunny,Day,0.19436848958333333,100.0,14.0,18.200638000053004,auto
1768375562660,Sunny,Day,0.19345703125,100.0,14.0,21.0040829999798,auto
1768375562691,Sunny,Day,0.19182942708333334,100.0,14.0,23.83501100007379,auto
1768375562724,Sunny,Day,0.19013671875,100.0,14.0,24.82843200004936,auto
1768375562754,Sunny,Day,0.19072265625,100.0,14.0,19.221559000015986,auto
1768375562786,Sunny,Day,0.18951822916666666,100.0,14.0,25.712944000133575,auto
1768375562818,Sunny,Day,0.18824869791666668,100.0,14.0,17.86859599997115,auto
1768375562848,Sunny,Day,0.18541666666666667,100.0,15.0,21.31230999998479,auto
1768375562881,Sunny,Day,0.18369140625,100.0,15.0,25.884835000169915,auto
1768375562912,Sunny,Day,0.18248697916666667,100.0,15.0,22.76286699998309,auto
1768375562943,Sunny,Day,0.1826171875,100.0,15.0,15.126632999908907,auto
1768375562971,Sunny,Day,0.17962239583333334,100.0,16.0,21.359940000138522,auto
1768375563003,Sunny,Day,0.18089192708333332,100.0,16.0,25.908964999871387,auto
1768375563036,Sunny,Day,0.1802734375,100.0,15.0,26.606086999890977,auto
1768375563065,Sunny,Day,0.18046875,100.0,14.0,21.966374999919935,auto
1768375563097,Sunny,Day,0.17991536458333332,100.0,14.0,25.814261000050465,auto
1768375563129,Sunny,Day,0.17903645833333334,100.0,14.0,26.340620000155468,auto
1768375563159,Sunny,Day,0.18131510416666666,100.0,13.0,24.421482999969157,auto
1768375563192,Sunny,Day,0.18190104166666668,100.0,13.0,26.73486599996977,auto
1768375563223,Sunny,Day,0.17981770833333333,100.0,15.0,26.055561000021044,auto
1768375563253,Sunny,Day,0.18059895833333334,100.0,14.0,23.316690000001472,auto
1768375563285,Sunny,Day,0.18001302083333334,100.0,14.0,25.267308999900706,auto
1768375563318,Sunny,Day,0.182421875,100.0,13.0,26.30456499991851,auto
1768375563348,Sunny,Day,0.18678385416666668,100.0,12.0,19.10092799994345,auto
1768375563379,Sunny,Day,0.18942057291666667,100.0,11.0,25.455460999864954,auto
1768375563412,Sunny,Day,0.19280598958333334,100.0,11.0,26.88608999983444,auto
1768375563442,Sunny,Day,0.19495442708333333,100.0,11.0,21.05804799998623,auto
1768375563473,Sunny,Day,0.19827473958333333,100.0,10.0,20.19935099997383,auto
1768375563507,Sunny,Day,0.19996744791666668,100.0,9.0,27.67465700003413,auto
1768375563539,Sunny,Day,0.20364583333333333,100.0,9.0,25.417144999892116,auto
1768375563567,Sunny,Day,0.20345052083333334,100.0,9.0,19.045076000111294,auto
1768375563600,Sunny,Day,0.20406901041666667,100.0,9.0,27.174558000069737,auto
1768375563633,Sunny,Day,0.20348307291666667,100.0,10.0,24.686023999947793,auto
1768375563663,Sunny,Day,0.20618489583333333,100.0,10.0,24.31568499991954,auto
1768375563694,Sunny,Day,0.20478515625,100.0,11.0,22.93053699986558,auto
1768375563726,Sunny,Day,0.20296223958333334,100.0,11.0,26.16109900009178,auto
1768375563756,Sunny,Day,0.20377604166666666,100.0,11.0,23.706548000063776,auto
1768375563790,Sunny,Day,0.20475260416666666,100.0,11.0,26.411768999878404,auto
1768375563819,Sunny,Day,0.20426432291666666,100.0,11.0,12.426799999957439,auto
1768375563850,Sunny,Day,0.20491536458333334,100.0,11.0,25.596907000135616,auto
1768375563883,Sunny,Day,0.20452473958333334,100.0,11.0,26.962387999901694,auto
1768375563914,Sunny,Day,0.20413411458333333,100.0,11.0,21.28471800006082,auto
1768375563946,Sunny,Day,0.2029296875,100.0,11.0,26.581938999925114,auto
1768375563976,Sunny,Day,0.20283203125,100.0,11.0,19.01576099999147,auto
1768375564007,Sunny,Day,0.20240885416666668,100.0,12.0,24.469224000085887,auto
1768375564039,Sunny,Day,0.20263671875,100.0,12.0,25.365977999854294,auto
1768375564073,Sunny,Day,0.19977213541666666,100.0,13.0,27.54913800004033,auto
1768375564101,Sunny,Day,0.20120442708333333,100.0,13.0,22.60175500009609,auto
1768375564134,Sunny,Day,0.201953125,100.0,13.0,27.15990999990936,auto
1768375564169,Sunny,Day,0.20123697916666666,100.0,14.0,27.261930000122447,auto
1768375564196,Sunny,Day,0.19912109375,100.0,14.0,19.38778499993532,auto
1768375564229,Sunny,Day,0.19993489583333332,100.0,14.0,26.14150699992024,auto
1768375564258,Sunny,Day,0.19879557291666666,100.0,13.0,22.528475999934017,auto
1768375564290,Sunny,Day,0.20081380208333333,100.0,14.0,25.85476300009759,auto
1768375564321,Sunny,Day,0.19973958333333333,100.0,14.0,24.51693000011801,auto
1768375564353,Sunny,Day,0.19853515625,100.0,14.0,24.739396000086344,auto
1768375564385,Sunny,Day,0.19827473958333333,100.0,15.0,25.324422999801754,auto
1768375564416,Sunny,Day,0.19931640625,100.0,15.0,25.305773999889425,auto
1768375564448,Sunny,Day,0.20182291666666666,100.0,15.0,25.991857999997592,auto
1768375564478,Sunny,Day,0.20013020833333334,100.0,15.0,24.42640999993273,auto
1768375564511,Sunny,Day,0.19778645833333333,100.0,16.0,26.704977999997936,auto
1768375564543,Sunny,Day,0.19768880208333334,100.0,17.0,25.371885999902588,auto
1768375564574,Sunny,Day,0.19612630208333334,100.0,17.0,22.41804899995259,auto
1768375564605,Sunny,Day,0.19501953125,100.0,18.0,23.29500500013637,auto
1768375564636,Sunny,Day,0.19358723958333332,100.0,20.0,20.3092059998653,auto
1768375564667,Sunny,Day,0.19466145833333334,100.0,19.0,24.01732999987871,auto
1768375564699,Sunny,Day,0.19384765625,100.0,20.0,25.444757000059326,auto
1768375564731,Sunny,Day,0.19567057291666667,100.0,20.0,25.963579000062964,auto
1768375564762,Sunny,Day,0.19576822916666667,100.0,19.0,21.981803000016953,auto
1768375564792,Sunny,Day,0.1998046875,100.0,19.0,23.98505200017098,auto
1768375564824,Sunny,Day,0.19840494791666666,100.0,18.0,26.8770359998598,auto
1768375564858,Sunny,Day,0.19775390625,100.0,19.0,27.657640000143147,auto
1768375564886,Sunny,Day,0.19873046875,100.0,19.0,21.609242000067752,auto
1768375564920,Sunny,Day,0.1986328125,100.0,18.0,27.614193999852432,auto
1768375564949,Sunny,Day,0.20016276041666667,100.0,19.0,21.296312000004036,auto
1768375564981,Sunny,Day,0.19703776041666668,100.0,19.0,24.423502999979974,auto
1768375565012,Sunny,Day,0.20143229166666668,100.0,19.0,24.749915000029432,auto
1768375565043,Sunny,Day,0.20384114583333332,100.0,18.0,25.241829999913534,auto
1768375565075,Sunny,Day,0.203515625,100.0,18.0,26.241546999926868,auto
1768375565106,Sunny,Day,0.19964192708333334,100.0,18.0,23.81386500019289,auto
1768375565140,Sunny,Day,0.19557291666666668,100.0,50.0,28.1623139999283,auto
1768375565169,Sunny,Day,0.19436848958333333,100.0,20.0,19.66223399995215,auto
1768375565202,Sunny,Day,0.1912109375,100.0,21.0,26.92142699993383,auto
1768375565233,Sunny,Day,0.19280598958333334,100.0,20.0,25.58935299998666,auto
1768375565265,Sunny,Day,0.19169921875,100.0,20.0,20.466281999915736,auto
1768375565294,Sunny,Day,0.18597005208333334,100.0,23.0,23.963201000015033,auto
1768375565326,Sunny,Day,0.18017578125,100.0,25.0,25.83969000011166,auto
1768375565358,Sunny,Day,0.1740234375,100.0,28.0,25.971451000032175,auto
1768375565390,Sunny,Day,0.16884765625,100.0,31.0,26.736665000044013,auto
1768375565421,Sunny,Day,0.16634114583333334,100.0,32.0,21.265201000005618,auto
1768375565452,Sunny,Day,0.16311848958333333,100.0,34.0,25.037456999825736,auto
1768375565484,Sunny,Day,0.16266276041666666,100.0,33.0,25.73926200011556,auto
1768375565514,Sunny,Day,0.16083984375,100.0,33.0,24.907473999974172,auto
1768375565550,Sunny,Day,0.15950520833333334,100.0,33.0,29.903227999966475,auto
1768375565577,Sunny,Day,0.15465494791666667,100.0,33.0,19.607992999908674,auto
1768375565609,Sunny,Day,0.15550130208333332,100.0,30.0,25.11193899999853,auto
1768375565640,Sunny,Day,0.15869140625,100.0,30.0,24.92062199985412,auto
1768375565674,Sunny,Day,0.15930989583333333,100.0,25.0,27.534009999953923,auto
1768375565703,Sunny,Day,0.16158854166666667,100.0,24.0,23.525992000031692,auto
1768375565736,Sunny,Day,0.16100260416666667,100.0,22.0,27.230523999833167,auto
1768375565766,Sunny,Day,0.16243489583333334,100.0,20.0,23.19335700008196,auto
1768375565798,Sunny,Day,0.16175130208333333,100.0,20.0,25.937729000133913,auto
1768375565829,Sunny,Day,0.16110026041666667,100.0,21.0,23.196153000071718,auto
1768375565862,Sunny,Day,0.16022135416666666,100.0,21.0,28.05925699999534,auto
1768375565891,Sunny,Day,0.15989583333333332,100.0,21.0,18.631664999929853,auto
1768375565924,Sunny,Day,0.15927734375,100.0,21.0,27.086650999990525,auto
1768375565954,Sunny,Day,0.15944010416666668,100.0,21.0,24.42611499986924,auto
1768375565986,Sunny,Day,0.1599609375,100.0,21.0,23.71538299985332,auto
1768375566017,Sunny,Day,0.16018880208333333,100.0,21.0,24.679415000036897,auto
1768375566048,Sunny,Day,0.16070963541666666,100.0,21.0,25.686095999844838,auto
1768375566081,Sunny,Day,0.159765625,100.0,21.0,26.508458999842333,auto
1768375566114,Sunny,Day,0.159765625,100.0,21.0,27.28096999999252,auto
1768375566142,Sunny,Day,0.15950520833333334,100.0,21.0,22.49734800011538,auto
1768375566177,Sunny,Day,0.1599609375,100.0,21.0,29.309145999832253,auto
1768375566206,Sunny,Day,0.15973307291666666,100.0,21.0,19.29272999996101,auto
1768375566237,Sunny,Day,0.1603515625,100.0,21.0,25.320999000086886,auto
1768375566269,Sunny,Day,0.16064453125,100.0,21.0,25.88365499991596,auto
1768375566299,Sunny,Day,0.16119791666666666,100.0,20.0,22.865593999995326,auto
1768375566331,Sunny,Day,0.16018880208333333,100.0,21.0,25.07116199990378,auto
1768375566362,Sunny,Day,0.15719401041666667,100.0,21.0,25.750281999989966,auto
1768375566399,Sunny,Day,0.15520833333333334,100.0,22.0,31.078836999995474,auto
1768375566425,Sunny,Day,0.15237630208333333,100.0,23.0,19.89551599990591,auto
1768375566456,Sunny,Day,0.15078125,100.0,24.0,25.22131199998512,auto
1768375566492,Sunny,Day,0.14876302083333334,100.0,24.0,29.616410000016913,auto
1768375566520,Sunny,Day,0.14925130208333334,100.0,24.0,21.726781999859668,auto
1768375566550,Sunny,Day,0.14866536458333332,100.0,23.0,24.874808000049597,auto
1768375566582,Sunny,Day,0.14580078125,100.0,24.0,26.061286999947697,auto
1768375566613,Sunny,Day,0.14309895833333333,100.0,25.0,25.44090799983678,auto
1768375566645,Sunny,Day,0.14010416666666667,100.0,26.0,26.731592000032833,auto
1768375566676,Sunny,Day,0.13955078125,100.0,25.0,25.509927000030075,auto
1768375566708,Sunny,Day,0.14111328125,100.0,24.0,25.58457600002839,auto
1768375566739,Sunny,Day,0.14228515625,100.0,23.0,25.966933000063364,auto
1768375566770,Sunny,Day,0.14264322916666666,100.0,23.0,25.374609999971653,auto
1768375566804,Sunny,Day,0.14404296875,100.0,21.0,27.689680000094086,auto
1768375566833,Sunny,Day,0.14482421875,100.0,21.0,23.233469999922818,auto
1768375566865,Sunny,Day,0.14700520833333333,100.0,20.0,25.791801999957897,auto
1768375566898,Sunny,Day,0.14915364583333332,100.0,19.0,26.936224000110087,auto
1768375566930,Sunny,Day,0.14951171875,100.0,19.0,26.367273000005298,auto
1768375566959,Sunny,Day,0.14798177083333333,100.0,20.0,21.242109000013443,auto
1768375566991,Sunny,Day,0.14833984375,100.0,20.0,24.57871100000375,auto
1768375567022,Sunny,Day,0.14700520833333333,100.0,20.0,25.01332899987574,auto
1768375567053,Sunny,Day,0.14736328125,100.0,21.0,25.185405000001992,auto
1768375567084,Sunny,Day,0.14817708333333332,100.0,20.0,25.34274100003131,auto
1768375567116,Sunny,Day,0.1498046875,100.0,20.0,25.94984199981809,auto
1768375567148,Sunny,Day,0.15234375,100.0,18.0,26.718463999941378,auto
1768375567179,Sunny,Day,0.15595703125,100.0,17.0,22.776280000016413,auto
1768375567210,Sunny,Day,0.1576171875,100.0,17.0,19.820146000029126,auto
1768375567242,Sunny,Day,0.15862630208333334,100.0,17.0,22.30005000001256,auto
1768375567273,Sunny,Day,0.15875651041666666,100.0,17.0,24.956069000154457,auto
1768375567306,Sunny,Day,0.15784505208333333,100.0,18.0,26.75122300001931,auto
1768375567336,Sunny,Day,0.16038411458333332,100.0,18.0,23.991797000007864,auto
1768375567367,Sunny,Day,0.16178385416666666,100.0,18.0,25.398019000022032,auto
1768375567398,Sunny,Day,0.16168619791666666,100.0,18.0,26.076213999886022,auto
1768375567430,Sunny,Day,0.16158854166666667,100.0,18.0,25.215164999963235,auto
1768375567461,Sunny,Day,0.16090494791666668,100.0,19.0,23.895943000070474,auto
1768375567493,Sunny,Day,0.16158854166666667,100.0,19.0,24.790604000145322,auto
1768375567525,Sunny,Day,0.16165364583333333,100.0,19.0,25.58522599997559,auto
1768375567555,Sunny,Day,0.16220703125,100.0,19.0,24.72041700002592,auto
1768375567587,Sunny,Day,0.16175130208333333,100.0,19.0,25.75398699991638,auto
1768375567618,Sunny,Day,0.16168619791666666,100.0,20.0,26.057898999852114,auto
1768375567649,Sunny,Day,0.1625,100.0,19.0,25.30603699983658,auto
1768375567681,Sunny,Day,0.16227213541666666,100.0,20.0,25.71374600006493,auto
1768375567714,Sunny,Day,0.16220703125,100.0,20.0,26.873113999954512,auto
1768375567744,Sunny,Day,0.16263020833333333,100.0,20.0,23.904164999976274,auto
1768375567776,Sunny,Day,0.16321614583333333,100.0,19.0,26.163530000076207,auto
1768375567807,Sunny,Day,0.16233723958333332,100.0,20.0,26.118697000129032,auto
1768375567838,Sunny,Day,0.16253255208333334,100.0,19.0,24.813696000137497,auto
1768375567869,Sunny,Day,0.16341145833333334,100.0,19.0,25.81420999990769,auto
1768375567901,Sunny,Day,0.16266276041666666,100.0,19.0,25.393667999878744,auto
1768375567934,Sunny,Day,0.16233723958333332,100.0,20.0,26.801835000014762,auto
1768375567966,Sunny,Day,0.16227213541666666,100.0,20.0,25.65185600019504,auto
1768375567998,Sunny,Day,0.1623046875,100.0,20.0,23.85985000000801,auto
1768375568031,Sunny,Day,0.16334635416666668,100.0,20.0,24.323672000036822,auto
1768375568060,Sunny,Day,0.16328125,100.0,20.0,20.94660699981432,auto
1768375568093,Sunny,Day,0.16399739583333334,100.0,20.0,24.883309999950143,auto
1768375568127,Sunny,Day,0.16458333333333333,100.0,20.0,27.38616000010552,auto
1768375568158,Sunny,Day,0.16484375,100.0,20.0,22.8710039998532,auto
1768375568187,Sunny,Day,0.16536458333333334,100.0,19.0,19.22395399992638,auto
1768375568218,Sunny,Day,0.16497395833333334,100.0,19.0,22.660408000092502,auto
1768375568249,Sunny,Day,0.16432291666666668,100.0,20.0,16.23813300011534,auto
1768375568279,Sunny,Day,0.16455078125,100.0,20.0,21.232072999964657,auto
1768375568316,Sunny,Day,0.16341145833333334,100.0,20.0,29.709562000107326,auto
1768375568342,Sunny,Day,0.16432291666666668,100.0,20.0,17.096831000117163,auto
1768375568376,Sunny,Day,0.16412760416666666,100.0,20.0,27.167822999899727,auto
1768375568406,Sunny,Day,0.16298828125,100.0,20.0,21.370835000197985,auto
1768375568438,Sunny,Day,0.16380208333333332,100.0,20.0,24.593934999984413,auto
1768375568468,Sunny,Day,0.16451822916666667,100.0,20.0,21.849675000112256,auto
1768375568499,Sunny,Day,0.1650390625,100.0,20.0,24.073242999975264,auto
1768375568533,Sunny,Day,0.16344401041666667,100.0,21.0,27.242473000114842,auto
1768375568565,Sunny,Day,0.16409505208333333,100.0,21.0,24.27285699991444,auto
1768375568594,Sunny,Day,0.16429036458333332,100.0,20.0,19.608496000046216,auto
1768375568627,Sunny,Day,0.164453125,100.0,20.0,25.742081000089456,auto
1768375568657,Sunny,Day,0.16533203125,100.0,20.0,17.135220999989542,auto
1768375568688,Sunny,Day,0.16507161458333333,100.0,20.0,23.7174240000968,auto
1768375568719,Sunny,Day,0.16409505208333333,100.0,20.0,24.527231000092797,auto
1768375568755,Sunny,Day,0.16468098958333333,100.0,20.0,29.29181600006814,auto
1768375568783,Sunny,Day,0.16455078125,100.0,20.0,19.56803200005197,auto
1768375568814,Sunny,Day,0.16416015625,100.0,20.0,23.590476999970633,auto
1768375568847,Sunny,Day,0.1650390625,100.0,20.0,24.99492300012207,auto
1768375568878,Sunny,Day,0.16451822916666667,100.0,20.0,22.847689000172977,auto
1768375568909,Sunny,Day,0.16513671875,100.0,20.0,22.927966999986893,auto
1768375568944,Sunny,Day,0.16416015625,100.0,21.0,27.32084399985979,auto
1768375568971,Sunny,Day,0.16442057291666667,100.0,20.0,18.751668999811955,auto
1768375569005,Sunny,Day,0.16500651041666667,100.0,20.0,21.84149000004254,auto
1768375569034,Sunny,Day,0.16494140625,100.0,20.0,20.149836999962645,auto
1768375569067,Sunny,Day,0.16360677083333333,100.0,21.0,23.230416999922454,auto
1768375569096,Sunny,Day,0.16341145833333334,100.0,21.0,22.00875200014707,auto
1768375569127,Sunny,Day,0.16455078125,100.0,21.0,24.03924400005053,auto
1768375569160,Sunny,Day,0.16455078125,100.0,21.0,25.879213999814965,auto
1768375569194,Sunny,Day,0.16419270833333333,100.0,21.0,26.72705899999528,auto
1768375569223,Sunny,Day,0.16341145833333334,100.0,21.0,20.827253999868844,auto
1768375569257,Sunny,Day,0.163671875,100.0,20.0,26.186977000179468,auto
1768375569285,Sunny,Day,0.16393229166666667,100.0,20.0,20.576916999971218,auto
1768375569316,Sunny,Day,0.16402994791666667,100.0,20.0,24.470601000075476,auto
1768375569349,Sunny,Day,0.16416015625,100.0,20.0,23.199212999998053,auto
1768375569379,Sunny,Day,0.16357421875,100.0,20.0,21.40787400003319,auto
1768375569411,Sunny,Day,0.16344401041666667,100.0,20.0,25.359281000191913,auto
1768375569443,Sunny,Day,0.16435546875,100.0,20.0,24.701346000028934,auto
1768375569476,Sunny,Day,0.1630859375,100.0,20.0,24.120336999885694,auto
1768375569505,Sunny,Day,0.16328125,100.0,20.0,19.790887999988627,auto
1768375569537,Sunny,Day,0.16311848958333333,100.0,20.0,24.391489999970872,auto
1768375569567,Sunny,Day,0.16412760416666666,100.0,19.0,22.046382000098674,auto
1768375569600,Sunny,Day,0.16422526041666666,100.0,19.0,20.06287299991527,auto
1768375569633,Sunny,Day,0.1640625,100.0,19.0,22.220384999855014,auto
1768375569662,Sunny,Day,0.16419270833333333,100.0,20.0,21.11879500012037,auto
1768375569695,Sunny,Day,0.16354166666666667,100.0,21.0,24.91005199999563,auto
1768375569725,Sunny,Day,0.16334635416666668,100.0,21.0,22.63170500009437,auto
1768375569759,Sunny,Day,0.16376953125,100.0,21.0,26.03980899993985,auto
1768375569787,Sunny,Day,0.16344401041666667,100.0,21.0,20.89018100014073,auto
1768375569819,Sunny,Day,0.16315104166666666,100.0,21.0,24.39273000004505,auto
1768375569853,Sunny,Day,0.16360677083333333,100.0,21.0,26.80493100001513,auto
1768375569882,Sunny,Day,0.16217447916666666,100.0,21.0,21.024608000061562,auto
1768375569913,Sunny,Day,0.16402994791666667,100.0,20.0,24.118911999948978,auto
1768375569945,Sunny,Day,0.16337890625,100.0,20.0,24.071169999842823,auto
1768375569977,Sunny,Day,0.16350911458333334,100.0,20.0,23.84331400003248,auto
1768375570008,Sunny,Day,0.16402994791666667,100.0,20.0,22.774299999809955,auto
1768375570038,Sunny,Day,0.16399739583333334,100.0,20.0,22.90289499978826,auto
1768375570069,Sunny,Day,0.16321614583333333,100.0,21.0,23.32703100000799,auto
1768375570101,Sunny,Day,0.16279296875,100.0,20.0,24.258080999970844,auto
1768375570132,Sunny,Day,0.16145833333333334,100.0,21.0,24.041134000071906,auto
1768375570166,Sunny,Day,0.16227213541666666,100.0,20.0,27.467867000041224,auto
1768375570196,Sunny,Day,0.16214192708333333,100.0,-22.0,19.4407169999522,auto
1768375570227,Sunny,Day,0.16266276041666666,100.0,-23.0,23.918280000089,auto
1768375570260,Sunny,Day,0.16188151041666668,100.0,21.0,24.16441299988037,auto
1768375570292,Sunny,Day,0.15680338541666666,100.0,24.0,18.51200000010067,auto
1768375570322,Sunny,Day,0.15126953125,100.0,29.0,21.117221999929825,auto
1768375570356,Sunny,Day,0.14931640625,100.0,32.0,26.80704199997308,auto
1768375570384,Sunny,Day,0.15061848958333332,100.0,32.0,20.06461400014814,auto
1768375570416,Sunny,Day,0.14938151041666667,100.0,32.0,25.077147999809313,auto
1768375570446,Sunny,Day,0.15201822916666666,100.0,30.0,22.714836999966792,auto
1768375570479,Sunny,Day,0.15859375,100.0,-19.0,25.200279000046066,auto
1768375570509,Sunny,Day,0.15540364583333333,100.0,-21.0,22.70478099990214,auto
1768375570540,Sunny,Day,0.159375,100.0,-23.0,24.370213000111107,auto
1768375570574,Sunny,Day,0.15875651041666666,100.0,-22.0,26.880600000140475,auto
1768375570605,Sunny,Day,0.1546875,100.0,-20.0,17.503911999938282,auto
1768375570636,Sunny,Day,0.15794270833333332,100.0,-18.0,23.42249499997706,auto
1768375570666,Sunny,Day,0.1533203125,100.0,-16.0,22.506648999979006,auto
1768375570698,Sunny,Day,0.15029296875,100.0,37.0,23.99766999997155,auto
1768375570730,Sunny,Day,0.14801432291666666,100.0,41.0,22.514630999921792,auto
1768375570766,Sunny,Day,0.14680989583333334,100.0,43.0,28.356213000051866,auto
1768375570795,Sunny,Day,0.14990234375,100.0,35.0,21.418597000092632,auto
1768375570825,Sunny,Day,0.15120442708333334,100.0,33.0,21.88517700005832,auto
1768375570856,Sunny,Day,0.15511067708333334,100.0,-18.0,23.192474000097718,auto
1768375570886,Sunny,Day,0.15296223958333333,100.0,28.0,23.00311900012275,auto
1768375570919,Sunny,Day,0.1513671875,100.0,-23.0,20.51186099993174,auto
1768375570949,Sunny,Day,0.15244140625,100.0,24.0,21.96595600003093,auto
1768375570983,Sunny,Day,0.15104166666666666,100.0,24.0,26.03525399990758,auto
1768375571016,Sunny,Day,0.15061848958333332,100.0,24.0,24.969202999955087,auto
1768375571044,Sunny,Day,0.15139973958333333,100.0,23.0,20.00563299998248,auto
1768375571075,Sunny,Day,0.14798177083333333,100.0,-24.0,23.907022000003053,auto
1768375571106,Sunny,Day,0.15071614583333334,100.0,-26.0,24.25193399994896,auto
1768375571136,Sunny,Day,0.14986979166666667,100.0,-27.0,24.124338999854444,auto
1768375571169,Sunny,Day,0.14736328125,100.0,-27.0,25.856382000029043,auto
1768375571202,Sunny,Day,0.14554036458333333,100.0,-25.0,25.208372999941275,auto
1768375571232,Sunny,Day,0.14619140625,100.0,-22.0,20.866311999952813,auto
1768375571264,Sunny,Day,0.14521484375,100.0,-19.0,23.861706000161576,auto
1768375571297,Sunny,Day,0.14235026041666668,100.0,-16.0,25.87390099984077,auto
1768375571327,Sunny,Day,0.140234375,100.0,38.0,22.816468999963035,auto
1768375571358,Sunny,Day,0.13655598958333334,100.0,40.0,23.04926900001192,auto
1768375571394,Sunny,Day,0.13483072916666666,100.0,40.0,28.024524000102247,auto
1768375571421,Sunny,Day,0.13720703125,100.0,39.0,18.986340999845197,auto
1768375571453,Sunny,Day,0.14078776041666666,100.0,37.0,24.59919800003263,auto
1768375571484,Sunny,Day,0.14459635416666666,100.0,-17.0,23.573646000158988,auto
1768375571515,Sunny,Day,0.14449869791666667,100.0,-21.0,23.026990000062142,auto
1768375571546,Sunny,Day,0.14283854166666668,100.0,-26.0,23.67957399997067,auto
1768375571574,Sunny,Day,0.14173177083333333,100.0,-28.0,21.17902000009053,auto
1768375571606,Sunny,Day,0.13564453125,100.0,-24.0,26.2222759999986,auto
1768375571637,Sunny,Day,0.13824869791666666,100.0,-26.0,25.327633999950194,auto
1768375571668,Sunny,Day,0.13740234375,100.0,-22.0,25.575377999984994,auto
1768375571700,Sunny,Day,0.13919270833333333,100.0,-21.0,25.772473999950307,auto
1768375571731,Sunny,Day,0.13619791666666667,100.0,-22.0,20.314638000172636,auto
1768375571762,Sunny,Day,0.133203125,100.0,-22.0,25.211244000047373,auto
1768375571796,Sunny,Day,0.12789713541666667,100.0,-19.0,27.719426999965435,auto
1768375571828,Sunny,Day,0.12496744791666667,100.0,-18.0,25.461858000198845,auto
1768375571857,Sunny,Day,0.12047526041666666,100.0,-15.0,22.93224899995039,auto
1768375571889,Sunny,Day,0.11897786458333333,100.0,-16.0,26.15405300002749,auto
1768375571920,Sunny,Day,0.11487630208333334,100.0,-16.0,25.174686999889673,auto
1768375571951,Sunny,Day,0.11139322916666666,100.0,-16.0,25.257837000026484,auto
1768375571983,Sunny,Day,0.10882161458333334,100.0,-14.0,26.895192999973005,auto
1768375572014,Sunny,Day,0.1060546875,100.0,-13.0,24.218341000050714,auto
1768375572045,Sunny,Day,0.10387369791666666,100.0,-15.0,25.82449499982431,auto
1768375572077,Sunny,Day,0.10315755208333334,100.0,-17.0,25.646639999877152,auto
1768375572108,Sunny,Day,0.0986328125,100.0,-14.0,25.610825000057957,auto
1768375572142,Sunny,Day,0.09931640625,100.0,-16.0,27.9617280000366,auto
1768375572171,Sunny,Day,0.09440104166666667,100.0,-13.0,22.148554000068543,auto
1768375572204,Sunny,Day,0.0916015625,100.0,-11.0,27.184420999901704,auto
1768375572237,Sunny,Day,0.08997395833333334,100.0,-10.0,26.943787999925917,auto
1768375572265,Sunny,Day,0.09371744791666667,100.0,-14.0,22.620745000040188,auto
1768375572298,Sunny,Day,0.09143880208333334,100.0,-12.0,27.46344299998782,auto
1768375572328,Sunny,Day,0.09078776041666667,100.0,-12.0,22.823063000032562,auto
1768375572359,Sunny,Day,0.09095052083333334,100.0,-12.0,25.393691999852308,auto
1768375572390,Sunny,Day,0.09137369791666666,100.0,-13.0,25.66628799991122,auto
1768375572422,Sunny,Day,0.09137369791666666,100.0,-13.0,25.720567000007577,auto
1768375572454,Sunny,Day,0.09108072916666667,100.0,-14.0,26.3826309999331,auto
1768375572485,Sunny,Day,0.09140625,100.0,-14.0,21.379394000177854,auto
1768375572516,Sunny,Day,0.09225260416666667,100.0,-15.0,25.534953000033056,auto
1768375572548,Sunny,Day,0.09244791666666667,100.0,-15.0,25.81627200015646,auto
1768375572579,Sunny,Day,0.09153645833333333,100.0,-15.0,25.61778799986314,auto
1768375572612,Sunny,Day,0.091796875,100.0,-16.0,27.357385999948747,auto
1768375572642,Sunny,Day,0.09264322916666666,100.0,-17.0,24.20560099994873,auto
1768375572673,Sunny,Day,0.09111328125,100.0,-15.0,25.845217000096454,auto
1768375572705,Sunny,Day,0.0916015625,100.0,-14.0,26.37596499994288,auto
1768375572736,Sunny,Day,0.09251302083333333,100.0,-16.0,25.138928999922427,auto
1768375572769,Sunny,Day,0.091015625,100.0,-14.0,26.494132999914655,auto
1768375572799,Sunny,Day,0.09104817708333333,100.0,-14.0,23.579926000138585,auto
1768375572832,Sunny,Day,0.09169921875,100.0,-15.0,26.607782999917617,auto
1768375572862,Sunny,Day,0.0916015625,100.0,-14.0,21.14228000004914,auto
1768375572893,Sunny,Day,0.09228515625,100.0,-14.0,25.223523000022396,auto
1768375572925,Sunny,Day,0.09166666666666666,100.0,-15.0,25.797419999889826,auto
1768375572956,Sunny,Day,0.09215494791666666,100.0,-14.0,25.426007000078243,auto
1768375572987,Sunny,Day,0.09195963541666667,100.0,-15.0,26.030978999870058,auto
1768375573020,Sunny,Day,0.09384765625,100.0,-15.0,26.73578600001747,auto
1768375573050,Sunny,Day,0.09407552083333333,100.0,-15.0,24.49501399996734,auto
1768375573081,Sunny,Day,0.09456380208333333,100.0,-15.0,24.98968699978832,auto
1768375573113,Sunny,Day,0.09482421875,100.0,-17.0,25.198172000045815,auto
1768375573146,Sunny,Day,0.09475911458333333,100.0,-17.0,27.28999699979795,auto
1768375573176,Sunny,Day,0.09518229166666667,100.0,-18.0,23.743596000031175,auto
1768375573207,Sunny,Day,0.0943359375,100.0,-17.0,25.77073499992366,auto
1768375573239,Sunny,Day,0.09459635416666666,100.0,-17.0,26.11605500010228,auto
1768375573270,Sunny,Day,0.09417317708333334,100.0,-17.0,25.719013000070845,auto
1768375573301,Sunny,Day,0.09375,100.0,-16.0,20.178027000156362,auto
1768375573333,Sunny,Day,0.09309895833333333,100.0,-15.0,25.676751999981207,auto
1768375573364,Sunny,Day,0.09264322916666666,100.0,-14.0,26.22601999996732,auto
1768375573397,Sunny,Day,0.09205729166666667,100.0,-14.0,27.35684999993282,auto
1768375573428,Sunny,Day,0.09163411458333333,100.0,-12.0,24.430548999816892,auto
1768375573460,Sunny,Day,0.08727213541666666,100.0,-9.0,26.236444999995,auto
1768375573489,Sunny,Day,0.08740234375,100.0,-9.0,23.302053000179512,auto
1768375573521,Sunny,Day,0.09137369791666666,100.0,-13.0,25.880995999841616,auto
1768375573553,Sunny,Day,0.09173177083333334,100.0,21.0,25.81471700000293,auto
1768375573587,Sunny,Day,0.0916015625,100.0,22.0,27.9406919999019,auto
1768375573616,Sunny,Day,0.09173177083333334,100.0,23.0,21.379988000035155,auto
1768375573647,Sunny,Day,0.09254557291666667,100.0,21.0,25.657085999910123,auto
1768375573680,Sunny,Day,0.09231770833333333,100.0,24.0,27.687374000151976,auto
1768375573710,Sunny,Day,0.09446614583333333,100.0,18.0,22.581281999919156,auto
1768375573741,Sunny,Day,0.0919921875,100.0,23.0,24.501088000079108,auto
1768375573774,Sunny,Day,0.09602864583333333,100.0,17.0,26.575634999971953,auto
1768375573804,Sunny,Day,0.09195963541666667,100.0,22.0,20.227231000035317,auto
1768375573837,Sunny,Day,0.09388020833333334,100.0,19.0,27.576594000038313,auto
1768375573868,Sunny,Day,0.09651692708333333,100.0,15.0,24.87624099990171,auto
1768375573898,Sunny,Day,0.0974609375,100.0,16.0,22.916380000197023,auto
1768375573930,Sunny,Day,0.09837239583333333,100.0,12.0,26.078850999965653,auto
1768375573962,Sunny,Day,0.09697265625,100.0,17.0,26.627118000078553,auto
1768375573992,Sunny,Day,0.097265625,100.0,14.0,23.527908000005482,auto
1768375574025,Sunny,Day,0.09798177083333333,100.0,14.0,26.990457000010792,auto
1768375574056,Sunny,Day,0.09850260416666666,100.0,16.0,23.528575000000274,auto
1768375574086,Sunny,Day,0.09830729166666667,100.0,13.0,25.079060000052777,auto
1768375574118,Sunny,Day,0.09759114583333334,100.0,14.0,25.305729000137944,auto
1768375574149,Sunny,Day,0.10009765625,100.0,15.0,25.346045000105732,auto
1768375574181,Sunny,Day,0.09889322916666667,100.0,14.0,25.925738000069032,auto
1768375574212,Sunny,Day,0.09915364583333333,100.0,12.0,25.296840999999404,auto
1768375574246,Sunny,Day,0.09801432291666666,100.0,14.0,28.42232999978478,auto
1768375574275,Sunny,Day,0.09873046875,100.0,13.0,19.82267099992896,auto
1768375574307,Sunny,Day,0.09918619791666666,100.0,15.0,26.551655000048413,auto
1768375574338,Sunny,Day,0.09873046875,100.0,12.0,24.452383999914673,auto
1768375574369,Sunny,Day,0.09694010416666667,100.0,16.0,25.72140200004469,auto
1768375574401,Sunny,Day,0.0990234375,100.0,14.0,25.66103200001635,auto
1768375574432,Sunny,Day,0.09944661458333333,100.0,-29.0,24.496180999904027,auto
1768375574465,Sunny,Day,0.0990234375,100.0,-29.0,27.583040000081382,auto
1768375574495,Sunny,Day,0.09811197916666667,100.0,14.0,23.362293999980466,auto
1768375574526,Sunny,Day,0.09925130208333334,100.0,-25.0,24.57279300006121,auto
1768375574558,Sunny,Day,0.10022786458333334,100.0,-23.0,25.291100000004008,auto
1768375574590,Sunny,Day,0.09811197916666667,100.0,21.0,25.997646999940116,auto
1768375574620,Sunny,Day,0.098828125,100.0,-18.0,19.766409999874668,auto
1768375574654,Sunny,Day,0.10322265625,100.0,-20.0,28.351347999887366,auto
1768375574684,Sunny,Day,0.09680989583333334,100.0,-16.0,24.36177200002021,auto
1768375574714,Sunny,Day,0.09957682291666667,100.0,-17.0,23.711651999974492,auto
1768375574746,Sunny,Day,0.09609375,100.0,-15.0,26.55078499992669,auto
1768375574777,Sunny,Day,0.09537760416666667,100.0,-13.0,24.47236599982716,auto
1768375574808,Sunny,Day,0.0953125,100.0,-12.0,25.32235899980151,auto
1768375574840,Sunny,Day,0.09697265625,100.0,-13.0,25.723254000013185,auto
1768375574872,Sunny,Day,0.09856770833333334,100.0,-15.0,26.759455000046728,auto
1768375574904,Sunny,Day,0.09817708333333333,100.0,-15.0,26.419059999852834,auto
1768375574934,Sunny,Day,0.09860026041666667,100.0,-13.0,23.525112000015724,auto
1768375574966,Sunny,Day,0.09772135416666666,100.0,-13.0,25.757088000091244,auto
1768375574997,Sunny,Day,0.09934895833333333,100.0,-14.0,24.9056870000004,auto
1768375575029,Sunny,Day,0.09934895833333333,100.0,-14.0,25.417250999907992,auto
1768375575062,Sunny,Day,0.09847005208333333,100.0,-14.0,26.907142000027306,auto
1768375575091,Sunny,Day,0.0947265625,100.0,-11.0,23.81674700018266,auto
1768375575122,Sunny,Day,0.09866536458333333,100.0,-14.0,25.519326999983605,auto
1768375575154,Sunny,Day,0.09869791666666666,100.0,-13.0,25.95022200011954,auto
1768375575186,Sunny,Day,0.09827473958333334,100.0,-14.0,24.859317000164083,auto
1768375575218,Sunny,Day,0.09860026041666667,100.0,-13.0,25.949722000177644,auto
1768375575248,Sunny,Day,0.09765625,100.0,-13.0,24.674240000194914,auto
1768375575280,Sunny,Day,0.09820963541666666,100.0,-13.0,25.58440199982215,auto
1768375575311,Sunny,Day,0.09768880208333333,100.0,-13.0,25.224933000117744,auto
1768375575342,Sunny,Day,0.09772135416666666,100.0,-13.0,25.374249999913445,auto
1768375575375,Sunny,Day,0.09658203125,100.0,-12.0,26.44174700003532,auto
1768375575405,Sunny,Day,0.0984375,100.0,-13.0,24.721555000041917,auto
1768375575437,Sunny,Day,0.097265625,100.0,-12.0,25.428140000030908,auto
1768375575470,Sunny,Day,0.09661458333333334,100.0,-12.0,26.912401999879876,auto
1768375575500,Sunny,Day,0.09622395833333333,100.0,-12.0,24.49803400008932,auto
1768375575531,Sunny,Day,0.09716796875,100.0,-12.0,24.921817999938867,auto
1768375575562,Sunny,Day,0.09752604166666666,100.0,-13.0,25.6466979999459,auto
1768375575595,Sunny,Day,0.09554036458333333,100.0,-13.0,27.386538999962795,auto
1768375575625,Sunny,Day,0.09563802083333334,100.0,-13.0,23.411091999832934,auto
1768375575656,Sunny,Day,0.09518229166666667,100.0,-12.0,25.06109799992373,auto
1768375575688,Sunny,Day,0.09544270833333333,100.0,-13.0,25.939757999822177,auto
1768375575719,Sunny,Day,0.0943359375,100.0,-13.0,21.44395400000576,auto
1768375575750,Sunny,Day,0.09407552083333333,100.0,-12.0,25.76244100009717,auto
1768375575785,Sunny,Day,0.09495442708333333,100.0,-13.0,28.82620700006555,auto
1768375575813,Sunny,Day,0.09449869791666667,100.0,-11.0,22.12188899989087,auto
1768375575845,Sunny,Day,0.09446614583333333,100.0,-13.0,25.36278799993852,auto
1768375575876,Sunny,Day,0.0935546875,100.0,-12.0,25.288768000109485,auto
1768375575909,Sunny,Day,0.09407552083333333,100.0,-13.0,27.088682000112385,auto
1768375575939,Sunny,Day,0.09388020833333334,100.0,-12.0,21.266839999952936,auto
1768375575970,Sunny,Day,0.09537760416666667,100.0,-14.0,25.525307999942015,auto
1768375576002,Sunny,Day,0.09235026041666666,100.0,-13.0,25.46112200002426,auto
1768375576033,Sunny,Day,0.09440104166666667,100.0,-13.0,25.339195000015025,auto
1768375576064,Sunny,Day,0.091796875,100.0,-11.0,25.138303000176165,auto
1768375576096,Sunny,Day,0.09397786458333333,100.0,-12.0,24.645519000159766,auto
1768375576127,Sunny,Day,0.09244791666666667,100.0,-10.0,25.519105000057607,auto
1768375576159,Sunny,Day,0.09208984375,100.0,-10.0,25.8324060000632,auto
1768375576192,Sunny,Day,0.09182942708333333,100.0,-9.0,27.25164899993615,auto
1768375576221,Sunny,Day,0.09111328125,100.0,-9.0,23.06375500006652,auto
1768375576253,Sunny,Day,0.0921875,100.0,-9.0,25.580162000096607,auto
1768375576286,Sunny,Day,0.09039713541666666,100.0,-9.0,27.305724000143528,auto
1768375576317,Sunny,Day,0.09202473958333333,100.0,-9.0,25.678348999917944,auto
1768375576347,Sunny,Day,0.09091796875,100.0,-11.0,23.309871000037674,auto
1768375576379,Sunny,Day,0.09059244791666667,100.0,-11.0,20.932633000029455,auto
1768375576410,Sunny,Day,0.09111328125,100.0,-10.0,25.713275000043723,auto
1768375576443,Sunny,Day,0.09036458333333333,100.0,-11.0,26.748807999865676,auto
1768375576472,Sunny,Day,0.08984375,100.0,-11.0,23.573706999968636,auto
1768375576504,Sunny,Day,0.08916015625,100.0,-11.0,26.574989999971876,auto
1768375576538,Sunny,Day,0.08818359375,100.0,-10.0,28.185142999973323,auto
1768375576570,Sunny,Day,0.08805338541666667,100.0,-9.0,26.19379999987359,auto
1768375576602,Sunny,Day,0.08828125,100.0,-11.0,23.599430000103894,auto
1768375576634,Sunny,Day,0.0869140625,100.0,-10.0,25.390992999973605,auto
1768375576666,Sunny,Day,0.0873046875,100.0,-10.0,24.29051400008575,auto
1768375576697,Sunny,Day,0.08570963541666667,100.0,-9.0,24.371736999910354,auto
1768375576728,Sunny,Day,0.08636067708333334,100.0,-10.0,23.62187400012772,auto
1768375576757,Sunny,Day,0.08564453125,100.0,-10.0,21.780774000035308,auto
1768375576789,Sunny,Day,0.08492838541666667,100.0,-10.0,24.879392000002554,auto
1768375576820,Sunny,Day,0.08463541666666667,100.0,-10.0,24.038362000055713,auto
1768375576852,Sunny,Day,0.08307291666666666,100.0,-9.0,24.620036999976946,auto
1768375576884,Sunny,Day,0.08310546875,100.0,-10.0,26.292339000065112,manual
1768375576916,Sunny,Day,0.08359375,100.0,-10.0,26.622825000004013,manual
1768375576946,Sunny,Day,0.08151041666666667,100.0,-10.0,22.49419199984004,manual
1768375576978,Sunny,Day,0.08167317708333334,100.0,-10.0,25.116803000173604,manual
1768375577009,Sunny,Day,0.081640625,100.0,-9.0,25.46854899992468,manual
1768375577041,Sunny,Day,0.08209635416666666,100.0,-10.0,27.47691199988367,manual
1768375577072,Sunny,Day,0.08180338541666667,100.0,-10.0,25.24967700014713,manual
1768375577105,Sunny,Day,0.08186848958333333,100.0,-10.0,27.053201999933663,manual
1768375577137,Sunny,Day,0.08225911458333333,100.0,-10.0,26.07272499994906,manual
1768375577167,Sunny,Day,0.08141276041666666,100.0,-9.0,23.714820999884978,manual
1768375577198,Sunny,Day,0.0826171875,100.0,-10.0,25.852278000002116,manual
1768375577231,Sunny,Day,0.08251953125,100.0,-10.0,26.923551999971096,manual
1768375577262,Sunny,Day,0.08245442708333334,100.0,-10.0,25.25776900006349,manual
1768375577292,Sunny,Day,0.08255208333333333,100.0,-10.0,22.223263000114457,manual
1768375577323,Sunny,Day,0.08229166666666667,100.0,-10.0,25.836685000058424,manual
1768375577355,Sunny,Day,0.08258463541666666,100.0,-10.0,26.06641099987428,manual
1768375577386,Sunny,Day,0.08287760416666666,100.0,-10.0,25.087119000090752,manual
1768375577418,Sunny,Day,0.08190104166666666,100.0,-10.0,26.772790999984863,manual
