Timestamp,Weather,Time of Day,Mask White Ratio,Lane Quality Score,Lane Error,Processing Time (ms),Mode,Lane State,Target CX,Contours Total,Contours Kept,Direction Force,Failure Flag,Failure Type
1768445919508,Sunny,Day,0.05872395833333333,100.0,-1.0,496.8550549999975,manual,,,,,,0,
1768445923243,Sunny,Day,0.05611979166666667,100.0,-2.0,3.5677770000006603,manual,,,,,,0,
1768445923268,Sunny,Day,0.05817057291666667,100.0,-1.0,2.5701250000054188,manual,,,,,,0,
1768445923279,Sunny,Day,0.058365885416666666,100.0,-1.0,4.641090000006898,manual,,,,,,0,
1768445923310,Sunny,Day,0.05716145833333333,100.0,-2.0,21.549367999995184,manual,,,,,,0,
1768445923340,Sunny,Day,0.0576171875,100.0,-2.0,25.46727800000781,manual,,,,,,0,
1768445923374,Sunny,Day,0.05748697916666667,100.0,-1.0,28.781399999985524,manual,,,,,,0,
1768445923403,Sunny,Day,0.05804036458333333,100.0,-1.0,24.008010000017066,manual,,,,,,0,
1768445923436,Sunny,Day,0.057454427083333336,100.0,-1.0,25.29260000000022,manual,,,,,,0,
1768445923466,Sunny,Day,0.05673828125,100.0,-2.0,24.86750899998924,manual,,,,,,0,
1768445923499,Sunny,Day,0.05703125,100.0,-1.0,27.99917300001198,manual,,,,,,0,
1768445923530,Sunny,Day,0.057421875,100.0,-2.0,25.945710999991434,manual,,,,,,0,
1768445923560,Sunny,Day,0.057877604166666666,100.0,-1.0,25.594595999990588,manual,,,,,,0,
1768445923592,Sunny,Day,0.05657552083333333,100.0,-2.0,26.716324000005898,manual,,,,,,0,
1768445923623,Sunny,Day,0.05712890625,100.0,-1.0,26.774704999979804,manual,,,,,,0,
1768445923654,Sunny,Day,0.057356770833333334,100.0,-1.0,26.911395000013272,manual,,,,,,0,
1768445923688,Sunny,Day,0.05748697916666667,100.0,-1.0,28.297076000001198,manual,,,,,,0,
1768445923717,Sunny,Day,0.057779947916666664,100.0,-1.0,24.897717000015973,manual,,,,,,0,
1768445923748,Sunny,Day,0.0564453125,100.0,-2.0,26.80289500000299,manual,,,,,,0,
1768445923782,Sunny,Day,0.05751953125,100.0,-1.0,28.914236999980858,manual,,,,,,0,
1768445923811,Sunny,Day,0.056868489583333334,100.0,-2.0,24.89340200000356,manual,,,,,,0,
1768445923843,Sunny,Day,0.056901041666666666,100.0,-2.0,26.484137000011287,manual,,,,,,0,
1768445923874,Sunny,Day,0.056868489583333334,100.0,-2.0,27.091294999991078,manual,,,,,,0,
1768445923906,Sunny,Day,0.05791015625,100.0,-1.0,26.84347600001047,manual,,,,,,0,
1768445923937,Sunny,Day,0.056868489583333334,100.0,-2.0,26.83245500000453,manual,,,,,,0,
1768445923968,Sunny,Day,0.057421875,100.0,-2.0,26.68905999999538,manual,,,,,,0,
1768445924000,Sunny,Day,0.05693359375,100.0,-2.0,27.02539599999909,manual,,,,,,0,
1768445924031,Sunny,Day,0.057421875,100.0,-1.0,26.712279999998145,manual,,,,,,0,
1768445924063,Sunny,Day,0.056868489583333334,100.0,-2.0,26.744116999992684,manual,,,,,,0,
1768445924094,Sunny,Day,0.05813802083333333,100.0,-1.0,26.91672000000267,manual,,,,,,0,
1768445924126,Sunny,Day,0.056868489583333334,100.0,-2.0,24.48038400001451,manual,,,,,,0,
1768445924157,Sunny,Day,0.05719401041666667,100.0,-2.0,26.703795000003083,manual,,,,,,0,
1768445924188,Sunny,Day,0.05758463541666667,100.0,-1.0,26.82648200001836,manual,,,,,,0,
1768445924221,Sunny,Day,0.05771484375,100.0,-1.0,24.23297199999297,manual,,,,,,0,
1768445924251,Sunny,Day,0.0572265625,100.0,-1.0,24.913419999990083,manual,,,,,,0,
1768445924285,Sunny,Day,0.057421875,100.0,-2.0,29.220367999982955,manual,,,,,,0,
1768445924316,Sunny,Day,0.05771484375,100.0,-1.0,26.432119999981296,manual,,,,,,0,
1768445924345,Sunny,Day,0.05810546875,100.0,-1.0,24.94475800000373,manual,,,,,,0,
1768445924377,Sunny,Day,0.05751953125,100.0,-1.0,26.456531999997424,manual,,,,,,0,
1768445924411,Sunny,Day,0.05771484375,100.0,-1.0,28.95886000001724,manual,,,,,,0,
1768445924439,Sunny,Day,0.05654296875,100.0,-2.0,24.04506999999967,manual,,,,,,0,
1768445924471,Sunny,Day,0.056966145833333336,100.0,-2.0,26.80968300001041,manual,,,,,,0,
1768445924503,Sunny,Day,0.05703125,100.0,-2.0,27.5182660000155,manual,,,,,,0,
1768445924534,Sunny,Day,0.05693359375,100.0,-2.0,17.276039999984505,manual,,,,,,0,
1768445924565,Sunny,Day,0.056477864583333336,100.0,-2.0,26.537916000023642,manual,,,,,,0,
1768445924601,Sunny,Day,0.05751953125,100.0,-1.0,30.97136599998862,manual,,,,,,0,
1768445924628,Sunny,Day,0.057421875,100.0,-2.0,22.709603999999217,manual,,,,,,0,
1768445924660,Sunny,Day,0.056640625,100.0,-2.0,26.803533999981255,manual,,,,,,0,
1768445924692,Sunny,Day,0.05758463541666667,100.0,-1.0,26.87780600001588,manual,,,,,,0,
1768445924723,Sunny,Day,0.05732421875,100.0,-1.0,25.680382999979656,manual,,,,,,0,
1768445924754,Sunny,Day,0.05830078125,100.0,-1.0,26.88765999999987,manual,,,,,,0,
1768445924785,Sunny,Day,0.0580078125,100.0,-1.0,26.19148700000551,manual,,,,,,0,
1768445924816,Sunny,Day,0.05670572916666667,100.0,-2.0,26.831280000010338,manual,,,,,,0,
1768445924849,Sunny,Day,0.05576171875,100.0,-2.0,19.36783700000433,manual,,,,,,0,
1768445924879,Sunny,Day,0.05716145833333333,100.0,-2.0,24.829942999986088,manual,,,,,,0,
1768445924911,Sunny,Day,0.05804036458333333,100.0,-1.0,26.937835000012456,manual,,,,,,0,
1768445924942,Sunny,Day,0.05771484375,100.0,-1.0,27.192748000004485,manual,,,,,,0,
1768445924973,Sunny,Day,0.05618489583333333,100.0,-2.0,26.54778699999838,manual,,,,,,0,
1768445925006,Sunny,Day,0.05677083333333333,100.0,-2.0,27.39279899998337,manual,,,,,,0,
1768445925036,Sunny,Day,0.05791015625,100.0,-1.0,25.384292000012465,manual,,,,,,0,
1768445925068,Sunny,Day,0.05758463541666667,100.0,-1.0,22.324376000000257,manual,,,,,,0,
1768445925099,Sunny,Day,0.0568359375,100.0,-2.0,7.899756999989904,manual,,,,,,0,
1768445925132,Sunny,Day,0.0568359375,100.0,-1.0,18.992193000002544,manual,,,,,,0,
1768445925162,Sunny,Day,0.0578125,100.0,-1.0,18.626465000011194,manual,,,,,,0,
1768445925194,Sunny,Day,0.05716145833333333,100.0,-2.0,22.076778999974067,manual,,,,,,0,
1768445925226,Sunny,Day,0.05719401041666667,100.0,-2.0,18.97989500000108,manual,,,,,,0,
1768445925258,Sunny,Day,0.057779947916666664,100.0,-1.0,22.372031999992714,manual,,,,,,0,
1768445925287,Sunny,Day,0.05774739583333333,100.0,-1.0,22.168424000000186,manual,,,,,,0,
1768445925319,Sunny,Day,0.058268229166666664,100.0,-1.0,24.821660999975848,manual,,,,,,0,
1768445925350,Sunny,Day,0.057877604166666666,100.0,-1.0,25.163218000017196,manual,,,,,,0,
1768445925382,Sunny,Day,0.05758463541666667,100.0,-1.0,26.951755999988336,auto,,,,,,0,
1768445925417,Sunny,Day,0.05764973958333333,100.0,-1.0,24.693361999993613,auto,,,,,,0,
1768445925445,Sunny,Day,0.05865885416666667,100.0,-2.0,18.37892400001806,auto,,,,,,0,
1768445925476,Sunny,Day,0.05654296875,100.0,-3.0,21.01141700001108,auto,,,,,,0,
1768445925507,Sunny,Day,0.057389322916666666,100.0,-2.0,22.18381599999475,auto,,,,,,0,
1768445925539,Sunny,Day,0.05478515625,100.0,-3.0,21.386312999993606,auto,,,,,,0,
1768445925570,Sunny,Day,0.055403645833333334,100.0,-4.0,13.975581000011061,auto,,,,,,0,
1768445925602,Sunny,Day,0.05419921875,100.0,-5.0,21.41783599998348,auto,,,,,,0,
1768445925635,Sunny,Day,0.054915364583333334,100.0,-5.0,23.130325000011,auto,,,,,,0,
1768445925665,Sunny,Day,0.0546875,100.0,-6.0,21.32715499999449,auto,,,,,,0,
1768445925697,Sunny,Day,0.05481770833333333,100.0,-6.0,25.254158999985066,auto,,,,,,0,
1768445925727,Sunny,Day,0.05455729166666667,100.0,-7.0,9.277948999994123,auto,,,,,,0,
1768445925758,Sunny,Day,0.055078125,100.0,-7.0,23.45576799999094,auto,,,,,,0,
1768445925790,Sunny,Day,0.053385416666666664,100.0,-8.0,24.030733999978793,auto,,,,,,0,
1768445925822,Sunny,Day,0.05602213541666667,100.0,-8.0,24.705808999982537,auto,,,,,,0,
1768445925853,Sunny,Day,0.055826822916666664,100.0,-8.0,23.549709999997503,auto,,,,,,0,
1768445925884,Sunny,Day,0.05615234375,100.0,-8.0,23.680638999991288,auto,,,,,,0,
1768445925915,Sunny,Day,0.05667317708333333,100.0,-8.0,23.666950999995606,auto,,,,,,0,
1768445925949,Sunny,Day,0.055338541666666664,100.0,-9.0,24.310094999975718,auto,,,,,,0,
1768445925980,Sunny,Day,0.05693359375,100.0,-9.0,23.656950000003008,auto,,,,,,0,
1768445926010,Sunny,Day,0.0578125,100.0,-9.0,21.17287799998735,auto,,,,,,0,
1768445926042,Sunny,Day,0.05572916666666667,100.0,-10.0,24.453063999999358,auto,,,,,,0,
1768445926073,Sunny,Day,0.0572265625,100.0,-9.0,23.518909999978632,auto,,,,,,0,
1768445926104,Sunny,Day,0.05764973958333333,100.0,-10.0,23.959704999981568,auto,,,,,,0,
1768445926135,Sunny,Day,0.05764973958333333,100.0,-9.0,18.90252399999781,auto,,,,,,0,
1768445926168,Sunny,Day,0.05771484375,100.0,-10.0,24.85575999997991,auto,,,,,,0,
1768445926198,Sunny,Day,0.05764973958333333,100.0,-10.0,23.35514300000341,auto,,,,,,0,
1768445926230,Sunny,Day,0.0578125,100.0,-10.0,24.09630200000379,auto,,,,,,0,
1768445926261,Sunny,Day,0.056803385416666664,100.0,-10.0,22.29546999998888,auto,,,,,,0,
1768445926294,Sunny,Day,0.05751953125,100.0,-10.0,23.740317000005007,auto,,,,,,0,
1768445926325,Sunny,Day,0.05797526041666667,100.0,-10.0,23.746374000012338,auto,,,,,,0,
1768445926356,Sunny,Day,0.057356770833333334,100.0,-11.0,23.287872999986803,auto,,,,,,0,
1768445926387,Sunny,Day,0.05764973958333333,100.0,-11.0,23.067910999998276,auto,,,,,,0,
1768445926418,Sunny,Day,0.057389322916666666,100.0,-12.0,23.72922200001426,auto,,,,,,0,
1768445926450,Sunny,Day,0.05797526041666667,100.0,-12.0,24.12923199997863,auto,,,,,,0,
1768445926481,Sunny,Day,0.0568359375,100.0,-12.0,22.800811999985626,auto,,,,,,0,
1768445926514,Sunny,Day,0.05693359375,100.0,-11.0,25.5031439999982,auto,,,,,,0,
1768445926544,Sunny,Day,0.05849609375,100.0,-12.0,21.43036399999687,auto,,,,,,0,
1768445926577,Sunny,Day,0.058430989583333336,100.0,-13.0,19.699526000010792,auto,,,,,,0,
1768445926607,Sunny,Day,0.05755208333333333,100.0,-12.0,21.163451000006717,auto,,,,,,0,
1768445926638,Sunny,Day,0.059830729166666666,100.0,-12.0,23.940091000014263,auto,,,,,,0,
1768445926669,Sunny,Day,0.06005859375,100.0,-13.0,22.666122999993377,auto,,,,,,0,
1768445926701,Sunny,Day,0.06044921875,100.0,-13.0,23.178280999985645,auto,,,,,,0,
1768445926732,Sunny,Day,0.06002604166666667,100.0,-13.0,23.936275000011165,auto,,,,,,0,
1768445926764,Sunny,Day,0.06266276041666667,100.0,-13.0,19.41182999999569,auto,,,,,,0,
1768445926795,Sunny,Day,0.059895833333333336,100.0,-13.0,22.894438000008677,auto,,,,,,0,
1768445926826,Sunny,Day,0.06162109375,100.0,-14.0,24.096468000010418,auto,,,,,,0,
1768445926858,Sunny,Day,0.06272786458333333,100.0,-15.0,24.108285000011165,auto,,,,,,0,
1768445926889,Sunny,Day,0.06315104166666667,100.0,-15.0,23.047945000001846,auto,,,,,,0,
1768445926921,Sunny,Day,0.06435546875,100.0,-16.0,22.920776000006526,auto,,,,,,0,
1768445926952,Sunny,Day,0.06393229166666667,100.0,-16.0,23.295725999986416,auto,,,,,,0,
1768445926984,Sunny,Day,0.06695963541666666,100.0,-17.0,24.022696999992377,auto,,,,,,0,
1768445927015,Sunny,Day,0.0669921875,100.0,-17.0,23.90275800001973,auto,,,,,,0,
1768445927047,Sunny,Day,0.06839192708333333,100.0,-17.0,24.837164999979677,auto,,,,,,0,
1768445927080,Sunny,Day,0.0703125,100.0,-17.0,23.705203999980995,auto,,,,,,0,
1768445927109,Sunny,Day,0.07109375,100.0,-17.0,21.526999999991858,auto,,,,,,0,
1768445927140,Sunny,Day,0.07265625,100.0,-17.0,23.446644000017614,auto,,,,,,0,
1768445927172,Sunny,Day,0.0716796875,100.0,-17.0,23.496503999979268,auto,,,,,,0,
1768445927203,Sunny,Day,0.07327473958333333,100.0,-19.0,23.60413300002051,auto,,,,,,0,
1768445927235,Sunny,Day,0.07220052083333334,100.0,-18.0,24.196691000014425,auto,,,,,,0,
1768445927266,Sunny,Day,0.07330729166666666,100.0,-18.0,23.98369400000888,auto,,,,,,0,
1768445927298,Sunny,Day,0.073828125,100.0,-18.0,23.53815899999745,auto,,,,,,0,
1768445927329,Sunny,Day,0.073828125,100.0,-18.0,23.994880000003604,auto,,,,,,0,
1768445927361,Sunny,Day,0.07493489583333333,100.0,-18.0,23.72198499998035,auto,,,,,,0,
1768445927392,Sunny,Day,0.07457682291666666,100.0,-18.0,22.68238999999994,auto,,,,,,0,
1768445927423,Sunny,Day,0.07434895833333334,100.0,-17.0,23.238685000023906,auto,,,,,,0,
1768445927455,Sunny,Day,0.07421875,100.0,-18.0,23.87163900002065,auto,,,,,,0,
1768445927486,Sunny,Day,0.07513020833333334,100.0,-18.0,23.06441600001108,auto,,,,,,0,
1768445927518,Sunny,Day,0.07431640625,100.0,-20.0,24.209488999986206,auto,,,,,,0,
1768445927549,Sunny,Day,0.07548828125,100.0,-18.0,23.839262999985067,auto,,,,,,0,
1768445927580,Sunny,Day,0.07649739583333333,100.0,-19.0,23.099124999987453,auto,,,,,,0,
1768445927611,Sunny,Day,0.07760416666666667,100.0,-19.0,22.271936000009873,auto,,,,,,0,
1768445927644,Sunny,Day,0.07669270833333333,100.0,-19.0,24.857724000014514,auto,,,,,,0,
1768445927675,Sunny,Day,0.0779296875,100.0,-18.0,22.065716999975393,auto,,,,,,0,
1768445927706,Sunny,Day,0.07874348958333334,100.0,-18.0,22.706061999997473,auto,,,,,,0,
1768445927737,Sunny,Day,0.07861328125,100.0,-18.0,22.142136999974582,auto,,,,,,0,
1768445927769,Sunny,Day,0.07718098958333333,100.0,-19.0,22.700022999998737,auto,,,,,,0,
1768445927800,Sunny,Day,0.07727864583333334,100.0,-19.0,22.883609000018623,auto,,,,,,0,
1768445927833,Sunny,Day,0.07574869791666666,100.0,-19.0,21.6785990000119,auto,,,,,,0,
1768445927867,Sunny,Day,0.07809244791666667,100.0,-17.0,25.67261499999063,auto,,,,,,0,
1768445927897,Sunny,Day,0.07848307291666666,100.0,-18.0,21.590046999989454,auto,,,,,,0,
1768445927929,Sunny,Day,0.08076171875,100.0,-18.0,20.91762300000255,auto,,,,,,0,
1768445927960,Sunny,Day,0.07880859375,100.0,-18.0,19.370077000019137,auto,,,,,,0,
1768445927991,Sunny,Day,0.07805989583333334,100.0,-18.0,20.59038499999133,auto,,,,,,0,
1768445928023,Sunny,Day,0.08033854166666667,100.0,-18.0,23.355731000009428,auto,,,,,,0,
1768445928053,Sunny,Day,0.07994791666666666,100.0,-19.0,19.657805000008466,auto,,,,,,0,
1768445928085,Sunny,Day,0.08017578125,100.0,-18.0,22.394574999992756,auto,,,,,,0,
1768445928117,Sunny,Day,0.0818359375,100.0,-18.0,20.54668799999604,auto,,,,,,0,
1768445928148,Sunny,Day,0.08079427083333333,100.0,-18.0,20.45230199999537,auto,,,,,,0,
1768445928180,Sunny,Day,0.08310546875,100.0,-18.0,21.239094000009118,auto,,,,,,0,
1768445928210,Sunny,Day,0.08304036458333333,100.0,-18.0,18.878996000012194,auto,,,,,,0,
1768445928242,Sunny,Day,0.08427734375,100.0,-18.0,19.27774300000351,auto,,,,,,0,
1768445928277,Sunny,Day,0.08128255208333333,100.0,-18.0,25.947438000002876,auto,,,,,,0,
1768445928304,Sunny,Day,0.0826171875,100.0,-19.0,17.74911100000054,auto,,,,,,0,
1768445928336,Sunny,Day,0.08391927083333334,100.0,-19.0,20.755776000015658,auto,,,,,,0,
1768445928367,Sunny,Day,0.08284505208333333,100.0,-19.0,21.56397900000684,auto,,,,,,0,
1768445928399,Sunny,Day,0.08483072916666666,100.0,-19.0,21.774050000004763,auto,,,,,,0,
1768445928432,Sunny,Day,0.08229166666666667,100.0,-19.0,19.919810000004645,auto,,,,,,0,
1768445928462,Sunny,Day,0.08193359375,100.0,-20.0,19.390076999997063,auto,,,,,,0,
1768445928495,Sunny,Day,0.08444010416666667,100.0,-19.0,23.377119999992146,auto,,,,,,0,
1768445928530,Sunny,Day,0.08603515625,100.0,-18.0,23.340855000014926,auto,,,,,,0,
1768445928556,Sunny,Day,0.08245442708333334,100.0,-18.0,15.125099999977465,auto,,,,,,0,
1768445928588,Sunny,Day,0.08359375,100.0,-19.0,21.707613999979003,auto,,,,,,0,
1768445928619,Sunny,Day,0.0826171875,100.0,-20.0,20.391625000002023,auto,,,,,,0,
1768445928650,Sunny,Day,0.08235677083333333,100.0,-19.0,20.38401300001169,auto,,,,,,0,
1768445928682,Sunny,Day,0.0830078125,100.0,-19.0,22.12138300001243,auto,,,,,,0,
1768445928713,Sunny,Day,0.08430989583333333,100.0,-20.0,18.702985000004446,auto,,,,,,0,
1768445928745,Sunny,Day,0.08486328125,100.0,-19.0,22.028626999997414,auto,,,,,,0,
1768445928776,Sunny,Day,0.08567708333333333,100.0,-18.0,21.72604199998318,auto,,,,,,0,
1768445928810,Sunny,Day,0.08463541666666667,100.0,-18.0,25.26495899999759,auto,,,,,,0,
1768445928840,Sunny,Day,0.08629557291666666,100.0,-18.0,19.41091300000153,auto,,,,,,0,
1768445928870,Sunny,Day,0.08655598958333334,100.0,-18.0,19.550472000020136,auto,,,,,,0,
1768445928901,Sunny,Day,0.08561197916666667,100.0,-19.0,21.363577000016676,auto,,,,,,0,
1768445928933,Sunny,Day,0.08531901041666666,100.0,-18.0,20.826175999985708,auto,,,,,,0,
1768445928964,Sunny,Day,0.0849609375,100.0,-19.0,14.679806999993161,auto,,,,,,0,
1768445928997,Sunny,Day,0.08818359375,100.0,-19.0,22.725035000007665,auto,,,,,,0,
1768445929028,Sunny,Day,0.08876953125,100.0,-18.0,19.665320999990854,auto,,,,,,0,
1768445929059,Sunny,Day,0.09000651041666667,100.0,-18.0,19.732016999995494,auto,,,,,,0,
1768445929092,Sunny,Day,0.08935546875,100.0,-19.0,22.509898999999223,auto,,,,,,0,
1768445929123,Sunny,Day,0.08883463541666667,100.0,-19.0,20.972008000001097,auto,,,,,,0,
1768445929154,Sunny,Day,0.0890625,100.0,-19.0,20.150323999985176,auto,,,,,,0,
1768445929184,Sunny,Day,0.08961588541666667,100.0,-18.0,20.781479000021363,auto,,,,,,0,
1768445929215,Sunny,Day,0.08935546875,100.0,-18.0,20.61645200001294,auto,,,,,,0,
1768445929248,Sunny,Day,0.08795572916666666,100.0,-18.0,20.82581900000946,auto,,,,,,0,
1768445929278,Sunny,Day,0.08798828125,100.0,-19.0,19.91439799999739,auto,,,,,,0,
1768445929310,Sunny,Day,0.08876953125,100.0,-18.0,21.818289999998797,auto,,,,,,0,
1768445929341,Sunny,Day,0.09007161458333333,100.0,-18.0,20.393436000006204,auto,,,,,,0,
1768445929372,Sunny,Day,0.08870442708333333,100.0,-19.0,17.52372400000013,auto,,,,,,0,
1768445929404,Sunny,Day,0.08841145833333333,100.0,-19.0,20.999957000015,auto,,,,,,0,
1768445929436,Sunny,Day,0.09104817708333333,100.0,-18.0,20.77816299998858,auto,,,,,,0,
1768445929467,Sunny,Day,0.08984375,100.0,-18.0,19.48690399999009,auto,,,,,,0,
1768445929499,Sunny,Day,0.09049479166666667,100.0,-18.0,23.79184199998008,auto,,,,,,0,
1768445929531,Sunny,Day,0.09013671875,100.0,-19.0,19.14188699998931,auto,,,,,,0,
1768445929562,Sunny,Day,0.09088541666666666,100.0,-19.0,21.14388699999381,auto,,,,,,0,
1768445929593,Sunny,Day,0.09137369791666666,100.0,-18.0,20.704336999983752,auto,,,,,,0,
1768445929625,Sunny,Day,0.09036458333333333,100.0,-18.0,22.343168999981344,auto,,,,,,0,
1768445929657,Sunny,Day,0.08860677083333333,100.0,-19.0,20.39512199999649,auto,,,,,,0,
1768445929687,Sunny,Day,0.08912760416666667,100.0,-18.0,18.531104999993886,auto,,,,,,0,
1768445929718,Sunny,Day,0.09091796875,100.0,-18.0,21.461271000021043,auto,,,,,,0,
1768445929753,Sunny,Day,0.09075520833333334,100.0,-18.0,24.822338000006994,auto,,,,,,0,
1768445929780,Sunny,Day,0.08994140625,100.0,-18.0,15.977481000021498,auto,,,,,,0,
1768445929815,Sunny,Day,0.089453125,100.0,-19.0,25.188506000006328,auto,,,,,,0,
1768445929845,Sunny,Day,0.09039713541666666,100.0,-19.0,19.903432999996085,auto,,,,,,0,
1768445929875,Sunny,Day,0.0935546875,100.0,-19.0,19.592179999989412,auto,,,,,,0,
1768445929906,Sunny,Day,0.09143880208333334,100.0,-20.0,21.764170000011518,auto,,,,,,0,
1768445929938,Sunny,Day,0.09104817708333333,100.0,-20.0,22.07488600001284,auto,,,,,,0,
1768445929969,Sunny,Day,0.08889973958333333,100.0,-19.0,22.005911999997352,auto,,,,,,0,
1768445930004,Sunny,Day,0.09085286458333333,100.0,-19.0,25.33978299999262,auto,,,,,,0,
1768445930033,Sunny,Day,0.08922526041666666,100.0,-20.0,17.489406999999346,auto,,,,,,0,
1768445930066,Sunny,Day,0.0912109375,100.0,-20.0,23.28079000000116,auto,,,,,,0,
1768445930096,Sunny,Day,0.09378255208333333,100.0,-20.0,17.794343000019808,auto,,,,,,0,
1768445930126,Sunny,Day,0.09228515625,100.0,-20.0,20.894325000000435,auto,,,,,,0,
1768445930157,Sunny,Day,0.09046223958333334,100.0,-20.0,20.560625000001664,auto,,,,,,0,
1768445930189,Sunny,Day,0.0908203125,100.0,-21.0,18.776050999974814,auto,,,,,,0,
1768445930222,Sunny,Day,0.09072265625,100.0,-20.0,24.0889889999778,auto,,,,,,0,
1768445930253,Sunny,Day,0.09280598958333333,100.0,-20.0,20.607299999994666,auto,,,,,,0,
1768445930283,Sunny,Day,0.08763020833333333,100.0,-20.0,20.4967439999848,auto,,,,,,0,
1768445930316,Sunny,Day,0.08942057291666666,100.0,-19.0,22.430008999975826,auto,,,,,,0,
1768445930348,Sunny,Day,0.08951822916666667,100.0,-20.0,22.133110999988048,auto,,,,,,0,
1768445930378,Sunny,Day,0.08824869791666666,100.0,-20.0,19.888575999999603,auto,,,,,,0,
1768445930409,Sunny,Day,0.08600260416666666,100.0,-19.0,20.113573999992695,auto,,,,,,0,
1768445930440,Sunny,Day,0.09010416666666667,100.0,-19.0,20.739987000013116,auto,,,,,,0,
1768445930472,Sunny,Day,0.08899739583333334,100.0,-19.0,19.610884000002216,auto,,,,,,0,
1768445930503,Sunny,Day,0.0880859375,100.0,-19.0,20.08753300000876,auto,,,,,,0,
1768445930537,Sunny,Day,0.09134114583333333,100.0,-19.0,24.069596999993337,auto,,,,,,0,
1768445930566,Sunny,Day,0.08785807291666667,100.0,-19.0,18.709059000002526,auto,,,,,,0,
1768445930598,Sunny,Day,0.08570963541666667,100.0,-20.0,21.09191200000282,auto,,,,,,0,
1768445930629,Sunny,Day,0.08802083333333334,100.0,-20.0,21.123101999990013,auto,,,,,,0,
1768445930660,Sunny,Day,0.08740234375,100.0,-19.0,21.987459000001763,auto,,,,,,0,
1768445930692,Sunny,Day,0.08359375,100.0,-20.0,21.14964199998326,auto,,,,,,0,
1768445930724,Sunny,Day,0.08684895833333334,100.0,-19.0,20.335830999982818,auto,,,,,,0,
1768445930755,Sunny,Day,0.08616536458333333,100.0,-19.0,20.20114399999784,auto,,,,,,0,
1768445930788,Sunny,Day,0.08961588541666667,100.0,-19.0,22.77493299999378,auto,,,,,,0,
1768445930817,Sunny,Day,0.0845703125,100.0,-19.0,17.535801999997602,auto,,,,,,0,
1768445930848,Sunny,Day,0.08216145833333334,100.0,-20.0,21.405979000007846,auto,,,,,,0,
1768445930880,Sunny,Day,0.08772786458333333,100.0,-20.0,21.685485999995535,auto,,,,,,0,
1768445930911,Sunny,Day,0.08505859375,100.0,-20.0,19.24988400000416,auto,,,,,,0,
1768445930943,Sunny,Day,0.08688151041666667,100.0,-19.0,20.921810999993795,auto,,,,,,0,
1768445930974,Sunny,Day,0.08623046875,100.0,-20.0,21.56404000001544,auto,,,,,,0,
1768445931006,Sunny,Day,0.08743489583333333,100.0,-20.0,22.589449999998124,auto,,,,,,0,
1768445931039,Sunny,Day,0.08717447916666667,100.0,-20.0,22.74447700000337,auto,,,,,,0,
1768445931070,Sunny,Day,0.08489583333333334,100.0,-20.0,19.855309999996962,auto,,,,,,0,
1768445931100,Sunny,Day,0.08522135416666667,100.0,-20.0,19.876722000020663,auto,,,,,,0,
1768445931131,Sunny,Day,0.08489583333333334,100.0,-20.0,20.498020999980326,auto,,,,,,0,
1768445931162,Sunny,Day,0.08626302083333333,100.0,-21.0,22.070947000003116,auto,,,,,,0,
1768445931194,Sunny,Day,0.08753255208333334,100.0,-20.0,20.612370999998575,auto,,,,,,0,
1768445931225,Sunny,Day,0.08805338541666667,100.0,-20.0,21.17319900000325,auto,,,,,,0,
1768445931256,Sunny,Day,0.08330078125,100.0,-20.0,22.104471000005788,auto,,,,,,0,
1768445931289,Sunny,Day,0.07766927083333333,100.0,-20.0,23.37857400002008,auto,,,,,,0,
1768445931320,Sunny,Day,0.08388671875,100.0,-20.0,20.830145999980232,auto,,,,,,0,
1768445931351,Sunny,Day,0.0818359375,100.0,-20.0,21.53354999998669,auto,,,,,,0,
1768445931382,Sunny,Day,0.08369140625,100.0,-19.0,21.62602799998581,auto,,,,,,0,
1768445931414,Sunny,Day,0.0830078125,100.0,-20.0,22.231879999992543,auto,,,,,,0,
1768445931445,Sunny,Day,0.08030598958333333,100.0,-21.0,22.14353299999061,auto,,,,,,0,
1768445931477,Sunny,Day,0.0787109375,100.0,-21.0,21.73567400001275,auto,,,,,,0,
1768445931508,Sunny,Day,0.07975260416666667,100.0,-20.0,21.587872999987212,auto,,,,,,0,
1768445931539,Sunny,Day,0.08037109375,100.0,-20.0,21.78638499998442,auto,,,,,,0,
1768445931571,Sunny,Day,0.08046875,100.0,-21.0,20.077325999977802,auto,,,,,,0,
1768445931602,Sunny,Day,0.08251953125,100.0,-20.0,20.85494600001425,auto,,,,,,0,
1768445931633,Sunny,Day,0.08317057291666667,100.0,-20.0,20.384632999991936,auto,,,,,,0,
1768445931666,Sunny,Day,0.08131510416666667,100.0,-21.0,21.758399000020745,auto,,,,,,0,
1768445931697,Sunny,Day,0.07893880208333333,100.0,-21.0,20.66321200001653,auto,,,,,,0,
1768445931728,Sunny,Day,0.08108723958333333,100.0,-21.0,20.963666000000103,auto,,,,,,0,
1768445931759,Sunny,Day,0.07815755208333333,100.0,-20.0,21.625565000022107,auto,,,,,,0,
1768445931791,Sunny,Day,0.07893880208333333,100.0,-20.0,22.27709100000652,auto,,,,,,0,
1768445931822,Sunny,Day,0.07958984375,100.0,-21.0,18.310609999986127,auto,,,,,,0,
1768445931854,Sunny,Day,0.08037109375,100.0,-21.0,22.446560999981102,auto,,,,,,0,
1768445931886,Sunny,Day,0.08030598958333333,100.0,-20.0,22.635793000006288,auto,,,,,,0,
1768445931918,Sunny,Day,0.07845052083333333,100.0,-20.0,20.690698999999313,auto,,,,,,0,
1768445931949,Sunny,Day,0.08033854166666667,100.0,-20.0,18.197796000009703,auto,,,,,,0,
1768445931980,Sunny,Day,0.0767578125,100.0,-21.0,18.738805999987562,auto,,,,,,0,
1768445932011,Sunny,Day,0.08167317708333334,100.0,-20.0,19.833640999991076,auto,,,,,,0,
1768445932041,Sunny,Day,0.07819010416666666,100.0,-19.0,20.842442000002848,auto,,,,,,0,
1768445932073,Sunny,Day,0.07734375,100.0,-20.0,22.047198999985085,auto,,,,,,0,
1768445932104,Sunny,Day,0.07464192708333334,100.0,-21.0,17.168810000015355,auto,,,,,,0,
1768445932136,Sunny,Day,0.07962239583333333,100.0,-20.0,17.325427000002946,auto,,,,,,0,
1768445932167,Sunny,Day,0.07607421875,100.0,-21.0,21.45403500000498,auto,,,,,,0,
1768445932199,Sunny,Day,0.07841796875,100.0,-19.0,22.348373999989235,auto,,,,,,0,
1768445932230,Sunny,Day,0.07685546875,100.0,-20.0,19.212898999995787,auto,,,,,,0,
1768445932265,Sunny,Day,0.07913411458333333,100.0,-20.0,24.769167999977526,auto,,,,,,0,
1768445932294,Sunny,Day,0.08255208333333333,100.0,-19.0,13.023680999992848,auto,,,,,,0,
1768445932325,Sunny,Day,0.08014322916666666,100.0,-18.0,20.63004000001456,auto,,,,,,0,
1768445932356,Sunny,Day,0.07789713541666667,100.0,-20.0,21.512043999990738,auto,,,,,,0,
1768445932388,Sunny,Day,0.078125,100.0,-20.0,21.60028000000125,auto,,,,,,0,
1768445932421,Sunny,Day,0.07945963541666666,100.0,-19.0,23.596545000003744,auto,,,,,,0,
1768445932451,Sunny,Day,0.08050130208333334,100.0,-19.0,19.4792350000057,auto,,,,,,0,
1768445932482,Sunny,Day,0.081640625,100.0,-19.0,18.63527399999043,auto,,,,,,0,
1768445932514,Sunny,Day,0.07952473958333334,100.0,-20.0,20.826383999974496,auto,,,,,,0,
1768445932544,Sunny,Day,0.0791015625,100.0,-20.0,21.034990000003972,auto,,,,,,0,
1768445932580,Sunny,Day,0.08180338541666667,100.0,-19.0,25.241739999984247,auto,,,,,,0,
1768445932611,Sunny,Day,0.08043619791666666,100.0,-19.0,19.104362999996738,auto,,,,,,0,
1768445932638,Sunny,Day,0.08053385416666667,100.0,-20.0,18.33774699997548,auto,,,,,,0,
1768445932670,Sunny,Day,0.07890625,100.0,-20.0,22.909996999999294,auto,,,,,,0,
1768445932701,Sunny,Day,0.0802734375,100.0,-20.0,21.7647669999792,auto,,,,,,0,
1768445932733,Sunny,Day,0.08072916666666667,100.0,-20.0,23.710043999983554,auto,,,,,,0,
1768445932764,Sunny,Day,0.07744140625,100.0,-20.0,21.31484800000294,auto,,,,,,0,
1768445932798,Sunny,Day,0.0771484375,100.0,-20.0,23.81609799999751,auto,,,,,,0,
1768445932827,Sunny,Day,0.08102213541666667,100.0,-20.0,18.892164999982697,auto,,,,,,0,
1768445932859,Sunny,Day,0.08056640625,100.0,-19.0,20.913194000002022,auto,,,,,,0,
1768445932890,Sunny,Day,0.07952473958333334,100.0,-19.0,21.193125000024793,auto,,,,,,0,
1768445932923,Sunny,Day,0.07994791666666666,100.0,-20.0,21.306901000002654,auto,,,,,,0,
1768445932953,Sunny,Day,0.07945963541666666,100.0,-20.0,19.27663099999677,auto,,,,,,0,
1768445932985,Sunny,Day,0.08160807291666666,100.0,-19.0,21.440588999979582,auto,,,,,,0,
1768445933018,Sunny,Day,0.08125,100.0,-19.0,19.78888299998971,auto,,,,,,0,
1768445933047,Sunny,Day,0.07900390625,100.0,-19.0,20.181750000006105,auto,,,,,,0,
1768445933081,Sunny,Day,0.07906901041666667,100.0,-19.0,24.392326999986835,auto,,,,,,0,
1768445933111,Sunny,Day,0.08102213541666667,100.0,-19.0,19.550655000017514,auto,,,,,,0,
1768445933141,Sunny,Day,0.08193359375,100.0,-19.0,19.380480999984684,auto,,,,,,0,
1768445933172,Sunny,Day,0.08092447916666666,100.0,-20.0,20.671415999999,auto,,,,,,0,
1768445933205,Sunny,Day,0.07893880208333333,100.0,-20.0,24.107043000014983,auto,,,,,,0,
1768445933236,Sunny,Day,0.08232421875,100.0,-19.0,21.27709900000241,auto,,,,,,0,
1768445933266,Sunny,Day,0.08323567708333333,100.0,-19.0,20.228850000023613,auto,,,,,,0,
1768445933300,Sunny,Day,0.08206380208333333,100.0,-19.0,24.565148999982966,auto,,,,,,0,
1768445933330,Sunny,Day,0.08095703125,100.0,-20.0,20.765115999978434,auto,,,,,,0,
1768445933361,Sunny,Day,0.0814453125,100.0,-21.0,21.499688999995215,auto,,,,,,0,
1768445933393,Sunny,Day,0.08317057291666667,100.0,-19.0,21.52443299999618,auto,,,,,,0,
1768445933425,Sunny,Day,0.08489583333333334,100.0,-18.0,18.76005500000133,auto,,,,,,0,
1768445933456,Sunny,Day,0.08336588541666666,100.0,-20.0,21.678512000022465,auto,,,,,,0,
1768445933487,Sunny,Day,0.08333333333333333,100.0,-19.0,20.948457000002918,auto,,,,,,0,
1768445933520,Sunny,Day,0.08463541666666667,100.0,-20.0,22.807959000004985,auto,,,,,,0,
1768445933549,Sunny,Day,0.08590494791666667,100.0,-18.0,13.381081999995104,auto,,,,,,0,
1768445933580,Sunny,Day,0.08583984375,100.0,-19.0,20.040117999997165,auto,,,,,,0,
1768445933612,Sunny,Day,0.08444010416666667,100.0,-19.0,16.938114999987874,auto,,,,,,0,
1768445933644,Sunny,Day,0.08509114583333334,100.0,-20.0,22.125634000019545,auto,,,,,,0,
1768445933675,Sunny,Day,0.08665364583333333,100.0,-19.0,20.938419000003705,auto,,,,,,0,
1768445933707,Sunny,Day,0.08818359375,100.0,-19.0,21.089071000005788,auto,,,,,,0,
1768445933736,Sunny,Day,0.08470052083333333,100.0,-20.0,18.77003900000318,auto,,,,,,0,
1768445933767,Sunny,Day,0.08460286458333334,100.0,-20.0,23.572407000017392,auto,,,,,,0,
1768445933798,Sunny,Day,0.08720703125,100.0,-19.0,23.933052999979054,auto,,,,,,0,
1768445933830,Sunny,Day,0.08678385416666666,100.0,-19.0,23.16506799999729,auto,,,,,,0,
1768445933861,Sunny,Day,0.08551432291666666,100.0,-20.0,22.537771000003204,auto,,,,,,0,
1768445933895,Sunny,Day,0.08515625,100.0,-21.0,25.727729999999838,auto,,,,,,0,
1768445933924,Sunny,Day,0.08824869791666666,100.0,-19.0,21.249280000006365,auto,,,,,,0,
1768445933955,Sunny,Day,0.08782552083333334,100.0,-19.0,23.02623200000653,auto,,,,,,0,
1768445933987,Sunny,Day,0.08850911458333334,100.0,-19.0,23.149138999997376,auto,,,,,,0,
1768445934018,Sunny,Day,0.08805338541666667,100.0,-20.0,23.866792000006853,auto,,,,,,0,
1768445934050,Sunny,Day,0.08678385416666666,100.0,-20.0,23.778155999991668,auto,,,,,,0,
1768445934081,Sunny,Day,0.08837890625,100.0,-19.0,23.042213000024958,auto,,,,,,0,
1768445934112,Sunny,Day,0.08753255208333334,100.0,-20.0,22.90830399999777,auto,,,,,,0,
1768445934148,Sunny,Day,0.08577473958333333,100.0,-20.0,27.1132800000089,auto,,,,,,0,
1768445934176,Sunny,Day,0.08974609375,100.0,-19.0,20.37128000000621,auto,,,,,,0,
1768445934207,Sunny,Day,0.08766276041666667,100.0,-20.0,23.657675000009704,auto,,,,,,0,
1768445934238,Sunny,Day,0.09046223958333334,100.0,-19.0,23.63439400002676,auto,,,,,,0,
1768445934269,Sunny,Day,0.08818359375,100.0,-20.0,22.98396399999092,auto,,,,,,0,
1768445934304,Sunny,Day,0.08756510416666667,100.0,-21.0,26.833848999984866,auto,,,,,,0,
1768445934332,Sunny,Day,0.0861328125,100.0,-21.0,20.574346999978843,auto,,,,,,0,
1768445934364,Sunny,Day,0.09108072916666667,100.0,-19.0,23.980037000001175,auto,,,,,,0,
1768445934395,Sunny,Day,0.0888671875,100.0,-20.0,24.002577999993946,auto,,,,,,0,
1768445934427,Sunny,Day,0.07682291666666667,100.0,-23.0,20.513061000002608,auto,,,,,,0,
1768445934459,Sunny,Day,0.07662760416666667,100.0,-23.0,22.160933999998633,auto,,,,,,0,
1768445934489,Sunny,Day,0.07740885416666667,100.0,-23.0,19.546343000001798,auto,,,,,,0,
1768445934523,Sunny,Day,0.08014322916666666,100.0,-22.0,25.130856000004087,auto,,,,,,0,
1768445934555,Sunny,Day,0.07945963541666666,100.0,-22.0,24.601574000001847,auto,,,,,,0,
1768445934584,Sunny,Day,0.07672526041666666,100.0,-23.0,20.419176000018524,auto,,,,,,0,
1768445934616,Sunny,Day,0.07854817708333334,100.0,-22.0,24.13218899999947,auto,,,,,,0,
1768445934646,Sunny,Day,0.08128255208333333,100.0,-21.0,23.011764000017365,auto,,,,,,0,
1768445934678,Sunny,Day,0.07939453125,100.0,-21.0,23.04299100001117,auto,,,,,,0,
1768445934712,Sunny,Day,0.07711588541666667,100.0,-22.0,26.414842999997745,auto,,,,,,0,
1768445934741,Sunny,Day,0.08326822916666667,100.0,-20.0,20.086367000004657,auto,,,,,,0,
1768445934774,Sunny,Day,0.08551432291666666,100.0,-18.0,25.129856000006612,auto,,,,,,0,
1768445934803,Sunny,Day,0.08131510416666667,100.0,-19.0,21.023081000009824,auto,,,,,,0,
1768445934835,Sunny,Day,0.08245442708333334,100.0,-20.0,21.521450999983927,auto,,,,,,0,
1768445934868,Sunny,Day,0.08193359375,100.0,-20.0,22.46449800000505,auto,,,,,,0,
1768445934897,Sunny,Day,0.08365885416666667,100.0,-18.0,20.974647000002733,auto,,,,,,0,
1768445934929,Sunny,Day,0.0841796875,100.0,-19.0,24.152100000009114,auto,,,,,,0,
1768445934962,Sunny,Day,0.08095703125,100.0,-20.0,21.540157000004,auto,,,,,,0,
1768445934992,Sunny,Day,0.08128255208333333,100.0,-20.0,22.105111000001898,auto,,,,,,0,
1768445935023,Sunny,Day,0.08196614583333334,100.0,-20.0,23.809271000004628,auto,,,,,,0,
1768445935054,Sunny,Day,0.0859375,100.0,-19.0,19.026436999979524,auto,,,,,,0,
1768445935087,Sunny,Day,0.08450520833333333,100.0,-19.0,22.63891100000137,auto,,,,,,0,
1768445935121,Sunny,Day,0.08232421875,100.0,-20.0,25.70667599999865,auto,,,,,,0,
1768445935151,Sunny,Day,0.07099609375,100.0,-22.0,21.189605999978767,auto,,,,,,0,
1768445935181,Sunny,Day,0.07916666666666666,100.0,-19.0,22.524579999981142,auto,,,,,,0,
1768445935212,Sunny,Day,0.07669270833333333,100.0,-20.0,23.150949000012133,auto,,,,,,0,
1768445935243,Sunny,Day,0.07555338541666666,100.0,-20.0,23.847087999996575,auto,,,,,,0,
1768445935274,Sunny,Day,0.07467447916666667,100.0,-20.0,23.852995999988025,auto,,,,,,0,
1768445935306,Sunny,Day,0.0755859375,100.0,-19.0,23.829289999980574,auto,,,,,,0,
1768445935337,Sunny,Day,0.07737630208333333,100.0,-20.0,23.861387000010836,auto,,,,,,0,
1768445935369,Sunny,Day,0.07340494791666667,100.0,-20.0,19.62554299998942,auto,,,,,,0,
1768445935402,Sunny,Day,0.07161458333333333,100.0,-22.0,25.225493999982973,auto,,,,,,0,
1768445935432,Sunny,Day,0.07314453125,100.0,-20.0,21.527601000002505,auto,,,,,,0,
1768445935463,Sunny,Day,0.07698567708333333,100.0,-18.0,23.00129799999695,auto,,,,,,0,
1768445935494,Sunny,Day,0.07721354166666666,100.0,-19.0,23.53283799999417,auto,,,,,,0,
1768445935528,Sunny,Day,0.0740234375,100.0,-21.0,25.765629000005674,auto,,,,,,0,
1768445935557,Sunny,Day,0.07141927083333334,100.0,-20.0,22.29456399999208,auto,,,,,,0,
1768445935589,Sunny,Day,0.0765625,100.0,-19.0,24.43102600000202,auto,,,,,,0,
1768445935620,Sunny,Day,0.07584635416666667,100.0,-19.0,20.63822899998513,auto,,,,,,0,
1768445935652,Sunny,Day,0.07099609375,100.0,-20.0,24.77661399998965,auto,,,,,,0,
1768445935683,Sunny,Day,0.0697265625,100.0,-19.0,23.556953999985808,auto,,,,,,0,
1768445935716,Sunny,Day,0.07486979166666667,100.0,-19.0,25.184710000019095,auto,,,,,,0,
1768445935746,Sunny,Day,0.07392578125,100.0,-18.0,22.18234500000449,auto,,,,,,0,
1768445935777,Sunny,Day,0.07610677083333334,100.0,-18.0,19.811664000002338,auto,,,,,,0,
1768445935808,Sunny,Day,0.07063802083333333,100.0,-21.0,22.621278999992,auto,,,,,,0,
1768445935841,Sunny,Day,0.07506510416666666,100.0,-19.0,24.09356900000148,auto,,,,,,0,
1768445935871,Sunny,Day,0.07613932291666667,100.0,-18.0,22.510522000004585,auto,,,,,,0,
1768445935903,Sunny,Day,0.0755859375,100.0,-19.0,23.908023000018375,auto,,,,,,0,
1768445935935,Sunny,Day,0.07259114583333333,100.0,-20.0,25.391963000004125,auto,,,,,,0,
1768445935965,Sunny,Day,0.07692057291666667,100.0,-19.0,22.54426800001852,auto,,,,,,0,
1768445935997,Sunny,Day,0.07565104166666667,100.0,-18.0,24.106829999993806,auto,,,,,,0,
1768445936030,Sunny,Day,0.07763671875,100.0,-18.0,25.09823099998698,auto,,,,,,0,
1768445936059,Sunny,Day,0.07571614583333333,100.0,-19.0,21.657639000011386,auto,,,,,,0,
1768445936091,Sunny,Day,0.0736328125,100.0,-19.0,24.330415999997967,auto,,,,,,0,
1768445936122,Sunny,Day,0.07903645833333334,100.0,-18.0,23.685396000018955,auto,,,,,,0,
1768445936154,Sunny,Day,0.07493489583333333,100.0,-19.0,23.97103000001266,auto,,,,,,0,
1768445936185,Sunny,Day,0.07418619791666667,100.0,-19.0,19.237067000005936,auto,,,,,,0,
1768445936216,Sunny,Day,0.07506510416666666,100.0,-19.0,23.759332999986782,auto,,,,,,0,
1768445936249,Sunny,Day,0.07822265625,100.0,-18.0,25.172816000008424,auto,,,,,,0,
1768445936281,Sunny,Day,0.07705078125,100.0,-18.0,22.364500999998427,auto,,,,,,0,
1768445936311,Sunny,Day,0.07418619791666667,100.0,-19.0,22.617148000023235,auto,,,,,,0,
1768445936347,Sunny,Day,0.07190755208333334,100.0,-20.0,27.952421999998478,auto,,,,,,0,
1768445936374,Sunny,Day,0.07099609375,100.0,-20.0,19.366289000004144,auto,,,,,,0,
1768445936405,Sunny,Day,0.07581380208333334,100.0,-18.0,23.29971099999284,auto,,,,,,0,
1768445936436,Sunny,Day,0.07529296875,100.0,-18.0,23.834528999998383,auto,,,,,,0,
1768445936468,Sunny,Day,0.07236328125,100.0,-20.0,24.598324999999477,auto,,,,,,0,
1768445936500,Sunny,Day,0.07288411458333334,100.0,-19.0,23.768352999979925,auto,,,,,,0,
1768445936530,Sunny,Day,0.07122395833333334,100.0,-19.0,21.966368999983388,auto,,,,,,0,
1768445936563,Sunny,Day,0.07262369791666666,100.0,-18.0,24.639349000011634,auto,,,,,,0,
1768445936594,Sunny,Day,0.07379557291666666,100.0,-19.0,21.873819000006733,auto,,,,,,0,
1768445936625,Sunny,Day,0.07086588541666666,100.0,-19.0,22.749315999988085,auto,,,,,,0,
1768445936658,Sunny,Day,0.07154947916666667,100.0,-18.0,24.901647000007188,auto,,,,,,0,
1768445936687,Sunny,Day,0.0748046875,100.0,-17.0,20.884046000020362,auto,,,,,,0,
1768445936719,Sunny,Day,0.07652994791666666,100.0,-18.0,22.857423999994353,auto,,,,,,0,
1768445936754,Sunny,Day,0.07649739583333333,100.0,-18.0,27.079054000012093,auto,,,,,,0,
1768445936785,Sunny,Day,0.07727864583333334,100.0,-18.0,22.136950000003708,auto,,,,,,0,
1768445936815,Sunny,Day,0.07867838541666666,100.0,-17.0,21.85057500000198,auto,,,,,,0,
1768445936845,Sunny,Day,0.07916666666666666,100.0,-17.0,20.780567999992172,auto,,,,,,0,
1768445936876,Sunny,Day,0.07845052083333333,100.0,-17.0,23.844660000008844,auto,,,,,,0,
1768445936909,Sunny,Day,0.07955729166666667,100.0,-17.0,20.557961999998042,auto,,,,,,0,
1768445936940,Sunny,Day,0.08317057291666667,100.0,-16.0,22.220425000000432,auto,,,,,,0,
1768445936972,Sunny,Day,0.08001302083333334,100.0,-16.0,24.162168999993128,auto,,,,,,0,
1768445937004,Sunny,Day,0.07939453125,100.0,-17.0,20.313219000001936,auto,,,,,,0,
1768445937034,Sunny,Day,0.07958984375,100.0,-17.0,21.605800999992653,auto,,,,,,0,
1768445937065,Sunny,Day,0.0828125,100.0,-16.0,22.912155999989636,auto,,,,,,0,
1768445937096,Sunny,Day,0.0810546875,100.0,-16.0,22.981590999989976,auto,,,,,,0,
1768445937129,Sunny,Day,0.07688802083333333,100.0,-17.0,24.29963199998042,auto,,,,,,0,
1768445937161,Sunny,Day,0.07685546875,100.0,-18.0,21.34611599998948,auto,,,,,,0,
1768445937191,Sunny,Day,0.07890625,100.0,-16.0,21.634137999996028,auto,,,,,,0,
1768445937222,Sunny,Day,0.0826171875,100.0,-16.0,22.47477800000297,auto,,,,,,0,
1768445937253,Sunny,Day,0.08098958333333334,100.0,-17.0,18.96444100000849,auto,,,,,,0,
1768445937288,Sunny,Day,0.07294921875,100.0,-20.0,26.763206999987688,auto,,,,,,0,
1768445937318,Sunny,Day,0.07757161458333334,100.0,-18.0,21.428127999996605,auto,,,,,,0,
1768445937351,Sunny,Day,0.07779947916666667,100.0,-18.0,25.90897400000358,auto,,,,,,0,
1768445937378,Sunny,Day,0.0798828125,100.0,-18.0,18.623021999985667,auto,,,,,,0,
1768445937410,Sunny,Day,0.0802734375,100.0,-20.0,23.122943999993595,auto,,,,,,0,
1768445937441,Sunny,Day,0.07936197916666667,100.0,-19.0,23.436304999989943,auto,,,,,,0,
1768445937473,Sunny,Day,0.07994791666666666,100.0,-19.0,23.698007999996662,auto,,,,,,0,
1768445937504,Sunny,Day,0.08297526041666667,100.0,-19.0,23.32115900000531,auto,,,,,,0,
1768445937536,Sunny,Day,0.08115234375,100.0,-20.0,23.14985600000341,auto,,,,,,0,
1768445937569,Sunny,Day,0.0810546875,100.0,-20.0,25.08215199998176,auto,,,,,,0,
1768445937599,Sunny,Day,0.07985026041666667,100.0,-20.0,18.118079000004172,auto,,,,,,0,
1768445937630,Sunny,Day,0.08541666666666667,100.0,-19.0,23.68637700001841,auto,,,,,,0,
1768445937661,Sunny,Day,0.08209635416666666,100.0,-20.0,20.371716999989076,auto,,,,,,0,
1768445937693,Sunny,Day,0.07727864583333334,100.0,-22.0,23.326252000003933,auto,,,,,,0,
1768445937724,Sunny,Day,0.06787109375,100.0,-24.0,22.97192300000006,auto,,,,,,0,
1768445937755,Sunny,Day,0.06881510416666667,100.0,-23.0,23.79457899999693,auto,,,,,,0,
1768445937788,Sunny,Day,0.06881510416666667,100.0,-24.0,24.927574000003005,auto,,,,,,0,
1768445937818,Sunny,Day,0.06259765625,100.0,-28.0,22.29930900000454,auto,,,,,,0,
1768445937852,Sunny,Day,0.06139322916666667,100.0,-26.0,22.385135000007494,auto,,,,,,0,
1768445937881,Sunny,Day,0.06393229166666667,100.0,-24.0,21.181221999995614,auto,,,,,,0,
1768445937912,Sunny,Day,0.06611328125,100.0,-21.0,23.701009000006934,auto,,,,,,0,
1768445937944,Sunny,Day,0.06591796875,100.0,-22.0,24.086823000004642,auto,,,,,,0,
1768445937978,Sunny,Day,0.06953125,100.0,-22.0,26.192218000005596,auto,,,,,,0,
1768445938007,Sunny,Day,0.07314453125,100.0,-18.0,22.246538999979748,auto,,,,,,0,
1768445938039,Sunny,Day,0.075,100.0,-18.0,24.32324599999447,auto,,,,,,0,
1768445938070,Sunny,Day,0.07555338541666666,100.0,-19.0,23.253816999982746,auto,,,,,,0,
1768445938101,Sunny,Day,0.07626953125,100.0,-18.0,23.536838000012494,auto,,,,,,0,
1768445938133,Sunny,Day,0.07262369791666666,100.0,-19.0,23.228351000000202,auto,,,,,,0,
1768445938164,Sunny,Day,0.07102864583333333,100.0,-19.0,22.893616999994038,auto,,,,,,0,
1768445938195,Sunny,Day,0.07542317708333333,100.0,-19.0,23.182936000011978,auto,,,,,,0,
1768445938227,Sunny,Day,0.0732421875,100.0,-20.0,24.715062000012722,auto,,,,,,0,
1768445938258,Sunny,Day,0.07643229166666667,100.0,-20.0,21.275776999999607,auto,,,,,,0,
1768445938289,Sunny,Day,0.0751953125,100.0,-19.0,21.1852459999875,auto,,,,,,0,
1768445938321,Sunny,Day,0.0755859375,100.0,-17.0,23.8639780000085,auto,,,,,,0,
1768445938352,Sunny,Day,0.07275390625,100.0,-20.0,24.17311400000699,auto,,,,,,0,
1768445938386,Sunny,Day,0.07532552083333334,100.0,-19.0,25.930714999987003,auto,,,,,,0,
1768445938415,Sunny,Day,0.07545572916666667,100.0,-17.0,21.516181999999162,auto,,,,,,0,
1768445938447,Sunny,Day,0.0755859375,100.0,-16.0,23.58064099999524,auto,,,,,,0,
1768445938478,Sunny,Day,0.074609375,100.0,-19.0,21.027222999975947,auto,,,,,,0,
1768445938510,Sunny,Day,0.07229817708333333,100.0,-19.0,23.948396999998067,auto,,,,,,0,
1768445938541,Sunny,Day,0.07047526041666667,100.0,-17.0,23.88049799998271,auto,,,,,,0,
1768445938572,Sunny,Day,0.07444661458333333,100.0,-16.0,22.885913000010305,auto,,,,,,0,
1768445938603,Sunny,Day,0.07451171875,100.0,-17.0,23.71051099999022,auto,,,,,,0,
1768445938635,Sunny,Day,0.07093098958333334,100.0,-18.0,24.122570000002952,auto,,,,,,0,
1768445938666,Sunny,Day,0.06998697916666667,100.0,-18.0,19.48298600001408,auto,,,,,,0,
1768445938697,Sunny,Day,0.07522786458333333,100.0,-15.0,23.30149100001222,auto,,,,,,0,
1768445938735,Sunny,Day,0.07229817708333333,100.0,-17.0,28.710201999984974,auto,,,,,,0,
1768445938765,Sunny,Day,0.06917317708333333,100.0,-19.0,17.510705999995935,auto,,,,,,0,
1768445938797,Sunny,Day,0.06956380208333333,100.0,-20.0,20.655725999972674,auto,,,,,,0,
1768445938827,Sunny,Day,0.071875,100.0,-18.0,18.79568399999698,auto,,,,,,0,
1768445938858,Sunny,Day,0.07239583333333334,100.0,-17.0,20.761093000004394,auto,,,,,,0,
1768445938888,Sunny,Day,0.07220052083333334,100.0,-17.0,20.08377399999972,auto,,,,,,0,
1768445938922,Sunny,Day,0.06715494791666667,100.0,-18.0,23.45319699998072,auto,,,,,,0,
1768445938951,Sunny,Day,0.07216796875,100.0,-18.0,17.208589000006214,auto,,,,,,0,
1768445938983,Sunny,Day,0.0712890625,100.0,-18.0,18.785182999977224,auto,,,,,,0,
1768445939014,Sunny,Day,0.07317708333333334,100.0,-17.0,21.40706099999079,auto,,,,,,0,
1768445939046,Sunny,Day,0.07014973958333333,100.0,-19.0,17.9580200000089,auto,,,,,,0,
1768445939078,Sunny,Day,0.07415364583333334,100.0,-16.0,22.805404999985512,auto,,,,,,0,
1768445939108,Sunny,Day,0.07018229166666666,100.0,-17.0,19.990769000003183,auto,,,,,,0,
1768445939140,Sunny,Day,0.07386067708333334,100.0,-18.0,21.64381500000445,auto,,,,,,0,
1768445939174,Sunny,Day,0.07027994791666667,100.0,-19.0,24.391941000004635,auto,,,,,,0,
1768445939203,Sunny,Day,0.0720703125,100.0,-18.0,16.622018000020944,auto,,,,,,0,
1768445939236,Sunny,Day,0.06891276041666666,100.0,-18.0,23.674877999980026,auto,,,,,,0,
1768445939266,Sunny,Day,0.07386067708333334,100.0,-17.0,18.70292099999915,auto,,,,,,0,
1768445939298,Sunny,Day,0.07158203125,100.0,-18.0,20.831145000016704,auto,,,,,,0,
1768445939328,Sunny,Day,0.07119140625,100.0,-18.0,19.869382000024416,auto,,,,,,0,
1768445939359,Sunny,Day,0.065234375,100.0,-17.0,16.042104000007384,auto,,,,,,0,
1768445939391,Sunny,Day,0.06923828125,100.0,-18.0,18.034530999983645,auto,,,,,,0,
1768445939422,Sunny,Day,0.07102864583333333,100.0,-17.0,21.648704999989832,auto,,,,,,0,
1768445939455,Sunny,Day,0.06764322916666667,100.0,-18.0,23.373040000024048,auto,,,,,,0,
1768445939489,Sunny,Day,0.06725260416666666,100.0,-27.0,24.51303300000518,auto,,,,,,0,
1768445939516,Sunny,Day,0.0712890625,100.0,-17.0,16.60121899999467,auto,,,,,,0,
1768445939549,Sunny,Day,0.0650390625,100.0,-19.0,23.174697000001743,auto,,,,,,0,
1768445939579,Sunny,Day,0.06770833333333333,100.0,-19.0,20.17147899999827,auto,,,,,,0,
1768445939613,Sunny,Day,0.06796875,100.0,-19.0,23.78059700001245,auto,,,,,,0,
1768445939644,Sunny,Day,0.066796875,100.0,-19.0,21.726863999987245,auto,,,,,,0,
1768445939675,Sunny,Day,0.06552734375,100.0,6.0,19.57733999998368,auto,,,,,,0,
1768445939705,Sunny,Day,0.07001953125,100.0,6.0,18.061275999997406,auto,,,,,,0,
1768445939737,Sunny,Day,0.060319010416666666,100.0,-24.0,21.91116800000259,auto,,,,,,0,
1768445939768,Sunny,Day,0.0654296875,100.0,-19.0,21.587214999982507,auto,,,,,,0,
1768445939799,Sunny,Day,0.07301432291666667,100.0,-23.0,20.35867200001462,auto,,,,,,0,
1768445939830,Sunny,Day,0.07561848958333334,100.0,-24.0,20.861742999983335,auto,,,,,,0,
1768445939863,Sunny,Day,0.06591796875,100.0,-23.0,22.02455399998371,auto,,,,,,0,
1768445939895,Sunny,Day,0.06715494791666667,100.0,-21.0,21.567397000012534,auto,,,,,,0,
1768445939924,Sunny,Day,0.0728515625,100.0,4.0,19.656480999998394,auto,,,,,,0,
1768445939958,Sunny,Day,0.0703125,100.0,-20.0,22.007070000000795,auto,,,,,,0,
1768445939988,Sunny,Day,0.07138671875,100.0,-23.0,19.74156699998275,auto,,,,,,0,
1768445940021,Sunny,Day,0.06350911458333333,100.0,-24.0,22.060556000013776,auto,,,,,,0,
1768445940050,Sunny,Day,0.07154947916666667,100.0,2.0,19.0472020000243,auto,,,,,,0,
1768445940081,Sunny,Day,0.06875,100.0,2.0,18.522165000007362,auto,,,,,,0,
1768445940113,Sunny,Day,0.06790364583333333,100.0,1.0,22.16078200001448,auto,,,,,,0,
1768445940145,Sunny,Day,0.06321614583333333,100.0,1.0,21.556994999997414,auto,,,,,,0,
1768445940177,Sunny,Day,0.06334635416666666,100.0,-25.0,20.669370999996772,auto,,,,,,0,
1768445940210,Sunny,Day,0.06321614583333333,100.0,-2.0,22.932759000013903,auto,,,,,,0,
1768445940239,Sunny,Day,0.06617838541666667,100.0,-5.0,19.033587999985002,auto,,,,,,0,
1768445940272,Sunny,Day,0.06751302083333334,100.0,-33.0,21.560902999993914,auto,,,,,,0,
1768445940302,Sunny,Day,0.06435546875,100.0,-7.0,19.419735000013816,auto,,,,,,0,
1768445940333,Sunny,Day,0.07054036458333333,100.0,-34.0,20.878030000005765,auto,,,,,,0,
1768445940364,Sunny,Day,0.0693359375,100.0,-9.0,21.105301999995163,auto,,,,,,0,
1768445940396,Sunny,Day,0.07132161458333333,100.0,-36.0,16.866731999982676,auto,,,,,,0,
1768445940427,Sunny,Day,0.07262369791666666,100.0,-35.0,18.535037999981796,auto,,,,,,0,
1768445940458,Sunny,Day,0.07555338541666666,100.0,-9.0,19.539565999991737,auto,,,,,,0,
1768445940490,Sunny,Day,0.0677734375,100.0,-8.0,20.971375999977226,auto,,,,,,0,
1768445940521,Sunny,Day,0.07288411458333334,100.0,-35.0,15.125007999984064,auto,,,,,,0,
1768445940552,Sunny,Day,0.06826171875,100.0,-36.0,20.131147999990162,auto,,,,,,0,
1768445940585,Sunny,Day,0.06998697916666667,100.0,-9.0,23.24697000000242,auto,,,,,,0,
1768445940616,Sunny,Day,0.06764322916666667,100.0,-9.0,19.554901000020664,auto,,,,,,0,
1768445940648,Sunny,Day,0.06969401041666666,100.0,-37.0,20.522110000001703,auto,,,,,,0,
1768445940679,Sunny,Day,0.06637369791666667,100.0,-8.0,19.83760699999948,auto,,,,,,0,
1768445940710,Sunny,Day,0.06813151041666667,100.0,17.0,19.35465200000408,auto,,,,,,0,
1768445940743,Sunny,Day,0.06526692708333333,100.0,-9.0,20.887474999994993,auto,,,,,,0,
1768445940773,Sunny,Day,0.06100260416666667,100.0,-11.0,21.62341100000731,auto,,,,,,0,
1768445940803,Sunny,Day,0.061686197916666664,100.0,12.0,20.94513200000847,auto,,,,,,0,
1768445940835,Sunny,Day,0.060319010416666666,100.0,-47.0,22.867918000002874,auto,,,,,,0,
1768445940867,Sunny,Day,0.06002604166666667,100.0,8.0,21.330221999988908,auto,,,,,,0,
1768445940898,Sunny,Day,0.0677734375,100.0,-60.0,21.47439100002657,auto,,,,,,0,
1768445940930,Sunny,Day,0.07024739583333334,100.0,-62.0,21.68951300001254,auto,,,,,,0,
1768445940958,Sunny,Day,0.06780598958333334,100.0,-64.0,19.703366000015876,auto,,,,,,0,
1768445940990,Sunny,Day,0.066796875,100.0,-60.0,23.812603999999737,auto,,,,,,0,
1768445941021,Sunny,Day,0.06477864583333333,100.0,9.0,23.669136000023627,auto,,,,,,0,
1768445941054,Sunny,Day,0.061360677083333336,100.0,-49.0,24.928557999999157,auto,,,,,,0,
1768445941084,Sunny,Day,0.061295572916666666,100.0,-41.0,17.237480999995114,auto,,,,,,0,
1768445941118,Sunny,Day,0.06282552083333333,100.0,19.0,25.2750309999783,auto,,,,,,0,
1768445941147,Sunny,Day,0.06116536458333333,100.0,-36.0,20.391692999993438,auto,,,,,,0,
1768445941178,Sunny,Day,0.06142578125,100.0,21.0,23.221304999992753,auto,,,,,,0,
1768445941212,Sunny,Day,0.05986328125,100.0,19.0,25.963902999990296,auto,,,,,,0,
1768445941243,Sunny,Day,0.05966796875,100.0,18.0,23.813052999997808,auto,,,,,,0,
1768445941272,Sunny,Day,0.060286458333333334,100.0,15.0,21.865377000011677,auto,,,,,,0,
1768445941304,Sunny,Day,0.05865885416666667,100.0,-50.0,23.76265600000238,auto,,,,,,0,
1768445941336,Sunny,Day,0.059830729166666666,100.0,-62.0,24.45332600001393,auto,,,,,,0,
1768445941367,Sunny,Day,0.06507161458333334,100.0,-72.0,23.011626999988266,auto,,,,,,0,
1768445941400,Sunny,Day,0.0669921875,100.0,-68.0,25.34674500000733,auto,,,,,,0,
1768445941430,Sunny,Day,0.05992838541666667,100.0,-63.0,21.478861000019833,auto,,,,,,0,
1768445941461,Sunny,Day,0.05709635416666667,100.0,-58.0,21.759807000023557,auto,,,,,,0,
1768445941492,Sunny,Day,0.048079427083333334,96.15885416666667,-48.0,23.140627000003633,auto,,,,,,0,
1768445941524,Sunny,Day,0.044140625,88.28125,24.0,24.084978999979967,auto,,,,,,0,
1768445941555,Sunny,Day,0.049576822916666666,99.15364583333333,-31.0,22.87229300000604,auto,,,,,,0,
1768445941587,Sunny,Day,0.04651692708333333,93.03385416666667,32.0,22.960287000017843,auto,,,,,,0,
1768445941618,Sunny,Day,0.04951171875,99.0234375,-29.0,19.259519000002,auto,,,,,,0,
1768445941651,Sunny,Day,0.04951171875,99.0234375,-32.0,21.01042599997527,auto,,,,,,0,
1768445941683,Sunny,Day,0.041178385416666664,82.35677083333333,-24.0,24.40615300000104,auto,,,,,,0,
1768445941712,Sunny,Day,0.04423828125,88.4765625,-29.0,21.536109999999553,auto,,,,,,0,
1768445941744,Sunny,Day,0.04547526041666667,90.95052083333334,-67.0,20.842013999981646,auto,,,,,,0,
1768445941775,Sunny,Day,0.03274739583333333,65.49479166666666,-65.0,24.094517000008864,auto,,,,,,0,
1768445941806,Sunny,Day,0.027734375,55.46875,-18.0,20.130472000005284,auto,,,,,,0,
1768445941838,Sunny,Day,0.024283854166666667,48.567708333333336,-21.0,23.896600999989914,auto,,,,,,0,
1768445941869,Sunny,Day,0.022623697916666668,45.247395833333336,-41.0,23.887191999989454,auto,,,,,,0,
1768445941901,Sunny,Day,0.018098958333333335,36.19791666666667,-40.0,23.731949000023178,auto,,,,,,0,
1768445941935,Sunny,Day,0.0140625,28.125,-46.0,25.650027000011733,auto,,,,,,0,
1768445941964,Sunny,Day,0.012337239583333333,24.674479166666664,-44.0,20.994776000009097,auto,,,,,,0,
1768445941998,Sunny,Day,0.013899739583333333,27.799479166666664,-39.0,26.622215999992704,auto,,,,,,0,
1768445942029,Sunny,Day,0.015690104166666666,31.380208333333332,-27.0,23.003224000007094,auto,,,,,,0,
1768445942062,Sunny,Day,0.017252604166666668,34.505208333333336,-32.0,24.614684999988867,auto,,,,,,0,
1768445942090,Sunny,Day,0.015299479166666666,30.598958333333332,-32.0,20.461304999997765,auto,,,,,,0,
1768445942121,Sunny,Day,0.020703125,41.40625,-32.0,23.77255199999695,auto,,,,,,0,
1768445942152,Sunny,Day,0.025032552083333333,50.065104166666664,-31.0,24.04834800000799,auto,,,,,,0,
1768445942184,Sunny,Day,0.02412109375,48.2421875,-31.0,23.23588600000903,auto,,,,,,0,
1768445942215,Sunny,Day,0.019270833333333334,38.54166666666667,-29.0,23.818946999995205,auto,,,,,,0,
1768445942246,Sunny,Day,0.023209635416666666,46.41927083333333,-29.0,23.939573999996355,auto,,,,,,0,
1768445942278,Sunny,Day,0.026529947916666668,53.059895833333336,-31.0,21.18314300000179,auto,,,,,,0,
1768445942311,Sunny,Day,0.028971354166666668,57.942708333333336,-30.0,25.67025400000489,auto,,,,,,0,
1768445942341,Sunny,Day,0.02685546875,53.7109375,-29.0,22.8710400000125,auto,,,,,,0,
1768445942372,Sunny,Day,0.027701822916666667,55.403645833333336,-29.0,23.44050600001424,auto,,,,,,0,
1768445942403,Sunny,Day,0.030305989583333335,60.61197916666667,-31.0,23.544984000011482,auto,,,,,,0,
1768445942435,Sunny,Day,0.02841796875,56.8359375,-32.0,22.985796999989816,auto,,,,,,0,
1768445942468,Sunny,Day,0.025423177083333335,50.84635416666667,-33.0,24.78748600000813,auto,,,,,,0,
1768445942498,Sunny,Day,0.014908854166666667,29.817708333333336,-32.0,20.98374600001307,auto,,,,,,0,
1768445942529,Sunny,Day,0.010123697916666667,20.247395833333336,,21.516874000013786,auto,,,,,,0,
1768445942560,Sunny,Day,0.009700520833333334,19.401041666666668,-34.0,23.70858000000453,auto,,,,,,0,
1768445942591,Sunny,Day,0.006510416666666667,13.020833333333334,,23.94020500000238,auto,,,,,,0,
1768445942624,Sunny,Day,0.0072265625,14.453125,,24.251005999985864,auto,,,,,,0,
1768445942657,Sunny,Day,0.008951822916666666,17.903645833333332,,19.797213999993346,auto,,,,,,0,
1768445942686,Sunny,Day,0.011490885416666667,22.981770833333336,-34.0,21.278768000001946,auto,,,,,,0,
1768445942717,Sunny,Day,0.007584635416666667,15.169270833333334,-35.0,22.500266999998075,auto,,,,,,0,
1768445942748,Sunny,Day,0.007063802083333333,14.127604166666666,,23.930444000001216,auto,,,,,,0,
1768445942780,Sunny,Day,0.006998697916666667,13.997395833333334,,24.195794999997133,auto,,,,,,0,
1768445942811,Sunny,Day,0.008040364583333333,16.080729166666664,-35.0,23.92096099998753,auto,,,,,,0,
1768445942843,Sunny,Day,0.007649739583333333,15.299479166666666,,23.420115000021724,auto,,,,,,0,
1768445942876,Sunny,Day,0.007454427083333334,14.908854166666668,,23.12124100001256,auto,,,,,,0,
1768445942906,Sunny,Day,0.006477864583333334,12.955729166666668,,20.891530000000103,auto,,,,,,0,
1768445942937,Sunny,Day,0.0067708333333333336,13.541666666666668,,23.36381099999585,auto,,,,,,0,
1768445942969,Sunny,Day,0.006966145833333334,13.932291666666668,,23.05428700000789,auto,,,,,,0,
1768445943000,Sunny,Day,0.00556640625,11.1328125,,23.125888999999233,auto,,,,,,0,
1768445943031,Sunny,Day,0.005598958333333333,11.197916666666666,,24.185706000025675,auto,,,,,,0,
1768445943063,Sunny,Day,0.00517578125,10.3515625,,16.793190000015557,auto,,,,,,0,
1768445943094,Sunny,Day,0.0048177083333333336,9.635416666666668,,22.765977000005932,auto,,,,,,0,
1768445943126,Sunny,Day,0.004524739583333334,9.049479166666668,,23.348574999999983,auto,,,,,,0,
1768445943158,Sunny,Day,0.0033203125,6.640625,,23.49763099999791,auto,,,,,,0,
1768445943189,Sunny,Day,0.00400390625,8.0078125,,23.000491000004786,auto,,,,,,0,
1768445943220,Sunny,Day,0.00380859375,7.6171875,,23.601794000001064,auto,,,,,,0,
1768445943256,Sunny,Day,0.004069010416666667,8.138020833333334,,28.096067000006997,auto,,,,,,0,
1768445943282,Sunny,Day,0.003483072916666667,6.966145833333334,,19.02465800000641,auto,,,,,,0,
1768445943314,Sunny,Day,0.0036783854166666666,7.356770833333333,,24.07772899999827,auto,,,,,,0,
1768445943346,Sunny,Day,0.00390625,7.8125,,24.425682999975606,auto,,,,,,0,
1768445943377,Sunny,Day,0.0036783854166666666,7.356770833333333,,23.50198400000636,auto,,,,,,0,
1768445943408,Sunny,Day,0.00419921875,8.3984375,,23.19373800000335,auto,,,,,,0,
1768445943444,Sunny,Day,0.00439453125,8.7890625,,27.172016000008625,auto,,,,,,0,
1768445943472,Sunny,Day,0.005013020833333334,10.026041666666668,,21.316486000017676,auto,,,,,,0,
1768445943502,Sunny,Day,0.005403645833333333,10.807291666666666,,19.405653999996275,auto,,,,,,0,
1768445943534,Sunny,Day,0.00537109375,10.7421875,,23.76203700001156,auto,,,,,,0,
1768445943567,Sunny,Day,0.006477864583333334,12.955729166666668,,25.439874999989343,auto,,,,,,0,
1768445943596,Sunny,Day,0.006217447916666666,12.434895833333332,,17.92775100000199,auto,,,,,,0,
1768445943630,Sunny,Day,0.006705729166666666,13.411458333333332,,25.97179800000049,auto,,,,,,0,
1768445943660,Sunny,Day,0.007486979166666667,14.973958333333334,,20.595167000010406,auto,,,,,,0,
1768445943693,Sunny,Day,0.007877604166666666,15.755208333333332,,23.877200999976367,auto,,,,,,0,
1768445943723,Sunny,Day,0.007096354166666667,14.192708333333334,,22.856563000004826,auto,,,,,,0,
1768445943754,Sunny,Day,0.0080078125,16.015625,,18.795960000005607,auto,,,,,,0,
1768445943788,Sunny,Day,0.008463541666666666,16.927083333333332,,25.793942000007064,auto,,,,,,0,
1768445943816,Sunny,Day,0.00947265625,18.9453125,-53.0,21.079306000018505,auto,,,,,,0,
1768445943848,Sunny,Day,0.008723958333333334,17.447916666666668,-56.0,24.176648999997497,auto,,,,,,0,
1768445943880,Sunny,Day,0.009602864583333334,19.205729166666668,-54.0,24.90554400000633,auto,,,,,,0,
1768445943910,Sunny,Day,0.009244791666666667,18.489583333333332,-55.0,22.280892999987145,auto,,,,,,0,
1768445943942,Sunny,Day,0.0083984375,16.796875,-62.0,23.955175000025974,auto,,,,,,0,
1768445943973,Sunny,Day,0.006803385416666667,13.606770833333334,,24.020628000016586,auto,,,,,,0,
1768445944004,Sunny,Day,0.00625,12.5,,23.610924999985627,auto,,,,,,0,
1768445944036,Sunny,Day,0.00751953125,15.0390625,,23.37275200000022,auto,,,,,,0,
1768445944068,Sunny,Day,0.008756510416666667,17.513020833333332,-42.0,24.282817999988993,auto,,,,,,0,
1768445944101,Sunny,Day,0.010221354166666667,20.442708333333332,-46.0,25.950262999998586,auto,,,,,,0,
1768445944130,Sunny,Day,0.011328125,22.65625,-45.0,21.814691000002995,auto,,,,,,0,
1768445944162,Sunny,Day,0.009244791666666667,18.489583333333332,,24.403019000004633,auto,,,,,,0,
1768445944193,Sunny,Day,0.010807291666666666,21.614583333333332,,23.48378499999626,auto,,,,,,0,
1768445944225,Sunny,Day,0.013899739583333333,27.799479166666664,-33.0,24.049804999975777,auto,,,,,,0,
1768445944256,Sunny,Day,0.018522135416666665,37.04427083333333,-29.0,24.12455600000385,auto,,,,,,0,
1768445944287,Sunny,Day,0.020865885416666667,41.731770833333336,-27.0,23.497250000019676,auto,,,,,,0,
1768445944319,Sunny,Day,0.021158854166666668,42.317708333333336,-28.0,24.027672000016764,auto,,,,,,0,
1768445944351,Sunny,Day,0.022819010416666667,45.638020833333336,-26.0,24.405926000014233,auto,,,,,,0,
1768445944382,Sunny,Day,0.021061197916666666,42.122395833333336,-30.0,17.793006000005107,auto,,,,,,0,
1768445944413,Sunny,Day,0.021223958333333334,42.44791666666667,-28.0,23.20596999999225,auto,,,,,,0,
1768445944444,Sunny,Day,0.021647135416666668,43.294270833333336,-28.0,23.769268000023658,auto,,,,,,0,
1768445944478,Sunny,Day,0.022005208333333335,44.01041666666667,-25.0,25.6072349999954,auto,,,,,,0,
1768445944507,Sunny,Day,0.021419270833333334,42.838541666666664,-28.0,22.054149000013012,auto,,,,,,0,
1768445944539,Sunny,Day,0.02109375,42.1875,-32.0,23.80419799999345,auto,,,,,,0,
1768445944570,Sunny,Day,0.022298177083333332,44.596354166666664,-29.0,23.63271199999417,auto,,,,,,0,
1768445944602,Sunny,Day,0.02177734375,43.5546875,-29.0,19.470694000006006,auto,,,,,,0,
1768445944633,Sunny,Day,0.019270833333333334,38.54166666666667,-35.0,23.528254000012794,auto,,,,,,0,
1768445944664,Sunny,Day,0.020572916666666666,41.145833333333336,-31.0,24.18973199999641,auto,,,,,,0,
1768445944696,Sunny,Day,0.02060546875,41.2109375,-27.0,23.80266099999062,auto,,,,,,0,
1768445944727,Sunny,Day,0.0208984375,41.796875,-30.0,23.077287000006663,auto,,,,,,0,
1768445944759,Sunny,Day,0.02353515625,47.0703125,-29.0,23.8927470000192,auto,,,,,,0,
1768445944790,Sunny,Day,0.0251953125,50.390625,-3.0,23.876152000013917,auto,,,,,,0,
1768445944821,Sunny,Day,0.026627604166666666,53.25520833333333,-2.0,23.085361999989118,auto,,,,,,0,
1768445944853,Sunny,Day,0.0212890625,42.578125,-36.0,22.997406000001774,auto,,,,,,0,
1768445944884,Sunny,Day,0.020247395833333334,40.49479166666667,-37.0,23.84348100000011,auto,,,,,,0,
1768445944915,Sunny,Day,0.019466145833333334,38.932291666666664,22.0,23.835813000005146,auto,,,,,,0,
1768445944947,Sunny,Day,0.020182291666666668,40.364583333333336,-47.0,24.25520300002404,auto,,,,,,0,
1768445944978,Sunny,Day,0.021256510416666666,42.51302083333333,-46.0,23.77771300001541,auto,,,,,,0,
1768445945010,Sunny,Day,0.0224609375,44.921875,-48.0,23.88246199998889,auto,,,,,,0,
1768445945041,Sunny,Day,0.023209635416666666,46.41927083333333,-50.0,22.811353000008694,auto,,,,,,0,
1768445945075,Sunny,Day,0.01962890625,39.2578125,-50.0,26.694495999976198,auto,,,,,,0,
1768445945106,Sunny,Day,0.017610677083333335,35.22135416666667,23.0,22.508737999999084,auto,,,,,,0,
1768445945136,Sunny,Day,0.015885416666666666,31.770833333333332,26.0,22.61158500002125,auto,,,,,,0,
1768445945167,Sunny,Day,0.020442708333333334,40.885416666666664,26.0,23.70615600000292,auto,,,,,,0,
1768445945198,Sunny,Day,0.026041666666666668,52.083333333333336,-40.0,22.935943000021553,auto,,,,,,0,
1768445945230,Sunny,Day,0.026106770833333334,52.21354166666667,-42.0,23.903108000013162,auto,,,,,,0,
1768445945261,Sunny,Day,0.025455729166666666,50.911458333333336,-44.0,23.846563000006427,auto,,,,,,0,
1768445945292,Sunny,Day,0.0271484375,54.296875,-45.0,24.000212999993664,auto,,,,,,0,
1768445945324,Sunny,Day,0.025748697916666667,51.497395833333336,-42.0,23.14632200000233,auto,,,,,,0,
1768445945355,Sunny,Day,0.023860677083333334,47.721354166666664,-73.0,23.4357310000064,auto,,,,,,0,
1768445945388,Sunny,Day,0.022233072916666666,44.46614583333333,25.0,25.062039000005143,auto,,,,,,0,
1768445945418,Sunny,Day,0.024772135416666667,49.544270833333336,2.0,23.27111700000728,auto,,,,,,0,
1768445945452,Sunny,Day,0.027766927083333334,55.533854166666664,-26.0,26.268476000012697,auto,,,,,,0,
1768445945483,Sunny,Day,0.03424479166666667,68.48958333333334,-41.0,23.29132399998457,auto,,,,,,0,
1768445945513,Sunny,Day,0.033528645833333336,67.05729166666667,-30.0,22.367088999999396,auto,,,,,,0,
1768445945544,Sunny,Day,0.03317057291666667,66.34114583333334,-30.0,23.591678000002503,auto,,,,,,0,
1768445945575,Sunny,Day,0.03134765625,62.6953125,-31.0,22.13793000001374,auto,,,,,,0,
1768445945608,Sunny,Day,0.034440104166666666,68.88020833333333,-27.0,23.561081000025297,auto,,,,,,0,
1768445945640,Sunny,Day,0.033984375,67.96875,-35.0,25.152477000006,auto,,,,,,0,
1768445945669,Sunny,Day,0.031966145833333334,63.93229166666667,-34.0,21.957055000001446,auto,,,,,,0,
1768445945701,Sunny,Day,0.033365885416666664,66.73177083333333,-28.0,23.986840999981496,auto,,,,,,0,
1768445945732,Sunny,Day,0.0302734375,60.546875,-37.0,22.498902999984693,auto,,,,,,0,
1768445945765,Sunny,Day,0.02802734375,56.0546875,-38.0,25.8556250000197,auto,,,,,,0,
1768445945795,Sunny,Day,0.028548177083333334,57.09635416666667,-30.0,20.389217000001736,auto,,,,,,0,
1768445945827,Sunny,Day,0.0302734375,60.546875,-29.0,25.985568999999487,auto,,,,,,0,
1768445945858,Sunny,Day,0.0271484375,54.296875,-30.0,20.403830000020662,auto,,,,,,0,
1768445945889,Sunny,Day,0.0294921875,58.984375,-25.0,23.856045999991693,auto,,,,,,0,
1768445945920,Sunny,Day,0.030729166666666665,61.45833333333333,-21.0,23.844488999998248,auto,,,,,,0,
1768445945956,Sunny,Day,0.03216145833333333,64.32291666666666,-21.0,27.238364999988107,auto,,,,,,0,
1768445945987,Sunny,Day,0.0306640625,61.328125,-18.0,20.363750000001346,auto,,,,,,0,
1768445946019,Sunny,Day,0.03258463541666667,65.16927083333333,-21.0,15.994471999988491,auto,,,,,,0,
1768445946050,Sunny,Day,0.03284505208333333,65.69010416666667,-18.0,20.285494000006565,auto,,,,,,0,
1768445946081,Sunny,Day,0.03307291666666667,66.14583333333333,-19.0,20.20494699999631,auto,,,,,,0,
1768445946112,Sunny,Day,0.031087239583333332,62.174479166666664,-19.0,20.688751000022876,auto,,,,,,0,
1768445946146,Sunny,Day,0.03277994791666667,65.55989583333334,-22.0,23.99142399997345,auto,,,,,,0,
1768445946174,Sunny,Day,0.030859375,61.71875,-26.0,18.621294999974225,auto,,,,,,0,
1768445946206,Sunny,Day,0.03193359375,63.86718750000001,-23.0,22.086544999979196,auto,,,,,,0,
1768445946238,Sunny,Day,0.03557942708333333,71.15885416666666,-17.0,20.633558000014318,auto,,,,,,0,
1768445946268,Sunny,Day,0.03307291666666667,66.14583333333333,-21.0,20.849216000016213,auto,,,,,,0,
1768445946300,Sunny,Day,0.032942708333333334,65.88541666666667,-19.0,21.129346000009264,auto,,,,,,0,
1768445946331,Sunny,Day,0.03369140625,67.3828125,-20.0,20.846307999988767,auto,,,,,,0,
1768445946362,Sunny,Day,0.03704427083333333,74.08854166666666,-21.0,20.265472000005502,auto,,,,,,0,
1768445946395,Sunny,Day,0.03854166666666667,77.08333333333334,-21.0,23.529660000008334,auto,,,,,,0,
1768445946425,Sunny,Day,0.0376953125,75.390625,-22.0,19.16712499999562,auto,,,,,,0,
1768445946458,Sunny,Day,0.03763020833333333,75.26041666666666,-22.0,20.474499999977525,auto,,,,,,0,
1768445946488,Sunny,Day,0.039876302083333336,79.75260416666667,-22.0,20.651689999994005,auto,,,,,,0,
1768445946520,Sunny,Day,0.04150390625,83.0078125,-22.0,20.713568000019222,auto,,,,,,0,
1768445946551,Sunny,Day,0.04095052083333333,81.90104166666666,-27.0,15.707505000023048,auto,,,,,,0,
1768445946582,Sunny,Day,0.039778645833333334,79.55729166666667,-23.0,20.48416799999586,auto,,,,,,0,
1768445946616,Sunny,Day,0.04251302083333333,85.02604166666666,-21.0,21.638486000000512,auto,,,,,,0,
1768445946645,Sunny,Day,0.04309895833333333,86.19791666666667,-21.0,16.48899599999254,auto,,,,,,0,
1768445946676,Sunny,Day,0.0435546875,87.109375,-8.0,18.90709099998844,auto,,,,,,0,
1768445946708,Sunny,Day,0.041341145833333336,82.68229166666667,-9.0,21.76809599998819,auto,,,,,,0,
1768445946739,Sunny,Day,0.03876953125,77.5390625,-20.0,19.835008999990578,auto,,,,,,0,
1768445946770,Sunny,Day,0.046126302083333334,92.25260416666667,-7.0,21.860756000023684,auto,,,,,,0,
1768445946802,Sunny,Day,0.04534505208333333,90.69010416666666,-9.0,21.62566900000229,auto,,,,,,0,
1768445946834,Sunny,Day,0.04544270833333333,90.88541666666666,-7.0,23.19374599997559,auto,,,,,,0,
1768445946866,Sunny,Day,0.04837239583333333,96.74479166666666,-5.0,18.942781000021114,auto,,,,,,0,
1768445946896,Sunny,Day,0.0517578125,100.0,-5.0,19.11878600000705,auto,,,,,,0,
1768445946928,Sunny,Day,0.05367838541666667,100.0,-8.0,16.23414799999523,auto,,,,,,0,
1768445946959,Sunny,Day,0.04873046875,97.4609375,-34.0,16.65314800001738,auto,,,,,,0,
1768445946990,Sunny,Day,0.05319010416666667,100.0,-33.0,16.894494000013083,auto,,,,,,0,
1768445947022,Sunny,Day,0.05888671875,100.0,-37.0,21.54901200000836,auto,,,,,,0,
1768445947053,Sunny,Day,0.061360677083333336,100.0,-10.0,21.959003000006305,auto,,,,,,0,
1768445947085,Sunny,Day,0.065234375,100.0,-10.0,18.808408000012378,auto,,,,,,0,
1768445947118,Sunny,Day,0.059798177083333334,100.0,-4.0,23.48731299997553,auto,,,,,,0,
1768445947148,Sunny,Day,0.0611328125,100.0,-74.0,19.756345999979885,auto,,,,,,0,
1768445947179,Sunny,Day,0.06539713541666667,100.0,-77.0,20.162307000020974,auto,,,,,,0,
1768445947210,Sunny,Day,0.06373697916666667,100.0,-70.0,19.945833000008406,auto,,,,,,0,
1768445947243,Sunny,Day,0.05904947916666667,100.0,-81.0,19.539670000000342,auto,,,,,,0,
1768445947274,Sunny,Day,0.055989583333333336,100.0,9.0,21.454232999985834,auto,,,,,,0,
1768445947304,Sunny,Day,0.04778645833333333,95.57291666666666,-23.0,20.306121000004396,auto,,,,,,0,
1768445947336,Sunny,Day,0.04641927083333333,92.83854166666666,-70.0,22.586696000018947,auto,,,,,,0,
1768445947368,Sunny,Day,0.0564453125,100.0,-84.0,22.68354199998157,auto,,,,,,0,
1768445947399,Sunny,Day,0.05953776041666667,100.0,-86.0,21.45128899999804,auto,,,,,,0,
1768445947430,Sunny,Day,0.04977213541666667,99.54427083333334,-75.0,21.107706999998754,auto,,,,,,0,
1768445947462,Sunny,Day,0.04729817708333333,94.59635416666666,-71.0,21.80446399998459,auto,,,,,,0,
1768445947493,Sunny,Day,0.03899739583333333,77.99479166666666,32.0,18.082888000009234,auto,,,,,,0,
1768445947527,Sunny,Day,0.03909505208333333,78.19010416666666,-10.0,22.956891999996287,auto,,,,,,0,
1768445947557,Sunny,Day,0.04479166666666667,89.58333333333333,-90.0,19.180511999991268,auto,,,,,,0,
1768445947589,Sunny,Day,0.04130859375,82.6171875,-82.0,20.97868999999264,auto,,,,,,0,
1768445947619,Sunny,Day,0.05462239583333333,100.0,35.0,19.347940999978164,auto,,,,,,0,
1768445947651,Sunny,Day,0.05120442708333333,100.0,-93.0,18.53855900000667,auto,,,,,,0,
1768445947682,Sunny,Day,0.0484375,96.875,-91.0,19.748105000019223,auto,,,,,,0,
1768445947713,Sunny,Day,0.05,100.0,-93.0,19.540022000001045,auto,,,,,,0,
1768445947744,Sunny,Day,0.05087890625,100.0,-97.0,24.833061999999018,auto,,,,,,0,
1768445947776,Sunny,Day,0.04583333333333333,91.66666666666666,-96.0,22.150213000003305,auto,,,,,,0,
1768445947807,Sunny,Day,0.04358723958333333,87.17447916666667,-97.0,20.293730999981108,auto,,,,,,0,
1768445947838,Sunny,Day,0.04391276041666667,87.82552083333334,-98.0,21.583343000003197,auto,,,,,,0,
1768445947870,Sunny,Day,0.041731770833333334,83.46354166666667,-96.0,22.89695799998981,auto,,,,,,0,
1768445947901,Sunny,Day,0.03753255208333333,75.06510416666666,-93.0,20.16936200001851,auto,,,,,,0,
1768445947935,Sunny,Day,0.0384765625,76.953125,-90.0,24.57343500000775,auto,,,,,,0,
1768445947966,Sunny,Day,0.033984375,67.96875,-82.0,20.431193000007397,auto,,,,,,0,
1768445947997,Sunny,Day,0.03382161458333333,67.64322916666667,-73.0,20.389946999983977,auto,,,,,,0,
1768445948028,Sunny,Day,0.032942708333333334,65.88541666666667,-69.0,21.534423999980845,auto,,,,,,0,
1768445948060,Sunny,Day,0.030989583333333334,61.97916666666667,-61.0,19.26361200000315,auto,,,,,,0,
1768445948090,Sunny,Day,0.028938802083333333,57.877604166666664,-54.0,21.06630700001233,auto,,,,,,0,
1768445948121,Sunny,Day,0.028255208333333334,56.510416666666664,-50.0,21.2588139999923,auto,,,,,,0,
1768445948152,Sunny,Day,0.0287109375,57.421875,-51.0,22.380161999990378,auto,,,,,,0,
1768445948185,Sunny,Day,0.030208333333333334,60.416666666666664,-44.0,21.665256000005684,auto,,,,,,0,
1768445948215,Sunny,Day,0.03046875,60.9375,-42.0,21.401424999993424,auto,,,,,,0,
1768445948247,Sunny,Day,0.03313802083333333,66.27604166666666,-40.0,21.594709999988027,auto,,,,,,0,
1768445948278,Sunny,Day,0.033951822916666666,67.90364583333333,-37.0,21.653493999991724,auto,,,,,,0,
1768445948310,Sunny,Day,0.03854166666666667,77.08333333333334,-35.0,21.06645599999979,auto,,,,,,0,
1768445948341,Sunny,Day,0.04440104166666667,88.80208333333334,-36.0,21.838574000014432,auto,,,,,,0,
1768445948373,Sunny,Day,0.05123697916666667,100.0,-35.0,21.818144999997457,auto,,,,,,0,
1768445948405,Sunny,Day,0.06155598958333333,100.0,-34.0,18.75988099999404,auto,,,,,,0,
1768445948436,Sunny,Day,0.06637369791666667,100.0,-31.0,20.4534689999889,auto,,,,,,0,
1768445948466,Sunny,Day,0.07916666666666666,100.0,-30.0,19.778974999979937,auto,,,,,,0,
1768445948498,Sunny,Day,0.08779296875,100.0,-29.0,23.039896000000226,auto,,,,,,0,
1768445948529,Sunny,Day,0.09303385416666667,100.0,-28.0,21.574131999983592,auto,,,,,,0,
1768445948563,Sunny,Day,0.0947265625,100.0,-29.0,25.117663000003176,auto,,,,,,0,
1768445948593,Sunny,Day,0.09495442708333333,100.0,-28.0,17.690168999990874,auto,,,,,,0,
1768445948624,Sunny,Day,0.09381510416666666,100.0,-29.0,14.460788999997476,auto,,,,,,0,
1768445948656,Sunny,Day,0.09345703125,100.0,-31.0,21.37160600000243,auto,,,,,,0,
1768445948687,Sunny,Day,0.09319661458333334,100.0,-32.0,22.66110599998683,auto,,,,,,0,
1768445948718,Sunny,Day,0.0927734375,100.0,-32.0,20.263908000003994,auto,,,,,,0,
1768445948748,Sunny,Day,0.09163411458333333,100.0,-33.0,21.85552000000257,auto,,,,,,0,
1768445948782,Sunny,Day,0.09222005208333334,100.0,-33.0,24.52182700000094,auto,,,,,,0,
1768445948813,Sunny,Day,0.09176432291666667,100.0,-33.0,21.32171100001301,auto,,,,,,0,
1768445948843,Sunny,Day,0.09143880208333334,100.0,-33.0,20.40398099998697,auto,,,,,,0,
1768445948876,Sunny,Day,0.09095052083333334,100.0,-33.0,23.81877399997734,auto,,,,,,0,
1768445948908,Sunny,Day,0.09208984375,100.0,-32.0,20.876802000003636,auto,,,,,,0,
1768445948938,Sunny,Day,0.09261067708333333,100.0,-33.0,20.01683900002149,auto,,,,,,0,
1768445948969,Sunny,Day,0.09134114583333333,100.0,-32.0,20.31602599998905,auto,,,,,,0,
1768445949000,Sunny,Day,0.09046223958333334,100.0,-32.0,15.524279000004526,auto,,,,,,0,
1768445949032,Sunny,Day,0.090625,100.0,-31.0,18.16530300001773,auto,,,,,,0,
1768445949063,Sunny,Day,0.09173177083333334,100.0,-30.0,21.306815000002644,auto,,,,,,0,
1768445949095,Sunny,Day,0.09410807291666666,100.0,-32.0,17.868856999996297,auto,,,,,,0,
1768445949126,Sunny,Day,0.09319661458333334,100.0,-31.0,19.99537000000373,auto,,,,,,0,
1768445949160,Sunny,Day,0.09065755208333333,100.0,-30.0,22.588756999994075,auto,,,,,,0,
1768445949189,Sunny,Day,0.09069010416666666,100.0,-29.0,17.46163900000397,auto,,,,,,0,
1768445949224,Sunny,Day,0.09052734375,100.0,-30.0,18.914621000021725,auto,,,,,,0,
1768445949251,Sunny,Day,0.09332682291666666,100.0,-30.0,16.311585000011064,auto,,,,,,0,
1768445949283,Sunny,Day,0.09384765625,100.0,-30.0,20.677253999991763,auto,,,,,,0,
1768445949314,Sunny,Day,0.09313151041666666,100.0,-30.0,20.31237399998531,auto,,,,,,0,
1768445949345,Sunny,Day,0.088671875,100.0,-31.0,21.13160899997979,auto,,,,,,0,
1768445949378,Sunny,Day,0.08935546875,100.0,-31.0,23.191187000008995,auto,,,,,,0,
1768445949410,Sunny,Day,0.09036458333333333,100.0,-30.0,22.55686500001275,auto,,,,,,0,
1768445949440,Sunny,Day,0.0892578125,100.0,-29.0,18.473564000004217,auto,,,,,,0,
1768445949471,Sunny,Day,0.08942057291666666,100.0,-27.0,20.20556400000828,auto,,,,,,0,
1768445949503,Sunny,Day,0.08902994791666667,100.0,-26.0,16.177715999987186,auto,,,,,,0,
1768445949534,Sunny,Day,0.08955078125,100.0,-24.0,21.866127999999208,auto,,,,,,0,
1768445949568,Sunny,Day,0.08981119791666667,100.0,-22.0,21.620467000019516,auto,,,,,,0,
1768445949597,Sunny,Day,0.09007161458333333,100.0,-20.0,18.203048999993143,auto,,,,,,0,
1768445949629,Sunny,Day,0.08935546875,100.0,-18.0,22.170851999987917,auto,,,,,,0,
1768445949660,Sunny,Day,0.09049479166666667,100.0,-15.0,21.910985999994637,auto,,,,,,0,
1768445949691,Sunny,Day,0.09186197916666666,100.0,-14.0,21.668806999997514,auto,,,,,,0,
1768445949723,Sunny,Day,0.09098307291666667,100.0,-13.0,22.764223999985234,auto,,,,,,0,
1768445949754,Sunny,Day,0.09254557291666667,100.0,-13.0,19.04806400000325,auto,,,,,,0,
1768445949785,Sunny,Day,0.09192708333333334,100.0,-13.0,21.049301000005016,auto,,,,,,0,
1768445949816,Sunny,Day,0.09222005208333334,100.0,-13.0,21.510600999988583,auto,,,,,,0,
1768445949849,Sunny,Day,0.09186197916666666,100.0,-12.0,22.751482000018086,auto,,,,,,0,
1768445949880,Sunny,Day,0.09205729166666667,100.0,-13.0,21.827604999998584,auto,,,,,,0,
1768445949911,Sunny,Day,0.09225260416666667,100.0,-13.0,21.340374999994083,auto,,,,,,0,
1768445949943,Sunny,Day,0.09228515625,100.0,-13.0,21.642822000018214,auto,,,,,,0,
1768445949975,Sunny,Day,0.09270833333333334,100.0,-13.0,21.720813000001726,auto,,,,,,0,
1768445950006,Sunny,Day,0.09443359375,100.0,-14.0,15.46949499999073,auto,,,,,,0,
1768445950038,Sunny,Day,0.09241536458333334,100.0,-14.0,21.44588500001987,auto,,,,,,0,
1768445950070,Sunny,Day,0.09205729166666667,100.0,-14.0,21.41728899999862,auto,,,,,,0,
1768445950102,Sunny,Day,0.09241536458333334,100.0,-14.0,22.0553880000125,auto,,,,,,0,
1768445950131,Sunny,Day,0.09342447916666667,100.0,-15.0,19.87263000000894,auto,,,,,,0,
1768445950163,Sunny,Day,0.0935546875,100.0,-15.0,21.35242900001799,auto,,,,,,0,
1768445950194,Sunny,Day,0.09345703125,100.0,-15.0,21.12195500001235,auto,,,,,,0,
1768445950225,Sunny,Day,0.09306640625,100.0,-15.0,21.44803400000228,auto,,,,,,0,
1768445950257,Sunny,Day,0.09443359375,100.0,-15.0,22.25815400001352,auto,,,,,,0,
1768445950288,Sunny,Day,0.09462890625,100.0,-15.0,20.663822999978265,auto,,,,,,0,
1768445950321,Sunny,Day,0.09498697916666667,100.0,-15.0,23.06062700000666,auto,,,,,,0,
1768445950351,Sunny,Day,0.09427083333333333,100.0,-16.0,20.414329000004727,auto,,,,,,0,
1768445950382,Sunny,Day,0.09407552083333333,100.0,-16.0,20.624448000006623,auto,,,,,,0,
1768445950414,Sunny,Day,0.09537760416666667,100.0,-16.0,24.971147000002247,auto,,,,,,0,
1768445950445,Sunny,Day,0.09573567708333333,100.0,-16.0,21.509873999974616,auto,,,,,,0,
1768445950477,Sunny,Day,0.09443359375,100.0,-16.0,22.096263000008776,auto,,,,,,0,
1768445950507,Sunny,Day,0.0955078125,100.0,-15.0,19.510287999992215,auto,,,,,,0,
1768445950540,Sunny,Day,0.09436848958333334,100.0,-16.0,22.26445200000171,auto,,,,,,0,
1768445950570,Sunny,Day,0.09443359375,100.0,-16.0,19.88679900000534,auto,,,,,,0,
1768445950603,Sunny,Day,0.09596354166666667,100.0,-17.0,23.253724999989345,auto,,,,,,0,
1768445950633,Sunny,Day,0.09612630208333334,100.0,-16.0,17.886451999999053,auto,,,,,,0,
1768445950665,Sunny,Day,0.09573567708333333,100.0,-16.0,15.769684000019879,auto,,,,,,0,
1768445950696,Sunny,Day,0.09609375,100.0,-16.0,21.558287999994263,auto,,,,,,0,
1768445950728,Sunny,Day,0.09733072916666667,100.0,-16.0,16.471069000004945,auto,,,,,,0,
1768445950759,Sunny,Day,0.09817708333333333,100.0,-17.0,20.507839999993394,auto,,,,,,0,
1768445950791,Sunny,Day,0.0984375,100.0,-16.0,21.66978400001085,auto,,,,,,0,
1768445950822,Sunny,Day,0.09879557291666667,100.0,-17.0,22.36064899997814,auto,,,,,,0,
1768445950854,Sunny,Day,0.09791666666666667,100.0,-17.0,22.03408900001591,auto,,,,,,0,
1768445950885,Sunny,Day,0.09814453125,100.0,-16.0,19.12673999999015,auto,,,,,,0,
1768445950916,Sunny,Day,0.09986979166666667,100.0,-17.0,21.82569199999307,auto,,,,,,0,
1768445950948,Sunny,Day,0.09886067708333333,100.0,-17.0,20.923447999990685,auto,,,,,,0,
1768445950979,Sunny,Day,0.09869791666666666,100.0,-17.0,20.119013999988056,auto,,,,,,0,
1768445951010,Sunny,Day,0.09944661458333333,100.0,-17.0,21.70439500000043,auto,,,,,,0,
1768445951043,Sunny,Day,0.09895833333333333,100.0,-16.0,23.670180000010532,auto,,,,,,0,
1768445951073,Sunny,Day,0.09944661458333333,100.0,-16.0,19.0541550000205,auto,,,,,,0,
1768445951106,Sunny,Day,0.09860026041666667,100.0,-15.0,23.165782999996054,auto,,,,,,0,
1768445951137,Sunny,Day,0.09876302083333334,100.0,-16.0,20.204762999981085,auto,,,,,,0,
1768445951168,Sunny,Day,0.09866536458333333,100.0,-16.0,20.498003999989578,auto,,,,,,0,
1768445951199,Sunny,Day,0.09749348958333333,100.0,-16.0,21.490647000007357,auto,,,,,,0,
1768445951231,Sunny,Day,0.09794921875,100.0,-15.0,21.478162999983397,auto,,,,,,0,
1768445951262,Sunny,Day,0.09869791666666666,100.0,-16.0,21.044294000006403,auto,,,,,,0,
1768445951293,Sunny,Day,0.09860026041666667,100.0,-16.0,20.93570599998884,auto,,,,,,0,
1768445951325,Sunny,Day,0.09811197916666667,100.0,-15.0,22.28107900000964,auto,,,,,,0,
1768445951356,Sunny,Day,0.09710286458333334,100.0,-16.0,21.532708000023604,auto,,,,,,0,
1768445951387,Sunny,Day,0.09661458333333334,100.0,-16.0,21.110358000015594,auto,,,,,,0,
1768445951422,Sunny,Day,0.09671223958333333,100.0,-16.0,25.08856199997922,auto,,,,,,0,
1768445951450,Sunny,Day,0.09638671875,100.0,-16.0,16.98019100001602,auto,,,,,,0,
1768445951481,Sunny,Day,0.0962890625,100.0,-16.0,19.636284000000614,auto,,,,,,0,
1768445951514,Sunny,Day,0.095703125,100.0,-16.0,23.1421869999906,auto,,,,,,0,
1768445951544,Sunny,Day,0.09427083333333333,100.0,-16.0,20.630335000021205,auto,,,,,,0,
1768445951577,Sunny,Day,0.09375,100.0,-16.0,21.454771999998457,auto,,,,,,0,
1768445951607,Sunny,Day,0.09339192708333334,100.0,-16.0,20.76261099998078,auto,,,,,,0,
1768445951640,Sunny,Day,0.09225260416666667,100.0,-17.0,19.463076999983286,auto,,,,,,0,
1768445951671,Sunny,Day,0.09189453125,100.0,-17.0,20.116010999998934,auto,,,,,,0,
1768445951701,Sunny,Day,0.09095052083333334,100.0,-16.0,20.157775000001266,auto,,,,,,0,
1768445951733,Sunny,Day,0.09020182291666666,100.0,-16.0,21.524373000005426,auto,,,,,,0,
1768445951765,Sunny,Day,0.08968098958333333,100.0,-16.0,19.304427000008673,auto,,,,,,0,
1768445951796,Sunny,Day,0.08961588541666667,100.0,-17.0,18.488009000009242,auto,,,,,,0,
1768445951828,Sunny,Day,0.08854166666666667,100.0,-17.0,22.14500700000599,auto,,,,,,0,
1768445951858,Sunny,Day,0.08743489583333333,100.0,-17.0,21.205037000015636,auto,,,,,,0,
1768445951889,Sunny,Day,0.08766276041666667,100.0,-17.0,21.188441999981933,auto,,,,,,0,
1768445951924,Sunny,Day,0.08675130208333333,100.0,-17.0,25.61996200000749,auto,,,,,,0,
1768445951954,Sunny,Day,0.08606770833333334,100.0,-17.0,20.555324999975255,auto,,,,,,0,
1768445951984,Sunny,Day,0.08658854166666667,100.0,-17.0,20.812191000004532,auto,,,,,,0,
1768445952015,Sunny,Day,0.08483072916666666,100.0,-16.0,21.38262300002225,auto,,,,,,0,
1768445952050,Sunny,Day,0.08623046875,100.0,-17.0,24.87475199998812,auto,,,,,,0,
1768445952079,Sunny,Day,0.08359375,100.0,-16.0,19.059174000005896,auto,,,,,,0,
1768445952109,Sunny,Day,0.085546875,100.0,-17.0,20.4968350000172,auto,,,,,,0,
1768445952141,Sunny,Day,0.0859375,100.0,-17.0,22.289169000003994,auto,,,,,,0,
1768445952173,Sunny,Day,0.08512369791666667,100.0,-17.0,20.13415999999779,auto,,,,,,0,
1768445952203,Sunny,Day,0.08606770833333334,100.0,-18.0,19.38706600000728,auto,,,,,,0,
1768445952236,Sunny,Day,0.0859375,100.0,-18.0,22.835792999984506,auto,,,,,,0,
1768445952267,Sunny,Day,0.08531901041666666,100.0,-18.0,20.44505099999583,auto,,,,,,0,
1768445952298,Sunny,Day,0.08466796875,100.0,-18.0,20.98678500001938,auto,,,,,,0,
1768445952329,Sunny,Day,0.08528645833333333,100.0,-18.0,21.941052999977728,auto,,,,,,0,
1768445952362,Sunny,Day,0.08606770833333334,100.0,-18.0,19.30420499999741,auto,,,,,,0,
1768445952393,Sunny,Day,0.08583984375,100.0,-18.0,19.209265999990066,auto,,,,,,0,
1768445952423,Sunny,Day,0.08658854166666667,100.0,-18.0,20.068113999997195,auto,,,,,,0,
1768445952455,Sunny,Day,0.08655598958333334,100.0,-18.0,20.7817959999943,auto,,,,,,0,
1768445952487,Sunny,Day,0.08515625,100.0,-17.0,18.665440000006583,auto,,,,,,0,
1768445952517,Sunny,Day,0.0841796875,100.0,-17.0,19.30290799998602,auto,,,,,,0,
1768445952550,Sunny,Day,0.0869140625,100.0,-17.0,22.613414000005605,auto,,,,,,0,
1768445952582,Sunny,Day,0.087109375,100.0,-17.0,21.356645999986767,auto,,,,,,0,
1768445952613,Sunny,Day,0.08603515625,100.0,-17.0,20.76396100000011,auto,,,,,,0,
1768445952643,Sunny,Day,0.0873046875,100.0,-17.0,20.39748899997562,auto,,,,,,0,
1768445952675,Sunny,Day,0.08811848958333333,100.0,-17.0,16.964783000020134,auto,,,,,,0,
1768445952705,Sunny,Day,0.087890625,100.0,-16.0,21.074611000017285,auto,,,,,,0,
1768445952737,Sunny,Day,0.08779296875,100.0,-16.0,22.471617999997306,auto,,,,,,0,
1768445952768,Sunny,Day,0.08743489583333333,100.0,-16.0,17.684317000004057,auto,,,,,,0,
1768445952802,Sunny,Day,0.08776041666666666,100.0,-16.0,20.135178999993286,auto,,,,,,0,
1768445952832,Sunny,Day,0.08736979166666667,100.0,-16.0,19.225325000007842,auto,,,,,,0,
1768445952864,Sunny,Day,0.0875,100.0,-16.0,20.955059000016263,auto,,,,,,0,
1768445952894,Sunny,Day,0.08727213541666666,100.0,-16.0,19.40527299998962,auto,,,,,,0,
1768445952925,Sunny,Day,0.08811848958333333,100.0,-15.0,21.37066599999571,auto,,,,,,0,
1768445952958,Sunny,Day,0.08824869791666666,100.0,-16.0,23.582922999992206,auto,,,,,,0,
1768445952993,Sunny,Day,0.08766276041666667,100.0,-15.0,25.79964500000642,auto,,,,,,0,
1768445953020,Sunny,Day,0.08753255208333334,100.0,-15.0,16.60809500000937,auto,,,,,,0,
1768445953052,Sunny,Day,0.08675130208333333,100.0,-15.0,22.461465999981556,auto,,,,,,0,
1768445953084,Sunny,Day,0.08831380208333334,100.0,-15.0,22.012484999976323,auto,,,,,,0,
1768445953115,Sunny,Day,0.08873697916666666,100.0,-15.0,20.675337000000127,auto,,,,,,0,
1768445953147,Sunny,Day,0.08636067708333334,100.0,-15.0,22.47137399999133,auto,,,,,,0,
1768445953177,Sunny,Day,0.08678385416666666,100.0,-15.0,19.120477999990726,auto,,,,,,0,
1768445953208,Sunny,Day,0.08802083333333334,100.0,-15.0,20.56702699999846,auto,,,,,,0,
1768445953240,Sunny,Day,0.08704427083333334,100.0,-15.0,21.53146200001288,auto,,,,,,0,
1768445953271,Sunny,Day,0.08854166666666667,100.0,-16.0,22.07027000000039,auto,,,,,,0,
1768445953303,Sunny,Day,0.08763020833333333,100.0,-15.0,22.611263000015924,auto,,,,,,0,
1768445953335,Sunny,Day,0.08802083333333334,100.0,-15.0,19.451852999992525,auto,,,,,,0,
1768445953366,Sunny,Day,0.08860677083333333,100.0,-15.0,21.89789700000233,auto,,,,,,0,
1768445953398,Sunny,Day,0.087890625,100.0,-15.0,22.24030899998297,auto,,,,,,0,
1768445953428,Sunny,Day,0.08837890625,100.0,-15.0,19.216527000025962,auto,,,,,,0,
1768445953460,Sunny,Day,0.0892578125,100.0,-15.0,22.10586600000397,auto,,,,,,0,
1768445953493,Sunny,Day,0.08974609375,100.0,-15.0,19.409569000004012,auto,,,,,,0,
1768445953522,Sunny,Day,0.09140625,100.0,-15.0,19.256328000011536,auto,,,,,,0,
1768445953556,Sunny,Day,0.09140625,100.0,-15.0,24.400316999987126,auto,,,,,,0,
1768445953585,Sunny,Day,0.090625,100.0,-15.0,18.828498000004856,auto,,,,,,0,
1768445953617,Sunny,Day,0.09274088541666667,100.0,-15.0,22.0252819999871,auto,,,,,,0,
1768445953648,Sunny,Day,0.09150390625,100.0,-15.0,21.207959000008714,auto,,,,,,0,
1768445953680,Sunny,Day,0.08994140625,100.0,-15.0,18.779102999985753,auto,,,,,,0,
1768445953711,Sunny,Day,0.09143880208333334,100.0,-15.0,21.112224999995988,auto,,,,,,0,
1768445953742,Sunny,Day,0.09147135416666667,100.0,-15.0,21.306490000000622,auto,,,,,,0,
1768445953776,Sunny,Day,0.08785807291666667,100.0,-15.0,23.859379000015224,auto,,,,,,0,
1768445953808,Sunny,Day,0.08857421875,100.0,-16.0,21.510180999996464,auto,,,,,,0,
1768445953836,Sunny,Day,0.08802083333333334,100.0,-15.0,16.029502000009188,auto,,,,,,0,
1768445953868,Sunny,Day,0.08616536458333333,100.0,-16.0,21.689648000005946,auto,,,,,,0,
1768445953900,Sunny,Day,0.09069010416666666,100.0,-16.0,21.210181000014927,auto,,,,,,0,
1768445953932,Sunny,Day,0.09033203125,100.0,-16.0,20.453494999998156,auto,,,,,,0,
1768445953963,Sunny,Day,0.08974609375,100.0,-16.0,20.25461899998504,auto,,,,,,0,
1768445953996,Sunny,Day,0.08935546875,100.0,-16.0,22.694069000010586,auto,,,,,,0,
1768445954025,Sunny,Day,0.09348958333333333,100.0,-16.0,16.748613999993722,auto,,,,,,0,
1768445954056,Sunny,Day,0.0919921875,100.0,-16.0,21.456489000001966,auto,,,,,,0,
1768445954088,Sunny,Day,0.09329427083333333,100.0,-16.0,21.13570800000275,auto,,,,,,0,
1768445954118,Sunny,Day,0.09498697916666667,100.0,-16.0,21.09687000000804,auto,,,,,,0,
1768445954150,Sunny,Day,0.08981119791666667,100.0,-16.0,22.3967150000135,auto,,,,,,0,
1768445954181,Sunny,Day,0.08909505208333333,100.0,-17.0,22.25064199998883,auto,,,,,,0,
1768445954216,Sunny,Day,0.09202473958333333,100.0,-16.0,25.031150000017988,auto,,,,,,0,
1768445954246,Sunny,Day,0.09231770833333333,100.0,-16.0,19.304576000024554,auto,,,,,,0,
1768445954279,Sunny,Day,0.09251302083333333,100.0,-16.0,20.197260000003325,auto,,,,,,0,
1768445954308,Sunny,Day,0.09459635416666666,100.0,-17.0,18.29139500000565,auto,,,,,,0,
1768445954340,Sunny,Day,0.09368489583333334,100.0,-17.0,19.85857000002511,auto,,,,,,0,
1768445954370,Sunny,Day,0.09544270833333333,100.0,-17.0,20.511372000015626,auto,,,,,,0,
1768445954402,Sunny,Day,0.09361979166666666,100.0,-17.0,22.76414899998258,auto,,,,,,0,
1768445954435,Sunny,Day,0.09622395833333333,100.0,-18.0,23.715285000008635,auto,,,,,,0,
1768445954465,Sunny,Day,0.0951171875,100.0,-18.0,19.888666000014155,auto,,,,,,0,
1768445954496,Sunny,Day,0.0962890625,100.0,-18.0,21.77239700000655,auto,,,,,,0,
1768445954527,Sunny,Day,0.09680989583333334,100.0,-18.0,20.863749000000098,auto,,,,,,0,
1768445954559,Sunny,Day,0.09814453125,100.0,-18.0,22.387584000000516,auto,,,,,,0,
1768445954592,Sunny,Day,0.09729817708333334,100.0,-18.0,22.249807999997984,auto,,,,,,0,
1768445954623,Sunny,Day,0.09690755208333333,100.0,-18.0,21.258186000011392,auto,,,,,,0,
1768445954652,Sunny,Day,0.09521484375,100.0,-18.0,20.231948999992255,auto,,,,,,0,
1768445954686,Sunny,Day,0.09573567708333333,100.0,-19.0,24.68203300000482,auto,,,,,,0,
1768445954716,Sunny,Day,0.09547526041666667,100.0,-19.0,19.54167899998538,auto,,,,,,0,
1768445954749,Sunny,Day,0.09544270833333333,100.0,-18.0,22.432960000003277,auto,,,,,,0,
1768445954779,Sunny,Day,0.09485677083333334,100.0,-18.0,19.75339000000531,auto,,,,,,0,
1768445954811,Sunny,Day,0.09479166666666666,100.0,-18.0,21.359531999991077,auto,,,,,,0,
1768445954842,Sunny,Day,0.09446614583333333,100.0,-18.0,21.67044099999771,auto,,,,,,0,
1768445954873,Sunny,Day,0.09420572916666667,100.0,-19.0,22.783039999978882,auto,,,,,,0,
1768445954905,Sunny,Day,0.09293619791666667,100.0,-18.0,22.80619100000081,auto,,,,,,0,
1768445954936,Sunny,Day,0.09244791666666667,100.0,-18.0,20.5537100000015,auto,,,,,,0,
1768445954968,Sunny,Day,0.09313151041666666,100.0,-18.0,20.917384999989963,auto,,,,,,0,
1768445955000,Sunny,Day,0.09248046875,100.0,-18.0,21.75396900000237,auto,,,,,,0,
1768445955034,Sunny,Day,0.09231770833333333,100.0,-19.0,24.18607999999267,auto,,,,,,0,
1768445955062,Sunny,Day,0.09098307291666667,100.0,-19.0,18.617363999993586,auto,,,,,,0,
1768445955092,Sunny,Day,0.09075520833333334,100.0,-19.0,20.91514399998573,auto,,,,,,0,
1768445955124,Sunny,Day,0.09020182291666666,100.0,-19.0,22.53958299999681,auto,,,,,,0,
1768445955157,Sunny,Day,0.08971354166666666,100.0,-19.0,22.516673000012588,auto,,,,,,0,
1768445955188,Sunny,Day,0.08873697916666666,100.0,-18.0,21.73804099999188,auto,,,,,,0,
1768445955221,Sunny,Day,0.08831380208333334,100.0,-18.0,19.745370999999068,auto,,,,,,0,
1768445955252,Sunny,Day,0.08759765625,100.0,-18.0,20.580269999982193,auto,,,,,,0,
1768445955281,Sunny,Day,0.08717447916666667,100.0,-18.0,18.83392700000286,auto,,,,,,0,
1768445955313,Sunny,Day,0.08704427083333334,100.0,-18.0,21.154674000001705,auto,,,,,,0,
1768445955344,Sunny,Day,0.08629557291666666,100.0,-18.0,20.626683000017465,auto,,,,,,0,
1768445955375,Sunny,Day,0.08561197916666667,100.0,-19.0,20.959649000019454,auto,,,,,,0,
1768445955407,Sunny,Day,0.08427734375,100.0,-18.0,22.221747999992658,auto,,,,,,0,
1768445955440,Sunny,Day,0.08479817708333333,100.0,-19.0,22.43892199999209,auto,,,,,,0,
1768445955470,Sunny,Day,0.08421223958333333,100.0,-18.0,19.397977000011224,auto,,,,,,0,
1768445955501,Sunny,Day,0.08365885416666667,100.0,-18.0,22.07213599999136,auto,,,,,,0,
1768445955533,Sunny,Day,0.08206380208333333,100.0,-18.0,21.868038000008028,auto,,,,,,0,
1768445955564,Sunny,Day,0.0830078125,100.0,-18.0,21.591207999989592,auto,,,,,,0,
1768445955595,Sunny,Day,0.08212890625,100.0,-17.0,21.81827300000805,auto,,,,,,0,
1768445955627,Sunny,Day,0.08232421875,100.0,-17.0,20.80231500002583,auto,,,,,,0,
1768445955660,Sunny,Day,0.08173828125,100.0,-17.0,18.77821599998697,auto,,,,,,0,
1768445955690,Sunny,Day,0.08206380208333333,100.0,-17.0,18.596064000007573,auto,,,,,,0,
1768445955721,Sunny,Day,0.08170572916666667,100.0,-17.0,20.956742000009854,auto,,,,,,0,
1768445955753,Sunny,Day,0.08134765625,100.0,-17.0,21.84549799997626,auto,,,,,,0,
1768445955784,Sunny,Day,0.08134765625,100.0,-16.0,20.959464000014805,auto,,,,,,0,
1768445955815,Sunny,Day,0.0818359375,100.0,-17.0,20.227727000019513,auto,,,,,,0,
1768445955852,Sunny,Day,0.08219401041666667,100.0,-16.0,22.704158000010466,auto,,,,,,0,
1768445955879,Sunny,Day,0.08157552083333333,100.0,-15.0,16.567686999991338,auto,,,,,,0,
1768445955907,Sunny,Day,0.08134765625,100.0,-16.0,17.65796800000885,auto,,,,,,0,
1768445955938,Sunny,Day,0.08177083333333333,100.0,-15.0,23.722171000002845,auto,,,,,,0,
1768445955970,Sunny,Day,0.081640625,100.0,-14.0,23.12817299997505,auto,,,,,,0,
1768445956002,Sunny,Day,0.08212890625,100.0,-14.0,24.75522299999966,auto,,,,,,0,
1768445956036,Sunny,Day,0.081640625,100.0,-14.0,25.808847999996942,auto,,,,,,0,
1768445956064,Sunny,Day,0.08190104166666666,100.0,-14.0,20.059263000007377,auto,,,,,,0,
1768445956095,Sunny,Day,0.08134765625,100.0,-14.0,23.90378399999804,auto,,,,,,0,
1768445956128,Sunny,Day,0.08313802083333334,100.0,-14.0,25.358275000002095,auto,,,,,,0,
1768445956158,Sunny,Day,0.08310546875,100.0,-15.0,20.849728999991157,auto,,,,,,0,
1768445956189,Sunny,Day,0.08170572916666667,100.0,-15.0,24.133089999992308,auto,,,,,,0,
1768445956221,Sunny,Day,0.08346354166666667,100.0,-15.0,24.026910000003454,auto,,,,,,0,
1768445956255,Sunny,Day,0.08356119791666666,100.0,-14.0,27.022939000005408,auto,,,,,,0,
1768445956284,Sunny,Day,0.08427734375,100.0,-13.0,21.328879000009238,auto,,,,,,0,
1768445956315,Sunny,Day,0.08434244791666666,100.0,-13.0,24.008575000010524,auto,,,,,,0,
1768445956347,Sunny,Day,0.0830078125,100.0,-12.0,24.017075000017485,auto,,,,,,0,
1768445956379,Sunny,Day,0.08291015625,100.0,-11.0,24.695546000003787,auto,,,,,,0,
1768445956409,Sunny,Day,0.08186848958333333,100.0,-10.0,19.28526099999317,auto,,,,,,0,
1768445956444,Sunny,Day,0.08095703125,100.0,-8.0,27.431785999993963,auto,,,,,,0,
1768445956473,Sunny,Day,0.08160807291666666,100.0,-6.0,21.39275800001883,auto,,,,,,0,
1768445956504,Sunny,Day,0.08173828125,100.0,-4.0,23.79175199999395,auto,,,,,,0,
1768445956535,Sunny,Day,0.08196614583333334,100.0,-3.0,23.99449899999695,auto,,,,,,0,
1768445956567,Sunny,Day,0.08131510416666667,100.0,-2.0,23.139692000000878,auto,,,,,,0,
1768445956598,Sunny,Day,0.082421875,100.0,-1.0,24.119680999973525,auto,,,,,,0,
1768445956629,Sunny,Day,0.08173828125,100.0,0.0,23.982626999980994,auto,,,,,,0,
1768445956661,Sunny,Day,0.0810546875,100.0,1.0,25.004194999979745,auto,,,,,,0,
1768445956694,Sunny,Day,0.08043619791666666,100.0,2.0,25.0075289999927,auto,,,,,,0,
1768445956724,Sunny,Day,0.08079427083333333,100.0,3.0,19.970862999997507,auto,,,,,,0,
1768445956755,Sunny,Day,0.08111979166666666,100.0,4.0,23.915230000000065,auto,,,,,,0,
1768445956786,Sunny,Day,0.08040364583333333,100.0,4.0,23.996517000000495,auto,,,,,,0,
1768445956817,Sunny,Day,0.08030598958333333,100.0,5.0,23.870686999998725,auto,,,,,,0,
1768445956849,Sunny,Day,0.07991536458333333,100.0,6.0,24.134978999995838,auto,,,,,,0,
1768445956882,Sunny,Day,0.07962239583333333,100.0,7.0,25.75428599999441,auto,,,,,,0,
1768445956912,Sunny,Day,0.07916666666666666,100.0,8.0,21.960326999987956,auto,,,,,,0,
1768445956943,Sunny,Day,0.0775390625,100.0,10.0,24.382601000013437,auto,,,,,,0,
1768445956974,Sunny,Day,0.07610677083333334,100.0,10.0,23.667348000003585,auto,,,,,,0,
1768445957006,Sunny,Day,0.07516276041666667,100.0,11.0,24.158940999996048,auto,,,,,,0,
1768445957038,Sunny,Day,0.07431640625,100.0,11.0,23.22231100001204,auto,,,,,,0,
1768445957071,Sunny,Day,0.07490234375,100.0,10.0,26.137366000000384,auto,,,,,,0,
1768445957100,Sunny,Day,0.07610677083333334,100.0,8.0,21.110279999987824,auto,,,,,,0,
1768445957132,Sunny,Day,0.07874348958333334,100.0,7.0,24.03003800000647,auto,,,,,,0,
1768445957163,Sunny,Day,0.0802734375,100.0,6.0,22.82820899998228,auto,,,,,,0,
1768445957196,Sunny,Day,0.08111979166666666,100.0,6.0,25.97043800000165,auto,,,,,,0,
1768445957226,Sunny,Day,0.08011067708333333,100.0,6.0,22.5771409999993,auto,,,,,,0,
1768445957258,Sunny,Day,0.07854817708333334,100.0,7.0,24.642056000004686,auto,,,,,,0,
1768445957289,Sunny,Day,0.07685546875,100.0,8.0,23.56903899999452,auto,,,,,,0,
1768445957320,Sunny,Day,0.07571614583333333,100.0,9.0,19.33623300001841,auto,,,,,,0,
1768445957352,Sunny,Day,0.07431640625,100.0,10.0,23.963216000026932,auto,,,,,,0,
1768445957383,Sunny,Day,0.07239583333333334,100.0,10.0,24.210634000013442,auto,,,,,,0,
1768445957414,Sunny,Day,0.07122395833333334,100.0,10.0,23.642787999989423,auto,,,,,,0,
1768445957446,Sunny,Day,0.07122395833333334,100.0,10.0,24.188538999993625,auto,,,,,,0,
1768445957479,Sunny,Day,0.07278645833333333,100.0,10.0,26.217153999994025,auto,,,,,,0,
1768445957508,Sunny,Day,0.0740234375,100.0,10.0,21.999665000009827,auto,,,,,,0,
1768445957540,Sunny,Day,0.07470703125,100.0,9.0,24.151015000001053,auto,,,,,,0,
1768445957571,Sunny,Day,0.07692057291666667,100.0,9.0,23.868278999998438,auto,,,,,,0,
1768445957603,Sunny,Day,0.07845052083333333,100.0,8.0,24.467719999989868,auto,,,,,,0,
1768445957634,Sunny,Day,0.07998046875,100.0,7.0,23.90252300000384,auto,,,,,,0,
1768445957665,Sunny,Day,0.0796875,100.0,7.0,24.04824499998881,auto,,,,,,0,
1768445957697,Sunny,Day,0.08030598958333333,100.0,6.0,24.31859099999656,auto,,,,,,0,
1768445957728,Sunny,Day,0.08024088541666667,100.0,5.0,24.046596000005138,auto,,,,,,0,
1768445957759,Sunny,Day,0.07939453125,100.0,6.0,23.936767999998665,auto,,,,,,0,
1768445957791,Sunny,Day,0.07919921875,100.0,5.0,24.324536999984048,auto,,,,,,0,
1768445957823,Sunny,Day,0.07692057291666667,100.0,6.0,24.63759299999424,auto,,,,,,0,
1768445957854,Sunny,Day,0.07584635416666667,100.0,7.0,23.684496999976545,auto,,,,,,0,
1768445957886,Sunny,Day,0.07408854166666666,100.0,9.0,24.797333999998727,auto,,,,,,0,
1768445957917,Sunny,Day,0.07119140625,100.0,10.0,23.202754000010373,auto,,,,,,0,
1768445957948,Sunny,Day,0.06682942708333334,100.0,11.0,24.27388199998859,auto,,,,,,0,
1768445957981,Sunny,Day,0.062109375,100.0,12.0,24.882473999980448,auto,,,,,,0,
1768445958011,Sunny,Day,0.056803385416666664,100.0,13.0,21.164001000016697,auto,,,,,,0,
1768445958042,Sunny,Day,0.05071614583333333,100.0,14.0,22.533284000019194,auto,,,,,,0,
1768445958075,Sunny,Day,0.04967447916666667,99.34895833333333,13.0,25.948803000005682,auto,,,,,,0,
1768445958105,Sunny,Day,0.052506510416666666,100.0,12.0,21.32284399999662,auto,,,,,,0,
1768445958138,Sunny,Day,0.05670572916666667,100.0,11.0,24.609717999993563,auto,,,,,,0,
1768445958168,Sunny,Day,0.06061197916666667,100.0,10.0,21.796195999996826,auto,,,,,,0,
1768445958199,Sunny,Day,0.0646484375,100.0,9.0,23.139245999999503,auto,,,,,,0,
1768445958231,Sunny,Day,0.06790364583333333,100.0,7.0,22.867880000006835,auto,,,,,,0,
1768445958262,Sunny,Day,0.06891276041666666,100.0,5.0,23.843218999985538,auto,,,,,,0,
1768445958295,Sunny,Day,0.06940104166666666,100.0,3.0,24.929904000003944,auto,,,,,,0,
1768445958327,Sunny,Day,0.06946614583333334,100.0,2.0,25.387125000008837,auto,,,,,,0,
1768445958357,Sunny,Day,0.06764322916666667,100.0,3.0,22.457274999993615,auto,,,,,,0,
1768445958389,Sunny,Day,0.0646484375,100.0,5.0,21.597560999992993,auto,,,,,,0,
1768445958420,Sunny,Day,0.061783854166666666,100.0,6.0,23.52560599999265,auto,,,,,,0,
1768445958451,Sunny,Day,0.05732421875,100.0,9.0,22.461552999999412,auto,,,,,,0,
1768445958482,Sunny,Day,0.05673828125,100.0,10.0,24.12475299999528,auto,,,,,,0,
1768445958513,Sunny,Day,0.060546875,100.0,9.0,24.019387999999253,auto,,,,,,0,
1768445958545,Sunny,Day,0.06276041666666667,100.0,7.0,24.266435999976466,auto,,,,,,0,
1768445958576,Sunny,Day,0.06451822916666666,100.0,6.0,23.007323000001634,auto,,,,,,0,
1768445958608,Sunny,Day,0.06507161458333334,100.0,3.0,24.574749999999312,auto,,,,,,0,
1768445958639,Sunny,Day,0.06673177083333333,100.0,1.0,23.968918999997868,auto,,,,,,0,
1768445958670,Sunny,Day,0.06832682291666667,100.0,-2.0,23.820920000019896,auto,,,,,,0,
1768445958703,Sunny,Day,0.0697265625,100.0,-4.0,25.234366999995927,auto,,,,,,0,
1768445958733,Sunny,Day,0.07288411458333334,100.0,-7.0,21.97471799999562,auto,,,,,,0,
1768445958765,Sunny,Day,0.07350260416666667,100.0,-9.0,23.027028999990762,auto,,,,,,0,
1768445958797,Sunny,Day,0.07516276041666667,100.0,17.0,24.59510500000306,auto,,,,,,0,
1768445958829,Sunny,Day,0.07190755208333334,100.0,19.0,23.348733999995375,auto,,,,,,0,
1768445958859,Sunny,Day,0.06966145833333333,100.0,22.0,21.34575300001984,auto,,,,,,0,
1768445958890,Sunny,Day,0.07135416666666666,100.0,24.0,23.424723999994512,auto,,,,,,0,
1768445958922,Sunny,Day,0.07347005208333333,100.0,23.0,23.271297999997387,auto,,,,,,0,
1768445958953,Sunny,Day,0.07604166666666666,100.0,20.0,22.888011999981472,auto,,,,,,0,
1768445958984,Sunny,Day,0.07708333333333334,100.0,17.0,22.51104100000134,auto,,,,,,0,
1768445959016,Sunny,Day,0.07939453125,100.0,15.0,23.39826499999731,auto,,,,,,0,
1768445959047,Sunny,Day,0.08095703125,100.0,11.0,24.35953900001664,auto,,,,,,0,
1768445959079,Sunny,Day,0.0826171875,100.0,9.0,24.07752400000618,auto,,,,,,0,
1768445959112,Sunny,Day,0.08248697916666667,100.0,6.0,25.778837000018484,auto,,,,,,0,
1768445959143,Sunny,Day,0.0849609375,100.0,3.0,24.31092200001217,auto,,,,,,0,
1768445959173,Sunny,Day,0.08740234375,100.0,1.0,21.955439000009846,auto,,,,,,0,
1768445959205,Sunny,Day,0.08948567708333334,100.0,-3.0,24.54469099998846,auto,,,,,,0,
1768445959237,Sunny,Day,0.09078776041666667,100.0,-4.0,24.21183699999574,auto,,,,,,0,
1768445959269,Sunny,Day,0.09065755208333333,100.0,-4.0,23.25007400000345,auto,,,,,,0,
1768445959299,Sunny,Day,0.09075520833333334,100.0,-4.0,22.321666999999934,auto,,,,,,0,
1768445959330,Sunny,Day,0.09055989583333333,100.0,-3.0,20.811470000012378,auto,,,,,,0,
1768445959361,Sunny,Day,0.08883463541666667,100.0,0.0,19.93308800001614,auto,,,,,,0,
1768445959392,Sunny,Day,0.08723958333333333,100.0,1.0,22.986599000006436,auto,,,,,,0,
1768445959424,Sunny,Day,0.08623046875,100.0,2.0,23.189399999978377,auto,,,,,,0,
1768445959456,Sunny,Day,0.08512369791666667,100.0,4.0,23.302228000005698,auto,,,,,,0,
1768445959487,Sunny,Day,0.08473307291666667,100.0,4.0,23.61167200001546,auto,,,,,,0,
1768445959520,Sunny,Day,0.0833984375,100.0,5.0,25.06021400000691,auto,,,,,,0,
1768445959552,Sunny,Day,0.08317057291666667,100.0,4.0,20.706828000015776,auto,,,,,,0,
1768445959581,Sunny,Day,0.08304036458333333,100.0,5.0,21.433618000003207,auto,,,,,,0,
1768445959614,Sunny,Day,0.08255208333333333,100.0,4.0,24.942442000025267,auto,,,,,,0,
1768445959644,Sunny,Day,0.08167317708333334,100.0,3.0,22.4400699999876,auto,,,,,,0,
1768445959675,Sunny,Day,0.08125,100.0,2.0,23.94024900002023,auto,,,,,,0,
1768445959707,Sunny,Day,0.08245442708333334,100.0,2.0,24.183370000002924,auto,,,,,,0,
1768445959739,Sunny,Day,0.08271484375,100.0,2.0,21.41970900001411,auto,,,,,,0,
1768445959770,Sunny,Day,0.08203125,100.0,2.0,20.675601999982973,auto,,,,,,0,
1768445959801,Sunny,Day,0.08216145833333334,100.0,1.0,21.900673000004645,auto,,,,,,0,
1768445959832,Sunny,Day,0.08177083333333333,100.0,1.0,23.56637099998693,auto,,,,,,0,
1768445959864,Sunny,Day,0.08232421875,100.0,1.0,22.873011000001497,auto,,,,,,0,
1768445959895,Sunny,Day,0.08131510416666667,100.0,1.0,19.448622999988174,auto,,,,,,0,
1768445959928,Sunny,Day,0.08147786458333334,100.0,1.0,24.788607999994383,auto,,,,,,0,
1768445959959,Sunny,Day,0.08043619791666666,100.0,1.0,22.432236000014427,auto,,,,,,0,
1768445959990,Sunny,Day,0.080859375,100.0,2.0,23.196919000014304,auto,,,,,,0,
1768445960021,Sunny,Day,0.08128255208333333,100.0,3.0,23.96677400000158,auto,,,,,,0,
1768445960052,Sunny,Day,0.08059895833333333,100.0,5.0,23.250370999988945,auto,,,,,,0,
1768445960084,Sunny,Day,0.08186848958333333,100.0,6.0,22.93857500001195,auto,,,,,,0,
1768445960115,Sunny,Day,0.080859375,100.0,6.0,23.973326999993105,auto,,,,,,0,
1768445960146,Sunny,Day,0.08177083333333333,100.0,6.0,21.21946500000149,auto,,,,,,0,
1768445960178,Sunny,Day,0.08154296875,100.0,7.0,24.21644800000422,auto,,,,,,0,
1768445960210,Sunny,Day,0.0814453125,100.0,7.0,24.737268999984963,auto,,,,,,0,
1768445960241,Sunny,Day,0.08238932291666666,100.0,8.0,23.285653000016282,auto,,,,,,0,
1768445960272,Sunny,Day,0.0822265625,100.0,8.0,23.808991999999307,auto,,,,,,0,
1768445960303,Sunny,Day,0.08310546875,100.0,8.0,21.164013999992903,auto,,,,,,0,
1768445960340,Sunny,Day,0.08258463541666666,100.0,7.0,29.409727000000885,auto,,,,,,0,
1768445960367,Sunny,Day,0.08199869791666667,100.0,4.0,18.931824999981473,auto,,,,,,0,
1768445960397,Sunny,Day,0.08238932291666666,100.0,5.0,20.160136000015427,auto,,,,,,0,
1768445960429,Sunny,Day,0.08401692708333333,100.0,6.0,23.974901000002546,auto,,,,,,0,
1768445960460,Sunny,Day,0.082421875,100.0,4.0,23.848682999982884,auto,,,,,,0,
1768445960492,Sunny,Day,0.083203125,100.0,6.0,24.11519500000736,auto,,,,,,0,
1768445960525,Sunny,Day,0.08362630208333334,100.0,4.0,25.72570000000951,auto,,,,,,0,
1768445960557,Sunny,Day,0.08434244791666666,100.0,5.0,21.61756800001058,auto,,,,,,0,
1768445960587,Sunny,Day,0.08486328125,100.0,4.0,22.143462999991925,auto,,,,,,0,
1768445960617,Sunny,Day,0.08551432291666666,100.0,5.0,22.359340000008388,auto,,,,,,0,
1768445960649,Sunny,Day,0.08388671875,100.0,3.0,23.884057000003622,auto,,,,,,0,
1768445960680,Sunny,Day,0.08557942708333334,100.0,5.0,23.4537469999907,auto,,,,,,0,
1768445960711,Sunny,Day,0.08548177083333333,100.0,4.0,23.71105500000681,auto,,,,,,0,
1768445960743,Sunny,Day,0.08557942708333334,100.0,4.0,23.957047000010334,auto,,,,,,0,
1768445960774,Sunny,Day,0.08515625,100.0,4.0,24.203612999997404,auto,,,,,,0,
1768445960806,Sunny,Day,0.0859375,100.0,4.0,20.41090699998449,auto,,,,,,0,
1768445960837,Sunny,Day,0.086328125,100.0,5.0,24.045760999996446,auto,,,,,,0,
1768445960869,Sunny,Day,0.08860677083333333,100.0,8.0,21.944773000001305,auto,,,,,,0,
1768445960906,Sunny,Day,0.08831380208333334,100.0,8.0,27.67652199997883,auto,,,,,,0,
1768445960936,Sunny,Day,0.08785807291666667,100.0,8.0,18.858409000017673,auto,,,,,,0,
1768445960968,Sunny,Day,0.08841145833333333,100.0,9.0,20.27453899998477,auto,,,,,,0,
1768445961002,Sunny,Day,0.08909505208333333,100.0,11.0,22.184357000014643,auto,,,,,,0,
1768445961027,Sunny,Day,0.08929036458333334,100.0,13.0,16.389957000001232,auto,,,,,,0,
1768445961058,Sunny,Day,0.09176432291666667,100.0,15.0,21.168794999994134,auto,,,,,,0,
1768445961090,Sunny,Day,0.09140625,100.0,15.0,20.83946099998002,auto,,,,,,0,
1768445961122,Sunny,Day,0.09108072916666667,100.0,15.0,18.57165699999541,auto,,,,,,0,
1768445961155,Sunny,Day,0.09342447916666667,100.0,15.0,23.54153600001041,auto,,,,,,0,
1768445961185,Sunny,Day,0.09306640625,100.0,14.0,19.893719999998893,auto,,,,,,0,
1768445961216,Sunny,Day,0.09319661458333334,100.0,13.0,21.966370000001234,auto,,,,,,0,
1768445961248,Sunny,Day,0.09427083333333333,100.0,12.0,21.56780500001787,auto,,,,,,0,
1768445961279,Sunny,Day,0.09469401041666667,100.0,11.0,21.736824999976534,auto,,,,,,0,
1768445961312,Sunny,Day,0.09586588541666667,100.0,9.0,20.422725999992508,auto,,,,,,0,
1768445961342,Sunny,Day,0.09798177083333333,100.0,7.0,20.372850000001108,auto,,,,,,0,
1768445961374,Sunny,Day,0.10110677083333333,100.0,4.0,23.122894000010774,auto,,,,,,0,
1768445961406,Sunny,Day,0.10078125,100.0,0.0,20.965383000003612,auto,,,,,,0,
1768445961436,Sunny,Day,0.101953125,100.0,-2.0,21.123178000010512,auto,,,,,,0,
1768445961467,Sunny,Day,0.10250651041666667,100.0,-4.0,20.2038299999856,auto,,,,,,0,
1768445961500,Sunny,Day,0.10472005208333333,100.0,-8.0,22.497432000022854,auto,,,,,,0,
1768445961530,Sunny,Day,0.1064453125,100.0,-10.0,20.942472000001544,auto,,,,,,0,
1768445961563,Sunny,Day,0.108203125,100.0,-8.0,23.84244199998875,auto,,,,,,0,
1768445961593,Sunny,Day,0.11097005208333334,100.0,-8.0,20.734132999990607,auto,,,,,,0,
1768445961625,Sunny,Day,0.1109375,100.0,-5.0,22.180988000002344,auto,,,,,,0,
1768445961657,Sunny,Day,0.11002604166666667,100.0,-4.0,22.624633000020822,auto,,,,,,0,
1768445961689,Sunny,Day,0.10856119791666667,100.0,-6.0,21.280364000006102,auto,,,,,,0,
1768445961718,Sunny,Day,0.11175130208333334,100.0,1.0,19.132982999991555,auto,,,,,,0,
1768445961750,Sunny,Day,0.11175130208333334,100.0,2.0,22.29113000001348,auto,,,,,,0,
1768445961784,Sunny,Day,0.11276041666666667,100.0,3.0,24.278326000001016,auto,,,,,,0,
1768445961816,Sunny,Day,0.112890625,100.0,4.0,21.014739999998255,auto,,,,,,0,
1768445961845,Sunny,Day,0.11083984375,100.0,3.0,18.123604999999543,auto,,,,,,0,
1768445961876,Sunny,Day,0.11171875,100.0,3.0,21.38396799998077,auto,,,,,,0,
1768445961908,Sunny,Day,0.11100260416666667,100.0,1.0,21.078765999988036,auto,,,,,,0,
1768445961938,Sunny,Day,0.11061197916666667,100.0,2.0,19.801153999992493,auto,,,,,,0,
1768445961972,Sunny,Day,0.10934244791666667,100.0,0.0,23.938082000000804,auto,,,,,,0,
1768445962001,Sunny,Day,0.109765625,100.0,-2.0,18.818297999985134,auto,,,,,,0,
1768445962033,Sunny,Day,0.10869140625,100.0,-7.0,21.57282699999996,auto,,,,,,0,
1768445962065,Sunny,Day,0.10963541666666667,100.0,-7.0,22.844956999989563,auto,,,,,,0,
1768445962096,Sunny,Day,0.10973307291666666,100.0,-11.0,19.266965999975127,auto,,,,,,0,
1768445962127,Sunny,Day,0.11070963541666666,100.0,-17.0,21.402030000018613,auto,,,,,,0,
1768445962158,Sunny,Day,0.11624348958333333,100.0,-22.0,22.00422900000376,auto,,,,,,0,
1768445962190,Sunny,Day,0.12740885416666667,100.0,-32.0,21.247845000004872,auto,,,,,,0,
1768445962222,Sunny,Day,0.13177083333333334,100.0,-42.0,22.990787999987106,auto,,,,,,0,
1768445962253,Sunny,Day,0.13375651041666667,100.0,-43.0,20.207187000011118,auto,,,,,,0,
1768445962284,Sunny,Day,0.13440755208333333,100.0,-37.0,21.539674999985436,auto,,,,,,0,
1768445962315,Sunny,Day,0.13128255208333334,100.0,-28.0,21.28946100000917,auto,,,,,,0,
1768445962347,Sunny,Day,0.1263671875,100.0,-21.0,21.205895999997892,auto,,,,,,0,
1768445962380,Sunny,Day,0.11822916666666666,100.0,-20.0,23.54227899999728,auto,,,,,,0,
1768445962410,Sunny,Day,0.1111328125,100.0,-14.0,19.419169000002512,auto,,,,,,0,
1768445962441,Sunny,Day,0.10309244791666666,100.0,-10.0,21.409215999995013,auto,,,,,,0,
1768445962472,Sunny,Day,0.1,100.0,-2.0,21.317983000017193,auto,,,,,,0,
1768445962504,Sunny,Day,0.09615885416666667,100.0,1.0,21.17881800000987,auto,,,,,,0,
1768445962536,Sunny,Day,0.0931640625,100.0,6.0,23.276340999984768,auto,,,,,,0,
1768445962567,Sunny,Day,0.0923828125,100.0,7.0,21.415550000000394,auto,,,,,,0,
1768445962598,Sunny,Day,0.09303385416666667,100.0,11.0,20.832444000006944,auto,,,,,,0,
1768445962629,Sunny,Day,0.09371744791666667,100.0,10.0,21.552621000012095,auto,,,,,,0,
1768445962661,Sunny,Day,0.09619140625,100.0,11.0,21.84300700000108,auto,,,,,,0,
1768445962694,Sunny,Day,0.09817708333333333,100.0,10.0,23.792400000019143,auto,,,,,,0,
1768445962726,Sunny,Day,0.09934895833333333,100.0,10.0,22.103833000016948,auto,,,,,,0,
1768445962755,Sunny,Day,0.10104166666666667,100.0,9.0,18.08668099999977,auto,,,,,,0,
1768445962788,Sunny,Day,0.10139973958333333,100.0,8.0,25.898164000011548,auto,,,,,,0,
1768445962818,Sunny,Day,0.10309244791666666,100.0,4.0,20.382428999994318,auto,,,,,,0,
1768445962851,Sunny,Day,0.10224609375,100.0,-4.0,21.615572999991173,auto,,,,,,0,
1768445962881,Sunny,Day,0.10068359375,100.0,-2.0,20.112175000008392,auto,,,,,,0,
1768445962913,Sunny,Day,0.10149739583333334,100.0,-4.0,23.941602999997258,auto,,,,,,0,
1768445962945,Sunny,Day,0.10240885416666666,100.0,-2.0,22.92750399999477,auto,,,,,,0,
1768445962975,Sunny,Day,0.10130208333333333,100.0,-3.0,17.424288000000843,auto,,,,,,0,
1768445963006,Sunny,Day,0.09921875,100.0,-1.0,21.456049999983406,auto,,,,,,0,
1768445963038,Sunny,Day,0.09641927083333333,100.0,2.0,20.857470000009926,auto,,,,,,0,
1768445963069,Sunny,Day,0.09677734375,100.0,3.0,21.918074000012666,auto,,,,,,0,
1768445963101,Sunny,Day,0.09586588541666667,100.0,4.0,22.3324560000151,auto,,,,,,0,
1768445963132,Sunny,Day,0.0958984375,100.0,4.0,21.98606400000358,auto,,,,,,0,
1768445963163,Sunny,Day,0.09563802083333334,100.0,3.0,20.980613999995512,auto,,,,,,0,
1768445963197,Sunny,Day,0.09524739583333333,100.0,4.0,23.796531999977333,auto,,,,,,0,
1768445963228,Sunny,Day,0.09456380208333333,100.0,3.0,21.79437499998471,auto,,,,,,0,
1768445963258,Sunny,Day,0.09358723958333333,100.0,3.0,19.037019000023747,auto,,,,,,0,
1768445963289,Sunny,Day,0.09358723958333333,100.0,2.0,21.510008999996444,auto,,,,,,0,
1768445963321,Sunny,Day,0.09365234375,100.0,1.0,21.414348999996946,auto,,,,,,0,
1768445963352,Sunny,Day,0.09235026041666666,100.0,0.0,21.804080000009662,auto,,,,,,0,
1768445963383,Sunny,Day,0.09244791666666667,100.0,-2.0,21.339691999997967,auto,,,,,,0,
1768445963414,Sunny,Day,0.09150390625,100.0,-3.0,21.59535200001983,auto,,,,,,0,
1768445963449,Sunny,Day,0.091015625,100.0,-3.0,25.02541499998756,auto,,,,,,0,
1768445963477,Sunny,Day,0.08902994791666667,100.0,-3.0,18.18804899997417,auto,,,,,,0,
1768445963509,Sunny,Day,0.08636067708333334,100.0,-2.0,22.652252000000317,auto,,,,,,0,
1768445963546,Sunny,Day,0.084765625,100.0,1.0,27.550744999985,auto,,,,,,0,
1768445963571,Sunny,Day,0.08375651041666667,100.0,2.0,14.965287999984866,auto,,,,,,0,
1768445963607,Sunny,Day,0.08304036458333333,100.0,4.0,25.595777000006592,auto,,,,,,0,
1768445963635,Sunny,Day,0.08323567708333333,100.0,4.0,18.080908000001727,auto,,,,,,0,
1768445963667,Sunny,Day,0.08186848958333333,100.0,6.0,23.11369400001695,auto,,,,,,0,
1768445963698,Sunny,Day,0.07926432291666667,100.0,8.0,19.863763000017798,auto,,,,,,0,
1768445963730,Sunny,Day,0.0779296875,100.0,12.0,19.330330000002505,auto,,,,,,0,
1768445963760,Sunny,Day,0.08138020833333333,100.0,17.0,20.03057799998942,auto,,,,,,0,
1768445963791,Sunny,Day,0.08193359375,100.0,17.0,21.800133999988702,auto,,,,,,0,
1768445963825,Sunny,Day,0.08271484375,100.0,17.0,23.829981000005773,auto,,,,,,0,
1768445963854,Sunny,Day,0.08157552083333333,100.0,18.0,19.83783400001471,auto,,,,,,0,
1768445963886,Sunny,Day,0.08193359375,100.0,17.0,21.6807689999996,auto,,,,,,0,
1768445963919,Sunny,Day,0.08177083333333333,100.0,15.0,23.586192999999867,auto,,,,,,0,
1768445963949,Sunny,Day,0.08336588541666666,100.0,13.0,21.042101999995566,auto,,,,,,0,
1768445963980,Sunny,Day,0.083203125,100.0,11.0,21.060586000004378,auto,,,,,,0,
1768445964013,Sunny,Day,0.08271484375,100.0,9.0,23.997103999988667,auto,,,,,,0,
1768445964042,Sunny,Day,0.08264973958333334,100.0,6.0,20.55051400000707,auto,,,,,,0,
1768445964074,Sunny,Day,0.08362630208333334,100.0,4.0,21.378701000003275,auto,,,,,,0,
1768445964105,Sunny,Day,0.08430989583333333,100.0,3.0,21.99793899998781,auto,,,,,,0,
1768445964138,Sunny,Day,0.08404947916666666,100.0,5.0,23.191558000007717,auto,,,,,,0,
1768445964169,Sunny,Day,0.0814453125,100.0,7.0,20.812914000003957,auto,,,,,,0,
1768445964200,Sunny,Day,0.08287760416666666,100.0,8.0,21.14317400000232,auto,,,,,,0,
1768445964233,Sunny,Day,0.0822265625,100.0,9.0,26.1485089999951,auto,,,,,,0,
1768445964264,Sunny,Day,0.0810546875,100.0,10.0,20.236272999994753,auto,,,,,,0,
1768445964295,Sunny,Day,0.0828125,100.0,10.0,20.940984000020535,auto,,,,,,0,
1768445964327,Sunny,Day,0.08111979166666666,100.0,10.0,21.63667499999633,auto,,,,,,0,
1768445964358,Sunny,Day,0.07965494791666666,100.0,10.0,17.40639199999805,auto,,,,,,0,
1768445964388,Sunny,Day,0.08030598958333333,100.0,10.0,18.329628000003595,auto,,,,,,0,
1768445964422,Sunny,Day,0.07932942708333333,100.0,11.0,23.545451000018147,auto,,,,,,0,
1768445964452,Sunny,Day,0.07877604166666667,100.0,11.0,20.66080399998782,auto,,,,,,0,
1768445964483,Sunny,Day,0.07783203125,100.0,11.0,20.595833000015773,auto,,,,,,0,
1768445964514,Sunny,Day,0.07545572916666667,100.0,11.0,21.19762499998501,auto,,,,,,0,
1768445964545,Sunny,Day,0.07203776041666667,100.0,11.0,21.12628399999039,auto,,,,,,0,
1768445964577,Sunny,Day,0.07509765625,100.0,7.0,17.890688999983695,auto,,,,,,0,
1768445964608,Sunny,Day,0.07731119791666667,100.0,5.0,20.57305299999257,auto,,,,,,0,
1768445964640,Sunny,Day,0.0794921875,100.0,2.0,19.609349999996084,auto,,,,,,0,
1768445964671,Sunny,Day,0.0791015625,100.0,-2.0,21.65840000000685,auto,,,,,,0,
1768445964703,Sunny,Day,0.08196614583333334,100.0,-3.0,21.84464399999797,auto,,,,,,0,
1768445964734,Sunny,Day,0.08157552083333333,100.0,-6.0,21.817455000018526,auto,,,,,,0,
1768445964765,Sunny,Day,0.0822265625,100.0,-9.0,20.91429600000083,auto,,,,,,0,
1768445964797,Sunny,Day,0.08258463541666666,100.0,-11.0,21.965361000013672,auto,,,,,,0,
1768445964830,Sunny,Day,0.08209635416666666,100.0,-12.0,23.87659999999414,auto,,,,,,0,
1768445964860,Sunny,Day,0.07994791666666666,100.0,-14.0,19.988151999996262,auto,,,,,,0,
1768445964894,Sunny,Day,0.08229166666666667,100.0,-16.0,25.06699500000309,auto,,,,,,0,
1768445964922,Sunny,Day,0.08356119791666666,100.0,-16.0,18.42278699999156,auto,,,,,,0,
1768445964954,Sunny,Day,0.08147786458333334,100.0,-15.0,21.93152399999576,auto,,,,,,0,
1768445964988,Sunny,Day,0.08017578125,100.0,-15.0,25.14485700001501,auto,,,,,,0,
1768445965016,Sunny,Day,0.08095703125,100.0,-15.0,16.990113000019846,auto,,,,,,0,
1768445965047,Sunny,Day,0.08177083333333333,100.0,-15.0,20.5291270000032,auto,,,,,,0,
1768445965080,Sunny,Day,0.08323567708333333,100.0,-14.0,23.438551999987567,auto,,,,,,0,
1768445965110,Sunny,Day,0.08388671875,100.0,-14.0,18.424903999999742,auto,,,,,,0,
1768445965144,Sunny,Day,0.08385416666666666,100.0,-14.0,23.909736000007342,auto,,,,,,0,
1768445965173,Sunny,Day,0.08255208333333333,100.0,-13.0,18.72588399999131,auto,,,,,,0,
1768445965205,Sunny,Day,0.08349609375,100.0,-12.0,20.898131999985026,auto,,,,,,0,
1768445965236,Sunny,Day,0.08125,100.0,-12.0,21.22809600001574,auto,,,,,,0,
1768445965268,Sunny,Day,0.083203125,100.0,-13.0,20.54373900000428,auto,,,,,,0,
1768445965300,Sunny,Day,0.08291015625,100.0,-13.0,22.054319999995187,auto,,,,,,0,
1768445965330,Sunny,Day,0.0828125,100.0,-12.0,19.236572000011165,auto,,,,,,0,
1768445965362,Sunny,Day,0.08053385416666667,100.0,-12.0,21.11591599998519,auto,,,,,,0,
1768445965394,Sunny,Day,0.08209635416666666,100.0,-11.0,21.243061000006946,auto,,,,,,0,
1768445965424,Sunny,Day,0.0822265625,100.0,-12.0,20.934081000007154,auto,,,,,,0,
1768445965456,Sunny,Day,0.08128255208333333,100.0,-12.0,21.83964700000729,auto,,,,,,0,
1768445965488,Sunny,Day,0.08147786458333334,100.0,-12.0,21.54376100000377,auto,,,,,,0,
1768445965519,Sunny,Day,0.08141276041666666,100.0,-12.0,15.759561999999505,auto,,,,,,0,
1768445965550,Sunny,Day,0.08203125,100.0,-12.0,20.56674199999975,auto,,,,,,0,
1768445965582,Sunny,Day,0.07877604166666667,100.0,-11.0,19.417240000024094,auto,,,,,,0,
1768445965613,Sunny,Day,0.07819010416666666,100.0,-11.0,20.440395000008493,auto,,,,,,0,
1768445965646,Sunny,Day,0.07444661458333333,100.0,-12.0,23.10555200000408,auto,,,,,,0,
1768445965676,Sunny,Day,0.07662760416666667,100.0,-10.0,20.08576200000789,auto,,,,,,0,
1768445965707,Sunny,Day,0.07770182291666666,100.0,-11.0,21.177441999981284,auto,,,,,,0,
1768445965739,Sunny,Day,0.07591145833333333,100.0,-13.0,18.793631999983518,auto,,,,,,0,
1768445965770,Sunny,Day,0.07662760416666667,100.0,-12.0,22.422102999996696,auto,,,,,,0,
1768445965801,Sunny,Day,0.07721354166666666,100.0,-12.0,21.35912900001813,auto,,,,,,0,
1768445965833,Sunny,Day,0.07945963541666666,100.0,-12.0,21.98629299999766,auto,,,,,,0,
1768445965866,Sunny,Day,0.07906901041666667,100.0,-12.0,22.50446400000783,auto,,,,,,0,
1768445965898,Sunny,Day,0.07630208333333334,100.0,-10.0,21.374334000000772,auto,,,,,,0,
1768445965927,Sunny,Day,0.07545572916666667,100.0,-11.0,18.938611999999466,auto,,,,,,0,
1768445965958,Sunny,Day,0.07679036458333334,100.0,-13.0,23.580217000017,auto,,,,,,0,
1768445965990,Sunny,Day,0.07522786458333333,100.0,-12.0,22.190723999983675,auto,,,,,,0,
1768445966021,Sunny,Day,0.07591145833333333,100.0,-13.0,22.148133000001735,auto,,,,,,0,
1768445966052,Sunny,Day,0.07708333333333334,100.0,-12.0,21.678319000017154,auto,,,,,,0,
1768445966084,Sunny,Day,0.07532552083333334,100.0,-12.0,22.212195000008705,auto,,,,,,0,
1768445966115,Sunny,Day,0.07626953125,100.0,-13.0,20.483738999985235,auto,,,,,,0,
1768445966147,Sunny,Day,0.07584635416666667,100.0,-12.0,22.429181999996217,auto,,,,,,0,
1768445966179,Sunny,Day,0.07425130208333333,100.0,-12.0,22.729883000010886,auto,,,,,,0,
1768445966210,Sunny,Day,0.07503255208333333,100.0,-13.0,20.670666999990317,auto,,,,,,0,
1768445966241,Sunny,Day,0.07600911458333333,100.0,-12.0,21.498854000014944,auto,,,,,,0,
1768445966273,Sunny,Day,0.07711588541666667,100.0,-13.0,21.77460699999756,auto,,,,,,0,
1768445966304,Sunny,Day,0.07776692708333334,100.0,-14.0,21.39554499999008,auto,,,,,,0,
1768445966336,Sunny,Day,0.07740885416666667,100.0,-14.0,22.228956000020617,auto,,,,,,0,
1768445966368,Sunny,Day,0.07486979166666667,100.0,-14.0,22.175949000001083,auto,,,,,,0,
1768445966398,Sunny,Day,0.07454427083333333,100.0,-15.0,16.237014000012095,auto,,,,,,0,
1768445966430,Sunny,Day,0.07594401041666667,100.0,-15.0,21.03478300000461,auto,,,,,,0,
1768445966460,Sunny,Day,0.07672526041666666,100.0,-14.0,20.360447000001614,auto,,,,,,0,
1768445966492,Sunny,Day,0.07496744791666667,100.0,-15.0,22.350469000002704,auto,,,,,,0,
1768445966523,Sunny,Day,0.0765625,100.0,-15.0,20.070618000005425,auto,,,,,,0,
1768445966555,Sunny,Day,0.07568359375,100.0,-17.0,19.212834000001067,auto,,,,,,0,
1768445966586,Sunny,Day,0.07861328125,100.0,-16.0,21.97109299999056,auto,,,,,,0,
1768445966618,Sunny,Day,0.07620442708333333,100.0,-17.0,21.397213000000193,auto,,,,,,0,
1768445966649,Sunny,Day,0.07718098958333333,100.0,-18.0,20.477052000018148,auto,,,,,,0,
1768445966684,Sunny,Day,0.07552083333333333,100.0,-17.0,25.410335999993094,auto,,,,,,0,
1768445966714,Sunny,Day,0.07727864583333334,100.0,-17.0,20.10017700001754,auto,,,,,,0,
1768445966744,Sunny,Day,0.07633463541666667,100.0,-17.0,19.492459000019835,auto,,,,,,0,
1768445966775,Sunny,Day,0.07574869791666666,100.0,-18.0,21.312907000009318,auto,,,,,,0,
1768445966806,Sunny,Day,0.0755859375,100.0,-18.0,22.077327000005198,auto,,,,,,0,
1768445966838,Sunny,Day,0.07662760416666667,100.0,-18.0,20.893341000004284,auto,,,,,,0,
1768445966868,Sunny,Day,0.07574869791666666,100.0,-18.0,21.812538000006043,auto,,,,,,0,
1768445966900,Sunny,Day,0.07740885416666667,100.0,-19.0,22.190136000006078,auto,,,,,,0,
1768445966932,Sunny,Day,0.07623697916666666,100.0,-19.0,22.609628999987308,auto,,,,,,0,
1768445966963,Sunny,Day,0.07161458333333333,100.0,-20.0,22.390919000002896,auto,,,,,,0,
1768445966995,Sunny,Day,0.07405598958333333,100.0,-19.0,22.348710000017036,auto,,,,,,0,
1768445967027,Sunny,Day,0.0724609375,100.0,-20.0,22.82563999997933,auto,,,,,,0,
1768445967058,Sunny,Day,0.06751302083333334,100.0,-21.0,21.356510000003937,auto,,,,,,0,
1768445967090,Sunny,Day,0.06888020833333333,100.0,-21.0,21.025231999999505,auto,,,,,,0,
1768445967123,Sunny,Day,0.06949869791666667,100.0,-21.0,23.814305999991348,auto,,,,,,0,
1768445967154,Sunny,Day,0.07099609375,100.0,-22.0,19.5489719999955,auto,,,,,,0,
1768445967183,Sunny,Day,0.06901041666666667,100.0,-22.0,19.53854499998897,auto,,,,,,0,
1768445967214,Sunny,Day,0.06555989583333334,100.0,-20.0,21.71966200000952,auto,,,,,,0,
1768445967247,Sunny,Day,0.06572265625,100.0,-20.0,23.5686490000262,auto,,,,,,0,
1768445967278,Sunny,Day,0.06682942708333334,100.0,-19.0,20.494689999992488,auto,,,,,,0,
1768445967309,Sunny,Day,0.06549479166666666,100.0,-18.0,20.919552999998814,auto,,,,,,0,
1768445967341,Sunny,Day,0.064453125,100.0,-26.0,21.91886999997905,auto,,,,,,0,
1768445967372,Sunny,Day,0.06318359375,100.0,-27.0,21.707754000004797,auto,,,,,,0,
1768445967404,Sunny,Day,0.061783854166666666,100.0,-27.0,20.969948000015393,auto,,,,,,0,
1768445967435,Sunny,Day,0.061783854166666666,100.0,-26.0,21.27429699999084,auto,,,,,,0,
1768445967466,Sunny,Day,0.05846354166666667,100.0,-26.0,18.6145700000111,auto,,,,,,0,
1768445967497,Sunny,Day,0.05556640625,100.0,-27.0,21.853528999997707,auto,,,,,,0,
1768445967529,Sunny,Day,0.06002604166666667,100.0,-24.0,22.71288599999366,auto,,,,,,0,
1768445967560,Sunny,Day,0.058756510416666664,100.0,-24.0,21.3919770000075,auto,,,,,,0,
1768445967591,Sunny,Day,0.05530598958333333,100.0,-25.0,21.36551099999906,auto,,,,,,0,
1768445967623,Sunny,Day,0.05276692708333333,100.0,-25.0,21.825062999994316,auto,,,,,,0,
1768445967655,Sunny,Day,0.05553385416666667,100.0,-23.0,21.66704499998673,auto,,,,,,0,
1768445967686,Sunny,Day,0.05625,100.0,-23.0,21.334136999996645,auto,,,,,,0,
1768445967717,Sunny,Day,0.05380859375,100.0,-24.0,21.838323999986642,auto,,,,,,0,
1768445967750,Sunny,Day,0.051041666666666666,100.0,-26.0,22.884887000003573,auto,,,,,,0,
1768445967780,Sunny,Day,0.050553385416666666,100.0,-11.0,19.917217999989134,auto,,,,,,0,
1768445967812,Sunny,Day,0.0482421875,96.484375,-8.0,24.16653200000951,auto,,,,,,0,
1768445967844,Sunny,Day,0.046712239583333336,93.42447916666667,-11.0,22.141988000015544,auto,,,,,,0,
1768445967875,Sunny,Day,0.042154947916666664,84.30989583333333,-14.0,18.51422600000774,auto,,,,,,0,
1768445967906,Sunny,Day,0.04016927083333333,80.33854166666667,-16.0,21.232809999986557,auto,,,,,,0,
1768445967938,Sunny,Day,0.04944661458333333,98.89322916666667,-16.0,22.00971299998855,auto,,,,,,0,
1768445967968,Sunny,Day,0.052994791666666666,100.0,-17.0,20.17533900001922,auto,,,,,,0,
1768445967999,Sunny,Day,0.05426432291666667,100.0,-21.0,21.99502599998482,auto,,,,,,0,
1768445968031,Sunny,Day,0.0546875,100.0,-25.0,23.629198000008955,auto,,,,,,0,
1768445968064,Sunny,Day,0.06106770833333333,100.0,-23.0,22.890873000022793,auto,,,,,,0,
1768445968094,Sunny,Day,0.06318359375,100.0,-24.0,20.137415999982977,auto,,,,,,0,
1768445968125,Sunny,Day,0.0607421875,100.0,-23.0,21.83075399997847,auto,,,,,,0,
1768445968159,Sunny,Day,0.05553385416666667,100.0,-25.0,23.228114999994887,auto,,,,,,0,
1768445968188,Sunny,Day,0.061783854166666666,100.0,-21.0,19.20794099999057,auto,,,,,,0,
1768445968220,Sunny,Day,0.05966796875,100.0,-22.0,22.0913400000029,auto,,,,,,0,
1768445968253,Sunny,Day,0.05953776041666667,100.0,-22.0,22.000773000002027,auto,,,,,,0,
1768445968282,Sunny,Day,0.056868489583333334,100.0,-22.0,19.869662999980164,auto,,,,,,0,
1768445968314,Sunny,Day,0.05865885416666667,100.0,-22.0,21.898668999995152,auto,,,,,,0,
1768445968345,Sunny,Day,0.060709635416666664,100.0,-22.0,21.740800000003446,auto,,,,,,0,
1768445968377,Sunny,Day,0.06057942708333333,100.0,-22.0,21.156660000002603,auto,,,,,,0,
1768445968408,Sunny,Day,0.0599609375,100.0,-22.0,20.519366000002037,auto,,,,,,0,
1768445968440,Sunny,Day,0.05846354166666667,100.0,-24.0,21.290305000007947,auto,,,,,,0,
1768445968471,Sunny,Day,0.05849609375,100.0,-23.0,20.6809210000074,auto,,,,,,0,
1768445968502,Sunny,Day,0.05859375,100.0,-24.0,20.69229300002462,auto,,,,,,0,
1768445968534,Sunny,Day,0.061751302083333334,100.0,-23.0,22.996107999972537,auto,,,,,,0,
1768445968566,Sunny,Day,0.05970052083333333,100.0,-23.0,21.92661699999121,auto,,,,,,0,
1768445968596,Sunny,Day,0.060872395833333336,100.0,-22.0,20.16714100000172,auto,,,,,,0,
1768445968628,Sunny,Day,0.05992838541666667,100.0,-23.0,21.871314999998503,auto,,,,,,0,
1768445968659,Sunny,Day,0.06018880208333333,100.0,-23.0,21.690053000014586,auto,,,,,,0,
1768445968692,Sunny,Day,0.05852864583333333,100.0,-24.0,23.729672000001756,auto,,,,,,0,
1768445968722,Sunny,Day,0.05719401041666667,100.0,-22.0,20.188644000000977,auto,,,,,,0,
1768445968754,Sunny,Day,0.06165364583333333,100.0,-22.0,21.886428000016167,auto,,,,,,0,
1768445968785,Sunny,Day,0.06041666666666667,100.0,-22.0,21.263191000002735,auto,,,,,,0,
1768445968817,Sunny,Day,0.055078125,100.0,-25.0,21.424097000021902,auto,,,,,,0,
1768445968848,Sunny,Day,0.05572916666666667,100.0,-25.0,20.96082300002422,auto,,,,,,0,
1768445968879,Sunny,Day,0.06064453125,100.0,-22.0,21.56544600001098,auto,,,,,,0,
1768445968910,Sunny,Day,0.060774739583333334,100.0,-22.0,21.831051000020807,auto,,,,,,0,
1768445968942,Sunny,Day,0.05651041666666667,100.0,-24.0,21.97188200000255,auto,,,,,,0,
1768445968973,Sunny,Day,0.055989583333333336,100.0,-24.0,21.355961000011803,auto,,,,,,0,
1768445969005,Sunny,Day,0.05869140625,100.0,-24.0,20.804693000002317,auto,,,,,,0,
1768445969036,Sunny,Day,0.06103515625,100.0,-23.0,21.571991000001844,auto,,,,,,0,
1768445969069,Sunny,Day,0.05904947916666667,100.0,-25.0,23.61464599999863,auto,,,,,,0,
1768445969099,Sunny,Day,0.051985677083333334,100.0,-28.0,21.254639999995106,auto,,,,,,0,
1768445969130,Sunny,Day,0.05791015625,100.0,-25.0,22.161964000019907,auto,,,,,,0,
1768445969162,Sunny,Day,0.06171875,100.0,-24.0,21.465793000004396,auto,,,,,,0,
1768445969192,Sunny,Day,0.05849609375,100.0,-26.0,21.62442200000214,auto,,,,,,0,
1768445969224,Sunny,Day,0.057845052083333334,100.0,-26.0,22.223803999992242,auto,,,,,,0,
1768445969256,Sunny,Day,0.058854166666666666,100.0,-25.0,23.11249699999962,auto,,,,,,0,
1768445969287,Sunny,Day,0.0607421875,100.0,-25.0,21.254343999999037,auto,,,,,,0,
1768445969319,Sunny,Day,0.05862630208333333,100.0,-25.0,21.387563000018872,auto,,,,,,0,
1768445969351,Sunny,Day,0.06025390625,100.0,-24.0,19.797588000017186,auto,,,,,,0,
1768445969382,Sunny,Day,0.05846354166666667,100.0,-25.0,21.089918000001262,auto,,,,,,0,
1768445969413,Sunny,Day,0.05927734375,100.0,-25.0,20.731044000001475,auto,,,,,,0,
1768445969446,Sunny,Day,0.06110026041666667,100.0,-24.0,22.97951900001749,auto,,,,,,0,
1768445969477,Sunny,Day,0.05953776041666667,100.0,-26.0,21.689096000017116,auto,,,,,,0,
1768445969507,Sunny,Day,0.059244791666666664,100.0,-26.0,19.575989000003347,auto,,,,,,0,
1768445969540,Sunny,Day,0.06282552083333333,100.0,-22.0,23.22589800002106,auto,,,,,,0,
1768445969571,Sunny,Day,0.06490885416666667,100.0,-22.0,20.04705999999601,auto,,,,,,0,
1768445969602,Sunny,Day,0.058984375,100.0,-27.0,20.61781000000451,auto,,,,,,0,
1768445969633,Sunny,Day,0.05703125,100.0,-28.0,21.34176100000218,auto,,,,,,0,
1768445969664,Sunny,Day,0.05797526041666667,100.0,-27.0,20.69846699998834,auto,,,,,,0,
1768445969696,Sunny,Day,0.0642578125,100.0,-23.0,22.043153999987908,auto,,,,,,0,
1768445969727,Sunny,Day,0.06165364583333333,100.0,-24.0,20.574693000014577,auto,,,,,,0,
1768445969759,Sunny,Day,0.059830729166666666,100.0,-26.0,22.943384999990712,auto,,,,,,0,
1768445969791,Sunny,Day,0.058854166666666666,100.0,-25.0,22.267494999994142,auto,,,,,,0,
1768445969820,Sunny,Day,0.06201171875,100.0,-23.0,20.092342999987522,auto,,,,,,0,
1768445969854,Sunny,Day,0.06204427083333333,100.0,-22.0,24.262237000016285,auto,,,,,,0,
1768445969884,Sunny,Day,0.05986328125,100.0,-24.0,20.639533999997184,auto,,,,,,0,
1768445969915,Sunny,Day,0.059342447916666666,100.0,-26.0,18.109046999995826,auto,,,,,,0,
1768445969947,Sunny,Day,0.05970052083333333,100.0,-25.0,20.929621999982828,auto,,,,,,0,
1768445969978,Sunny,Day,0.06204427083333333,100.0,-25.0,18.05828199999837,auto,,,,,,0,
1768445970010,Sunny,Day,0.06370442708333333,100.0,-27.0,19.654067000004716,auto,,,,,,0,
1768445970041,Sunny,Day,0.058756510416666664,100.0,-30.0,20.018249000003152,auto,,,,,,0,
1768445970072,Sunny,Day,0.06282552083333333,100.0,-29.0,21.473152999988088,auto,,,,,,0,
1768445970104,Sunny,Day,0.06429036458333333,100.0,-28.0,22.756648000012092,auto,,,,,,0,
1768445970135,Sunny,Day,0.06025390625,100.0,-32.0,20.7224760000031,auto,,,,,,0,
1768445970166,Sunny,Day,0.06240234375,100.0,-32.0,20.65246800000864,auto,,,,,,0,
1768445970198,Sunny,Day,0.0568359375,100.0,-37.0,21.15039499997806,auto,,,,,,0,
1768445970229,Sunny,Day,0.056315104166666664,100.0,-33.0,20.609945999979118,auto,,,,,,0,
1768445970262,Sunny,Day,0.05377604166666667,100.0,-28.0,22.997637000003124,auto,,,,,,0,
1768445970294,Sunny,Day,0.0501953125,100.0,-29.0,20.190880000001243,auto,,,,,,0,
1768445970324,Sunny,Day,0.042220052083333334,84.44010416666667,-38.0,18.66130199999816,auto,,,,,,0,
1768445970355,Sunny,Day,0.04505208333333333,90.10416666666667,-40.0,20.109815000012077,auto,,,,,,0,
1768445970386,Sunny,Day,0.04736328125,94.7265625,-33.0,20.283852999995133,auto,,,,,,0,
1768445970417,Sunny,Day,0.04000651041666667,80.01302083333334,-29.0,20.87321599998404,auto,,,,,,0,
1768445970448,Sunny,Day,0.03518880208333333,70.37760416666666,-30.0,19.822283999985757,auto,,,,,,0,
1768445970481,Sunny,Day,0.030729166666666665,61.45833333333333,-35.0,23.054811000008613,auto,,,,,,0,
1768445970513,Sunny,Day,0.03610026041666667,72.20052083333334,-98.0,22.081721000006382,auto,,,,,,0,
1768445970543,Sunny,Day,0.035807291666666664,71.61458333333333,-46.0,19.631409999988136,auto,,,,,,0,
1768445970577,Sunny,Day,0.03317057291666667,66.34114583333334,-45.0,22.440297999992254,auto,,,,,,0,
1768445970607,Sunny,Day,0.030436197916666668,60.872395833333336,-87.0,21.124983999982305,auto,,,,,,0,
1768445970637,Sunny,Day,0.021842447916666667,43.684895833333336,-77.0,17.260682999989285,auto,,,,,,0,
1768445970670,Sunny,Day,0.019498697916666665,38.99739583333333,-75.0,23.66630399998826,auto,,,,,,0,
1768445970700,Sunny,Day,0.021809895833333332,43.619791666666664,-70.0,19.48761599999216,auto,,,,,,0,
1768445970732,Sunny,Day,0.02099609375,41.9921875,-32.0,16.500117000020964,auto,,,,,,0,
1768445970763,Sunny,Day,0.023502604166666666,47.005208333333336,-34.0,21.55297699999892,auto,,,,,,0,
1768445970794,Sunny,Day,0.024348958333333334,48.697916666666664,-53.0,21.97239399998807,auto,,,,,,0,
1768445970830,Sunny,Day,0.024837239583333334,49.674479166666664,-46.0,25.62450400000671,auto,,,,,,0,
1768445970858,Sunny,Day,0.024186197916666666,48.37239583333333,-38.0,18.378048999977636,auto,,,,,,0,
1768445970890,Sunny,Day,0.026790364583333334,53.580729166666664,-40.0,22.850509999983615,auto,,,,,,0,
1768445970922,Sunny,Day,0.0162109375,32.421875,-4.0,21.948465000008355,auto,,,,,,0,
1768445970952,Sunny,Day,0.020703125,41.40625,-31.0,19.52056499999344,auto,,,,,,0,
1768445970984,Sunny,Day,0.023079427083333333,46.158854166666664,-30.0,21.261406999997234,auto,,,,,,0,
1768445971015,Sunny,Day,0.025455729166666666,50.911458333333336,-25.0,20.01053999998703,auto,,,,,,0,
1768445971050,Sunny,Day,0.026888020833333335,53.77604166666667,-22.0,24.537129000009372,auto,,,,,,0,
1768445971077,Sunny,Day,0.027278645833333334,54.557291666666664,-20.0,16.97056800000496,auto,,,,,,0,
1768445971109,Sunny,Day,0.02705078125,54.1015625,-20.0,17.308143000008158,auto,,,,,,0,
1768445971140,Sunny,Day,0.03115234375,62.3046875,-17.0,16.776490000012245,auto,,,,,,0,
1768445971172,Sunny,Day,0.0326171875,65.234375,-18.0,21.33243999998058,auto,,,,,,0,
1768445971206,Sunny,Day,0.030794270833333335,61.58854166666667,-16.0,25.014940999994906,auto,,,,,,0,
1768445971235,Sunny,Day,0.03411458333333333,68.22916666666666,-18.0,15.882021000010127,auto,,,,,,0,
1768445971266,Sunny,Day,0.03671875,73.4375,-21.0,21.35994299999311,auto,,,,,,0,
1768445971297,Sunny,Day,0.03665364583333333,73.30729166666666,-21.0,22.121528000013768,auto,,,,,,0,
1768445971328,Sunny,Day,0.03671875,73.4375,-18.0,21.46721500000126,auto,,,,,,0,
1768445971360,Sunny,Day,0.03876953125,77.5390625,-20.0,17.18618500001412,auto,,,,,,0,
1768445971391,Sunny,Day,0.04007161458333333,80.14322916666666,-18.0,21.235114999996085,auto,,,,,,0,
1768445971423,Sunny,Day,0.03828125,76.5625,-18.0,22.711204000017915,auto,,,,,,0,
1768445971454,Sunny,Day,0.04033203125,80.6640625,-20.0,20.68022000000269,auto,,,,,,0,
1768445971486,Sunny,Day,0.04228515625,84.5703125,-17.0,22.671940999998696,auto,,,,,,0,
1768445971517,Sunny,Day,0.04401041666666667,88.02083333333334,-18.0,21.170588999979145,auto,,,,,,0,
1768445971549,Sunny,Day,0.04479166666666667,89.58333333333333,-21.0,21.065373999988424,auto,,,,,,0,
1768445971580,Sunny,Day,0.04423828125,88.4765625,-20.0,21.389873000003945,auto,,,,,,0,
1768445971612,Sunny,Day,0.04391276041666667,87.82552083333334,-21.0,20.883984000022338,auto,,,,,,0,
1768445971645,Sunny,Day,0.04694010416666667,93.88020833333334,-17.0,21.619473000015432,auto,,,,,,0,
1768445971676,Sunny,Day,0.04505208333333333,90.10416666666667,-20.0,16.78058400000282,auto,,,,,,0,
1768445971709,Sunny,Day,0.04837239583333333,96.74479166666666,-19.0,23.300659000000223,auto,,,,,,0,
1768445971738,Sunny,Day,0.049153645833333336,98.30729166666667,-20.0,22.58880200000135,auto,,,,,,0,
1768445971768,Sunny,Day,0.05130208333333333,100.0,-18.0,19.649939000004224,auto,,,,,,0,
1768445971800,Sunny,Day,0.05237630208333333,100.0,-22.0,21.68160900001226,auto,,,,,,0,
1768445971831,Sunny,Day,0.053548177083333336,100.0,-25.0,19.984383999997135,auto,,,,,,0,
1768445971863,Sunny,Day,0.05481770833333333,100.0,-24.0,20.217909000024292,auto,,,,,,0,
1768445971894,Sunny,Day,0.055924479166666666,100.0,-20.0,24.190293999993173,auto,,,,,,0,
1768445971925,Sunny,Day,0.057942708333333336,100.0,-25.0,21.430581000004167,auto,,,,,,0,
1768445971957,Sunny,Day,0.05807291666666667,100.0,-24.0,20.543316000015466,auto,,,,,,0,
1768445971989,Sunny,Day,0.055859375,100.0,-22.0,18.408800999992536,auto,,,,,,0,
1768445972021,Sunny,Day,0.05286458333333333,100.0,-19.0,21.674619000009443,auto,,,,,,0,
1768445972052,Sunny,Day,0.06357421875,100.0,-22.0,21.13222200000564,auto,,,,,,0,
1768445972083,Sunny,Day,0.06302083333333333,100.0,-20.0,20.26001499999097,auto,,,,,,0,
1768445972114,Sunny,Day,0.06002604166666667,100.0,-20.0,19.871712999986357,auto,,,,,,0,
1768445972146,Sunny,Day,0.0634765625,100.0,-22.0,20.687210000005507,auto,,,,,,0,
1768445972178,Sunny,Day,0.06956380208333333,100.0,-19.0,19.58125400000199,auto,,,,,,0,
1768445972208,Sunny,Day,0.06614583333333333,100.0,-24.0,19.288222000000133,auto,,,,,,0,
1768445972239,Sunny,Day,0.07119140625,100.0,-26.0,19.769144999997934,auto,,,,,,0,
1768445972271,Sunny,Day,0.07184244791666666,100.0,-25.0,18.12940900001081,auto,,,,,,0,
1768445972303,Sunny,Day,0.07311197916666666,100.0,-22.0,22.46483199999716,auto,,,,,,0,
1768445972334,Sunny,Day,0.07744140625,100.0,-25.0,19.190618999999742,auto,,,,,,0,
1768445972366,Sunny,Day,0.07509765625,100.0,-29.0,21.301444999977548,auto,,,,,,0,
1768445972396,Sunny,Day,0.07096354166666667,100.0,-30.0,20.03958200000966,auto,,,,,,0,
1768445972427,Sunny,Day,0.07493489583333333,100.0,-23.0,22.05986199999188,auto,,,,,,0,
1768445972460,Sunny,Day,0.07535807291666667,100.0,-26.0,24.057693000003155,auto,,,,,,0,
1768445972490,Sunny,Day,0.0740234375,100.0,-23.0,20.541545000014594,auto,,,,,,0,
1768445972523,Sunny,Day,0.07194010416666667,100.0,-27.0,23.645666000021492,auto,,,,,,0,
1768445972554,Sunny,Day,0.07044270833333334,100.0,-21.0,20.792888000016774,auto,,,,,,0,
1768445972585,Sunny,Day,0.0751953125,100.0,-22.0,19.69100700000581,auto,,,,,,0,
1768445972617,Sunny,Day,0.07789713541666667,100.0,-24.0,21.738011000024926,auto,,,,,,0,
1768445972648,Sunny,Day,0.07893880208333333,100.0,-26.0,19.548435999979574,auto,,,,,,0,
1768445972683,Sunny,Day,0.07122395833333334,100.0,-22.0,21.669299999985014,auto,,,,,,0,
1768445972711,Sunny,Day,0.07320963541666667,100.0,-21.0,18.219326999997065,auto,,,,,,0,
1768445972743,Sunny,Day,0.0771484375,100.0,-26.0,21.082494999973278,auto,,,,,,0,
1768445972776,Sunny,Day,0.079296875,100.0,-28.0,21.9491270000276,auto,,,,,,0,
1768445972804,Sunny,Day,0.07766927083333333,100.0,-25.0,15.170860000011999,auto,,,,,,0,
1768445972837,Sunny,Day,0.08014322916666666,100.0,-21.0,22.805591999997432,auto,,,,,,0,
1768445972867,Sunny,Day,0.07998046875,100.0,-28.0,20.87593400000287,auto,,,,,,0,
1768445972899,Sunny,Day,0.07805989583333334,100.0,-28.0,22.783496999977615,auto,,,,,,0,
1768445972930,Sunny,Day,0.07584635416666667,100.0,-27.0,20.82481799999414,auto,,,,,,0,
1768445972961,Sunny,Day,0.07819010416666666,100.0,-19.0,21.89600999997765,auto,,,,,,0,
1768445972993,Sunny,Day,0.07936197916666667,100.0,-27.0,21.539803999985452,auto,,,,,,0,
1768445973024,Sunny,Day,0.07880859375,100.0,-26.0,21.461859999988064,auto,,,,,,0,
1768445973056,Sunny,Day,0.07972005208333334,100.0,-26.0,22.704772999986744,auto,,,,,,0,
1768445973088,Sunny,Day,0.08746744791666666,100.0,-18.0,21.580575999962548,auto,,,,,,0,
1768445973118,Sunny,Day,0.08733723958333334,100.0,-19.0,19.3723509999586,auto,,,,,,0,
1768445973151,Sunny,Day,0.08880208333333334,100.0,-19.0,23.14148800002158,auto,,,,,,0,
1768445973184,Sunny,Day,0.0892578125,100.0,-23.0,22.312101000011353,auto,,,,,,0,
1768445973212,Sunny,Day,0.09248046875,100.0,-20.0,19.1303249999919,auto,,,,,,0,
1768445973245,Sunny,Day,0.08990885416666666,100.0,-19.0,23.352697000007083,auto,,,,,,0,
1768445973276,Sunny,Day,0.09410807291666666,100.0,-19.0,20.801951999999346,auto,,,,,,0,
1768445973308,Sunny,Day,0.09410807291666666,100.0,-22.0,22.027345999958925,auto,,,,,,0,
1768445973338,Sunny,Day,0.09309895833333333,100.0,-23.0,20.516847999999754,auto,,,,,,0,
1768445973371,Sunny,Day,0.09690755208333333,100.0,-22.0,17.99923700002637,auto,,,,,,0,
1768445973403,Sunny,Day,0.10013020833333333,100.0,-23.0,21.285450000050332,auto,,,,,,0,
1768445973432,Sunny,Day,0.09938151041666667,100.0,-24.0,18.830161999972006,auto,,,,,,0,
1768445973464,Sunny,Day,0.09554036458333333,100.0,-26.0,20.762745000013183,auto,,,,,,0,
1768445973497,Sunny,Day,0.09993489583333333,100.0,-23.0,23.380142999997133,auto,,,,,,0,
1768445973527,Sunny,Day,0.10390625,100.0,-23.0,19.173329000011563,auto,,,,,,0,
1768445973559,Sunny,Day,0.10126953125,100.0,-26.0,22.063629000001583,auto,,,,,,0,
1768445973590,Sunny,Day,0.09625651041666666,100.0,-26.0,21.090650999951777,auto,,,,,,0,
1768445973621,Sunny,Day,0.10107421875,100.0,-24.0,20.427800999982537,auto,,,,,,0,
1768445973652,Sunny,Day,0.09765625,100.0,-24.0,21.397481000008156,auto,,,,,,0,
1768445973687,Sunny,Day,0.09495442708333333,100.0,-24.0,20.996269999955075,auto,,,,,,0,
1768445973715,Sunny,Day,0.09456380208333333,100.0,-26.0,18.644790000053035,auto,,,,,,0,
1768445973746,Sunny,Day,0.09348958333333333,100.0,-27.0,21.241278999980295,auto,,,,,,0,
1768445973779,Sunny,Day,0.09322916666666667,100.0,-25.0,25.415812000005644,auto,,,,,,0,
1768445973810,Sunny,Day,0.09583333333333334,100.0,-23.0,21.379312999954436,auto,,,,,,0,
1768445973841,Sunny,Day,0.08942057291666666,100.0,-28.0,21.501585999999406,auto,,,,,,0,
1768445973872,Sunny,Day,0.08583984375,100.0,-32.0,21.88710899997659,auto,,,,,,0,
1768445973904,Sunny,Day,0.087890625,100.0,-28.0,22.46669200002316,auto,,,,,,0,
1768445973935,Sunny,Day,0.09049479166666667,100.0,-23.0,21.301617999995415,auto,,,,,,0,
1768445973966,Sunny,Day,0.08642578125,100.0,-21.0,21.5682959999981,auto,,,,,,0,
1768445974000,Sunny,Day,0.08271484375,100.0,-26.0,24.03764199999614,auto,,,,,,0,
1768445974030,Sunny,Day,0.08365885416666667,100.0,-22.0,20.024857999999313,auto,,,,,,0,
1768445974067,Sunny,Day,0.08583984375,100.0,-21.0,23.760915000025307,auto,,,,,,0,
1768445974090,Sunny,Day,0.08642578125,100.0,-19.0,12.167276000013771,auto,,,,,,0,
1768445974122,Sunny,Day,0.08434244791666666,100.0,-22.0,24.5318510000061,auto,,,,,,0,
1768445974152,Sunny,Day,0.08697916666666666,100.0,-14.0,23.0085730000269,auto,,,,,,0,
1768445974184,Sunny,Day,0.08968098958333333,100.0,-14.0,23.67660900000601,auto,,,,,,0,
1768445974215,Sunny,Day,0.08990885416666666,100.0,-18.0,24.084745999971346,auto,,,,,,0,
1768445974247,Sunny,Day,0.09427083333333333,100.0,-19.0,23.06141200000411,auto,,,,,,0,
1768445974278,Sunny,Day,0.09612630208333334,100.0,-17.0,24.39500200000566,auto,,,,,,0,
1768445974311,Sunny,Day,0.10003255208333334,100.0,-16.0,18.713306999984525,auto,,,,,,0,
1768445974341,Sunny,Day,0.10003255208333334,100.0,-17.0,21.21671000003289,auto,,,,,,0,
1768445974372,Sunny,Day,0.10143229166666666,100.0,-19.0,22.378281999976934,auto,,,,,,0,
1768445974405,Sunny,Day,0.10322265625,100.0,-20.0,21.337722999987818,auto,,,,,,0,
1768445974435,Sunny,Day,0.10641276041666667,100.0,-16.0,21.2631040000133,auto,,,,,,0,
1768445974466,Sunny,Day,0.10745442708333333,100.0,-20.0,22.762693999993644,auto,,,,,,0,
1768445974498,Sunny,Day,0.1099609375,100.0,-22.0,19.286925000017163,auto,,,,,,0,
1768445974532,Sunny,Day,0.11181640625,100.0,-21.0,22.51579699998274,auto,,,,,,0,
1768445974561,Sunny,Day,0.11416015625,100.0,-19.0,21.183281000048737,auto,,,,,,0,
1768445974592,Sunny,Day,0.11725260416666666,100.0,-21.0,22.91719300001205,auto,,,,,,0,
1768445974623,Sunny,Day,0.118359375,100.0,-22.0,22.84136899999112,auto,,,,,,0,
1768445974656,Sunny,Day,0.11966145833333333,100.0,-22.0,25.596688999996786,auto,,,,,,0,
1768445974687,Sunny,Day,0.12099609375,100.0,-20.0,22.659941999961575,auto,,,,,,0,
1768445974718,Sunny,Day,0.12496744791666667,100.0,-19.0,23.038908999978958,auto,,,,,,0,
1768445974749,Sunny,Day,0.12786458333333334,100.0,-22.0,23.662588999968648,auto,,,,,,0,
1768445974780,Sunny,Day,0.12633463541666667,100.0,-26.0,23.309198999982073,auto,,,,,,0,
1768445974812,Sunny,Day,0.13076171875,100.0,-23.0,24.241207999978087,auto,,,,,,0,
1768445974843,Sunny,Day,0.13271484375,100.0,-25.0,23.38685499995563,auto,,,,,,0,
1768445974875,Sunny,Day,0.13538411458333333,100.0,-24.0,24.199037000016688,auto,,,,,,0,
1768445974906,Sunny,Day,0.13684895833333333,100.0,-28.0,22.887930000024426,auto,,,,,,0,
1768445974941,Sunny,Day,0.13447265625,100.0,-27.0,26.99667600001021,auto,,,,,,0,
1768445974970,Sunny,Day,0.13544921875,100.0,-23.0,21.118495999985498,auto,,,,,,0,
1768445975002,Sunny,Day,0.13401692708333332,100.0,-25.0,20.77697699996861,auto,,,,,,0,
1768445975032,Sunny,Day,0.13229166666666667,100.0,-26.0,22.85034099998029,auto,,,,,,0,
1768445975063,Sunny,Day,0.1322265625,100.0,-28.0,23.25482999998485,auto,,,,,,0,
1768445975094,Sunny,Day,0.132421875,100.0,-26.0,23.807870999974057,auto,,,,,,0,
1768445975126,Sunny,Day,0.13450520833333332,100.0,-24.0,23.900659000048563,auto,,,,,,0,
1768445975157,Sunny,Day,0.13470052083333334,100.0,-26.0,23.83268900001667,auto,,,,,,0,
1768445975189,Sunny,Day,0.13404947916666668,100.0,-27.0,24.09595800003217,auto,,,,,,0,
1768445975221,Sunny,Day,0.13590494791666666,100.0,-13.0,24.42762399999765,auto,,,,,,0,
1768445975251,Sunny,Day,0.13684895833333333,100.0,-23.0,23.231344999999237,auto,,,,,,0,
1768445975283,Sunny,Day,0.13811848958333334,100.0,-10.0,23.45844400002761,auto,,,,,,0,
1768445975314,Sunny,Day,0.14261067708333333,100.0,-12.0,22.80152100001942,auto,,,,,,0,
1768445975347,Sunny,Day,0.14283854166666668,100.0,-10.0,22.375695999983236,auto,,,,,,0,
1768445975378,Sunny,Day,0.147265625,100.0,-10.0,22.59944400003633,auto,,,,,,0,
1768445975409,Sunny,Day,0.15205078125,100.0,-12.0,23.22126999996499,auto,,,,,,0,
1768445975440,Sunny,Day,0.15514322916666667,100.0,-57.0,23.563733999992564,auto,,,,,,0,
1768445975471,Sunny,Day,0.16022135416666666,100.0,-60.0,23.505337999949916,auto,,,,,,0,
1768445975503,Sunny,Day,0.1625,100.0,-52.0,23.42442199994821,auto,,,,,,0,
1768445975534,Sunny,Day,0.15354817708333332,100.0,-48.0,23.65320699999529,auto,,,,,,0,
1768445975565,Sunny,Day,0.14811197916666666,100.0,-59.0,23.683634999997594,auto,,,,,,0,
1768445975597,Sunny,Day,0.1390625,100.0,-57.0,24.234731999968062,auto,,,,,,0,
1768445975629,Sunny,Day,0.13069661458333334,100.0,-55.0,23.441757000000507,auto,,,,,,0,
1768445975660,Sunny,Day,0.11751302083333333,100.0,-44.0,23.352359000000433,auto,,,,,,0,
1768445975691,Sunny,Day,0.11500651041666667,100.0,-54.0,24.0814010000463,auto,,,,,,0,
1768445975723,Sunny,Day,0.10680338541666666,100.0,-61.0,23.899658999994244,auto,,,,,,0,
1768445975755,Sunny,Day,0.09599609375,100.0,-61.0,24.618107999970107,auto,,,,,,0,
1768445975786,Sunny,Day,0.09231770833333333,100.0,-66.0,22.798964999992677,auto,,,,,,0,
1768445975818,Sunny,Day,0.08841145833333333,100.0,-71.0,24.798609000015404,auto,,,,,,0,
1768445975848,Sunny,Day,0.07594401041666667,100.0,-66.0,22.534806999999546,auto,,,,,,0,
1768445975880,Sunny,Day,0.07054036458333333,100.0,-65.0,23.84111600002825,auto,,,,,,0,
1768445975913,Sunny,Day,0.061848958333333336,100.0,-61.0,26.177462999953605,auto,,,,,,0,
1768445975943,Sunny,Day,0.05703125,100.0,-60.0,21.357104000003346,auto,,,,,,0,
1768445975974,Sunny,Day,0.053385416666666664,100.0,-60.0,23.36524900005088,auto,,,,,,0,
1768445976005,Sunny,Day,0.04781901041666667,95.63802083333334,-55.0,22.917774999996254,auto,,,,,,0,
1768445976038,Sunny,Day,0.04453125,89.0625,-58.0,25.598610000031385,auto,,,,,,0,
1768445976068,Sunny,Day,0.04065755208333333,81.31510416666667,-61.0,21.620140999971227,auto,,,,,,0,
1768445976101,Sunny,Day,0.03623046875,72.4609375,-57.0,24.81317299998409,auto,,,,,,0,
1768445976131,Sunny,Day,0.03518880208333333,70.37760416666666,-53.0,21.195781000017178,auto,,,,,,0,
1768445976164,Sunny,Day,0.031575520833333336,63.15104166666667,-49.0,24.967875000015738,auto,,,,,,0,
1768445976194,Sunny,Day,0.03307291666666667,66.14583333333333,-43.0,22.196167000004152,auto,,,,,,0,
1768445976226,Sunny,Day,0.02939453125,58.7890625,-43.0,24.680306999982804,auto,,,,,,0,
1768445976256,Sunny,Day,0.029654947916666667,59.309895833333336,-38.0,22.124287999986336,auto,,,,,,0,
1768445976288,Sunny,Day,0.027083333333333334,54.16666666666667,-38.0,21.14373799997793,auto,,,,,,0,
1768445976320,Sunny,Day,0.026692708333333332,53.385416666666664,-36.0,24.198791999992864,auto,,,,,,0,
1768445976351,Sunny,Day,0.028515625,57.03125,-35.0,22.557780999989063,auto,,,,,,0,
1768445976382,Sunny,Day,0.03258463541666667,65.16927083333333,-36.0,19.791573000020435,auto,,,,,,0,
1768445976413,Sunny,Day,0.03212890625,64.2578125,-34.0,22.04850299995087,auto,,,,,,0,
1768445976446,Sunny,Day,0.030826822916666666,61.653645833333336,-28.0,22.153403000004346,auto,,,,,,0,
1768445976476,Sunny,Day,0.030891927083333333,61.783854166666664,-29.0,22.266322999996646,auto,,,,,,0,
1768445976508,Sunny,Day,0.030826822916666666,61.653645833333336,-28.0,24.068074000012984,auto,,,,,,0,
1768445976540,Sunny,Day,0.029329427083333335,58.65885416666667,-31.0,24.779057999978704,auto,,,,,,0,
1768445976572,Sunny,Day,0.030598958333333332,61.197916666666664,-29.0,22.609286000033535,auto,,,,,,0,
1768445976604,Sunny,Day,0.02978515625,59.5703125,-27.0,24.186085999986062,auto,,,,,,0,
1768445976634,Sunny,Day,0.031575520833333336,63.15104166666667,-27.0,22.591876000035427,auto,,,,,,0,
1768445976665,Sunny,Day,0.030631510416666667,61.263020833333336,-26.0,23.107672999969964,auto,,,,,,0,
1768445976698,Sunny,Day,0.03424479166666667,68.48958333333334,-29.0,25.433999999961543,auto,,,,,,0,
1768445976728,Sunny,Day,0.031966145833333334,63.93229166666667,-24.0,23.010717999966346,auto,,,,,,0,
1768445976759,Sunny,Day,0.035416666666666666,70.83333333333333,-26.0,23.03375799999685,auto,,,,,,0,
1768445976791,Sunny,Day,0.03362630208333333,67.25260416666666,-24.0,23.99100999997472,auto,,,,,,0,
1768445976822,Sunny,Day,0.03942057291666667,78.84114583333333,-28.0,24.400979999995798,auto,,,,,,0,
1768445976856,Sunny,Day,0.03616536458333333,72.33072916666666,-23.0,25.467485000035595,auto,,,,,,0,
1768445976885,Sunny,Day,0.03893229166666667,77.86458333333333,-27.0,16.54129399997828,auto,,,,,,0,
1768445976916,Sunny,Day,0.03990885416666667,79.81770833333333,-28.0,24.08955800001422,auto,,,,,,0,
1768445976947,Sunny,Day,0.040234375,80.46875,-28.0,23.859161999951084,auto,,,,,,0,
1768445976981,Sunny,Day,0.038248697916666664,76.49739583333333,-24.0,25.369769999997516,auto,,,,,,0,
1768445977010,Sunny,Day,0.04000651041666667,80.01302083333334,-26.0,22.095340000021224,auto,,,,,,0,
1768445977042,Sunny,Day,0.04007161458333333,80.14322916666666,-24.0,23.739231000035943,auto,,,,,,0,
1768445977073,Sunny,Day,0.0431640625,86.328125,-25.0,22.999632999983532,auto,,,,,,0,
1768445977106,Sunny,Day,0.044921875,89.84375,-24.0,25.51521899999898,auto,,,,,,0,
1768445977138,Sunny,Day,0.04576822916666667,91.53645833333333,-24.0,24.149053999963144,auto,,,,,,0,
1768445977168,Sunny,Day,0.046712239583333336,93.42447916666667,-33.0,22.07295900001327,auto,,,,,,0,
1768445977199,Sunny,Day,0.04716796875,94.3359375,-33.0,23.942215999966265,auto,,,,,,0,
1768445977230,Sunny,Day,0.0486328125,97.265625,-34.0,23.380785000028936,auto,,,,,,0,
1768445977262,Sunny,Day,0.04814453125,96.2890625,-33.0,24.176222999983565,auto,,,,,,0,
1768445977293,Sunny,Day,0.051497395833333334,100.0,-33.0,22.788869999999406,auto,,,,,,0,
1768445977324,Sunny,Day,0.049576822916666666,99.15364583333333,-33.0,23.86589399998229,auto,,,,,,0,
1768445977357,Sunny,Day,0.05120442708333333,100.0,-33.0,22.370341999987886,auto,,,,,,0,
1768445977390,Sunny,Day,0.049544270833333334,99.08854166666667,-33.0,24.716799999964678,auto,,,,,,0,
1768445977419,Sunny,Day,0.05286458333333333,100.0,-32.0,21.432018999973934,auto,,,,,,0,
1768445977450,Sunny,Day,0.05413411458333333,100.0,-30.0,23.18437499997117,auto,,,,,,0,
1768445977482,Sunny,Day,0.05328776041666667,100.0,-31.0,24.026113999980225,auto,,,,,,0,
1768445977512,Sunny,Day,0.05706380208333333,100.0,-30.0,19.952100000011797,auto,,,,,,0,
1768445977544,Sunny,Day,0.05673828125,100.0,-28.0,23.95756999999321,auto,,,,,,0,
1768445977576,Sunny,Day,0.06103515625,100.0,-26.0,18.142866999994567,auto,,,,,,0,
1768445977607,Sunny,Day,0.07119140625,100.0,-24.0,23.59862400004431,auto,,,,,,0,
1768445977638,Sunny,Day,0.0732421875,100.0,-21.0,23.80142300000898,auto,,,,,,0,
1768445977670,Sunny,Day,0.0794921875,100.0,-20.0,23.87344999999641,auto,,,,,,0,
1768445977701,Sunny,Day,0.08346354166666667,100.0,-18.0,19.539314999974522,auto,,,,,,0,
1768445977735,Sunny,Day,0.08567708333333333,100.0,-18.0,26.13186000002088,auto,,,,,,0,
1768445977768,Sunny,Day,0.08776041666666666,100.0,-18.0,25.537332999988394,auto,,,,,,0,
1768445977798,Sunny,Day,0.08889973958333333,100.0,-16.0,21.759554000027492,auto,,,,,,0,
1768445977829,Sunny,Day,0.08863932291666667,100.0,-15.0,22.406902000000173,auto,,,,,,0,
1768445977860,Sunny,Day,0.09078776041666667,100.0,-15.0,22.625000000005002,auto,,,,,,0,
1768445977889,Sunny,Day,0.09130859375,100.0,-15.0,21.576219999985824,auto,,,,,,0,
1768445977921,Sunny,Day,0.09052734375,100.0,-14.0,24.033615000007558,auto,,,,,,0,
1768445977952,Sunny,Day,0.09065755208333333,100.0,-15.0,24.18274299998302,auto,,,,,,0,
1768445977984,Sunny,Day,0.089453125,100.0,-15.0,23.626867000018592,auto,,,,,,0,
1768445978015,Sunny,Day,0.08889973958333333,100.0,-15.0,23.90737499996476,auto,,,,,,0,
1768445978046,Sunny,Day,0.08795572916666666,100.0,-15.0,23.933537999994314,auto,,,,,,0,
1768445978078,Sunny,Day,0.08899739583333334,100.0,-15.0,22.56735399998888,auto,,,,,,0,
1768445978109,Sunny,Day,0.08824869791666666,100.0,-15.0,23.87242099996456,auto,,,,,,0,
1768445978140,Sunny,Day,0.08779296875,100.0,-16.0,23.816877999990993,auto,,,,,,0,
1768445978172,Sunny,Day,0.0861328125,100.0,-16.0,24.067292999973233,auto,,,,,,0,
1768445978206,Sunny,Day,0.0869140625,100.0,-16.0,24.924794000014572,auto,,,,,,0,
1768445978238,Sunny,Day,0.08626302083333333,100.0,-16.0,24.786500000004708,auto,,,,,,0,
1768445978266,Sunny,Day,0.08603515625,100.0,-16.0,19.554641000013362,auto,,,,,,0,
1768445978298,Sunny,Day,0.08362630208333334,100.0,-16.0,24.418609000008473,auto,,,,,,0,
1768445978329,Sunny,Day,0.08277994791666667,100.0,-16.0,24.042584999961036,auto,,,,,,0,
1768445978362,Sunny,Day,0.08160807291666666,100.0,-17.0,25.258962999998857,auto,,,,,,0,
1768445978392,Sunny,Day,0.08343098958333334,100.0,-17.0,22.315727000034258,auto,,,,,,0,
1768445978424,Sunny,Day,0.08056640625,100.0,-18.0,24.563177000004544,auto,,,,,,0,
1768445978454,Sunny,Day,0.08098958333333334,100.0,-16.0,23.171380999997382,auto,,,,,,0,
1768445978486,Sunny,Day,0.08072916666666667,100.0,-15.0,21.290558999965015,auto,,,,,,0,
1768445978518,Sunny,Day,0.08102213541666667,100.0,-16.0,21.271447000003718,auto,,,,,,0,
1768445978549,Sunny,Day,0.07874348958333334,100.0,-17.0,23.791938999977447,auto,,,,,,0,
1768445978581,Sunny,Day,0.07799479166666666,100.0,-17.0,23.92063499996766,auto,,,,,,0,
1768445978614,Sunny,Day,0.07825520833333334,100.0,-15.0,22.811068999999407,auto,,,,,,0,
1768445978645,Sunny,Day,0.07874348958333334,100.0,-15.0,24.12028300000202,auto,,,,,,0,
1768445978675,Sunny,Day,0.078515625,100.0,-17.0,22.22347899999022,auto,,,,,,0,
1768445978707,Sunny,Day,0.0755859375,100.0,-16.0,22.651424999992287,auto,,,,,,0,
1768445978738,Sunny,Day,0.07503255208333333,100.0,-15.0,23.129266000012194,auto,,,,,,0,
1768445978769,Sunny,Day,0.07467447916666667,100.0,-17.0,21.203383999989,auto,,,,,,0,
1768445978802,Sunny,Day,0.07522786458333333,100.0,-17.0,22.923858000012842,auto,,,,,,0,
1768445978833,Sunny,Day,0.07337239583333334,100.0,-16.0,23.491151999962767,auto,,,,,,0,
1768445978864,Sunny,Day,0.07360026041666666,100.0,-16.0,22.70500499997752,auto,,,,,,0,
1768445978894,Sunny,Day,0.07438151041666667,100.0,-15.0,23.23583200001167,auto,,,,,,0,
1768445978926,Sunny,Day,0.07203776041666667,100.0,-16.0,23.847257999989324,auto,,,,,,0,
1768445978957,Sunny,Day,0.07086588541666666,100.0,-16.0,24.062036999964675,auto,,,,,,0,
1768445978988,Sunny,Day,0.06897786458333334,100.0,-16.0,23.82142199996906,auto,,,,,,0,
1768445979022,Sunny,Day,0.06891276041666666,100.0,-17.0,25.856814000007944,auto,,,,,,0,
1768445979052,Sunny,Day,0.0685546875,100.0,-17.0,21.511558000042896,auto,,,,,,0,
1768445979084,Sunny,Day,0.06865234375,100.0,-17.0,21.128666999970847,auto,,,,,,0,
1768445979118,Sunny,Day,0.065625,100.0,-18.0,22.213453999995636,auto,,,,,,0,
1768445979148,Sunny,Day,0.06643880208333333,100.0,-16.0,19.091957999989972,auto,,,,,,0,
1768445979180,Sunny,Day,0.06689453125,100.0,-17.0,21.387359999948785,auto,,,,,,0,
1768445979210,Sunny,Day,0.06682942708333334,100.0,-18.0,19.241673999999875,auto,,,,,,0,
1768445979242,Sunny,Day,0.0646484375,100.0,-16.0,20.51219399999127,auto,,,,,,0,
1768445979273,Sunny,Day,0.06536458333333334,100.0,-17.0,21.50115099999539,auto,,,,,,0,
1768445979306,Sunny,Day,0.06500651041666666,100.0,-16.0,21.24679199999946,auto,,,,,,0,
1768445979337,Sunny,Day,0.06477864583333333,100.0,-17.0,21.1150009999983,auto,,,,,,0,
1768445979369,Sunny,Day,0.06331380208333333,100.0,-18.0,21.729029999960403,auto,,,,,,0,
1768445979400,Sunny,Day,0.06272786458333333,100.0,-17.0,21.104280000031395,auto,,,,,,0,
1768445979433,Sunny,Day,0.06285807291666666,100.0,-18.0,22.878851999962535,auto,,,,,,0,
1768445979461,Sunny,Day,0.06350911458333333,100.0,-18.0,19.132328000011967,auto,,,,,,0,
1768445979496,Sunny,Day,0.06197916666666667,100.0,-20.0,25.467609999964225,auto,,,,,,0,
1768445979525,Sunny,Day,0.06246744791666667,100.0,-18.0,17.968006999979025,auto,,,,,,0,
1768445979556,Sunny,Day,0.0607421875,100.0,-17.0,20.75460999998313,auto,,,,,,0,
1768445979589,Sunny,Day,0.06285807291666666,100.0,-19.0,23.665466000011293,auto,,,,,,0,
1768445979619,Sunny,Day,0.061295572916666666,100.0,-19.0,19.86955500001386,auto,,,,,,0,
1768445979650,Sunny,Day,0.06061197916666667,100.0,-18.0,21.420266000006905,auto,,,,,,0,
1768445979686,Sunny,Day,0.06139322916666667,100.0,-18.0,26.21300399999882,auto,,,,,,0,
1768445979714,Sunny,Day,0.06123046875,100.0,-17.0,15.902354999980162,auto,,,,,,0,
1768445979746,Sunny,Day,0.060872395833333336,100.0,-17.0,20.252686999981506,auto,,,,,,0,
1768445979776,Sunny,Day,0.0619140625,100.0,-18.0,20.617782000044826,auto,,,,,,0,
1768445979808,Sunny,Day,0.06295572916666667,100.0,-18.0,18.12679599999001,auto,,,,,,0,
1768445979841,Sunny,Day,0.06207682291666667,100.0,-18.0,23.48941799999693,auto,,,,,,0,
1768445979869,Sunny,Day,0.0626953125,100.0,-17.0,19.088420999992195,auto,,,,,,0,
1768445979902,Sunny,Day,0.06399739583333333,100.0,-17.0,22.611955000002126,auto,,,,,,0,
1768445979933,Sunny,Day,0.06207682291666667,100.0,-16.0,18.50829900001827,auto,,,,,,0,
1768445979966,Sunny,Day,0.06334635416666666,100.0,-16.0,20.82681000001685,auto,,,,,,0,
1768445979997,Sunny,Day,0.06337890625,100.0,-17.0,21.424265999996805,auto,,,,,,0,
1768445980028,Sunny,Day,0.06468098958333333,100.0,-16.0,17.618722000008802,auto,,,,,,0,
1768445980059,Sunny,Day,0.06204427083333333,100.0,-17.0,20.78161099996123,auto,,,,,,0,
1768445980091,Sunny,Day,0.06142578125,100.0,-16.0,21.756699999968987,auto,,,,,,0,
1768445980123,Sunny,Day,0.06363932291666667,100.0,-16.0,21.634593999976914,auto,,,,,,0,
1768445980153,Sunny,Day,0.06292317708333334,100.0,-17.0,19.879295999999158,auto,,,,,,0,
1768445980184,Sunny,Day,0.05927734375,100.0,-17.0,22.148055000002387,auto,,,,,,0,
1768445980217,Sunny,Day,0.0599609375,100.0,-17.0,23.54757199998403,auto,,,,,,0,
1768445980249,Sunny,Day,0.05944010416666667,100.0,-18.0,21.631150000018806,auto,,,,,,0,
1768445980278,Sunny,Day,0.060709635416666664,100.0,-17.0,19.640713000001142,auto,,,,,,0,
1768445980311,Sunny,Day,0.058333333333333334,100.0,-18.0,23.202049000019542,auto,,,,,,0,
1768445980341,Sunny,Day,0.058756510416666664,100.0,-18.0,20.379460999947696,auto,,,,,,0,
1768445980373,Sunny,Day,0.060774739583333334,100.0,-17.0,20.75666700000056,auto,,,,,,0,
1768445980404,Sunny,Day,0.06067708333333333,100.0,-17.0,21.347402000003513,auto,,,,,,0,
1768445980435,Sunny,Day,0.05602213541666667,100.0,-19.0,21.46854599999415,auto,,,,,,0,
1768445980466,Sunny,Day,0.0541015625,100.0,-19.0,21.39603000000534,auto,,,,,,0,
1768445980499,Sunny,Day,0.055436197916666666,100.0,-18.0,23.158698999964145,auto,,,,,,0,
1768445980530,Sunny,Day,0.05628255208333333,100.0,-20.0,19.89416600002869,auto,,,,,,0,
1768445980562,Sunny,Day,0.05341796875,100.0,-20.0,20.651985999961653,auto,,,,,,0,
1768445980594,Sunny,Day,0.05423177083333333,100.0,-20.0,22.15681399997038,auto,,,,,,0,
1768445980624,Sunny,Day,0.05406901041666667,100.0,-19.0,19.91257200000973,auto,,,,,,0,
1768445980657,Sunny,Day,0.054459635416666666,100.0,-18.0,17.428674000029787,auto,,,,,,0,
1768445980686,Sunny,Day,0.05657552083333333,100.0,-19.0,16.974192000020594,auto,,,,,,0,
1768445980718,Sunny,Day,0.05611979166666667,100.0,-19.0,19.088717000045108,auto,,,,,,0,
1768445980750,Sunny,Day,0.05462239583333333,100.0,-17.0,20.59741400000803,auto,,,,,,0,
1768445980780,Sunny,Day,0.05673828125,100.0,-18.0,19.40688899998122,auto,,,,,,0,
1768445980812,Sunny,Day,0.05755208333333333,100.0,-18.0,21.147300000052383,auto,,,,,,0,
1768445980843,Sunny,Day,0.05322265625,100.0,-20.0,21.73916399999598,auto,,,,,,0,
1768445980874,Sunny,Day,0.055924479166666666,100.0,-19.0,18.630309999991823,auto,,,,,,0,
1768445980906,Sunny,Day,0.05748697916666667,100.0,-17.0,24.167212999998355,auto,,,,,,0,
1768445980940,Sunny,Day,0.05703125,100.0,-18.0,23.5170549999566,auto,,,,,,0,
1768445980970,Sunny,Day,0.056412760416666666,100.0,-20.0,19.76833800000577,auto,,,,,,0,
1768445981000,Sunny,Day,0.055501302083333336,100.0,-18.0,21.043766999980562,auto,,,,,,0,
1768445981032,Sunny,Day,0.05709635416666667,100.0,-16.0,21.631357999979173,auto,,,,,,0,
1768445981067,Sunny,Day,0.05807291666666667,100.0,-17.0,24.346454000010453,auto,,,,,,0,
1768445981095,Sunny,Day,0.059407552083333336,100.0,-17.0,17.936112999962006,auto,,,,,,0,
1768445981127,Sunny,Day,0.055924479166666666,100.0,-20.0,22.412420000023303,auto,,,,,,0,
1768445981158,Sunny,Day,0.057356770833333334,100.0,-17.0,20.304445999954623,auto,,,,,,0,
1768445981190,Sunny,Day,0.05625,100.0,-19.0,20.06412299999738,auto,,,,,,0,
1768445981220,Sunny,Day,0.059375,100.0,-18.0,20.54773300000079,auto,,,,,,0,
1768445981252,Sunny,Day,0.056640625,100.0,-18.0,21.024620999980925,auto,,,,,,0,
1768445981284,Sunny,Day,0.05374348958333333,100.0,-19.0,20.919365999986894,auto,,,,,,0,
1768445981315,Sunny,Day,0.05576171875,100.0,-18.0,19.29639299999053,auto,,,,,,0,
1768445981347,Sunny,Day,0.05751953125,100.0,-18.0,16.34250899996914,auto,,,,,,0,
1768445981378,Sunny,Day,0.056901041666666666,100.0,-18.0,20.408850000023904,auto,,,,,,0,
1768445981408,Sunny,Day,0.057356770833333334,100.0,-18.0,19.70139599995946,auto,,,,,,0,
1768445981440,Sunny,Day,0.05651041666666667,100.0,-16.0,18.805670999995527,auto,,,,,,0,
1768445981474,Sunny,Day,0.058821614583333334,100.0,-17.0,19.15534300002264,auto,,,,,,0,
1768445981504,Sunny,Day,0.059407552083333336,100.0,-17.0,19.200656999998955,auto,,,,,,0,
1768445981536,Sunny,Day,0.059407552083333336,100.0,-16.0,21.638375999998516,auto,,,,,,0,
1768445981569,Sunny,Day,0.060546875,100.0,-15.0,21.36329300003581,auto,,,,,,0,
1768445981597,Sunny,Day,0.06051432291666667,100.0,-15.0,15.438488000029338,auto,,,,,,0,
1768445981628,Sunny,Day,0.06285807291666666,100.0,-16.0,20.535085999995317,auto,,,,,,0,
1768445981660,Sunny,Day,0.06315104166666667,100.0,-16.0,22.710184999994,auto,,,,,,0,
1768445981691,Sunny,Day,0.0634765625,100.0,-16.0,21.648263999964,auto,,,,,,0,
1768445981722,Sunny,Day,0.06383463541666666,100.0,-15.0,21.29181499998367,auto,,,,,,0,
1768445981754,Sunny,Day,0.06640625,100.0,-16.0,21.958382000036636,auto,,,,,,0,
1768445981786,Sunny,Day,0.06686197916666667,100.0,-16.0,21.977084000013747,auto,,,,,,0,
1768445981817,Sunny,Day,0.0658203125,100.0,-16.0,20.331834000046456,auto,,,,,,0,
1768445981848,Sunny,Day,0.06764322916666667,100.0,-16.0,21.688595999989957,auto,,,,,,0,
1768445981883,Sunny,Day,0.0697265625,100.0,-16.0,24.783549000005678,auto,,,,,,0,
1768445981912,Sunny,Day,0.07018229166666666,100.0,-16.0,18.93618500002958,auto,,,,,,0,
1768445981943,Sunny,Day,0.06871744791666666,100.0,-15.0,20.773594999980105,auto,,,,,,0,
1768445981975,Sunny,Day,0.07115885416666666,100.0,-14.0,21.38029299999289,auto,,,,,,0,
1768445982006,Sunny,Day,0.07418619791666667,100.0,-16.0,20.295798999995895,auto,,,,,,0,
1768445982037,Sunny,Day,0.07395833333333333,100.0,-16.0,20.721209000043928,auto,,,,,,0,
1768445982070,Sunny,Day,0.07288411458333334,100.0,-17.0,22.471531999997296,auto,,,,,,0,
1768445982100,Sunny,Day,0.07080078125,100.0,-13.0,18.793873999982225,auto,,,,,,0,
1768445982134,Sunny,Day,0.07470703125,100.0,-15.0,24.35299999996232,auto,,,,,,0,
1768445982162,Sunny,Day,0.07666015625,100.0,-16.0,17.163878000019395,auto,,,,,,0,
1768445982194,Sunny,Day,0.07727864583333334,100.0,-18.0,20.869443999970372,auto,,,,,,0,
1768445982224,Sunny,Day,0.07639973958333333,100.0,-16.0,17.66743400003179,auto,,,,,,0,
1768445982257,Sunny,Day,0.07747395833333333,100.0,-16.0,21.280558000000838,auto,,,,,,0,
1768445982290,Sunny,Day,0.08154296875,100.0,-17.0,23.589694000008876,auto,,,,,,0,
1768445982320,Sunny,Day,0.07975260416666667,100.0,-19.0,20.826648999957342,auto,,,,,,0,
1768445982352,Sunny,Day,0.07796223958333333,100.0,-17.0,22.34983400001056,auto,,,,,,0,
1768445982384,Sunny,Day,0.07594401041666667,100.0,-17.0,21.796095000013338,auto,,,,,,0,
1768445982414,Sunny,Day,0.08157552083333333,100.0,-17.0,20.136841999999433,auto,,,,,,0,
1768445982445,Sunny,Day,0.0802734375,100.0,-20.0,21.12793500003818,auto,,,,,,0,
1768445982477,Sunny,Day,0.07822265625,100.0,-20.0,20.27816999998322,auto,,,,,,0,
1768445982510,Sunny,Day,0.08020833333333334,100.0,-17.0,18.626898000036363,auto,,,,,,0,
1768445982539,Sunny,Day,0.08294270833333334,100.0,-16.0,18.024365000030684,auto,,,,,,0,
1768445982570,Sunny,Day,0.08225911458333333,100.0,-19.0,20.490698999992674,auto,,,,,,0,
1768445982604,Sunny,Day,0.07900390625,100.0,-19.0,20.89046199995437,auto,,,,,,0,
1768445982633,Sunny,Day,0.07841796875,100.0,-20.0,18.31939099997726,auto,,,,,,0,
1768445982665,Sunny,Day,0.08167317708333334,100.0,-19.0,21.846869999990304,auto,,,,,,0,
1768445982698,Sunny,Day,0.08297526041666667,100.0,-19.0,23.42057099997419,auto,,,,,,0,
1768445982727,Sunny,Day,0.08212890625,100.0,-19.0,19.797076000031666,auto,,,,,,0,
1768445982758,Sunny,Day,0.07861328125,100.0,-20.0,21.677450999959547,auto,,,,,,0,
1768445982790,Sunny,Day,0.08141276041666666,100.0,-19.0,22.02410500001406,auto,,,,,,0,
1768445982822,Sunny,Day,0.082421875,100.0,-18.0,22.225671000001057,auto,,,,,,0,
1768445982853,Sunny,Day,0.08040364583333333,100.0,-20.0,21.555270999954246,auto,,,,,,0,
1768445982886,Sunny,Day,0.07965494791666666,100.0,-20.0,20.015161000003445,auto,,,,,,0,
1768445982917,Sunny,Day,0.08037109375,100.0,-18.0,20.31027999998969,auto,,,,,,0,
1768445982949,Sunny,Day,0.0814453125,100.0,-18.0,21.91822000003185,auto,,,,,,0,
1768445982979,Sunny,Day,0.08108723958333333,100.0,-20.0,20.42381299997942,auto,,,,,,0,
1768445983012,Sunny,Day,0.08118489583333334,100.0,-20.0,23.70079600001418,auto,,,,,,0,
1768445983041,Sunny,Day,0.07874348958333334,100.0,-20.0,18.873998000003667,auto,,,,,,0,
1768445983073,Sunny,Day,0.0814453125,100.0,-18.0,21.327558999985285,auto,,,,,,0,
1768445983105,Sunny,Day,0.08294270833333334,100.0,-19.0,18.499343999963003,auto,,,,,,0,
1768445983136,Sunny,Day,0.07874348958333334,100.0,-21.0,20.613730999968993,auto,,,,,,0,
1768445983168,Sunny,Day,0.080859375,100.0,-18.0,21.346762000007402,auto,,,,,,0,
1768445983200,Sunny,Day,0.08069661458333334,100.0,-19.0,21.236857999952008,auto,,,,,,0,
1768445983230,Sunny,Day,0.08108723958333333,100.0,-19.0,19.72444899996617,auto,,,,,,0,
1768445983260,Sunny,Day,0.08095703125,100.0,-20.0,21.35313200000155,auto,,,,,,0,
1768445983292,Sunny,Day,0.07900390625,100.0,-20.0,21.986720000029436,auto,,,,,,0,
1768445983324,Sunny,Day,0.07900390625,100.0,-20.0,19.109710999998697,auto,,,,,,0,
1768445983356,Sunny,Day,0.0802734375,100.0,-19.0,19.849370000031286,auto,,,,,,0,
1768445983387,Sunny,Day,0.080859375,100.0,-20.0,21.461015999989286,auto,,,,,,0,
1768445983418,Sunny,Day,0.08024088541666667,100.0,-20.0,21.966238999993948,auto,,,,,,0,
1768445983450,Sunny,Day,0.076953125,100.0,-20.0,20.83670499996515,auto,,,,,,0,
1768445983481,Sunny,Day,0.07848307291666666,100.0,-18.0,20.66573000001881,auto,,,,,,0,
1768445983516,Sunny,Day,0.07688802083333333,100.0,-20.0,24.24702800004752,auto,,,,,,0,
1768445983543,Sunny,Day,0.07897135416666666,100.0,-21.0,13.399191999951654,auto,,,,,,0,
1768445983575,Sunny,Day,0.0783203125,100.0,-19.0,22.339782000017294,auto,,,,,,0,
1768445983606,Sunny,Day,0.07848307291666666,100.0,-19.0,22.483147000002646,auto,,,,,,0,
1768445983637,Sunny,Day,0.081640625,100.0,-19.0,25.540890000002037,auto,,,,,,0,
1768445983670,Sunny,Day,0.08209635416666666,100.0,-19.0,20.320427000001473,auto,,,,,,0,
1768445983700,Sunny,Day,0.0763671875,100.0,-19.0,20.26237399996944,auto,,,,,,0,
1768445983732,Sunny,Day,0.07854817708333334,100.0,-16.0,17.554173999997147,auto,,,,,,0,
1768445983763,Sunny,Day,0.08030598958333333,100.0,-19.0,21.429721000004065,auto,,,,,,0,
1768445983795,Sunny,Day,0.08056640625,100.0,-19.0,22.22463800001151,auto,,,,,,0,
1768445983826,Sunny,Day,0.07757161458333334,100.0,-19.0,21.22569199997315,auto,,,,,,0,
1768445983858,Sunny,Day,0.08069661458333334,100.0,-18.0,21.48084899999958,auto,,,,,,0,
1768445983889,Sunny,Day,0.08294270833333334,100.0,-18.0,16.236832000004142,auto,,,,,,0,
1768445983921,Sunny,Day,0.08330078125,100.0,-18.0,17.0943569999622,auto,,,,,,0,
1768445983952,Sunny,Day,0.08251953125,100.0,-19.0,21.15273099997239,auto,,,,,,0,
1768445983983,Sunny,Day,0.08268229166666667,100.0,-17.0,21.18659999996453,auto,,,,,,0,
1768445984015,Sunny,Day,0.08447265625,100.0,-16.0,21.01178999998865,auto,,,,,,0,
1768445984046,Sunny,Day,0.08434244791666666,100.0,-19.0,21.275247000005493,auto,,,,,,0,
1768445984077,Sunny,Day,0.08310546875,100.0,-20.0,21.608032000017374,auto,,,,,,0,
1768445984109,Sunny,Day,0.07939453125,100.0,-20.0,20.97684899996466,auto,,,,,,0,
1768445984141,Sunny,Day,0.0876953125,100.0,-17.0,21.292098000003534,auto,,,,,,0,
1768445984171,Sunny,Day,0.0900390625,100.0,-18.0,21.217062999994596,auto,,,,,,0,
1768445984203,Sunny,Day,0.08870442708333333,100.0,-19.0,22.16280900000811,auto,,,,,,0,
1768445984235,Sunny,Day,0.07565104166666667,100.0,-21.0,21.214118999978382,auto,,,,,,0,
1768445984266,Sunny,Day,0.07467447916666667,100.0,-19.0,20.59486200005267,auto,,,,,,0,
1768445984297,Sunny,Day,0.08033854166666667,100.0,-19.0,21.604013000001032,auto,,,,,,0,
1768445984330,Sunny,Day,0.08359375,100.0,-21.0,23.071334000007937,auto,,,,,,0,
1768445984359,Sunny,Day,0.081640625,100.0,-21.0,20.041121000019757,auto,,,,,,0,
1768445984392,Sunny,Day,0.07923177083333334,100.0,-20.0,23.730348999947637,auto,,,,,,0,
1768445984423,Sunny,Day,0.0802734375,100.0,-19.0,19.53604600004155,auto,,,,,,0,
1768445984454,Sunny,Day,0.0845703125,100.0,-18.0,21.603401999982452,auto,,,,,,0,
1768445984485,Sunny,Day,0.08330078125,100.0,-19.0,21.65645599995969,auto,,,,,,0,
1768445984517,Sunny,Day,0.08232421875,100.0,-17.0,21.727435000002515,auto,,,,,,0,
1768445984549,Sunny,Day,0.08271484375,100.0,-16.0,21.858838000014202,auto,,,,,,0,
1768445984580,Sunny,Day,0.083984375,100.0,-18.0,21.01653200003284,auto,,,,,,0,
1768445984612,Sunny,Day,0.08248697916666667,100.0,-19.0,22.545999999977084,auto,,,,,,0,
1768445984643,Sunny,Day,0.08092447916666666,100.0,-20.0,21.572551000019757,auto,,,,,,0,
1768445984674,Sunny,Day,0.08391927083333334,100.0,-17.0,20.70026600000574,auto,,,,,,0,
1768445984706,Sunny,Day,0.08466796875,100.0,-18.0,21.293597999999747,auto,,,,,,0,
1768445984738,Sunny,Day,0.084375,100.0,-19.0,22.395728000049075,auto,,,,,,0,
1768445984768,Sunny,Day,0.08271484375,100.0,-18.0,20.598510000013448,auto,,,,,,0,
1768445984800,Sunny,Day,0.08505859375,100.0,-17.0,22.72584600001437,auto,,,,,,0,
1768445984831,Sunny,Day,0.08434244791666666,100.0,-17.0,21.716064999964146,auto,,,,,,0,
1768445984863,Sunny,Day,0.08362630208333334,100.0,-18.0,21.481998000012936,auto,,,,,,0,
1768445984895,Sunny,Day,0.08287760416666666,100.0,-18.0,22.723901999995633,auto,,,,,,0,
1768445984927,Sunny,Day,0.08125,100.0,-18.0,22.104680999973425,auto,,,,,,0,
1768445984958,Sunny,Day,0.08421223958333333,100.0,-18.0,20.786817999976392,auto,,,,,,0,
1768445984988,Sunny,Day,0.08486328125,100.0,-19.0,20.418996999978845,auto,,,,,,0,
1768445985021,Sunny,Day,0.0822265625,100.0,-20.0,25.043478999975832,auto,,,,,,0,
1768445985052,Sunny,Day,0.08359375,100.0,-19.0,21.028181000019686,auto,,,,,,0,
1768445985082,Sunny,Day,0.08170572916666667,100.0,-20.0,20.167114999992464,auto,,,,,,0,
1768445985113,Sunny,Day,0.08421223958333333,100.0,-19.0,21.189434999996593,auto,,,,,,0,
1768445985146,Sunny,Day,0.07919921875,100.0,-22.0,23.535934000051384,auto,,,,,,0,
1768445985176,Sunny,Day,0.07848307291666666,100.0,-21.0,19.985398999949666,auto,,,,,,0,
1768445985207,Sunny,Day,0.07942708333333333,100.0,-21.0,21.869839000032698,auto,,,,,,0,
1768445985242,Sunny,Day,0.0796875,100.0,-19.0,24.773987000003217,auto,,,,,,0,
1768445985271,Sunny,Day,0.0787109375,100.0,-20.0,18.389524999975038,auto,,,,,,0,
1768445985302,Sunny,Day,0.0755859375,100.0,-21.0,20.184632999985297,auto,,,,,,0,
1768445985333,Sunny,Day,0.07513020833333334,100.0,-18.0,20.51210499996614,auto,,,,,,0,
1768445985365,Sunny,Day,0.07610677083333334,100.0,-19.0,20.984830000031707,auto,,,,,,0,
1768445985396,Sunny,Day,0.0748046875,100.0,-18.0,21.83263699998861,auto,,,,,,0,
1768445985428,Sunny,Day,0.0751953125,100.0,-19.0,21.72923300003049,auto,,,,,,0,
1768445985461,Sunny,Day,0.07356770833333333,100.0,-19.0,23.38727200003632,auto,,,,,,0,
1768445985491,Sunny,Day,0.07477213541666666,100.0,-18.0,19.89758700000266,auto,,,,,,0,
1768445985523,Sunny,Day,0.075390625,100.0,-17.0,23.298181999962253,auto,,,,,,0,
1768445985556,Sunny,Day,0.07194010416666667,100.0,-21.0,21.788415999992594,auto,,,,,,0,
1768445985586,Sunny,Day,0.07239583333333334,100.0,-19.0,19.633076999980403,auto,,,,,,0,
1768445985619,Sunny,Day,0.0708984375,100.0,-19.0,22.422488000017893,auto,,,,,,0,
1768445985649,Sunny,Day,0.07376302083333333,100.0,-18.0,20.191280999995342,auto,,,,,,0,
1768445985680,Sunny,Day,0.07119140625,100.0,-20.0,21.164306000002853,auto,,,,,,0,
1768445985710,Sunny,Day,0.06842447916666666,100.0,-20.0,19.89643900003557,auto,,,,,,0,
1768445985742,Sunny,Day,0.06888020833333333,100.0,-19.0,22.38500800001475,auto,,,,,,0,
1768445985773,Sunny,Day,0.07151692708333333,100.0,-17.0,20.051100999978644,auto,,,,,,0,
1768445985804,Sunny,Day,0.0728515625,100.0,-18.0,21.545626999966316,auto,,,,,,0,
1768445985835,Sunny,Day,0.07093098958333334,100.0,-19.0,20.233372000006966,auto,,,,,,0,
1768445985868,Sunny,Day,0.06800130208333334,100.0,-18.0,24.05658399999311,auto,,,,,,0,
1768445985898,Sunny,Day,0.07119140625,100.0,-17.0,18.904471000041667,auto,,,,,,0,
1768445985933,Sunny,Day,0.075,100.0,-17.0,25.3443020000077,auto,,,,,,0,
1768445985962,Sunny,Day,0.07307942708333333,100.0,-19.0,11.60229600003504,auto,,,,,,0,
1768445985993,Sunny,Day,0.0701171875,100.0,-20.0,22.03981500002783,auto,,,,,,0,
1768445986022,Sunny,Day,0.073828125,100.0,-18.0,19.300672000042596,auto,,,,,,0,
1768445986055,Sunny,Day,0.07565104166666667,100.0,-18.0,25.986215999978413,auto,,,,,,0,
1768445986089,Sunny,Day,0.07542317708333333,100.0,-19.0,25.913736999996217,auto,,,,,,0,
1768445986116,Sunny,Day,0.07096354166666667,100.0,-21.0,19.882639999991625,auto,,,,,,0,
1768445986148,Sunny,Day,0.07425130208333333,100.0,-18.0,23.887241000011272,auto,,,,,,0,
1768445986179,Sunny,Day,0.07718098958333333,100.0,-18.0,23.21004000003768,auto,,,,,,0,
1768445986210,Sunny,Day,0.07731119791666667,100.0,-19.0,23.389294000025984,auto,,,,,,0,
1768445986242,Sunny,Day,0.0763671875,100.0,-19.0,24.16549299999815,auto,,,,,,0,
1768445986273,Sunny,Day,0.07744140625,100.0,-18.0,23.974386999952912,auto,,,,,,0,
1768445986304,Sunny,Day,0.07975260416666667,100.0,-16.0,22.012631999984933,auto,,,,,,0,
1768445986336,Sunny,Day,0.07708333333333334,100.0,-18.0,24.035904000015762,auto,,,,,,0,
1768445986367,Sunny,Day,0.079296875,100.0,-18.0,23.969776000001275,auto,,,,,,0,
1768445986398,Sunny,Day,0.07822265625,100.0,-18.0,23.942610999995395,auto,,,,,,0,
1768445986430,Sunny,Day,0.0802734375,100.0,-16.0,24.09886599997435,auto,,,,,,0,
1768445986461,Sunny,Day,0.08082682291666667,100.0,-18.0,23.952054999995198,auto,,,,,,0,
1768445986494,Sunny,Day,0.07867838541666666,100.0,-19.0,24.990226999989318,auto,,,,,,0,
1768445986524,Sunny,Day,0.07884114583333333,100.0,-20.0,19.7728289999759,auto,,,,,,0,
1768445986556,Sunny,Day,0.08134765625,100.0,-18.0,24.683532999972613,auto,,,,,,0,
1768445986587,Sunny,Day,0.08473307291666667,100.0,-18.0,23.45486600000868,auto,,,,,,0,
1768445986619,Sunny,Day,0.08346354166666667,100.0,-19.0,23.63273099996377,auto,,,,,,0,
1768445986651,Sunny,Day,0.08219401041666667,100.0,-19.0,24.14603099998658,auto,,,,,,0,
1768445986682,Sunny,Day,0.08466796875,100.0,-18.0,23.334683999962635,auto,,,,,,0,
1768445986713,Sunny,Day,0.08356119791666666,100.0,-18.0,23.610768000025928,auto,,,,,,0,
1768445986744,Sunny,Day,0.08359375,100.0,-19.0,23.774986000034914,auto,,,,,,0,
1768445986775,Sunny,Day,0.08404947916666666,100.0,-20.0,24.107679999985976,auto,,,,,,0,
1768445986807,Sunny,Day,0.08264973958333334,100.0,-20.0,23.796151999988524,auto,,,,,,0,
1768445986839,Sunny,Day,0.08551432291666666,100.0,-18.0,25.05348500000082,auto,,,,,,0,
1768445986870,Sunny,Day,0.08727213541666666,100.0,-18.0,23.036805000003824,auto,,,,,,0,
1768445986901,Sunny,Day,0.084765625,100.0,-19.0,23.335443000007672,auto,,,,,,0,
1768445986934,Sunny,Day,0.08294270833333334,100.0,-20.0,25.40806600001133,auto,,,,,,0,
1768445986964,Sunny,Day,0.08583984375,100.0,-17.0,21.232007000037356,auto,,,,,,0,
1768445986995,Sunny,Day,0.08707682291666667,100.0,-18.0,24.033310999982405,auto,,,,,,0,
1768445987027,Sunny,Day,0.08623046875,100.0,-19.0,22.941935999995167,auto,,,,,,0,
1768445987058,Sunny,Day,0.08570963541666667,100.0,-20.0,23.53397799998902,auto,,,,,,0,
1768445987089,Sunny,Day,0.08994140625,100.0,-16.0,23.81396999999197,auto,,,,,,0,
1768445987121,Sunny,Day,0.087890625,100.0,-17.0,22.821961999966334,auto,,,,,,0,
1768445987152,Sunny,Day,0.08619791666666667,100.0,-20.0,24.176310999962425,auto,,,,,,0,
1768445987184,Sunny,Day,0.08776041666666666,100.0,-18.0,22.792092000031516,auto,,,,,,0,
1768445987216,Sunny,Day,0.08740234375,100.0,-18.0,23.669659000006504,auto,,,,,,0,
1768445987248,Sunny,Day,0.08642578125,100.0,-19.0,23.016937000022608,auto,,,,,,0,
1768445987278,Sunny,Day,0.0884765625,100.0,-18.0,22.211923000043043,auto,,,,,,0,
1768445987309,Sunny,Day,0.08649088541666666,100.0,-20.0,23.569624999993266,auto,,,,,,0,
1768445987340,Sunny,Day,0.09078776041666667,100.0,-17.0,23.89822700001787,auto,,,,,,0,
1768445987372,Sunny,Day,0.09300130208333333,100.0,-17.0,23.68354800000816,auto,,,,,,0,
1768445987405,Sunny,Day,0.09283854166666666,100.0,-16.0,22.792684000023655,auto,,,,,,0,
1768445987435,Sunny,Day,0.0896484375,100.0,-19.0,21.99565099999745,auto,,,,,,0,
1768445987467,Sunny,Day,0.08948567708333334,100.0,-19.0,24.45667400002094,auto,,,,,,0,
1768445987498,Sunny,Day,0.09186197916666666,100.0,-17.0,23.756026999990354,auto,,,,,,0,
1768445987529,Sunny,Day,0.09231770833333333,100.0,-18.0,23.816339999996217,auto,,,,,,0,
1768445987560,Sunny,Day,0.091796875,100.0,-18.0,23.6174940000069,auto,,,,,,0,
1768445987593,Sunny,Day,0.09127604166666667,100.0,-19.0,21.04747399999951,auto,,,,,,0,
1768445987624,Sunny,Day,0.09270833333333334,100.0,-18.0,22.733279000021867,auto,,,,,,0,
1768445987655,Sunny,Day,0.08466796875,100.0,-21.0,22.987456999999267,auto,,,,,,0,
1768445987688,Sunny,Day,0.08746744791666666,100.0,-20.0,21.5414979999764,auto,,,,,,0,
1768445987719,Sunny,Day,0.08515625,100.0,-21.0,21.586311000021396,auto,,,,,,0,
1768445987749,Sunny,Day,0.08030598958333333,100.0,-21.0,22.277884000004633,auto,,,,,,0,
1768445987780,Sunny,Day,0.08323567708333333,100.0,-19.0,24.275049000038962,auto,,,,,,0,
1768445987812,Sunny,Day,0.08352864583333333,100.0,-20.0,23.728417000029367,auto,,,,,,0,
1768445987843,Sunny,Day,0.08317057291666667,100.0,-20.0,23.84587599999577,auto,,,,,,0,
1768445987875,Sunny,Day,0.08219401041666667,100.0,-19.0,24.896327999954337,auto,,,,,,0,
1768445987906,Sunny,Day,0.08264973958333334,100.0,-18.0,22.613003999992998,auto,,,,,,0,
1768445987938,Sunny,Day,0.08343098958333334,100.0,-18.0,24.765128000012737,auto,,,,,,0,
1768445987968,Sunny,Day,0.08196614583333334,100.0,-19.0,23.237894000033066,auto,,,,,,0,
1768445988000,Sunny,Day,0.08011067708333333,100.0,-20.0,19.676513999968392,auto,,,,,,0,
1768445988033,Sunny,Day,0.08216145833333334,100.0,-18.0,23.857082999995782,auto,,,,,,0,
1768445988064,Sunny,Day,0.08414713541666667,100.0,-17.0,23.343689000000722,auto,,,,,,0,
1768445988096,Sunny,Day,0.08486328125,100.0,-19.0,23.192915999970865,auto,,,,,,0,
1768445988126,Sunny,Day,0.08053385416666667,100.0,-20.0,22.545321999984935,auto,,,,,,0,
1768445988157,Sunny,Day,0.08264973958333334,100.0,-19.0,23.678013999983705,auto,,,,,,0,
1768445988188,Sunny,Day,0.08486328125,100.0,-19.0,22.24427400000195,auto,,,,,,0,
1768445988220,Sunny,Day,0.08463541666666667,100.0,-19.0,22.414233000006334,auto,,,,,,0,
1768445988254,Sunny,Day,0.08444010416666667,100.0,-20.0,26.716802999999345,auto,,,,,,0,
1768445988284,Sunny,Day,0.085546875,100.0,-19.0,22.005874000001313,auto,,,,,,0,
1768445988315,Sunny,Day,0.08489583333333334,100.0,-19.0,22.51058199999534,auto,,,,,,0,
1768445988346,Sunny,Day,0.0857421875,100.0,-19.0,22.57532099997661,auto,,,,,,0,
1768445988379,Sunny,Day,0.08662109375,100.0,-19.0,25.58394400000452,auto,,,,,,0,
1768445988409,Sunny,Day,0.0818359375,100.0,-20.0,22.287346999974034,auto,,,,,,0,
1768445988440,Sunny,Day,0.08232421875,100.0,-18.0,22.877515999994102,auto,,,,,,0,
1768445988471,Sunny,Day,0.08385416666666666,100.0,-18.0,23.26957999997603,auto,,,,,,0,
1768445988502,Sunny,Day,0.08427734375,100.0,-20.0,23.98424599999771,auto,,,,,,0,
1768445988534,Sunny,Day,0.08362630208333334,100.0,-20.0,23.647254999957568,auto,,,,,,0,
1768445988565,Sunny,Day,0.08388671875,100.0,-18.0,22.315734999949655,auto,,,,,,0,
1768445988596,Sunny,Day,0.0841796875,100.0,-19.0,24.108742999999322,auto,,,,,,0,
1768445988628,Sunny,Day,0.0841796875,100.0,-19.0,22.61539400001311,auto,,,,,,0,
1768445988661,Sunny,Day,0.08349609375,100.0,-21.0,24.973274999979367,auto,,,,,,0,
1768445988691,Sunny,Day,0.08173828125,100.0,-19.0,21.77413900000147,auto,,,,,,0,
1768445988722,Sunny,Day,0.08343098958333334,100.0,-20.0,23.77312199996595,auto,,,,,,0,
1768445988754,Sunny,Day,0.08447265625,100.0,-20.0,22.85496100000728,auto,,,,,,0,
1768445988788,Sunny,Day,0.08151041666666667,100.0,-21.0,27.122143999974924,auto,,,,,,0,
1768445988820,Sunny,Day,0.07835286458333333,100.0,-21.0,23.87708300000213,auto,,,,,,0,
1768445988848,Sunny,Day,0.08352864583333333,100.0,-19.0,20.57535600005167,auto,,,,,,0,
1768445988879,Sunny,Day,0.08170572916666667,100.0,-19.0,24.154314999975668,auto,,,,,,0,
1768445988912,Sunny,Day,0.07939453125,100.0,-20.0,21.19702499999221,auto,,,,,,0,
1768445988943,Sunny,Day,0.07649739583333333,100.0,-21.0,23.03054899999779,auto,,,,,,0,
1768445988973,Sunny,Day,0.07626953125,100.0,-20.0,22.65180000000555,auto,,,,,,0,
1768445989005,Sunny,Day,0.07900390625,100.0,-19.0,22.98982799999294,auto,,,,,,0,
1768445989036,Sunny,Day,0.0751953125,100.0,-21.0,23.072104999982912,auto,,,,,,0,
1768445989069,Sunny,Day,0.07620442708333333,100.0,-22.0,22.25179199996319,auto,,,,,,0,
1768445989100,Sunny,Day,0.07542317708333333,100.0,-19.0,22.970867000026374,auto,,,,,,0,
1768445989131,Sunny,Day,0.07467447916666667,100.0,-20.0,22.049722999952337,auto,,,,,,0,
1768445989162,Sunny,Day,0.07763671875,100.0,-20.0,23.500816999955987,auto,,,,,,0,
1768445989193,Sunny,Day,0.07255859375,100.0,-23.0,23.663220000003093,auto,,,,,,0,
1768445989224,Sunny,Day,0.07184244791666666,100.0,-24.0,22.912775000008878,auto,,,,,,0,
1768445989257,Sunny,Day,0.07347005208333333,100.0,-20.0,23.848418999989462,auto,,,,,,0,
1768445989287,Sunny,Day,0.07418619791666667,100.0,-21.0,22.497118999979193,auto,,,,,,0,
1768445989319,Sunny,Day,0.07145182291666667,100.0,-22.0,23.822123000002193,auto,,,,,,0,
1768445989350,Sunny,Day,0.06754557291666667,100.0,-24.0,23.141214000020227,auto,,,,,,0,
1768445989383,Sunny,Day,0.07080078125,100.0,-20.0,24.982426999997642,auto,,,,,,0,
1768445989414,Sunny,Day,0.0697265625,100.0,-21.0,22.82438899999306,auto,,,,,,0,
1768445989447,Sunny,Day,0.07366536458333334,100.0,-20.0,25.766240999985257,auto,,,,,,0,
1768445989476,Sunny,Day,0.06656901041666667,100.0,-23.0,20.955695000054675,auto,,,,,,0,
1768445989507,Sunny,Day,0.06292317708333334,100.0,-21.0,24.158467000006567,auto,,,,,,0,
1768445989539,Sunny,Day,0.06321614583333333,100.0,-16.0,18.896154999993087,auto,,,,,,0,
1768445989570,Sunny,Day,0.07047526041666667,100.0,-17.0,22.80501899997489,auto,,,,,,0,
1768445989601,Sunny,Day,0.06276041666666667,100.0,-20.0,24.209224999992784,auto,,,,,,0,
1768445989634,Sunny,Day,0.0603515625,100.0,-19.0,24.28474099997402,auto,,,,,,0,
1768445989666,Sunny,Day,0.05377604166666667,100.0,-17.0,23.478336000039235,auto,,,,,,0,
1768445989696,Sunny,Day,0.06396484375,100.0,-18.0,21.693269000024884,auto,,,,,,0,
1768445989728,Sunny,Day,0.06162109375,100.0,-20.0,24.621250999985023,auto,,,,,,0,
1768445989759,Sunny,Day,0.05569661458333333,100.0,-22.0,23.943732000020646,auto,,,,,,0,
1768445989790,Sunny,Day,0.05670572916666667,100.0,-19.0,22.740594999959285,auto,,,,,,0,
1768445989821,Sunny,Day,0.059895833333333336,100.0,-16.0,23.887880000017958,auto,,,,,,0,
1768445989853,Sunny,Day,0.056803385416666664,100.0,-21.0,23.891936999973495,auto,,,,,,0,
1768445989884,Sunny,Day,0.055826822916666664,100.0,-21.0,23.633793999977115,auto,,,,,,0,
1768445989915,Sunny,Day,0.05029296875,100.0,-20.0,22.38627099995938,auto,,,,,,0,
1768445989948,Sunny,Day,0.05426432291666667,100.0,-19.0,22.3873630000071,auto,,,,,,0,
1768445989979,Sunny,Day,0.05712890625,100.0,-17.0,23.25391499999796,auto,,,,,,0,
1768445990009,Sunny,Day,0.058854166666666666,100.0,-20.0,22.2372430000064,auto,,,,,,0,
1768445990041,Sunny,Day,0.05107421875,100.0,-18.0,24.19454300002144,auto,,,,,,0,
1768445990072,Sunny,Day,0.055078125,100.0,-17.0,17.656824999960463,auto,,,,,,0,
1768445990104,Sunny,Day,0.05628255208333333,100.0,-17.0,20.550332000027538,auto,,,,,,0,
1768445990135,Sunny,Day,0.05651041666666667,100.0,-19.0,23.159770000006574,auto,,,,,,0,
1768445990167,Sunny,Day,0.05517578125,100.0,-19.0,22.406694999972387,auto,,,,,,0,
1768445990199,Sunny,Day,0.05406901041666667,100.0,-19.0,21.91170699995837,auto,,,,,,0,
1768445990230,Sunny,Day,0.06005859375,100.0,-17.0,22.101794999969115,auto,,,,,,0,
1768445990262,Sunny,Day,0.06009114583333333,100.0,-18.0,23.874845000023015,auto,,,,,,0,
1768445990292,Sunny,Day,0.05625,100.0,-19.0,22.881869000002553,auto,,,,,,0,
1768445990325,Sunny,Day,0.0552734375,100.0,-14.0,25.46988199998168,auto,,,,,,0,
1768445990356,Sunny,Day,0.05970052083333333,100.0,-18.0,22.284309999974994,auto,,,,,,0,
1768445990387,Sunny,Day,0.062239583333333334,100.0,-16.0,23.669924999978775,auto,,,,,,0,
1768445990418,Sunny,Day,0.0599609375,100.0,-18.0,23.31221099996128,auto,,,,,,0,
1768445990449,Sunny,Day,0.05657552083333333,100.0,-20.0,24.14685799999461,auto,,,,,,0,
1768445990481,Sunny,Day,0.055989583333333336,100.0,-16.0,23.80290299998933,auto,,,,,,0,
1768445990512,Sunny,Day,0.06285807291666666,100.0,-18.0,24.274818000037612,auto,,,,,,0,
1768445990544,Sunny,Day,0.06165364583333333,100.0,-18.0,23.4910399999535,auto,,,,,,0,
1768445990575,Sunny,Day,0.05677083333333333,100.0,-18.0,19.837366999979622,auto,,,,,,0,
1768445990607,Sunny,Day,0.060709635416666664,100.0,-14.0,21.472420999998576,auto,,,,,,0,
1768445990638,Sunny,Day,0.066796875,100.0,-13.0,23.606500000028063,auto,,,,,,0,
1768445990670,Sunny,Day,0.06350911458333333,100.0,-18.0,24.77782500000103,auto,,,,,,0,
1768445990700,Sunny,Day,0.06181640625,100.0,-20.0,22.09772100002283,auto,,,,,,0,
1768445990732,Sunny,Day,0.05992838541666667,100.0,-19.0,20.875693999983014,auto,,,,,,0,
1768445990764,Sunny,Day,0.06588541666666667,100.0,-16.0,20.14748999999938,auto,,,,,,0,
1768445990797,Sunny,Day,0.06682942708333334,100.0,-17.0,22.760464999976193,auto,,,,,,0,
1768445990826,Sunny,Day,0.06490885416666667,100.0,-18.0,21.528216000035627,auto,,,,,,0,
1768445990858,Sunny,Day,0.06243489583333333,100.0,-17.0,24.40799999999399,auto,,,,,,0,
1768445990889,Sunny,Day,0.06236979166666667,100.0,-15.0,23.57790799999293,auto,,,,,,0,
1768445990920,Sunny,Day,0.06923828125,100.0,-16.0,24.005269000042517,auto,,,,,,0,
1768445990953,Sunny,Day,0.06419270833333333,100.0,-19.0,25.539806999972825,auto,,,,,,0,
1768445990983,Sunny,Day,0.06083984375,100.0,-17.0,22.428658000023916,auto,,,,,,0,
1768445991015,Sunny,Day,0.06549479166666666,100.0,-17.0,23.42751999998427,auto,,,,,,0,
1768445991050,Sunny,Day,0.06875,100.0,-15.0,23.70440600003576,auto,,,,,,0,
1768445991082,Sunny,Day,0.06793619791666666,100.0,-19.0,19.86913899997944,auto,,,,,,0,
1768445991113,Sunny,Day,0.066015625,100.0,-18.0,19.65601400002015,auto,,,,,,0,
1768445991143,Sunny,Day,0.06868489583333333,100.0,-17.0,20.09883699997772,auto,,,,,,0,
1768445991174,Sunny,Day,0.06888020833333333,100.0,-17.0,19.967210999993767,auto,,,,,,0,
1768445991205,Sunny,Day,0.07099609375,100.0,-18.0,18.17463900005123,auto,,,,,,0,
1768445991236,Sunny,Day,0.06803385416666667,100.0,-19.0,22.4301760000003,auto,,,,,,0,
1768445991268,Sunny,Day,0.06985677083333333,100.0,-18.0,17.37060099998189,auto,,,,,,0,
1768445991303,Sunny,Day,0.07194010416666667,100.0,-17.0,20.15652099998988,auto,,,,,,0,
1768445991331,Sunny,Day,0.07203776041666667,100.0,-19.0,17.667613000014626,auto,,,,,,0,
1768445991365,Sunny,Day,0.06640625,100.0,-19.0,23.881939000034436,auto,,,,,,0,
1768445991395,Sunny,Day,0.06012369791666667,100.0,-20.0,19.411907999995037,auto,,,,,,0,
1768445991425,Sunny,Day,0.06474609375,100.0,-16.0,19.988618000013503,auto,,,,,,0,
1768445991457,Sunny,Day,0.07203776041666667,100.0,-17.0,21.635210999988885,auto,,,,,,0,
1768445991489,Sunny,Day,0.06871744791666666,100.0,-19.0,20.493847000011556,auto,,,,,,0,
1768445991519,Sunny,Day,0.06588541666666667,100.0,-20.0,19.637643999999455,auto,,,,,,0,
1768445991552,Sunny,Day,0.06839192708333333,100.0,-18.0,22.990348000007543,auto,,,,,,0,
1768445991583,Sunny,Day,0.07493489583333333,100.0,-16.0,18.341598000006343,auto,,,,,,0,
1768445991614,Sunny,Day,0.07262369791666666,100.0,-19.0,20.361090999983844,auto,,,,,,0,
1768445991644,Sunny,Day,0.06549479166666666,100.0,-20.0,20.782526000004964,auto,,,,,,0,
1768445991676,Sunny,Day,0.06783854166666667,100.0,-19.0,18.304116999956932,auto,,,,,,0,
1768445991708,Sunny,Day,0.07161458333333333,100.0,-17.0,22.693447999984073,auto,,,,,,0,
1768445991739,Sunny,Day,0.07708333333333334,100.0,-19.0,22.13629300001685,auto,,,,,,0,
1768445991770,Sunny,Day,0.07194010416666667,100.0,-19.0,21.548082999970575,auto,,,,,,0,
1768445991802,Sunny,Day,0.06829427083333334,100.0,-20.0,19.782770000006167,auto,,,,,,0,
1768445991835,Sunny,Day,0.07496744791666667,100.0,-15.0,22.612466999987646,auto,,,,,,0,
1768445991864,Sunny,Day,0.07688802083333333,100.0,-19.0,19.54296099995645,auto,,,,,,0,
1768445991896,Sunny,Day,0.07451171875,100.0,-21.0,18.771643999969,auto,,,,,,0,
1768445991930,Sunny,Day,0.07138671875,100.0,-21.0,20.830358000011984,auto,,,,,,0,
1768445991959,Sunny,Day,0.07864583333333333,100.0,-17.0,17.040903999998136,auto,,,,,,0,
1768445991990,Sunny,Day,0.08011067708333333,100.0,-17.0,21.290941000017938,auto,,,,,,0,
1768445992022,Sunny,Day,0.0728515625,100.0,-21.0,22.565790999976798,auto,,,,,,0,
1768445992053,Sunny,Day,0.07473958333333333,100.0,-21.0,20.584600000006503,auto,,,,,,0,
1768445992088,Sunny,Day,0.074609375,100.0,-20.0,24.805458000003,auto,,,,,,0,
1768445992116,Sunny,Day,0.07913411458333333,100.0,-19.0,18.319090000034066,auto,,,,,,0,
1768445992147,Sunny,Day,0.07845052083333333,100.0,-20.0,20.786615000019992,auto,,,,,,0,
1768445992179,Sunny,Day,0.0708984375,100.0,-21.0,21.887499000001753,auto,,,,,,0,
1768445992210,Sunny,Day,0.07405598958333333,100.0,-22.0,16.820825000024797,auto,,,,,,0,
1768445992241,Sunny,Day,0.07919921875,100.0,-19.0,20.89157500000738,auto,,,,,,0,
1768445992272,Sunny,Day,0.07884114583333333,100.0,-18.0,21.494802999995954,auto,,,,,,0,
1768445992305,Sunny,Day,0.07330729166666666,100.0,-20.0,19.03679800000191,auto,,,,,,0,
1768445992337,Sunny,Day,0.07298177083333333,100.0,-20.0,21.557949999987613,auto,,,,,,0,
1768445992367,Sunny,Day,0.07659505208333334,100.0,-19.0,19.571158000019295,auto,,,,,,0,
1768445992399,Sunny,Day,0.07750651041666666,100.0,-17.0,19.618268000044736,auto,,,,,,0,
1768445992431,Sunny,Day,0.0765625,100.0,-18.0,21.285196999997424,auto,,,,,,0,
1768445992461,Sunny,Day,0.0740234375,100.0,-18.0,19.8205039999948,auto,,,,,,0,
1768445992492,Sunny,Day,0.07643229166666667,100.0,-17.0,21.58228399997597,auto,,,,,,0,
1768445992524,Sunny,Day,0.07965494791666666,100.0,-17.0,22.33273100000588,auto,,,,,,0,
1768445992556,Sunny,Day,0.07887369791666667,100.0,-19.0,16.611977000025036,auto,,,,,,0,
1768445992588,Sunny,Day,0.07509765625,100.0,-18.0,21.89240699999573,auto,,,,,,0,
1768445992619,Sunny,Day,0.07506510416666666,100.0,-17.0,20.173256000020956,auto,,,,,,0,
1768445992650,Sunny,Day,0.07965494791666666,100.0,-16.0,20.004611999979716,auto,,,,,,0,
1768445992680,Sunny,Day,0.08160807291666666,100.0,-17.0,21.258789999990313,auto,,,,,,0,
1768445992712,Sunny,Day,0.07470703125,100.0,-21.0,22.024423000004845,auto,,,,,,0,
1768445992744,Sunny,Day,0.07721354166666666,100.0,-17.0,23.144121999962408,auto,,,,,,0,
1768445992775,Sunny,Day,0.07685546875,100.0,-17.0,21.310400000004392,auto,,,,,,0,
1768445992808,Sunny,Day,0.07711588541666667,100.0,-17.0,22.246714000004886,auto,,,,,,0,
1768445992838,Sunny,Day,0.07389322916666667,100.0,-18.0,20.350160000020878,auto,,,,,,0,
1768445992869,Sunny,Day,0.06751302083333334,100.0,-18.0,20.871501999977227,auto,,,,,,0,
1768445992901,Sunny,Day,0.07493489583333333,100.0,-17.0,19.925927999963733,auto,,,,,,0,
1768445992933,Sunny,Day,0.07809244791666667,100.0,-17.0,21.566246000020328,auto,,,,,,0,
1768445992963,Sunny,Day,0.07568359375,100.0,-18.0,20.37065999996912,auto,,,,,,0,
1768445992995,Sunny,Day,0.07600911458333333,100.0,-17.0,21.87060999995083,auto,,,,,,0,
1768445993027,Sunny,Day,0.07522786458333333,100.0,-17.0,20.356414000048062,auto,,,,,,0,
1768445993058,Sunny,Day,0.07607421875,100.0,-17.0,20.918106999999964,auto,,,,,,0,
1768445993089,Sunny,Day,0.0783203125,100.0,-17.0,21.436226999981045,auto,,,,,,0,
1768445993121,Sunny,Day,0.07184244791666666,100.0,-18.0,18.131936999964182,auto,,,,,,0,
1768445993153,Sunny,Day,0.07470703125,100.0,-17.0,21.140139999999974,auto,,,,,,0,
1768445993183,Sunny,Day,0.0744140625,100.0,-17.0,19.649945999958618,auto,,,,,,0,
1768445993216,Sunny,Day,0.07744140625,100.0,-17.0,21.76812800001926,auto,,,,,,0,
1768445993247,Sunny,Day,0.07470703125,100.0,-19.0,20.162713999980042,auto,,,,,,0,
1768445993277,Sunny,Day,0.07418619791666667,100.0,-17.0,20.9778650000203,auto,,,,,,0,
1768445993309,Sunny,Day,0.07587890625,100.0,-17.0,21.9858650000333,auto,,,,,,0,
1768445993340,Sunny,Day,0.07760416666666667,100.0,-17.0,19.34006300001556,auto,,,,,,0,
1768445993374,Sunny,Day,0.07526041666666666,100.0,-21.0,22.866478000025836,auto,,,,,,0,
1768445993404,Sunny,Day,0.0716796875,100.0,-19.0,20.513633000007303,auto,,,,,,0,
1768445993437,Sunny,Day,0.07574869791666666,100.0,-17.0,22.77429499997652,auto,,,,,,0,
1768445993466,Sunny,Day,0.0748046875,100.0,-19.0,16.79783200000884,auto,,,,,,0,
1768445993500,Sunny,Day,0.07486979166666667,100.0,-19.0,21.447301000023344,auto,,,,,,0,
1768445993530,Sunny,Day,0.068359375,100.0,-20.0,19.4947449999745,auto,,,,,,0,
1768445993562,Sunny,Day,0.07262369791666666,100.0,-18.0,20.510892999993757,auto,,,,,,0,
1768445993591,Sunny,Day,0.07496744791666667,100.0,-19.0,18.97771799997372,auto,,,,,,0,
1768445993623,Sunny,Day,0.07451171875,100.0,-20.0,21.65505599998596,auto,,,,,,0,
1768445993655,Sunny,Day,0.07408854166666666,100.0,-19.0,26.72520200002282,auto,,,,,,0,
1768445993685,Sunny,Day,0.06539713541666667,100.0,-18.0,16.383302999997795,auto,,,,,,0,
1768445993717,Sunny,Day,0.07200520833333333,100.0,-18.0,22.48235500002238,auto,,,,,,0,
1768445993748,Sunny,Day,0.07457682291666666,100.0,-18.0,22.21856400001343,auto,,,,,,0,
1768445993780,Sunny,Day,0.06813151041666667,100.0,-22.0,20.96627299999909,auto,,,,,,0,
1768445993811,Sunny,Day,0.06643880208333333,100.0,-21.0,21.492597000019487,auto,,,,,,0,
1768445993843,Sunny,Day,0.0677734375,100.0,-20.0,20.962014000019735,auto,,,,,,0,
1768445993875,Sunny,Day,0.06891276041666666,100.0,-22.0,18.482338000012533,auto,,,,,,0,
1768445993905,Sunny,Day,0.07122395833333334,100.0,-22.0,19.209825000018554,auto,,,,,,0,
1768445993938,Sunny,Day,0.07138671875,100.0,-21.0,22.656223000012687,auto,,,,,,0,
1768445993969,Sunny,Day,0.06500651041666666,100.0,-22.0,20.673907999992025,auto,,,,,,0,
1768445994000,Sunny,Day,0.07395833333333333,100.0,-19.0,21.149658000013005,auto,,,,,,0,
1768445994031,Sunny,Day,0.06878255208333334,100.0,-22.0,21.748957999989216,auto,,,,,,0,
1768445994060,Sunny,Day,0.06383463541666666,100.0,-22.0,21.416167999973368,auto,,,,,,0,
1768445994091,Sunny,Day,0.06315104166666667,100.0,-21.0,23.05306499999915,auto,,,,,,0,
1768445994124,Sunny,Day,0.06735026041666667,100.0,-19.0,25.617223999972794,auto,,,,,,0,
1768445994155,Sunny,Day,0.06611328125,100.0,-20.0,22.15598800000862,auto,,,,,,0,
1768445994186,Sunny,Day,0.060221354166666664,100.0,-20.0,23.387114999991354,auto,,,,,,0,
1768445994218,Sunny,Day,0.058984375,100.0,-19.0,24.275229000011223,auto,,,,,,0,
1768445994249,Sunny,Day,0.06435546875,100.0,-16.0,23.572075000004133,auto,,,,,,0,
1768445994280,Sunny,Day,0.062239583333333334,100.0,-18.0,23.673460999987128,auto,,,,,,0,
1768445994312,Sunny,Day,0.0626953125,100.0,-17.0,23.450557999979083,auto,,,,,,0,
1768445994344,Sunny,Day,0.05999348958333333,100.0,-18.0,24.993123999990985,auto,,,,,,0,
1768445994377,Sunny,Day,0.05966796875,100.0,-18.0,26.17791800003033,auto,,,,,,0,
1768445994405,Sunny,Day,0.06715494791666667,100.0,-16.0,20.660550999991756,auto,,,,,,0,
1768445994439,Sunny,Day,0.06669921875,100.0,-17.0,25.39091300002383,auto,,,,,,0,
1768445994468,Sunny,Day,0.06953125,100.0,-16.0,20.690716999979486,auto,,,,,,0,
1768445994500,Sunny,Day,0.06500651041666666,100.0,-15.0,22.441482999965956,auto,,,,,,0,
1768445994531,Sunny,Day,0.06673177083333333,100.0,-16.0,24.11180600000762,auto,,,,,,0,
1768445994562,Sunny,Day,0.071875,100.0,-16.0,23.825700000031702,auto,,,,,,0,
1768445994594,Sunny,Day,0.06920572916666666,100.0,-17.0,22.954306999963592,auto,,,,,,0,
1768445994626,Sunny,Day,0.06686197916666667,100.0,-18.0,25.336802999959218,auto,,,,,,0,
1768445994656,Sunny,Day,0.07294921875,100.0,-16.0,22.655127999996694,auto,,,,,,0,
1768445994688,Sunny,Day,0.07571614583333333,100.0,-16.0,23.166304000028504,auto,,,,,,0,
1768445994719,Sunny,Day,0.07607421875,100.0,-16.0,23.363410999991174,auto,,,,,,0,
1768445994751,Sunny,Day,0.07311197916666666,100.0,-17.0,23.974790000011126,auto,,,,,,0,
1768445994782,Sunny,Day,0.07529296875,100.0,-15.0,23.479260999977214,auto,,,,,,0,
1768445994813,Sunny,Day,0.07688802083333333,100.0,-16.0,23.56761200002211,auto,,,,,,0,
1768445994845,Sunny,Day,0.07620442708333333,100.0,-17.0,24.28465499997401,auto,,,,,,0,
1768445994876,Sunny,Day,0.07600911458333333,100.0,-16.0,23.812144999965312,auto,,,,,,0,
1768445994908,Sunny,Day,0.07513020833333334,100.0,-16.0,24.831942000048457,auto,,,,,,0,
1768445994939,Sunny,Day,0.07740885416666667,100.0,-16.0,24.289468999995734,auto,,,,,,0,
1768445994971,Sunny,Day,0.07845052083333333,100.0,-17.0,24.083066000002873,auto,,,,,,0,
1768445995002,Sunny,Day,0.07587890625,100.0,-18.0,23.21833999997125,auto,,,,,,0,
1768445995035,Sunny,Day,0.074609375,100.0,-16.0,25.2015849999907,auto,,,,,,0,
1768445995066,Sunny,Day,0.0767578125,100.0,-15.0,23.520259000008537,auto,,,,,,0,
1768445995098,Sunny,Day,0.07454427083333333,100.0,-18.0,24.851516000012452,auto,,,,,,0,
1768445995128,Sunny,Day,0.07229817708333333,100.0,-19.0,21.616418999997222,auto,,,,,,0,
1768445995159,Sunny,Day,0.07389322916666667,100.0,-19.0,24.094158000025345,auto,,,,,,0,
1768445995190,Sunny,Day,0.07613932291666667,100.0,-19.0,23.731589000021813,auto,,,,,,0,
1768445995222,Sunny,Day,0.07210286458333333,100.0,-22.0,23.181560000011814,auto,,,,,,0,
1768445995255,Sunny,Day,0.06927083333333334,100.0,-23.0,25.429099000007227,auto,,,,,,0,
1768445995285,Sunny,Day,0.06809895833333333,100.0,-23.0,22.555774000011297,auto,,,,,,0,
1768445995316,Sunny,Day,0.06451822916666666,100.0,-21.0,22.980619999998453,auto,,,,,,0,
1768445995347,Sunny,Day,0.068359375,100.0,-20.0,23.907290000011017,auto,,,,,,0,
1768445995379,Sunny,Day,0.06422526041666667,100.0,-21.0,23.30985500003635,auto,,,,,,0,
1768445995412,Sunny,Day,0.06256510416666666,100.0,-22.0,23.13872799999217,auto,,,,,,0,
1768445995443,Sunny,Day,0.062890625,100.0,-20.0,22.816917999989528,auto,,,,,,0,
1768445995474,Sunny,Day,0.062174479166666664,100.0,-20.0,22.793288999992,auto,,,,,,0,
1768445995505,Sunny,Day,0.05888671875,100.0,-22.0,22.725808999950914,auto,,,,,,0,
1768445995536,Sunny,Day,0.060286458333333334,100.0,-22.0,23.85443899999018,auto,,,,,,0,
1768445995567,Sunny,Day,0.05856119791666667,100.0,-23.0,23.636127999964174,auto,,,,,,0,
1768445995598,Sunny,Day,0.060221354166666664,100.0,-22.0,23.833292000006168,auto,,,,,,0,
1768445995630,Sunny,Day,0.06067708333333333,100.0,-21.0,24.281395000002703,auto,,,,,,0,
1768445995662,Sunny,Day,0.05712890625,100.0,-23.0,24.522909999973308,auto,,,,,,0,
1768445995693,Sunny,Day,0.05358072916666667,100.0,-25.0,23.41937199997801,auto,,,,,,0,
1768445995724,Sunny,Day,0.05511067708333333,100.0,-25.0,22.33531399997446,auto,,,,,,0,
1768445995755,Sunny,Day,0.06005859375,100.0,-24.0,23.949456000025293,auto,,,,,,0,
1768445995787,Sunny,Day,0.05693359375,100.0,-26.0,24.28535799998599,auto,,,,,,0,
1768445995819,Sunny,Day,0.04925130208333333,98.50260416666666,-15.0,24.324264999961542,auto,,,,,,0,
1768445995850,Sunny,Day,0.0533203125,100.0,-10.0,23.190375000012864,auto,,,,,,0,
1768445995881,Sunny,Day,0.055891927083333334,100.0,-11.0,24.19596999999385,auto,,,,,,0,
1768445995912,Sunny,Day,0.05634765625,100.0,-12.0,23.749828999996225,auto,,,,,,0,
1768445995944,Sunny,Day,0.05315755208333333,100.0,-15.0,23.897642000008545,auto,,,,,,0,
1768445995977,Sunny,Day,0.0548828125,100.0,-14.0,26.12570000002279,auto,,,,,,0,
1768445996007,Sunny,Day,0.061295572916666666,100.0,-13.0,21.1820939999825,auto,,,,,,0,
1768445996038,Sunny,Day,0.06770833333333333,100.0,-12.0,22.948487000007844,auto,,,,,,0,
1768445996070,Sunny,Day,0.06813151041666667,100.0,-11.0,24.311301000011554,auto,,,,,,0,
1768445996103,Sunny,Day,0.069921875,100.0,-13.0,23.880288999976074,auto,,,,,,0,
1768445996133,Sunny,Day,0.06790364583333333,100.0,-14.0,23.244686999987607,auto,,,,,,0,
1768445996166,Sunny,Day,0.07516276041666667,100.0,-16.0,25.234214000022348,auto,,,,,,0,
1768445996196,Sunny,Day,0.07239583333333334,100.0,-18.0,21.626357999991797,auto,,,,,,0,
1768445996227,Sunny,Day,0.07822265625,100.0,-17.0,23.5713120000014,auto,,,,,,0,
1768445996258,Sunny,Day,0.06888020833333333,100.0,-20.0,23.926121000044986,auto,,,,,,0,
1768445996291,Sunny,Day,0.06865234375,100.0,-22.0,24.25380199997562,auto,,,,,,0,
1768445996324,Sunny,Day,0.06845703125,100.0,-26.0,24.799035000000913,auto,,,,,,0,
1768445996352,Sunny,Day,0.06656901041666667,100.0,-28.0,20.23171100000809,auto,,,,,,0,
1768445996384,Sunny,Day,0.06715494791666667,100.0,-31.0,23.809493999976894,auto,,,,,,0,
1768445996415,Sunny,Day,0.070703125,100.0,-24.0,23.24053800003867,auto,,,,,,0,
1768445996446,Sunny,Day,0.06497395833333333,100.0,-30.0,22.89846899998338,auto,,,,,,0,
1768445996479,Sunny,Day,0.060709635416666664,100.0,-34.0,25.26191800001243,auto,,,,,,0,
1768445996509,Sunny,Day,0.056901041666666666,100.0,-32.0,22.577362999982142,auto,,,,,,0,
1768445996540,Sunny,Day,0.05315755208333333,100.0,-34.0,22.87839600001007,auto,,,,,,0,
1768445996573,Sunny,Day,0.05413411458333333,100.0,-34.0,24.380893000000015,auto,,,,,,0,
1768445996603,Sunny,Day,0.0490234375,98.046875,-33.0,22.141943999997693,auto,,,,,,0,
1768445996635,Sunny,Day,0.046549479166666664,93.09895833333333,-31.0,23.967934999973295,auto,,,,,,0,
1768445996666,Sunny,Day,0.04453125,89.0625,-25.0,22.563993000005667,auto,,,,,,0,
1768445996697,Sunny,Day,0.04153645833333333,83.07291666666666,-30.0,23.955899000043246,auto,,,,,,0,
1768445996730,Sunny,Day,0.03990885416666667,79.81770833333333,-26.0,24.806146000003082,auto,,,,,,0,
1768445996760,Sunny,Day,0.040201822916666664,80.40364583333333,-26.0,22.604029000035553,auto,,,,,,0,
1768445996792,Sunny,Day,0.037337239583333334,74.67447916666667,-25.0,24.209079999991445,auto,,,,,,0,
1768445996823,Sunny,Day,0.03899739583333333,77.99479166666666,-22.0,23.01820799999632,auto,,,,,,0,
1768445996854,Sunny,Day,0.03844401041666667,76.88802083333333,-23.0,23.209132000033605,auto,,,,,,0,
1768445996892,Sunny,Day,0.03619791666666667,72.39583333333334,-24.0,29.72733500001823,auto,,,,,,0,
1768445996920,Sunny,Day,0.03655598958333333,73.11197916666666,-23.0,20.88977599998998,auto,,,,,,0,
1768445996951,Sunny,Day,0.03714192708333333,74.28385416666666,-20.0,23.046114999999645,auto,,,,,,0,
1768445996982,Sunny,Day,0.038671875,77.34375,-20.0,23.257205000049908,auto,,,,,,0,
1768445997013,Sunny,Day,0.0365234375,73.046875,-23.0,22.16839800001935,auto,,,,,,0,
1768445997044,Sunny,Day,0.03512369791666667,70.24739583333334,-25.0,23.34492299996782,auto,,,,,,0,
1768445997074,Sunny,Day,0.03453776041666667,69.07552083333333,-24.0,22.9374840000105,auto,,,,,,0,
1768445997106,Sunny,Day,0.03818359375,76.3671875,-21.0,22.886354999968717,auto,,,,,,0,
1768445997137,Sunny,Day,0.03951822916666667,79.03645833333334,-23.0,22.93913200003317,auto,,,,,,0,
1768445997168,Sunny,Day,0.03662109375,73.2421875,-24.0,20.85206599997491,auto,,,,,,0,
1768445997200,Sunny,Day,0.03626302083333333,72.52604166666667,-26.0,23.955286000045817,auto,,,,,,0,
1768445997231,Sunny,Day,0.03860677083333333,77.21354166666666,-20.0,23.210202000029767,auto,,,,,,0,
1768445997266,Sunny,Day,0.03958333333333333,79.16666666666666,-22.0,26.70786099997713,auto,,,,,,0,
1768445997298,Sunny,Day,0.03649088541666667,72.98177083333333,-30.0,24.535963000005268,auto,,,,,,0,
1768445997327,Sunny,Day,0.0375,75.0,-23.0,22.0786799999928,auto,,,,,,0,
1768445997359,Sunny,Day,0.042220052083333334,84.44010416666667,-20.0,23.705030000030547,auto,,,,,,0,
1768445997389,Sunny,Day,0.04241536458333333,84.83072916666666,-22.0,22.731078999981946,auto,,,,,,0,
1768445997424,Sunny,Day,0.042154947916666664,84.30989583333333,-21.0,24.037544000009348,auto,,,,,,0,
1768445997455,Sunny,Day,0.03974609375,79.4921875,-22.0,23.56210599998576,auto,,,,,,0,
1768445997483,Sunny,Day,0.04147135416666667,82.94270833333334,-21.0,19.87263400002348,auto,,,,,,0,
1768445997514,Sunny,Day,0.04202473958333333,84.04947916666666,-23.0,23.604827000042405,auto,,,,,,0,
1768445997548,Sunny,Day,0.04150390625,83.0078125,-22.0,25.207324999996672,auto,,,,,,0,
1768445997577,Sunny,Day,0.03860677083333333,77.21354166666666,-26.0,19.394640999962576,auto,,,,,,0,
1768445997608,Sunny,Day,0.038899739583333336,77.79947916666667,-26.0,22.44511999998622,auto,,,,,,0,
1768445997640,Sunny,Day,0.04108072916666667,82.16145833333334,-23.0,23.25368399999661,auto,,,,,,0,
1768445997671,Sunny,Day,0.039290364583333334,78.58072916666667,-26.0,23.8841940000043,auto,,,,,,0,
1768445997704,Sunny,Day,0.03990885416666667,79.81770833333333,-23.0,25.39158199999747,auto,,,,,,0,
1768445997734,Sunny,Day,0.03811848958333333,76.23697916666666,-24.0,23.185554000008324,auto,,,,,,0,
1768445997765,Sunny,Day,0.03701171875,74.0234375,-22.0,23.42758899999353,auto,,,,,,0,
1768445997797,Sunny,Day,0.04046223958333333,80.92447916666666,-33.0,24.13637600000129,auto,,,,,,0,
1768445997828,Sunny,Day,0.038248697916666664,76.49739583333333,-29.0,23.321070999998028,auto,,,,,,0,
1768445997861,Sunny,Day,0.03649088541666667,72.98177083333333,-26.0,24.349910000012187,auto,,,,,,0,
1768445997891,Sunny,Day,0.03359375,67.1875,-20.0,21.673184999997375,auto,,,,,,0,
1768445997922,Sunny,Day,0.030989583333333334,61.97916666666667,-17.0,24.005896000005578,auto,,,,,,0,
1768445997954,Sunny,Day,0.03486328125,69.7265625,-28.0,23.132926000016596,auto,,,,,,0,
1768445997985,Sunny,Day,0.030403645833333333,60.807291666666664,-21.0,23.82897199998979,auto,,,,,,0,
1768445998019,Sunny,Day,0.035904947916666666,71.80989583333333,-36.0,26.33625599997913,auto,,,,,,0,
1768445998048,Sunny,Day,0.03313802083333333,66.27604166666666,-27.0,21.588847000032274,auto,,,,,,0,
1768445998079,Sunny,Day,0.038899739583333336,77.79947916666667,-36.0,23.94291199999543,auto,,,,,,0,
1768445998112,Sunny,Day,0.03512369791666667,70.24739583333334,-32.0,25.232343000027413,auto,,,,,,0,
1768445998142,Sunny,Day,0.030924479166666668,61.848958333333336,-32.0,22.367837999979656,auto,,,,,,0,
1768445998174,Sunny,Day,0.031575520833333336,63.15104166666667,-38.0,23.513750999995864,auto,,,,,,0,
1768445998206,Sunny,Day,0.0275390625,55.078125,-37.0,25.44258099999297,auto,,,,,,0,
1768445998237,Sunny,Day,0.025520833333333333,51.041666666666664,-38.0,22.897628000009718,auto,,,,,,0,
1768445998268,Sunny,Day,0.022884114583333334,45.768229166666664,-42.0,23.176735999982156,auto,,,,,,0,
1768445998299,Sunny,Day,0.02275390625,45.5078125,-39.0,23.40665999997782,auto,,,,,,0,
1768445998330,Sunny,Day,0.027018229166666668,54.036458333333336,-43.0,24.06811500003414,auto,,,,,,0,
1768445998362,Sunny,Day,0.023567708333333333,47.135416666666664,-39.0,24.268760999973438,auto,,,,,,0,
1768445998393,Sunny,Day,0.022233072916666666,44.46614583333333,-46.0,23.457121999967967,auto,,,,,,0,
1768445998426,Sunny,Day,0.021614583333333333,43.229166666666664,-38.0,25.291415000026518,auto,,,,,,0,
1768445998457,Sunny,Day,0.022037760416666666,44.075520833333336,-37.0,24.030466999988676,auto,,,,,,0,
1768445998488,Sunny,Day,0.021875,43.75,-37.0,23.05701500000623,auto,,,,,,0,
1768445998521,Sunny,Day,0.021809895833333332,43.619791666666664,-37.0,24.85777300000791,auto,,,,,,0,
1768445998551,Sunny,Day,0.020377604166666667,40.755208333333336,-33.0,18.467011999973693,auto,,,,,,0,
1768445998584,Sunny,Day,0.022526041666666666,45.052083333333336,-36.0,22.92692500003568,auto,,,,,,0,
1768445998613,Sunny,Day,0.02177734375,43.5546875,-30.0,20.142660000033175,auto,,,,,,0,
1768445998644,Sunny,Day,0.022884114583333334,45.768229166666664,-27.0,23.57717600000342,auto,,,,,,0,
1768445998676,Sunny,Day,0.024251302083333332,48.502604166666664,-24.0,20.000457999969967,auto,,,,,,0,
1768445998709,Sunny,Day,0.025618489583333334,51.23697916666667,-21.0,24.348925999959192,auto,,,,,,0,
1768445998739,Sunny,Day,0.032454427083333334,64.90885416666667,-32.0,21.35044200002767,auto,,,,,,0,
1768445998770,Sunny,Day,0.03502604166666667,70.05208333333333,-33.0,22.976053000036245,auto,,,,,,0,
1768445998801,Sunny,Day,0.0373046875,74.609375,-34.0,22.835295999982463,auto,,,,,,0,
1768445998834,Sunny,Day,0.040625,81.25,-32.0,24.729477999983374,auto,,,,,,0,
1768445998867,Sunny,Day,0.046126302083333334,92.25260416666667,-30.0,24.27390899998727,auto,,,,,,0,
1768445998899,Sunny,Day,0.05579427083333333,100.0,-28.0,23.680137999974704,auto,,,,,,0,
1768445998929,Sunny,Day,0.06285807291666666,100.0,-26.0,22.222618000000693,auto,,,,,,0,
1768445998958,Sunny,Day,0.06796875,100.0,-25.0,21.69212400002607,auto,,,,,,0,
1768445998990,Sunny,Day,0.07581380208333334,100.0,-25.0,20.997426999997515,auto,,,,,,0,
1768445999021,Sunny,Day,0.07698567708333333,100.0,-26.0,23.100611000018034,auto,,,,,,0,
1768445999057,Sunny,Day,0.07600911458333333,100.0,-27.0,27.894647999971767,auto,,,,,,0,
1768445999088,Sunny,Day,0.07386067708333334,100.0,-27.0,19.557804999976725,auto,,,,,,0,
1768445999119,Sunny,Day,0.071875,100.0,-28.0,19.7674880000136,auto,,,,,,0,
1768445999149,Sunny,Day,0.07161458333333333,100.0,-28.0,18.93240300000798,auto,,,,,,0,
1768445999180,Sunny,Day,0.06764322916666667,100.0,-30.0,21.508600000004208,auto,,,,,,0,
1768445999212,Sunny,Day,0.06634114583333334,100.0,-30.0,21.628507000002628,auto,,,,,,0,
1768445999243,Sunny,Day,0.06484375,100.0,-30.0,21.916837000048872,auto,,,,,,0,
1768445999275,Sunny,Day,0.06389973958333334,100.0,-31.0,22.295056000018576,auto,,,,,,0,
1768445999306,Sunny,Day,0.06373697916666667,100.0,-32.0,21.298584000021492,auto,,,,,,0,
1768445999339,Sunny,Day,0.06188151041666667,100.0,-32.0,23.29956400001265,auto,,,,,,0,
1768445999369,Sunny,Day,0.06194661458333333,100.0,-33.0,19.570785999974305,auto,,,,,,0,
1768445999400,Sunny,Day,0.06044921875,100.0,-33.0,18.1191889999468,auto,,,,,,0,
1768445999432,Sunny,Day,0.059733072916666664,100.0,-33.0,22.439276000000064,auto,,,,,,0,
1768445999464,Sunny,Day,0.059244791666666664,100.0,-33.0,21.350212999948326,auto,,,,,,0,
1768445999496,Sunny,Day,0.06103515625,100.0,-34.0,14.05167499996196,auto,,,,,,0,
1768445999526,Sunny,Day,0.06165364583333333,100.0,-33.0,18.10202299998309,auto,,,,,,0,
1768445999557,Sunny,Day,0.06155598958333333,100.0,-33.0,19.881654000016624,auto,,,,,,0,
1768445999588,Sunny,Day,0.06240234375,100.0,-33.0,21.663839000041207,auto,,,,,,0,
1768445999620,Sunny,Day,0.06236979166666667,100.0,-33.0,20.576887000004263,auto,,,,,,0,
1768445999653,Sunny,Day,0.06569010416666667,100.0,-32.0,23.45095099997252,auto,,,,,,0,
1768445999684,Sunny,Day,0.06634114583333334,100.0,-33.0,21.385916999975052,auto,,,,,,0,
1768445999714,Sunny,Day,0.06643880208333333,100.0,-33.0,19.81346999997413,auto,,,,,,0,
1768445999748,Sunny,Day,0.06656901041666667,100.0,-32.0,22.71592099998543,auto,,,,,,0,
1768445999777,Sunny,Day,0.07119140625,100.0,-34.0,16.553278999992926,auto,,,,,,0,
1768445999809,Sunny,Day,0.07265625,100.0,-33.0,18.45624200001339,auto,,,,,,0,
1768445999839,Sunny,Day,0.07415364583333334,100.0,-33.0,21.029106000014508,auto,,,,,,0,
1768445999871,Sunny,Day,0.07571614583333333,100.0,-31.0,24.510163000002194,auto,,,,,,0,
1768445999902,Sunny,Day,0.081640625,100.0,-30.0,21.329268999977558,auto,,,,,,0,
1768445999934,Sunny,Day,0.09013671875,100.0,-30.0,22.814827999980025,auto,,,,,,0,
1768445999966,Sunny,Day,0.09886067708333333,100.0,-28.0,21.895059999962996,auto,,,,,,0,
1768445999998,Sunny,Day,0.09856770833333334,100.0,-25.0,21.140399999978854,auto,,,,,,0,
1768446000029,Sunny,Day,0.10582682291666666,100.0,-24.0,21.421076000024186,auto,,,,,,0,
1768446000059,Sunny,Day,0.10934244791666667,100.0,-22.0,20.42525100000603,auto,,,,,,0,
1768446000092,Sunny,Day,0.11061197916666667,100.0,-20.0,23.64177900000186,auto,,,,,,0,
1768446000122,Sunny,Day,0.1115234375,100.0,-19.0,20.903320999991593,auto,,,,,,0,
1768446000155,Sunny,Day,0.11318359375,100.0,-18.0,23.934979999978623,auto,,,,,,0,
1768446000185,Sunny,Day,0.1185546875,100.0,-17.0,19.847015000038937,auto,,,,,,0,
1768446000219,Sunny,Day,0.11744791666666667,100.0,-16.0,23.971571999993557,auto,,,,,,0,
1768446000248,Sunny,Day,0.11637369791666667,100.0,-15.0,19.748811999988902,auto,,,,,,0,
1768446000280,Sunny,Day,0.11774088541666666,100.0,-14.0,21.803238999950736,auto,,,,,,0,
1768446000313,Sunny,Day,0.1173828125,100.0,-14.0,22.763618999988466,auto,,,,,,0,
1768446000343,Sunny,Day,0.11735026041666667,100.0,-15.0,20.371676999957344,auto,,,,,,0,
1768446000374,Sunny,Day,0.11881510416666667,100.0,-15.0,23.764240999980757,auto,,,,,,0,
1768446000408,Sunny,Day,0.11907552083333334,100.0,-14.0,23.47166900000275,auto,,,,,,0,
1768446000437,Sunny,Day,0.11822916666666666,100.0,-15.0,15.844826999966699,auto,,,,,,0,
1768446000469,Sunny,Day,0.12057291666666667,100.0,-15.0,21.553056000016113,auto,,,,,,0,
1768446000501,Sunny,Day,0.11982421875,100.0,-15.0,21.551815000009356,auto,,,,,,0,
1768446000533,Sunny,Day,0.118359375,100.0,-15.0,21.458149000011417,auto,,,,,,0,
1768446000563,Sunny,Day,0.11780598958333334,100.0,-16.0,20.15228999999863,auto,,,,,,0,
1768446000593,Sunny,Day,0.12106119791666667,100.0,-16.0,20.24619700000585,auto,,,,,,0,
1768446000627,Sunny,Day,0.12021484375,100.0,-16.0,24.60801100005483,auto,,,,,,0,
1768446000657,Sunny,Day,0.12119140625,100.0,-16.0,19.829144999960135,auto,,,,,,0,
1768446000688,Sunny,Day,0.12294921875,100.0,-16.0,22.02351500000077,auto,,,,,,0,
1768446000722,Sunny,Day,0.12171223958333334,100.0,-16.0,23.681704000011905,auto,,,,,,0,
1768446000750,Sunny,Day,0.12255859375,100.0,-16.0,18.374009000012848,auto,,,,,,0,
1768446000782,Sunny,Day,0.12301432291666667,100.0,-16.0,22.93278399997689,auto,,,,,,0,
1768446000815,Sunny,Day,0.12314453125,100.0,-16.0,23.5062059999791,auto,,,,,,0,
1768446000846,Sunny,Day,0.12252604166666667,100.0,-16.0,22.195698000018638,auto,,,,,,0,
1768446000877,Sunny,Day,0.12373046875,100.0,-16.0,19.52233300005446,auto,,,,,,0,
1768446000908,Sunny,Day,0.12151692708333334,100.0,-16.0,20.919524000021283,auto,,,,,,0,
1768446000939,Sunny,Day,0.12210286458333333,100.0,-16.0,20.536452999976973,auto,,,,,,0,
1768446000973,Sunny,Day,0.12366536458333334,100.0,-16.0,22.639045999994778,auto,,,,,,0,
1768446001002,Sunny,Day,0.12337239583333333,100.0,-16.0,19.015744000000723,auto,,,,,,0,
1768446001035,Sunny,Day,0.12216796875,100.0,-16.0,22.21558099995491,auto,,,,,,0,
1768446001065,Sunny,Day,0.12307942708333333,100.0,-16.0,18.719642999997177,auto,,,,,,0,
1768446001096,Sunny,Day,0.12415364583333334,100.0,-16.0,20.98603400003185,auto,,,,,,0,
1768446001127,Sunny,Day,0.12317708333333334,100.0,-15.0,21.28971700000193,auto,,,,,,0,
1768446001159,Sunny,Day,0.12451171875,100.0,-17.0,21.477197000024262,auto,,,,,,0,
1768446001191,Sunny,Day,0.12490234375,100.0,-16.0,22.155746999999337,auto,,,,,,0,
1768446001221,Sunny,Day,0.12496744791666667,100.0,-15.0,20.68405500000381,auto,,,,,,0,
1768446001253,Sunny,Day,0.12522786458333332,100.0,-16.0,22.597726000014973,auto,,,,,,0,
1768446001285,Sunny,Day,0.12496744791666667,100.0,-16.0,21.10762600000271,auto,,,,,,0,
1768446001316,Sunny,Day,0.12623697916666668,100.0,-16.0,20.800497999971412,auto,,,,,,0,
1768446001351,Sunny,Day,0.12496744791666667,100.0,-15.0,19.472544999985075,auto,,,,,,0,
1768446001380,Sunny,Day,0.1255859375,100.0,-16.0,16.80460199997924,auto,,,,,,0,
1768446001411,Sunny,Day,0.12467447916666667,100.0,-16.0,20.864516000017375,auto,,,,,,0,
1768446001441,Sunny,Day,0.12600911458333333,100.0,-16.0,17.90011200000663,auto,,,,,,0,
1768446001473,Sunny,Day,0.12861328125,100.0,-16.0,21.520956000017577,auto,,,,,,0,
1768446001505,Sunny,Day,0.12893880208333333,100.0,-15.0,21.730269000045155,auto,,,,,,0,
1768446001536,Sunny,Day,0.12939453125,100.0,-16.0,21.156384999983402,auto,,,,,,0,
1768446001567,Sunny,Day,0.13160807291666668,100.0,-16.0,15.443981000032636,auto,,,,,,0,
1768446001599,Sunny,Day,0.13141276041666666,100.0,-16.0,21.83439800000997,auto,,,,,,0,
1768446001630,Sunny,Day,0.130859375,100.0,-16.0,17.126636000000417,auto,,,,,,0,
1768446001661,Sunny,Day,0.13229166666666667,100.0,-16.0,20.905720000030215,auto,,,,,,0,
1768446001692,Sunny,Day,0.13219401041666667,100.0,-16.0,21.96398999996063,auto,,,,,,0,
1768446001724,Sunny,Day,0.13079427083333334,100.0,-16.0,21.765823999999157,auto,,,,,,0,
1768446001757,Sunny,Day,0.13291015625,100.0,-15.0,19.383730000015476,auto,,,,,,0,
1768446001789,Sunny,Day,0.13173828125,100.0,-16.0,21.515529999987848,auto,,,,,,0,
1768446001822,Sunny,Day,0.13004557291666666,100.0,-17.0,23.227721000012025,auto,,,,,,0,
1768446001850,Sunny,Day,0.12867838541666668,100.0,-16.0,17.186671999979808,auto,,,,,,0,
1768446001881,Sunny,Day,0.13089192708333333,100.0,-16.0,21.07481100000541,auto,,,,,,0,
1768446001913,Sunny,Day,0.12955729166666666,100.0,-17.0,21.939990000021226,auto,,,,,,0,
1768446001945,Sunny,Day,0.13141276041666666,100.0,-17.0,22.040211999978965,auto,,,,,,0,
1768446001975,Sunny,Day,0.13199869791666666,100.0,-17.0,21.078126000020347,auto,,,,,,0,
1768446002006,Sunny,Day,0.13128255208333334,100.0,-17.0,21.343495999985862,auto,,,,,,0,
1768446002037,Sunny,Day,0.13238932291666666,100.0,-17.0,21.885056999963126,auto,,,,,,0,
1768446002069,Sunny,Day,0.13287760416666666,100.0,-16.0,22.290907000012794,auto,,,,,,0,
1768446002100,Sunny,Day,0.13307291666666668,100.0,-17.0,22.176999999999225,auto,,,,,,0,
1768446002132,Sunny,Day,0.13186848958333333,100.0,-17.0,22.35694300003388,auto,,,,,,0,
1768446002165,Sunny,Day,0.133203125,100.0,-16.0,23.7621020000347,auto,,,,,,0,
1768446002197,Sunny,Day,0.13463541666666667,100.0,-17.0,21.241097999961767,auto,,,,,,0,
1768446002228,Sunny,Day,0.13264973958333334,100.0,-17.0,21.12737599998127,auto,,,,,,0,
1768446002259,Sunny,Day,0.13284505208333333,100.0,-17.0,20.02812399996401,auto,,,,,,0,
1768446002290,Sunny,Day,0.13365885416666667,100.0,-17.0,20.198325999956523,auto,,,,,,0,
1768446002323,Sunny,Day,0.13444010416666666,100.0,-16.0,19.80284700005086,auto,,,,,,0,
1768446002353,Sunny,Day,0.1341796875,100.0,-17.0,19.983863999982532,auto,,,,,,0,
1768446002384,Sunny,Day,0.13479817708333333,100.0,-17.0,20.01280899997937,auto,,,,,,0,
1768446002416,Sunny,Day,0.13479817708333333,100.0,-17.0,23.218938000013623,auto,,,,,,0,
1768446002445,Sunny,Day,0.13447265625,100.0,-17.0,19.636515000001964,auto,,,,,,0,
1768446002477,Sunny,Day,0.13746744791666668,100.0,-17.0,17.01432599998043,auto,,,,,,0,
1768446002510,Sunny,Day,0.13626302083333333,100.0,-17.0,23.374584999999115,auto,,,,,,0,
1768446002540,Sunny,Day,0.13629557291666666,100.0,-17.0,20.287585000005492,auto,,,,,,0,
1768446002573,Sunny,Day,0.134375,100.0,-17.0,18.85840800002825,auto,,,,,,0,
1768446002609,Sunny,Day,0.13746744791666668,100.0,-17.0,26.1292170000047,auto,,,,,,0,
1768446002635,Sunny,Day,0.1380859375,100.0,-17.0,15.8905920000052,auto,,,,,,0,
1768446002666,Sunny,Day,0.13759765625,100.0,-17.0,21.2776899999767,auto,,,,,,0,
1768446002697,Sunny,Day,0.13902994791666667,100.0,-17.0,21.70779800002265,auto,,,,,,0,
1768446002730,Sunny,Day,0.13938802083333332,100.0,-16.0,22.685662999947453,auto,,,,,,0,
1768446002762,Sunny,Day,0.13837890625,100.0,-17.0,21.709262000001672,auto,,,,,,0,
1768446002793,Sunny,Day,0.13779296875,100.0,-17.0,19.89845800000012,auto,,,,,,0,
1768446002825,Sunny,Day,0.13606770833333334,100.0,-16.0,21.793502000036824,auto,,,,,,0,
1768446002856,Sunny,Day,0.13616536458333334,100.0,-16.0,19.712568999977975,auto,,,,,,0,
1768446002885,Sunny,Day,0.13668619791666667,100.0,-17.0,17.026547999989816,auto,,,,,,0,
1768446002919,Sunny,Day,0.13538411458333333,100.0,-17.0,24.88035400000399,auto,,,,,,0,
1768446002948,Sunny,Day,0.13515625,100.0,-16.0,18.851926000024832,auto,,,,,,0,
1768446002980,Sunny,Day,0.13434244791666666,100.0,-16.0,21.383004000028905,auto,,,,,,0,
1768446003013,Sunny,Day,0.13600260416666668,100.0,-16.0,24.362682000003133,auto,,,,,,0,
1768446003043,Sunny,Day,0.13623046875,100.0,-17.0,19.538873999977113,auto,,,,,,0,
1768446003076,Sunny,Day,0.13421223958333334,100.0,-17.0,21.807179000006727,auto,,,,,,0,
1768446003106,Sunny,Day,0.13473307291666667,100.0,-16.0,19.577799999979106,auto,,,,,,0,
1768446003138,Sunny,Day,0.133984375,100.0,-17.0,23.1463399999825,auto,,,,,,0,
1768446003168,Sunny,Day,0.13502604166666668,100.0,-17.0,19.49870800001463,auto,,,,,,0,
1768446003199,Sunny,Day,0.13525390625,100.0,-17.0,22.083029000043553,auto,,,,,,0,
1768446003234,Sunny,Day,0.13600260416666668,100.0,-17.0,25.761735000003227,auto,,,,,,0,
1768446003263,Sunny,Day,0.13753255208333334,100.0,-17.0,17.94827100002294,auto,,,,,,0,
1768446003295,Sunny,Day,0.13649088541666668,100.0,-17.0,21.586068000033265,auto,,,,,,0,
1768446003325,Sunny,Day,0.13662109375,100.0,-17.0,20.304667000004883,auto,,,,,,0,
1768446003357,Sunny,Day,0.13681640625,100.0,-17.0,21.530458000029284,auto,,,,,,0,
1768446003389,Sunny,Day,0.1373046875,100.0,-17.0,21.161441000003833,auto,,,,,,0,
1768446003422,Sunny,Day,0.13876953125,100.0,-17.0,23.089672999958566,auto,,,,,,0,
1768446003452,Sunny,Day,0.14010416666666667,100.0,-17.0,20.00881699996171,auto,,,,,,0,
1768446003483,Sunny,Day,0.1392578125,100.0,-17.0,21.103608000032636,auto,,,,,,0,
1768446003514,Sunny,Day,0.13912760416666667,100.0,-17.0,21.62969799996972,auto,,,,,,0,
1768446003547,Sunny,Day,0.13844401041666668,100.0,-17.0,23.92118800003118,auto,,,,,,0,
1768446003578,Sunny,Day,0.13932291666666666,100.0,-17.0,20.555832000013652,auto,,,,,,0,
1768446003608,Sunny,Day,0.14000651041666667,100.0,-17.0,20.75670300001775,auto,,,,,,0,
1768446003639,Sunny,Day,0.13990885416666668,100.0,-17.0,24.70042499999181,auto,,,,,,0,
1768446003673,Sunny,Day,0.14108072916666667,100.0,-17.0,20.916775999978654,auto,,,,,,0,
1768446003702,Sunny,Day,0.14156901041666667,100.0,-17.0,19.20756099997334,auto,,,,,,0,
1768446003734,Sunny,Day,0.14140625,100.0,-17.0,21.86619700000847,auto,,,,,,0,
1768446003765,Sunny,Day,0.140625,100.0,-17.0,21.557865999966452,auto,,,,,,0,
1768446003797,Sunny,Day,0.1423828125,100.0,-17.0,22.322714000040378,auto,,,,,,0,
1768446003830,Sunny,Day,0.14267578125,100.0,-18.0,22.656285999971715,auto,,,,,,0,
1768446003861,Sunny,Day,0.144140625,100.0,-18.0,20.55225800000926,auto,,,,,,0,
1768446003894,Sunny,Day,0.14326171875,100.0,-18.0,21.7785490000324,auto,,,,,,0,
1768446003923,Sunny,Day,0.14547526041666667,100.0,-18.0,17.61588300001904,auto,,,,,,0,
1768446003954,Sunny,Day,0.14580078125,100.0,-18.0,20.7166280000024,auto,,,,,,0,
1768446003986,Sunny,Day,0.145703125,100.0,-18.0,22.85061800000676,auto,,,,,,0,
1768446004016,Sunny,Day,0.146875,100.0,-19.0,19.500775999972575,auto,,,,,,0,
1768446004047,Sunny,Day,0.14817708333333332,100.0,-18.0,21.060134999970614,auto,,,,,,0,
1768446004080,Sunny,Day,0.1478515625,100.0,-19.0,23.557386999982555,auto,,,,,,0,
1768446004111,Sunny,Day,0.15003255208333333,100.0,-19.0,20.67476600001328,auto,,,,,,0,
1768446004142,Sunny,Day,0.1501953125,100.0,-19.0,20.5753589999631,auto,,,,,,0,
1768446004174,Sunny,Day,0.15146484375,100.0,-18.0,22.452650000047925,auto,,,,,,0,
1768446004205,Sunny,Day,0.15152994791666666,100.0,-18.0,19.43454800004929,auto,,,,,,0,
1768446004238,Sunny,Day,0.15139973958333333,100.0,-18.0,23.06670299998359,auto,,,,,,0,
1768446004267,Sunny,Day,0.15227864583333334,100.0,-18.0,19.620992000000115,auto,,,,,,0,
1768446004300,Sunny,Day,0.15107421875,100.0,-17.0,22.692778000021008,auto,,,,,,0,
1768446004330,Sunny,Day,0.15367838541666667,100.0,-18.0,15.032526000027246,auto,,,,,,0,
1768446004361,Sunny,Day,0.1533203125,100.0,-17.0,21.830244999989645,auto,,,,,,0,
1768446004393,Sunny,Day,0.154296875,100.0,-18.0,22.095020999984172,auto,,,,,,0,
1768446004424,Sunny,Day,0.15455729166666668,100.0,-18.0,21.233634999987316,auto,,,,,,0,
1768446004456,Sunny,Day,0.15537109375,100.0,-17.0,21.26150599997345,auto,,,,,,0,
1768446004487,Sunny,Day,0.15550130208333332,100.0,-17.0,21.82859700002382,auto,,,,,,0,
1768446004519,Sunny,Day,0.15520833333333334,100.0,-18.0,21.971262999954888,auto,,,,,,0,
1768446004551,Sunny,Day,0.15641276041666666,100.0,-18.0,22.502870999971947,auto,,,,,,0,
1768446004581,Sunny,Day,0.15777994791666666,100.0,-18.0,20.47760000004928,auto,,,,,,0,
1768446004612,Sunny,Day,0.15859375,100.0,-18.0,20.743581000033373,auto,,,,,,0,
1768446004645,Sunny,Day,0.15849609375,100.0,-17.0,23.141703000021607,auto,,,,,,0,
1768446004677,Sunny,Day,0.15755208333333334,100.0,-17.0,22.53322400002844,auto,,,,,,0,
1768446004707,Sunny,Day,0.15921223958333333,100.0,-17.0,20.300249000001713,auto,,,,,,0,
1768446004739,Sunny,Day,0.1578125,100.0,-17.0,21.05480299996998,auto,,,,,,0,
1768446004771,Sunny,Day,0.15973307291666666,100.0,-17.0,21.900892999951793,auto,,,,,,0,
1768446004802,Sunny,Day,0.15895182291666668,100.0,-18.0,20.639859000027627,auto,,,,,,0,
1768446004833,Sunny,Day,0.16012369791666667,100.0,-17.0,21.13300500002424,auto,,,,,,0,
1768446004865,Sunny,Day,0.15888671875,100.0,-18.0,22.003521999977238,auto,,,,,,0,
1768446004895,Sunny,Day,0.16070963541666666,100.0,-18.0,20.031249999988177,auto,,,,,,0,
1768446004928,Sunny,Day,0.16048177083333334,100.0,-18.0,22.93988899998567,auto,,,,,,0,
1768446004962,Sunny,Day,0.15983072916666666,100.0,-18.0,23.560368000005383,auto,,,,,,0,
1768446004990,Sunny,Day,0.159765625,100.0,-18.0,12.52927500001988,auto,,,,,,0,
1768446005023,Sunny,Day,0.16162109375,100.0,-18.0,22.55259800000431,auto,,,,,,0,
1768446005055,Sunny,Day,0.15862630208333334,100.0,-18.0,20.882236999966608,auto,,,,,,0,
1768446005087,Sunny,Day,0.15999348958333334,100.0,-18.0,22.061549000000014,auto,,,,,,0,
1768446005117,Sunny,Day,0.159375,100.0,-17.0,18.83083299998134,auto,,,,,,0,
1768446005146,Sunny,Day,0.16110026041666667,100.0,-18.0,17.50670699999546,auto,,,,,,0,
1768446005177,Sunny,Day,0.16090494791666668,100.0,-18.0,20.60894100003452,auto,,,,,,0,
1768446005209,Sunny,Day,0.15992838541666668,100.0,-18.0,22.04538300003378,auto,,,,,,0,
1768446005240,Sunny,Day,0.16067708333333333,100.0,-18.0,22.09045700004708,auto,,,,,,0,
1768446005273,Sunny,Day,0.1591796875,100.0,-18.0,23.3162139999763,auto,,,,,,0,
1768446005304,Sunny,Day,0.16012369791666667,100.0,-18.0,16.454764000002342,auto,,,,,,0,
1768446005337,Sunny,Day,0.16031901041666666,100.0,-18.0,17.666984000015873,auto,,,,,,0,
1768446005367,Sunny,Day,0.159375,100.0,-18.0,18.942722999952366,auto,,,,,,0,
1768446005399,Sunny,Day,0.15911458333333334,100.0,-18.0,16.4886529999535,auto,,,,,,0,
1768446005431,Sunny,Day,0.15914713541666667,100.0,-18.0,17.317670000011276,auto,,,,,,0,
1768446005465,Sunny,Day,0.15869140625,100.0,-18.0,22.831677999988642,auto,,,,,,0,
1768446005493,Sunny,Day,0.15748697916666668,100.0,-17.0,15.973005999967427,auto,,,,,,0,
1768446005524,Sunny,Day,0.159375,100.0,-18.0,20.904811999969297,auto,,,,,,0,
1768446005555,Sunny,Day,0.15895182291666668,100.0,-18.0,21.180939999965176,auto,,,,,,0,
1768446005586,Sunny,Day,0.15823567708333333,100.0,-17.0,19.950516999983847,auto,,,,,,0,
1768446005617,Sunny,Day,0.15872395833333333,100.0,-17.0,15.922135999971943,auto,,,,,,0,
1768446005648,Sunny,Day,0.15787760416666666,100.0,-17.0,17.362077000029785,auto,,,,,,0,
1768446005680,Sunny,Day,0.15797526041666668,100.0,-17.0,21.5890320000085,auto,,,,,,0,
1768446005712,Sunny,Day,0.1587890625,100.0,-17.0,17.58752099999583,auto,,,,,,0,
1768446005745,Sunny,Day,0.15709635416666667,100.0,-17.0,23.36360300000706,auto,,,,,,0,
1768446005774,Sunny,Day,0.15712890625,100.0,-17.0,19.09522199997582,auto,,,,,,0,
1768446005806,Sunny,Day,0.15719401041666667,100.0,-17.0,19.916201999990335,auto,,,,,,0,
1768446005837,Sunny,Day,0.158203125,100.0,-17.0,21.021921999988535,auto,,,,,,0,
1768446005871,Sunny,Day,0.15745442708333332,100.0,-17.0,18.317094000053658,auto,,,,,,0,
1768446005900,Sunny,Day,0.15791015625,100.0,-17.0,19.626739999978327,auto,,,,,,0,
1768446005932,Sunny,Day,0.15934244791666666,100.0,-17.0,21.7026619999956,auto,,,,,,0,
1768446005963,Sunny,Day,0.15953776041666667,100.0,-18.0,20.538366999971913,auto,,,,,,0,
1768446005994,Sunny,Day,0.1591796875,100.0,-18.0,20.63634900002853,auto,,,,,,0,
1768446006025,Sunny,Day,0.15891927083333332,100.0,-18.0,17.51841399999421,auto,,,,,,0,
1768446006057,Sunny,Day,0.16009114583333334,100.0,-17.0,22.49159600000894,auto,,,,,,0,
1768446006089,Sunny,Day,0.16070963541666666,100.0,-18.0,20.78481900002771,auto,,,,,,0,
1768446006120,Sunny,Day,0.1603515625,100.0,-18.0,21.33707799998774,auto,,,,,,0,
1768446006151,Sunny,Day,0.160546875,100.0,-18.0,21.432412000024215,auto,,,,,,0,
1768446006182,Sunny,Day,0.16018880208333333,100.0,-18.0,21.71366999999691,auto,,,,,,0,
1768446006216,Sunny,Day,0.1625,100.0,-18.0,22.583670000017264,auto,,,,,,0,
1768446006245,Sunny,Day,0.1626953125,100.0,-18.0,19.13550500000838,auto,,,,,,0,
1768446006279,Sunny,Day,0.16236979166666668,100.0,-18.0,23.930409000001873,auto,,,,,,0,
1768446006309,Sunny,Day,0.16344401041666667,100.0,-18.0,18.57680200004097,auto,,,,,,0,
1768446006340,Sunny,Day,0.16412760416666666,100.0,-19.0,20.826393000049848,auto,,,,,,0,
1768446006372,Sunny,Day,0.165234375,100.0,-19.0,19.581319999986135,auto,,,,,,0,
1768446006402,Sunny,Day,0.16455078125,100.0,-19.0,20.715262999999595,auto,,,,,,0,
1768446006434,Sunny,Day,0.16396484375,100.0,-19.0,18.78663599995889,auto,,,,,,0,
1768446006467,Sunny,Day,0.16539713541666667,100.0,-19.0,22.867706999988968,auto,,,,,,0,
1768446006497,Sunny,Day,0.164453125,100.0,-19.0,19.584634000011647,auto,,,,,,0,
1768446006528,Sunny,Day,0.16536458333333334,100.0,-19.0,21.7103370000018,auto,,,,,,0,
1768446006560,Sunny,Day,0.16494140625,100.0,-19.0,21.16492999999764,auto,,,,,,0,
1768446006591,Sunny,Day,0.16578776041666668,100.0,-19.0,20.157726999968872,auto,,,,,,0,
1768446006624,Sunny,Day,0.165625,100.0,-19.0,23.47568800001909,auto,,,,,,0,
1768446006656,Sunny,Day,0.16578776041666668,100.0,-19.0,22.4105780000059,auto,,,,,,0,
1768446006689,Sunny,Day,0.16559244791666666,100.0,-20.0,22.310651999987385,auto,,,,,,0,
1768446006716,Sunny,Day,0.16595052083333334,100.0,-20.0,17.583395000031032,auto,,,,,,0,
1768446006747,Sunny,Day,0.16494140625,100.0,-20.0,22.135484999978416,auto,,,,,,0,
1768446006779,Sunny,Day,0.16588541666666667,100.0,-20.0,22.712613999999576,auto,,,,,,0,
1768446006811,Sunny,Day,0.16559244791666666,100.0,-20.0,21.9343929999809,auto,,,,,,0,
1768446006842,Sunny,Day,0.16516927083333333,100.0,-20.0,21.863096000004134,auto,,,,,,0,
1768446006875,Sunny,Day,0.16455078125,100.0,-20.0,23.696520999976656,auto,,,,,,0,
1768446006905,Sunny,Day,0.16484375,100.0,-20.0,18.402987000001758,auto,,,,,,0,
1768446006939,Sunny,Day,0.16412760416666666,100.0,-20.0,22.776781000004576,auto,,,,,,0,
1768446006968,Sunny,Day,0.16331380208333332,100.0,-20.0,17.610580000052778,auto,,,,,,0,
1768446006999,Sunny,Day,0.16302083333333334,100.0,-20.0,20.51731900002096,auto,,,,,,0,
1768446007032,Sunny,Day,0.163671875,100.0,-20.0,20.34969699997191,auto,,,,,,0,
1768446007063,Sunny,Day,0.16077473958333333,100.0,-20.0,19.952697000007902,auto,,,,,,0,
1768446007094,Sunny,Day,0.1615234375,100.0,-20.0,20.88258600002746,auto,,,,,,0,
1768446007125,Sunny,Day,0.16119791666666666,100.0,-20.0,22.116956999980175,auto,,,,,,0,
1768446007156,Sunny,Day,0.15934244791666666,100.0,-20.0,22.11647499996161,auto,,,,,,0,
1768446007188,Sunny,Day,0.15865885416666667,100.0,-20.0,22.52997499999765,auto,,,,,,0,
1768446007219,Sunny,Day,0.15904947916666667,100.0,-19.0,20.91866000000664,auto,,,,,,0,
1768446007250,Sunny,Day,0.15712890625,100.0,-20.0,18.107750000012857,auto,,,,,,0,
1768446007283,Sunny,Day,0.1572265625,100.0,-19.0,20.17969600001379,auto,,,,,,0,
1768446007313,Sunny,Day,0.15631510416666666,100.0,-19.0,19.348659000002044,auto,,,,,,0,
1768446007345,Sunny,Day,0.15751953125,100.0,-19.0,20.45182599999862,auto,,,,,,0,
1768446007378,Sunny,Day,0.15693359375,100.0,-19.0,22.695106000014675,auto,,,,,,0,
1768446007407,Sunny,Day,0.15595703125,100.0,-19.0,19.459103999963645,auto,,,,,,0,
1768446007439,Sunny,Day,0.15537109375,100.0,-19.0,21.72103100002687,auto,,,,,,0,
1768446007470,Sunny,Day,0.15345052083333333,100.0,-18.0,21.867364000002,auto,,,,,,0,
1768446007504,Sunny,Day,0.15296223958333333,100.0,-18.0,23.33069799999521,auto,,,,,,0,
1768446007533,Sunny,Day,0.15260416666666668,100.0,-18.0,18.39789899997868,auto,,,,,,0,
1768446007564,Sunny,Day,0.15065104166666668,100.0,-17.0,21.44623499998488,auto,,,,,,0,
1768446007595,Sunny,Day,0.15169270833333334,100.0,-17.0,17.585159000020667,auto,,,,,,0,
1768446007628,Sunny,Day,0.15081380208333334,100.0,-17.0,20.855512000025556,auto,,,,,,0,
1768446007660,Sunny,Day,0.14964192708333332,100.0,-15.0,21.66003100001035,auto,,,,,,0,
1768446007690,Sunny,Day,0.14899088541666666,100.0,-15.0,18.657806000021537,auto,,,,,,0,
1768446007721,Sunny,Day,0.14847005208333333,100.0,-15.0,21.24975300000642,auto,,,,,,0,
1768446007753,Sunny,Day,0.14964192708333332,100.0,-15.0,22.40527200001452,auto,,,,,,0,
1768446007785,Sunny,Day,0.14928385416666667,100.0,-15.0,21.96362400002272,auto,,,,,,0,
1768446007816,Sunny,Day,0.15026041666666667,100.0,-15.0,19.915140000023257,auto,,,,,,0,
1768446007847,Sunny,Day,0.15169270833333334,100.0,-16.0,21.305548999976054,auto,,,,,,0,
1768446007878,Sunny,Day,0.15120442708333334,100.0,-17.0,21.283438000011756,auto,,,,,,0,
1768446007910,Sunny,Day,0.15123697916666667,100.0,-16.0,17.528842999979588,auto,,,,,,0,
1768446007941,Sunny,Day,0.15113932291666668,100.0,-17.0,21.531549000030736,auto,,,,,,0,
1768446007975,Sunny,Day,0.15182291666666667,100.0,-17.0,20.997585999964485,auto,,,,,,0,
1768446008004,Sunny,Day,0.15149739583333333,100.0,-18.0,18.471213999987413,auto,,,,,,0,
1768446008037,Sunny,Day,0.151953125,100.0,-18.0,22.962041000027966,auto,,,,,,0,
1768446008068,Sunny,Day,0.15309244791666668,100.0,-18.0,21.138222999979916,auto,,,,,,0,
1768446008101,Sunny,Day,0.15325520833333334,100.0,-19.0,22.334669999963808,auto,,,,,,0,
1768446008130,Sunny,Day,0.15335286458333333,100.0,-19.0,18.524291999995057,auto,,,,,,0,
1768446008162,Sunny,Day,0.15302734375,100.0,-19.0,22.192094999979872,auto,,,,,,0,
1768446008192,Sunny,Day,0.15211588541666668,100.0,-19.0,18.95918200000324,auto,,,,,,0,
1768446008223,Sunny,Day,0.15341796875,100.0,-19.0,21.23048200002131,auto,,,,,,0,
1768446008257,Sunny,Day,0.15358072916666668,100.0,-20.0,25.249859999973978,auto,,,,,,0,
1768446008290,Sunny,Day,0.153125,100.0,-19.0,24.088451000011446,auto,,,,,,0,
1768446008318,Sunny,Day,0.15348307291666666,100.0,-20.0,18.21295900003861,auto,,,,,,0,
1768446008350,Sunny,Day,0.15494791666666666,100.0,-20.0,21.8725940000013,auto,,,,,,0,
1768446008381,Sunny,Day,0.15563151041666667,100.0,-20.0,20.671278000008897,auto,,,,,,0,
1768446008414,Sunny,Day,0.15589192708333333,100.0,-20.0,21.774149999998826,auto,,,,,,0,
1768446008443,Sunny,Day,0.15654296875,100.0,-20.0,18.682941000008668,auto,,,,,,0,
1768446008475,Sunny,Day,0.15631510416666666,100.0,-20.0,18.749015000025793,auto,,,,,,0,
1768446008507,Sunny,Day,0.15657552083333334,100.0,-19.0,22.19961400004422,auto,,,,,,0,
1768446008538,Sunny,Day,0.15696614583333332,100.0,-20.0,21.333815999980743,auto,,,,,,0,
1768446008569,Sunny,Day,0.15823567708333333,100.0,-19.0,18.18577300002744,auto,,,,,,0,
1768446008601,Sunny,Day,0.15807291666666667,100.0,-19.0,21.769187000018064,auto,,,,,,0,
1768446008632,Sunny,Day,0.16015625,100.0,-19.0,20.776574000024084,auto,,,,,,0,
1768446008664,Sunny,Day,0.15953776041666667,100.0,-19.0,22.14370600000848,auto,,,,,,0,
1768446008695,Sunny,Day,0.16116536458333333,100.0,-19.0,20.388165999975172,auto,,,,,,0,
1768446008728,Sunny,Day,0.162890625,100.0,-19.0,23.759208999990733,auto,,,,,,0,
1768446008758,Sunny,Day,0.16389973958333334,100.0,-19.0,19.717999000022246,auto,,,,,,0,
1768446008791,Sunny,Day,0.166015625,100.0,-19.0,23.708413000008477,auto,,,,,,0,
1768446008822,Sunny,Day,0.16569010416666666,100.0,-19.0,19.46775700002945,auto,,,,,,0,
1768446008852,Sunny,Day,0.16656901041666666,100.0,-20.0,19.31447900000194,auto,,,,,,0,
1768446008883,Sunny,Day,0.16735026041666667,100.0,-20.0,14.884026000004269,auto,,,,,,0,
1768446008914,Sunny,Day,0.1673828125,100.0,-20.0,15.824527999996008,auto,,,,,,0,
1768446008945,Sunny,Day,0.16809895833333333,100.0,-20.0,21.480945999996948,auto,,,,,,0,
1768446008979,Sunny,Day,0.16634114583333334,100.0,-20.0,23.738060999960453,auto,,,,,,0,
1768446009010,Sunny,Day,0.16676432291666668,100.0,-20.0,21.82900799999743,auto,,,,,,0,
1768446009040,Sunny,Day,0.16676432291666668,100.0,-21.0,18.959945999995398,auto,,,,,,0,
1768446009071,Sunny,Day,0.16630859375,100.0,-21.0,19.840022000039426,auto,,,,,,0,
1768446009104,Sunny,Day,0.16728515625,100.0,-21.0,21.60711999999876,auto,,,,,,0,
1768446009135,Sunny,Day,0.16637369791666667,100.0,-21.0,19.33728000000201,auto,,,,,,0,
1768446009166,Sunny,Day,0.16774088541666668,100.0,-22.0,21.058748000029937,auto,,,,,,0,
1768446009197,Sunny,Day,0.16793619791666667,100.0,-21.0,18.410110999980134,auto,,,,,,0,
1768446009230,Sunny,Day,0.16705729166666666,100.0,-21.0,20.656599000005826,auto,,,,,,0,
1768446009259,Sunny,Day,0.16705729166666666,100.0,-21.0,20.269079000001966,auto,,,,,,0,
1768446009291,Sunny,Day,0.16780598958333334,100.0,-21.0,18.507759000044643,auto,,,,,,0,
1768446009322,Sunny,Day,0.16595052083333334,100.0,-20.0,21.168025999998008,auto,,,,,,0,
1768446009354,Sunny,Day,0.16630859375,100.0,-20.0,21.310563000042748,auto,,,,,,0,
1768446009388,Sunny,Day,0.16647135416666667,100.0,-20.0,25.291835000018636,auto,,,,,,0,
1768446009419,Sunny,Day,0.16744791666666667,100.0,-20.0,19.639632999997048,auto,,,,,,0,
1768446009449,Sunny,Day,0.16770833333333332,100.0,-19.0,20.146801000009873,auto,,,,,,0,
1768446009480,Sunny,Day,0.16770833333333332,100.0,-19.0,20.82472899996901,auto,,,,,,0,
1768446009513,Sunny,Day,0.16722005208333332,100.0,-19.0,22.766308999962348,auto,,,,,,0,
1768446009544,Sunny,Day,0.16884765625,100.0,-19.0,20.14617200001112,auto,,,,,,0,
1768446009574,Sunny,Day,0.1681640625,100.0,-19.0,17.739645999995446,auto,,,,,,0,
1768446009605,Sunny,Day,0.16800130208333333,100.0,-19.0,14.82187800002066,auto,,,,,,0,
1768446009636,Sunny,Day,0.16917317708333332,100.0,-19.0,16.66878999998289,auto,,,,,,0,
1768446009668,Sunny,Day,0.16962890625,100.0,-19.0,19.104704999961086,auto,,,,,,0,
1768446009700,Sunny,Day,0.17067057291666668,100.0,-20.0,23.471070000027794,auto,,,,,,0,
1768446009732,Sunny,Day,0.17145182291666666,100.0,-20.0,21.5283599999907,auto,,,,,,0,
1768446009763,Sunny,Day,0.17060546875,100.0,-20.0,19.376891999968393,auto,,,,,,0,
1768446009794,Sunny,Day,0.17180989583333334,100.0,-20.0,21.149081000032766,auto,,,,,,0,
1768446009825,Sunny,Day,0.16936848958333334,100.0,-20.0,17.02382899998156,auto,,,,,,0,
1768446009858,Sunny,Day,0.17083333333333334,100.0,-20.0,18.664185999966776,auto,,,,,,0,
1768446009888,Sunny,Day,0.1703125,100.0,-20.0,15.519639000046936,auto,,,,,,0,
1768446009920,Sunny,Day,0.1708984375,100.0,-20.0,19.48511400001962,auto,,,,,,0,
1768446009953,Sunny,Day,0.17141927083333333,100.0,-20.0,22.04349200002298,auto,,,,,,0,
1768446009982,Sunny,Day,0.17132161458333334,100.0,-20.0,18.57222199998887,auto,,,,,,0,
1768446010014,Sunny,Day,0.17483723958333333,100.0,-21.0,21.701704000008704,auto,,,,,,0,
1768446010045,Sunny,Day,0.17431640625,100.0,-21.0,16.4883279999799,auto,,,,,,0,
1768446010076,Sunny,Day,0.17434895833333333,100.0,-21.0,21.053088000030584,auto,,,,,,0,
1768446010108,Sunny,Day,0.17903645833333334,100.0,-22.0,16.616217999967375,auto,,,,,,0,
1768446010139,Sunny,Day,0.18089192708333332,100.0,-22.0,21.858128000019406,auto,,,,,,0,
1768446010172,Sunny,Day,0.18401692708333334,100.0,-23.0,22.215963000007832,auto,,,,,,0,
1768446010201,Sunny,Day,0.187890625,100.0,-24.0,18.676708000043618,auto,,,,,,0,
1768446010233,Sunny,Day,0.19085286458333334,100.0,-24.0,22.25020499997754,auto,,,,,,0,
1768446010266,Sunny,Day,0.19326171875,100.0,-24.0,24.018748999992567,auto,,,,,,0,
1768446010296,Sunny,Day,0.19488932291666666,100.0,-24.0,20.847773000014058,auto,,,,,,0,
1768446010328,Sunny,Day,0.1955078125,100.0,-24.0,20.288437000033355,auto,,,,,,0,
1768446010360,Sunny,Day,0.1966796875,100.0,-24.0,22.409057000004395,auto,,,,,,0,
1768446010391,Sunny,Day,0.19742838541666666,100.0,-23.0,19.802859999970224,auto,,,,,,0,
1768446010422,Sunny,Day,0.19931640625,100.0,-24.0,21.956147000025794,auto,,,,,,0,
1768446010455,Sunny,Day,0.20035807291666666,100.0,-23.0,23.03485599998112,auto,,,,,,0,
1768446010484,Sunny,Day,0.20078125,100.0,-23.0,18.393521999996665,auto,,,,,,0,
1768446010516,Sunny,Day,0.20107421875,100.0,-23.0,19.697823000001335,auto,,,,,,0,
1768446010552,Sunny,Day,0.19938151041666666,100.0,-22.0,25.04217900002459,auto,,,,,,0,
1768446010578,Sunny,Day,0.19749348958333332,100.0,-22.0,15.506434999963403,auto,,,,,,0,
1768446010610,Sunny,Day,0.19111328125,100.0,-21.0,20.122270000001663,auto,,,,,,0,
1768446010641,Sunny,Day,0.18668619791666666,100.0,-20.0,17.110553000009077,auto,,,,,,0,
1768446010673,Sunny,Day,0.18193359375,100.0,-18.0,22.42324200000212,auto,,,,,,0,
1768446010705,Sunny,Day,0.17464192708333334,100.0,-17.0,22.935355000015534,auto,,,,,,0,
1768446010735,Sunny,Day,0.17047526041666666,100.0,-16.0,20.153677000052994,auto,,,,,,0,
1768446010768,Sunny,Day,0.16295572916666667,100.0,-14.0,20.576290000008157,auto,,,,,,0,
1768446010799,Sunny,Day,0.1587890625,100.0,-14.0,18.307409999977153,auto,,,,,,0,
1768446010831,Sunny,Day,0.15345052083333333,100.0,-13.0,21.288514999980634,auto,,,,,,0,
1768446010862,Sunny,Day,0.15442708333333333,100.0,-13.0,18.840634000014234,auto,,,,,,0,
1768446010893,Sunny,Day,0.151171875,100.0,-14.0,20.117140000024847,auto,,,,,,0,
1768446010926,Sunny,Day,0.15152994791666666,100.0,-14.0,22.363371999972514,auto,,,,,,0,
1768446010956,Sunny,Day,0.1498046875,100.0,-14.0,19.85676900000044,auto,,,,,,0,
1768446010987,Sunny,Day,0.14853515625,100.0,-15.0,20.81169799998861,auto,,,,,,0,
1768446011022,Sunny,Day,0.14759114583333333,100.0,-15.0,23.96447099999932,auto,,,,,,0,
1768446011050,Sunny,Day,0.14895833333333333,100.0,-14.0,18.400116999998772,auto,,,,,,0,
1768446011082,Sunny,Day,0.14755859375,100.0,-14.0,21.9646369999964,auto,,,,,,0,
1768446011113,Sunny,Day,0.14807942708333333,100.0,-15.0,21.073889999968287,auto,,,,,,0,
1768446011145,Sunny,Day,0.14736328125,100.0,-15.0,20.282979000000978,auto,,,,,,0,
1768446011179,Sunny,Day,0.14817708333333332,100.0,-15.0,22.418139000023984,auto,,,,,,0,
1768446011206,Sunny,Day,0.14788411458333334,100.0,-15.0,15.846585000019786,auto,,,,,,0,
1768446011238,Sunny,Day,0.14866536458333332,100.0,-15.0,22.655103000033705,auto,,,,,,0,
1768446011269,Sunny,Day,0.1462890625,100.0,-15.0,20.500313000013648,auto,,,,,,0,
1768446011301,Sunny,Day,0.14759114583333333,100.0,-15.0,22.009524999987207,auto,,,,,,0,
1768446011334,Sunny,Day,0.14576822916666668,100.0,-15.0,22.024283999996896,auto,,,,,,0,
1768446011366,Sunny,Day,0.14674479166666668,100.0,-15.0,22.146748000011485,auto,,,,,,0,
1768446011395,Sunny,Day,0.14710286458333333,100.0,-16.0,18.093652999993992,auto,,,,,,0,
1768446011426,Sunny,Day,0.14713541666666666,100.0,-16.0,21.366780999983348,auto,,,,,,0,
1768446011459,Sunny,Day,0.14801432291666666,100.0,-17.0,23.49538499998971,auto,,,,,,0,
1768446011489,Sunny,Day,0.14827473958333334,100.0,-17.0,20.61035100001618,auto,,,,,,0,
1768446011522,Sunny,Day,0.14762369791666666,100.0,-17.0,22.89432600002783,auto,,,,,,0,
1768446011553,Sunny,Day,0.147265625,100.0,-17.0,19.370084999991377,auto,,,,,,0,
1768446011585,Sunny,Day,0.14615885416666666,100.0,-17.0,19.31915900001968,auto,,,,,,0,
1768446011614,Sunny,Day,0.14583333333333334,100.0,-17.0,19.545677999985855,auto,,,,,,0,
1768446011649,Sunny,Day,0.14358723958333333,100.0,-17.0,25.349431999984517,auto,,,,,,0,
1768446011677,Sunny,Day,0.14108072916666667,100.0,-17.0,17.43805700004941,auto,,,,,,0,
1768446011709,Sunny,Day,0.14095052083333334,100.0,-17.0,21.51918999999225,auto,,,,,,0,
1768446011743,Sunny,Day,0.13987630208333332,100.0,-18.0,20.12007100000801,auto,,,,,,0,
1768446011774,Sunny,Day,0.13883463541666666,100.0,-18.0,19.31488099995704,auto,,,,,,0,
1768446011803,Sunny,Day,0.13909505208333334,100.0,-18.0,17.780151000010846,auto,,,,,,0,
1768446011834,Sunny,Day,0.13961588541666667,100.0,-18.0,21.272262000024966,auto,,,,,,0,
1768446011865,Sunny,Day,0.14143880208333334,100.0,-18.0,16.713293000009344,auto,,,,,,0,
1768446011897,Sunny,Day,0.14134114583333332,100.0,-18.0,18.818582999983846,auto,,,,,,0,
1768446011930,Sunny,Day,0.14085286458333332,100.0,-18.0,22.840622999979132,auto,,,,,,0,
1768446011960,Sunny,Day,0.14069010416666666,100.0,-18.0,17.354425999997147,auto,,,,,,0,
1768446011993,Sunny,Day,0.14127604166666666,100.0,-18.0,22.55380599996215,auto,,,,,,0,
1768446012025,Sunny,Day,0.1412109375,100.0,-19.0,21.239062999995895,auto,,,,,,0,
1768446012055,Sunny,Day,0.14039713541666668,100.0,-18.0,19.060105999983534,auto,,,,,,0,
1768446012086,Sunny,Day,0.14072265625,100.0,-19.0,20.36103899996533,auto,,,,,,0,
1768446012117,Sunny,Day,0.14091796875,100.0,-19.0,19.256181000002925,auto,,,,,,0,
1768446012150,Sunny,Day,0.13984375,100.0,-19.0,22.191884999983813,auto,,,,,,0,
1768446012179,Sunny,Day,0.14195963541666667,100.0,-19.0,18.691826000008405,auto,,,,,,0,
1768446012211,Sunny,Day,0.14677734375,100.0,-20.0,21.444972999972833,auto,,,,,,0,
1768446012243,Sunny,Day,0.14762369791666666,100.0,-20.0,21.05911900002866,auto,,,,,,0,
1768446012274,Sunny,Day,0.14664713541666666,100.0,-20.0,20.82795100000112,auto,,,,,,0,
1768446012306,Sunny,Day,0.14879557291666667,100.0,-21.0,16.522699999995893,auto,,,,,,0,
1768446012337,Sunny,Day,0.15061848958333332,100.0,-21.0,22.096588000010797,auto,,,,,,0,
1768446012369,Sunny,Day,0.14996744791666666,100.0,-21.0,21.257767999998123,auto,,,,,,0,
1768446012400,Sunny,Day,0.15026041666666667,100.0,-21.0,17.530391999969197,auto,,,,,,0,
1768446012431,Sunny,Day,0.14996744791666666,100.0,-20.0,19.288754999990942,auto,,,,,,0,
1768446012463,Sunny,Day,0.14973958333333334,100.0,-20.0,17.420168999990437,auto,,,,,,0,
1768446012495,Sunny,Day,0.1498046875,100.0,-20.0,19.192032000034942,auto,,,,,,0,
1768446012525,Sunny,Day,0.14889322916666667,100.0,-20.0,19.22877299995207,auto,,,,,,0,
1768446012561,Sunny,Day,0.14869791666666668,100.0,-20.0,24.555252000027394,auto,,,,,,0,
1768446012589,Sunny,Day,0.14762369791666666,100.0,-20.0,17.295537999984845,auto,,,,,,0,
1768446012620,Sunny,Day,0.148046875,100.0,-20.0,20.9203949999619,auto,,,,,,0,
1768446012651,Sunny,Day,0.14775390625,100.0,-20.0,21.65517800000316,auto,,,,,,0,
1768446012683,Sunny,Day,0.14762369791666666,100.0,-20.0,19.14786599996887,auto,,,,,,0,
1768446012714,Sunny,Day,0.14778645833333334,100.0,-20.0,16.68623799997704,auto,,,,,,0,
1768446012745,Sunny,Day,0.14720052083333332,100.0,-20.0,21.382971999969413,auto,,,,,,0,
1768446012777,Sunny,Day,0.14713541666666666,100.0,-20.0,21.28219399997988,auto,,,,,,0,
1768446012808,Sunny,Day,0.14733072916666667,100.0,-20.0,18.952882000007776,auto,,,,,,0,
1768446012839,Sunny,Day,0.14720052083333332,100.0,-20.0,21.039656000027662,auto,,,,,,0,
1768446012872,Sunny,Day,0.14736328125,100.0,-20.0,23.729912999954195,auto,,,,,,0,
1768446012904,Sunny,Day,0.146875,100.0,-19.0,21.153877999950055,auto,,,,,,0,
1768446012934,Sunny,Day,0.14733072916666667,100.0,-20.0,17.96504300000379,auto,,,,,,0,
1768446012968,Sunny,Day,0.14690755208333334,100.0,-19.0,23.49893000001657,auto,,,,,,0,
1768446012998,Sunny,Day,0.14645182291666667,100.0,-20.0,18.498008999983995,auto,,,,,,0,
1768446013027,Sunny,Day,0.14651692708333333,100.0,-19.0,15.267598000036742,auto,,,,,,0,
1768446013059,Sunny,Day,0.14654947916666666,100.0,-20.0,20.643008999968515,auto,,,,,,0,
1768446013090,Sunny,Day,0.14677734375,100.0,-20.0,16.40125500000522,auto,,,,,,0,
1768446013126,Sunny,Day,0.14651692708333333,100.0,-20.0,25.582862000021578,auto,,,,,,0,
1768446013153,Sunny,Day,0.14508463541666666,100.0,-19.0,17.338558000005833,auto,,,,,,0,
1768446013185,Sunny,Day,0.14576822916666668,100.0,-19.0,21.3997930000005,auto,,,,,,0,
1768446013217,Sunny,Day,0.1451171875,100.0,-19.0,23.25706600004196,auto,,,,,,0,
1768446013248,Sunny,Day,0.1453125,100.0,-19.0,20.049913000036668,auto,,,,,,0,
1768446013281,Sunny,Day,0.14518229166666666,100.0,-19.0,21.990649000031226,auto,,,,,,0,
1768446013311,Sunny,Day,0.14544270833333334,100.0,-19.0,17.62539399999241,auto,,,,,,0,
1768446013341,Sunny,Day,0.1447265625,100.0,-19.0,20.627490999970632,auto,,,,,,0,
1768446013373,Sunny,Day,0.14453125,100.0,-19.0,21.98850100000982,auto,,,,,,0,
1768446013407,Sunny,Day,0.14488932291666667,100.0,-19.0,25.13278399999308,auto,,,,,,0,
1768446013437,Sunny,Day,0.14521484375,100.0,-19.0,18.390474000000268,auto,,,,,,0,
1768446013468,Sunny,Day,0.14573567708333332,100.0,-20.0,20.822011000007024,auto,,,,,,0,
1768446013500,Sunny,Day,0.14576822916666668,100.0,-19.0,21.35962599999175,auto,,,,,,0,
1768446013530,Sunny,Day,0.14612630208333333,100.0,-19.0,19.599631000005502,auto,,,,,,0,
1768446013562,Sunny,Day,0.14664713541666666,100.0,-19.0,20.60467600000493,auto,,,,,,0,
1768446013593,Sunny,Day,0.14729817708333334,100.0,-19.0,17.05914799998709,auto,,,,,,0,
1768446013624,Sunny,Day,0.14677734375,100.0,-19.0,17.03287099996942,auto,,,,,,0,
1768446013655,Sunny,Day,0.14710286458333333,100.0,-19.0,22.00716800001601,auto,,,,,,0,
1768446013687,Sunny,Day,0.14690755208333334,100.0,-19.0,22.155928999950447,auto,,,,,,0,
1768446013718,Sunny,Day,0.14807942708333333,100.0,-19.0,22.588061000021753,auto,,,,,,0,
1768446013750,Sunny,Day,0.14772135416666668,100.0,-19.0,22.12716899998668,auto,,,,,,0,
1768446013782,Sunny,Day,0.1482421875,100.0,-20.0,22.126668999987942,auto,,,,,,0,
1768446013813,Sunny,Day,0.14791666666666667,100.0,-20.0,21.239735999984077,auto,,,,,,0,
1768446013844,Sunny,Day,0.14886067708333334,100.0,-20.0,18.729420999989088,auto,,,,,,0,
1768446013875,Sunny,Day,0.14850260416666666,100.0,-20.0,21.53403500000195,auto,,,,,,0,
1768446013910,Sunny,Day,0.148828125,100.0,-20.0,25.210524999977224,auto,,,,,,0,
1768446013940,Sunny,Day,0.14775390625,100.0,-20.0,19.06847899999775,auto,,,,,,0,
1768446013970,Sunny,Day,0.14768880208333332,100.0,-21.0,18.938236999986202,auto,,,,,,0,
1768446014002,Sunny,Day,0.1484375,100.0,-22.0,21.226329000000987,auto,,,,,,0,
1768446014033,Sunny,Day,0.14817708333333332,100.0,-22.0,21.983970000007957,auto,,,,,,0,
1768446014063,Sunny,Day,0.14879557291666667,100.0,-22.0,19.295187000011538,auto,,,,,,0,
1768446014095,Sunny,Day,0.1478515625,100.0,-22.0,22.345009999980903,auto,,,,,,0,
1768446014128,Sunny,Day,0.1484375,100.0,-23.0,23.59063200003675,auto,,,,,,0,
1768446014158,Sunny,Day,0.14798177083333333,100.0,-23.0,19.875785000010637,auto,,,,,,0,
1768446014191,Sunny,Day,0.14733072916666667,100.0,-23.0,22.9638859999568,auto,,,,,,0,
1768446014221,Sunny,Day,0.14736328125,100.0,-24.0,20.146083999975417,auto,,,,,,0,
1768446014252,Sunny,Day,0.14801432291666666,100.0,-24.0,17.622692000031748,auto,,,,,,0,
1768446014284,Sunny,Day,0.14710286458333333,100.0,-24.0,21.702893999986372,auto,,,,,,0,
1768446014315,Sunny,Day,0.14736328125,100.0,-24.0,21.272371000009116,auto,,,,,,0,
1768446014347,Sunny,Day,0.14602864583333333,100.0,-24.0,21.44759499998372,auto,,,,,,0,
1768446014378,Sunny,Day,0.14501953125,100.0,-24.0,21.586689000002934,auto,,,,,,0,
1768446014410,Sunny,Day,0.14430338541666668,100.0,-24.0,20.880478999970364,auto,,,,,,0,
1768446014441,Sunny,Day,0.14514973958333333,100.0,-24.0,21.724690000041846,auto,,,,,,0,
1768446014472,Sunny,Day,0.14368489583333333,100.0,-24.0,19.60169000000178,auto,,,,,,0,
1768446014504,Sunny,Day,0.143359375,100.0,-24.0,21.59259600000496,auto,,,,,,0,
1768446014535,Sunny,Day,0.14296875,100.0,-24.0,21.710153000014998,auto,,,,,,0,
1768446014567,Sunny,Day,0.14225260416666666,100.0,-24.0,19.356872999992447,auto,,,,,,0,
1768446014597,Sunny,Day,0.141015625,100.0,-24.0,20.826125999974465,auto,,,,,,0,
1768446014629,Sunny,Day,0.14020182291666666,100.0,-24.0,22.714808999978686,auto,,,,,,0,
1768446014660,Sunny,Day,0.14091796875,100.0,-24.0,21.160184999985177,auto,,,,,,0,
1768446014692,Sunny,Day,0.140625,100.0,-24.0,21.119202999955178,auto,,,,,,0,
1768446014724,Sunny,Day,0.14036458333333332,100.0,-24.0,22.327399000005244,auto,,,,,,0,
1768446014757,Sunny,Day,0.13994140625,100.0,-24.0,22.964311999999154,auto,,,,,,0,
1768446014786,Sunny,Day,0.13922526041666666,100.0,-25.0,19.33476200002815,auto,,,,,,0,
1768446014818,Sunny,Day,0.13740234375,100.0,-25.0,22.175416000038695,auto,,,,,,0,
1768446014849,Sunny,Day,0.1375,100.0,-24.0,21.312852999983534,auto,,,,,,0,
1768446014880,Sunny,Day,0.13746744791666668,100.0,-24.0,21.614893000048596,auto,,,,,,0,
1768446014913,Sunny,Day,0.13668619791666667,100.0,-24.0,23.188851000043087,auto,,,,,,0,
1768446014943,Sunny,Day,0.13603515625,100.0,-25.0,19.603541000037694,auto,,,,,,0,
1768446014974,Sunny,Day,0.13548177083333332,100.0,-25.0,18.865312999992057,auto,,,,,,0,
1768446015006,Sunny,Day,0.1341796875,100.0,-25.0,21.576855999967393,auto,,,,,,0,
1768446015039,Sunny,Day,0.13444010416666666,100.0,-25.0,23.550806000002922,auto,,,,,,0,
1768446015070,Sunny,Day,0.13362630208333334,100.0,-25.0,21.312820999980886,auto,,,,,,0,
1768446015100,Sunny,Day,0.13385416666666666,100.0,-25.0,19.835881000005884,auto,,,,,,0,
1768446015132,Sunny,Day,0.13251953125,100.0,-25.0,22.385775999964608,auto,,,,,,0,
1768446015163,Sunny,Day,0.13216145833333334,100.0,-25.0,21.442117999981747,auto,,,,,,0,
1768446015194,Sunny,Day,0.13193359375,100.0,-25.0,21.388635999983308,auto,,,,,,0,
1768446015228,Sunny,Day,0.13102213541666666,100.0,-25.0,23.602954000011778,auto,,,,,,0,
1768446015258,Sunny,Day,0.12926432291666667,100.0,-25.0,20.114013000011255,auto,,,,,,0,
1768446015289,Sunny,Day,0.12893880208333333,100.0,-25.0,20.774444999972275,auto,,,,,,0,
1768446015320,Sunny,Day,0.12861328125,100.0,-25.0,21.084577999999965,auto,,,,,,0,
1768446015351,Sunny,Day,0.12838541666666667,100.0,-12.0,22.38359099999343,auto,,,,,,0,
1768446015382,Sunny,Day,0.12731119791666667,100.0,-25.0,18.930760999978702,auto,,,,,,0,
1768446015417,Sunny,Day,0.12633463541666667,100.0,-11.0,25.31510099998968,auto,,,,,,0,
1768446015446,Sunny,Day,0.12467447916666667,100.0,-25.0,14.93620200000123,auto,,,,,,0,
1768446015481,Sunny,Day,0.12548828125,100.0,-26.0,21.5773420000005,auto,,,,,,0,
1768446015509,Sunny,Day,0.1234375,100.0,-26.0,16.328050000026906,auto,,,,,,0,
1768446015540,Sunny,Day,0.12399088541666667,100.0,-26.0,21.216506000030222,auto,,,,,,0,
1768446015571,Sunny,Day,0.12294921875,100.0,-26.0,20.340534000013122,auto,,,,,,0,
1768446015602,Sunny,Day,0.12298177083333334,100.0,-26.0,21.932050000032177,auto,,,,,,0,
1768446015634,Sunny,Day,0.12314453125,100.0,-26.0,22.183200000029046,auto,,,,,,0,
1768446015666,Sunny,Day,0.1216796875,100.0,-25.0,20.8061490000091,auto,,,,,,0,
1768446015697,Sunny,Day,0.12054036458333334,100.0,-25.0,21.845973999973012,auto,,,,,,0,
1768446015728,Sunny,Day,0.12005208333333334,100.0,-25.0,19.907270000032895,auto,,,,,,0,
1768446015759,Sunny,Day,0.11875,100.0,-8.0,17.18646599999829,auto,,,,,,0,
1768446015790,Sunny,Day,0.11829427083333334,100.0,-24.0,21.306709999976192,auto,,,,,,0,
1768446015824,Sunny,Day,0.11741536458333333,100.0,-8.0,24.145441000030132,auto,,,,,,0,
1768446015854,Sunny,Day,0.11868489583333333,100.0,-9.0,19.335838000017702,auto,,,,,,0,
1768446015885,Sunny,Day,0.11829427083333334,100.0,-9.0,21.421118000034767,auto,,,,,,0,
1768446015917,Sunny,Day,0.11442057291666667,100.0,-10.0,21.329042999980174,auto,,,,,,0,
1768446015948,Sunny,Day,0.12005208333333334,100.0,-13.0,20.606740000005175,auto,,,,,,0,
1768446015979,Sunny,Day,0.12213541666666666,100.0,-15.0,21.433248999983334,auto,,,,,,0,
1768446016010,Sunny,Day,0.12464192708333334,100.0,-17.0,21.96262999996179,auto,,,,,,0,
1768446016042,Sunny,Day,0.12962239583333332,100.0,-20.0,22.1858159999897,auto,,,,,,0,
1768446016073,Sunny,Day,0.13323567708333334,100.0,-22.0,22.432578000007197,auto,,,,,,0,
1768446016108,Sunny,Day,0.13356119791666668,100.0,-23.0,25.869596999996247,auto,,,,,,0,
1768446016137,Sunny,Day,0.13688151041666666,100.0,-24.0,18.45266499998388,auto,,,,,,0,
1768446016169,Sunny,Day,0.1376953125,100.0,-24.0,21.51188400000592,auto,,,,,,0,
1768446016200,Sunny,Day,0.13922526041666666,100.0,-25.0,20.10059000002684,auto,,,,,,0,
1768446016231,Sunny,Day,0.13828125,100.0,-25.0,21.570088000032683,auto,,,,,,0,
1768446016263,Sunny,Day,0.139453125,100.0,-26.0,21.65508799998861,auto,,,,,,0,
1768446016294,Sunny,Day,0.13974609375,100.0,-26.0,19.789161000005606,auto,,,,,,0,
1768446016325,Sunny,Day,0.13971354166666666,100.0,-26.0,20.00608899999179,auto,,,,,,0,
1768446016356,Sunny,Day,0.13818359375,100.0,-25.0,19.915810000043166,auto,,,,,,0,
1768446016388,Sunny,Day,0.13834635416666666,100.0,-25.0,21.003470999971796,auto,,,,,,0,
1768446016420,Sunny,Day,0.13720703125,100.0,-25.0,22.532431000001907,auto,,,,,,0,
1768446016452,Sunny,Day,0.13893229166666668,100.0,-26.0,20.171183000002202,auto,,,,,,0,
1768446016482,Sunny,Day,0.13902994791666667,100.0,-25.0,18.343773999959012,auto,,,,,,0,
1768446016513,Sunny,Day,0.13779296875,100.0,-25.0,21.057731000041713,auto,,,,,,0,
1768446016546,Sunny,Day,0.13922526041666666,100.0,-26.0,23.19660500000964,auto,,,,,,0,
1768446016578,Sunny,Day,0.13831380208333333,100.0,-26.0,21.24426899996479,auto,,,,,,0,
1768446016607,Sunny,Day,0.13876953125,100.0,-26.0,19.229542999994464,auto,,,,,,0,
1768446016639,Sunny,Day,0.13694661458333332,100.0,-26.0,21.61642099997607,auto,,,,,,0,
1768446016671,Sunny,Day,0.13916015625,100.0,-26.0,21.93679500004464,auto,,,,,,0,
1768446016702,Sunny,Day,0.13912760416666667,100.0,-26.0,20.688022000001638,auto,,,,,,0,
1768446016734,Sunny,Day,0.13857421875,100.0,-26.0,22.646359000020766,auto,,,,,,0,
1768446016765,Sunny,Day,0.13893229166666668,100.0,-26.0,20.019348000005266,auto,,,,,,0,
1768446016796,Sunny,Day,0.13401692708333332,100.0,-25.0,20.575613000005433,auto,,,,,,0,
1768446016828,Sunny,Day,0.137109375,100.0,-25.0,21.240121000005274,auto,,,,,,0,
1768446016861,Sunny,Day,0.13736979166666666,100.0,-26.0,22.77497099998982,auto,,,,,,0,
1768446016890,Sunny,Day,0.13697916666666668,100.0,-26.0,18.878576999952656,auto,,,,,,0,
1768446016921,Sunny,Day,0.13525390625,100.0,-25.0,19.537269000011293,auto,,,,,,0,
1768446016952,Sunny,Day,0.13743489583333332,100.0,-26.0,20.471631000020807,auto,,,,,,0,
1768446016984,Sunny,Day,0.13701171875,100.0,-26.0,21.887850999974034,auto,,,,,,0,
1768446017015,Sunny,Day,0.13629557291666666,100.0,-25.0,17.920131999972,auto,,,,,,0,
1768446017047,Sunny,Day,0.13538411458333333,100.0,-26.0,22.6210300000389,auto,,,,,,0,
1768446017078,Sunny,Day,0.13655598958333334,100.0,-26.0,17.0604639999965,auto,,,,,,0,
1768446017110,Sunny,Day,0.13727213541666666,100.0,-28.0,22.006560000022546,auto,,,,,,0,
1768446017141,Sunny,Day,0.1357421875,100.0,-27.0,20.526543000016773,auto,,,,,,0,
1768446017172,Sunny,Day,0.13434244791666666,100.0,-25.0,20.755803999975342,auto,,,,,,0,
1768446017204,Sunny,Day,0.13395182291666666,100.0,-26.0,19.799830000010843,auto,,,,,,0,
1768446017235,Sunny,Day,0.13157552083333332,100.0,-25.0,21.090698000023167,auto,,,,,,0,
1768446017268,Sunny,Day,0.13450520833333332,100.0,-27.0,23.57583899998872,auto,,,,,,0,
1768446017299,Sunny,Day,0.13118489583333334,100.0,-25.0,20.513004999997975,auto,,,,,,0,
1768446017332,Sunny,Day,0.13079427083333334,100.0,-24.0,22.67214200003309,auto,,,,,,0,
1768446017363,Sunny,Day,0.12919921875,100.0,-25.0,21.236125000029915,auto,,,,,,0,
1768446017394,Sunny,Day,0.13147786458333333,100.0,-26.0,19.18408200003796,auto,,,,,,0,
1768446017425,Sunny,Day,0.12809244791666666,100.0,-25.0,19.898182999952496,auto,,,,,,0,
1768446017455,Sunny,Day,0.12890625,100.0,-25.0,19.999461999987034,auto,,,,,,0,
1768446017486,Sunny,Day,0.12828776041666667,100.0,-25.0,18.94448600000942,auto,,,,,,0,
1768446017518,Sunny,Day,0.128125,100.0,-25.0,21.828169000002617,auto,,,,,,0,
1768446017550,Sunny,Day,0.1265625,100.0,-24.0,22.32458299999962,auto,,,,,,0,
1768446017581,Sunny,Day,0.1263671875,100.0,-24.0,20.709267000029286,auto,,,,,,0,
1768446017612,Sunny,Day,0.12545572916666667,100.0,-24.0,20.227815999987797,auto,,,,,,0,
1768446017643,Sunny,Day,0.12552083333333333,100.0,-24.0,19.432214999994812,auto,,,,,,0,
1768446017676,Sunny,Day,0.123828125,100.0,-24.0,24.278161000040654,auto,,,,,,0,
1768446017706,Sunny,Day,0.1255859375,100.0,-25.0,20.790231000034964,auto,,,,,,0,
1768446017738,Sunny,Day,0.12278645833333333,100.0,-26.0,22.9431459999887,auto,,,,,,0,
1768446017769,Sunny,Day,0.12438151041666666,100.0,-27.0,21.646185999998124,auto,,,,,,0,
1768446017800,Sunny,Day,0.12412109375,100.0,-28.0,21.066122000036103,auto,,,,,,0,
1768446017832,Sunny,Day,0.12154947916666667,100.0,-28.0,21.705445999998574,auto,,,,,,0,
1768446017863,Sunny,Day,0.1185546875,100.0,-29.0,21.477145999995173,auto,,,,,,0,
1768446017895,Sunny,Day,0.11682942708333334,100.0,-28.0,21.768780000002153,auto,,,,,,0,
1768446017926,Sunny,Day,0.11220703125,100.0,-27.0,21.70874199998707,auto,,,,,,0,
1768446017958,Sunny,Day,0.11220703125,100.0,-28.0,18.627223999999387,auto,,,,,,0,
1768446017990,Sunny,Day,0.10940755208333333,100.0,-29.0,21.52885100002777,auto,,,,,,0,
1768446018021,Sunny,Day,0.10572916666666667,100.0,-31.0,21.172659000001204,auto,,,,,,0,
1768446018052,Sunny,Day,0.10208333333333333,100.0,-31.0,20.603231999984928,auto,,,,,,0,
1768446018083,Sunny,Day,0.09889322916666667,100.0,-33.0,21.38644500001874,auto,,,,,,0,
1768446018115,Sunny,Day,0.09163411458333333,100.0,-35.0,20.209763000025305,auto,,,,,,0,
1768446018147,Sunny,Day,0.08743489583333333,100.0,-38.0,21.838673999980074,auto,,,,,,0,
1768446018178,Sunny,Day,0.08251953125,100.0,-41.0,19.297085000005154,auto,,,,,,0,
1768446018209,Sunny,Day,0.07845052083333333,100.0,-40.0,21.419261000005463,auto,,,,,,0,
1768446018240,Sunny,Day,0.07431640625,100.0,-40.0,17.039352000040253,auto,,,,,,0,
1768446018272,Sunny,Day,0.0693359375,100.0,-38.0,20.938661999991837,auto,,,,,,0,
1768446018304,Sunny,Day,0.066796875,100.0,-40.0,17.533153999977458,auto,,,,,,0,
1768446018337,Sunny,Day,0.061197916666666664,100.0,-37.0,20.99208799995722,auto,,,,,,0,
1768446018366,Sunny,Day,0.0615234375,100.0,-40.0,16.838441000004423,auto,,,,,,0,
1768446018398,Sunny,Day,0.05537109375,100.0,-36.0,20.869826999955876,auto,,,,,,0,
1768446018432,Sunny,Day,0.05615234375,100.0,-38.0,21.21772099997088,auto,,,,,,0,
1768446018459,Sunny,Day,0.05400390625,100.0,-37.0,17.42083799996408,auto,,,,,,0,
1768446018491,Sunny,Day,0.05413411458333333,100.0,-37.0,21.53935499995896,auto,,,,,,0,
1768446018522,Sunny,Day,0.05169270833333333,100.0,-34.0,21.95178599998826,auto,,,,,,0,
1768446018555,Sunny,Day,0.04925130208333333,98.50260416666666,-31.0,23.57630699998481,auto,,,,,,0,
1768446018586,Sunny,Day,0.05078125,100.0,-33.0,21.147832000053768,auto,,,,,,0,
1768446018620,Sunny,Day,0.0486328125,97.265625,-33.0,24.856175999957486,auto,,,,,,0,
1768446018650,Sunny,Day,0.0474609375,94.921875,-29.0,19.57605100000137,auto,,,,,,0,
1768446018680,Sunny,Day,0.050065104166666666,100.0,-30.0,20.27806099999907,auto,,,,,,0,
1768446018711,Sunny,Day,0.04833984375,96.6796875,-28.0,21.16253499997356,auto,,,,,,0,
1768446018742,Sunny,Day,0.04918619791666667,98.37239583333333,-28.0,19.308011000020997,auto,,,,,,0,
1768446018774,Sunny,Day,0.05,100.0,-28.0,20.906754000009187,auto,,,,,,0,
1768446018805,Sunny,Day,0.05084635416666667,100.0,-28.0,21.47616900003868,auto,,,,,,0,
1768446018840,Sunny,Day,0.05302734375,100.0,-30.0,26.15304500000093,auto,,,,,,0,
1768446018869,Sunny,Day,0.05276692708333333,100.0,-29.0,13.526898999998593,auto,,,,,,0,
1768446018900,Sunny,Day,0.052994791666666666,100.0,-28.0,21.04855300001418,auto,,,,,,0,
1768446018932,Sunny,Day,0.05087890625,100.0,-27.0,21.93024900003593,auto,,,,,,0,
1768446018963,Sunny,Day,0.05237630208333333,100.0,-27.0,19.475549999981467,auto,,,,,,0,
1768446018994,Sunny,Day,0.05367838541666667,100.0,-29.0,21.504150999987814,auto,,,,,,0,
1768446019026,Sunny,Day,0.053450520833333334,100.0,-29.0,21.72043399997392,auto,,,,,,0,
1768446019056,Sunny,Day,0.05335286458333333,100.0,-28.0,16.908016000002135,auto,,,,,,0,
1768446019088,Sunny,Day,0.05319010416666667,100.0,-27.0,21.050278000018352,auto,,,,,,0,
1768446019119,Sunny,Day,0.052571614583333336,100.0,-25.0,20.705272999975932,auto,,,,,,0,
1768446019150,Sunny,Day,0.05231119791666667,100.0,-27.0,17.527302000019063,auto,,,,,,0,
1768446019182,Sunny,Day,0.05188802083333333,100.0,-26.0,19.01450799999793,auto,,,,,,0,
1768446019214,Sunny,Day,0.0515625,100.0,-26.0,22.393647999990662,auto,,,,,,0,
1768446019247,Sunny,Day,0.0529296875,100.0,-26.0,22.920434000013756,auto,,,,,,0,
1768446019276,Sunny,Day,0.05283203125,100.0,-27.0,15.556403999994473,auto,,,,,,0,
1768446019309,Sunny,Day,0.05364583333333333,100.0,-26.0,23.01497199999858,auto,,,,,,0,
1768446019341,Sunny,Day,0.05439453125,100.0,-27.0,22.242554000001746,auto,,,,,,0,
1768446019371,Sunny,Day,0.053483072916666666,100.0,-26.0,17.476505000047382,auto,,,,,,0,
1768446019402,Sunny,Day,0.05478515625,100.0,-26.0,21.866380999995272,auto,,,,,,0,
1768446019434,Sunny,Day,0.05472005208333333,100.0,-27.0,18.25370100004875,auto,,,,,,0,
1768446019466,Sunny,Day,0.05419921875,100.0,-26.0,19.902854000008574,auto,,,,,,0,
1768446019496,Sunny,Day,0.05465494791666667,100.0,-27.0,18.650244000014027,auto,,,,,,0,
1768446019528,Sunny,Day,0.057877604166666666,100.0,-27.0,21.41987500004916,auto,,,,,,0,
1768446019561,Sunny,Day,0.05755208333333333,100.0,-28.0,23.20151200001419,auto,,,,,,0,
1768446019591,Sunny,Day,0.0580078125,100.0,-29.0,19.61133200001086,auto,,,,,,0,
1768446019622,Sunny,Day,0.056966145833333336,100.0,-27.0,20.972943999993277,auto,,,,,,0,
1768446019656,Sunny,Day,0.05823567708333333,100.0,-28.0,24.303655999972307,auto,,,,,,0,
1768446019686,Sunny,Day,0.057421875,100.0,-27.0,15.229510000040136,auto,,,,,,0,
1768446019716,Sunny,Day,0.05546875,100.0,-26.0,20.45871400002852,auto,,,,,,0,
1768446019747,Sunny,Day,0.05618489583333333,100.0,-27.0,20.98846199999116,auto,,,,,,0,
1768446019779,Sunny,Day,0.05823567708333333,100.0,-28.0,17.916622000029747,auto,,,,,,0,
1768446019811,Sunny,Day,0.056380208333333334,100.0,-26.0,22.09936600002038,auto,,,,,,0,
1768446019842,Sunny,Day,0.05986328125,100.0,-30.0,18.489094000017303,auto,,,,,,0,
1768446019874,Sunny,Day,0.05657552083333333,100.0,-26.0,19.13043600001174,auto,,,,,,0,
1768446019904,Sunny,Day,0.05950520833333333,100.0,-28.0,19.694869000034032,auto,,,,,,0,
1768446019936,Sunny,Day,0.06012369791666667,100.0,-27.0,21.50696900002913,auto,,,,,,0,
1768446019967,Sunny,Day,0.05791015625,100.0,-25.0,21.10468499995477,auto,,,,,,0,
1768446019998,Sunny,Day,0.0572265625,100.0,-24.0,20.71464399995193,auto,,,,,,0,
1768446020031,Sunny,Day,0.05797526041666667,100.0,-24.0,23.80928499997026,auto,,,,,,0,
1768446020065,Sunny,Day,0.0583984375,100.0,-23.0,23.6068010000281,auto,,,,,,0,
1768446020094,Sunny,Day,0.0595703125,100.0,-24.0,18.759487000011177,auto,,,,,,0,
1768446020124,Sunny,Day,0.061360677083333336,100.0,-25.0,20.29719499995508,auto,,,,,,0,
1768446020156,Sunny,Day,0.062337239583333336,100.0,-25.0,19.432034000033127,auto,,,,,,0,
1768446020188,Sunny,Day,0.06344401041666667,100.0,-25.0,22.294780999970953,auto,,,,,,0,
1768446020219,Sunny,Day,0.063671875,100.0,-26.0,19.62053699998023,auto,,,,,,0,
1768446020251,Sunny,Day,0.06279296875,100.0,-24.0,22.216761000038332,auto,,,,,,0,
1768446020282,Sunny,Day,0.063671875,100.0,-25.0,16.908976999957304,auto,,,,,,0,
1768446020313,Sunny,Day,0.06416015625,100.0,-24.0,18.189384999971026,auto,,,,,,0,
1768446020346,Sunny,Day,0.06474609375,100.0,-24.0,23.47889100002476,auto,,,,,,0,
1768446020376,Sunny,Day,0.0630859375,100.0,-24.0,19.397680999986733,auto,,,,,,0,
1768446020408,Sunny,Day,0.06497395833333333,100.0,-24.0,21.085411000001386,auto,,,,,,0,
1768446020439,Sunny,Day,0.06536458333333334,100.0,-24.0,20.598718000030658,auto,,,,,,0,
1768446020474,Sunny,Day,0.06608072916666667,100.0,-24.0,24.668630999997276,auto,,,,,,0,
1768446020505,Sunny,Day,0.06461588541666667,100.0,-24.0,21.369581999977072,auto,,,,,,0,
1768446020533,Sunny,Day,0.06569010416666667,100.0,-23.0,17.83462100001998,auto,,,,,,0,
1768446020564,Sunny,Day,0.06617838541666667,100.0,-24.0,20.682015999966552,auto,,,,,,0,
1768446020596,Sunny,Day,0.06953125,100.0,-33.0,17.27274199998874,auto,,,,,,0,
1768446020627,Sunny,Day,0.06751302083333334,100.0,-32.0,20.790701999999328,auto,,,,,,0,
1768446020658,Sunny,Day,0.06770833333333333,100.0,-32.0,21.46269399997891,auto,,,,,,0,
1768446020689,Sunny,Day,0.06435546875,100.0,-23.0,22.094277999997303,auto,,,,,,0,
1768446020721,Sunny,Day,0.06845703125,100.0,-24.0,18.079291000049125,auto,,,,,,0,
1768446020752,Sunny,Day,0.06796875,100.0,-23.0,22.353596000016296,auto,,,,,,0,
1768446020786,Sunny,Day,0.06692708333333333,100.0,-24.0,23.756099000024733,auto,,,,,,0,
1768446020815,Sunny,Day,0.06578776041666666,100.0,-24.0,19.325809999998,auto,,,,,,0,
1768446020846,Sunny,Day,0.06640625,100.0,-23.0,21.340006999992056,auto,,,,,,0,
1768446020880,Sunny,Day,0.06705729166666667,100.0,-23.0,23.321480999982214,auto,,,,,,0,
1768446020909,Sunny,Day,0.06695963541666666,100.0,-23.0,19.233235000001514,auto,,,,,,0,
1768446020941,Sunny,Day,0.06634114583333334,100.0,-22.0,21.59814100002677,auto,,,,,,0,
1768446020972,Sunny,Day,0.06500651041666666,100.0,-21.0,21.8089960000043,auto,,,,,,0,
1768446021004,Sunny,Day,0.0642578125,100.0,-32.0,15.660457999956634,auto,,,,,,0,
1768446021035,Sunny,Day,0.0640625,100.0,-22.0,20.389808999993875,auto,,,,,,0,
1768446021066,Sunny,Day,0.06526692708333333,100.0,-21.0,15.993739000009555,auto,,,,,,0,
1768446021098,Sunny,Day,0.06494140625,100.0,-32.0,22.864516000026924,auto,,,,,,0,
1768446021130,Sunny,Day,0.06520182291666667,100.0,-22.0,21.677182000019002,auto,,,,,,0,
1768446021160,Sunny,Day,0.06595052083333333,100.0,-22.0,17.102034000004096,auto,,,,,,0,
1768446021192,Sunny,Day,0.06585286458333334,100.0,-22.0,21.458400999961214,auto,,,,,,0,
1768446021223,Sunny,Day,0.06647135416666666,100.0,-22.0,19.755744000008235,auto,,,,,,0,
1768446021255,Sunny,Day,0.06761067708333333,100.0,-22.0,21.783609999999953,auto,,,,,,0,
1768446021288,Sunny,Day,0.06780598958333334,100.0,-22.0,20.37495700000136,auto,,,,,,0,
1768446021317,Sunny,Day,0.06754557291666667,100.0,-22.0,19.139843999994355,auto,,,,,,0,
1768446021351,Sunny,Day,0.07044270833333334,100.0,-22.0,24.128739999980553,auto,,,,,,0,
1768446021383,Sunny,Day,0.07047526041666667,100.0,-22.0,19.74583599997004,auto,,,,,,0,
1768446021412,Sunny,Day,0.07138671875,100.0,-22.0,17.623820999972395,auto,,,,,,0,
1768446021445,Sunny,Day,0.07164713541666666,100.0,-23.0,19.981432999998106,auto,,,,,,0,
1768446021474,Sunny,Day,0.07161458333333333,100.0,-23.0,19.111899999984416,auto,,,,,,0,
1768446021506,Sunny,Day,0.07483723958333334,100.0,-23.0,21.14246999997249,auto,,,,,,0,
1768446021537,Sunny,Day,0.07418619791666667,100.0,-23.0,19.582647999982328,auto,,,,,,0,
1768446021568,Sunny,Day,0.07545572916666667,100.0,-22.0,20.071637999990344,auto,,,,,,0,
1768446021599,Sunny,Day,0.07340494791666667,100.0,-22.0,21.837999000013042,auto,,,,,,0,
1768446021631,Sunny,Day,0.07646484375,100.0,-22.0,20.798020000029283,auto,,,,,,0,
1768446021663,Sunny,Day,0.07835286458333333,100.0,-23.0,21.758331000000908,auto,,,,,,0,
1768446021696,Sunny,Day,0.08063151041666666,100.0,-23.0,22.560770000040975,auto,,,,,,0,
1768446021725,Sunny,Day,0.08017578125,100.0,-24.0,15.323469000009027,auto,,,,,,0,
1768446021757,Sunny,Day,0.08160807291666666,100.0,-23.0,20.66527700003462,auto,,,,,,0,
1768446021789,Sunny,Day,0.08447265625,100.0,-24.0,20.80890900003851,auto,,,,,,0,
1768446021820,Sunny,Day,0.08525390625,100.0,-23.0,21.02098699998578,auto,,,,,,0,
1768446021851,Sunny,Day,0.08577473958333333,100.0,-24.0,19.36099700003524,auto,,,,,,0,
1768446021882,Sunny,Day,0.08668619791666667,100.0,-24.0,21.603255000002264,auto,,,,,,0,
1768446021915,Sunny,Day,0.08889973958333333,100.0,-24.0,19.22467899998992,auto,,,,,,0,
1768446021947,Sunny,Day,0.08961588541666667,100.0,-24.0,21.348861999967994,auto,,,,,,0,
1768446021977,Sunny,Day,0.09036458333333333,100.0,-24.0,19.574832999978753,auto,,,,,,0,
1768446022008,Sunny,Day,0.09212239583333333,100.0,-24.0,22.18021199996656,auto,,,,,,0,
1768446022040,Sunny,Day,0.09352213541666667,100.0,-24.0,20.492590000003474,auto,,,,,,0,
1768446022073,Sunny,Day,0.09375,100.0,-24.0,21.995449000030476,auto,,,,,,0,
1768446022104,Sunny,Day,0.09391276041666667,100.0,-24.0,22.73672199999055,manual,,,,,,0,
1768446022134,Sunny,Day,0.09593098958333333,100.0,-24.0,17.769598999962,manual,,,,,,0,
1768446022166,Sunny,Day,0.09658203125,100.0,-24.0,24.332932999982404,manual,,,,,,0,
1768446022197,Sunny,Day,0.09713541666666667,100.0,-24.0,22.8763160000085,manual,,,,,,0,
1768446022228,Sunny,Day,0.09609375,100.0,-24.0,21.78959399998348,manual,,,,,,0,
1768446022260,Sunny,Day,0.09612630208333334,100.0,-25.0,23.302452999985235,manual,,,,,,0,
1768446022292,Sunny,Day,0.09622395833333333,100.0,-24.0,19.619593999948393,manual,,,,,,0,
1768446022323,Sunny,Day,0.0966796875,100.0,-24.0,19.435849999979382,manual,,,,,,0,
1768446762598,Sunny,Day,0.048990885416666664,97.98177083333333,-2.0,494.28842700000075,manual,,,,,,0,
1768446766303,Sunny,Day,0.0482421875,96.484375,-1.0,3.8559369999973114,manual,,,,,,0,
1768446766330,Sunny,Day,0.0486328125,97.265625,0.0,2.2869849999977987,manual,,,,,,0,
1768446766339,Sunny,Day,0.048177083333333336,96.35416666666667,-1.0,3.120089999995912,manual,,,,,,0,
1768446766368,Sunny,Day,0.04934895833333333,98.69791666666666,-2.0,23.56340099998988,manual,,,,,,0,
1768446766400,Sunny,Day,0.048046875,96.09375,-1.0,26.117734999999698,manual,,,,,,0,
1768446766431,Sunny,Day,0.0482421875,96.484375,-1.0,26.304530000004434,manual,,,,,,0,
1768446766463,Sunny,Day,0.04755859375,95.1171875,-1.0,26.907304000005183,manual,,,,,,0,
1768446766499,Sunny,Day,0.050130208333333336,100.0,-1.0,27.08952499999384,manual,,,,,,0,
1768446766524,Sunny,Day,0.04951171875,99.0234375,-1.0,19.85118400000374,manual,,,,,,0,
1768446766556,Sunny,Day,0.04889322916666667,97.78645833333334,-1.0,26.39639999999588,manual,,,,,,0,
1768446766588,Sunny,Day,0.048177083333333336,96.35416666666667,-1.0,27.425116000003413,manual,,,,,,0,
1768446766619,Sunny,Day,0.048990885416666664,97.98177083333333,-1.0,25.978754999997022,manual,,,,,,0,
1768446766650,Sunny,Day,0.05009765625,100.0,-1.0,26.984896000001868,manual,,,,,,0,
1768446766681,Sunny,Day,0.049641927083333336,99.28385416666667,0.0,25.78838499999847,manual,,,,,,0,
1768446766713,Sunny,Day,0.04820963541666667,96.41927083333333,-1.0,26.917823000005114,manual,,,,,,0,
1768446766746,Sunny,Day,0.04840494791666667,96.80989583333334,-2.0,28.255684000001224,manual,,,,,,0,
1768446766776,Sunny,Day,0.04879557291666667,97.59114583333334,-2.0,25.390665999992734,manual,,,,,,0,
1768446766807,Sunny,Day,0.04973958333333333,99.47916666666666,-1.0,26.693324000007124,manual,,,,,,0,
1768446766838,Sunny,Day,0.04912109375,98.2421875,0.0,27.05217300000129,manual,,,,,,0,
1768446766870,Sunny,Day,0.04879557291666667,97.59114583333334,-2.0,27.49206000000015,manual,,,,,,0,
1768446766903,Sunny,Day,0.04967447916666667,99.34895833333333,-1.0,26.8401569999952,manual,,,,,,0,
1768446766934,Sunny,Day,0.049576822916666666,99.15364583333333,-2.0,26.443436999997516,manual,,,,,,0,
1768446766964,Sunny,Day,0.04889322916666667,97.78645833333334,-1.0,25.66114500000083,manual,,,,,,0,
1768446766996,Sunny,Day,0.049479166666666664,98.95833333333333,0.0,26.890489999999545,manual,,,,,,0,
1768446767027,Sunny,Day,0.04830729166666667,96.61458333333334,-2.0,26.855405999995696,manual,,,,,,0,
1768446767058,Sunny,Day,0.04983723958333333,99.67447916666666,-1.0,26.58698400000503,manual,,,,,,0,
1768446767089,Sunny,Day,0.04983723958333333,99.67447916666666,-1.0,26.51748399999576,manual,,,,,,0,
1768446767123,Sunny,Day,0.04944661458333333,98.89322916666667,-3.0,29.255300999992073,manual,,,,,,0,
1768446767155,Sunny,Day,0.04928385416666667,98.56770833333334,-1.0,26.759259999991514,manual,,,,,,0,
1768446767185,Sunny,Day,0.05022786458333333,100.0,0.0,21.54225600000359,manual,,,,,,0,
1768446767217,Sunny,Day,0.05,100.0,-2.0,27.00486999999896,manual,,,,,,0,
1768446767246,Sunny,Day,0.049641927083333336,99.28385416666667,-1.0,25.01288300000226,manual,,,,,,0,
1768446767278,Sunny,Day,0.04973958333333333,99.47916666666666,0.0,27.25447899999267,manual,,,,,,0,
1768446767309,Sunny,Day,0.05009765625,100.0,-1.0,26.503262000005634,manual,,,,,,0,
1768446767341,Sunny,Day,0.05074869791666667,100.0,-1.0,26.720390000008365,manual,,,,,,0,
1768446767372,Sunny,Day,0.050390625,100.0,-2.0,26.71342700000423,manual,,,,,,0,
1768446767404,Sunny,Day,0.04895833333333333,97.91666666666667,-2.0,27.18229500000291,manual,,,,,,0,
1768446767435,Sunny,Day,0.04967447916666667,99.34895833333333,-1.0,26.575965000006363,manual,,,,,,0,
1768446767467,Sunny,Day,0.0494140625,98.828125,-1.0,27.147406000011642,manual,,,,,,0,
1768446767498,Sunny,Day,0.04973958333333333,99.47916666666666,-1.0,26.355745000003594,manual,,,,,,0,
1768446767529,Sunny,Day,0.04986979166666667,99.73958333333334,-1.0,27.213425000013558,manual,,,,,,0,
1768446767563,Sunny,Day,0.05139973958333333,100.0,0.0,28.42608299999938,manual,,,,,,0,
1768446767593,Sunny,Day,0.04951171875,99.0234375,-1.0,25.556972000003952,manual,,,,,,0,
1768446767624,Sunny,Day,0.05029296875,100.0,-1.0,21.644885000000613,manual,,,,,,0,
1768446767656,Sunny,Day,0.05081380208333333,100.0,-2.0,27.27557200000774,manual,,,,,,0,
1768446767686,Sunny,Day,0.04886067708333333,97.72135416666666,-2.0,25.375157999988573,manual,,,,,,0,
1768446767720,Sunny,Day,0.050944010416666664,100.0,1.0,29.2218010000056,manual,,,,,,0,
1768446767749,Sunny,Day,0.05068359375,100.0,-1.0,23.403132999987974,manual,,,,,,0,
1768446767781,Sunny,Day,0.05048828125,100.0,0.0,26.900517999990825,manual,,,,,,0,
1768446767812,Sunny,Day,0.04892578125,97.8515625,-2.0,26.684778999992886,manual,,,,,,0,
1768446767843,Sunny,Day,0.049576822916666666,99.15364583333333,-1.0,26.73183400000312,manual,,,,,,0,
1768446767874,Sunny,Day,0.050618489583333336,100.0,-1.0,26.803481999991163,manual,,,,,,0,
1768446767909,Sunny,Day,0.05107421875,100.0,0.0,29.588539000002356,manual,,,,,,0,
1768446767940,Sunny,Day,0.05042317708333333,100.0,-1.0,19.395676000002027,manual,,,,,,0,
1768446767974,Sunny,Day,0.04934895833333333,98.69791666666666,-1.0,17.483632999983456,manual,,,,,,0,
1768446768003,Sunny,Day,0.05182291666666667,100.0,0.0,24.148831999980302,manual,,,,,,0,
1768446768032,Sunny,Day,0.051171875,100.0,0.0,23.055069999998068,manual,,,,,,0,
1768446768063,Sunny,Day,0.0494140625,98.828125,-1.0,25.754387000006318,manual,,,,,,0,
1768446768096,Sunny,Day,0.04830729166666667,96.61458333333334,-1.0,28.476093999984187,manual,,,,,,0,
1768446768133,Sunny,Day,0.05065104166666667,100.0,0.0,31.528373000014653,manual,,,,,,0,
1768446768158,Sunny,Day,0.050618489583333336,100.0,-1.0,20.45566000001031,manual,,,,,,0,
1768446768190,Sunny,Day,0.05081380208333333,100.0,0.0,27.523841000004268,manual,,,,,,0,
1768446768221,Sunny,Day,0.050944010416666664,100.0,0.0,25.56300000000533,manual,,,,,,0,
1768446768251,Sunny,Day,0.0501953125,100.0,0.0,26.152107999990903,manual,,,,,,0,
1768446768283,Sunny,Day,0.04990234375,99.8046875,-2.0,26.387754000012364,manual,,,,,,0,
1768446768314,Sunny,Day,0.05009765625,100.0,-1.0,26.632624000001215,manual,,,,,,0,
1768446768346,Sunny,Day,0.04912109375,98.2421875,-2.0,27.33910099999548,manual,,,,,,0,
1768446768378,Sunny,Day,0.04944661458333333,98.89322916666667,-2.0,28.039170999988983,manual,,,,,,0,
1768446768411,Sunny,Day,0.04970703125,99.4140625,-1.0,27.903727000023082,manual,,,,,,0,
1768446768440,Sunny,Day,0.05113932291666667,100.0,0.0,22.274056000014752,manual,,,,,,0,
1768446768472,Sunny,Day,0.0494140625,98.828125,0.0,26.392550999986497,manual,,,,,,0,
1768446768502,Sunny,Day,0.0486328125,97.265625,-1.0,25.890368000005992,manual,,,,,,0,
1768446768536,Sunny,Day,0.0494140625,98.828125,-2.0,28.373039000001654,manual,,,,,,0,
1768446768566,Sunny,Day,0.051009114583333334,100.0,0.0,24.42917299998726,manual,,,,,,0,
1768446768599,Sunny,Day,0.05035807291666667,100.0,-2.0,27.65093200000024,manual,,,,,,0,
1768446768629,Sunny,Day,0.04853515625,97.0703125,-2.0,25.67888799998741,manual,,,,,,0,
1768446768660,Sunny,Day,0.04944661458333333,98.89322916666667,-2.0,27.23810199998411,manual,,,,,,0,
1768446768691,Sunny,Day,0.04951171875,99.0234375,-2.0,26.685957000012195,manual,,,,,,0,
1768446768724,Sunny,Day,0.05071614583333333,100.0,0.0,28.212873999990506,manual,,,,,,0,
1768446768758,Sunny,Day,0.04895833333333333,97.91666666666667,-1.0,29.42644099999825,manual,,,,,,0,
1768446768787,Sunny,Day,0.04886067708333333,97.72135416666666,-2.0,23.941008999997848,manual,,,,,,0,
1768446768817,Sunny,Day,0.0509765625,100.0,-1.0,24.97904000000517,manual,,,,,,0,
1768446768848,Sunny,Day,0.05022786458333333,100.0,0.0,25.68612900000744,manual,,,,,,0,
1768446768879,Sunny,Day,0.048828125,97.65625,0.0,26.26825500001928,manual,,,,,,0,
1768446768911,Sunny,Day,0.049544270833333334,99.08854166666667,-1.0,26.735011999988956,manual,,,,,,0,
1768446768942,Sunny,Day,0.04892578125,97.8515625,-2.0,26.154088999987835,manual,,,,,,0,
1768446768974,Sunny,Day,0.05032552083333333,100.0,-2.0,26.81478900001366,manual,,,,,,0,
1768446769005,Sunny,Day,0.05,100.0,-2.0,26.073107999991407,manual,,,,,,0,
1768446769036,Sunny,Day,0.04928385416666667,98.56770833333334,-2.0,26.873797999996896,manual,,,,,,0,
1768446769068,Sunny,Day,0.05016276041666667,100.0,-1.0,25.182491999999,manual,,,,,,0,
1768446769099,Sunny,Day,0.05032552083333333,100.0,-1.0,26.089377000005243,manual,,,,,,0,
1768446769132,Sunny,Day,0.04869791666666667,97.39583333333333,-1.0,27.963736999993216,manual,,,,,,0,
1768446769163,Sunny,Day,0.04918619791666667,98.37239583333333,-1.0,25.61041599997793,manual,,,,,,0,
1768446769195,Sunny,Day,0.048990885416666664,97.98177083333333,-1.0,27.28894399999149,manual,,,,,,0,
1768446769225,Sunny,Day,0.05026041666666667,100.0,0.0,24.533607999984497,manual,,,,,,0,
1768446769256,Sunny,Day,0.04895833333333333,97.91666666666667,-1.0,26.75194700000816,manual,,,,,,0,
1768446769288,Sunny,Day,0.04778645833333333,95.57291666666666,-1.0,26.19604299999878,manual,,,,,,0,
1768446769320,Sunny,Day,0.04889322916666667,97.78645833333334,-2.0,27.355962000001455,manual,,,,,,0,
1768446769352,Sunny,Day,0.04892578125,97.8515625,0.0,27.549628000002713,manual,,,,,,0,
1768446769382,Sunny,Day,0.048014322916666664,96.02864583333333,-2.0,23.010577999997395,manual,,,,,,0,
1768446769413,Sunny,Day,0.047265625,94.53125,-2.0,26.77153900000917,manual,,,,,,0,
1768446769445,Sunny,Day,0.049153645833333336,98.30729166666667,-1.0,26.767094999996743,manual,,,,,,0,
1768446769478,Sunny,Day,0.04931640625,98.6328125,-1.0,28.611845000000358,manual,,,,,,0,
1768446769507,Sunny,Day,0.05022786458333333,100.0,-1.0,21.79990000001908,manual,,,,,,0,
1768446769538,Sunny,Day,0.0509765625,100.0,0.0,26.52531900000099,manual,,,,,,0,
1768446769570,Sunny,Day,0.0486328125,97.265625,-2.0,27.244908000000123,manual,,,,,,0,
1768446769603,Sunny,Day,0.04918619791666667,98.37239583333333,-2.0,28.202198000002454,manual,,,,,,0,
1768446769633,Sunny,Day,0.05029296875,100.0,-2.0,24.726162000007434,manual,,,,,,0,
1768446769664,Sunny,Day,0.04934895833333333,98.69791666666666,-2.0,19.849892000024738,manual,,,,,,0,
1768446769697,Sunny,Day,0.04879557291666667,97.59114583333334,-1.0,9.0402470000015,manual,,,,,,0,
1768446769728,Sunny,Day,0.04876302083333333,97.52604166666666,-2.0,22.090138999999454,manual,,,,,,0,
1768446769759,Sunny,Day,0.04944661458333333,98.89322916666667,-1.0,22.271860000017796,manual,,,,,,0,
1768446769790,Sunny,Day,0.049576822916666666,99.15364583333333,-2.0,21.031569999991007,manual,,,,,,0,
1768446769821,Sunny,Day,0.04967447916666667,99.34895833333333,-1.0,22.02676999999653,manual,,,,,,0,
1768446769853,Sunny,Day,0.05009765625,100.0,-1.0,18.771323999999368,manual,,,,,,0,
1768446769884,Sunny,Day,0.048828125,97.65625,-3.0,24.63901400000168,manual,,,,,,0,
1768446769916,Sunny,Day,0.05048828125,100.0,-1.0,23.72937100000172,manual,,,,,,0,
1768446769947,Sunny,Day,0.04983723958333333,99.67447916666666,-3.0,24.598663000006127,manual,,,,,,0,
1768446769978,Sunny,Day,0.04951171875,99.0234375,-1.0,20.909700999993674,manual,,,,,,0,
1768446770012,Sunny,Day,0.04967447916666667,99.34895833333333,-1.0,25.86112099999127,manual,,,,,,0,
1768446770043,Sunny,Day,0.05068359375,100.0,0.0,24.663207999992665,manual,,,,,,0,
1768446770073,Sunny,Day,0.05113932291666667,100.0,-1.0,23.35375100000192,manual,,,,,,0,
1768446770104,Sunny,Day,0.050032552083333334,100.0,-1.0,24.2684139999767,manual,,,,,,0,
1768446770135,Sunny,Day,0.05035807291666667,100.0,-1.0,22.965048999992632,manual,,,,,,0,
1768446770168,Sunny,Day,0.05016276041666667,100.0,-1.0,23.5810650000019,manual,,,,,,0,
1768446770198,Sunny,Day,0.05133463541666667,100.0,0.0,17.79637199999229,manual,,,,,,0,
1768446770230,Sunny,Day,0.0490234375,98.046875,-1.0,23.920878000012635,manual,,,,,,0,
1768446770262,Sunny,Day,0.04918619791666667,98.37239583333333,-1.0,25.77296100000126,manual,,,,,,0,
1768446770293,Sunny,Day,0.05026041666666667,100.0,-2.0,23.070807999999943,manual,,,,,,0,
1768446770326,Sunny,Day,0.05113932291666667,100.0,-1.0,26.867769999995517,manual,,,,,,0,
1768446770355,Sunny,Day,0.05032552083333333,100.0,-1.0,21.971554000003835,manual,,,,,,0,
1768446770387,Sunny,Day,0.050032552083333334,100.0,-1.0,25.322575000018333,manual,,,,,,0,
1768446770420,Sunny,Day,0.04918619791666667,98.37239583333333,-1.0,26.82158499999332,manual,,,,,,0,
1768446770449,Sunny,Day,0.05035807291666667,100.0,-1.0,22.401201000008086,auto,,,,,,0,
1768446770481,Sunny,Day,0.04931640625,98.6328125,-2.0,24.119080999980724,auto,,,,,,0,
1768446770512,Sunny,Day,0.05172526041666667,100.0,0.0,22.458070999988422,auto,,,,,,0,
1768446770543,Sunny,Day,0.046614583333333334,93.22916666666667,-3.0,20.590838999993366,auto,,,,,,0,
1768446770575,Sunny,Day,0.04736328125,94.7265625,-2.0,22.16771999999878,auto,,,,,,0,
1768446770607,Sunny,Day,0.04485677083333333,89.71354166666666,-3.0,21.976054999981898,auto,,,,,,0,
1768446770639,Sunny,Day,0.04651692708333333,93.03385416666667,-4.0,21.844371000014462,auto,,,,,,0,
1768446770671,Sunny,Day,0.043229166666666666,86.45833333333333,-7.0,22.32470100000228,auto,,,,,,0,
1768446770700,Sunny,Day,0.04267578125,85.3515625,-5.0,19.64764000001651,auto,,,,,,0,
1768446770732,Sunny,Day,0.04290364583333333,85.80729166666666,-5.0,17.124783000014077,auto,,,,,,0,
1768446770765,Sunny,Day,0.040787760416666666,81.57552083333333,-7.0,24.425653999998076,auto,,,,,,0,
1768446770798,Sunny,Day,0.043684895833333334,87.36979166666667,-6.0,25.350981999991973,auto,,,,,,0,
1768446770828,Sunny,Day,0.04241536458333333,84.83072916666666,-5.0,22.94042000002605,auto,,,,,,0,
1768446770857,Sunny,Day,0.04641927083333333,92.83854166666666,-7.0,22.916808999980276,auto,,,,,,0,
1768446770892,Sunny,Day,0.04537760416666667,90.75520833333334,-8.0,26.901436999992256,auto,,,,,,0,
1768446770924,Sunny,Day,0.042805989583333336,85.61197916666667,-9.0,20.589970000003177,auto,,,,,,0,
1768446770955,Sunny,Day,0.044921875,89.84375,-11.0,17.323374000000058,auto,,,,,,0,
1768446770985,Sunny,Day,0.044921875,89.84375,-11.0,16.57693399999971,auto,,,,,,0,
1768446771017,Sunny,Day,0.04869791666666667,97.39583333333333,-11.0,20.747583999991548,auto,,,,,,0,
1768446771048,Sunny,Day,0.049576822916666666,99.15364583333333,-12.0,17.507027999982938,auto,,,,,,0,
1768446771079,Sunny,Day,0.04869791666666667,97.39583333333333,-13.0,19.399945000003527,auto,,,,,,0,
1768446771111,Sunny,Day,0.04827473958333333,96.54947916666666,-13.0,21.07054799998309,auto,,,,,,0,
1768446771142,Sunny,Day,0.0509765625,100.0,-13.0,22.298782000007122,auto,,,,,,0,
1768446771175,Sunny,Day,0.049479166666666664,98.95833333333333,-14.0,24.41893900001446,auto,,,,,,0,
1768446771207,Sunny,Day,0.04833984375,96.6796875,-14.0,19.406519000000344,auto,,,,,,0,
1768446771240,Sunny,Day,0.05016276041666667,100.0,-15.0,20.002607999998645,auto,,,,,,0,
1768446771269,Sunny,Day,0.05071614583333333,100.0,-15.0,19.009224000001268,auto,,,,,,0,
1768446771300,Sunny,Day,0.04993489583333333,99.86979166666667,-16.0,20.557438999986744,auto,,,,,,0,
1768446771331,Sunny,Day,0.04791666666666667,95.83333333333334,-17.0,21.214009000004808,auto,,,,,,0,
1768446771362,Sunny,Day,0.04944661458333333,98.89322916666667,-15.0,21.293361000005007,auto,,,,,,0,
1768446771394,Sunny,Day,0.0515625,100.0,-15.0,21.172102000008408,auto,,,,,,0,
1768446771425,Sunny,Day,0.05032552083333333,100.0,-16.0,17.216232000009768,auto,,,,,,0,
1768446771456,Sunny,Day,0.0484375,96.875,-17.0,18.2696720000024,auto,,,,,,0,
1768446771487,Sunny,Day,0.04921875,98.4375,-16.0,19.81433099999208,auto,,,,,,0,
1768446771519,Sunny,Day,0.050032552083333334,100.0,-16.0,18.382283000022426,auto,,,,,,0,
1768446771550,Sunny,Day,0.048600260416666666,97.20052083333333,-17.0,16.553903000016135,auto,,,,,,0,
1768446771583,Sunny,Day,0.048177083333333336,96.35416666666667,-18.0,21.04743700002132,auto,,,,,,0,
1768446771613,Sunny,Day,0.048502604166666664,97.00520833333333,-18.0,17.407972000000882,auto,,,,,,0,
1768446771646,Sunny,Day,0.05068359375,100.0,-16.0,22.211727000012615,auto,,,,,,0,
1768446771678,Sunny,Day,0.05084635416666667,100.0,-17.0,23.074629999996432,auto,,,,,,0,
1768446771708,Sunny,Day,0.05071614583333333,100.0,-18.0,15.77992400001449,auto,,,,,,0,
1768446771741,Sunny,Day,0.04990234375,99.8046875,-17.0,19.804257999993524,auto,,,,,,0,
1768446771770,Sunny,Day,0.05188802083333333,100.0,-16.0,19.380740999991986,auto,,,,,,0,
1768446771802,Sunny,Day,0.051497395833333334,100.0,-17.0,21.94219199998315,auto,,,,,,0,
1768446771833,Sunny,Day,0.05283203125,100.0,-17.0,20.28801400001612,auto,,,,,,0,
1768446771865,Sunny,Day,0.0517578125,100.0,-18.0,21.75598799999534,auto,,,,,,0,
1768446771897,Sunny,Day,0.05244140625,100.0,-16.0,20.955437000026222,auto,,,,,,0,
1768446771928,Sunny,Day,0.054036458333333336,100.0,-16.0,20.22653299999888,auto,,,,,,0,
1768446771959,Sunny,Day,0.053971354166666666,100.0,-17.0,20.84925200000498,auto,,,,,,0,
1768446771989,Sunny,Day,0.053385416666666664,100.0,-17.0,20.650086999978612,auto,,,,,,0,
1768446772022,Sunny,Day,0.05319010416666667,100.0,-17.0,23.519319000001815,auto,,,,,,0,
1768446772054,Sunny,Day,0.054361979166666664,100.0,-17.0,23.382655000006025,auto,,,,,,0,
1768446772085,Sunny,Day,0.05602213541666667,100.0,-16.0,22.4387140000033,auto,,,,,,0,
1768446772116,Sunny,Day,0.05465494791666667,100.0,-17.0,20.742832999985694,auto,,,,,,0,
1768446772148,Sunny,Day,0.057421875,100.0,-16.0,17.666290999983403,auto,,,,,,0,
1768446772180,Sunny,Day,0.054459635416666666,100.0,-17.0,19.8879300000101,auto,,,,,,0,
1768446772211,Sunny,Day,0.05677083333333333,100.0,-17.0,21.99855000000639,auto,,,,,,0,
1768446772241,Sunny,Day,0.056640625,100.0,-17.0,20.050539999999728,auto,,,,,,0,
1768446772272,Sunny,Day,0.05716145833333333,100.0,-17.0,20.098095000008698,auto,,,,,,0,
1768446772305,Sunny,Day,0.056640625,100.0,-18.0,23.39578400000164,auto,,,,,,0,
1768446772335,Sunny,Day,0.05869140625,100.0,-17.0,18.481676000021707,auto,,,,,,0,
1768446772366,Sunny,Day,0.05755208333333333,100.0,-18.0,21.93305000000123,auto,,,,,,0,
1768446772398,Sunny,Day,0.05559895833333333,100.0,-18.0,21.53434800001719,auto,,,,,,0,
1768446772430,Sunny,Day,0.05748697916666667,100.0,-18.0,16.4662050000004,auto,,,,,,0,
1768446772464,Sunny,Day,0.058430989583333336,100.0,-17.0,21.43301499998529,auto,,,,,,0,
1768446772494,Sunny,Day,0.05725911458333333,100.0,-17.0,19.46920899999327,auto,,,,,,0,
1768446772524,Sunny,Day,0.053873697916666664,100.0,-20.0,20.407594000005247,auto,,,,,,0,
1768446772555,Sunny,Day,0.054427083333333334,100.0,-19.0,20.272779999999102,auto,,,,,,0,
1768446772586,Sunny,Day,0.0564453125,100.0,-18.0,22.040086000004067,auto,,,,,,0,
1768446772620,Sunny,Day,0.058203125,100.0,-17.0,22.93215700001383,auto,,,,,,0,
1768446772651,Sunny,Day,0.05406901041666667,100.0,-20.0,20.064651000012645,auto,,,,,,0,
1768446772683,Sunny,Day,0.05113932291666667,100.0,-20.0,22.029679000013402,auto,,,,,,0,
1768446772713,Sunny,Day,0.05517578125,100.0,-18.0,18.52587999999855,auto,,,,,,0,
1768446772744,Sunny,Day,0.054296875,100.0,-17.0,15.771132999987003,auto,,,,,,0,
1768446772776,Sunny,Day,0.05458984375,100.0,-18.0,17.5196809999818,auto,,,,,,0,
1768446772807,Sunny,Day,0.05283203125,100.0,-18.0,21.936234999998305,auto,,,,,,0,
1768446772840,Sunny,Day,0.053059895833333336,100.0,-17.0,21.44386599999848,auto,,,,,,0,
1768446772872,Sunny,Day,0.05374348958333333,100.0,-16.0,21.342607999997654,auto,,,,,,0,
1768446772902,Sunny,Day,0.05517578125,100.0,-19.0,20.211391000003687,auto,,,,,,0,
1768446772937,Sunny,Day,0.05074869791666667,100.0,-21.0,24.832704000004924,auto,,,,,,0,
1768446772964,Sunny,Day,0.05221354166666667,100.0,-20.0,16.370797000007542,auto,,,,,,0,
1768446772995,Sunny,Day,0.0509765625,100.0,-18.0,19.94724399997949,auto,,,,,,0,
1768446773026,Sunny,Day,0.055859375,100.0,-19.0,19.266345000005458,auto,,,,,,0,
1768446773058,Sunny,Day,0.052571614583333336,100.0,-21.0,22.711090000001377,auto,,,,,,0,
1768446773091,Sunny,Day,0.05325520833333333,100.0,-20.0,23.495531000008896,auto,,,,,,0,
1768446773123,Sunny,Day,0.0548828125,100.0,-19.0,21.384780999994746,auto,,,,,,0,
1768446773154,Sunny,Day,0.0564453125,100.0,-19.0,17.9873129999919,auto,,,,,,0,
1768446773184,Sunny,Day,0.055338541666666664,100.0,-21.0,18.795513000014807,auto,,,,,,0,
1768446773215,Sunny,Day,0.053938802083333334,100.0,-21.0,21.30152199998747,auto,,,,,,0,
1768446773246,Sunny,Day,0.05725911458333333,100.0,-20.0,20.116175000026715,auto,,,,,,0,
1768446773280,Sunny,Day,0.058430989583333336,100.0,-18.0,20.961541999980682,auto,,,,,,0,
1768446773310,Sunny,Day,0.05677083333333333,100.0,-19.0,16.4845420000006,auto,,,,,,0,
1768446773342,Sunny,Day,0.056412760416666666,100.0,-20.0,20.26054399999566,auto,,,,,,0,
1768446773372,Sunny,Day,0.05621744791666667,100.0,-20.0,14.656827999999678,auto,,,,,,0,
1768446773401,Sunny,Day,0.05817057291666667,100.0,-18.0,15.327472999985048,auto,,,,,,0,
1768446773433,Sunny,Day,0.057389322916666666,100.0,-19.0,20.803338999996868,auto,,,,,,0,
1768446773467,Sunny,Day,0.05830078125,100.0,-19.0,26.01913100002662,auto,,,,,,0,
1768446773495,Sunny,Day,0.055501302083333336,100.0,-20.0,17.456723000009333,auto,,,,,,0,
1768446773526,Sunny,Day,0.057942708333333336,100.0,-18.0,22.719978999987234,auto,,,,,,0,
1768446773558,Sunny,Day,0.0595703125,100.0,-18.0,23.93891799999892,auto,,,,,,0,
1768446773589,Sunny,Day,0.058854166666666666,100.0,-18.0,22.566311999980826,auto,,,,,,0,
1768446773623,Sunny,Day,0.05849609375,100.0,-18.0,26.70629499999677,auto,,,,,,0,
1768446773652,Sunny,Day,0.05992838541666667,100.0,-17.0,21.433744000006527,auto,,,,,,0,
1768446773685,Sunny,Day,0.05797526041666667,100.0,-18.0,24.929359000026352,auto,,,,,,0,
1768446773715,Sunny,Day,0.06103515625,100.0,-18.0,22.482646999975486,auto,,,,,,0,
1768446773746,Sunny,Day,0.05719401041666667,100.0,-19.0,24.177546000004213,auto,,,,,,0,
1768446773778,Sunny,Day,0.05791015625,100.0,-18.0,22.350516999978254,auto,,,,,,0,
1768446773809,Sunny,Day,0.059342447916666666,100.0,-18.0,23.778714999991735,auto,,,,,,0,
1768446773840,Sunny,Day,0.058333333333333334,100.0,-19.0,23.806103999987727,auto,,,,,,0,
1768446773874,Sunny,Day,0.05751953125,100.0,-20.0,25.71160900001246,auto,,,,,,0,
1768446773903,Sunny,Day,0.05830078125,100.0,-19.0,21.745881000015288,auto,,,,,,0,
1768446773935,Sunny,Day,0.0580078125,100.0,-19.0,23.880856000005224,auto,,,,,,0,
1768446773966,Sunny,Day,0.056901041666666666,100.0,-19.0,23.73377199998572,auto,,,,,,0,
1768446773998,Sunny,Day,0.056380208333333334,100.0,-21.0,23.85343599999601,auto,,,,,,0,
1768446774029,Sunny,Day,0.0544921875,100.0,-21.0,23.730776000007836,auto,,,,,,0,
1768446774061,Sunny,Day,0.054459635416666666,100.0,-20.0,21.274974000021984,auto,,,,,,0,
1768446774095,Sunny,Day,0.05732421875,100.0,-20.0,23.807977000018354,auto,,,,,,0,
1768446774123,Sunny,Day,0.05699869791666667,100.0,-20.0,21.13873700000113,auto,,,,,,0,
1768446774155,Sunny,Day,0.05504557291666667,100.0,-21.0,23.686373999993293,auto,,,,,,0,
1768446774187,Sunny,Day,0.053938802083333334,100.0,-21.0,21.16409900000349,auto,,,,,,0,
1768446774218,Sunny,Day,0.058430989583333336,100.0,-19.0,22.190963000014108,auto,,,,,,0,
1768446774250,Sunny,Day,0.0568359375,100.0,-18.0,24.562144000014996,auto,,,,,,0,
1768446774282,Sunny,Day,0.05260416666666667,100.0,-20.0,23.541769999980033,auto,,,,,,0,
1768446774313,Sunny,Day,0.05595703125,100.0,-20.0,23.485856999997168,auto,,,,,,0,
1768446774344,Sunny,Day,0.0552734375,100.0,-19.0,23.812031000005618,auto,,,,,,0,
1768446774376,Sunny,Day,0.055338541666666664,100.0,-19.0,23.84910799997897,auto,,,,,,0,
1768446774407,Sunny,Day,0.054459635416666666,100.0,-20.0,24.09395099999756,auto,,,,,,0,
1768446774439,Sunny,Day,0.053938802083333334,100.0,-20.0,24.165723000010075,auto,,,,,,0,
1768446774470,Sunny,Day,0.05390625,100.0,-18.0,23.739514999988387,auto,,,,,,0,
1768446774504,Sunny,Day,0.0580078125,100.0,-17.0,26.634484999988217,auto,,,,,,0,
1768446774534,Sunny,Day,0.056315104166666664,100.0,-19.0,21.807093000006716,auto,,,,,,0,
1768446774565,Sunny,Day,0.051985677083333334,100.0,-19.0,24.18455900001959,auto,,,,,,0,
1768446774597,Sunny,Day,0.0533203125,100.0,-18.0,23.66463699999599,auto,,,,,,0,
1768446774628,Sunny,Day,0.05426432291666667,100.0,-16.0,23.089733999995588,auto,,,,,,0,
1768446774660,Sunny,Day,0.05537109375,100.0,-17.0,23.95144799999116,auto,,,,,,0,
1768446774691,Sunny,Day,0.055013020833333336,100.0,-19.0,23.981959999986202,auto,,,,,,0,
1768446774723,Sunny,Day,0.052734375,100.0,-19.0,22.725518000015654,auto,,,,,,0,
1768446774755,Sunny,Day,0.053450520833333334,100.0,-17.0,24.14685000002237,auto,,,,,,0,
1768446774786,Sunny,Day,0.05608723958333333,100.0,-18.0,23.556160999987696,auto,,,,,,0,
1768446774817,Sunny,Day,0.056380208333333334,100.0,-19.0,24.058269000022392,auto,,,,,,0,
1768446774850,Sunny,Day,0.05791015625,100.0,-19.0,25.547023000001445,auto,,,,,,0,
1768446774881,Sunny,Day,0.056380208333333334,100.0,-19.0,23.247763000000532,auto,,,,,,0,
1768446774913,Sunny,Day,0.06018880208333333,100.0,-17.0,24.316631000004918,auto,,,,,,0,
1768446774944,Sunny,Day,0.05768229166666667,100.0,-19.0,22.570779000005814,auto,,,,,,0,
1768446774975,Sunny,Day,0.056412760416666666,100.0,-20.0,23.5624649999977,auto,,,,,,0,
1768446775006,Sunny,Day,0.05475260416666667,100.0,-18.0,22.93311200000403,auto,,,,,,0,
1768446775038,Sunny,Day,0.055891927083333334,100.0,-18.0,23.31062499999348,auto,,,,,,0,
1768446775069,Sunny,Day,0.0587890625,100.0,-18.0,23.66068699998891,auto,,,,,,0,
1768446775101,Sunny,Day,0.055891927083333334,100.0,-21.0,24.114776000004667,auto,,,,,,0,
1768446775133,Sunny,Day,0.056803385416666664,100.0,-20.0,22.91801100000157,auto,,,,,,0,
1768446775164,Sunny,Day,0.058821614583333334,100.0,-19.0,23.925329000007878,auto,,,,,,0,
1768446775195,Sunny,Day,0.05455729166666667,100.0,-21.0,24.110425999992913,auto,,,,,,0,
1768446775227,Sunny,Day,0.058430989583333336,100.0,-19.0,23.19131599998059,auto,,,,,,0,
1768446775258,Sunny,Day,0.05319010416666667,100.0,-22.0,23.536470000010468,auto,,,,,,0,
1768446775290,Sunny,Day,0.0548828125,100.0,-20.0,23.991973000022426,auto,,,,,,0,
1768446775323,Sunny,Day,0.05654296875,100.0,-19.0,22.527609000007942,auto,,,,,,0,
1768446775355,Sunny,Day,0.05625,100.0,-20.0,24.106820000014295,auto,,,,,,0,
1768446775385,Sunny,Day,0.05126953125,100.0,-22.0,20.275247999990142,auto,,,,,,0,
1768446775419,Sunny,Day,0.05377604166666667,100.0,-19.0,24.862619999993285,auto,,,,,,0,
1768446775448,Sunny,Day,0.05400390625,100.0,-18.0,20.322429000003694,auto,,,,,,0,
1768446775482,Sunny,Day,0.05475260416666667,100.0,-17.0,26.650759999995444,auto,,,,,,0,
1768446775512,Sunny,Day,0.051106770833333336,100.0,-20.0,21.85589000001187,auto,,,,,,0,
1768446775543,Sunny,Day,0.053059895833333336,100.0,-19.0,22.937772000005907,auto,,,,,,0,
1768446775574,Sunny,Day,0.05657552083333333,100.0,-18.0,23.28534199997989,auto,,,,,,0,
1768446775605,Sunny,Day,0.05475260416666667,100.0,-19.0,20.27935599997477,auto,,,,,,0,
1768446775638,Sunny,Day,0.054850260416666664,100.0,-19.0,22.0082510000168,auto,,,,,,0,
1768446775668,Sunny,Day,0.052506510416666666,100.0,-20.0,21.242598999975826,auto,,,,,,0,
1768446775700,Sunny,Day,0.05472005208333333,100.0,-18.0,23.975949000003993,auto,,,,,,0,
1768446775735,Sunny,Day,0.05546875,100.0,-18.0,26.0955420000073,auto,,,,,,0,
1768446775763,Sunny,Day,0.05325520833333333,100.0,-20.0,20.33057099998814,auto,,,,,,0,
1768446775796,Sunny,Day,0.05768229166666667,100.0,-18.0,25.531160000014097,auto,,,,,,0,
1768446775826,Sunny,Day,0.05628255208333333,100.0,-18.0,22.863635999982534,auto,,,,,,0,
1768446775857,Sunny,Day,0.0580078125,100.0,-18.0,23.222602000004144,auto,,,,,,0,
1768446775889,Sunny,Day,0.05673828125,100.0,-19.0,23.732256999977608,auto,,,,,,0,
1768446775922,Sunny,Day,0.05504557291666667,100.0,-20.0,24.12053899999478,auto,,,,,,0,
1768446775952,Sunny,Day,0.058919270833333336,100.0,-18.0,21.240702000000056,auto,,,,,,0,
1768446775985,Sunny,Day,0.06298828125,100.0,-16.0,24.81516099999226,auto,,,,,,0,
1768446776015,Sunny,Day,0.06067708333333333,100.0,-17.0,22.03711800001429,auto,,,,,,0,
1768446776046,Sunny,Day,0.05807291666666667,100.0,-18.0,23.733808999992334,auto,,,,,,0,
1768446776078,Sunny,Day,0.05927734375,100.0,-17.0,24.363196999985348,auto,,,,,,0,
1768446776110,Sunny,Day,0.05895182291666667,100.0,-18.0,23.86909500000911,auto,,,,,,0,
1768446776143,Sunny,Day,0.06005859375,100.0,-18.0,25.617175999997244,auto,,,,,,0,
1768446776173,Sunny,Day,0.05927734375,100.0,-20.0,22.428587000007383,auto,,,,,,0,
1768446776204,Sunny,Day,0.05725911458333333,100.0,-20.0,24.03305799998634,auto,,,,,,0,
1768446776237,Sunny,Day,0.056640625,100.0,-20.0,21.267368999986047,auto,,,,,,0,
1768446776267,Sunny,Day,0.06057942708333333,100.0,-18.0,22.25096300000473,auto,,,,,,0,
1768446776299,Sunny,Day,0.05921223958333333,100.0,-19.0,24.074522000006482,auto,,,,,,0,
1768446776330,Sunny,Day,0.05481770833333333,100.0,-22.0,23.942061000013837,auto,,,,,,0,
1768446776362,Sunny,Day,0.047688802083333336,95.37760416666667,-24.0,24.169868000001316,auto,,,,,,0,
1768446776393,Sunny,Day,0.05218098958333333,100.0,-22.0,23.809172999989414,auto,,,,,,0,
1768446776425,Sunny,Day,0.05221354166666667,100.0,-23.0,23.877494000004162,auto,,,,,,0,
1768446776456,Sunny,Day,0.051009114583333334,100.0,-22.0,24.202633999976797,auto,,,,,,0,
1768446776488,Sunny,Day,0.04912109375,98.2421875,-21.0,24.448876999997537,auto,,,,,,0,
1768446776520,Sunny,Day,0.04876302083333333,97.52604166666666,-21.0,20.39382099999898,auto,,,,,,0,
1768446776554,Sunny,Day,0.05126953125,100.0,-20.0,23.945945999997775,auto,,,,,,0,
1768446776583,Sunny,Day,0.049153645833333336,98.30729166666667,-21.0,20.65251600001261,auto,,,,,,0,
1768446776615,Sunny,Day,0.049609375,99.21875,-21.0,24.39748700001587,auto,,,,,,0,
1768446776645,Sunny,Day,0.04755859375,95.1171875,-19.0,21.626854000004414,auto,,,,,,0,
1768446776677,Sunny,Day,0.0521484375,100.0,-19.0,21.396948000017346,auto,,,,,,0,
1768446776708,Sunny,Day,0.05162760416666667,100.0,-19.0,23.938548999979048,auto,,,,,,0,
1768446776740,Sunny,Day,0.04934895833333333,98.69791666666666,-20.0,23.024872999997115,auto,,,,,,0,
1768446776774,Sunny,Day,0.0419921875,83.984375,-22.0,23.717916999999034,auto,,,,,,0,
1768446776805,Sunny,Day,0.0490234375,98.046875,-18.0,23.02526399998328,auto,,,,,,0,
1768446776835,Sunny,Day,0.050032552083333334,100.0,-19.0,22.461149000008618,auto,,,,,,0,
1768446776866,Sunny,Day,0.0490234375,98.046875,-22.0,23.56116600000746,auto,,,,,,0,
1768446776898,Sunny,Day,0.047526041666666664,95.05208333333333,-20.0,24.462722999999187,auto,,,,,,0,
1768446776931,Sunny,Day,0.05302734375,100.0,-18.0,21.52662200001032,auto,,,,,,0,
1768446776963,Sunny,Day,0.05374348958333333,100.0,-17.0,24.599921999993057,auto,,,,,,0,
1768446776992,Sunny,Day,0.05406901041666667,100.0,-17.0,21.220773999999665,auto,,,,,,0,
1768446777024,Sunny,Day,0.04645182291666667,92.90364583333334,-20.0,21.294511999997212,auto,,,,,,0,
1768446777057,Sunny,Day,0.05029296875,100.0,-19.0,23.609758999981523,auto,,,,,,0,
1768446777087,Sunny,Day,0.05413411458333333,100.0,-16.0,22.206663999980947,auto,,,,,,0,
1768446777118,Sunny,Day,0.053483072916666666,100.0,-19.0,23.933979000020145,auto,,,,,,0,
1768446777150,Sunny,Day,0.051009114583333334,100.0,-19.0,23.898245999987466,auto,,,,,,0,
1768446777181,Sunny,Day,0.04895833333333333,97.91666666666667,-18.0,24.215050999998766,auto,,,,,,0,
1768446777213,Sunny,Day,0.05279947916666667,100.0,-18.0,23.85836800002039,auto,,,,,,0,
1768446777246,Sunny,Day,0.054427083333333334,100.0,-18.0,25.55689900000857,auto,,,,,,0,
1768446777276,Sunny,Day,0.051985677083333334,100.0,-19.0,22.587725999983377,auto,,,,,,0,
1768446777307,Sunny,Day,0.051432291666666664,100.0,-19.0,23.51064200001929,auto,,,,,,0,
1768446777339,Sunny,Day,0.05231119791666667,100.0,-17.0,19.874280000010458,auto,,,,,,0,
1768446777373,Sunny,Day,0.056966145833333336,100.0,-18.0,26.724762999975837,auto,,,,,,0,
1768446777402,Sunny,Day,0.053385416666666664,100.0,-19.0,21.15612699998337,auto,,,,,,0,
1768446777433,Sunny,Day,0.0517578125,100.0,-21.0,23.52424399998654,auto,,,,,,0,
1768446777465,Sunny,Day,0.05188802083333333,100.0,-19.0,23.035350000014887,auto,,,,,,0,
1768446777496,Sunny,Day,0.05563151041666667,100.0,-18.0,21.097463000018024,auto,,,,,,0,
1768446777528,Sunny,Day,0.054361979166666664,100.0,-19.0,24.788381000007575,auto,,,,,,0,
1768446777560,Sunny,Day,0.05276692708333333,100.0,-20.0,22.80355700000314,auto,,,,,,0,
1768446777591,Sunny,Day,0.052018229166666666,100.0,-20.0,23.62202300000149,auto,,,,,,0,
1768446777622,Sunny,Day,0.05706380208333333,100.0,-18.0,23.866134999991573,auto,,,,,,0,
1768446777654,Sunny,Day,0.057356770833333334,100.0,-18.0,24.114930999985518,auto,,,,,,0,
1768446777686,Sunny,Day,0.05458984375,100.0,-18.0,24.679044999999178,auto,,,,,,0,
1768446777717,Sunny,Day,0.05091145833333333,100.0,-21.0,23.411506999991616,auto,,,,,,0,
1768446777748,Sunny,Day,0.05625,100.0,-18.0,23.92784700001016,auto,,,,,,0,
1768446777782,Sunny,Day,0.05546875,100.0,-17.0,25.93327900001441,auto,,,,,,0,
1768446777811,Sunny,Day,0.055859375,100.0,-19.0,21.31803200001059,auto,,,,,,0,
1768446777843,Sunny,Day,0.04755859375,95.1171875,-21.0,24.000205000021424,auto,,,,,,0,
1768446777874,Sunny,Day,0.047591145833333334,95.18229166666667,-18.0,23.684625000015558,auto,,,,,,0,
1768446777906,Sunny,Day,0.0509765625,100.0,-17.0,23.167766000000256,auto,,,,,,0,
1768446777939,Sunny,Day,0.05234375,100.0,-18.0,25.31012899999041,auto,,,,,,0,
1768446777969,Sunny,Day,0.049609375,99.21875,-19.0,22.785736999992423,auto,,,,,,0,
1768446778000,Sunny,Day,0.043131510416666664,86.26302083333333,-18.0,23.956368999989763,auto,,,,,,0,
1768446778034,Sunny,Day,0.050520833333333334,100.0,-15.0,25.434645999979466,auto,,,,,,0,
1768446778063,Sunny,Day,0.05478515625,100.0,-18.0,21.727971000018442,auto,,,,,,0,
1768446778095,Sunny,Day,0.051985677083333334,100.0,-20.0,23.813048999983266,auto,,,,,,0,
1768446778128,Sunny,Day,0.05048828125,100.0,-19.0,25.397247999990213,auto,,,,,,0,
1768446778159,Sunny,Day,0.04443359375,88.8671875,-16.0,23.048259999995935,auto,,,,,,0,
1768446778192,Sunny,Day,0.0509765625,100.0,-17.0,24.547461999986808,auto,,,,,,0,
1768446778221,Sunny,Day,0.056640625,100.0,-19.0,20.423138000012386,auto,,,,,,0,
1768446778252,Sunny,Day,0.05716145833333333,100.0,-19.0,22.928501999984974,auto,,,,,,0,
1768446778284,Sunny,Day,0.060774739583333334,100.0,-18.0,19.636445000003278,auto,,,,,,0,
1768446778315,Sunny,Day,0.05904947916666667,100.0,-18.0,18.077105000003257,auto,,,,,,0,
1768446778347,Sunny,Day,0.05703125,100.0,-19.0,24.02241100000424,auto,,,,,,0,
1768446778379,Sunny,Day,0.058821614583333334,100.0,-19.0,24.21408700001848,auto,,,,,,0,
1768446778414,Sunny,Day,0.05625,100.0,-18.0,22.65413400002103,auto,,,,,,0,
1768446778446,Sunny,Day,0.06067708333333333,100.0,-17.0,21.13161600001945,auto,,,,,,0,
1768446778478,Sunny,Day,0.056868489583333334,100.0,-18.0,20.508860000006734,auto,,,,,,0,
1768446778510,Sunny,Day,0.059407552083333336,100.0,-17.0,16.865483000003678,auto,,,,,,0,
1768446778538,Sunny,Day,0.05270182291666667,100.0,-20.0,19.06901700002095,auto,,,,,,0,
1768446778569,Sunny,Day,0.06100260416666667,100.0,-17.0,17.764966000015647,auto,,,,,,0,
1768446778604,Sunny,Day,0.06018880208333333,100.0,-18.0,21.33560900000475,auto,,,,,,0,
1768446778633,Sunny,Day,0.054915364583333334,100.0,-20.0,18.882433000015908,auto,,,,,,0,
1768446778665,Sunny,Day,0.05244140625,100.0,-20.0,22.80192599999964,auto,,,,,,0,
1768446778699,Sunny,Day,0.05419921875,100.0,-18.0,23.879411999985223,auto,,,,,,0,
1768446778727,Sunny,Day,0.05524088541666667,100.0,-18.0,14.332994000000099,auto,,,,,,0,
1768446778760,Sunny,Day,0.05768229166666667,100.0,-19.0,23.6544619999961,auto,,,,,,0,
1768446778791,Sunny,Day,0.05511067708333333,100.0,-20.0,21.236547999990307,auto,,,,,,0,
1768446778822,Sunny,Day,0.05400390625,100.0,-18.0,21.730998999998974,auto,,,,,,0,
1768446778854,Sunny,Day,0.05537109375,100.0,-19.0,23.061153000014656,auto,,,,,,0,
1768446778884,Sunny,Day,0.058984375,100.0,-19.0,19.853834000002735,auto,,,,,,0,
1768446778916,Sunny,Day,0.055826822916666664,100.0,-20.0,22.07239900002378,auto,,,,,,0,
1768446778950,Sunny,Day,0.050455729166666664,100.0,-19.0,23.511294999991605,auto,,,,,,0,
1768446778979,Sunny,Day,0.055436197916666666,100.0,-19.0,19.23905000001014,auto,,,,,,0,
1768446779014,Sunny,Day,0.05725911458333333,100.0,-17.0,23.608039999999164,auto,,,,,,0,
1768446779042,Sunny,Day,0.056380208333333334,100.0,-20.0,18.611383000006754,auto,,,,,,0,
1768446779074,Sunny,Day,0.05,100.0,-20.0,17.22554799999898,auto,,,,,,0,
1768446779106,Sunny,Day,0.04736328125,94.7265625,-17.0,22.6202470000203,auto,,,,,,0,
1768446779140,Sunny,Day,0.050390625,100.0,-19.0,22.773123000007445,auto,,,,,,0,
1768446779169,Sunny,Day,0.04928385416666667,98.56770833333334,-19.0,19.26958299998205,auto,,,,,,0,
1768446779200,Sunny,Day,0.05126953125,100.0,-20.0,19.19230900000457,auto,,,,,,0,
1768446779231,Sunny,Day,0.04619140625,92.3828125,-19.0,20.07714799998439,auto,,,,,,0,
1768446779264,Sunny,Day,0.04889322916666667,97.78645833333334,-17.0,23.314335000009123,auto,,,,,,0,
1768446779294,Sunny,Day,0.05169270833333333,100.0,-17.0,20.636582999998154,auto,,,,,,0,
1768446779326,Sunny,Day,0.049479166666666664,98.95833333333333,-19.0,21.468685000002097,auto,,,,,,0,
1768446779359,Sunny,Day,0.04453125,89.0625,-17.0,23.42599199999995,auto,,,,,,0,
1768446779389,Sunny,Day,0.048828125,97.65625,-18.0,19.25821400001837,auto,,,,,,0,
1768446779421,Sunny,Day,0.05211588541666667,100.0,-17.0,22.569629999992458,auto,,,,,,0,
1768446779452,Sunny,Day,0.0482421875,96.484375,-18.0,18.699486000002707,auto,,,,,,0,
1768446779483,Sunny,Day,0.04365234375,87.3046875,-18.0,20.68744199999628,auto,,,,,,0,
1768446779515,Sunny,Day,0.047623697916666666,95.24739583333333,-17.0,17.850460999994766,auto,,,,,,0,
1768446779546,Sunny,Day,0.05211588541666667,100.0,-17.0,19.489961000004996,auto,,,,,,0,
1768446779577,Sunny,Day,0.04973958333333333,99.47916666666666,-18.0,21.96401599999831,auto,,,,,,0,
1768446779609,Sunny,Day,0.039713541666666664,79.42708333333333,-20.0,19.258845999985397,auto,,,,,,0,
1768446779640,Sunny,Day,0.04674479166666667,93.48958333333333,-15.0,19.138738000009425,auto,,,,,,0,
1768446779672,Sunny,Day,0.04869791666666667,97.39583333333333,-15.0,21.89027199997895,auto,,,,,,0,
1768446779703,Sunny,Day,0.05325520833333333,100.0,-17.0,22.34282399999188,auto,,,,,,0,
1768446779735,Sunny,Day,0.046126302083333334,92.25260416666667,-17.0,21.77478899997709,auto,,,,,,0,
1768446779767,Sunny,Day,0.03802083333333333,76.04166666666666,-19.0,22.7823360000059,auto,,,,,,0,
1768446779799,Sunny,Day,0.04453125,89.0625,-15.0,18.56488900000386,auto,,,,,,0,
1768446779831,Sunny,Day,0.05107421875,100.0,-16.0,21.660772999979372,auto,,,,,,0,
1768446779861,Sunny,Day,0.046061197916666664,92.12239583333333,-18.0,19.802381000005198,auto,,,,,,0,
1768446779893,Sunny,Day,0.046614583333333334,93.22916666666667,-13.0,22.072365999974863,auto,,,,,,0,
1768446779924,Sunny,Day,0.04397786458333333,87.95572916666666,-13.0,19.832250000007434,auto,,,,,,0,
1768446779957,Sunny,Day,0.04892578125,97.8515625,-15.0,20.215812999992977,auto,,,,,,0,
1768446779987,Sunny,Day,0.04059244791666667,81.18489583333334,-17.0,20.528157999990526,auto,,,,,,0,
1768446780019,Sunny,Day,0.042317708333333336,84.63541666666667,-16.0,22.013409999999567,auto,,,,,,0,
1768446780050,Sunny,Day,0.04283854166666667,85.67708333333333,-14.0,15.91175199999384,auto,,,,,,0,
1768446780082,Sunny,Day,0.04521484375,90.4296875,-16.0,21.949864999982083,auto,,,,,,0,
1768446780115,Sunny,Day,0.046647135416666666,93.29427083333333,-18.0,22.878352999981644,auto,,,,,,0,
1768446780146,Sunny,Day,0.04150390625,83.0078125,-17.0,20.50565999999776,auto,,,,,,0,
1768446780176,Sunny,Day,0.04283854166666667,85.67708333333333,-16.0,19.453777999984823,auto,,,,,,0,
1768446780209,Sunny,Day,0.05162760416666667,100.0,-19.0,22.767790999978388,auto,,,,,,0,
1768446780241,Sunny,Day,0.055436197916666666,100.0,-20.0,21.49023699999475,auto,,,,,,0,
1768446780271,Sunny,Day,0.052571614583333336,100.0,-20.0,19.05144500000233,auto,,,,,,0,
1768446780302,Sunny,Day,0.051041666666666666,100.0,-18.0,21.246714999989535,auto,,,,,,0,
1768446780335,Sunny,Day,0.05380859375,100.0,-16.0,22.134084000015264,auto,,,,,,0,
1768446780365,Sunny,Day,0.054459635416666666,100.0,-22.0,20.248118000012028,auto,,,,,,0,
1768446780396,Sunny,Day,0.05462239583333333,100.0,-23.0,19.637662999997474,auto,,,,,,0,
1768446780428,Sunny,Day,0.04788411458333333,95.76822916666666,-22.0,22.120991000008416,auto,,,,,,0,
1768446780460,Sunny,Day,0.0533203125,100.0,-21.0,17.566957000013872,auto,,,,,,0,
1768446780491,Sunny,Day,0.05462239583333333,100.0,-20.0,21.578324999978804,auto,,,,,,0,
1768446780524,Sunny,Day,0.057389322916666666,100.0,-21.0,23.464588000024378,auto,,,,,,0,
1768446780555,Sunny,Day,0.043619791666666664,87.23958333333333,-25.0,20.722157999983892,auto,,,,,,0,
1768446780585,Sunny,Day,0.0400390625,80.078125,-27.0,20.346848000002637,auto,,,,,,0,
1768446780617,Sunny,Day,0.04241536458333333,84.83072916666666,-21.0,22.12334899999746,auto,,,,,,0,
1768446780648,Sunny,Day,0.0453125,90.625,-23.0,18.215633000011167,auto,,,,,,0,
1768446780679,Sunny,Day,0.039811197916666666,79.62239583333333,-23.0,19.36622700000612,auto,,,,,,0,
1768446780711,Sunny,Day,0.040266927083333334,80.53385416666667,-25.0,22.203415000007,auto,,,,,,0,
1768446780743,Sunny,Day,0.03837890625,76.7578125,-23.0,21.879196999975647,auto,,,,,,0,
1768446780774,Sunny,Day,0.04098307291666667,81.96614583333334,-21.0,22.084903999996186,auto,,,,,,0,
1768446780805,Sunny,Day,0.03893229166666667,77.86458333333333,-22.0,21.727182999995875,auto,,,,,,0,
1768446780838,Sunny,Day,0.0505859375,100.0,-18.0,23.416449999984934,auto,,,,,,0,
1768446780869,Sunny,Day,0.05084635416666667,100.0,-21.0,20.391606999993428,auto,,,,,,0,
1768446780901,Sunny,Day,0.05511067708333333,100.0,-16.0,20.075710000014624,auto,,,,,,0,
1768446780933,Sunny,Day,0.05328776041666667,100.0,-18.0,21.3338570000019,auto,,,,,,0,
1768446780964,Sunny,Day,0.054459635416666666,100.0,-18.0,20.997326000014027,auto,,,,,,0,
1768446780995,Sunny,Day,0.04827473958333333,96.54947916666666,-20.0,21.435318000015968,auto,,,,,,0,
1768446781026,Sunny,Day,0.053059895833333336,100.0,-29.0,21.602953000012803,auto,,,,,,0,
1768446781057,Sunny,Day,0.05667317708333333,100.0,-14.0,20.68870099998321,auto,,,,,,0,
1768446781089,Sunny,Day,0.053483072916666666,100.0,-18.0,19.585022000001118,auto,,,,,,0,
1768446781122,Sunny,Day,0.04697265625,93.9453125,-19.0,23.624707999999828,auto,,,,,,0,
1768446781153,Sunny,Day,0.05465494791666667,100.0,-12.0,21.685364000006757,auto,,,,,,0,
1768446781184,Sunny,Day,0.05328776041666667,100.0,-12.0,20.784222999992608,auto,,,,,,0,
1768446781215,Sunny,Day,0.051953125,100.0,-15.0,21.439576999995325,auto,,,,,,0,
1768446781247,Sunny,Day,0.04404296875,88.0859375,-17.0,22.607915000008916,auto,,,,,,0,
1768446781278,Sunny,Day,0.04039713541666667,80.79427083333333,-16.0,20.684597000013127,auto,,,,,,0,
1768446781310,Sunny,Day,0.04456380208333333,89.12760416666667,-16.0,21.45053399999597,auto,,,,,,0,
1768446781342,Sunny,Day,0.04934895833333333,98.69791666666666,-20.0,21.303556000020762,auto,,,,,,0,
1768446781373,Sunny,Day,0.04830729166666667,96.61458333333334,-20.0,20.891758000004756,auto,,,,,,0,
1768446781404,Sunny,Day,0.04501953125,90.0390625,-19.0,20.73865299999511,auto,,,,,,0,
1768446781436,Sunny,Day,0.04716796875,94.3359375,-18.0,20.654050000018742,auto,,,,,,0,
1768446781468,Sunny,Day,0.04505208333333333,90.10416666666667,-18.0,21.82979700000942,auto,,,,,,0,
1768446781499,Sunny,Day,0.03948567708333333,78.97135416666666,-19.0,18.070474000012382,auto,,,,,,0,
1768446781532,Sunny,Day,0.04059244791666667,81.18489583333334,-28.0,23.35580199999754,auto,,,,,,0,
1768446781563,Sunny,Day,0.03447265625,68.9453125,-23.0,21.091084000005367,auto,,,,,,0,
1768446781593,Sunny,Day,0.04235026041666667,84.70052083333333,-19.0,20.539458000001787,auto,,,,,,0,
1768446781625,Sunny,Day,0.036783854166666664,73.56770833333333,-23.0,22.18681499999775,auto,,,,,,0,
1768446781658,Sunny,Day,0.03408203125,68.1640625,-27.0,21.39265299999238,auto,,,,,,0,
1768446781689,Sunny,Day,0.031901041666666664,63.80208333333333,-11.0,20.890199000007215,auto,,,,,,0,
1768446781719,Sunny,Day,0.032389322916666664,64.77864583333333,-9.0,20.109572999984948,auto,,,,,,0,
1768446781753,Sunny,Day,0.030859375,61.71875,-8.0,24.69834100000412,auto,,,,,,0,
1768446781783,Sunny,Day,0.03258463541666667,65.16927083333333,-24.0,20.166748999997708,auto,,,,,,0,
1768446781813,Sunny,Day,0.026725260416666667,53.450520833333336,-7.0,20.841602999979614,auto,,,,,,0,
1768446781845,Sunny,Day,0.028776041666666665,57.55208333333333,-7.0,21.80103300000269,auto,,,,,,0,
1768446781878,Sunny,Day,0.028743489583333334,57.486979166666664,-25.0,20.0153890000081,auto,,,,,,0,
1768446781909,Sunny,Day,0.028515625,57.03125,-24.0,21.931929999993827,auto,,,,,,0,
1768446781940,Sunny,Day,0.028385416666666666,56.770833333333336,-24.0,19.722566000012876,auto,,,,,,0,
1768446781971,Sunny,Day,0.027311197916666665,54.62239583333333,-8.0,21.38152899999568,auto,,,,,,0,
1768446782003,Sunny,Day,0.027115885416666666,54.23177083333333,-6.0,21.813028999986273,auto,,,,,,0,
1768446782034,Sunny,Day,0.030989583333333334,61.97916666666667,-24.0,21.24435300001437,auto,,,,,,0,
1768446782066,Sunny,Day,0.0263671875,52.734375,-7.0,22.019483000008222,auto,,,,,,0,
1768446782097,Sunny,Day,0.026627604166666666,53.25520833333333,-7.0,21.529428999997435,auto,,,,,,0,
1768446782128,Sunny,Day,0.02451171875,49.0234375,-7.0,21.727110000000494,auto,,,,,,0,
1768446782160,Sunny,Day,0.030403645833333333,60.807291666666664,-7.0,16.60670800001185,auto,,,,,,0,
1768446782191,Sunny,Day,0.025358072916666665,50.71614583333333,-6.0,21.156292000000576,auto,,,,,,0,
1768446782223,Sunny,Day,0.026041666666666668,52.083333333333336,-6.0,22.359980000004498,auto,,,,,,0,
1768446782255,Sunny,Day,0.025130208333333334,50.26041666666667,-7.0,21.82568099999571,auto,,,,,,0,
1768446782288,Sunny,Day,0.027213541666666667,54.427083333333336,-25.0,21.394578000013098,auto,,,,,,0,
1768446782317,Sunny,Day,0.027018229166666668,54.036458333333336,-24.0,15.626322999992226,auto,,,,,,0,
1768446782349,Sunny,Day,0.02587890625,51.7578125,-7.0,20.952092999976912,auto,,,,,,0,
1768446782379,Sunny,Day,0.021419270833333334,42.838541666666664,-6.0,19.343573000014658,auto,,,,,,0,
1768446782411,Sunny,Day,0.024641927083333334,49.28385416666667,-7.0,20.83081399999287,auto,,,,,,0,
1768446782442,Sunny,Day,0.02412109375,48.2421875,-5.0,22.59926900001119,auto,,,,,,0,
1768446782475,Sunny,Day,0.02470703125,49.4140625,-5.0,22.574724000008928,auto,,,,,,0,
1768446782507,Sunny,Day,0.021419270833333334,42.838541666666664,-4.0,19.966415999988385,auto,,,,,,0,
1768446782539,Sunny,Day,0.028645833333333332,57.291666666666664,-7.0,21.71957199999497,auto,,,,,,0,
1768446782569,Sunny,Day,0.029427083333333333,58.854166666666664,-6.0,19.464405999997325,auto,,,,,,0,
1768446782602,Sunny,Day,0.0279296875,55.859375,-8.0,21.925051000010853,auto,,,,,,0,
1768446782632,Sunny,Day,0.023958333333333335,47.91666666666667,-7.0,17.5606170000151,auto,,,,,,0,
1768446782663,Sunny,Day,0.023567708333333333,47.135416666666664,-8.0,20.26283600000056,auto,,,,,,0,
1768446782696,Sunny,Day,0.025846354166666665,51.69270833333333,-24.0,20.573347999999214,auto,,,,,,0,
1768446782726,Sunny,Day,0.02509765625,50.1953125,-9.0,16.029204999995272,auto,,,,,,0,
1768446782758,Sunny,Day,0.025911458333333335,51.82291666666667,-12.0,21.267450999999937,auto,,,,,,0,
1768446782789,Sunny,Day,0.024479166666666666,48.958333333333336,-12.0,21.688769000007824,auto,,,,,,0,
1768446782821,Sunny,Day,0.02412109375,48.2421875,-26.0,20.961284000009073,auto,,,,,,0,
1768446782855,Sunny,Day,0.025618489583333334,51.23697916666667,-28.0,24.43083299999671,auto,,,,,,0,
1768446782885,Sunny,Day,0.0279296875,55.859375,-31.0,17.038275000004433,auto,,,,,,0,
1768446782917,Sunny,Day,0.021061197916666666,42.122395833333336,-14.0,15.002587999987327,auto,,,,,,0,
1768446782947,Sunny,Day,0.021451822916666665,42.90364583333333,-29.0,17.875696000004382,auto,,,,,,0,
1768446782980,Sunny,Day,0.0181640625,36.328125,-14.0,21.738993000013807,auto,,,,,,0,
1768446783010,Sunny,Day,0.018815104166666666,37.63020833333333,-12.0,19.140835000001744,auto,,,,,,0,
1768446783041,Sunny,Day,0.017122395833333335,34.24479166666667,-12.0,21.150921000014478,auto,,,,,,0,
1768446783074,Sunny,Day,0.020572916666666666,41.145833333333336,-14.0,23.237999000002674,auto,,,,,,0,
1768446783104,Sunny,Day,0.02265625,45.3125,-14.0,16.868923999993513,auto,,,,,,0,
1768446783136,Sunny,Day,0.02216796875,44.3359375,-16.0,22.04371799999194,auto,,,,,,0,
1768446783167,Sunny,Day,0.020833333333333332,41.666666666666664,-16.0,20.699175999993713,auto,,,,,,0,
1768446783198,Sunny,Day,0.0189453125,37.890625,-16.0,21.169244000020626,auto,,,,,,0,
1768446783231,Sunny,Day,0.020182291666666668,40.364583333333336,-17.0,19.0956799999924,auto,,,,,,0,
1768446783262,Sunny,Day,0.02119140625,42.3828125,-19.0,19.400265000001582,auto,,,,,,0,
1768446783295,Sunny,Day,0.018977864583333334,37.955729166666664,-19.0,20.942257999990943,auto,,,,,,0,
1768446783326,Sunny,Day,0.018717447916666668,37.434895833333336,-19.0,19.53099599998609,auto,,,,,,0,
1768446783356,Sunny,Day,0.02109375,42.1875,-21.0,19.015092999978833,auto,,,,,,0,
1768446783388,Sunny,Day,0.019889322916666667,39.778645833333336,-21.0,22.378005000007306,auto,,,,,,0,
1768446783418,Sunny,Day,0.018782552083333334,37.56510416666667,-21.0,20.566571000017575,auto,,,,,,0,
1768446783450,Sunny,Day,0.016959635416666667,33.919270833333336,-21.0,18.3016269999996,auto,,,,,,0,
1768446783482,Sunny,Day,0.016145833333333335,32.29166666666667,-23.0,22.590473999997585,auto,,,,,,0,
1768446783513,Sunny,Day,0.018587239583333335,37.17447916666667,-23.0,17.424591999997574,auto,,,,,,0,
1768446783547,Sunny,Day,0.020833333333333332,41.666666666666664,-24.0,21.492690000002312,auto,,,,,,0,
1768446783577,Sunny,Day,0.015625,31.25,-24.0,19.247944999989386,auto,,,,,,0,
1768446783609,Sunny,Day,0.015201822916666666,30.403645833333332,-24.0,18.79423200000474,auto,,,,,,0,
1768446783641,Sunny,Day,0.016861979166666666,33.72395833333333,-24.0,21.63836500000116,auto,,,,,,0,
1768446783671,Sunny,Day,0.016796875,33.59375,-25.0,19.960221999980376,auto,,,,,,0,
1768446783702,Sunny,Day,0.014518229166666667,29.036458333333336,,20.51453400000014,auto,none,,13,0,0.0,1,area_filtered
1768446783737,Sunny,Day,0.015201822916666666,30.403645833333332,-24.0,22.464162999995096,auto,,,,,,0,
1768446783767,Sunny,Day,0.016178385416666666,32.356770833333336,,19.378137000018114,auto,none,,10,0,0.0,1,area_filtered
1768446783798,Sunny,Day,0.015201822916666666,30.403645833333332,-25.0,20.402220999983456,auto,,,,,,0,
1768446783829,Sunny,Day,0.013932291666666667,27.864583333333336,,22.23840199999927,auto,none,,7,0,0.0,1,area_filtered
1768446783860,Sunny,Day,0.0123046875,24.609375,-25.0,21.395951000016566,auto,,,,,,0,
1768446783889,Sunny,Day,0.013444010416666667,26.888020833333336,-25.0,21.484447999995382,auto,,,,,,0,
1768446783921,Sunny,Day,0.013932291666666667,27.864583333333336,-25.0,23.16925499999911,auto,,,,,,0,
1768446783952,Sunny,Day,0.013248697916666666,26.497395833333332,-25.0,17.29551400001128,auto,,,,,,0,
1768446783983,Sunny,Day,0.0126953125,25.390625,,23.02211400001397,auto,none,,10,0,0.0,1,area_filtered
1768446784015,Sunny,Day,0.011002604166666667,22.005208333333336,,23.84822500002315,auto,none,,6,0,0.0,1,area_filtered
1768446784048,Sunny,Day,0.013444010416666667,26.888020833333336,,25.550344999999197,auto,none,,13,0,0.0,1,area_filtered
1768446784078,Sunny,Day,0.0125,25.0,-28.0,22.257889999991676,auto,,,,,,0,
1768446784109,Sunny,Day,0.01318359375,26.3671875,,23.358839999986003,auto,none,,15,0,0.0,1,area_filtered
1768446784141,Sunny,Day,0.010026041666666667,20.052083333333336,-30.0,21.447249999994256,auto,,,,,,0,
1768446784174,Sunny,Day,0.009049479166666667,18.098958333333336,-29.0,25.34362000000101,auto,,,,,,0,
1768446784203,Sunny,Day,0.011100260416666667,22.200520833333336,-32.0,21.70908599998711,auto,,,,,,0,
1768446784236,Sunny,Day,0.008951822916666666,17.903645833333332,-31.0,24.76903300001254,auto,,,,,,0,
1768446784267,Sunny,Day,0.006608072916666667,13.216145833333334,-34.0,23.002448999989156,auto,,,,,,0,
1768446784298,Sunny,Day,0.0078125,15.625,-32.0,24.086934999985488,auto,,,,,,0,
1768446784329,Sunny,Day,0.008984375,17.96875,-32.0,23.75409900000136,auto,,,,,,0,
1768446784361,Sunny,Day,0.006673177083333333,13.346354166666666,,24.493033999988256,auto,none,,9,0,0.0,1,area_filtered
1768446784392,Sunny,Day,0.0048177083333333336,9.635416666666668,,23.717755000006946,auto,none,,7,0,0.0,1,area_filtered
1768446784424,Sunny,Day,0.006510416666666667,13.020833333333334,,24.055656999991015,auto,none,,6,0,0.0,1,area_filtered
1768446784456,Sunny,Day,0.009309895833333333,18.619791666666668,-30.0,23.68126199999665,auto,,,,,,0,
1768446784490,Sunny,Day,0.011295572916666666,22.591145833333332,-31.0,20.79011800000785,auto,,,,,,0,
1768446784518,Sunny,Day,0.008268229166666667,16.536458333333332,-29.0,20.813171999975566,auto,,,,,,0,
1768446784551,Sunny,Day,0.007486979166666667,14.973958333333334,,25.315089999992324,auto,none,,12,0,0.0,1,area_filtered
1768446784581,Sunny,Day,0.00908203125,18.1640625,-31.0,22.238937999986774,auto,,,,,,0,
1768446784614,Sunny,Day,0.007877604166666666,15.755208333333332,,24.310049999996863,auto,none,,8,0,0.0,1,area_filtered
1768446784644,Sunny,Day,0.00791015625,15.8203125,,21.383693999979414,auto,none,,10,0,0.0,1,area_filtered
1768446784676,Sunny,Day,0.0087890625,17.578125,,24.44703800000525,auto,none,,10,0,0.0,1,area_filtered
1768446784707,Sunny,Day,0.012434895833333333,24.869791666666664,-28.0,22.940321999982416,auto,,,,,,0,
1768446784739,Sunny,Day,0.01396484375,27.9296875,-29.0,24.21345300001576,auto,,,,,,0,
1768446784771,Sunny,Day,0.01103515625,22.0703125,-30.0,23.772753999992347,auto,,,,,,0,
1768446784802,Sunny,Day,0.0080078125,16.015625,,21.82498700000224,auto,none,,12,0,0.0,1,area_filtered
1768446784833,Sunny,Day,0.00634765625,12.6953125,,23.474684999996498,auto,none,,13,0,0.0,1,area_filtered
1768446784865,Sunny,Day,0.00791015625,15.8203125,,23.754042999996727,auto,none,,17,0,0.0,1,area_filtered
1768446784898,Sunny,Day,0.005826822916666667,11.653645833333334,,19.041836000013745,auto,none,,18,0,0.0,1,area_filtered
1768446784927,Sunny,Day,0.004361979166666667,8.723958333333334,,20.736435999992864,auto,none,,16,0,0.0,1,area_filtered
1768446784959,Sunny,Day,0.005110677083333333,10.221354166666666,,17.726105000008374,auto,none,,21,0,0.0,1,area_filtered
1768446784991,Sunny,Day,0.005240885416666666,10.481770833333332,,23.968824999997196,auto,none,,21,0,0.0,1,area_filtered
1768446785022,Sunny,Day,0.005078125,10.15625,,23.67945899999313,auto,none,,17,0,0.0,1,area_filtered
1768446785054,Sunny,Day,0.003938802083333333,7.877604166666666,,24.860926000002337,auto,none,,21,0,0.0,1,area_filtered
1768446785085,Sunny,Day,0.0033854166666666668,6.770833333333334,,17.92232099998614,auto,none,,20,0,0.0,1,area_filtered
1768446785118,Sunny,Day,0.0043294270833333336,8.658854166666668,,24.075623000015867,auto,none,,19,0,0.0,1,area_filtered
1768446785148,Sunny,Day,0.0031575520833333334,6.315104166666667,,22.224727000008215,auto,none,,25,0,0.0,1,area_filtered
1768446785179,Sunny,Day,0.0030924479166666665,6.184895833333333,,23.741712999992615,auto,none,,24,0,0.0,1,area_filtered
1768446785213,Sunny,Day,0.0031575520833333334,6.315104166666667,,25.900201000013112,auto,none,,16,0,0.0,1,area_filtered
1768446785242,Sunny,Day,0.0032552083333333335,6.510416666666667,,20.57696899998973,auto,none,,21,0,0.0,1,area_filtered
1768446785276,Sunny,Day,0.0029296875,5.859375,,25.979860000006738,auto,none,,19,0,0.0,1,area_filtered
1768446785306,Sunny,Day,0.0037760416666666667,7.552083333333333,,21.88406199999804,auto,none,,20,0,0.0,1,area_filtered
1768446785337,Sunny,Day,0.0035807291666666665,7.161458333333333,,23.590525000003026,auto,none,,14,0,0.0,1,area_filtered
1768446785369,Sunny,Day,0.0033203125,6.640625,,23.90346300001056,auto,none,,19,0,0.0,1,area_filtered
1768446785401,Sunny,Day,0.0033203125,6.640625,,19.4765759999882,auto,none,,17,0,0.0,1,area_filtered
1768446785432,Sunny,Day,0.00390625,7.8125,,24.096075999977984,auto,none,,19,0,0.0,1,area_filtered
1768446785464,Sunny,Day,0.0035807291666666665,7.161458333333333,,22.464909999996507,auto,none,,23,0,0.0,1,area_filtered
1768446785494,Sunny,Day,0.0035481770833333333,7.096354166666667,,22.833563999995476,auto,none,,23,0,0.0,1,area_filtered
1768446785525,Sunny,Day,0.003125,6.25,,23.457042999979194,auto,none,,17,0,0.0,1,area_filtered
1768446785558,Sunny,Day,0.0022786458333333335,4.557291666666667,,25.264992000018083,auto,none,,15,0,0.0,1,area_filtered
1768446785589,Sunny,Day,0.00419921875,8.3984375,,23.371314999991455,auto,none,,19,0,0.0,1,area_filtered
1768446785621,Sunny,Day,0.0038736979166666668,7.747395833333334,,24.016028000005463,auto,none,,23,0,0.0,1,area_filtered
1768446785654,Sunny,Day,0.00302734375,6.0546875,,25.802594999987605,auto,none,,19,0,0.0,1,area_filtered
1768446785684,Sunny,Day,0.0037109375,7.421875,,21.35735299998487,auto,none,,23,0,0.0,1,area_filtered
1768446785714,Sunny,Day,0.00341796875,6.8359375,,22.691228000013552,auto,none,,25,0,0.0,1,area_filtered
1768446785746,Sunny,Day,0.00341796875,6.8359375,,23.879835999991883,auto,none,,23,0,0.0,1,area_filtered
1768446785779,Sunny,Day,0.0039713541666666664,7.942708333333333,,25.125664000000825,auto,none,,23,0,0.0,1,area_filtered
1768446785809,Sunny,Day,0.0031575520833333334,6.315104166666667,,22.399653000007902,auto,none,,20,0,0.0,1,area_filtered
1768446785842,Sunny,Day,0.004427083333333333,8.854166666666666,,26.401055999997425,auto,none,,21,0,0.0,1,area_filtered
1768446785874,Sunny,Day,0.004557291666666667,9.114583333333334,,21.189534999990656,auto,none,,25,0,0.0,1,area_filtered
1768446785904,Sunny,Day,0.003483072916666667,6.966145833333334,,19.47963800000707,auto,none,,25,0,0.0,1,area_filtered
1768446785936,Sunny,Day,0.0038736979166666668,7.747395833333334,,24.641493999979502,auto,none,,25,0,0.0,1,area_filtered
1768446785967,Sunny,Day,0.00458984375,9.1796875,,22.630297000006294,auto,none,,21,0,0.0,1,area_filtered
1768446785998,Sunny,Day,0.0043294270833333336,8.658854166666668,,17.579984999997578,auto,none,,28,0,0.0,1,area_filtered
1768446786029,Sunny,Day,0.0037434895833333335,7.486979166666667,,23.52909999999042,auto,none,,24,0,0.0,1,area_filtered
1768446786063,Sunny,Day,0.004134114583333333,8.268229166666666,,25.08475900000917,auto,none,,17,0,0.0,1,area_filtered
1768446786092,Sunny,Day,0.005013020833333334,10.026041666666668,,20.950760000005175,auto,none,,24,0,0.0,1,area_filtered
1768446786124,Sunny,Day,0.00517578125,10.3515625,,19.79455599999369,auto,none,,28,0,0.0,1,area_filtered
1768446786156,Sunny,Day,0.005110677083333333,10.221354166666666,,23.95655899999838,auto,none,,24,0,0.0,1,area_filtered
1768446786187,Sunny,Day,0.0049479166666666664,9.895833333333332,,19.476308999998082,auto,none,,23,0,0.0,1,area_filtered
1768446786218,Sunny,Day,0.005208333333333333,10.416666666666666,,23.031845000019757,auto,none,,25,0,0.0,1,area_filtered
1768446786251,Sunny,Day,0.00654296875,13.0859375,,24.314148999991403,auto,none,,19,0,0.0,1,area_filtered
1768446786283,Sunny,Day,0.0087890625,17.578125,,20.82061400000157,auto,none,,25,0,0.0,1,area_filtered
1768446786314,Sunny,Day,0.008040364583333333,16.080729166666664,,20.483159999997724,auto,none,,22,0,0.0,1,area_filtered
1768446786344,Sunny,Day,0.007161458333333333,14.322916666666666,,22.090336000019306,auto,none,,21,0,0.0,1,area_filtered
1768446786378,Sunny,Day,0.0103515625,20.703125,,22.0587880000096,auto,none,,25,0,0.0,1,area_filtered
1768446786409,Sunny,Day,0.010872395833333333,21.744791666666664,-95.0,22.514806999993198,auto,,,,,,0,
1768446786438,Sunny,Day,0.009440104166666666,18.880208333333332,-93.0,21.215319000020827,auto,,,,,,0,
1768446786471,Sunny,Day,0.008365885416666666,16.731770833333332,-89.0,24.57421699998008,auto,,,,,,0,
1768446786501,Sunny,Day,0.0035807291666666665,7.161458333333333,,18.30024800000274,auto,none,,4,0,0.0,1,area_filtered
1768446786532,Sunny,Day,0.004524739583333334,9.049479166666668,,22.580112000014196,auto,none,,4,0,0.0,1,area_filtered
1768446786564,Sunny,Day,0.00400390625,8.0078125,,24.660790000012867,auto,none,,4,0,0.0,1,area_filtered
1768446786595,Sunny,Day,0.0054361979166666664,10.872395833333332,,17.74165999998445,auto,none,,5,0,0.0,1,area_filtered
1768446786627,Sunny,Day,0.005110677083333333,10.221354166666666,,18.7582730000031,auto,none,,4,0,0.0,1,area_filtered
1768446786658,Sunny,Day,0.00703125,14.0625,,23.971405999986928,auto,none,,6,0,0.0,1,area_filtered
1768446786693,Sunny,Day,0.008658854166666667,17.317708333333336,-52.0,27.24508699998296,auto,,,,,,0,
1768446786721,Sunny,Day,0.008040364583333333,16.080729166666664,,16.772389000010435,auto,none,,12,0,0.0,1,area_filtered
1768446786753,Sunny,Day,0.008463541666666666,16.927083333333332,-64.0,23.906007999983103,auto,,,,,,0,
1768446786784,Sunny,Day,0.0076171875,15.234375,,23.596668999999793,auto,none,,3,0,0.0,1,area_filtered
1768446786816,Sunny,Day,0.004524739583333334,9.049479166666668,,20.12935600001242,auto,none,,2,0,0.0,1,area_filtered
1768446786847,Sunny,Day,0.005598958333333333,11.197916666666666,,23.3221809999975,auto,none,,6,0,0.0,1,area_filtered
1768446786880,Sunny,Day,0.006184895833333333,12.369791666666666,,25.734447999980148,auto,none,,4,0,0.0,1,area_filtered
1768446786912,Sunny,Day,0.008365885416666666,16.731770833333332,,22.03360400000065,auto,none,,12,0,0.0,1,area_filtered
1768446786942,Sunny,Day,0.006477864583333334,12.955729166666668,,20.91414499997768,auto,none,,3,0,0.0,1,area_filtered
1768446786973,Sunny,Day,0.009635416666666667,19.270833333333336,-51.0,23.28927799999292,auto,,,,,,0,
1768446787006,Sunny,Day,0.009830729166666666,19.661458333333332,-54.0,18.711910999996917,auto,,,,,,0,
1768446787036,Sunny,Day,0.009635416666666667,19.270833333333336,-53.0,22.197871000003033,auto,,,,,,0,
1768446787068,Sunny,Day,0.008333333333333333,16.666666666666668,-62.0,25.089277000006405,auto,,,,,,0,
1768446787100,Sunny,Day,0.0077473958333333336,15.494791666666668,-55.0,24.139310999998997,auto,,,,,,0,
1768446787130,Sunny,Day,0.00712890625,14.2578125,,17.4794960000213,auto,none,,5,0,0.0,1,area_filtered
1768446787161,Sunny,Day,0.006022135416666667,12.044270833333334,,23.100074000012683,auto,none,,3,0,0.0,1,area_filtered
1768446787193,Sunny,Day,0.00830078125,16.6015625,-39.0,24.188577000018086,auto,,,,,,0,
1768446787225,Sunny,Day,0.009537760416666667,19.075520833333336,-39.0,24.17391800000246,auto,,,,,,0,
1768446787256,Sunny,Day,0.010970052083333333,21.940104166666664,-42.0,23.99155200001246,auto,,,,,,0,
1768446787288,Sunny,Day,0.008821614583333333,17.643229166666668,-36.0,24.265713999994887,auto,,,,,,0,
1768446787321,Sunny,Day,0.0099609375,19.921875,-31.0,25.343696999982512,auto,,,,,,0,
1768446787351,Sunny,Day,0.011165364583333334,22.330729166666668,-25.0,22.147324999991724,auto,,,,,,0,
1768446787383,Sunny,Day,0.010579427083333334,21.158854166666668,,24.567339000014954,auto,none,,17,0,0.0,1,area_filtered
1768446787415,Sunny,Day,0.017643229166666666,35.286458333333336,-21.0,24.26762499999313,auto,,,,,,0,
1768446787445,Sunny,Day,0.019140625,38.28125,-16.0,22.748812000003227,auto,,,,,,0,
1768446787477,Sunny,Day,0.020442708333333334,40.885416666666664,-21.0,24.101458000018283,auto,,,,,,0,
1768446787511,Sunny,Day,0.023177083333333334,46.35416666666667,7.0,23.274481000015612,auto,,,,,,0,
1768446787541,Sunny,Day,0.027018229166666668,54.036458333333336,6.0,21.455583000005163,auto,,,,,,0,
1768446787571,Sunny,Day,0.02001953125,40.0390625,-16.0,22.35678299999222,auto,,,,,,0,
1768446787604,Sunny,Day,0.019368489583333332,38.736979166666664,22.0,25.763651999994863,auto,,,,,,0,
1768446787635,Sunny,Day,0.016536458333333334,33.072916666666664,18.0,22.80832100001362,auto,,,,,,0,
1768446787665,Sunny,Day,0.0169921875,33.984375,22.0,22.491387000002305,auto,,,,,,0,
1768446787697,Sunny,Day,0.01767578125,35.3515625,20.0,24.860966000005646,auto,,,,,,0,
1768446787728,Sunny,Day,0.020572916666666666,41.145833333333336,19.0,22.934184999996887,auto,,,,,,0,
1768446787760,Sunny,Day,0.024251302083333332,48.502604166666664,-45.0,23.967818999977908,auto,,,,,,0,
1768446787791,Sunny,Day,0.018717447916666668,37.434895833333336,15.0,23.711507999991,auto,,,,,,0,
1768446787823,Sunny,Day,0.023958333333333335,47.91666666666667,8.0,24.428968000023588,auto,,,,,,0,
1768446787854,Sunny,Day,0.020247395833333334,40.49479166666667,9.0,22.672362999998086,auto,,,,,,0,
1768446787885,Sunny,Day,0.027408854166666666,54.817708333333336,-67.0,23.88196100000073,auto,,,,,,0,
1768446787918,Sunny,Day,0.026171875,52.34375,-73.0,24.943187000019407,auto,,,,,,0,
1768446787950,Sunny,Day,0.024739583333333332,49.479166666666664,6.0,23.90415400000734,auto,,,,,,0,
1768446787980,Sunny,Day,0.02509765625,50.1953125,5.0,23.36950500000512,auto,,,,,,0,
1768446788012,Sunny,Day,0.024186197916666666,48.37239583333333,8.0,23.41332999998258,auto,,,,,,0,
1768446788045,Sunny,Day,0.03610026041666667,72.20052083333334,-77.0,23.269411000001128,auto,,,,,,0,
1768446788074,Sunny,Day,0.03180338541666667,63.60677083333334,4.0,21.756292999981497,auto,,,,,,0,
1768446788108,Sunny,Day,0.033430989583333334,66.86197916666667,-87.0,26.07125200000837,auto,,,,,,0,
1768446788137,Sunny,Day,0.034440104166666666,68.88020833333333,-85.0,21.648456999997734,auto,,,,,,0,
1768446788169,Sunny,Day,0.035481770833333336,70.96354166666667,48.0,22.897866000022304,auto,,,,,,0,
1768446788200,Sunny,Day,0.033430989583333334,66.86197916666667,-91.0,23.79313500000535,auto,,,,,,0,
1768446788231,Sunny,Day,0.038834635416666666,77.66927083333333,-87.0,23.904106000003367,auto,,,,,,0,
1768446788265,Sunny,Day,0.03961588541666667,79.23177083333334,-81.0,26.393888999990622,auto,,,,,,0,
1768446788294,Sunny,Day,0.04137369791666667,82.74739583333333,-73.0,21.403766999981144,auto,,,,,,0,
1768446788328,Sunny,Day,0.028092447916666666,56.18489583333333,13.0,25.82632100001092,auto,,,,,,0,
1768446788357,Sunny,Day,0.027571614583333334,55.14322916666667,13.0,21.0510359999887,auto,,,,,,0,
1768446788389,Sunny,Day,0.027473958333333333,54.947916666666664,16.0,22.85775199999307,auto,,,,,,0,
1768446788420,Sunny,Day,0.03095703125,61.9140625,17.0,23.408601999989287,auto,,,,,,0,
1768446788452,Sunny,Day,0.03460286458333333,69.20572916666666,-101.0,22.945270999997547,auto,,,,,,0,
1768446788483,Sunny,Day,0.03421223958333333,68.42447916666666,-106.0,20.830003000014585,auto,,,,,,0,
1768446788515,Sunny,Day,0.03766276041666667,75.32552083333334,-104.0,24.521806999985074,auto,,,,,,0,
1768446788546,Sunny,Day,0.03369140625,67.3828125,-106.0,23.881822999982205,auto,,,,,,0,
1768446788577,Sunny,Day,0.04055989583333333,81.11979166666666,-100.0,23.50981500001126,auto,,,,,,0,
1768446788610,Sunny,Day,0.03219401041666667,64.38802083333334,-93.0,25.453161999990925,auto,,,,,,0,
1768446788642,Sunny,Day,0.030305989583333335,60.61197916666667,-80.0,24.254961999986335,auto,,,,,,0,
1768446788672,Sunny,Day,0.023860677083333334,47.721354166666664,23.0,22.640021000000843,auto,,,,,,0,
1768446788703,Sunny,Day,0.022981770833333335,45.96354166666667,26.0,23.83356400000025,auto,,,,,,0,
1768446788737,Sunny,Day,0.01767578125,35.3515625,28.0,25.844410999980028,auto,,,,,,0,
1768446788767,Sunny,Day,0.025162760416666666,50.32552083333333,10.0,21.54904400001101,auto,,,,,,0,
1768446788798,Sunny,Day,0.03128255208333333,62.565104166666664,-53.0,20.73188899998968,auto,,,,,,0,
1768446788829,Sunny,Day,0.02900390625,58.0078125,-13.0,23.742889999994077,auto,,,,,,0,
1768446788861,Sunny,Day,0.0302734375,60.546875,-24.0,22.759100999991233,auto,,,,,,0,
1768446788897,Sunny,Day,0.030240885416666665,60.48177083333333,-21.0,27.62524399997801,auto,,,,,,0,
1768446788927,Sunny,Day,0.03274739583333333,65.49479166666666,-21.0,18.912352000000965,auto,,,,,,0,
1768446788961,Sunny,Day,0.03333333333333333,66.66666666666667,-61.0,23.030175000002373,auto,,,,,,0,
1768446788989,Sunny,Day,0.03509114583333333,70.18229166666666,-55.0,16.532093999984454,auto,,,,,,0,
1768446789021,Sunny,Day,0.03502604166666667,70.05208333333333,-57.0,22.40419299999985,auto,,,,,,0,
1768446789052,Sunny,Day,0.027180989583333332,54.361979166666664,-56.0,20.702629999988176,auto,,,,,,0,
1768446789083,Sunny,Day,0.028352864583333335,56.70572916666667,-52.0,20.176930999980414,auto,,,,,,0,
1768446789115,Sunny,Day,0.023958333333333335,47.91666666666667,-23.0,21.27292800000191,auto,,,,,,0,
1768446789149,Sunny,Day,0.020735677083333334,41.47135416666667,-21.0,24.57281099998454,auto,,,,,,0,
1768446789178,Sunny,Day,0.01982421875,39.6484375,-34.0,19.28031599999258,auto,,,,,,0,
1768446789209,Sunny,Day,0.020735677083333334,41.47135416666667,-21.0,21.36787799997819,auto,,,,,,0,
1768446789241,Sunny,Day,0.02080078125,41.6015625,-31.0,20.43573599999604,auto,,,,,,0,
1768446789272,Sunny,Day,0.027994791666666668,55.989583333333336,-15.0,21.07230300001106,auto,,,,,,0,
1768446789303,Sunny,Day,0.022981770833333335,45.96354166666667,-25.0,21.465464000016254,auto,,,,,,0,
1768446789337,Sunny,Day,0.026692708333333332,53.385416666666664,-23.0,22.87141499999734,auto,,,,,,0,
1768446789367,Sunny,Day,0.026171875,52.34375,-11.0,20.642038000005414,auto,,,,,,0,
1768446789397,Sunny,Day,0.027701822916666667,55.403645833333336,-12.0,20.783722000004445,auto,,,,,,0,
1768446789429,Sunny,Day,0.025911458333333335,51.82291666666667,-14.0,22.356624999986252,auto,,,,,,0,
1768446789460,Sunny,Day,0.025846354166666665,51.69270833333333,-13.0,22.782121999995297,auto,,,,,,0,
1768446789493,Sunny,Day,0.0283203125,56.640625,-7.0,23.696213000022226,auto,,,,,,0,
1768446789525,Sunny,Day,0.027083333333333334,54.16666666666667,-14.0,21.30274199998894,auto,,,,,,0,
1768446789559,Sunny,Day,0.026497395833333333,52.994791666666664,-17.0,18.405964000010044,auto,,,,,,0,
1768446789586,Sunny,Day,0.024251302083333332,48.502604166666664,-25.0,16.632732000005035,auto,,,,,,0,
1768446789618,Sunny,Day,0.029134114583333332,58.268229166666664,-15.0,17.05533500000911,auto,,,,,,0,
1768446789649,Sunny,Day,0.02939453125,58.7890625,-21.0,22.033701999987443,auto,,,,,,0,
1768446789682,Sunny,Day,0.029427083333333333,58.854166666666664,-19.0,23.244390000002113,auto,,,,,,0,
1768446789713,Sunny,Day,0.028841145833333335,57.68229166666667,-22.0,21.213189000008015,auto,,,,,,0,
1768446789744,Sunny,Day,0.030013020833333334,60.02604166666667,-18.0,20.513303000001315,auto,,,,,,0,
1768446789776,Sunny,Day,0.031510416666666666,63.02083333333333,-19.0,21.947062999998934,auto,,,,,,0,
1768446789807,Sunny,Day,0.032454427083333334,64.90885416666667,-18.0,20.157840000024407,auto,,,,,,0,
1768446789840,Sunny,Day,0.03284505208333333,65.69010416666667,-24.0,21.338193999980604,auto,,,,,,0,
1768446789870,Sunny,Day,0.030696614583333334,61.393229166666664,-20.0,20.215092999990247,auto,,,,,,0,
1768446789901,Sunny,Day,0.036328125,72.65625,-18.0,21.47284800000193,auto,,,,,,0,
1768446789933,Sunny,Day,0.03697916666666667,73.95833333333333,-10.0,21.389843999997993,auto,,,,,,0,
1768446789966,Sunny,Day,0.0384765625,76.953125,-9.0,24.099280999990924,auto,,,,,,0,
1768446789996,Sunny,Day,0.033463541666666666,66.92708333333333,-21.0,17.240672999975004,auto,,,,,,0,
1768446790027,Sunny,Day,0.039811197916666666,79.62239583333333,-6.0,21.192858000006254,auto,,,,,,0,
1768446790058,Sunny,Day,0.0369140625,73.828125,-25.0,21.630915000002915,auto,,,,,,0,
1768446790091,Sunny,Day,0.038834635416666666,77.66927083333333,-23.0,21.455091000007087,auto,,,,,,0,
1768446790122,Sunny,Day,0.04010416666666667,80.20833333333334,-6.0,20.68046799999479,auto,,,,,,0,
1768446790155,Sunny,Day,0.039322916666666666,78.64583333333333,-23.0,21.635701000008112,auto,,,,,,0,
1768446790186,Sunny,Day,0.04641927083333333,92.83854166666666,-4.0,20.16225299999519,auto,,,,,,0,
1768446790217,Sunny,Day,0.03850911458333333,77.01822916666666,-27.0,20.752722999986872,auto,,,,,,0,
1768446790248,Sunny,Day,0.051009114583333334,100.0,-3.0,20.553025000026537,auto,,,,,,0,
1768446790280,Sunny,Day,0.04130859375,82.6171875,-4.0,21.03934999999524,auto,,,,,,0,
1768446790310,Sunny,Day,0.04596354166666667,91.92708333333334,2.0,19.88117199999806,auto,,,,,,0,
1768446790342,Sunny,Day,0.05465494791666667,100.0,-3.0,21.527792000000545,auto,,,,,,0,
1768446790376,Sunny,Day,0.05716145833333333,100.0,-91.0,23.916179999986298,auto,,,,,,0,
1768446790406,Sunny,Day,0.061751302083333334,100.0,-96.0,19.494780000002265,auto,,,,,,0,
1768446790436,Sunny,Day,0.06389973958333334,100.0,-89.0,19.388761999977078,auto,,,,,,0,
1768446790468,Sunny,Day,0.05615234375,100.0,-81.0,21.83167100000105,auto,,,,,,0,
1768446790499,Sunny,Day,0.04388020833333333,87.76041666666666,-81.0,17.885336999995616,auto,,,,,,0,
1768446790530,Sunny,Day,0.041764322916666666,83.52864583333333,-73.0,20.542005999999446,auto,,,,,,0,
1768446790562,Sunny,Day,0.04482421875,89.6484375,-60.0,21.3327490000097,auto,,,,,,0,
1768446790593,Sunny,Day,0.04788411458333333,95.76822916666666,-85.0,21.607262999992827,auto,,,,,,0,
1768446790625,Sunny,Day,0.03453776041666667,69.07552083333333,64.0,21.737489000003052,auto,,,,,,0,
1768446790657,Sunny,Day,0.04241536458333333,84.83072916666666,32.0,22.002189999994926,auto,,,,,,0,
1768446790689,Sunny,Day,0.04153645833333333,83.07291666666666,35.0,19.141796000013755,auto,,,,,,0,
1768446790720,Sunny,Day,0.04345703125,86.9140625,35.0,20.912371000008534,auto,,,,,,0,
1768446790750,Sunny,Day,0.04212239583333333,84.24479166666667,33.0,18.824597000019594,auto,,,,,,0,
1768446790787,Sunny,Day,0.05302734375,100.0,32.0,24.413599999974167,auto,,,,,,0,
1768446790813,Sunny,Day,0.05113932291666667,100.0,-87.0,16.2199810000061,auto,,,,,,0,
1768446790844,Sunny,Day,0.05706380208333333,100.0,30.0,16.875806000001603,auto,,,,,,0,
1768446790878,Sunny,Day,0.06158854166666667,100.0,28.0,23.340308999991066,auto,,,,,,0,
1768446790909,Sunny,Day,0.060807291666666666,100.0,28.0,21.261958999986064,auto,,,,,,0,
1768446790939,Sunny,Day,0.05725911458333333,100.0,28.0,20.117677000001777,auto,,,,,,0,
1768446790970,Sunny,Day,0.06370442708333333,100.0,26.0,21.652693000021372,auto,,,,,,0,
1768446791004,Sunny,Day,0.06627604166666666,100.0,25.0,23.793522000005396,auto,,,,,,0,
1768446791035,Sunny,Day,0.07288411458333334,100.0,24.0,20.57698999999502,auto,,,,,,0,
1768446791065,Sunny,Day,0.07272135416666667,100.0,21.0,20.294818999985864,auto,,,,,,0,
1768446791099,Sunny,Day,0.068359375,100.0,17.0,24.570475000018632,auto,,,,,,0,
1768446791128,Sunny,Day,0.07177734375,100.0,16.0,18.931226999995943,auto,,,,,,0,
1768446791160,Sunny,Day,0.07727864583333334,100.0,14.0,21.416379999976698,auto,,,,,,0,
1768446791194,Sunny,Day,0.07587890625,100.0,12.0,24.580213000007234,auto,,,,,,0,
1768446791223,Sunny,Day,0.0806640625,100.0,12.0,19.087837999990143,auto,,,,,,0,
1768446791254,Sunny,Day,0.08997395833333334,100.0,13.0,20.602717999992137,auto,,,,,,0,
1768446791286,Sunny,Day,0.09016927083333333,100.0,10.0,21.969501000000946,auto,,,,,,0,
1768446791317,Sunny,Day,0.09192708333333334,100.0,7.0,21.631774000013593,auto,,,,,,0,
1768446791348,Sunny,Day,0.09137369791666666,100.0,-20.0,20.512494999991304,auto,,,,,,0,
1768446791379,Sunny,Day,0.09124348958333334,100.0,-24.0,21.483176000003823,auto,,,,,,0,
1768446791411,Sunny,Day,0.09775390625,100.0,-29.0,22.076195000011012,auto,,,,,,0,
1768446791442,Sunny,Day,0.10465494791666667,100.0,2.0,21.841565999977774,auto,,,,,,0,
1768446791474,Sunny,Day,0.08746744791666666,100.0,-29.0,21.696715000018685,auto,,,,,,0,
1768446791506,Sunny,Day,0.09820963541666666,100.0,-29.0,22.17673199999126,auto,,,,,,0,
1768446791537,Sunny,Day,0.10455729166666666,100.0,-30.0,21.73965699998348,auto,,,,,,0,
1768446791568,Sunny,Day,0.11292317708333334,100.0,-30.0,20.81050600000367,auto,,,,,,0,
1768446791602,Sunny,Day,0.10237630208333333,100.0,-29.0,23.540694999979905,auto,,,,,,0,
1768446791631,Sunny,Day,0.09378255208333333,100.0,-26.0,19.439420999987078,auto,,,,,,0,
1768446791662,Sunny,Day,0.09632161458333334,100.0,-22.0,21.117236000009143,auto,,,,,,0,
1768446791694,Sunny,Day,0.09778645833333334,100.0,-21.0,22.25126299998692,auto,,,,,,0,
1768446791726,Sunny,Day,0.09176432291666667,100.0,-17.0,20.33232600001611,auto,,,,,,0,
1768446791757,Sunny,Day,0.089453125,100.0,49.0,18.575193000003765,auto,,,,,,0,
1768446791789,Sunny,Day,0.09329427083333333,100.0,-13.0,21.703207000001612,auto,,,,,,0,
1768446791821,Sunny,Day,0.10071614583333334,100.0,-12.0,18.9132529999938,auto,,,,,,0,
1768446791853,Sunny,Day,0.08284505208333333,100.0,46.0,20.202535999999327,auto,,,,,,0,
1768446791883,Sunny,Day,0.10244140625,100.0,42.0,19.440607999996473,auto,,,,,,0,
1768446791915,Sunny,Day,0.09488932291666667,100.0,-18.0,14.729117999991104,auto,,,,,,0,
1768446791946,Sunny,Day,0.10843098958333333,100.0,43.0,16.63342099999454,auto,,,,,,0,
1768446791977,Sunny,Day,0.1208984375,100.0,49.0,15.043434999995497,auto,,,,,,0,
1768446792011,Sunny,Day,0.12555338541666666,100.0,36.0,23.08212299999468,auto,,,,,,0,
1768446792044,Sunny,Day,0.12457682291666666,100.0,9.0,23.18618000001038,auto,,,,,,0,
1768446792071,Sunny,Day,0.142578125,100.0,34.0,17.964997999996513,auto,,,,,,0,
1768446792103,Sunny,Day,0.1462890625,100.0,28.0,22.37183600001913,auto,,,,,,0,
1768446792134,Sunny,Day,0.15442708333333333,100.0,23.0,18.821129000002657,auto,,,,,,0,
1768446792165,Sunny,Day,0.16741536458333334,100.0,24.0,20.694517000009682,auto,,,,,,0,
1768446792197,Sunny,Day,0.18502604166666667,100.0,22.0,21.964005999990377,auto,,,,,,0,
1768446792230,Sunny,Day,0.19651692708333332,100.0,19.0,23.205783999998175,auto,,,,,,0,
1768446792262,Sunny,Day,0.1896484375,100.0,17.0,21.972000999994634,auto,,,,,,0,
1768446792291,Sunny,Day,0.21350911458333333,100.0,15.0,19.386727000011206,auto,,,,,,0,
1768446792325,Sunny,Day,0.20797526041666667,100.0,16.0,24.012968000022283,auto,,,,,,0,
1768446792357,Sunny,Day,0.21468098958333334,100.0,13.0,22.515211000012414,auto,,,,,,0,
1768446792386,Sunny,Day,0.21324869791666667,100.0,12.0,17.698242999983904,auto,,,,,,0,
1768446792421,Sunny,Day,0.22197265625,100.0,10.0,25.96281099999942,auto,,,,,,0,
1768446792449,Sunny,Day,0.22412109375,100.0,10.0,17.622382000013204,auto,,,,,,0,
1768446792480,Sunny,Day,0.234765625,100.0,36.0,18.489197999997486,auto,,,,,,0,
1768446792515,Sunny,Day,0.231640625,100.0,0.0,24.391269999995302,auto,,,,,,0,
1768446792544,Sunny,Day,0.23212890625,100.0,-6.0,19.34556999998449,auto,,,,,,0,
1768446792575,Sunny,Day,0.24576822916666666,100.0,-2.0,20.626614000008203,auto,,,,,,0,
1768446792608,Sunny,Day,0.25543619791666666,100.0,-8.0,22.24724999999239,auto,,,,,,0,
1768446792637,Sunny,Day,0.2674153645833333,100.0,19.0,19.0974180000012,auto,,,,,,0,
1768446792670,Sunny,Day,0.26048177083333335,100.0,-14.0,18.68712099999925,auto,,,,,,0,
1768446792700,Sunny,Day,0.25999348958333335,100.0,-16.0,19.820654000000104,auto,,,,,,0,
1768446792732,Sunny,Day,0.2742513020833333,100.0,-18.0,20.8544550000056,auto,,,,,,0,
1768446792763,Sunny,Day,0.30087890625,100.0,10.0,20.8319199999778,auto,,,,,,0,
1768446792796,Sunny,Day,0.30032552083333336,100.0,54.0,23.379151999989745,auto,,,,,,0,
1768446792828,Sunny,Day,0.29710286458333335,100.0,53.0,21.68291399999589,auto,,,,,,0,
1768446792858,Sunny,Day,0.31305338541666666,100.0,5.0,18.76096000000871,auto,,,,,,0,
1768446792889,Sunny,Day,0.32672526041666666,100.0,46.0,21.439288000010492,auto,,,,,,0,
1768446792923,Sunny,Day,0.3306966145833333,100.0,40.0,24.277850000004264,auto,,,,,,0,
1768446792953,Sunny,Day,0.3397135416666667,100.0,35.0,19.496771999996554,auto,,,,,,0,
1768446792986,Sunny,Day,0.3566080729166667,100.0,-15.0,22.081264999997074,auto,,,,,,0,
1768446793015,Sunny,Day,0.36236979166666666,100.0,23.0,19.003255999990643,auto,,,,,,0,
1768446793047,Sunny,Day,0.36139322916666666,100.0,-22.0,22.22822699999938,auto,,,,,,0,
1768446793078,Sunny,Day,0.36650390625,100.0,-27.0,21.07567199999494,auto,,,,,,0,
1768446793109,Sunny,Day,0.35244140625,100.0,-30.0,21.702672999992956,auto,,,,,,0,
1768446793142,Sunny,Day,0.3740234375,100.0,-32.0,25.161324999999124,manual,,,,,,0,
1768446793173,Sunny,Day,0.36891276041666665,100.0,-32.0,22.665721000009853,manual,,,,,,0,
1768446793204,Sunny,Day,0.36617838541666664,100.0,-28.0,23.22285899998633,manual,,,,,,0,
1768446793238,Sunny,Day,0.3768229166666667,100.0,18.0,25.994026999995867,manual,,,,,,0,
1768446793267,Sunny,Day,0.37356770833333336,100.0,-34.0,25.16570200000956,manual,,,,,,0,
1768446793300,Sunny,Day,0.37571614583333335,100.0,15.0,17.62855699999477,manual,,,,,,0,
1768446793330,Sunny,Day,0.3705078125,100.0,-34.0,21.138858999989907,manual,,,,,,0,
1768446793363,Sunny,Day,0.35504557291666666,100.0,-31.0,19.87851100000171,manual,,,,,,0,
1768446793395,Sunny,Day,0.36061197916666665,100.0,-31.0,22.839447000023938,manual,,,,,,0,
1768446793423,Sunny,Day,0.3570638020833333,100.0,-39.0,19.86372900000788,manual,,,,,,0,
1768446793456,Sunny,Day,0.3614583333333333,100.0,-28.0,24.207345999997187,manual,,,,,,0,
1768446793487,Sunny,Day,0.356640625,100.0,-27.0,22.40393700000709,manual,,,,,,0,
1768446793518,Sunny,Day,0.35478515625,100.0,30.0,23.032127000021774,manual,,,,,,0,
1768446793550,Sunny,Day,0.3524088541666667,100.0,-31.0,22.69207599999845,manual,,,,,,0,
1768446793582,Sunny,Day,0.34791666666666665,100.0,-4.0,22.33355299998152,manual,,,,,,0,
1768446793614,Sunny,Day,0.3402018229166667,100.0,-3.0,22.49954399999865,manual,,,,,,0,
1768446793646,Sunny,Day,0.33863932291666665,100.0,0.0,21.708349000022054,manual,,,,,,0,
1768446793677,Sunny,Day,0.33818359375,100.0,3.0,18.50515900000005,manual,,,,,,0,
1768446793707,Sunny,Day,0.3458658854166667,100.0,5.0,21.21599399998786,manual,,,,,,0,
1768446793740,Sunny,Day,0.34401041666666665,100.0,46.0,25.05464499998311,manual,,,,,,0,
1768446793770,Sunny,Day,0.3361002604166667,100.0,49.0,22.084398000004057,manual,,,,,,0,
1768446793802,Sunny,Day,0.3346028645833333,100.0,54.0,26.859594000001152,manual,,,,,,0,
1768446793833,Sunny,Day,0.321875,100.0,55.0,24.024068999978,manual,,,,,,0,
1768446793864,Sunny,Day,0.31982421875,100.0,-37.0,24.798832999977094,manual,,,,,,0,
1768446793896,Sunny,Day,0.307421875,100.0,-33.0,26.229401000023245,manual,,,,,,0,
1768446793927,Sunny,Day,0.31155598958333336,100.0,-31.0,24.634732999999187,manual,,,,,,0,
1768446793959,Sunny,Day,0.3072265625,100.0,-28.0,21.38089100000684,manual,,,,,,0,
1768446793991,Sunny,Day,0.30559895833333334,100.0,-25.0,27.01890899999171,manual,,,,,,0,
1768446794022,Sunny,Day,0.30006510416666665,100.0,-22.0,23.96742799999174,manual,,,,,,0,
1768446794055,Sunny,Day,0.28323567708333336,100.0,-18.0,22.434443999998166,manual,,,,,,0,
1768446794086,Sunny,Day,0.29886067708333336,100.0,-17.0,24.134250999992446,manual,,,,,,0,
1768446794117,Sunny,Day,0.29270833333333335,100.0,-13.0,22.944904000013366,manual,,,,,,0,
1768446794145,Sunny,Day,0.2884765625,100.0,-10.0,18.166427000011254,manual,,,,,,0,
1768446794176,Sunny,Day,0.28118489583333334,100.0,-5.0,25.468493999994735,manual,,,,,,0,
1768446794209,Sunny,Day,0.2674479166666667,100.0,1.0,29.165148000004137,manual,,,,,,0,
1768446794239,Sunny,Day,0.27373046875,100.0,1.0,25.584438999999293,manual,,,,,,0,
1768446794271,Sunny,Day,0.25901692708333335,100.0,4.0,18.598756000017147,manual,,,,,,0,
1768446794304,Sunny,Day,0.24990234375,100.0,7.0,25.268557000003966,manual,,,,,,0,
1768446794334,Sunny,Day,0.2556640625,100.0,10.0,20.949540000003708,manual,,,,,,0,
1768446794365,Sunny,Day,0.2628580729166667,100.0,11.0,25.738865999983318,manual,,,,,,0,
1768446794397,Sunny,Day,0.25319010416666665,100.0,12.0,28.124015000003055,manual,,,,,,0,
1768446794428,Sunny,Day,0.23404947916666666,100.0,20.0,26.079766000009386,manual,,,,,,0,
1768446794461,Sunny,Day,0.22060546875,100.0,23.0,27.859780999989425,manual,,,,,,0,
1768446794492,Sunny,Day,0.21803385416666668,100.0,26.0,23.342978999977504,manual,,,,,,0,
1768446794524,Sunny,Day,0.22014973958333334,100.0,27.0,25.935000999993463,manual,,,,,,0,
1768446794554,Sunny,Day,0.19807942708333334,100.0,31.0,20.52375799999595,manual,,,,,,0,
1768446794585,Sunny,Day,0.19202473958333333,100.0,32.0,28.65259300000389,manual,,,,,,0,
1768446794617,Sunny,Day,0.18981119791666667,100.0,37.0,25.983515000007174,manual,,,,,,0,
1768446794648,Sunny,Day,0.20172526041666666,100.0,36.0,26.47607899999116,manual,,,,,,0,
1768446794682,Sunny,Day,0.18238932291666668,100.0,35.0,28.989857999988544,manual,,,,,,0,
1768446794711,Sunny,Day,0.17548828125,100.0,45.0,24.31514199997764,manual,,,,,,0,
1768446794743,Sunny,Day,0.18567708333333333,100.0,46.0,26.24923299998727,manual,,,,,,0,
1768446794774,Sunny,Day,0.17119140625,100.0,15.0,22.82152199998677,manual,,,,,,0,
1768446794805,Sunny,Day,0.17701822916666668,100.0,43.0,28.046977999991896,manual,,,,,,0,
1768446794837,Sunny,Day,0.16259765625,100.0,45.0,26.17065600000501,manual,,,,,,0,
1768446794871,Sunny,Day,0.18515625,100.0,20.0,25.782187999993766,manual,,,,,,0,
1768446794901,Sunny,Day,0.1921875,100.0,1.0,22.69474599998489,manual,,,,,,0,
1768446794934,Sunny,Day,0.18834635416666667,100.0,58.0,23.389379000008148,manual,,,,,,0,
1768446794963,Sunny,Day,0.14498697916666667,100.0,41.0,24.43249699999228,manual,,,,,,0,
1768446794995,Sunny,Day,0.14762369791666666,100.0,47.0,25.875248000005513,manual,,,,,,0,
1768446795027,Sunny,Day,0.1685546875,100.0,6.0,26.3092260000235,manual,,,,,,0,
1768446795057,Sunny,Day,0.1689453125,100.0,52.0,20.955452999999125,manual,,,,,,0,
1768446795089,Sunny,Day,0.16145833333333334,100.0,56.0,28.43030599998997,manual,,,,,,0,
1768446795120,Sunny,Day,0.16477864583333332,100.0,10.0,25.890368000005992,manual,,,,,,0,
1768446795151,Sunny,Day,0.16129557291666666,100.0,13.0,26.261566999977504,manual,,,,,,0,
1768446795183,Sunny,Day,0.16194661458333334,100.0,13.0,20.159631000012723,manual,,,,,,0,
1768446795214,Sunny,Day,0.14723307291666668,100.0,64.0,27.43565299999773,manual,,,,,,0,
1768446795245,Sunny,Day,0.14990234375,100.0,16.0,24.889057999985198,manual,,,,,,0,
1768446795280,Sunny,Day,0.15387369791666666,100.0,17.0,29.259026000005406,manual,,,,,,0,
1768446795310,Sunny,Day,0.14427083333333332,100.0,17.0,24.79175700000269,manual,,,,,,0,
1768446795341,Sunny,Day,0.1498046875,100.0,19.0,25.225190000014663,manual,,,,,,0,
1768446795372,Sunny,Day,0.13776041666666666,100.0,20.0,22.16414200000827,manual,,,,,,0,
1768446795403,Sunny,Day,0.15283203125,100.0,19.0,27.661465999983648,manual,,,,,,0,
1768446795435,Sunny,Day,0.15458984375,100.0,21.0,27.378628999997545,manual,,,,,,0,
1768446795466,Sunny,Day,0.1396484375,100.0,22.0,25.212226999997256,manual,,,,,,0,
1768446795497,Sunny,Day,0.13707682291666667,100.0,23.0,25.64979500002096,manual,,,,,,0,
1768446795529,Sunny,Day,0.1337890625,100.0,24.0,26.516882999999325,manual,,,,,,0,
1768446795560,Sunny,Day,0.13011067708333332,100.0,25.0,20.770697000017435,manual,,,,,,0,
1768446795592,Sunny,Day,0.12552083333333333,100.0,26.0,25.20753499999273,manual,,,,,,0,
1768446795623,Sunny,Day,0.13079427083333334,100.0,26.0,23.813348999993877,manual,,,,,,0,
1768446795654,Sunny,Day,0.1259765625,100.0,27.0,22.525050000012925,manual,,,,,,0,
1768446795689,Sunny,Day,0.13118489583333334,100.0,28.0,25.588655000007066,manual,,,,,,0,
1768446795719,Sunny,Day,0.12513020833333333,100.0,29.0,26.91793700000744,manual,,,,,,0,
1768446795749,Sunny,Day,0.1205078125,100.0,29.0,24.24144100001513,manual,,,,,,0,
1768446795780,Sunny,Day,0.12493489583333334,100.0,30.0,26.848878999999215,manual,,,,,,0,
1768446795811,Sunny,Day,0.12229817708333333,100.0,31.0,21.672147999993285,manual,,,,,,0,
1768446795843,Sunny,Day,0.11927083333333334,100.0,31.0,26.91784499998562,manual,,,,,,0,
1768446795874,Sunny,Day,0.117578125,100.0,32.0,26.295150000009926,manual,,,,,,0,
1768446795907,Sunny,Day,0.11868489583333333,100.0,33.0,24.74678800001584,manual,,,,,,0,
1768446795937,Sunny,Day,0.11181640625,100.0,34.0,27.156173999998146,manual,,,,,,0,
1768446795968,Sunny,Day,0.11276041666666667,100.0,35.0,25.99310299999047,manual,,,,,,0,
1768446796001,Sunny,Day,0.10813802083333333,100.0,36.0,25.53300399998193,manual,,,,,,0,
1768446796032,Sunny,Day,0.10677083333333333,100.0,37.0,26.241161999990936,manual,,,,,,0,
1768446796063,Sunny,Day,0.09990234375,100.0,-104.0,26.419769000000315,manual,,,,,,0,
1768446796096,Sunny,Day,0.10123697916666667,100.0,-106.0,25.165256000008185,manual,,,,,,0,
1768446796127,Sunny,Day,0.1037109375,100.0,-104.0,26.858033999985764,manual,,,,,,0,
1768446796157,Sunny,Day,0.10074869791666667,100.0,-105.0,24.535624999998618,manual,,,,,,0,
1768446796189,Sunny,Day,0.10133463541666667,100.0,-103.0,22.947614000003114,manual,,,,,,0,
1768446796220,Sunny,Day,0.09977213541666667,100.0,-102.0,24.9410699999828,manual,,,,,,0,
1768446796252,Sunny,Day,0.10149739583333334,100.0,-101.0,24.969607000002725,manual,,,,,,0,
1768446796283,Sunny,Day,0.0990234375,100.0,-100.0,28.108263999996552,manual,,,,,,0,
1768446796316,Sunny,Day,0.10061848958333333,100.0,-100.0,24.572692999981882,manual,,,,,,0,
1768446796347,Sunny,Day,0.09788411458333333,100.0,-101.0,26.286314000003586,manual,,,,,,0,
1768446796377,Sunny,Day,0.10032552083333333,100.0,-99.0,21.466967999998587,manual,,,,,,0,
1768446796411,Sunny,Day,0.10052083333333334,100.0,-100.0,26.617289999990135,manual,,,,,,0,
1768446796441,Sunny,Day,0.09625651041666666,100.0,-97.0,25.664323000000877,manual,,,,,,0,
1768446796472,Sunny,Day,0.09586588541666667,100.0,-98.0,22.047237000009545,manual,,,,,,0,
1768446796505,Sunny,Day,0.09505208333333333,100.0,-94.0,29.60098200000516,manual,,,,,,0,
1768446796536,Sunny,Day,0.09501953125,100.0,-93.0,26.165932999987263,manual,,,,,,0,
1768446796567,Sunny,Day,0.09046223958333334,100.0,-92.0,25.571403999975928,manual,,,,,,0,
1768446796597,Sunny,Day,0.08919270833333333,100.0,-89.0,25.312283999994634,manual,,,,,,0,
1768446796630,Sunny,Day,0.08909505208333333,100.0,-88.0,23.647356999987323,manual,,,,,,0,
1768446796661,Sunny,Day,0.09205729166666667,100.0,-88.0,27.45591900000477,manual,,,,,,0,
1768446796692,Sunny,Day,0.08675130208333333,100.0,-83.0,25.5961410000225,manual,,,,,,0,
1768446796723,Sunny,Day,0.08743489583333333,100.0,-83.0,22.774050999998963,manual,,,,,,0,
1768446796754,Sunny,Day,0.08863932291666667,100.0,-83.0,24.637130000002117,manual,,,,,,0,
1768446796786,Sunny,Day,0.08268229166666667,100.0,-80.0,28.285944000003838,manual,,,,,,0,
1768446796817,Sunny,Day,0.08277994791666667,100.0,-79.0,26.585246999985657,manual,,,,,,0,
1768446796850,Sunny,Day,0.0798828125,100.0,-78.0,27.392242000018996,manual,,,,,,0,
1768446796883,Sunny,Day,0.08017578125,100.0,-76.0,25.803360000026032,manual,,,,,,0,
1768446796913,Sunny,Day,0.07565104166666667,100.0,-73.0,25.677045000009002,manual,,,,,,0,
1768446796943,Sunny,Day,0.07503255208333333,100.0,-71.0,24.631343999999444,manual,,,,,,0,
1768446796975,Sunny,Day,0.07259114583333333,100.0,-68.0,26.110860000017055,manual,,,,,,0,
1768446797006,Sunny,Day,0.07037760416666666,100.0,-66.0,26.218284999998787,manual,,,,,,0,
1768446797038,Sunny,Day,0.06956380208333333,100.0,-65.0,23.280156999987867,manual,,,,,,0,
1768446797071,Sunny,Day,0.06907552083333333,100.0,-62.0,30.071948999989218,manual,,,,,,0,
1768446797100,Sunny,Day,0.06647135416666666,100.0,-61.0,23.503570000002583,manual,,,,,,0,
1768446797132,Sunny,Day,0.06432291666666666,100.0,-58.0,22.678077999984225,manual,,,,,,0,
1768446797164,Sunny,Day,0.06315104166666667,100.0,-56.0,24.9505929999998,manual,,,,,,0,
1768446797195,Sunny,Day,0.061328125,100.0,-55.0,24.845495999983314,manual,,,,,,0,
1768446797226,Sunny,Day,0.06243489583333333,100.0,-56.0,24.71444099998621,manual,,,,,,0,
1768446797259,Sunny,Day,0.05859375,100.0,-51.0,25.903155000008837,manual,,,,,,0,
1768446797290,Sunny,Day,0.058203125,100.0,-52.0,23.837735000000748,manual,,,,,,0,
1768446797320,Sunny,Day,0.05413411458333333,100.0,-47.0,23.542007000003196,manual,,,,,,0,
1768446797352,Sunny,Day,0.05400390625,100.0,-47.0,24.830012999984774,manual,,,,,,0,
1768446797383,Sunny,Day,0.05179036458333333,100.0,-45.0,24.461137000002964,manual,,,,,,0,
1768446797415,Sunny,Day,0.05224609375,100.0,-43.0,25.18168200001014,manual,,,,,,0,
1768446797446,Sunny,Day,0.048990885416666664,97.98177083333333,-41.0,24.74368200000754,manual,,,,,,0,
1768446797477,Sunny,Day,0.048014322916666664,96.02864583333333,-39.0,24.66838300000518,manual,,,,,,0,
1768446797509,Sunny,Day,0.04638671875,92.7734375,-39.0,24.678173000012293,manual,,,,,,0,
1768446797543,Sunny,Day,0.04677734375,93.5546875,-36.0,26.99860100000251,manual,,,,,,0,
1768446797572,Sunny,Day,0.04749348958333333,94.98697916666667,-38.0,22.64084399999433,manual,,,,,,0,
1768446797603,Sunny,Day,0.050065104166666666,100.0,-36.0,24.872437999988506,manual,,,,,,0,
1768446797638,Sunny,Day,0.05270182291666667,100.0,-35.0,27.970928000002004,manual,,,,,,0,
1768446797667,Sunny,Day,0.055436197916666666,100.0,-34.0,22.881873000017094,manual,,,,,,0,
1768446797698,Sunny,Day,0.05478515625,100.0,-32.0,24.398429000001443,manual,,,,,,0,
1768446797731,Sunny,Day,0.05670572916666667,100.0,-31.0,26.418086000006724,manual,,,,,,0,
1768446797761,Sunny,Day,0.06116536458333333,100.0,-29.0,23.035346000000345,manual,,,,,,0,
1768446797794,Sunny,Day,0.06468098958333333,100.0,-28.0,21.804134000007025,manual,,,,,,0,
1768446797823,Sunny,Day,0.06822916666666666,100.0,-26.0,22.978828999981715,manual,,,,,,0,
1768446797855,Sunny,Day,0.07682291666666667,100.0,-24.0,24.592564000016637,manual,,,,,,0,
1768446797888,Sunny,Day,0.08128255208333333,100.0,-23.0,22.931936999981417,manual,,,,,,0,
1768446797918,Sunny,Day,0.0826171875,100.0,-22.0,21.554651000002423,manual,,,,,,0,
1768446797949,Sunny,Day,0.0859375,100.0,-21.0,25.016972999992504,manual,,,,,,0,
1768446797981,Sunny,Day,0.08564453125,100.0,-19.0,27.31379799999445,auto,,,,,,0,
1768446798014,Sunny,Day,0.08655598958333334,100.0,-17.0,22.24312399999917,auto,,,,,,0,
1768446798046,Sunny,Day,0.09147135416666667,100.0,-17.0,23.78504600000042,auto,,,,,,0,
1768446798076,Sunny,Day,0.09007161458333333,100.0,-16.0,22.562221999976373,auto,,,,,,0,
1768446798108,Sunny,Day,0.09195963541666667,100.0,-16.0,23.922249999998257,auto,,,,,,0,
1768446798141,Sunny,Day,0.09241536458333334,100.0,-16.0,25.11290399999666,auto,,,,,,0,
1768446798171,Sunny,Day,0.09176432291666667,100.0,-16.0,22.533463999991454,auto,,,,,,0,
1768446798201,Sunny,Day,0.09222005208333334,100.0,-16.0,21.829698999994207,auto,,,,,,0,
1768446798232,Sunny,Day,0.0916015625,100.0,-16.0,23.428036000012753,auto,,,,,,0,
1768446798263,Sunny,Day,0.09274088541666667,100.0,-16.0,23.978429000010237,auto,,,,,,0,
1768446798295,Sunny,Day,0.09225260416666667,100.0,-16.0,22.878922999979068,auto,,,,,,0,
1768446798326,Sunny,Day,0.09264322916666666,100.0,-16.0,19.691574999995964,auto,,,,,,0,
1768446798358,Sunny,Day,0.0923828125,100.0,-16.0,24.410938000016813,auto,,,,,,0,
1768446798390,Sunny,Day,0.0923828125,100.0,-16.0,24.098482999988846,auto,,,,,,0,
1768446798421,Sunny,Day,0.09215494791666666,100.0,-16.0,22.627042000010533,auto,,,,,,0,
1768446798452,Sunny,Day,0.09029947916666667,100.0,-15.0,23.65985599999476,auto,,,,,,0,
1768446798484,Sunny,Day,0.09332682291666666,100.0,-16.0,23.967693999992434,auto,,,,,,0,
1768446798515,Sunny,Day,0.09202473958333333,100.0,-16.0,23.388414000010016,auto,,,,,,0,
1768446798549,Sunny,Day,0.09296875,100.0,-16.0,26.341402000014114,auto,,,,,,0,
1768446798578,Sunny,Day,0.0927734375,100.0,-16.0,21.169376000017337,auto,,,,,,0,
1768446798611,Sunny,Day,0.09283854166666666,100.0,-17.0,25.699527000000444,auto,,,,,,0,
1768446798641,Sunny,Day,0.0921875,100.0,-16.0,20.424542000000656,auto,,,,,,0,
1768446798672,Sunny,Day,0.09231770833333333,100.0,-16.0,23.935413999993216,auto,,,,,,0,
1768446798705,Sunny,Day,0.09287109375,100.0,-16.0,23.819180000003826,auto,,,,,,0,
1768446798735,Sunny,Day,0.09283854166666666,100.0,-16.0,22.06318699998633,auto,,,,,,0,
1768446798767,Sunny,Day,0.093359375,100.0,-16.0,23.8873000000126,auto,,,,,,0,
1768446798798,Sunny,Day,0.09270833333333334,100.0,-16.0,23.70127599999705,auto,,,,,,0,
1768446798829,Sunny,Day,0.09026692708333334,100.0,-15.0,23.33685099998206,auto,,,,,,0,
1768446798861,Sunny,Day,0.09309895833333333,100.0,-16.0,24.168809999991936,auto,,,,,,0,
1768446798893,Sunny,Day,0.09241536458333334,100.0,-16.0,24.51295100001971,auto,,,,,,0,
1768446798924,Sunny,Day,0.09205729166666667,100.0,-16.0,22.52797700000997,auto,,,,,,0,
1768446798955,Sunny,Day,0.09176432291666667,100.0,-16.0,22.631880999995246,auto,,,,,,0,
1768446798988,Sunny,Day,0.09186197916666666,100.0,-16.0,25.46040199999311,auto,,,,,,0,
1768446799019,Sunny,Day,0.0923828125,100.0,-16.0,22.470870999995896,auto,,,,,,0,
1768446799049,Sunny,Day,0.09251302083333333,100.0,-17.0,23.06645299998422,auto,,,,,,0,
1768446799083,Sunny,Day,0.09150390625,100.0,-16.0,26.438011999999844,auto,,,,,,0,
1768446799113,Sunny,Day,0.09182942708333333,100.0,-17.0,22.15664700000275,auto,,,,,,0,
1768446799147,Sunny,Day,0.09173177083333334,100.0,-16.0,26.33001599997442,auto,,,,,,0,
1768446799178,Sunny,Day,0.09208984375,100.0,-16.0,20.776364999989028,auto,,,,,,0,
1768446799212,Sunny,Day,0.09140625,100.0,-15.0,22.894844999996167,auto,,,,,,0,
1768446799240,Sunny,Day,0.09173177083333334,100.0,-16.0,18.49502600001074,auto,,,,,,0,
1768446799274,Sunny,Day,0.09127604166666667,100.0,-15.0,22.312533999979678,auto,,,,,,0,
1768446799305,Sunny,Day,0.09150390625,100.0,-16.0,16.4057280000236,auto,,,,,,0,
1768446799336,Sunny,Day,0.09114583333333333,100.0,-15.0,20.92774600001235,auto,,,,,,0,
1768446799366,Sunny,Day,0.09124348958333334,100.0,-15.0,19.885227999992594,auto,,,,,,0,
1768446799398,Sunny,Day,0.09248046875,100.0,-16.0,21.813858000001574,auto,,,,,,0,
1768446799429,Sunny,Day,0.091015625,100.0,-16.0,21.620427000016207,auto,,,,,,0,
1768446799460,Sunny,Day,0.09091796875,100.0,-16.0,20.928561000005175,auto,,,,,,0,
1768446799492,Sunny,Day,0.09088541666666666,100.0,-15.0,21.158775000003516,auto,,,,,,0,
1768446799523,Sunny,Day,0.09091796875,100.0,-15.0,20.487601000013456,auto,,,,,,0,
1768446799554,Sunny,Day,0.08994140625,100.0,-16.0,21.382759999994505,auto,,,,,,0,
1768446799587,Sunny,Day,0.08987630208333333,100.0,-16.0,23.652787999992597,auto,,,,,,0,
1768446799618,Sunny,Day,0.089453125,100.0,-16.0,21.275209000009454,auto,,,,,,0,
1768446799650,Sunny,Day,0.09049479166666667,100.0,-16.0,22.093092000005754,auto,,,,,,0,
1768446799682,Sunny,Day,0.08896484375,100.0,-16.0,20.943616000010934,auto,,,,,,0,
1768446799713,Sunny,Day,0.08958333333333333,100.0,-16.0,20.078640000008363,auto,,,,,,0,
1768446799743,Sunny,Day,0.08824869791666666,100.0,-16.0,20.071483999998918,auto,,,,,,0,
1768446799778,Sunny,Day,0.08912760416666667,100.0,-16.0,24.489676000001737,auto,,,,,,0,
1768446799807,Sunny,Day,0.0896484375,100.0,-16.0,18.765158000007887,auto,,,,,,0,
1768446799838,Sunny,Day,0.08834635416666667,100.0,-16.0,21.150301999995236,auto,,,,,,0,
1768446799869,Sunny,Day,0.08714192708333333,100.0,-16.0,19.983733000003667,auto,,,,,,0,
1768446799902,Sunny,Day,0.08834635416666667,100.0,-16.0,22.576880000002575,auto,,,,,,0,
1768446799933,Sunny,Day,0.08746744791666666,100.0,-16.0,20.060414999989007,auto,,,,,,0,
1768446799963,Sunny,Day,0.08753255208333334,100.0,-16.0,18.670620999984067,auto,,,,,,0,
1768446799995,Sunny,Day,0.08723958333333333,100.0,-16.0,21.56139499999199,auto,,,,,,0,
1768446800026,Sunny,Day,0.08684895833333334,100.0,-16.0,21.69952599999192,auto,,,,,,0,
1768446800058,Sunny,Day,0.08671875,100.0,-16.0,20.62216499999181,auto,,,,,,0,
1768446800091,Sunny,Day,0.08798828125,100.0,-16.0,23.22248299998364,auto,,,,,,0,
1768446800121,Sunny,Day,0.08681640625,100.0,-17.0,20.44466899999975,auto,,,,,,0,
1768446800152,Sunny,Day,0.08821614583333333,100.0,-17.0,17.689957000015966,auto,,,,,,0,
1768446800187,Sunny,Day,0.0873046875,100.0,-17.0,25.627616000008402,auto,,,,,,0,
1768446800215,Sunny,Day,0.08889973958333333,100.0,-17.0,16.848528000025453,auto,,,,,,0,
1768446800246,Sunny,Day,0.08668619791666667,100.0,-17.0,22.77301300000545,auto,,,,,,0,
1768446800278,Sunny,Day,0.08766276041666667,100.0,-18.0,21.247165000005452,auto,,,,,,0,
1768446800309,Sunny,Day,0.08802083333333334,100.0,-17.0,20.360871000008274,auto,,,,,,0,
1768446800341,Sunny,Day,0.08870442708333333,100.0,-17.0,21.109195000008185,auto,,,,,,0,
1768446800372,Sunny,Day,0.087890625,100.0,-17.0,20.92899199999465,auto,,,,,,0,
1768446800405,Sunny,Day,0.08883463541666667,100.0,-17.0,23.304760000002034,auto,,,,,,0,
1768446800436,Sunny,Day,0.08961588541666667,100.0,-17.0,20.00131799999849,auto,,,,,,0,
1768446800467,Sunny,Day,0.08994140625,100.0,-18.0,20.788871000007703,auto,,,,,,0,
1768446800498,Sunny,Day,0.08987630208333333,100.0,-18.0,21.412462000000687,auto,,,,,,0,
1768446800533,Sunny,Day,0.0912109375,100.0,-18.0,23.83428200002413,auto,,,,,,0,
1768446800562,Sunny,Day,0.0916015625,100.0,-18.0,19.819243000000597,auto,,,,,,0,
1768446800592,Sunny,Day,0.09098307291666667,100.0,-17.0,19.942380999992793,auto,,,,,,0,
1768446800624,Sunny,Day,0.0921875,100.0,-18.0,22.279124000021966,auto,,,,,,0,
1768446800655,Sunny,Day,0.09176432291666667,100.0,-17.0,20.619143999994094,auto,,,,,,0,
1768446800687,Sunny,Day,0.09176432291666667,100.0,-18.0,21.72981999999024,auto,,,,,,0,
1768446800718,Sunny,Day,0.09166666666666666,100.0,-17.0,21.593555999999126,auto,,,,,,0,
1768446800749,Sunny,Day,0.09225260416666667,100.0,-17.0,20.832662000003666,auto,,,,,,0,
1768446800781,Sunny,Day,0.092578125,100.0,-17.0,19.17279199997779,auto,,,,,,0,
1768446800814,Sunny,Day,0.09150390625,100.0,-17.0,23.16780900000026,auto,,,,,,0,
1768446800847,Sunny,Day,0.0916015625,100.0,-17.0,22.073503000001438,auto,,,,,,0,
1768446800876,Sunny,Day,0.09231770833333333,100.0,-17.0,18.260951000002024,auto,,,,,,0,
1768446800906,Sunny,Day,0.09182942708333333,100.0,-17.0,21.205210999994506,auto,,,,,,0,
1768446800938,Sunny,Day,0.09169921875,100.0,-17.0,22.350944999999456,auto,,,,,,0,
1768446800970,Sunny,Day,0.0927734375,100.0,-17.0,22.11777499999812,auto,,,,,,0,
1768446801003,Sunny,Day,0.09091796875,100.0,-17.0,21.64094200000477,auto,,,,,,0,
1768446801033,Sunny,Day,0.09137369791666666,100.0,-17.0,19.74497599999836,auto,,,,,,0,
1768446801065,Sunny,Day,0.09124348958333334,100.0,-17.0,18.840588000017533,auto,,,,,,0,
1768446801095,Sunny,Day,0.09130859375,100.0,-17.0,18.601644000000306,auto,,,,,,0,
1768446801127,Sunny,Day,0.09130859375,100.0,-17.0,21.757954000008795,auto,,,,,,0,
1768446801158,Sunny,Day,0.09166666666666666,100.0,-18.0,19.863659999998617,auto,,,,,,0,
1768446801189,Sunny,Day,0.09052734375,100.0,-18.0,21.37616900000694,auto,,,,,,0,
1768446801221,Sunny,Day,0.08958333333333333,100.0,-17.0,21.705933999982108,auto,,,,,,0,
1768446801254,Sunny,Day,0.08938802083333333,100.0,-16.0,22.8272420000053,auto,,,,,,0,
1768446801285,Sunny,Day,0.08942057291666666,100.0,-17.0,21.30742900001792,auto,,,,,,0,
1768446801316,Sunny,Day,0.0876953125,100.0,-16.0,20.011468999996396,auto,,,,,,0,
1768446801348,Sunny,Day,0.08792317708333333,100.0,-16.0,21.84508499999538,auto,,,,,,0,
1768446801379,Sunny,Day,0.087890625,100.0,-16.0,19.96819900000446,auto,,,,,,0,
1768446801410,Sunny,Day,0.08720703125,100.0,-16.0,20.263370999998642,auto,,,,,,0,
1768446801442,Sunny,Day,0.08610026041666667,100.0,-16.0,18.510211999995363,auto,,,,,,0,
1768446801472,Sunny,Day,0.0875,100.0,-17.0,19.651097000007667,auto,,,,,,0,
1768446801504,Sunny,Day,0.08701171875,100.0,-16.0,21.51834200000735,auto,,,,,,0,
1768446801535,Sunny,Day,0.08714192708333333,100.0,-16.0,21.837688000005073,auto,,,,,,0,
1768446801567,Sunny,Day,0.08714192708333333,100.0,-17.0,21.722360000012486,auto,,,,,,0,
1768446801598,Sunny,Day,0.08629557291666666,100.0,-16.0,20.745430999994596,auto,,,,,,0,
1768446801629,Sunny,Day,0.08561197916666667,100.0,-17.0,21.853927999984535,auto,,,,,,0,
1768446801661,Sunny,Day,0.08759765625,100.0,-17.0,22.83649299999979,auto,,,,,,0,
1768446801693,Sunny,Day,0.08756510416666667,100.0,-17.0,17.69794200001229,auto,,,,,,0,
1768446801726,Sunny,Day,0.08662109375,100.0,-17.0,22.1438169999999,auto,,,,,,0,
1768446801755,Sunny,Day,0.08795572916666666,100.0,-18.0,19.221741999984943,auto,,,,,,0,
1768446801788,Sunny,Day,0.08785807291666667,100.0,-18.0,22.706277999986924,auto,,,,,,0,
1768446801818,Sunny,Day,0.0892578125,100.0,-18.0,19.15298200000848,auto,,,,,,0,
1768446801849,Sunny,Day,0.0888671875,100.0,-18.0,20.70358900002134,auto,,,,,,0,
1768446801881,Sunny,Day,0.08929036458333334,100.0,-19.0,21.221094999987145,auto,,,,,,0,
1768446801913,Sunny,Day,0.09088541666666666,100.0,-19.0,19.979322000011734,auto,,,,,,0,
1768446801947,Sunny,Day,0.09072265625,100.0,-19.0,23.559073000001263,auto,,,,,,0,
1768446801976,Sunny,Day,0.09036458333333333,100.0,-19.0,19.035947999981317,auto,,,,,,0,
1768446802007,Sunny,Day,0.09078776041666667,100.0,-19.0,21.64060600000539,auto,,,,,,0,
1768446802040,Sunny,Day,0.09098307291666667,100.0,-18.0,23.128434000000198,auto,,,,,,0,
1768446802070,Sunny,Day,0.08990885416666666,100.0,-18.0,20.431005000006053,auto,,,,,,0,
1768446802101,Sunny,Day,0.09166666666666666,100.0,-19.0,19.950336000022162,auto,,,,,,0,
1768446802133,Sunny,Day,0.0912109375,100.0,-19.0,21.905212000007168,auto,,,,,,0,
1768446802164,Sunny,Day,0.09065755208333333,100.0,-18.0,16.578017999989925,auto,,,,,,0,
1768446802197,Sunny,Day,0.09192708333333334,100.0,-18.0,17.5078039999903,auto,,,,,,0,
1768446802229,Sunny,Day,0.09251302083333333,100.0,-19.0,21.577129000007744,auto,,,,,,0,
1768446802258,Sunny,Day,0.09225260416666667,100.0,-19.0,18.220159000009062,auto,,,,,,0,
1768446802290,Sunny,Day,0.091015625,100.0,-19.0,20.531368999996857,auto,,,,,,0,
1768446802323,Sunny,Day,0.09195963541666667,100.0,-19.0,19.510023999998793,auto,,,,,,0,
1768446802354,Sunny,Day,0.09267578125,100.0,-19.0,20.716359000005014,auto,,,,,,0,
1768446802385,Sunny,Day,0.0921875,100.0,-19.0,20.350012999983846,auto,,,,,,0,
1768446802416,Sunny,Day,0.091796875,100.0,-19.0,21.369262999996863,auto,,,,,,0,
1768446802447,Sunny,Day,0.09254557291666667,100.0,-20.0,21.349223000015627,auto,,,,,,0,
1768446802478,Sunny,Day,0.09274088541666667,100.0,-20.0,20.901589000004606,auto,,,,,,0,
1768446802509,Sunny,Day,0.09296875,100.0,-20.0,21.544890999990685,auto,,,,,,0,
1768446802541,Sunny,Day,0.0919921875,100.0,-20.0,21.017024000002493,auto,,,,,,0,
1768446802574,Sunny,Day,0.09267578125,100.0,-20.0,20.76947000000473,auto,,,,,,0,
1768446802605,Sunny,Day,0.09319661458333334,100.0,-20.0,20.48394999999914,auto,,,,,,0,
1768446802635,Sunny,Day,0.09065755208333333,100.0,-20.0,19.640438999999787,auto,,,,,,0,
1768446802667,Sunny,Day,0.09309895833333333,100.0,-20.0,21.920542000003707,auto,,,,,,0,
1768446802699,Sunny,Day,0.09287109375,100.0,-20.0,22.125886999987188,auto,,,,,,0,
1768446802732,Sunny,Day,0.09322916666666667,100.0,-19.0,23.414083999995228,auto,,,,,,0,
1768446802764,Sunny,Day,0.09134114583333333,100.0,-20.0,22.21920599998839,auto,,,,,,0,
1768446802792,Sunny,Day,0.09365234375,100.0,-20.0,18.812703999998348,auto,,,,,,0,
1768446802824,Sunny,Day,0.09391276041666667,100.0,-20.0,22.23040300000889,auto,,,,,,0,
1768446802855,Sunny,Day,0.09371744791666667,100.0,-19.0,21.906416999996736,auto,,,,,,0,
1768446802887,Sunny,Day,0.09329427083333333,100.0,-19.0,25.367956999986063,auto,,,,,,0,
1768446802918,Sunny,Day,0.09459635416666666,100.0,-19.0,20.323021999985258,auto,,,,,,0,
1768446802949,Sunny,Day,0.09430338541666666,100.0,-19.0,20.58501799999135,auto,,,,,,0,
1768446802981,Sunny,Day,0.09615885416666667,100.0,-19.0,21.931332000008297,auto,,,,,,0,
1768446803013,Sunny,Day,0.09609375,100.0,-19.0,20.068185000013727,auto,,,,,,0,
1768446803046,Sunny,Day,0.0955078125,100.0,-19.0,18.60624400001143,auto,,,,,,0,
1768446803076,Sunny,Day,0.09801432291666666,100.0,-20.0,20.221777999978485,auto,,,,,,0,
1768446803107,Sunny,Day,0.09931640625,100.0,-19.0,21.373105999998643,auto,,,,,,0,
1768446803138,Sunny,Day,0.10084635416666667,100.0,-18.0,20.114374000002044,auto,,,,,,0,
1768446803172,Sunny,Day,0.10218098958333334,100.0,-19.0,23.28714400002241,auto,,,,,,0,
1768446803201,Sunny,Day,0.10182291666666667,100.0,-19.0,18.995543999977826,auto,,,,,,0,
1768446803232,Sunny,Day,0.10166015625,100.0,-18.0,21.19411000001037,auto,,,,,,0,
1768446803264,Sunny,Day,0.1025390625,100.0,-19.0,21.57558700000095,auto,,,,,,0,
1768446803296,Sunny,Day,0.10325520833333333,100.0,-19.0,21.853867000004357,auto,,,,,,0,
1768446803327,Sunny,Day,0.10299479166666667,100.0,-19.0,21.488109999978633,auto,,,,,,0,
1768446803358,Sunny,Day,0.10413411458333334,100.0,-19.0,21.223843000001352,auto,,,,,,0,
1768446803390,Sunny,Day,0.10367838541666667,100.0,-19.0,16.654888999994455,auto,,,,,,0,
1768446803422,Sunny,Day,0.10524088541666667,100.0,-19.0,23.090223999986392,auto,,,,,,0,
1768446803453,Sunny,Day,0.10514322916666667,100.0,-19.0,20.206986000005145,auto,,,,,,0,
1768446803484,Sunny,Day,0.10618489583333333,100.0,-19.0,21.60880499999962,auto,,,,,,0,
1768446803516,Sunny,Day,0.10712890625,100.0,-19.0,22.50865700000304,auto,,,,,,0,
1768446803546,Sunny,Day,0.10703125,100.0,-19.0,20.31010799998967,auto,,,,,,0,
1768446803578,Sunny,Day,0.1080078125,100.0,-20.0,20.269216000002643,auto,,,,,,0,
1768446803611,Sunny,Day,0.10748697916666666,100.0,-20.0,19.723425000023553,auto,,,,,,0,
1768446803642,Sunny,Day,0.10716145833333333,100.0,-20.0,17.272512000005236,auto,,,,,,0,
1768446803676,Sunny,Day,0.10748697916666666,100.0,-19.0,23.84997100000419,auto,,,,,,0,
1768446803704,Sunny,Day,0.10745442708333333,100.0,-20.0,14.364600999982713,auto,,,,,,0,
1768446803737,Sunny,Day,0.10458984375,100.0,-20.0,20.12449499997615,auto,,,,,,0,
1768446803766,Sunny,Day,0.10289713541666666,100.0,-20.0,20.0122340000064,auto,,,,,,0,
1768446803799,Sunny,Day,0.09993489583333333,100.0,-22.0,22.090087000009362,auto,,,,,,0,
1768446803831,Sunny,Day,0.09778645833333334,100.0,-23.0,20.002779999998666,auto,,,,,,0,
1768446803861,Sunny,Day,0.09762369791666667,100.0,-23.0,19.500756000013553,auto,,,,,,0,
1768446803897,Sunny,Day,0.09873046875,100.0,-23.0,26.00972099997989,auto,,,,,,0,
1768446803925,Sunny,Day,0.09703776041666666,100.0,-22.0,17.265301000009003,auto,,,,,,0,
1768446803957,Sunny,Day,0.09947916666666666,100.0,-21.0,22.37685800000122,auto,,,,,,0,
1768446803989,Sunny,Day,0.09983723958333333,100.0,-21.0,20.252792000007958,auto,,,,,,0,
1768446804018,Sunny,Day,0.09931640625,100.0,-21.0,20.05295099999671,auto,,,,,,0,
1768446804051,Sunny,Day,0.09820963541666666,100.0,-21.0,18.915937000002714,auto,,,,,,0,
1768446804083,Sunny,Day,0.09921875,100.0,-20.0,22.52465000000825,auto,,,,,,0,
1768446804113,Sunny,Day,0.09791666666666667,100.0,-20.0,15.015513000008696,auto,,,,,,0,
1768446804144,Sunny,Day,0.0978515625,100.0,-20.0,21.63085500001216,auto,,,,,,0,
1768446804175,Sunny,Day,0.09768880208333333,100.0,-20.0,21.45427599998584,auto,,,,,,0,
1768446804207,Sunny,Day,0.096875,100.0,-20.0,22.032969000008507,auto,,,,,,0,
1768446804238,Sunny,Day,0.09768880208333333,100.0,-20.0,21.655249000019694,auto,,,,,,0,
1768446804270,Sunny,Day,0.09736328125,100.0,-20.0,21.583827999990035,auto,,,,,,0,
1768446804301,Sunny,Day,0.09723307291666666,100.0,-20.0,21.641254000002164,auto,,,,,,0,
1768446804333,Sunny,Day,0.09658203125,100.0,-20.0,18.18767200001048,auto,,,,,,0,
1768446804365,Sunny,Day,0.09654947916666666,100.0,-20.0,19.5570969999892,auto,,,,,,0,
1768446804397,Sunny,Day,0.097265625,100.0,-19.0,22.05966100001433,auto,,,,,,0,
1768446804426,Sunny,Day,0.09837239583333333,100.0,-20.0,19.991204999996626,auto,,,,,,0,
1768446804458,Sunny,Day,0.09680989583333334,100.0,-20.0,20.94998900000178,auto,,,,,,0,
1768446804491,Sunny,Day,0.09645182291666667,100.0,-20.0,21.12121199999706,auto,,,,,,0,
1768446804524,Sunny,Day,0.09710286458333334,100.0,-20.0,22.005257000017764,auto,,,,,,0,
1768446804554,Sunny,Day,0.09641927083333333,100.0,-20.0,17.55770799999823,auto,,,,,,0,
1768446804584,Sunny,Day,0.09560546875,100.0,-20.0,18.261336999984223,auto,,,,,,0,
1768446804616,Sunny,Day,0.09602864583333333,100.0,-20.0,20.44420100000366,auto,,,,,,0,
1768446804649,Sunny,Day,0.09573567708333333,100.0,-21.0,16.344750000001795,auto,,,,,,0,
1768446804678,Sunny,Day,0.09514973958333334,100.0,-20.0,19.31512100000532,auto,,,,,,0,
1768446804711,Sunny,Day,0.09420572916666667,100.0,-20.0,23.516615999994883,auto,,,,,,0,
1768446804742,Sunny,Day,0.0921875,100.0,-20.0,20.82171600000038,auto,,,,,,0,
1768446804773,Sunny,Day,0.09313151041666666,100.0,-20.0,20.274165000017774,auto,,,,,,0,
1768446804804,Sunny,Day,0.09319661458333334,100.0,-20.0,20.487947000020768,auto,,,,,,0,
1768446804835,Sunny,Day,0.09225260416666667,100.0,-19.0,21.13730100001021,auto,,,,,,0,
1768446804866,Sunny,Day,0.09225260416666667,100.0,-19.0,16.811537999984694,auto,,,,,,0,
1768446804902,Sunny,Day,0.09156901041666667,100.0,-19.0,22.60602500001596,auto,,,,,,0,
1768446804934,Sunny,Day,0.09140625,100.0,-19.0,20.14203699999939,auto,,,,,,0,
1768446804962,Sunny,Day,0.09075520833333334,100.0,-19.0,15.964064999991479,auto,,,,,,0,
1768446804993,Sunny,Day,0.08981119791666667,100.0,-19.0,19.849585999992314,auto,,,,,,0,
1768446805024,Sunny,Day,0.08876953125,100.0,-18.0,22.214462999983198,auto,,,,,,0,
1768446805055,Sunny,Day,0.08821614583333333,100.0,-18.0,21.563829000001533,auto,,,,,,0,
1768446805089,Sunny,Day,0.08880208333333334,100.0,-18.0,18.93420799999035,auto,,,,,,0,
1768446805120,Sunny,Day,0.08727213541666666,100.0,-17.0,21.496451000018624,auto,,,,,,0,
1768446805151,Sunny,Day,0.08714192708333333,100.0,-17.0,20.834680999996635,auto,,,,,,0,
1768446805181,Sunny,Day,0.0861328125,100.0,-17.0,21.039298000005147,auto,,,,,,0,
1768446805213,Sunny,Day,0.08492838541666667,100.0,-17.0,21.684535000019878,auto,,,,,,0,
1768446805245,Sunny,Day,0.08365885416666667,100.0,-17.0,22.50428699997542,auto,,,,,,0,
1768446805276,Sunny,Day,0.08356119791666666,100.0,-16.0,21.541752000018732,auto,,,,,,0,
1768446805307,Sunny,Day,0.0828125,100.0,-15.0,21.700550000019803,auto,,,,,,0,
1768446805339,Sunny,Day,0.08333333333333333,100.0,-15.0,20.420994999994946,auto,,,,,,0,
1768446805371,Sunny,Day,0.08245442708333334,100.0,-14.0,21.13045900000543,auto,,,,,,0,
1768446805402,Sunny,Day,0.08330078125,100.0,-13.0,20.637383999996928,auto,,,,,,0,
1768446805433,Sunny,Day,0.08349609375,100.0,-12.0,16.36160500001438,auto,,,,,,0,
1768446805465,Sunny,Day,0.08343098958333334,100.0,-12.0,22.548643000021684,auto,,,,,,0,
1768446805495,Sunny,Day,0.08369140625,100.0,-12.0,18.751463000000967,auto,,,,,,0,
1768446805529,Sunny,Day,0.08336588541666666,100.0,-12.0,23.60559999999623,auto,,,,,,0,
1768446805560,Sunny,Day,0.08154296875,100.0,-11.0,21.54208600001084,auto,,,,,,0,
1768446805590,Sunny,Day,0.08125,100.0,-10.0,20.12247400000433,auto,,,,,,0,
1768446805622,Sunny,Day,0.08076171875,100.0,-7.0,21.78752099999315,auto,,,,,,0,
1768446805654,Sunny,Day,0.084765625,100.0,0.0,19.73049399998672,auto,,,,,,0,
1768446805685,Sunny,Day,0.08024088541666667,100.0,4.0,21.011384000019007,auto,,,,,,0,
1768446805715,Sunny,Day,0.07705078125,100.0,7.0,20.076579000004813,auto,,,,,,0,
1768446805747,Sunny,Day,0.07646484375,100.0,9.0,17.663588000004893,auto,,,,,,0,
1768446805778,Sunny,Day,0.07805989583333334,100.0,9.0,22.096180999994885,auto,,,,,,0,
1768446805810,Sunny,Day,0.07779947916666667,100.0,9.0,22.27926099999422,auto,,,,,,0,
1768446805842,Sunny,Day,0.0765625,100.0,8.0,21.734748999989506,auto,,,,,,0,
1768446805874,Sunny,Day,0.07802734375,100.0,6.0,21.495041999997966,auto,,,,,,0,
1768446805904,Sunny,Day,0.0783203125,100.0,4.0,19.996707000018432,auto,,,,,,0,
1768446805935,Sunny,Day,0.08072916666666667,100.0,1.0,21.873267999978907,auto,,,,,,0,
1768446805967,Sunny,Day,0.07962239583333333,100.0,0.0,22.596391999996968,auto,,,,,,0,
1768446806000,Sunny,Day,0.08063151041666666,100.0,0.0,23.217068999997537,auto,,,,,,0,
1768446806029,Sunny,Day,0.0798828125,100.0,1.0,18.259516999989955,auto,,,,,,0,
1768446806061,Sunny,Day,0.07916666666666666,100.0,2.0,18.966994000010118,auto,,,,,,0,
1768446806096,Sunny,Day,0.07913411458333333,100.0,4.0,20.43555200000924,auto,,,,,,0,
1768446806124,Sunny,Day,0.0787109375,100.0,4.0,18.577751000009357,auto,,,,,,0,
1768446806156,Sunny,Day,0.07867838541666666,100.0,5.0,20.902438999996775,auto,,,,,,0,
1768446806188,Sunny,Day,0.078125,100.0,7.0,22.315540000022338,auto,,,,,,0,
1768446806219,Sunny,Day,0.077734375,100.0,7.0,20.422633000009682,auto,,,,,,0,
1768446806250,Sunny,Day,0.076953125,100.0,8.0,20.94023299997616,auto,,,,,,0,
1768446806283,Sunny,Day,0.07685546875,100.0,9.0,22.91247200000157,auto,,,,,,0,
1768446806319,Sunny,Day,0.07705078125,100.0,8.0,25.776428999989776,auto,,,,,,0,
1768446806344,Sunny,Day,0.07610677083333334,100.0,9.0,15.608253000010563,auto,,,,,,0,
1768446806376,Sunny,Day,0.07555338541666666,100.0,9.0,22.04273600000306,auto,,,,,,0,
1768446806407,Sunny,Day,0.075390625,100.0,9.0,20.479722000004585,auto,,,,,,0,
1768446806438,Sunny,Day,0.07438151041666667,100.0,10.0,21.4939599999866,auto,,,,,,0,
1768446806470,Sunny,Day,0.07327473958333333,100.0,10.0,20.738512000008313,auto,,,,,,0,
1768446806502,Sunny,Day,0.07158203125,100.0,11.0,22.07943600001272,auto,,,,,,0,
1768446806533,Sunny,Day,0.07080078125,100.0,11.0,21.3633029999869,auto,,,,,,0,
1768446806565,Sunny,Day,0.06995442708333334,100.0,11.0,18.63441400001875,auto,,,,,,0,
1768446806596,Sunny,Day,0.06861979166666667,100.0,12.0,20.509731000004194,auto,,,,,,0,
1768446806629,Sunny,Day,0.0681640625,100.0,13.0,22.628138999976954,auto,,,,,,0,
1768446806658,Sunny,Day,0.06604817708333334,100.0,13.0,19.0344810000056,auto,,,,,,0,
1768446806691,Sunny,Day,0.06435546875,100.0,14.0,19.72249600001419,auto,,,,,,0,
1768446806723,Sunny,Day,0.06279296875,100.0,14.0,22.0905569999843,auto,,,,,,0,
1768446806753,Sunny,Day,0.06139322916666667,100.0,14.0,20.10310199997889,auto,,,,,,0,
1768446806785,Sunny,Day,0.06057942708333333,100.0,14.0,19.96275100000844,auto,,,,,,0,
1768446806817,Sunny,Day,0.06139322916666667,100.0,13.0,21.77580899999043,auto,,,,,,0,
1768446806847,Sunny,Day,0.06360677083333334,100.0,12.0,20.772395999983928,auto,,,,,,0,
1768446806880,Sunny,Day,0.0669921875,100.0,11.0,23.61483300001055,auto,,,,,,0,
1768446806910,Sunny,Day,0.07041015625,100.0,9.0,18.953611999990017,auto,,,,,,0,
1768446806941,Sunny,Day,0.07307942708333333,100.0,8.0,21.480298000000175,auto,,,,,,0,
1768446806973,Sunny,Day,0.07626953125,100.0,7.0,21.379429000006667,auto,,,,,,0,
1768446807004,Sunny,Day,0.07887369791666667,100.0,6.0,21.395925999996734,auto,,,,,,0,
1768446807036,Sunny,Day,0.0806640625,100.0,4.0,22.88351300001068,auto,,,,,,0,
1768446807068,Sunny,Day,0.08111979166666666,100.0,2.0,21.52346299999408,auto,,,,,,0,
1768446807099,Sunny,Day,0.0810546875,100.0,1.0,21.520756999990454,auto,,,,,,0,
1768446807132,Sunny,Day,0.08121744791666667,100.0,-1.0,21.9074680000233,auto,,,,,,0,
1768446807162,Sunny,Day,0.082421875,100.0,-1.0,19.641250000006494,auto,,,,,,0,
1768446807193,Sunny,Day,0.0830078125,100.0,-2.0,20.542414000004783,auto,,,,,,0,
1768446807225,Sunny,Day,0.080859375,100.0,-1.0,21.645662999986826,auto,,,,,,0,
1768446807256,Sunny,Day,0.08004557291666667,100.0,0.0,20.150642999993806,auto,,,,,,0,
1768446807287,Sunny,Day,0.07854817708333334,100.0,1.0,21.500960999986773,auto,,,,,,0,
1768446807320,Sunny,Day,0.07740885416666667,100.0,3.0,18.619757000010395,auto,,,,,,0,
1768446807350,Sunny,Day,0.07552083333333333,100.0,4.0,18.618662999983826,auto,,,,,,0,
1768446807382,Sunny,Day,0.07418619791666667,100.0,6.0,22.24699000001351,auto,,,,,,0,
1768446807413,Sunny,Day,0.07154947916666667,100.0,7.0,20.27621599998497,auto,,,,,,0,
1768446807446,Sunny,Day,0.06985677083333333,100.0,8.0,22.44833299999982,auto,,,,,,0,
1768446807478,Sunny,Day,0.06611328125,100.0,9.0,21.228481000008514,auto,,,,,,0,
1768446807512,Sunny,Day,0.0634765625,100.0,10.0,23.768552999996473,auto,,,,,,0,
1768446807538,Sunny,Day,0.059830729166666666,100.0,11.0,17.423073000003342,auto,,,,,,0,
1768446807569,Sunny,Day,0.058430989583333336,100.0,12.0,21.51321300001996,auto,,,,,,0,
1768446807601,Sunny,Day,0.05595703125,100.0,11.0,21.338818999993237,auto,,,,,,0,
1768446807634,Sunny,Day,0.05823567708333333,100.0,11.0,19.033714000016744,auto,,,,,,0,
1768446807664,Sunny,Day,0.06009114583333333,100.0,11.0,19.308141000010437,auto,,,,,,0,
1768446807696,Sunny,Day,0.06266276041666667,100.0,9.0,22.875523999999814,auto,,,,,,0,
1768446807727,Sunny,Day,0.064453125,100.0,7.0,21.298467999997683,auto,,,,,,0,
1768446807758,Sunny,Day,0.06839192708333333,100.0,4.0,20.41808100000253,auto,,,,,,0,
1768446807790,Sunny,Day,0.06852213541666667,100.0,3.0,22.43884399999274,auto,,,,,,0,
1768446807821,Sunny,Day,0.06904296875,100.0,3.0,22.059546000008368,auto,,,,,,0,
1768446807854,Sunny,Day,0.06640625,100.0,3.0,21.939719000016566,auto,,,,,,0,
1768446807884,Sunny,Day,0.0642578125,100.0,4.0,20.79754600001138,auto,,,,,,0,
1768446807916,Sunny,Day,0.06363932291666667,100.0,5.0,19.534988999993175,auto,,,,,,0,
1768446807947,Sunny,Day,0.06243489583333333,100.0,5.0,21.006822999993346,auto,,,,,,0,
1768446807980,Sunny,Day,0.06357421875,100.0,5.0,21.10919000000422,auto,,,,,,0,
1768446808011,Sunny,Day,0.06692708333333333,100.0,4.0,20.910600000007662,auto,,,,,,0,
1768446808044,Sunny,Day,0.06962890625,100.0,2.0,22.50111000000743,auto,,,,,,0,
1768446808073,Sunny,Day,0.07216796875,100.0,0.0,18.795684999986406,auto,,,,,,0,
1768446808104,Sunny,Day,0.0748046875,100.0,-2.0,21.061621000001196,auto,,,,,,0,
1768446808136,Sunny,Day,0.07467447916666667,100.0,30.0,22.36810799999489,auto,,,,,,0,
1768446808167,Sunny,Day,0.07652994791666666,100.0,28.0,21.88080199999831,auto,,,,,,0,
1768446808198,Sunny,Day,0.07786458333333333,100.0,25.0,22.23304800000392,auto,,,,,,0,
1768446808233,Sunny,Day,0.08291015625,100.0,21.0,24.844111000021485,auto,,,,,,0,
1768446808262,Sunny,Day,0.0841796875,100.0,15.0,19.459159000007276,auto,,,,,,0,
1768446808293,Sunny,Day,0.08356119791666666,100.0,11.0,20.365766999987045,auto,,,,,,0,
1768446808324,Sunny,Day,0.08411458333333334,100.0,8.0,21.27065100000891,auto,,,,,,0,
1768446808356,Sunny,Day,0.08590494791666667,100.0,7.0,21.197588999996242,auto,,,,,,0,
1768446808388,Sunny,Day,0.08694661458333333,100.0,3.0,22.75734700000953,auto,,,,,,0,
1768446808419,Sunny,Day,0.08779296875,100.0,2.0,17.850971000001437,auto,,,,,,0,
1768446808452,Sunny,Day,0.0890625,100.0,-1.0,20.773079000008465,auto,,,,,,0,
1768446808481,Sunny,Day,0.08971354166666666,100.0,-3.0,18.534184000003506,auto,,,,,,0,
1768446808515,Sunny,Day,0.09098307291666667,100.0,-5.0,24.786599000009346,auto,,,,,,0,
1768446808544,Sunny,Day,0.09156901041666667,100.0,-5.0,19.06020800001329,auto,,,,,,0,
1768446808575,Sunny,Day,0.0919921875,100.0,-6.0,20.808312000013984,auto,,,,,,0,
1768446808609,Sunny,Day,0.09166666666666666,100.0,-6.0,23.638228999999455,auto,,,,,,0,
1768446808639,Sunny,Day,0.09313151041666666,100.0,-6.0,20.500808999997844,auto,,,,,,0,
1768446808672,Sunny,Day,0.09283854166666666,100.0,-6.0,21.09188700001141,auto,,,,,,0,
1768446808701,Sunny,Day,0.09391276041666667,100.0,-6.0,17.502599000010832,auto,,,,,,0,
1768446808733,Sunny,Day,0.09319661458333334,100.0,-5.0,21.88560199999756,auto,,,,,,0,
1768446808764,Sunny,Day,0.09371744791666667,100.0,-5.0,20.392697000005455,auto,,,,,,0,
1768446808795,Sunny,Day,0.09446614583333333,100.0,-5.0,19.224329999985912,auto,,,,,,0,
1768446808827,Sunny,Day,0.09332682291666666,100.0,-4.0,22.481870999996545,auto,,,,,,0,
1768446808860,Sunny,Day,0.09306640625,100.0,-4.0,20.778750000005175,auto,,,,,,0,
1768446808890,Sunny,Day,0.09332682291666666,100.0,-3.0,20.274467000007235,auto,,,,,,0,
1768446808923,Sunny,Day,0.09283854166666666,100.0,-2.0,21.577951000011808,auto,,,,,,0,
1768446808953,Sunny,Day,0.09176432291666667,100.0,-2.0,20.85464800001091,auto,,,,,,0,
1768446808984,Sunny,Day,0.0908203125,100.0,0.0,21.244667000019035,auto,,,,,,0,
1768446809017,Sunny,Day,0.08942057291666666,100.0,0.0,22.837054999996553,auto,,,,,,0,
1768446809047,Sunny,Day,0.08785807291666667,100.0,1.0,20.16132699998252,auto,,,,,,0,
1768446809079,Sunny,Day,0.08736979166666667,100.0,2.0,21.218425000000707,auto,,,,,,0,
1768446809110,Sunny,Day,0.08590494791666667,100.0,2.0,20.941380000010668,auto,,,,,,0,
1768446809142,Sunny,Day,0.08564453125,100.0,2.0,19.273293999987118,auto,,,,,,0,
1768446809173,Sunny,Day,0.08590494791666667,100.0,2.0,21.48244000002819,auto,,,,,,0,
1768446809203,Sunny,Day,0.0849609375,100.0,2.0,21.470727000007628,auto,,,,,,0,
1768446809237,Sunny,Day,0.08460286458333334,100.0,2.0,18.69257200002039,auto,,,,,,0,
1768446809267,Sunny,Day,0.08460286458333334,100.0,1.0,19.566074000010758,auto,,,,,,0,
1768446809298,Sunny,Day,0.08414713541666667,100.0,1.0,20.22434200000589,auto,,,,,,0,
1768446809330,Sunny,Day,0.08444010416666667,100.0,0.0,20.588551000003008,auto,,,,,,0,
1768446809361,Sunny,Day,0.08330078125,100.0,0.0,20.887520999991693,auto,,,,,,0,
1768446809394,Sunny,Day,0.08375651041666667,100.0,1.0,19.686154999988048,auto,,,,,,0,
1768446809429,Sunny,Day,0.083203125,100.0,1.0,23.81070399999885,auto,,,,,,0,
1768446809456,Sunny,Day,0.08284505208333333,100.0,1.0,17.231397999978526,auto,,,,,,0,
1768446809489,Sunny,Day,0.08151041666666667,100.0,1.0,23.284379000017452,auto,,,,,,0,
1768446809522,Sunny,Day,0.0828125,100.0,2.0,22.994342000004053,auto,,,,,,0,
1768446809551,Sunny,Day,0.08216145833333334,100.0,3.0,19.73033900000587,auto,,,,,,0,
1768446809581,Sunny,Day,0.08190104166666666,100.0,4.0,20.29656799999202,auto,,,,,,0,
1768446809612,Sunny,Day,0.08258463541666666,100.0,6.0,20.666003999991744,auto,,,,,,0,
1768446809648,Sunny,Day,0.08268229166666667,100.0,7.0,23.406683999979805,auto,,,,,,0,
1768446809677,Sunny,Day,0.08356119791666666,100.0,7.0,19.19452499998897,auto,,,,,,0,
1768446809707,Sunny,Day,0.08450520833333333,100.0,8.0,19.31282700002157,auto,,,,,,0,
1768446809739,Sunny,Day,0.08645833333333333,100.0,11.0,21.760948999997254,auto,,,,,,0,
1768446809770,Sunny,Day,0.08704427083333334,100.0,12.0,19.303726999993387,auto,,,,,,0,
1768446809801,Sunny,Day,0.08701171875,100.0,11.0,18.73562500000503,auto,,,,,,0,
1768446809834,Sunny,Day,0.087109375,100.0,9.0,23.101394000008213,auto,,,,,,0,
1768446809866,Sunny,Day,0.08626302083333333,100.0,7.0,21.822815999996692,auto,,,,,,0,
1768446809899,Sunny,Day,0.08678385416666666,100.0,7.0,22.567858999991586,auto,,,,,,0,
1768446809928,Sunny,Day,0.088671875,100.0,9.0,17.187695000018266,auto,,,,,,0,
1768446809960,Sunny,Day,0.08873697916666666,100.0,10.0,18.15942599998266,auto,,,,,,0,
1768446809990,Sunny,Day,0.08746744791666666,100.0,9.0,18.085643000006257,auto,,,,,,0,
1768446810021,Sunny,Day,0.08902994791666667,100.0,11.0,20.38083099998289,auto,,,,,,0,
1768446810052,Sunny,Day,0.08857421875,100.0,8.0,19.111820999995643,auto,,,,,,0,
1768446810085,Sunny,Day,0.08883463541666667,100.0,6.0,20.360047999986364,auto,,,,,,0,
1768446810117,Sunny,Day,0.08831380208333334,100.0,6.0,23.11493400000586,auto,,,,,,0,
1768446810147,Sunny,Day,0.08896484375,100.0,6.0,20.136684000021887,auto,,,,,,0,
1768446810178,Sunny,Day,0.08818359375,100.0,4.0,21.183100000001787,auto,,,,,,0,
1768446810211,Sunny,Day,0.08893229166666666,100.0,5.0,23.0198200000018,auto,,,,,,0,
1768446810241,Sunny,Day,0.09046223958333334,100.0,6.0,19.50825099999065,auto,,,,,,0,
1768446810273,Sunny,Day,0.09182942708333333,100.0,9.0,23.46202900000094,auto,,,,,,0,
1768446810305,Sunny,Day,0.08909505208333333,100.0,5.0,22.771508999994694,auto,,,,,,0,
1768446810336,Sunny,Day,0.09059244791666667,100.0,7.0,21.584534999988136,auto,,,,,,0,
1768446810369,Sunny,Day,0.09108072916666667,100.0,8.0,20.931786999994983,auto,,,,,,0,
1768446810398,Sunny,Day,0.09114583333333333,100.0,10.0,19.625974999996743,auto,,,,,,0,
1768446810431,Sunny,Day,0.09091796875,100.0,12.0,18.42758500001196,auto,,,,,,0,
1768446810461,Sunny,Day,0.09052734375,100.0,14.0,20.88230199998975,auto,,,,,,0,
1768446810493,Sunny,Day,0.09078776041666667,100.0,15.0,22.75214200000164,auto,,,,,,0,
1768446810524,Sunny,Day,0.09375,100.0,18.0,21.96232000000009,auto,,,,,,0,
1768446810557,Sunny,Day,0.09140625,100.0,18.0,22.371446000022388,auto,,,,,,0,
1768446810588,Sunny,Day,0.08997395833333334,100.0,17.0,14.898611999996092,auto,,,,,,0,
1768446810622,Sunny,Day,0.08916015625,100.0,17.0,21.32799500000715,auto,,,,,,0,
1768446810650,Sunny,Day,0.0904296875,100.0,17.0,17.84463399999936,auto,,,,,,0,
1768446810682,Sunny,Day,0.091015625,100.0,17.0,21.256473999983427,auto,,,,,,0,
1768446810715,Sunny,Day,0.09557291666666666,100.0,19.0,22.55023900002584,auto,,,,,,0,
1768446810744,Sunny,Day,0.09619140625,100.0,16.0,19.745849999992515,auto,,,,,,0,
1768446810776,Sunny,Day,0.09661458333333334,100.0,12.0,21.44154900000217,auto,,,,,,0,
1768446810808,Sunny,Day,0.09508463541666666,100.0,8.0,21.58633300001611,auto,,,,,,0,
1768446810838,Sunny,Day,0.09990234375,100.0,10.0,19.23667999997747,auto,,,,,,0,
1768446810872,Sunny,Day,0.10100911458333334,100.0,5.0,21.869949000006272,auto,,,,,,0,
1768446810902,Sunny,Day,0.10390625,100.0,3.0,13.357777999999598,auto,,,,,,0,
1768446810933,Sunny,Day,0.10791015625,100.0,-1.0,17.0920639999963,auto,,,,,,0,
1768446810964,Sunny,Day,0.11038411458333333,100.0,-1.0,19.48169299998881,auto,,,,,,0,
1768446810996,Sunny,Day,0.108984375,100.0,-10.0,20.884545000001253,auto,,,,,,0,
1768446811027,Sunny,Day,0.11227213541666667,100.0,-14.0,16.300714999999855,auto,,,,,,0,
1768446811056,Sunny,Day,0.1126953125,100.0,-11.0,20.942184000006137,auto,,,,,,0,
1768446811088,Sunny,Day,0.11585286458333334,100.0,-15.0,23.918997999999192,auto,,,,,,0,
1768446811121,Sunny,Day,0.11666666666666667,100.0,-14.0,25.864818999991712,auto,,,,,,0,
1768446811151,Sunny,Day,0.10843098958333333,100.0,-9.0,21.333916999992653,auto,,,,,,0,
1768446811182,Sunny,Day,0.11064453125,100.0,-6.0,24.239730999994435,auto,,,,,,0,
1768446811213,Sunny,Day,0.11070963541666666,100.0,0.0,23.38296700000342,auto,,,,,,0,
1768446811245,Sunny,Day,0.10989583333333333,100.0,2.0,23.85976600001527,auto,,,,,,0,
1768446811276,Sunny,Day,0.10904947916666667,100.0,5.0,22.667276000021275,auto,,,,,,0,
1768446811307,Sunny,Day,0.10615234375,100.0,5.0,23.16979899998728,auto,,,,,,0,
1768446811339,Sunny,Day,0.09918619791666666,100.0,2.0,22.94117600001755,auto,,,,,,0,
1768446811370,Sunny,Day,0.10481770833333333,100.0,2.0,23.91119500001082,auto,,,,,,0,
1768446811402,Sunny,Day,0.10397135416666667,100.0,2.0,24.446244000017714,auto,,,,,,0,
1768446811433,Sunny,Day,0.10341796875,100.0,1.0,23.842067000003908,auto,,,,,,0,
1768446811465,Sunny,Day,0.10309244791666666,100.0,-1.0,24.275257999988753,auto,,,,,,0,
1768446811496,Sunny,Day,0.10335286458333333,100.0,-1.0,22.132968999983405,auto,,,,,,0,
1768446811530,Sunny,Day,0.10289713541666666,100.0,-5.0,24.120619000001398,auto,,,,,,0,
1768446811559,Sunny,Day,0.10374348958333333,100.0,-7.0,22.101072999987537,auto,,,,,,0,
1768446811590,Sunny,Day,0.10413411458333334,100.0,-5.0,23.322734000004175,auto,,,,,,0,
1768446811622,Sunny,Day,0.10377604166666667,100.0,-6.0,22.94784800000116,auto,,,,,,0,
1768446811655,Sunny,Day,0.10504557291666666,100.0,-5.0,25.892469999973855,auto,,,,,,0,
1768446811685,Sunny,Day,0.10315755208333334,100.0,-9.0,21.673405000001367,auto,,,,,,0,
1768446811716,Sunny,Day,0.101953125,100.0,-13.0,23.307980999987876,auto,,,,,,0,
1768446811747,Sunny,Day,0.10322265625,100.0,-16.0,23.51675699998168,auto,,,,,,0,
1768446811780,Sunny,Day,0.10738932291666667,100.0,-22.0,24.948636999994278,auto,,,,,,0,
1768446811810,Sunny,Day,0.11663411458333334,100.0,-27.0,22.81648499999278,auto,,,,,,0,
1768446811842,Sunny,Day,0.11722005208333333,100.0,-31.0,24.162947999997186,auto,,,,,,0,
1768446811873,Sunny,Day,0.11754557291666666,100.0,-30.0,23.89503399999171,auto,,,,,,0,
1768446811907,Sunny,Day,0.11070963541666666,100.0,-19.0,22.544494999976905,auto,,,,,,0,
1768446811939,Sunny,Day,0.11126302083333334,100.0,-12.0,24.86646199997722,auto,,,,,,0,
1768446811967,Sunny,Day,0.11181640625,100.0,-12.0,20.498615000008158,auto,,,,,,0,
1768446811999,Sunny,Day,0.11158854166666667,100.0,-11.0,23.766674000000876,auto,,,,,,0,
1768446812030,Sunny,Day,0.10973307291666666,100.0,-7.0,21.475805999983777,auto,,,,,,0,
1768446812062,Sunny,Day,0.1078125,100.0,-8.0,21.12931899998216,auto,,,,,,0,
1768446812094,Sunny,Day,0.10833333333333334,100.0,-6.0,24.404391000018677,auto,,,,,,0,
1768446812126,Sunny,Day,0.10556640625,100.0,-7.0,24.892652000005455,auto,,,,,,0,
1768446812157,Sunny,Day,0.10319010416666667,100.0,-7.0,23.234424000008858,auto,,,,,,0,
1768446812189,Sunny,Day,0.1017578125,100.0,-11.0,24.297197999999298,auto,,,,,,0,
1768446812219,Sunny,Day,0.103125,100.0,-11.0,21.976575999985926,auto,,,,,,0,
1768446812251,Sunny,Day,0.09925130208333334,100.0,-7.0,24.23557700001311,auto,,,,,,0,
1768446812281,Sunny,Day,0.09755859375,100.0,-5.0,23.12595300000453,auto,,,,,,0,
1768446812313,Sunny,Day,0.09606119791666666,100.0,-3.0,22.899039000009225,auto,,,,,,0,
1768446812346,Sunny,Day,0.09313151041666666,100.0,1.0,22.393431000011788,auto,,,,,,0,
1768446812376,Sunny,Day,0.09156901041666667,100.0,3.0,21.321464999999762,auto,,,,,,0,
1768446812407,Sunny,Day,0.09134114583333333,100.0,5.0,23.60226100000773,auto,,,,,,0,
1768446812439,Sunny,Day,0.09075520833333334,100.0,6.0,23.503555000019105,auto,,,,,,0,
1768446812470,Sunny,Day,0.09091796875,100.0,8.0,22.968647999988434,auto,,,,,,0,
1768446812501,Sunny,Day,0.09134114583333333,100.0,8.0,23.28909499999554,auto,,,,,,0,
1768446812533,Sunny,Day,0.09130859375,100.0,7.0,24.11420599997882,auto,,,,,,0,
1768446812564,Sunny,Day,0.09235026041666666,100.0,6.0,23.416822000001503,auto,,,,,,0,
1768446812596,Sunny,Day,0.09222005208333334,100.0,5.0,23.614417999993975,auto,,,,,,0,
1768446812627,Sunny,Day,0.09241536458333334,100.0,3.0,23.749873000014077,auto,,,,,,0,
1768446812659,Sunny,Day,0.09235026041666666,100.0,0.0,22.456109000017932,auto,,,,,,0,
1768446812693,Sunny,Day,0.0923828125,100.0,-1.0,26.22494600001346,auto,,,,,,0,
1768446812724,Sunny,Day,0.09361979166666666,100.0,-2.0,22.646253999994315,auto,,,,,,0,
1768446812756,Sunny,Day,0.09319661458333334,100.0,-4.0,23.66528999999673,auto,,,,,,0,
1768446812785,Sunny,Day,0.09072265625,100.0,-4.0,21.104003000004923,auto,,,,,,0,
1768446812816,Sunny,Day,0.08857421875,100.0,-5.0,23.62429600000837,auto,,,,,,0,
1768446812847,Sunny,Day,0.08597005208333333,100.0,-4.0,23.138369999998076,auto,,,,,,0,
1768446812879,Sunny,Day,0.08304036458333333,100.0,-3.0,24.281575000003386,auto,,,,,,0,
1768446812910,Sunny,Day,0.0814453125,100.0,-1.0,24.03709200001458,auto,,,,,,0,
1768446812941,Sunny,Day,0.07965494791666666,100.0,1.0,23.955788999984406,auto,,,,,,0,
1768446812973,Sunny,Day,0.07923177083333334,100.0,2.0,23.013458999997738,auto,,,,,,0,
1768446813004,Sunny,Day,0.07962239583333333,100.0,1.0,23.974501999987297,auto,,,,,,0,
1768446813037,Sunny,Day,0.07900390625,100.0,2.0,25.27450799999542,auto,,,,,,0,
1768446813067,Sunny,Day,0.07858072916666667,100.0,4.0,23.14592499999435,auto,,,,,,0,
1768446813098,Sunny,Day,0.07584635416666667,100.0,5.0,23.55791700000509,auto,,,,,,0,
1768446813130,Sunny,Day,0.07268880208333334,100.0,10.0,24.359124000000065,auto,,,,,,0,
1768446813165,Sunny,Day,0.06956380208333333,100.0,17.0,27.265784000007898,auto,,,,,,0,
1768446813193,Sunny,Day,0.07473958333333333,100.0,20.0,19.733612000010226,auto,,,,,,0,
1768446813225,Sunny,Day,0.0748046875,100.0,20.0,24.93957400000113,auto,,,,,,0,
1768446813256,Sunny,Day,0.07799479166666666,100.0,20.0,23.539236999994273,auto,,,,,,0,
1768446813287,Sunny,Day,0.07405598958333333,100.0,19.0,23.65454400000999,auto,,,,,,0,
1768446813319,Sunny,Day,0.07734375,100.0,18.0,23.86955700001181,auto,,,,,,0,
1768446813350,Sunny,Day,0.07705078125,100.0,16.0,24.2758589999994,auto,,,,,,0,
1768446813382,Sunny,Day,0.07757161458333334,100.0,14.0,23.846316999993178,auto,,,,,,0,
1768446813414,Sunny,Day,0.07805989583333334,100.0,11.0,24.007362000020294,auto,,,,,,0,
1768446813444,Sunny,Day,0.07962239583333333,100.0,9.0,23.153783999987354,auto,,,,,,0,
1768446813476,Sunny,Day,0.07796223958333333,100.0,7.0,24.3357170000138,auto,,,,,,0,
1768446813507,Sunny,Day,0.07958984375,100.0,5.0,23.647132000007787,auto,,,,,,0,
1768446813539,Sunny,Day,0.07819010416666666,100.0,2.0,23.917148000009547,auto,,,,,,0,
1768446813571,Sunny,Day,0.08030598958333333,100.0,2.0,24.92606399999886,auto,,,,,,0,
1768446813602,Sunny,Day,0.07685546875,100.0,1.0,22.740772999981118,auto,,,,,,0,
1768446813633,Sunny,Day,0.0771484375,100.0,2.0,23.547723999996606,auto,,,,,,0,
1768446813664,Sunny,Day,0.08040364583333333,100.0,2.0,18.7726749999797,auto,,,,,,0,
1768446813697,Sunny,Day,0.0794921875,100.0,4.0,22.04052999999817,auto,,,,,,0,
1768446813731,Sunny,Day,0.080078125,100.0,5.0,25.870135999980448,auto,,,,,,0,
1768446813759,Sunny,Day,0.07945963541666666,100.0,5.0,20.04017299998395,auto,,,,,,0,
1768446813790,Sunny,Day,0.07972005208333334,100.0,6.0,23.467756999991707,auto,,,,,,0,
1768446813821,Sunny,Day,0.07802734375,100.0,7.0,23.638495000000148,auto,,,,,,0,
1768446813853,Sunny,Day,0.07161458333333333,100.0,6.0,23.804008000013255,auto,,,,,,0,
1768446813884,Sunny,Day,0.07708333333333334,100.0,3.0,23.85969700000601,auto,,,,,,0,
1768446813915,Sunny,Day,0.07438151041666667,100.0,2.0,18.769969000004494,auto,,,,,,0,
1768446813948,Sunny,Day,0.07477213541666666,100.0,0.0,24.339367999999695,auto,,,,,,0,
1768446813981,Sunny,Day,0.07822265625,100.0,-2.0,25.517798999999286,auto,,,,,,0,
1768446814010,Sunny,Day,0.07819010416666666,100.0,-3.0,21.115772000001698,auto,,,,,,0,
1768446814042,Sunny,Day,0.07819010416666666,100.0,-7.0,24.632655999994313,auto,,,,,,0,
1768446814073,Sunny,Day,0.0759765625,100.0,-9.0,22.182787000019744,auto,,,,,,0,
1768446814104,Sunny,Day,0.07734375,100.0,-11.0,23.858853999996654,auto,,,,,,0,
1768446814135,Sunny,Day,0.07630208333333334,100.0,-14.0,23.716658000012103,auto,,,,,,0,
1768446814167,Sunny,Day,0.07819010416666666,100.0,-15.0,23.633358000012095,auto,,,,,,0,
1768446814200,Sunny,Day,0.07561848958333334,100.0,-19.0,23.53096799998866,auto,,,,,,0,
1768446814230,Sunny,Day,0.07447916666666667,100.0,-19.0,21.76996900001882,auto,,,,,,0,
1768446814261,Sunny,Day,0.075,100.0,-20.0,24.10471800001801,auto,,,,,,0,
1768446814293,Sunny,Day,0.07939453125,100.0,-19.0,22.870248999993237,auto,,,,,,0,
1768446814324,Sunny,Day,0.07747395833333333,100.0,-19.0,19.060690999992858,auto,,,,,,0,
1768446814357,Sunny,Day,0.07666015625,100.0,-19.0,23.182364000007283,auto,,,,,,0,
1768446814389,Sunny,Day,0.07724609375,100.0,-18.0,23.43877199999156,auto,,,,,,0,
1768446814418,Sunny,Day,0.07708333333333334,100.0,-18.0,20.90688100000193,auto,,,,,,0,
1768446814450,Sunny,Day,0.07649739583333333,100.0,-18.0,23.908761000001277,auto,,,,,,0,
1768446814481,Sunny,Day,0.07613932291666667,100.0,-18.0,23.873030999993716,auto,,,,,,0,
1768446814513,Sunny,Day,0.07522786458333333,100.0,-17.0,24.01522700000669,auto,,,,,,0,
1768446814546,Sunny,Day,0.07470703125,100.0,-16.0,25.327363999991803,auto,,,,,,0,
1768446814577,Sunny,Day,0.0755859375,100.0,-16.0,22.502518999999666,auto,,,,,,0,
1768446814607,Sunny,Day,0.07513020833333334,100.0,-16.0,21.59525100000792,auto,,,,,,0,
1768446814638,Sunny,Day,0.07138671875,100.0,-17.0,23.345204000008835,auto,,,,,,0,
1768446814671,Sunny,Day,0.07444661458333333,100.0,-15.0,25.286295999990216,auto,,,,,,0,
1768446814701,Sunny,Day,0.0765625,100.0,-16.0,22.13126800000964,auto,,,,,,0,
1768446814733,Sunny,Day,0.071875,100.0,-16.0,24.87729599999966,auto,,,,,,0,
1768446814764,Sunny,Day,0.07360026041666666,100.0,-16.0,23.914450999996006,auto,,,,,,0,
1768446814797,Sunny,Day,0.07233072916666666,100.0,-15.0,25.954447999993135,auto,,,,,,0,
1768446814827,Sunny,Day,0.07119140625,100.0,-15.0,21.938868999995975,auto,,,,,,0,
1768446814859,Sunny,Day,0.07034505208333333,100.0,-14.0,24.58599199999867,auto,,,,,,0,
1768446814892,Sunny,Day,0.07054036458333333,100.0,-16.0,25.492169000017384,auto,,,,,,0,
1768446814922,Sunny,Day,0.07112630208333333,100.0,-14.0,20.244974999997112,auto,,,,,,0,
1768446814953,Sunny,Day,0.0712890625,100.0,-14.0,23.693438000009337,auto,,,,,,0,
1768446814984,Sunny,Day,0.06946614583333334,100.0,-13.0,24.169263999993973,auto,,,,,,0,
1768446815017,Sunny,Day,0.06595052083333333,100.0,-15.0,20.606326999995872,auto,,,,,,0,
1768446815047,Sunny,Day,0.06373697916666667,100.0,-14.0,21.24339200000236,auto,,,,,,0,
1768446815080,Sunny,Day,0.058854166666666666,100.0,-13.0,25.830936000005522,auto,,,,,,0,
1768446815110,Sunny,Day,0.059765625,100.0,-13.0,21.941553000004888,auto,,,,,,0,
1768446815141,Sunny,Day,0.057454427083333336,100.0,-14.0,23.194829000004802,auto,,,,,,0,
1768446815173,Sunny,Day,0.052473958333333334,100.0,-17.0,22.991572999984555,auto,,,,,,0,
1768446815205,Sunny,Day,0.0509765625,100.0,-15.0,24.990971000022455,auto,,,,,,0,
1768446815235,Sunny,Day,0.05309244791666667,100.0,-14.0,22.541144000001623,auto,,,,,,0,
1768446815268,Sunny,Day,0.04876302083333333,97.52604166666666,-15.0,24.757676000007223,auto,,,,,,0,
1768446815300,Sunny,Day,0.05,100.0,-15.0,24.32264600000167,auto,,,,,,0,
1768446815330,Sunny,Day,0.0470703125,94.140625,-15.0,21.82710200000315,auto,,,,,,0,
1768446815361,Sunny,Day,0.05270182291666667,100.0,-14.0,23.902588999987984,auto,,,,,,0,
1768446815394,Sunny,Day,0.0501953125,100.0,-13.0,20.768000000003894,auto,,,,,,0,
1768446815425,Sunny,Day,0.05315755208333333,100.0,-14.0,22.135411999983035,auto,,,,,,0,
1768446815455,Sunny,Day,0.049153645833333336,98.30729166666667,-14.0,22.08213299999784,auto,,,,,,0,
1768446815487,Sunny,Day,0.04586588541666667,91.73177083333334,-12.0,24.511836000016274,auto,,,,,,0,
1768446815519,Sunny,Day,0.049544270833333334,99.08854166666667,-12.0,24.04574600001297,auto,,,,,,0,
1768446815549,Sunny,Day,0.04925130208333333,98.50260416666666,-10.0,22.883608000000777,auto,,,,,,0,
1768446815581,Sunny,Day,0.04889322916666667,97.78645833333334,-12.0,23.99248599999737,auto,,,,,,0,
1768446815614,Sunny,Day,0.04700520833333333,94.01041666666667,-10.0,25.928561000000627,auto,,,,,,0,
1768446815644,Sunny,Day,0.048177083333333336,96.35416666666667,-10.0,21.898837000009053,auto,,,,,,0,
1768446815678,Sunny,Day,0.05478515625,100.0,-8.0,26.307792000011432,auto,,,,,,0,
1768446815707,Sunny,Day,0.049479166666666664,98.95833333333333,-10.0,21.81216500000005,auto,,,,,,0,
1768446815738,Sunny,Day,0.04931640625,98.6328125,-12.0,24.091445999999905,auto,,,,,,0,
1768446815770,Sunny,Day,0.058854166666666666,100.0,-10.0,23.809671999998727,auto,,,,,,0,
1768446815801,Sunny,Day,0.06012369791666667,100.0,-13.0,24.008422999997947,auto,,,,,,0,
1768446815833,Sunny,Day,0.061295572916666666,100.0,-13.0,23.720849000000044,auto,,,,,,0,
1768446815864,Sunny,Day,0.05572916666666667,100.0,-14.0,22.952435000007654,auto,,,,,,0,
1768446815895,Sunny,Day,0.0552734375,100.0,-14.0,23.84619700001167,auto,,,,,,0,
1768446815927,Sunny,Day,0.05865885416666667,100.0,-12.0,23.823088000000325,auto,,,,,,0,
1768446815958,Sunny,Day,0.05774739583333333,100.0,-14.0,24.112570999989202,auto,,,,,,0,
1768446815989,Sunny,Day,0.056477864583333336,100.0,-15.0,23.075374000001148,auto,,,,,,0,
1768446816023,Sunny,Day,0.06041666666666667,100.0,-15.0,25.717799000005925,auto,,,,,,0,
1768446816056,Sunny,Day,0.061686197916666664,100.0,-15.0,25.79160700000216,auto,,,,,,0,
1768446816087,Sunny,Day,0.0642578125,100.0,-16.0,20.17036500001268,auto,,,,,,0,
1768446816119,Sunny,Day,0.060546875,100.0,-18.0,19.623448999993798,auto,,,,,,0,
1768446816149,Sunny,Day,0.06116536458333333,100.0,-18.0,17.973733999980368,auto,,,,,,0,
1768446816180,Sunny,Day,0.06393229166666667,100.0,-17.0,22.20940500001234,auto,,,,,,0,
1768446816211,Sunny,Day,0.06432291666666666,100.0,-17.0,21.008295999990878,auto,,,,,,0,
1768446816244,Sunny,Day,0.06409505208333334,100.0,-18.0,20.532596999998987,auto,,,,,,0,
1768446816275,Sunny,Day,0.05677083333333333,100.0,-19.0,17.987223999995194,auto,,,,,,0,
1768446816306,Sunny,Day,0.059244791666666664,100.0,-19.0,16.544949000007136,auto,,,,,,0,
1768446816338,Sunny,Day,0.06383463541666666,100.0,-18.0,20.366649000010284,auto,,,,,,0,
1768446816370,Sunny,Day,0.06103515625,100.0,-19.0,21.957675999999537,auto,,,,,,0,
1768446816400,Sunny,Day,0.05846354166666667,100.0,-21.0,19.893822000000227,auto,,,,,,0,
1768446816433,Sunny,Day,0.0591796875,100.0,-20.0,23.496704000024238,auto,,,,,,0,
1768446816464,Sunny,Day,0.05992838541666667,100.0,-19.0,19.83778299998562,auto,,,,,,0,
1768446816496,Sunny,Day,0.05849609375,100.0,-21.0,22.218744999975115,auto,,,,,,0,
1768446816527,Sunny,Day,0.05709635416666667,100.0,-22.0,21.074583000000757,auto,,,,,,0,
1768446816560,Sunny,Day,0.060319010416666666,100.0,-22.0,22.31549699999391,auto,,,,,,0,
1768446816589,Sunny,Day,0.06025390625,100.0,-22.0,19.431686999979547,auto,,,,,,0,
1768446816620,Sunny,Day,0.06214192708333333,100.0,-16.0,17.12970599999153,auto,,,,,,0,
1768446816653,Sunny,Day,0.05908203125,100.0,-21.0,22.399333000009847,auto,,,,,,0,
1768446816684,Sunny,Day,0.05504557291666667,100.0,-22.0,20.20537100000297,auto,,,,,,0,
1768446816718,Sunny,Day,0.05953776041666667,100.0,-21.0,23.5701430000006,auto,,,,,,0,
1768446816747,Sunny,Day,0.05914713541666667,100.0,-21.0,17.85876499999972,auto,,,,,,0,
1768446816776,Sunny,Day,0.05087890625,100.0,-16.0,19.861002999988386,auto,,,,,,0,
1768446816809,Sunny,Day,0.049576822916666666,99.15364583333333,-23.0,23.47364999999968,auto,,,,,,0,
1768446816842,Sunny,Day,0.04694010416666667,93.88020833333334,-23.0,24.344012000000248,auto,,,,,,0,
1768446816872,Sunny,Day,0.05009765625,100.0,-23.0,19.40038700001878,auto,,,,,,0,
1768446816905,Sunny,Day,0.0490234375,98.046875,-21.0,22.656084999994164,auto,,,,,,0,
1768446816935,Sunny,Day,0.044173177083333334,88.34635416666667,-23.0,19.506293999995705,auto,,,,,,0,
1768446816967,Sunny,Day,0.04391276041666667,87.82552083333334,-22.0,17.51969800000097,auto,,,,,,0,
1768446816997,Sunny,Day,0.04358723958333333,87.17447916666667,-20.0,19.38762000000338,auto,,,,,,0,
1768446817029,Sunny,Day,0.0435546875,87.109375,-19.0,21.204409999995733,auto,,,,,,0,
1768446817060,Sunny,Day,0.04140625,82.8125,-8.0,20.310268000002907,auto,,,,,,0,
1768446817091,Sunny,Day,0.03720703125,74.4140625,-21.0,20.958965999994916,auto,,,,,,0,
1768446817123,Sunny,Day,0.04098307291666667,81.96614583333334,-20.0,21.820012000006273,auto,,,,,,0,
1768446817154,Sunny,Day,0.040266927083333334,80.53385416666667,-6.0,21.199554999981274,auto,,,,,,0,
1768446817188,Sunny,Day,0.03854166666666667,77.08333333333334,-8.0,21.289152999997896,auto,,,,,,0,
1768446817217,Sunny,Day,0.03473307291666667,69.46614583333334,-8.0,19.802534999996624,auto,,,,,,0,
1768446817249,Sunny,Day,0.03235677083333333,64.71354166666667,-8.0,21.67711900000313,auto,,,,,,0,
1768446817280,Sunny,Day,0.03557942708333333,71.15885416666666,-9.0,21.35011999999392,auto,,,,,,0,
1768446817311,Sunny,Day,0.036848958333333334,73.69791666666667,-10.0,21.552534999983664,auto,,,,,,0,
1768446817344,Sunny,Day,0.037434895833333336,74.86979166666667,-14.0,22.79587700002139,auto,,,,,,0,
1768446817374,Sunny,Day,0.02978515625,59.5703125,-24.0,21.2637650000147,auto,,,,,,0,
1768446817408,Sunny,Day,0.0322265625,64.453125,-38.0,23.067635000018072,auto,,,,,,0,
1768446817439,Sunny,Day,0.04482421875,89.6484375,-21.0,20.90346599999293,auto,,,,,,0,
1768446817469,Sunny,Day,0.03805338541666667,76.10677083333334,-25.0,20.930058000004692,auto,,,,,,0,
1768446817499,Sunny,Day,0.030533854166666666,61.06770833333333,-27.0,21.267101000006505,auto,,,,,,0,
1768446817532,Sunny,Day,0.029134114583333332,58.268229166666664,-37.0,23.175782000009804,auto,,,,,,0,
1768446817564,Sunny,Day,0.038671875,77.34375,-22.0,22.81822500000885,auto,,,,,,0,
1768446817594,Sunny,Day,0.038248697916666664,76.49739583333333,-22.0,19.873971999999185,auto,,,,,,0,
1768446817626,Sunny,Day,0.033203125,66.40625,-27.0,21.77236899999002,auto,,,,,,0,
1768446817658,Sunny,Day,0.028385416666666666,56.770833333333336,-28.0,18.647031000000425,auto,,,,,,0,
1768446817689,Sunny,Day,0.03430989583333333,68.61979166666667,-23.0,20.89644200000862,auto,,,,,,0,
1768446817720,Sunny,Day,0.035481770833333336,70.96354166666667,-24.0,21.23066900000481,auto,,,,,,0,
1768446817751,Sunny,Day,0.0345703125,69.140625,-27.0,21.8635789999837,auto,,,,,,0,
1768446817782,Sunny,Day,0.030631510416666667,61.263020833333336,-29.0,21.145204000021067,auto,,,,,,0,
1768446817816,Sunny,Day,0.032975260416666666,65.95052083333333,-30.0,23.601552000002357,auto,,,,,,0,
1768446817845,Sunny,Day,0.03671875,73.4375,-23.0,20.174768999993375,auto,,,,,,0,
1768446817878,Sunny,Day,0.031966145833333334,63.93229166666667,-28.0,20.913990999986254,auto,,,,,,0,
1768446817909,Sunny,Day,0.025520833333333333,51.041666666666664,-31.0,20.510199000000284,auto,,,,,,0,
1768446817940,Sunny,Day,0.027213541666666667,54.427083333333336,-29.0,20.130571999999347,auto,,,,,,0,
1768446817971,Sunny,Day,0.028059895833333334,56.11979166666667,-29.0,20.55157999998869,auto,,,,,,0,
1768446818002,Sunny,Day,0.02861328125,57.2265625,-26.0,20.430737999987514,auto,,,,,,0,
1768446818033,Sunny,Day,0.022884114583333334,45.768229166666664,-29.0,21.781106000020145,auto,,,,,,0,
1768446818065,Sunny,Day,0.02158203125,43.1640625,-29.0,22.539478999988205,auto,,,,,,0,
1768446818097,Sunny,Day,0.025455729166666666,50.911458333333336,-27.0,21.4562050000211,auto,,,,,,0,
1768446818132,Sunny,Day,0.029459635416666668,58.919270833333336,-24.0,23.41209400000821,auto,,,,,,0,
1768446818162,Sunny,Day,0.024088541666666668,48.177083333333336,-27.0,20.06105699999239,auto,,,,,,0,
1768446818194,Sunny,Day,0.023893229166666665,47.78645833333333,-26.0,21.854783000009093,auto,,,,,,0,
1768446818223,Sunny,Day,0.02265625,45.3125,-28.0,18.127276000001302,auto,,,,,,0,
1768446818255,Sunny,Day,0.025911458333333335,51.82291666666667,-26.0,22.01194399998485,auto,,,,,,0,
1768446818286,Sunny,Day,0.02353515625,47.0703125,-26.0,20.03257600000552,auto,,,,,,0,
1768446818317,Sunny,Day,0.021158854166666668,42.317708333333336,-28.0,21.16990400000418,auto,,,,,,0,
1768446818350,Sunny,Day,0.02099609375,41.9921875,-28.0,22.545186000002104,auto,,,,,,0,
1768446818380,Sunny,Day,0.024348958333333334,48.697916666666664,-26.0,19.438348999983646,auto,,,,,,0,
1768446818411,Sunny,Day,0.023860677083333334,47.721354166666664,-26.0,20.956003000009105,auto,,,,,,0,
1768446818442,Sunny,Day,0.023697916666666666,47.39583333333333,-26.0,21.182077999981175,auto,,,,,,0,
1768446818474,Sunny,Day,0.021516927083333335,43.03385416666667,-28.0,21.721564999978682,auto,,,,,,0,
1768446818505,Sunny,Day,0.023014322916666666,46.028645833333336,-26.0,21.81457199998249,auto,,,,,,0,
1768446818536,Sunny,Day,0.023404947916666665,46.80989583333333,-24.0,22.359544000011056,auto,,,,,,0,
1768446818569,Sunny,Day,0.024641927083333334,49.28385416666667,-25.0,23.08463600002142,auto,,,,,,0,
1768446818601,Sunny,Day,0.021809895833333332,43.619791666666664,-25.0,21.95431300000905,auto,,,,,,0,
1768446818631,Sunny,Day,0.021875,43.75,-26.0,18.926972000002706,auto,,,,,,0,
1768446818663,Sunny,Day,0.0248046875,49.609375,-20.0,21.96294800000942,auto,,,,,,0,
1768446818695,Sunny,Day,0.026399739583333335,52.79947916666667,-22.0,17.987441999991916,auto,,,,,,0,
1768446818725,Sunny,Day,0.024641927083333334,49.28385416666667,-23.0,19.79143500000191,auto,,,,,,0,
1768446818757,Sunny,Day,0.021354166666666667,42.708333333333336,-25.0,22.61923500000762,auto,,,,,,0,
1768446818791,Sunny,Day,0.02158203125,43.1640625,-42.0,24.07757200001015,auto,,,,,,0,
1768446818820,Sunny,Day,0.02587890625,51.7578125,-23.0,18.165449000008493,auto,,,,,,0,
1768446818851,Sunny,Day,0.0251953125,50.390625,-23.0,20.946756000000732,auto,,,,,,0,
1768446818882,Sunny,Day,0.021028645833333335,42.05729166666667,-26.0,20.678949000000557,auto,,,,,,0,
1768446818914,Sunny,Day,0.018619791666666666,37.239583333333336,-22.0,21.544004000020323,auto,,,,,,0,
1768446818945,Sunny,Day,0.025358072916666665,50.71614583333333,-18.0,21.40357700000095,auto,,,,,,0,
1768446818977,Sunny,Day,0.02490234375,49.8046875,-20.0,22.973840000020118,auto,,,,,,0,
1768446819008,Sunny,Day,0.022233072916666666,44.46614583333333,-25.0,21.642054000011512,auto,,,,,,0,
1768446819039,Sunny,Day,0.023828125,47.65625,-20.0,21.665854000019635,auto,,,,,,0,
1768446819072,Sunny,Day,0.024869791666666665,49.73958333333333,-20.0,22.601258000008784,auto,,,,,,0,
1768446819102,Sunny,Day,0.028841145833333335,57.68229166666667,-20.0,20.72641099999828,auto,,,,,,0,
1768446819133,Sunny,Day,0.027376302083333335,54.75260416666667,-20.0,21.696003000016617,auto,,,,,,0,
1768446819166,Sunny,Day,0.0220703125,44.140625,-24.0,22.734400000018695,auto,,,,,,0,
1768446819197,Sunny,Day,0.02666015625,53.3203125,-22.0,21.275712000004887,auto,,,,,,0,
1768446819228,Sunny,Day,0.02880859375,57.6171875,-19.0,21.27156000000241,auto,,,,,,0,
1768446819261,Sunny,Day,0.026822916666666665,53.64583333333333,-23.0,22.023160000003372,auto,,,,,,0,
1768446819291,Sunny,Day,0.022265625,44.53125,-30.0,20.53473100002634,auto,,,,,,0,
1768446819323,Sunny,Day,0.025651041666666666,51.30208333333333,-27.0,21.183447999987948,auto,,,,,,0,
1768446819354,Sunny,Day,0.029329427083333335,58.65885416666667,-21.0,20.271781000019473,auto,,,,,,0,
1768446819387,Sunny,Day,0.027604166666666666,55.20833333333333,-24.0,23.184563000000935,auto,,,,,,0,
1768446819417,Sunny,Day,0.023046875,46.09375,-27.0,19.598084999984167,auto,,,,,,0,
1768446819448,Sunny,Day,0.020572916666666666,41.145833333333336,-29.0,18.30830299999775,auto,,,,,,0,
1768446819480,Sunny,Day,0.026041666666666668,52.083333333333336,-25.0,22.519945999988522,auto,,,,,,0,
1768446819512,Sunny,Day,0.027701822916666667,55.403645833333336,-21.0,19.846024000003126,auto,,,,,,0,
1768446819543,Sunny,Day,0.025553385416666668,51.106770833333336,-33.0,21.23540799999546,auto,,,,,,0,
1768446819574,Sunny,Day,0.025162760416666666,50.32552083333333,-34.0,21.19073100001856,auto,,,,,,0,
1768446819606,Sunny,Day,0.02587890625,51.7578125,-49.0,21.719649000004893,auto,,,,,,0,
1768446819637,Sunny,Day,0.029915364583333333,59.830729166666664,-36.0,21.39758699999561,auto,,,,,,0,
1768446819668,Sunny,Day,0.025065104166666668,50.130208333333336,-34.0,21.43096000000355,auto,,,,,,0,
1768446819700,Sunny,Day,0.02060546875,41.2109375,-91.0,21.919667000020127,auto,,,,,,0,
1768446819731,Sunny,Day,0.01513671875,30.2734375,-92.0,21.808076000013443,auto,,,,,,0,
1768446819762,Sunny,Day,0.022428385416666665,44.85677083333333,-94.0,21.307214000017893,auto,,,,,,0,
1768446819793,Sunny,Day,0.018229166666666668,36.458333333333336,-85.0,21.695706999992126,auto,,,,,,0,
1768446819825,Sunny,Day,0.015201822916666666,30.403645833333332,-86.0,21.866428999999243,auto,,,,,,0,
1768446819857,Sunny,Day,0.01162109375,23.2421875,-67.0,21.324150999987523,auto,,,,,,0,
1768446819889,Sunny,Day,0.007845052083333333,15.690104166666666,,21.428847999999334,auto,none,,11,0,0.0,1,area_filtered
1768446819921,Sunny,Day,0.00927734375,18.5546875,,18.412406999999575,auto,none,,9,0,0.0,1,area_filtered
1768446819952,Sunny,Day,0.0083984375,16.796875,,15.245182999990448,auto,none,,8,0,0.0,1,area_filtered
1768446819986,Sunny,Day,0.0091796875,18.359375,,24.676588000005495,auto,none,,14,0,0.0,1,area_filtered
1768446820015,Sunny,Day,0.013020833333333334,26.041666666666668,,18.81288000001291,auto,none,,23,0,0.0,1,area_filtered
1768446820047,Sunny,Day,0.014290364583333333,28.580729166666664,,18.255339000006643,auto,none,,19,0,0.0,1,area_filtered
1768446820077,Sunny,Day,0.016243489583333333,32.486979166666664,-31.0,20.666559999995116,auto,,,,,,0,
1768446820109,Sunny,Day,0.016796875,33.59375,-35.0,21.88691199998516,auto,,,,,,0,
1768446820139,Sunny,Day,0.018131510416666666,36.263020833333336,-40.0,21.16274700000531,auto,,,,,,0,
1768446820171,Sunny,Day,0.01669921875,33.3984375,-38.0,21.95095300001526,auto,,,,,,0,
1768446820202,Sunny,Day,0.019791666666666666,39.58333333333333,-31.0,21.71817600000736,auto,,,,,,0,
1768446820234,Sunny,Day,0.015559895833333334,31.119791666666668,-24.0,17.52661399999056,auto,,,,,,0,
1768446820266,Sunny,Day,0.014973958333333334,29.947916666666668,-23.0,19.259535000003325,auto,,,,,,0,
1768446820298,Sunny,Day,0.017643229166666666,35.286458333333336,-16.0,22.653956999988623,auto,,,,,,0,
1768446820330,Sunny,Day,0.020703125,41.40625,-14.0,22.596735000007584,auto,,,,,,0,
1768446820359,Sunny,Day,0.020279947916666666,40.55989583333333,-18.0,19.575753999987455,auto,,,,,,0,
1768446820393,Sunny,Day,0.020768229166666666,41.53645833333333,-19.0,23.9415000000065,auto,,,,,,0,
1768446820423,Sunny,Day,0.023828125,47.65625,-18.0,19.595858999991833,auto,,,,,,0,
1768446820454,Sunny,Day,0.024967447916666666,49.934895833333336,-18.0,18.582861999988154,auto,,,,,,0,
1768446820485,Sunny,Day,0.023502604166666666,47.005208333333336,-17.0,20.485852999996723,auto,,,,,,0,
1768446820517,Sunny,Day,0.0275390625,55.078125,-21.0,18.489709999983006,auto,,,,,,0,
1768446820549,Sunny,Day,0.028157552083333332,56.315104166666664,-19.0,21.166600999976026,auto,,,,,,0,
1768446820579,Sunny,Day,0.028059895833333334,56.11979166666667,-19.0,19.995856000008416,auto,,,,,,0,
1768446820612,Sunny,Day,0.03193359375,63.86718750000001,-20.0,22.526356999975405,auto,,,,,,0,
1768446820643,Sunny,Day,0.03134765625,62.6953125,-24.0,20.933360000015,auto,,,,,,0,
1768446820674,Sunny,Day,0.03258463541666667,65.16927083333333,-21.0,20.798496999987037,auto,,,,,,0,
1768446820707,Sunny,Day,0.034440104166666666,68.88020833333333,-21.0,23.017299000002822,auto,,,,,,0,
1768446820738,Sunny,Day,0.035481770833333336,70.96354166666667,-20.0,21.149145999999064,auto,,,,,,0,
1768446820770,Sunny,Day,0.03512369791666667,70.24739583333334,-21.0,20.567979000020387,auto,,,,,,0,
1768446820800,Sunny,Day,0.03642578125,72.8515625,-22.0,19.532652999998845,auto,,,,,,0,
1768446820831,Sunny,Day,0.03658854166666667,73.17708333333334,-24.0,21.10194900001261,auto,,,,,,0,
1768446820863,Sunny,Day,0.03974609375,79.4921875,-17.0,20.4904670000019,auto,,,,,,0,
1768446820893,Sunny,Day,0.03896484375,77.9296875,-24.0,20.729434000003266,auto,,,,,,0,
1768446820924,Sunny,Day,0.041178385416666664,82.35677083333333,-21.0,21.65878599998905,auto,,,,,,0,
1768446820956,Sunny,Day,0.041178385416666664,82.35677083333333,-22.0,20.80511200000501,auto,,,,,,0,
1768446820988,Sunny,Day,0.04244791666666667,84.89583333333334,-17.0,22.456812999990916,auto,,,,,,0,
1768446821019,Sunny,Day,0.044270833333333336,88.54166666666667,-18.0,21.498546999993096,auto,,,,,,0,
1768446821050,Sunny,Day,0.04404296875,88.0859375,-23.0,21.412362000006624,auto,,,,,,0,
1768446821082,Sunny,Day,0.04453125,89.0625,-20.0,21.67119000000639,auto,,,,,,0,
1768446821116,Sunny,Day,0.046158854166666666,92.31770833333333,-19.0,24.29694400001381,auto,,,,,,0,
1768446821145,Sunny,Day,0.04990234375,99.8046875,-17.0,19.53557600000977,auto,,,,,,0,
1768446821177,Sunny,Day,0.04970703125,99.4140625,-19.0,21.063123999994104,auto,,,,,,0,
1768446821208,Sunny,Day,0.049153645833333336,98.30729166666667,-19.0,21.05402599997319,auto,,,,,,0,
1768446821239,Sunny,Day,0.0494140625,98.828125,-20.0,21.372189000004482,auto,,,,,,0,
1768446821272,Sunny,Day,0.0537109375,100.0,-21.0,23.41365099999848,auto,,,,,,0,
1768446821302,Sunny,Day,0.05458984375,100.0,9.0,20.043802000003552,auto,,,,,,0,
1768446821334,Sunny,Day,0.0541015625,100.0,-27.0,21.8720559999781,auto,,,,,,0,
1768446821365,Sunny,Day,0.053971354166666666,100.0,-29.0,21.48190500000169,auto,,,,,,0,
1768446821396,Sunny,Day,0.05774739583333333,100.0,-25.0,21.056584000007206,auto,,,,,,0,
1768446821429,Sunny,Day,0.05458984375,100.0,-17.0,23.66753200001881,auto,,,,,,0,
1768446821459,Sunny,Day,0.058756510416666664,100.0,-22.0,21.258060999997497,auto,,,,,,0,
1768446821490,Sunny,Day,0.047526041666666664,95.05208333333333,9.0,21.14680700000804,auto,,,,,,0,
1768446821522,Sunny,Day,0.055403645833333334,100.0,9.0,21.896832000010136,auto,,,,,,0,
1768446821553,Sunny,Day,0.06155598958333333,100.0,-17.0,21.16867199998751,auto,,,,,,0,
1768446821585,Sunny,Day,0.0619140625,100.0,-23.0,19.028035999980375,auto,,,,,,0,
1768446821616,Sunny,Day,0.06201171875,100.0,-29.0,21.61936199999559,auto,,,,,,0,
1768446821647,Sunny,Day,0.06009114583333333,100.0,9.0,17.428516999984822,auto,,,,,,0,
1768446821679,Sunny,Day,0.07067057291666666,100.0,-28.0,20.54198400000473,auto,,,,,,0,
1768446821710,Sunny,Day,0.07021484375,100.0,-29.0,21.611524000007876,auto,,,,,,0,
1768446821744,Sunny,Day,0.058203125,100.0,8.0,23.530297999997174,auto,,,,,,0,
1768446821773,Sunny,Day,0.0732421875,100.0,-33.0,19.108103999997184,auto,,,,,,0,
1768446821804,Sunny,Day,0.07486979166666667,100.0,-88.0,21.75024000001713,auto,,,,,,0,
1768446821836,Sunny,Day,0.06953125,100.0,-90.0,20.880027999993445,auto,,,,,,0,
1768446821867,Sunny,Day,0.07522786458333333,100.0,-38.0,18.471465999994052,auto,,,,,,0,
1768446821900,Sunny,Day,0.06627604166666666,100.0,-85.0,20.651662999995324,auto,,,,,,0,
1768446821931,Sunny,Day,0.061848958333333336,100.0,13.0,20.80644500000517,auto,,,,,,0,
1768446821962,Sunny,Day,0.061197916666666664,100.0,-77.0,21.761969000010595,auto,,,,,,0,
1768446821993,Sunny,Day,0.054036458333333336,100.0,16.0,20.8700409999949,auto,,,,,,0,
1768446822024,Sunny,Day,0.06044921875,100.0,-20.0,22.232360000003837,auto,,,,,,0,
1768446822057,Sunny,Day,0.05970052083333333,100.0,-18.0,23.38715800001978,auto,,,,,,0,
1768446822087,Sunny,Day,0.065234375,100.0,-23.0,21.363191000006054,auto,,,,,,0,
1768446822120,Sunny,Day,0.07145182291666667,100.0,-25.0,22.12247200000661,auto,,,,,,0,
1768446822152,Sunny,Day,0.07109375,100.0,-32.0,18.21673800000667,auto,,,,,,0,
1768446822183,Sunny,Day,0.07223307291666667,100.0,-31.0,20.770179000010103,auto,,,,,,0,
1768446822214,Sunny,Day,0.079296875,100.0,-26.0,19.520242999988113,auto,,,,,,0,
1768446822246,Sunny,Day,0.07805989583333334,100.0,-27.0,22.464238999987174,auto,,,,,,0,
1768446822276,Sunny,Day,0.07229817708333333,100.0,-32.0,19.209256000010555,auto,,,,,,0,
1768446822307,Sunny,Day,0.07317708333333334,100.0,-29.0,19.069854999997915,auto,,,,,,0,
1768446822340,Sunny,Day,0.07281901041666666,100.0,-22.0,22.676572999984046,auto,,,,,,0,
1768446822372,Sunny,Day,0.07659505208333334,100.0,-27.0,21.126472000020158,auto,,,,,,0,
1768446822402,Sunny,Day,0.07643229166666667,100.0,-30.0,19.215537000008,auto,,,,,,0,
1768446822433,Sunny,Day,0.07239583333333334,100.0,-28.0,20.901648000005935,auto,,,,,,0,
1768446822465,Sunny,Day,0.06832682291666667,100.0,-35.0,22.371940999988738,auto,,,,,,0,
1768446822497,Sunny,Day,0.07158203125,100.0,-26.0,17.15488100001039,auto,,,,,,0,
1768446822527,Sunny,Day,0.07106119791666667,100.0,-36.0,18.072630999995454,auto,,,,,,0,
1768446822560,Sunny,Day,0.06640625,100.0,-36.0,22.103887999975314,auto,,,,,,0,
1768446822590,Sunny,Day,0.06009114583333333,100.0,-46.0,17.695714000012686,auto,,,,,,0,
1768446822621,Sunny,Day,0.06266276041666667,100.0,-30.0,19.456611000009616,auto,,,,,,0,
1768446822654,Sunny,Day,0.06529947916666666,100.0,-29.0,24.128595000007635,auto,,,,,,0,
1768446822688,Sunny,Day,0.06149088541666667,100.0,-23.0,23.32133900000599,auto,,,,,,0,
1768446822716,Sunny,Day,0.053938802083333334,100.0,-32.0,13.37753999999336,auto,,,,,,0,
1768446822749,Sunny,Day,0.055891927083333334,100.0,-25.0,22.762829000015472,auto,,,,,,0,
1768446822780,Sunny,Day,0.05771484375,100.0,-16.0,21.014735999983714,auto,,,,,,0,
1768446822811,Sunny,Day,0.053059895833333336,100.0,-26.0,21.0943410000084,auto,,,,,,0,
1768446822842,Sunny,Day,0.05725911458333333,100.0,-23.0,20.0351889999979,auto,,,,,,0,
1768446822874,Sunny,Day,0.06149088541666667,100.0,-17.0,21.359652000001006,auto,,,,,,0,
1768446822906,Sunny,Day,0.0619140625,100.0,-18.0,22.09784599997988,auto,,,,,,0,
1768446822936,Sunny,Day,0.062174479166666664,100.0,-16.0,19.964275000006637,auto,,,,,,0,
1768446822967,Sunny,Day,0.06292317708333334,100.0,-18.0,21.16190099999926,auto,,,,,,0,
1768446822999,Sunny,Day,0.06158854166666667,100.0,-16.0,21.289072000001852,auto,,,,,,0,
1768446823030,Sunny,Day,0.06416015625,100.0,-17.0,15.824495000003935,auto,,,,,,0,
1768446823061,Sunny,Day,0.06705729166666667,100.0,-15.0,21.472687999988693,auto,,,,,,0,
1768446823093,Sunny,Day,0.06640625,100.0,-19.0,17.080106000008755,auto,,,,,,0,
1768446823126,Sunny,Day,0.06526692708333333,100.0,-20.0,19.62288400000034,auto,,,,,,0,
1768446823156,Sunny,Day,0.06822916666666666,100.0,-19.0,20.04486199999178,auto,,,,,,0,
1768446823187,Sunny,Day,0.07057291666666667,100.0,-20.0,21.82569800001488,auto,,,,,,0,
1768446823219,Sunny,Day,0.07138671875,100.0,-22.0,21.219849999994267,auto,,,,,,0,
1768446823251,Sunny,Day,0.0724609375,100.0,-23.0,21.8238260000021,auto,,,,,,0,
1768446823283,Sunny,Day,0.07099609375,100.0,-24.0,23.457090999983166,auto,,,,,,0,
1768446823314,Sunny,Day,0.07467447916666667,100.0,-20.0,21.10781900000802,auto,,,,,,0,
1768446823344,Sunny,Day,0.0748046875,100.0,-21.0,20.253544000013335,auto,,,,,,0,
1768446823375,Sunny,Day,0.07109375,100.0,-27.0,20.81271400001583,auto,,,,,,0,
1768446823407,Sunny,Day,0.07255859375,100.0,-25.0,20.512459000002536,auto,,,,,,0,
1768446823439,Sunny,Day,0.0744140625,100.0,-25.0,25.33758000001285,auto,,,,,,0,
1768446823475,Sunny,Day,0.07438151041666667,100.0,-24.0,25.606928999991396,auto,,,,,,0,
1768446823502,Sunny,Day,0.07350260416666667,100.0,-26.0,17.365000000012287,auto,,,,,,0,
1768446823533,Sunny,Day,0.07298177083333333,100.0,-23.0,20.862040999986675,auto,,,,,,0,
1768446823566,Sunny,Day,0.07473958333333333,100.0,-22.0,22.816279000011264,auto,,,,,,0,
1768446823596,Sunny,Day,0.07236328125,100.0,-22.0,20.317749000014373,auto,,,,,,0,
1768446823627,Sunny,Day,0.06943359375,100.0,-22.0,20.968030999995335,auto,,,,,,0,
1768446823658,Sunny,Day,0.0716796875,100.0,-22.0,20.94729600000278,auto,,,,,,0,
1768446823692,Sunny,Day,0.06839192708333333,100.0,-22.0,23.107546999995066,auto,,,,,,0,
1768446823722,Sunny,Day,0.07679036458333334,100.0,-18.0,19.05787599997666,auto,,,,,,0,
1768446823753,Sunny,Day,0.07630208333333334,100.0,-22.0,19.56544200001531,auto,,,,,,0,
1768446823786,Sunny,Day,0.07666015625,100.0,-23.0,20.898469999991676,auto,,,,,,0,
1768446823815,Sunny,Day,0.07639973958333333,100.0,-23.0,19.42861799997786,auto,,,,,,0,
1768446823846,Sunny,Day,0.08216145833333334,100.0,-20.0,21.203153999977076,auto,,,,,,0,
1768446823878,Sunny,Day,0.08577473958333333,100.0,-21.0,22.47597900000642,auto,,,,,,0,
1768446823910,Sunny,Day,0.08548177083333333,100.0,-24.0,22.43147100000442,auto,,,,,,0,
1768446823941,Sunny,Day,0.0861328125,100.0,-24.0,21.90124300000207,auto,,,,,,0,
1768446823972,Sunny,Day,0.08792317708333333,100.0,-26.0,21.843504999992547,auto,,,,,,0,
1768446824007,Sunny,Day,0.09007161458333333,100.0,-26.0,24.875202999993462,auto,,,,,,0,
1768446824036,Sunny,Day,0.09348958333333333,100.0,-18.0,18.655119999976932,auto,,,,,,0,
1768446824067,Sunny,Day,0.0923828125,100.0,-16.0,21.217960999990737,auto,,,,,,0,
1768446824102,Sunny,Day,0.0953125,100.0,-14.0,24.068879999987303,auto,,,,,,0,
1768446824131,Sunny,Day,0.09739583333333333,100.0,-13.0,18.743136000011873,auto,,,,,,0,
1768446824162,Sunny,Day,0.10384114583333333,100.0,-15.0,20.35474300001283,auto,,,,,,0,
1768446824193,Sunny,Day,0.10364583333333334,100.0,-13.0,21.504630999999108,auto,,,,,,0,
1768446824224,Sunny,Day,0.10628255208333333,100.0,-14.0,20.61528699999826,auto,,,,,,0,
1768446824255,Sunny,Day,0.11266276041666666,100.0,-14.0,17.7047210000012,auto,,,,,,0,
1768446824288,Sunny,Day,0.11292317708333334,100.0,-10.0,22.510414999999284,auto,,,,,,0,
1768446824319,Sunny,Day,0.11461588541666666,100.0,-15.0,20.771881000001713,auto,,,,,,0,
1768446824349,Sunny,Day,0.11676432291666666,100.0,-15.0,19.00684800000363,auto,,,,,,0,
1768446824381,Sunny,Day,0.11845703125,100.0,-76.0,21.497904999989714,auto,,,,,,0,
1768446824413,Sunny,Day,0.12776692708333334,100.0,-80.0,21.858731000008902,auto,,,,,,0,
1768446824444,Sunny,Day,0.12936197916666667,100.0,-85.0,21.634578999993437,auto,,,,,,0,
1768446824475,Sunny,Day,0.11005859375,100.0,-77.0,21.23158000000558,auto,,,,,,0,
1768446824506,Sunny,Day,0.09697265625,100.0,-80.0,20.727612999991152,auto,,,,,,0,
1768446824538,Sunny,Day,0.08802083333333334,100.0,-85.0,21.15560899997604,auto,,,,,,0,
1768446824569,Sunny,Day,0.06448567708333333,100.0,-71.0,19.335377000004428,auto,,,,,,0,
1768446824602,Sunny,Day,0.06259765625,100.0,61.0,23.69302600001788,auto,,,,,,0,
1768446824633,Sunny,Day,0.0462890625,92.578125,63.0,20.428992000006474,auto,,,,,,0,
1768446824665,Sunny,Day,0.04388020833333333,87.76041666666666,-42.0,20.38350099999775,auto,,,,,,0,
1768446824696,Sunny,Day,0.05322265625,100.0,-63.0,20.965181000008215,auto,,,,,,0,
1768446824729,Sunny,Day,0.06884765625,100.0,-74.0,21.876278999997112,auto,,,,,,0,
1768446824759,Sunny,Day,0.065234375,100.0,-67.0,19.455059999984314,auto,,,,,,0,
1768446824791,Sunny,Day,0.061328125,100.0,-60.0,22.020549000018264,auto,,,,,,0,
1768446824822,Sunny,Day,0.05113932291666667,100.0,-58.0,21.205583000011075,auto,,,,,,0,
1768446824853,Sunny,Day,0.04788411458333333,95.76822916666666,-61.0,19.563865000009173,auto,,,,,,0,
1768446824884,Sunny,Day,0.039778645833333334,79.55729166666667,-56.0,21.542116000006217,auto,,,,,,0,
1768446824917,Sunny,Day,0.04241536458333333,84.83072916666666,-65.0,20.797302999994827,auto,,,,,,0,
1768446824947,Sunny,Day,0.03271484375,65.4296875,-62.0,19.177321000000802,auto,,,,,,0,
1768446824978,Sunny,Day,0.03056640625,61.1328125,-58.0,21.55084399998941,auto,,,,,,0,
1768446825010,Sunny,Day,0.030045572916666666,60.09114583333333,-50.0,21.480158999992227,auto,,,,,,0,
1768446825042,Sunny,Day,0.030631510416666667,61.263020833333336,-49.0,20.51168999997799,auto,,,,,,0,
1768446825072,Sunny,Day,0.027766927083333334,55.533854166666664,-43.0,20.022904000001063,auto,,,,,,0,
1768446825104,Sunny,Day,0.030143229166666667,60.286458333333336,-43.0,21.15862499999821,auto,,,,,,0,
1768446825135,Sunny,Day,0.02548828125,50.9765625,-35.0,20.980613000006088,auto,,,,,,0,
1768446825166,Sunny,Day,0.025651041666666666,51.30208333333333,-33.0,16.935223000018595,auto,,,,,,0,
1768446825199,Sunny,Day,0.025032552083333333,50.065104166666664,-28.0,23.35361500001909,auto,,,,,,0,
1768446825232,Sunny,Day,0.02783203125,55.6640625,-22.0,22.324475000004895,auto,,,,,,0,
1768446825262,Sunny,Day,0.025325520833333334,50.651041666666664,-21.0,19.336482999989357,auto,,,,,,0,
1768446825293,Sunny,Day,0.025227864583333332,50.455729166666664,-24.0,19.81296499999985,auto,,,,,,0,
1768446825325,Sunny,Day,0.02958984375,59.1796875,-28.0,21.52806399999463,auto,,,,,,0,
1768446825355,Sunny,Day,0.0306640625,61.328125,-28.0,16.01056999999173,auto,,,,,,0,
1768446825386,Sunny,Day,0.030826822916666666,61.653645833333336,-28.0,19.784097000012935,auto,,,,,,0,
1768446825420,Sunny,Day,0.028743489583333334,57.486979166666664,-25.0,25.333626999980652,auto,,,,,,0,
1768446825450,Sunny,Day,0.027994791666666668,55.989583333333336,-23.0,19.346118000015622,auto,,,,,,0,
1768446825481,Sunny,Day,0.03356119791666667,67.12239583333333,-27.0,20.067318000002388,auto,,,,,,0,
1768446825516,Sunny,Day,0.03369140625,67.3828125,-27.0,24.923312999987957,auto,,,,,,0,
1768446825544,Sunny,Day,0.03356119791666667,67.12239583333333,-28.0,17.919282000008252,auto,,,,,,0,
1768446825575,Sunny,Day,0.034895833333333334,69.79166666666667,-24.0,21.274489000006724,auto,,,,,,0,
1768446825610,Sunny,Day,0.03600260416666667,72.00520833333333,-32.0,25.230697000012015,auto,,,,,,0,
1768446825640,Sunny,Day,0.04140625,82.8125,-33.0,19.279913000019633,auto,,,,,,0,
1768446825670,Sunny,Day,0.044270833333333336,88.54166666666667,-33.0,17.77966299999889,auto,,,,,,0,
1768446825701,Sunny,Day,0.05035807291666667,100.0,-31.0,19.844946999995727,auto,,,,,,0,
1768446825735,Sunny,Day,0.057877604166666666,100.0,-28.0,24.349365999995598,auto,,,,,,0,
1768446825766,Sunny,Day,0.06764322916666667,100.0,-28.0,20.094446000001653,auto,,,,,,0,
1768446825795,Sunny,Day,0.0755859375,100.0,-27.0,18.562973999991073,auto,,,,,,0,
1768446825827,Sunny,Day,0.07600911458333333,100.0,-27.0,21.370915999995077,auto,,,,,,0,
1768446825858,Sunny,Day,0.07548828125,100.0,-25.0,21.470510999989756,auto,,,,,,0,
1768446825889,Sunny,Day,0.07942708333333333,100.0,-24.0,21.571496999996498,auto,,,,,,0,
1768446825921,Sunny,Day,0.08362630208333334,100.0,-22.0,22.30072000000405,auto,,,,,,0,
1768446825953,Sunny,Day,0.08505859375,100.0,-21.0,18.0334790000245,auto,,,,,,0,
1768446825985,Sunny,Day,0.08720703125,100.0,-21.0,24.294184999973822,auto,,,,,,0,
1768446826015,Sunny,Day,0.09365234375,100.0,-22.0,16.58055199999353,auto,,,,,,0,
1768446826046,Sunny,Day,0.09410807291666666,100.0,-20.0,20.585005000015144,auto,,,,,,0,
1768446826079,Sunny,Day,0.093359375,100.0,-20.0,19.70627399998648,auto,,,,,,0,
1768446826109,Sunny,Day,0.09459635416666666,100.0,-19.0,19.793733000000202,auto,,,,,,0,
1768446826141,Sunny,Day,0.09632161458333334,100.0,-19.0,22.455788999991455,auto,,,,,,0,
1768446826172,Sunny,Day,0.09397786458333333,100.0,-16.0,21.17254799998136,auto,,,,,,0,
1768446826203,Sunny,Day,0.09560546875,100.0,-18.0,20.004335999999512,auto,,,,,,0,
1768446826235,Sunny,Day,0.09485677083333334,100.0,-16.0,22.19530499999678,auto,,,,,,0,
1768446826269,Sunny,Day,0.09635416666666667,100.0,-14.0,20.514371000018627,auto,,,,,,0,
1768446826298,Sunny,Day,0.09677734375,100.0,-14.0,18.59989499999415,auto,,,,,,0,
1768446826329,Sunny,Day,0.098828125,100.0,-15.0,21.174457000000757,auto,,,,,,0,
1768446826361,Sunny,Day,0.09475911458333333,100.0,-15.0,22.020834000016976,auto,,,,,,0,
1768446826392,Sunny,Day,0.09501953125,100.0,-15.0,20.56378899999345,auto,,,,,,0,
1768446826423,Sunny,Day,0.09479166666666666,100.0,-14.0,22.42629099998794,auto,,,,,,0,
1768446826455,Sunny,Day,0.09475911458333333,100.0,-14.0,21.06506000001218,auto,,,,,,0,
1768446826487,Sunny,Day,0.09300130208333333,100.0,-16.0,19.414365000017142,auto,,,,,,0,
1768446826518,Sunny,Day,0.09375,100.0,-15.0,20.545889000004536,auto,,,,,,0,
1768446826549,Sunny,Day,0.09410807291666666,100.0,-14.0,21.9571300000041,auto,,,,,,0,
1768446826580,Sunny,Day,0.09326171875,100.0,-15.0,21.49903299999778,auto,,,,,,0,
1768446826612,Sunny,Day,0.09339192708333334,100.0,-16.0,18.856801999987738,auto,,,,,,0,
1768446826643,Sunny,Day,0.09059244791666667,100.0,-16.0,20.982548999995743,auto,,,,,,0,
1768446826675,Sunny,Day,0.09300130208333333,100.0,-14.0,21.736132000000907,auto,,,,,,0,
1768446826706,Sunny,Day,0.09534505208333334,100.0,-15.0,21.45728600001462,auto,,,,,,0,
1768446826738,Sunny,Day,0.09501953125,100.0,-15.0,21.83708000001161,auto,,,,,,0,
1768446826769,Sunny,Day,0.09573567708333333,100.0,-15.0,21.41326099999219,auto,,,,,,0,
1768446826801,Sunny,Day,0.09443359375,100.0,-15.0,20.88434399999528,auto,,,,,,0,
1768446826833,Sunny,Day,0.09417317708333334,100.0,-14.0,20.393949999998995,auto,,,,,,0,
1768446826864,Sunny,Day,0.09427083333333333,100.0,-14.0,20.825236000007408,auto,,,,,,0,
1768446826897,Sunny,Day,0.09361979166666666,100.0,-15.0,22.563591999983146,auto,,,,,,0,
1768446826925,Sunny,Day,0.09397786458333333,100.0,-14.0,18.4002980000173,auto,,,,,,0,
1768446826958,Sunny,Day,0.09397786458333333,100.0,-15.0,23.253323999995246,auto,,,,,,0,
1768446826988,Sunny,Day,0.09404296875,100.0,-14.0,21.205751999985978,auto,,,,,,0,
1768446827020,Sunny,Day,0.09202473958333333,100.0,-15.0,21.192861999992374,auto,,,,,,0,
1768446827051,Sunny,Day,0.09173177083333334,100.0,-15.0,22.179602999983672,auto,,,,,,0,
1768446827084,Sunny,Day,0.09208984375,100.0,-15.0,23.361722000004193,auto,,,,,,0,
1768446827114,Sunny,Day,0.09156901041666667,100.0,-15.0,20.46538599998371,auto,,,,,,0,
1768446827148,Sunny,Day,0.08857421875,100.0,-15.0,23.77831100000094,auto,,,,,,0,
1768446827177,Sunny,Day,0.08942057291666666,100.0,-16.0,19.562073999992435,auto,,,,,,0,
1768446827209,Sunny,Day,0.0869140625,100.0,-15.0,21.950583999995388,auto,,,,,,0,
1768446827242,Sunny,Day,0.08815104166666667,100.0,-15.0,22.781945999980735,auto,,,,,,0,
1768446827273,Sunny,Day,0.08440755208333334,100.0,-16.0,19.29990700000417,auto,,,,,,0,
1768446827305,Sunny,Day,0.08642578125,100.0,-16.0,21.2758100000201,auto,,,,,,0,
1768446827334,Sunny,Day,0.08427734375,100.0,-16.0,18.509975000000622,auto,,,,,,0,
1768446827366,Sunny,Day,0.08219401041666667,100.0,-16.0,21.78895399998737,auto,,,,,,0,
1768446827397,Sunny,Day,0.08427734375,100.0,-16.0,20.55571500000042,auto,,,,,,0,
1768446827430,Sunny,Day,0.08248697916666667,100.0,-16.0,20.895722999995314,auto,,,,,,0,
1768446827460,Sunny,Day,0.0802734375,100.0,-16.0,19.624759000009817,auto,,,,,,0,
1768446827492,Sunny,Day,0.08001302083333334,100.0,-16.0,21.153574000010167,auto,,,,,,0,
1768446827523,Sunny,Day,0.07809244791666667,100.0,-15.0,19.373782000002393,auto,,,,,,0,
1768446827558,Sunny,Day,0.07991536458333333,100.0,-16.0,24.243538999996872,auto,,,,,,0,
1768446827587,Sunny,Day,0.07740885416666667,100.0,-16.0,18.24241500000312,auto,,,,,,0,
1768446827617,Sunny,Day,0.07574869791666666,100.0,-14.0,20.440223000008473,auto,,,,,,0,
1768446827648,Sunny,Day,0.07571614583333333,100.0,-15.0,21.62195199997541,auto,,,,,,0,
1768446827681,Sunny,Day,0.075,100.0,-15.0,22.69159799999443,auto,,,,,,0,
1768446827711,Sunny,Day,0.07438151041666667,100.0,-16.0,19.42555200000129,auto,,,,,,0,
1768446827743,Sunny,Day,0.07236328125,100.0,-15.0,21.767554000007294,auto,,,,,,0,
1768446827775,Sunny,Day,0.07080078125,100.0,-16.0,22.279585999996243,auto,,,,,,0,
1768446827805,Sunny,Day,0.07001953125,100.0,-15.0,20.44179800000734,auto,,,,,,0,
1768446827837,Sunny,Day,0.06809895833333333,100.0,-16.0,22.086180000002287,auto,,,,,,0,
1768446827869,Sunny,Day,0.06917317708333333,100.0,-16.0,21.623898000001418,auto,,,,,,0,
1768446827900,Sunny,Day,0.06904296875,100.0,-15.0,21.37990700001069,auto,,,,,,0,
1768446827931,Sunny,Day,0.06819661458333333,100.0,-17.0,21.10311999999226,auto,,,,,,0,
1768446827964,Sunny,Day,0.06578776041666666,100.0,-17.0,22.946170000011534,auto,,,,,,0,
1768446827994,Sunny,Day,0.06800130208333334,100.0,-15.0,20.765648999997666,auto,,,,,,0,
1768446828026,Sunny,Day,0.06735026041666667,100.0,-17.0,21.863150000001497,auto,,,,,,0,
1768446828057,Sunny,Day,0.067578125,100.0,-15.0,20.840666999987434,auto,,,,,,0,
1768446828090,Sunny,Day,0.06692708333333333,100.0,-17.0,21.087287999989712,auto,,,,,,0,
1768446828122,Sunny,Day,0.06686197916666667,100.0,-17.0,21.912604999982932,auto,,,,,,0,
1768446828151,Sunny,Day,0.06354166666666666,100.0,-18.0,18.465035000019725,auto,,,,,,0,
1768446828186,Sunny,Day,0.06663411458333333,100.0,-16.0,25.133175000007668,auto,,,,,,0,
1768446828216,Sunny,Day,0.06539713541666667,100.0,-17.0,19.605251000001545,auto,,,,,,0,
1768446828245,Sunny,Day,0.064453125,100.0,-19.0,19.1985220000106,auto,,,,,,0,
1768446828279,Sunny,Day,0.06334635416666666,100.0,-17.0,23.52351099997918,auto,,,,,,0,
1768446828308,Sunny,Day,0.06350911458333333,100.0,-17.0,19.623631999991176,auto,,,,,,0,
1768446828340,Sunny,Day,0.06510416666666667,100.0,-18.0,22.485685999981797,auto,,,,,,0,
1768446828371,Sunny,Day,0.05986328125,100.0,-18.0,20.631530999992265,auto,,,,,,0,
1768446828403,Sunny,Day,0.0607421875,100.0,-18.0,19.75881800001389,auto,,,,,,0,
1768446828436,Sunny,Day,0.061328125,100.0,-18.0,23.52981000001364,auto,,,,,,0,
1768446828465,Sunny,Day,0.06318359375,100.0,-18.0,19.299301000017977,auto,,,,,,0,
1768446828498,Sunny,Day,0.06354166666666666,100.0,-20.0,21.314267999997583,auto,,,,,,0,
1768446828530,Sunny,Day,0.06204427083333333,100.0,-18.0,19.81813000000443,auto,,,,,,0,
1768446828559,Sunny,Day,0.06188151041666667,100.0,-18.0,19.174637999981314,auto,,,,,,0,
1768446828593,Sunny,Day,0.0634765625,100.0,-19.0,23.31837599999176,auto,,,,,,0,
1768446828623,Sunny,Day,0.0646484375,100.0,-18.0,19.63046899999199,auto,,,,,,0,
1768446828654,Sunny,Day,0.06302083333333333,100.0,-18.0,20.760660000007647,auto,,,,,,0,
1768446828685,Sunny,Day,0.06214192708333333,100.0,-18.0,21.338483999983282,auto,,,,,,0,
1768446828717,Sunny,Day,0.062890625,100.0,-17.0,21.482529000024897,auto,,,,,,0,
1768446828750,Sunny,Day,0.06253255208333333,100.0,-18.0,17.801105999978972,auto,,,,,,0,
1768446828779,Sunny,Day,0.060286458333333334,100.0,-18.0,17.67081100001633,auto,,,,,,0,
1768446828811,Sunny,Day,0.0603515625,100.0,-17.0,16.831746000008252,auto,,,,,,0,
1768446828842,Sunny,Day,0.05966796875,100.0,-16.0,17.402937000014163,auto,,,,,,0,
1768446828873,Sunny,Day,0.06201171875,100.0,-16.0,18.424309000010908,auto,,,,,,0,
1768446828907,Sunny,Day,0.06064453125,100.0,-17.0,22.950688999998192,auto,,,,,,0,
1768446828937,Sunny,Day,0.05960286458333333,100.0,-19.0,20.936776999974427,auto,,,,,,0,
1768446828968,Sunny,Day,0.058333333333333334,100.0,-17.0,16.52611099999035,auto,,,,,,0,
1768446829002,Sunny,Day,0.06103515625,100.0,-17.0,23.374147999987827,auto,,,,,,0,
1768446829031,Sunny,Day,0.061783854166666666,100.0,-16.0,14.550973000012846,auto,,,,,,0,
1768446829062,Sunny,Day,0.059733072916666664,100.0,-17.0,20.199203999993642,auto,,,,,,0,
1768446829094,Sunny,Day,0.05944010416666667,100.0,-18.0,21.404930000016975,auto,,,,,,0,
1768446829126,Sunny,Day,0.06067708333333333,100.0,-17.0,22.731481999983316,auto,,,,,,0,
1768446829157,Sunny,Day,0.05911458333333333,100.0,-16.0,14.889180000011493,auto,,,,,,0,
1768446829188,Sunny,Day,0.05963541666666667,100.0,-17.0,21.47198600002298,auto,,,,,,0,
1768446829221,Sunny,Day,0.05709635416666667,100.0,-18.0,19.850991999987855,auto,,,,,,0,
1768446829252,Sunny,Day,0.05771484375,100.0,-17.0,20.787308999985044,auto,,,,,,0,
1768446829282,Sunny,Day,0.0572265625,100.0,-16.0,18.991255000003093,auto,,,,,,0,
1768446829313,Sunny,Day,0.06064453125,100.0,-16.0,21.614324000012175,auto,,,,,,0,
1768446829348,Sunny,Day,0.05481770833333333,100.0,-18.0,24.93377900000837,auto,,,,,,0,
1768446829377,Sunny,Day,0.05472005208333333,100.0,-19.0,18.289476000006744,auto,,,,,,0,
1768446829410,Sunny,Day,0.05563151041666667,100.0,-18.0,22.434261000000788,auto,,,,,,0,
1768446829439,Sunny,Day,0.05901692708333333,100.0,-16.0,16.238393000008955,auto,,,,,,0,
1768446829471,Sunny,Day,0.05462239583333333,100.0,-18.0,21.73040599998899,auto,,,,,,0,
1768446829501,Sunny,Day,0.0529296875,100.0,-17.0,21.02890599999796,auto,,,,,,0,
1768446829535,Sunny,Day,0.05384114583333333,100.0,-16.0,24.12647799999945,auto,,,,,,0,
1768446829565,Sunny,Day,0.05651041666666667,100.0,-16.0,17.424383999980364,auto,,,,,,0,
1768446829599,Sunny,Day,0.05465494791666667,100.0,-16.0,23.71860400000969,auto,,,,,,0,
1768446829629,Sunny,Day,0.05374348958333333,100.0,-15.0,19.16027499999018,auto,,,,,,0,
1768446829661,Sunny,Day,0.05416666666666667,100.0,-14.0,22.021365000000515,auto,,,,,,0,
1768446829690,Sunny,Day,0.056966145833333336,100.0,-16.0,20.18510300001708,auto,,,,,,0,
1768446829723,Sunny,Day,0.0576171875,100.0,-15.0,22.797666000002437,auto,,,,,,0,
1768446829756,Sunny,Day,0.05791015625,100.0,-16.0,22.50513300000989,auto,,,,,,0,
1768446829785,Sunny,Day,0.05651041666666667,100.0,-14.0,15.197425000025078,auto,,,,,,0,
1768446829818,Sunny,Day,0.05791015625,100.0,-15.0,22.473950000005516,auto,,,,,,0,
1768446829848,Sunny,Day,0.0607421875,100.0,-15.0,20.018956000001253,auto,,,,,,0,
1768446829880,Sunny,Day,0.0607421875,100.0,-15.0,21.895479999983536,auto,,,,,,0,
1768446829911,Sunny,Day,0.06012369791666667,100.0,-16.0,20.737929999995686,auto,,,,,,0,
1768446829942,Sunny,Day,0.06171875,100.0,-16.0,15.586920000004056,auto,,,,,,0,
1768446829975,Sunny,Day,0.063671875,100.0,-14.0,22.38338099999737,auto,,,,,,0,
1768446830004,Sunny,Day,0.06334635416666666,100.0,-14.0,19.512061000000358,auto,,,,,,0,
1768446830037,Sunny,Day,0.0626953125,100.0,-15.0,23.04847099998142,auto,,,,,,0,
1768446830069,Sunny,Day,0.06555989583333334,100.0,-15.0,22.030913000008923,auto,,,,,,0,
1768446830100,Sunny,Day,0.06695963541666666,100.0,-15.0,20.591843999994808,auto,,,,,,0,
1768446830132,Sunny,Day,0.0689453125,100.0,-15.0,20.84585400001515,auto,,,,,,0,
1768446830162,Sunny,Day,0.06712239583333333,100.0,-15.0,20.404797999987068,auto,,,,,,0,
1768446830193,Sunny,Day,0.06751302083333334,100.0,-14.0,21.6783850000013,auto,,,,,,0,
1768446830227,Sunny,Day,0.07027994791666667,100.0,-15.0,25.01549599998043,auto,,,,,,0,
1768446830258,Sunny,Day,0.07229817708333333,100.0,-15.0,21.15682199999469,auto,,,,,,0,
1768446830289,Sunny,Day,0.07197265625,100.0,-15.0,19.922754999981862,auto,,,,,,0,
1768446830320,Sunny,Day,0.07268880208333334,100.0,-15.0,21.091117999986864,auto,,,,,,0,
1768446830350,Sunny,Day,0.073828125,100.0,-15.0,20.325086000013926,auto,,,,,,0,
1768446830382,Sunny,Day,0.07620442708333333,100.0,-16.0,17.278302999983453,auto,,,,,,0,
1768446830413,Sunny,Day,0.07783203125,100.0,-16.0,20.405834999991157,auto,,,,,,0,
1768446830445,Sunny,Day,0.07890625,100.0,-16.0,21.542608000004293,auto,,,,,,0,
1768446830476,Sunny,Day,0.07998046875,100.0,-15.0,16.420702000004894,auto,,,,,,0,
1768446830507,Sunny,Day,0.08011067708333333,100.0,-16.0,19.157483000014963,auto,,,,,,0,
1768446830539,Sunny,Day,0.08157552083333333,100.0,-16.0,22.30843499998514,auto,,,,,,0,
1768446830571,Sunny,Day,0.08238932291666666,100.0,-17.0,21.354280999986486,auto,,,,,,0,
1768446830602,Sunny,Day,0.08411458333333334,100.0,-17.0,20.55417599999032,auto,,,,,,0,
1768446830635,Sunny,Day,0.08401692708333333,100.0,-16.0,22.993163000023742,auto,,,,,,0,
1768446830664,Sunny,Day,0.08502604166666666,100.0,-18.0,19.111438999999564,auto,,,,,,0,
1768446830696,Sunny,Day,0.0853515625,100.0,-18.0,18.831821999981457,auto,,,,,,0,
1768446830728,Sunny,Day,0.08382161458333333,100.0,-17.0,22.903132000010373,auto,,,,,,0,
1768446830758,Sunny,Day,0.085546875,100.0,-17.0,20.39794100002723,auto,,,,,,0,
1768446830790,Sunny,Day,0.0857421875,100.0,-18.0,22.726424000012457,auto,,,,,,0,
1768446830821,Sunny,Day,0.08779296875,100.0,-18.0,21.63886400001047,auto,,,,,,0,
1768446830853,Sunny,Day,0.08671875,100.0,-18.0,22.849583999999368,auto,,,,,,0,
1768446830886,Sunny,Day,0.0875,100.0,-17.0,22.622645000012653,auto,,,,,,0,
1768446830916,Sunny,Day,0.08779296875,100.0,-17.0,19.03385899998966,auto,,,,,,0,
1768446830948,Sunny,Day,0.0900390625,100.0,-19.0,22.117218999994748,auto,,,,,,0,
1768446830980,Sunny,Day,0.08603515625,100.0,-20.0,19.244474000004175,auto,,,,,,0,
1768446831012,Sunny,Day,0.08824869791666666,100.0,-19.0,21.559421000006296,auto,,,,,,0,
1768446831045,Sunny,Day,0.08837890625,100.0,-20.0,23.48206599998548,auto,,,,,,0,
1768446831073,Sunny,Day,0.09108072916666667,100.0,-20.0,17.299709000013763,auto,,,,,,0,
1768446831105,Sunny,Day,0.089453125,100.0,-20.0,21.768820999994887,auto,,,,,,0,
1768446831136,Sunny,Day,0.08502604166666666,100.0,-20.0,21.66074399997342,auto,,,,,,0,
1768446831167,Sunny,Day,0.08177083333333333,100.0,-19.0,21.503807000016195,auto,,,,,,0,
1768446831198,Sunny,Day,0.08671875,100.0,-19.0,21.426413000000366,auto,,,,,,0,
1768446831230,Sunny,Day,0.08759765625,100.0,-20.0,22.050621999994746,auto,,,,,,0,
1768446831262,Sunny,Day,0.08551432291666666,100.0,-19.0,23.168932999993785,auto,,,,,,0,
1768446831293,Sunny,Day,0.08551432291666666,100.0,-18.0,17.23632299999167,auto,,,,,,0,
1768446831326,Sunny,Day,0.09085286458333333,100.0,-18.0,15.115116000004036,auto,,,,,,0,
1768446831358,Sunny,Day,0.088671875,100.0,-19.0,21.30075200000192,auto,,,,,,0,
1768446831387,Sunny,Day,0.08610026041666667,100.0,-20.0,19.97549500001128,auto,,,,,,0,
1768446831419,Sunny,Day,0.08697916666666666,100.0,-20.0,21.42255900000123,auto,,,,,,0,
1768446831455,Sunny,Day,0.08857421875,100.0,-18.0,26.8677020000041,auto,,,,,,0,
1768446831482,Sunny,Day,0.08828125,100.0,-20.0,16.704367000016873,auto,,,,,,0,
1768446831515,Sunny,Day,0.08795572916666666,100.0,-21.0,17.772928999988835,auto,,,,,,0,
1768446831545,Sunny,Day,0.08707682291666667,100.0,-19.0,19.036171000010427,auto,,,,,,0,
1768446831577,Sunny,Day,0.08727213541666666,100.0,-20.0,21.427822000021024,auto,,,,,,0,
1768446831607,Sunny,Day,0.088671875,100.0,-19.0,16.941940999998906,auto,,,,,,0,
1768446831640,Sunny,Day,0.08929036458333334,100.0,-20.0,19.279822000015656,auto,,,,,,0,
1768446831670,Sunny,Day,0.08473307291666667,100.0,-21.0,20.161892999993825,auto,,,,,,0,
1768446831701,Sunny,Day,0.08717447916666667,100.0,-21.0,21.696373999986918,auto,,,,,,0,
1768446831733,Sunny,Day,0.08746744791666666,100.0,-19.0,22.01325000001475,auto,,,,,,0,
1768446831766,Sunny,Day,0.08935546875,100.0,-19.0,23.833682999992334,auto,,,,,,0,
1768446831797,Sunny,Day,0.08479817708333333,100.0,-20.0,19.56564299999286,auto,,,,,,0,
1768446831828,Sunny,Day,0.08362630208333334,100.0,-19.0,19.356232999996337,auto,,,,,,0,
1768446831860,Sunny,Day,0.08723958333333333,100.0,-18.0,21.675214999987702,auto,,,,,,0,
1768446831891,Sunny,Day,0.08479817708333333,100.0,-19.0,20.928068000017674,auto,,,,,,0,
1768446831921,Sunny,Day,0.08349609375,100.0,-20.0,19.51861699998858,auto,,,,,,0,
1768446831954,Sunny,Day,0.08173828125,100.0,-20.0,23.219831000005797,auto,,,,,,0,
1768446831985,Sunny,Day,0.08160807291666666,100.0,-19.0,17.65236399998571,auto,,,,,,0,
1768446832016,Sunny,Day,0.08404947916666666,100.0,-19.0,17.67372999998429,auto,,,,,,0,
1768446832047,Sunny,Day,0.08196614583333334,100.0,-19.0,20.973900000001322,auto,,,,,,0,
1768446832078,Sunny,Day,0.08004557291666667,100.0,-21.0,21.10791600000539,auto,,,,,,0,
1768446832110,Sunny,Day,0.08131510416666667,100.0,-19.0,16.5044979999891,auto,,,,,,0,
1768446832141,Sunny,Day,0.08079427083333333,100.0,-19.0,19.273596999994425,auto,,,,,,0,
1768446832172,Sunny,Day,0.0818359375,100.0,-19.0,22.318417999997564,auto,,,,,,0,
1768446832204,Sunny,Day,0.07835286458333333,100.0,-20.0,18.99329799999805,auto,,,,,,0,
1768446832236,Sunny,Day,0.07454427083333333,100.0,-19.0,22.56968199998255,auto,,,,,,0,
1768446832268,Sunny,Day,0.07701822916666666,100.0,-18.0,20.469480000002704,auto,,,,,,0,
1768446832298,Sunny,Day,0.07978515625,100.0,-19.0,20.727953000005073,auto,,,,,,0,
1768446832330,Sunny,Day,0.07763671875,100.0,-21.0,21.979143000010026,auto,,,,,,0,
1768446832361,Sunny,Day,0.07542317708333333,100.0,-21.0,20.637348999997585,auto,,,,,,0,
1768446832394,Sunny,Day,0.074609375,100.0,-21.0,22.512745000000223,auto,,,,,,0,
1768446832425,Sunny,Day,0.07750651041666666,100.0,-19.0,21.33376000000453,auto,,,,,,0,
1768446832455,Sunny,Day,0.07594401041666667,100.0,-20.0,20.316120000018145,auto,,,,,,0,
1768446832486,Sunny,Day,0.07112630208333333,100.0,-20.0,17.43935199999669,auto,,,,,,0,
1768446832518,Sunny,Day,0.07001953125,100.0,-21.0,17.410299000005125,auto,,,,,,0,
1768446832551,Sunny,Day,0.07386067708333334,100.0,-18.0,20.884610999985398,auto,,,,,,0,
1768446832582,Sunny,Day,0.07294921875,100.0,-19.0,21.796285999982956,auto,,,,,,0,
1768446832614,Sunny,Day,0.07164713541666666,100.0,-19.0,21.332685000004403,auto,,,,,,0,
1768446832645,Sunny,Day,0.06695963541666666,100.0,-19.0,21.66391800000156,auto,,,,,,0,
1768446832676,Sunny,Day,0.06637369791666667,100.0,-20.0,20.678981000003205,auto,,,,,,0,
1768446832706,Sunny,Day,0.0705078125,100.0,-19.0,18.31832499999564,auto,,,,,,0,
1768446832739,Sunny,Day,0.06832682291666667,100.0,-20.0,19.145954000009624,auto,,,,,,0,
1768446832769,Sunny,Day,0.06647135416666666,100.0,-22.0,20.798897999981136,auto,,,,,,0,
1768446832801,Sunny,Day,0.06487630208333334,100.0,-21.0,19.184789999997065,auto,,,,,,0,
1768446832834,Sunny,Day,0.0685546875,100.0,-17.0,19.01212399999963,auto,,,,,,0,
1768446832865,Sunny,Day,0.06689453125,100.0,-18.0,20.164538000017274,auto,,,,,,0,
1768446832896,Sunny,Day,0.06848958333333334,100.0,-18.0,21.270280999999613,auto,,,,,,0,
1768446832927,Sunny,Day,0.061783854166666666,100.0,-21.0,20.806032000024288,auto,,,,,,0,
1768446832958,Sunny,Day,0.0666015625,100.0,-18.0,20.487489999993613,auto,,,,,,0,
1768446832989,Sunny,Day,0.06783854166666667,100.0,-18.0,21.594176999997217,auto,,,,,,0,
1768446833020,Sunny,Day,0.06708984375,100.0,-19.0,21.888954000019112,auto,,,,,,0,
1768446833053,Sunny,Day,0.06295572916666667,100.0,-21.0,23.582731000004742,auto,,,,,,0,
1768446833085,Sunny,Day,0.066015625,100.0,-18.0,22.42279899999744,auto,,,,,,0,
1768446833115,Sunny,Day,0.06953125,100.0,-17.0,20.4912350000086,auto,,,,,,0,
1768446833147,Sunny,Day,0.0671875,100.0,-18.0,22.521592999993345,auto,,,,,,0,
1768446833178,Sunny,Day,0.0640625,100.0,-20.0,20.305747000008978,auto,,,,,,0,
1768446833210,Sunny,Day,0.06676432291666666,100.0,-18.0,20.499554000025455,auto,,,,,,0,
1768446833241,Sunny,Day,0.06904296875,100.0,-17.0,21.041730999996844,auto,,,,,,0,
1768446833272,Sunny,Day,0.06826171875,100.0,-18.0,21.813790000010158,auto,,,,,,0,
1768446833304,Sunny,Day,0.06780598958333334,100.0,-18.0,22.00817100001018,auto,,,,,,0,
1768446833336,Sunny,Day,0.06744791666666666,100.0,-18.0,21.976765000005116,auto,,,,,,0,
1768446833366,Sunny,Day,0.0693359375,100.0,-17.0,19.28070199997478,auto,,,,,,0,
1768446833398,Sunny,Day,0.06910807291666667,100.0,-17.0,21.63891899999726,auto,,,,,,0,
1768446833430,Sunny,Day,0.06783854166666667,100.0,-19.0,21.936429000021462,auto,,,,,,0,
1768446833462,Sunny,Day,0.06966145833333333,100.0,-18.0,22.664501000008386,auto,,,,,,0,
1768446833493,Sunny,Day,0.06725260416666666,100.0,-18.0,20.339468999992505,auto,,,,,,0,
1768446833524,Sunny,Day,0.07106119791666667,100.0,-17.0,21.09036800001718,auto,,,,,,0,
1768446833555,Sunny,Day,0.06946614583333334,100.0,-18.0,21.305742000009786,auto,,,,,,0,
1768446833587,Sunny,Day,0.06806640625,100.0,-19.0,21.36629200001039,auto,,,,,,0,
1768446833618,Sunny,Day,0.06871744791666666,100.0,-17.0,21.692021999996314,auto,,,,,,0,
1768446833649,Sunny,Day,0.06962890625,100.0,-17.0,20.10715899999127,auto,,,,,,0,
1768446833681,Sunny,Day,0.07119140625,100.0,-17.0,19.645135999979857,auto,,,,,,0,
1768446833714,Sunny,Day,0.07044270833333334,100.0,-18.0,23.149036999996042,auto,,,,,,0,
1768446833744,Sunny,Day,0.069140625,100.0,-17.0,20.27787999998054,auto,,,,,,0,
1768446833776,Sunny,Day,0.07027994791666667,100.0,-17.0,21.440738999984887,auto,,,,,,0,
1768446833807,Sunny,Day,0.07239583333333334,100.0,-17.0,19.92248700000232,auto,,,,,,0,
1768446833838,Sunny,Day,0.06852213541666667,100.0,-18.0,20.445913999992626,auto,,,,,,0,
1768446833871,Sunny,Day,0.07014973958333333,100.0,-17.0,20.57833599999981,auto,,,,,,0,
1768446833904,Sunny,Day,0.07220052083333334,100.0,-17.0,23.140681000000995,auto,,,,,,0,
1768446833933,Sunny,Day,0.07447916666666667,100.0,-17.0,19.748136000004024,auto,,,,,,0,
1768446833965,Sunny,Day,0.07451171875,100.0,-18.0,21.94471100000328,auto,,,,,,0,
1768446833995,Sunny,Day,0.07018229166666666,100.0,-19.0,20.62436100001719,auto,,,,,,0,
1768446834026,Sunny,Day,0.06764322916666667,100.0,-19.0,16.287268000013455,auto,,,,,,0,
1768446834058,Sunny,Day,0.07213541666666666,100.0,-17.0,19.852591000017128,auto,,,,,,0,
1768446834089,Sunny,Day,0.07288411458333334,100.0,-18.0,15.81368499998348,auto,,,,,,0,
1768446834120,Sunny,Day,0.0705078125,100.0,-18.0,22.187191999989864,auto,,,,,,0,
1768446834154,Sunny,Day,0.06897786458333334,100.0,-16.0,22.726957999992692,auto,,,,,,0,
1768446834184,Sunny,Day,0.06852213541666667,100.0,-15.0,19.902376999993976,auto,,,,,,0,
1768446834216,Sunny,Day,0.07347005208333333,100.0,-18.0,22.01856599998564,auto,,,,,,0,
1768446834248,Sunny,Day,0.073828125,100.0,-19.0,20.890508999997337,auto,,,,,,0,
1768446834278,Sunny,Day,0.07083333333333333,100.0,-20.0,19.64433399999166,auto,,,,,,0,
1768446834310,Sunny,Day,0.07057291666666667,100.0,-17.0,22.298454000008405,auto,,,,,,0,
1768446834340,Sunny,Day,0.07679036458333334,100.0,-17.0,20.42543100000671,auto,,,,,,0,
1768446834374,Sunny,Day,0.07708333333333334,100.0,-18.0,23.665971000013997,auto,,,,,,0,
1768446834404,Sunny,Day,0.07535807291666667,100.0,-18.0,15.737701000006155,auto,,,,,,0,
1768446834435,Sunny,Day,0.07223307291666667,100.0,-15.0,21.387048000008235,auto,,,,,,0,
1768446834467,Sunny,Day,0.07659505208333334,100.0,-17.0,20.191380999989406,auto,,,,,,0,
1768446834497,Sunny,Day,0.07744140625,100.0,-18.0,18.01375200000166,auto,,,,,,0,
1768446834530,Sunny,Day,0.07529296875,100.0,-18.0,23.49799399999597,auto,,,,,,0,
1768446834561,Sunny,Day,0.07724609375,100.0,-16.0,21.031453000006195,auto,,,,,,0,
1768446834592,Sunny,Day,0.08248697916666667,100.0,-16.0,22.133440999994036,auto,,,,,,0,
1768446834623,Sunny,Day,0.08115234375,100.0,-18.0,21.25468299999511,auto,,,,,,0,
1768446834655,Sunny,Day,0.07864583333333333,100.0,-19.0,22.35622500001,auto,,,,,,0,
1768446834686,Sunny,Day,0.07991536458333333,100.0,-17.0,19.629029000014953,auto,,,,,,0,
1768446834718,Sunny,Day,0.0794921875,100.0,-16.0,22.844650000024558,auto,,,,,,0,
1768446834749,Sunny,Day,0.08154296875,100.0,-17.0,20.74986100001297,auto,,,,,,0,
1768446834781,Sunny,Day,0.08108723958333333,100.0,-18.0,22.35433600000647,auto,,,,,,0,
1768446834812,Sunny,Day,0.07805989583333334,100.0,-17.0,21.00823699998955,auto,,,,,,0,
1768446834844,Sunny,Day,0.0763671875,100.0,-18.0,20.979758999999376,auto,,,,,,0,
1768446834875,Sunny,Day,0.08304036458333333,100.0,-16.0,21.141436999982943,auto,,,,,,0,
1768446834906,Sunny,Day,0.07978515625,100.0,-19.0,20.649789000003693,auto,,,,,,0,
1768446834938,Sunny,Day,0.07509765625,100.0,-19.0,22.64159800000698,auto,,,,,,0,
1768446834969,Sunny,Day,0.07874348958333334,100.0,-18.0,19.82161200001542,auto,,,,,,0,
1768446835000,Sunny,Day,0.07848307291666666,100.0,-16.0,20.46385799999939,auto,,,,,,0,
1768446835032,Sunny,Day,0.08141276041666666,100.0,-18.0,23.284345999996958,auto,,,,,,0,
1768446835064,Sunny,Day,0.07705078125,100.0,-20.0,21.23431199999004,auto,,,,,,0,
1768446835095,Sunny,Day,0.07975260416666667,100.0,-18.0,19.86745000002088,auto,,,,,,0,
1768446835127,Sunny,Day,0.078125,100.0,-18.0,21.647750999989057,auto,,,,,,0,
1768446835157,Sunny,Day,0.07958984375,100.0,-18.0,14.310881000000109,auto,,,,,,0,
1768446835188,Sunny,Day,0.07877604166666667,100.0,-18.0,18.57566400002497,auto,,,,,,0,
1768446835219,Sunny,Day,0.07877604166666667,100.0,-18.0,20.784168999995245,auto,,,,,,0,
1768446835251,Sunny,Day,0.07972005208333334,100.0,-15.0,22.230462999999645,auto,,,,,,0,
1768446835283,Sunny,Day,0.0802734375,100.0,-17.0,21.439864000001307,auto,,,,,,0,
1768446835316,Sunny,Day,0.07906901041666667,100.0,-19.0,23.156223000000864,auto,,,,,,0,
1768446835348,Sunny,Day,0.07945963541666666,100.0,-19.0,21.432730000015,auto,,,,,,0,
1768446835380,Sunny,Day,0.07890625,100.0,-19.0,22.03812100000846,auto,,,,,,0,
1768446835410,Sunny,Day,0.08095703125,100.0,-19.0,18.889791999981753,auto,,,,,,0,
1768446835442,Sunny,Day,0.08255208333333333,100.0,-19.0,21.374237000003404,auto,,,,,,0,
1768446835473,Sunny,Day,0.08196614583333334,100.0,-20.0,20.50954500001012,auto,,,,,,0,
1768446835504,Sunny,Day,0.08115234375,100.0,-19.0,20.31631399998446,auto,,,,,,0,
1768446835535,Sunny,Day,0.08271484375,100.0,-18.0,21.46445099998573,auto,,,,,,0,
1768446835566,Sunny,Day,0.08310546875,100.0,-18.0,19.638255999979037,auto,,,,,,0,
1768446835597,Sunny,Day,0.08235677083333333,100.0,-20.0,20.5152519999956,auto,,,,,,0,
1768446835628,Sunny,Day,0.08167317708333334,100.0,-20.0,18.90372500000126,auto,,,,,,0,
1768446835660,Sunny,Day,0.0814453125,100.0,-18.0,22.033136999993985,auto,,,,,,0,
1768446835692,Sunny,Day,0.08343098958333334,100.0,-19.0,21.364992000002303,auto,,,,,,0,
1768446835723,Sunny,Day,0.0806640625,100.0,-21.0,18.63665999999853,auto,,,,,,0,
1768446835755,Sunny,Day,0.08408203125,100.0,-19.0,21.942330000001675,auto,,,,,,0,
1768446835786,Sunny,Day,0.07347005208333333,100.0,-19.0,19.429443999996465,auto,,,,,,0,
1768446835818,Sunny,Day,0.0779296875,100.0,-20.0,19.62674999998626,auto,,,,,,0,
1768446835848,Sunny,Day,0.07975260416666667,100.0,-20.0,19.86480100001131,auto,,,,,,0,
1768446835880,Sunny,Day,0.07724609375,100.0,-20.0,18.42942100000755,auto,,,,,,0,
1768446835911,Sunny,Day,0.07587890625,100.0,-20.0,20.415624999998272,auto,,,,,,0,
1768446835944,Sunny,Day,0.07337239583333334,100.0,-18.0,20.229324999974096,auto,,,,,,0,
1768446835974,Sunny,Day,0.07958984375,100.0,-20.0,19.12128300000404,auto,,,,,,0,
1768446836005,Sunny,Day,0.0794921875,100.0,-21.0,20.06666100001553,auto,,,,,,0,
1768446836036,Sunny,Day,0.07932942708333333,100.0,-21.0,18.56622600001856,auto,,,,,,0,
1768446836068,Sunny,Day,0.07711588541666667,100.0,-20.0,21.828507999998692,auto,,,,,,0,
1768446836102,Sunny,Day,0.08291015625,100.0,-19.0,24.473451999995177,auto,,,,,,0,
1768446836131,Sunny,Day,0.08053385416666667,100.0,-21.0,19.678709000004346,auto,,,,,,0,
1768446836164,Sunny,Day,0.07942708333333333,100.0,-20.0,22.822671000000128,auto,,,,,,0,
1768446836196,Sunny,Day,0.07314453125,100.0,-21.0,20.941104000002042,auto,,,,,,0,
1768446836226,Sunny,Day,0.0751953125,100.0,-19.0,20.00421100001404,auto,,,,,,0,
1768446836257,Sunny,Day,0.07490234375,100.0,-20.0,21.380961000005527,auto,,,,,,0,
1768446836289,Sunny,Day,0.0712890625,100.0,-24.0,19.29997600001343,auto,,,,,,0,
1768446836321,Sunny,Day,0.069921875,100.0,-20.0,21.82715500001109,auto,,,,,,0,
1768446836353,Sunny,Day,0.07112630208333333,100.0,-19.0,21.85339199999703,auto,,,,,,0,
1768446836382,Sunny,Day,0.0734375,100.0,-19.0,15.172449999994342,auto,,,,,,0,
1768446836413,Sunny,Day,0.07353515625,100.0,-20.0,16.55479600000831,auto,,,,,,0,
1768446836445,Sunny,Day,0.067578125,100.0,-22.0,19.88216699999157,auto,,,,,,0,
1768446836476,Sunny,Day,0.06591796875,100.0,-20.0,22.23934999997823,auto,,,,,,0,
1768446836511,Sunny,Day,0.06829427083333334,100.0,-19.0,25.335361999992756,auto,,,,,,0,
1768446836539,Sunny,Day,0.07353515625,100.0,-20.0,18.41661200000999,auto,,,,,,0,
1768446836572,Sunny,Day,0.06559244791666667,100.0,-23.0,22.68335799999477,auto,,,,,,0,
1768446836603,Sunny,Day,0.06608072916666667,100.0,-21.0,21.27603700000691,auto,,,,,,0,
1768446836634,Sunny,Day,0.06588541666666667,100.0,-17.0,20.73503500000129,auto,,,,,,0,
1768446836667,Sunny,Day,0.07076822916666667,100.0,-19.0,23.130941999994548,auto,,,,,,0,
1768446836697,Sunny,Day,0.066015625,100.0,-23.0,17.103708999997025,auto,,,,,,0,
1768446836729,Sunny,Day,0.06220703125,100.0,-22.0,20.50837999999544,auto,,,,,,0,
1768446836761,Sunny,Day,0.07001953125,100.0,-17.0,21.32621100000165,auto,,,,,,0,
1768446836791,Sunny,Day,0.06780598958333334,100.0,-20.0,19.3832230000055,auto,,,,,,0,
1768446836822,Sunny,Day,0.06741536458333333,100.0,-23.0,16.879815999999437,auto,,,,,,0,
1768446836855,Sunny,Day,0.06292317708333334,100.0,-22.0,19.330696000025682,auto,,,,,,0,
1768446836887,Sunny,Day,0.06162109375,100.0,-21.0,20.932878000024857,auto,,,,,,0,
1768446836918,Sunny,Day,0.06376953125,100.0,-18.0,20.00598999998715,auto,,,,,,0,
1768446836948,Sunny,Day,0.0626953125,100.0,-21.0,19.605356999989,auto,,,,,,0,
1768446836979,Sunny,Day,0.06376953125,100.0,-21.0,19.838366000016094,auto,,,,,,0,
1768446837010,Sunny,Day,0.05439453125,100.0,-22.0,21.2485529999924,auto,,,,,,0,
1768446837041,Sunny,Day,0.06044921875,100.0,-20.0,20.476333999994267,auto,,,,,,0,
1768446837073,Sunny,Day,0.05927734375,100.0,-21.0,21.36251199999606,auto,,,,,,0,
1768446837106,Sunny,Day,0.06064453125,100.0,-21.0,22.315982999998596,auto,,,,,,0,
1768446837138,Sunny,Day,0.05227864583333333,100.0,-20.0,22.071913000019094,auto,,,,,,0,
1768446837168,Sunny,Day,0.04918619791666667,98.37239583333333,-19.0,20.1486479999744,auto,,,,,,0,
1768446837202,Sunny,Day,0.05244140625,100.0,-18.0,24.693426999988333,auto,,,,,,0,
1768446837233,Sunny,Day,0.05481770833333333,100.0,-18.0,20.35643899998263,auto,,,,,,0,
1768446837264,Sunny,Day,0.05113932291666667,100.0,-19.0,20.097991999989517,auto,,,,,,0,
1768446837295,Sunny,Day,0.04925130208333333,98.50260416666666,-17.0,20.848450999977786,auto,,,,,,0,
1768446837326,Sunny,Day,0.052083333333333336,100.0,-17.0,20.5720499999984,auto,,,,,,0,
1768446837356,Sunny,Day,0.05865885416666667,100.0,-18.0,20.14749800000004,auto,,,,,,0,
1768446837389,Sunny,Day,0.05244140625,100.0,-19.0,23.31151300001011,auto,,,,,,0,
1768446837419,Sunny,Day,0.051041666666666666,100.0,-18.0,20.484913000018423,auto,,,,,,0,
1768446837451,Sunny,Day,0.04931640625,98.6328125,-16.0,22.842606000011756,auto,,,,,,0,
1768446837482,Sunny,Day,0.05817057291666667,100.0,-17.0,21.25004699999522,auto,,,,,,0,
1768446837514,Sunny,Day,0.052962239583333334,100.0,-17.0,23.281515999997282,auto,,,,,,0,
1768446837545,Sunny,Day,0.05146484375,100.0,-18.0,15.642758000012691,auto,,,,,,0,
1768446837578,Sunny,Day,0.0490234375,98.046875,-16.0,22.75791400001026,auto,,,,,,0,
1768446837608,Sunny,Day,0.057291666666666664,100.0,-16.0,19.513561999985995,auto,,,,,,0,
1768446837641,Sunny,Day,0.05927734375,100.0,-18.0,23.08228500001519,auto,,,,,,0,
1768446837670,Sunny,Day,0.05804036458333333,100.0,-19.0,18.981639999992694,auto,,,,,,0,
1768446837702,Sunny,Day,0.05146484375,100.0,-13.0,22.760285000003933,auto,,,,,,0,
1768446837733,Sunny,Day,0.05755208333333333,100.0,-14.0,21.134228000022404,auto,,,,,,0,
1768446837764,Sunny,Day,0.05764973958333333,100.0,-18.0,21.1778610000124,auto,,,,,,0,
1768446837797,Sunny,Day,0.06002604166666667,100.0,-19.0,23.620967999988807,auto,,,,,,0,
1768446837826,Sunny,Day,0.05078125,100.0,-18.0,20.452414000004637,auto,,,,,,0,
1768446837857,Sunny,Day,0.06103515625,100.0,-14.0,23.242143999993914,auto,,,,,,0,
1768446837888,Sunny,Day,0.061295572916666666,100.0,-18.0,23.398278999991362,auto,,,,,,0,
1768446837921,Sunny,Day,0.06529947916666666,100.0,-17.0,23.961291000006213,auto,,,,,,0,
1768446837951,Sunny,Day,0.06061197916666667,100.0,-16.0,23.109373000011146,auto,,,,,,0,
1768446837982,Sunny,Day,0.06149088541666667,100.0,-13.0,23.458236999999826,auto,,,,,,0,
1768446838014,Sunny,Day,0.05999348958333333,100.0,-17.0,23.942135999988068,auto,,,,,,0,
1768446838045,Sunny,Day,0.06666666666666667,100.0,-17.0,24.121098000023267,auto,,,,,,0,
1768446838077,Sunny,Day,0.05712890625,100.0,-19.0,22.99747399999319,auto,,,,,,0,
1768446838108,Sunny,Day,0.06139322916666667,100.0,-16.0,23.988166000009414,auto,,,,,,0,
1768446838141,Sunny,Day,0.06474609375,100.0,-16.0,24.90569300002221,auto,,,,,,0,
1768446838173,Sunny,Day,0.06608072916666667,100.0,-18.0,24.175347999999985,auto,,,,,,0,
1768446838202,Sunny,Day,0.05944010416666667,100.0,-21.0,21.162734999990107,auto,,,,,,0,
1768446838235,Sunny,Day,0.058821614583333334,100.0,-17.0,22.37622000001238,auto,,,,,,0,
1768446838267,Sunny,Day,0.062239583333333334,100.0,-13.0,23.719137999989925,auto,,,,,,0,
1768446838296,Sunny,Day,0.06676432291666666,100.0,-18.0,22.185669999998936,auto,,,,,,0,
1768446838327,Sunny,Day,0.059798177083333334,100.0,-20.0,23.293765999994775,auto,,,,,,0,
1768446838359,Sunny,Day,0.06158854166666667,100.0,-16.0,24.084950000002436,auto,,,,,,0,
1768446838390,Sunny,Day,0.06188151041666667,100.0,-13.0,23.085484000006318,auto,,,,,,0,
1768446838422,Sunny,Day,0.07203776041666667,100.0,-16.0,23.99762400000327,auto,,,,,,0,
1768446838455,Sunny,Day,0.06572265625,100.0,-18.0,25.089043999997784,auto,,,,,,0,
1768446838485,Sunny,Day,0.06302083333333333,100.0,-20.0,22.710289000002604,auto,,,,,,0,
1768446838518,Sunny,Day,0.06298828125,100.0,-15.0,25.062186000013753,auto,,,,,,0,
1768446838549,Sunny,Day,0.06539713541666667,100.0,-17.0,23.143417,auto,,,,,,0,
1768446838579,Sunny,Day,0.06643880208333333,100.0,-18.0,22.074411999994936,auto,,,,,,0,
1768446838610,Sunny,Day,0.06875,100.0,-21.0,23.468287000014243,auto,,,,,,0,
1768446838642,Sunny,Day,0.058430989583333336,100.0,-18.0,19.937108000021908,auto,,,,,,0,
1768446838673,Sunny,Day,0.06067708333333333,100.0,-19.0,23.326749000005975,auto,,,,,,0,
1768446838704,Sunny,Day,0.06197916666666667,100.0,-17.0,23.187597999992704,auto,,,,,,0,
1768446838736,Sunny,Day,0.06432291666666666,100.0,-20.0,23.69803800002046,auto,,,,,,0,
1768446838767,Sunny,Day,0.060872395833333336,100.0,-19.0,22.48507100000552,auto,,,,,,0,
1768446838799,Sunny,Day,0.06165364583333333,100.0,-18.0,21.51938500000483,auto,,,,,,0,
1768446838830,Sunny,Day,0.06103515625,100.0,-19.0,23.68067700001575,auto,,,,,,0,
1768446838861,Sunny,Day,0.0673828125,100.0,-20.0,21.69525700000463,auto,,,,,,0,
1768446838893,Sunny,Day,0.059895833333333336,100.0,-20.0,23.56416300000319,auto,,,,,,0,
1768446838926,Sunny,Day,0.05517578125,100.0,-18.0,21.79727800000819,auto,,,,,,0,
1768446838956,Sunny,Day,0.06500651041666666,100.0,-17.0,22.505727999998726,auto,,,,,,0,
1768446838987,Sunny,Day,0.0685546875,100.0,-20.0,23.018167000003587,auto,,,,,,0,
1768446839020,Sunny,Day,0.06438802083333334,100.0,-20.0,25.535109999992756,auto,,,,,,0,
1768446839051,Sunny,Day,0.05862630208333333,100.0,-21.0,22.4290370000233,auto,,,,,,0,
1768446839082,Sunny,Day,0.0650390625,100.0,-19.0,22.916484000006676,auto,,,,,,0,
1768446839112,Sunny,Day,0.07027994791666667,100.0,-19.0,23.154386000015847,auto,,,,,,0,
1768446839145,Sunny,Day,0.06663411458333333,100.0,-20.0,25.38744299999962,auto,,,,,,0,
1768446839175,Sunny,Day,0.06513671875,100.0,-19.0,22.686206999992464,auto,,,,,,0,
1768446839207,Sunny,Day,0.06142578125,100.0,-18.0,23.58030700000313,auto,,,,,,0,
1768446839238,Sunny,Day,0.07516276041666667,100.0,-18.0,23.780024999979332,auto,,,,,,0,
1768446839269,Sunny,Day,0.06702473958333334,100.0,-18.0,23.734936000010975,auto,,,,,,0,
1768446839300,Sunny,Day,0.06959635416666667,100.0,-18.0,22.98589500000503,auto,,,,,,0,
1768446839332,Sunny,Day,0.06243489583333333,100.0,-14.0,21.521462000009706,auto,,,,,,0,
1768446839365,Sunny,Day,0.07099609375,100.0,-18.0,21.533123000011756,auto,,,,,,0,
1768446839398,Sunny,Day,0.07021484375,100.0,-20.0,25.763537000017322,auto,,,,,,0,
1768446839426,Sunny,Day,0.07076822916666667,100.0,-19.0,20.382258999973146,auto,,,,,,0,
1768446839459,Sunny,Day,0.06536458333333334,100.0,-17.0,24.57754200000295,auto,,,,,,0,
1768446839491,Sunny,Day,0.067578125,100.0,-16.0,23.40631800001347,auto,,,,,,0,
1768446839520,Sunny,Day,0.07587890625,100.0,-19.0,20.330692000015915,auto,,,,,,0,
1768446839552,Sunny,Day,0.0734375,100.0,-20.0,23.865871999987576,auto,,,,,,0,
1768446839584,Sunny,Day,0.06988932291666666,100.0,-18.0,24.777427000003627,auto,,,,,,0,
1768446839615,Sunny,Day,0.07604166666666666,100.0,-17.0,22.148525999995172,auto,,,,,,0,
1768446839646,Sunny,Day,0.08196614583333334,100.0,-18.0,23.03755500000193,auto,,,,,,0,
1768446839677,Sunny,Day,0.08304036458333333,100.0,-18.0,23.428362999993624,auto,,,,,,0,
1768446839708,Sunny,Day,0.08193359375,100.0,-20.0,19.870917000019972,auto,,,,,,0,
1768446839740,Sunny,Day,0.07200520833333333,100.0,-17.0,23.57355099999836,auto,,,,,,0,
1768446839771,Sunny,Day,0.07145182291666667,100.0,-20.0,19.066531999982317,auto,,,,,,0,
1768446839803,Sunny,Day,0.08020833333333334,100.0,-19.0,23.12025399999129,auto,,,,,,0,
1768446839834,Sunny,Day,0.07457682291666666,100.0,-20.0,20.329451999998582,auto,,,,,,0,
1768446839865,Sunny,Day,0.07639973958333333,100.0,-19.0,22.384872999992922,auto,,,,,,0,
1768446839897,Sunny,Day,0.07972005208333334,100.0,-15.0,24.13640599999667,auto,,,,,,0,
1768446839928,Sunny,Day,0.08069661458333334,100.0,-20.0,22.60461700001315,auto,,,,,,0,
1768446839960,Sunny,Day,0.07783203125,100.0,-20.0,24.102514999981395,auto,,,,,,0,
1768446839991,Sunny,Day,0.0748046875,100.0,-21.0,22.40467799998669,auto,,,,,,0,
1768446840024,Sunny,Day,0.07900390625,100.0,-17.0,22.089593000004015,auto,,,,,,0,
1768446840054,Sunny,Day,0.08232421875,100.0,-18.0,21.327519999999822,auto,,,,,,0,
1768446840085,Sunny,Day,0.08291015625,100.0,-19.0,23.458070999993197,auto,,,,,,0,
1768446840117,Sunny,Day,0.07962239583333333,100.0,-20.0,23.7513060000083,auto,,,,,,0,
1768446840148,Sunny,Day,0.07867838541666666,100.0,-17.0,23.51404600000251,auto,,,,,,0,
1768446840179,Sunny,Day,0.08408203125,100.0,-18.0,22.641301000021485,auto,,,,,,0,
1768446840211,Sunny,Day,0.08317057291666667,100.0,-20.0,22.774924999993118,auto,,,,,,0,
1768446840242,Sunny,Day,0.08538411458333334,100.0,-19.0,20.49620099998606,auto,,,,,,0,
1768446840273,Sunny,Day,0.07913411458333333,100.0,-18.0,20.48157799998762,auto,,,,,,0,
1768446840306,Sunny,Day,0.08125,100.0,-18.0,21.764020999995637,auto,,,,,,0,
1768446840338,Sunny,Day,0.085546875,100.0,-19.0,24.14919600002463,auto,,,,,,0,
1768446840368,Sunny,Day,0.085546875,100.0,-18.0,22.480134999995016,auto,,,,,,0,
1768446840399,Sunny,Day,0.08059895833333333,100.0,-18.0,23.35567400001537,auto,,,,,,0,
1768446840431,Sunny,Day,0.08356119791666666,100.0,-17.0,23.88342999998372,auto,,,,,,0,
1768446840462,Sunny,Day,0.08531901041666666,100.0,-18.0,23.088927000003423,auto,,,,,,0,
1768446840493,Sunny,Day,0.08671875,100.0,-19.0,23.61983000000123,auto,,,,,,0,
1768446840526,Sunny,Day,0.08333333333333333,100.0,-19.0,20.731518000019378,auto,,,,,,0,
1768446840556,Sunny,Day,0.08434244791666666,100.0,-16.0,20.421810000016194,auto,,,,,,0,
1768446840587,Sunny,Day,0.08733723958333334,100.0,-18.0,23.70216199997799,auto,,,,,,0,
1768446840619,Sunny,Day,0.0837890625,100.0,-19.0,21.603559000027417,auto,,,,,,0,
1768446840650,Sunny,Day,0.08317057291666667,100.0,-18.0,21.29914399998256,auto,,,,,,0,
1768446840683,Sunny,Day,0.08564453125,100.0,-16.0,25.138349000002336,auto,,,,,,0,
1768446840713,Sunny,Day,0.08404947916666666,100.0,-17.0,22.270878999989918,auto,,,,,,0,
1768446840744,Sunny,Day,0.08958333333333333,100.0,-17.0,22.835322000020142,auto,,,,,,0,
1768446840777,Sunny,Day,0.08932291666666667,100.0,-18.0,25.140700000008565,auto,,,,,,0,
1768446840807,Sunny,Day,0.08772786458333333,100.0,-17.0,20.496700999984796,auto,,,,,,0,
1768446840839,Sunny,Day,0.08525390625,100.0,-17.0,23.600098000002845,auto,,,,,,0,
1768446840870,Sunny,Day,0.085546875,100.0,-19.0,23.46649300000081,auto,,,,,,0,
1768446840902,Sunny,Day,0.08483072916666666,100.0,-18.0,24.68200399999887,auto,,,,,,0,
1768446840932,Sunny,Day,0.08525390625,100.0,-19.0,23.033064000003378,auto,,,,,,0,
1768446840966,Sunny,Day,0.08427734375,100.0,-17.0,25.768169000002672,auto,,,,,,0,
1768446840997,Sunny,Day,0.08994140625,100.0,-18.0,23.203206999994563,auto,,,,,,0,
1768446841028,Sunny,Day,0.09007161458333333,100.0,-17.0,22.40373499998327,auto,,,,,,0,
1768446841059,Sunny,Day,0.08811848958333333,100.0,-18.0,23.21865700000103,auto,,,,,,0,
1768446841089,Sunny,Day,0.085546875,100.0,-17.0,23.25943499999994,auto,,,,,,0,
1768446841121,Sunny,Day,0.08678385416666666,100.0,-18.0,23.84867800000734,auto,,,,,,0,
1768446841152,Sunny,Day,0.09124348958333334,100.0,-18.0,19.94977200001813,auto,,,,,,0,
1768446841185,Sunny,Day,0.09069010416666666,100.0,-18.0,26.93301299999007,auto,,,,,,0,
1768446841216,Sunny,Day,0.084765625,100.0,-18.0,21.911322000022437,auto,,,,,,0,
1768446841246,Sunny,Day,0.08551432291666666,100.0,-17.0,23.318595000006326,auto,,,,,,0,
1768446841278,Sunny,Day,0.08922526041666666,100.0,-18.0,23.748925000006693,auto,,,,,,0,
1768446841309,Sunny,Day,0.09186197916666666,100.0,-19.0,19.15859999999725,auto,,,,,,0,
1768446841344,Sunny,Day,0.08841145833333333,100.0,-19.0,22.37689599999726,auto,,,,,,0,
1768446841372,Sunny,Day,0.08720703125,100.0,-17.0,20.574406000008594,auto,,,,,,0,
1768446841403,Sunny,Day,0.08818359375,100.0,-20.0,23.732301999984884,auto,,,,,,0,
1768446841436,Sunny,Day,0.08235677083333333,100.0,-20.0,23.284276999987696,auto,,,,,,0,
1768446841467,Sunny,Day,0.07278645833333333,100.0,-21.0,23.253438000011784,auto,,,,,,0,
1768446841498,Sunny,Day,0.07353515625,100.0,-19.0,22.48270100000127,auto,,,,,,0,
1768446841530,Sunny,Day,0.07692057291666667,100.0,-18.0,23.887493999978915,auto,,,,,,0,
1768446841560,Sunny,Day,0.07965494791666666,100.0,-21.0,23.230761999997185,auto,,,,,,0,
1768446841592,Sunny,Day,0.0744140625,100.0,-23.0,23.814673999993374,auto,,,,,,0,
1768446841623,Sunny,Day,0.0689453125,100.0,-22.0,23.895694000003687,auto,,,,,,0,
1768446841654,Sunny,Day,0.064453125,100.0,-16.0,23.882737000008092,auto,,,,,,0,
1768446841687,Sunny,Day,0.07535807291666667,100.0,-19.0,24.492210999994768,auto,,,,,,0,
1768446841719,Sunny,Day,0.06943359375,100.0,-23.0,21.231599999993023,auto,,,,,,0,
1768446841749,Sunny,Day,0.065234375,100.0,-25.0,22.47481599999901,auto,,,,,,0,
1768446841780,Sunny,Day,0.057291666666666664,100.0,-24.0,23.189373000008118,auto,,,,,,0,
1768446841811,Sunny,Day,0.062174479166666664,100.0,-20.0,23.609985000007327,auto,,,,,,0,
1768446841843,Sunny,Day,0.059733072916666664,100.0,-22.0,23.383529999989605,auto,,,,,,0,
1768446841876,Sunny,Day,0.05462239583333333,100.0,-20.0,22.602315000000317,auto,,,,,,0,
1768446841906,Sunny,Day,0.04791666666666667,95.83333333333334,-15.0,22.317735999990873,auto,,,,,,0,
1768446841937,Sunny,Day,0.050944010416666664,100.0,-16.0,23.542570000017804,auto,,,,,,0,
1768446841968,Sunny,Day,0.04944661458333333,98.89322916666667,-18.0,23.750239000008833,auto,,,,,,0,
1768446842000,Sunny,Day,0.05419921875,100.0,-21.0,24.35682500001235,auto,,,,,,0,
1768446842031,Sunny,Day,0.050455729166666664,100.0,-19.0,23.244602999994868,auto,,,,,,0,
1768446842063,Sunny,Day,0.0513671875,100.0,-13.0,23.930911999997306,auto,,,,,,0,
1768446842094,Sunny,Day,0.051529947916666666,100.0,-16.0,22.963497000006328,auto,,,,,,0,
1768446842126,Sunny,Day,0.04977213541666667,99.54427083333334,-17.0,25.034659999988662,auto,,,,,,0,
1768446842157,Sunny,Day,0.048665364583333336,97.33072916666667,-19.0,23.073283999991645,auto,,,,,,0,
1768446842188,Sunny,Day,0.050520833333333334,100.0,-20.0,22.475921000022936,auto,,,,,,0,
1768446842219,Sunny,Day,0.05302734375,100.0,-13.0,22.750713999982963,auto,,,,,,0,
1768446842251,Sunny,Day,0.05266927083333333,100.0,-21.0,22.847785999999815,auto,,,,,,0,
1768446842282,Sunny,Day,0.05172526041666667,100.0,-19.0,20.686917999995558,auto,,,,,,0,
1768446842314,Sunny,Day,0.051041666666666666,100.0,-16.0,23.83343399998239,auto,,,,,,0,
1768446842345,Sunny,Day,0.04967447916666667,99.34895833333333,-16.0,23.934798999988516,auto,,,,,,0,
1768446842376,Sunny,Day,0.05218098958333333,100.0,-21.0,22.65604999999482,auto,,,,,,0,
1768446842408,Sunny,Day,0.05374348958333333,100.0,-20.0,23.84924199998295,auto,,,,,,0,
1768446842439,Sunny,Day,0.049576822916666666,99.15364583333333,-22.0,23.38872800001468,auto,,,,,,0,
1768446842470,Sunny,Day,0.04658203125,93.1640625,-18.0,23.834563000008302,auto,,,,,,0,
1768446842502,Sunny,Day,0.05169270833333333,100.0,-19.0,23.069915999997193,auto,,,,,,0,
1768446842535,Sunny,Day,0.05182291666666667,100.0,-21.0,25.31698799998594,auto,,,,,,0,
1768446842566,Sunny,Day,0.04879557291666667,97.59114583333334,-2.0,22.86588900000197,auto,,,,,,0,
1768446842596,Sunny,Day,0.04694010416666667,93.88020833333334,-2.0,22.600129000011293,auto,,,,,,0,
1768446842627,Sunny,Day,0.04876302083333333,97.52604166666666,-2.0,22.955426000009993,auto,,,,,,0,
1768446842659,Sunny,Day,0.05244140625,100.0,-23.0,23.22064899999532,auto,,,,,,0,
1768446842691,Sunny,Day,0.048502604166666664,97.00520833333333,-22.0,21.808289000006198,auto,,,,,,0,
1768446842723,Sunny,Day,0.04423828125,88.4765625,-24.0,23.827639999979056,auto,,,,,,0,
1768446842754,Sunny,Day,0.0462890625,92.578125,-23.0,22.52947300002006,auto,,,,,,0,
1768446842784,Sunny,Day,0.04788411458333333,95.76822916666666,-24.0,22.965422000027047,auto,,,,,,0,
1768446842820,Sunny,Day,0.047688802083333336,95.37760416666667,-3.0,28.192634000021144,auto,,,,,,0,
1768446842851,Sunny,Day,0.045247395833333336,90.49479166666667,-4.0,19.085617000001776,auto,,,,,,0,
1768446842883,Sunny,Day,0.04749348958333333,94.98697916666667,-17.0,18.546173000004273,auto,,,,,,0,
1768446842911,Sunny,Day,0.04723307291666667,94.46614583333333,-26.0,16.95492299998591,auto,,,,,,0,
1768446842943,Sunny,Day,0.048567708333333334,97.13541666666667,-26.0,22.533840999983568,auto,,,,,,0,
1768446842974,Sunny,Day,0.042252604166666666,84.50520833333333,-25.0,20.89949800000568,auto,,,,,,0,
1768446843007,Sunny,Day,0.038899739583333336,77.79947916666667,-18.0,21.360103999995772,auto,,,,,,0,
1768446843039,Sunny,Day,0.04290364583333333,85.80729166666666,-24.0,20.94814000000156,auto,,,,,,0,
1768446843070,Sunny,Day,0.049609375,99.21875,-24.0,21.175033000019994,auto,,,,,,0,
1768446843103,Sunny,Day,0.04147135416666667,82.94270833333334,-24.0,21.96030100000712,auto,,,,,,0,
1768446843132,Sunny,Day,0.04235026041666667,84.70052083333333,-22.0,19.16314999999713,auto,,,,,,0,
1768446843165,Sunny,Day,0.046712239583333336,93.42447916666667,-24.0,22.04513899999938,auto,,,,,,0,
1768446843196,Sunny,Day,0.047135416666666666,94.27083333333333,-24.0,21.888829000005217,auto,,,,,,0,
1768446843226,Sunny,Day,0.04443359375,88.8671875,-23.0,19.591427999984035,auto,,,,,,0,
1768446843257,Sunny,Day,0.03307291666666667,66.14583333333333,-8.0,22.42706400002703,auto,,,,,,0,
1768446843289,Sunny,Day,0.03655598958333333,73.11197916666666,-20.0,22.166350999981432,auto,,,,,,0,
1768446843322,Sunny,Day,0.042578125,85.15625,-22.0,23.684630999980527,auto,,,,,,0,
1768446843353,Sunny,Day,0.0447265625,89.453125,-22.0,21.29509799999596,auto,,,,,,0,
1768446843385,Sunny,Day,0.040364583333333336,80.72916666666667,-24.0,21.004062000002932,auto,,,,,,0,
1768446843415,Sunny,Day,0.04189453125,83.7890625,-22.0,20.03703200000473,auto,,,,,,0,
1768446843447,Sunny,Day,0.04449869791666667,88.99739583333334,-23.0,22.66515700000582,auto,,,,,,0,
1768446843477,Sunny,Day,0.04384765625,87.6953125,-6.0,19.517419999999674,auto,,,,,,0,
1768446843508,Sunny,Day,0.038834635416666666,77.66927083333333,-24.0,21.194210999993857,auto,,,,,,0,
1768446843540,Sunny,Day,0.03850911458333333,77.01822916666666,-24.0,21.778853999990133,auto,,,,,,0,
1768446843575,Sunny,Day,0.0400390625,80.078125,1.0,23.322492999994893,auto,,,,,,0,
1768446843603,Sunny,Day,0.0455078125,91.015625,-22.0,18.265702999997302,auto,,,,,,0,
1768446843634,Sunny,Day,0.04163411458333333,83.26822916666667,-9.0,20.775726000010764,auto,,,,,,0,
1768446843666,Sunny,Day,0.0359375,71.875,-9.0,22.167851000006067,auto,,,,,,0,
1768446843697,Sunny,Day,0.04104817708333333,82.09635416666666,-4.0,21.46640099999786,auto,,,,,,0,
1768446843728,Sunny,Day,0.045572916666666664,91.14583333333333,-9.0,21.582096999992473,auto,,,,,,0,
1768446843759,Sunny,Day,0.04485677083333333,89.71354166666666,-12.0,20.98003499997958,auto,,,,,,0,
1768446843792,Sunny,Day,0.04391276041666667,87.82552083333334,-15.0,18.725912999997263,auto,,,,,,0,
1768446843823,Sunny,Day,0.04625651041666667,92.51302083333333,-11.0,19.753067999999985,auto,,,,,,0,
1768446843854,Sunny,Day,0.048990885416666664,97.98177083333333,-13.0,21.592427000001635,auto,,,,,,0,
1768446843887,Sunny,Day,0.05126953125,100.0,-15.0,23.127792000025238,auto,,,,,,0,
1768446843917,Sunny,Day,0.04690755208333333,93.81510416666666,-15.0,17.98834799998872,auto,,,,,,0,
1768446843948,Sunny,Day,0.046126302083333334,92.25260416666667,-21.0,21.821393000010403,auto,,,,,,0,
1768446843980,Sunny,Day,0.045703125,91.40625,-19.0,22.0656490000124,auto,,,,,,0,
1768446844012,Sunny,Day,0.05283203125,100.0,-15.0,22.347491000004993,auto,,,,,,0,
1768446844043,Sunny,Day,0.045182291666666666,90.36458333333333,-21.0,20.577941999988525,auto,,,,,,0,
1768446844074,Sunny,Day,0.046614583333333334,93.22916666666667,-22.0,21.226575000014236,auto,,,,,,0,
1768446844106,Sunny,Day,0.046223958333333336,92.44791666666667,-22.0,20.780164000001378,auto,,,,,,0,
1768446844136,Sunny,Day,0.05107421875,100.0,-19.0,18.1896130000041,auto,,,,,,0,
1768446844167,Sunny,Day,0.04599609375,91.9921875,-21.0,22.6966469999752,auto,,,,,,0,
1768446844199,Sunny,Day,0.04228515625,84.5703125,-24.0,21.47531700001082,auto,,,,,,0,
1768446844231,Sunny,Day,0.037434895833333336,74.86979166666667,-23.0,21.90926799997328,auto,,,,,,0,
1768446844264,Sunny,Day,0.04847005208333333,96.94010416666667,-17.0,22.096254999979692,auto,,,,,,0,
1768446844295,Sunny,Day,0.04736328125,94.7265625,-23.0,16.79356900001494,auto,,,,,,0,
1768446844323,Sunny,Day,0.04895833333333333,97.91666666666667,-21.0,19.170235000018465,auto,,,,,,0,
1768446844356,Sunny,Day,0.05465494791666667,100.0,-20.0,25.150395999986586,auto,,,,,,0,
1768446844386,Sunny,Day,0.057779947916666664,100.0,-18.0,22.37441299999432,auto,,,,,,0,
1768446844417,Sunny,Day,0.05865885416666667,100.0,-19.0,23.01593699999671,auto,,,,,,0,
1768446844448,Sunny,Day,0.05914713541666667,100.0,-20.0,22.784763000004205,auto,,,,,,0,
1768446844481,Sunny,Day,0.053515625,100.0,-24.0,23.87676999998689,auto,,,,,,0,
1768446844512,Sunny,Day,0.060774739583333334,100.0,-19.0,22.73848300001191,auto,,,,,,0,
1768446844542,Sunny,Day,0.06090494791666667,100.0,-20.0,22.1787069999948,auto,,,,,,0,
1768446844574,Sunny,Day,0.04690755208333333,93.81510416666666,-27.0,24.407279000001836,auto,,,,,,0,
1768446844605,Sunny,Day,0.0404296875,80.859375,-33.0,22.1345380000173,auto,,,,,,0,
1768446844636,Sunny,Day,0.04111328125,82.2265625,-33.0,23.06769599999825,auto,,,,,,0,
1768446844668,Sunny,Day,0.038834635416666666,77.66927083333333,-33.0,24.31747900001824,auto,,,,,,0,
1768446844699,Sunny,Day,0.04016927083333333,80.33854166666667,-31.0,23.074860000008357,auto,,,,,,0,
1768446844730,Sunny,Day,0.032063802083333336,64.12760416666667,-38.0,23.697225000006483,auto,,,,,,0,
1768446844763,Sunny,Day,0.033951822916666666,67.90364583333333,-35.0,25.078922000005832,auto,,,,,,0,
1768446844794,Sunny,Day,0.0240234375,48.046875,-34.0,23.3893930000022,auto,,,,,,0,
1768446844825,Sunny,Day,0.027701822916666667,55.403645833333336,-33.0,23.34666800001628,auto,,,,,,0,
1768446844856,Sunny,Day,0.02412109375,48.2421875,-32.0,22.648311999972748,auto,,,,,,0,
1768446844888,Sunny,Day,0.02001953125,40.0390625,-31.0,23.236762999999883,auto,,,,,,0,
1768446844920,Sunny,Day,0.01669921875,33.3984375,-29.0,22.762233999998216,auto,,,,,,0,
1768446844950,Sunny,Day,0.017740885416666668,35.481770833333336,-24.0,21.594773000003897,auto,,,,,,0,
1768446844981,Sunny,Day,0.017415364583333332,34.830729166666664,-26.0,23.716402999980346,auto,,,,,,0,
1768446845013,Sunny,Day,0.014583333333333334,29.166666666666668,-26.0,23.012196000024687,auto,,,,,,0,
1768446845044,Sunny,Day,0.01259765625,25.1953125,-20.0,20.54840900001409,auto,,,,,,0,
1768446845076,Sunny,Day,0.01474609375,29.4921875,-20.0,24.03557900001374,auto,,,,,,0,
1768446845107,Sunny,Day,0.015559895833333334,31.119791666666668,-16.0,23.56909100001303,auto,,,,,,0,
1768446845138,Sunny,Day,0.01708984375,34.1796875,-19.0,23.098809999993364,auto,,,,,,0,
1768446845171,Sunny,Day,0.01455078125,29.1015625,-26.0,25.561925000005203,auto,,,,,,0,
1768446845202,Sunny,Day,0.01767578125,35.3515625,-25.0,22.568825000007564,auto,,,,,,0,
1768446845233,Sunny,Day,0.019140625,38.28125,-30.0,23.68638499999065,auto,,,,,,0,
1768446845264,Sunny,Day,0.021256510416666666,42.51302083333333,-39.0,22.646261000005552,auto,,,,,,0,
1768446845295,Sunny,Day,0.019401041666666667,38.802083333333336,-43.0,23.816543999998885,auto,,,,,,0,
1768446845327,Sunny,Day,0.021354166666666667,42.708333333333336,-38.0,23.85562300000288,auto,,,,,,0,
1768446845358,Sunny,Day,0.018619791666666666,37.239583333333336,-32.0,20.960157000018853,auto,,,,,,0,
1768446845390,Sunny,Day,0.015983072916666667,31.966145833333336,-42.0,23.91062199998828,auto,,,,,,0,
1768446845421,Sunny,Day,0.015364583333333333,30.729166666666664,-44.0,23.549451000008048,auto,,,,,,0,
1768446845454,Sunny,Day,0.017447916666666667,34.895833333333336,-46.0,23.79055299999777,auto,,,,,,0,
1768446845483,Sunny,Day,0.015266927083333333,30.533854166666664,-39.0,22.269852999983186,auto,,,,,,0,
1768446845517,Sunny,Day,0.017154947916666666,34.309895833333336,-38.0,20.042083000021194,auto,,,,,,0,
1768446845548,Sunny,Day,0.015690104166666666,31.380208333333332,-41.0,22.989253999980974,auto,,,,,,0,
1768446845578,Sunny,Day,0.018977864583333334,37.955729166666664,-39.0,22.162132000005386,auto,,,,,,0,
1768446845610,Sunny,Day,0.01689453125,33.7890625,-47.0,20.79375099998515,auto,,,,,,0,
1768446845647,Sunny,Day,0.015559895833333334,31.119791666666668,-34.0,28.337265999994088,auto,,,,,,0,
1768446845672,Sunny,Day,0.01552734375,31.0546875,-32.0,17.375334999996994,auto,,,,,,0,
1768446845703,Sunny,Day,0.015559895833333334,31.119791666666668,-29.0,24.11405299997682,auto,,,,,,0,
1768446845735,Sunny,Day,0.020475260416666665,40.95052083333333,-25.0,23.064153999996506,auto,,,,,,0,
1768446845768,Sunny,Day,0.02685546875,53.7109375,-33.0,22.728621999988263,auto,,,,,,0,
1768446845798,Sunny,Day,0.03642578125,72.8515625,-30.0,22.048892999976033,auto,,,,,,0,
1768446845830,Sunny,Day,0.04544270833333333,90.88541666666666,-32.0,23.76898600002164,auto,,,,,,0,
1768446845861,Sunny,Day,0.049967447916666664,99.93489583333333,-28.0,23.885167999992518,auto,,,,,,0,
1768446845896,Sunny,Day,0.06321614583333333,100.0,-28.0,27.283480000022564,auto,,,,,,0,
1768446845923,Sunny,Day,0.06315104166666667,100.0,-24.0,19.435848000000533,auto,,,,,,0,
1768446845955,Sunny,Day,0.07093098958333334,100.0,-26.0,24.057553999995207,auto,,,,,,0,
1768446845986,Sunny,Day,0.0708984375,100.0,-28.0,26.194263000007822,auto,,,,,,0,
1768446846017,Sunny,Day,0.0724609375,100.0,-29.0,21.46621200000709,auto,,,,,,0,
1768446846049,Sunny,Day,0.07281901041666666,100.0,-29.0,24.289275000001,auto,,,,,,0,
1768446846080,Sunny,Day,0.07132161458333333,100.0,-30.0,22.607743000008895,auto,,,,,,0,
1768446846111,Sunny,Day,0.06770833333333333,100.0,-31.0,23.813428000011072,auto,,,,,,0,
1768446846143,Sunny,Day,0.06471354166666667,100.0,-30.0,23.162896999991744,auto,,,,,,0,
1768446846176,Sunny,Day,0.06653645833333334,100.0,-32.0,25.315720999998348,auto,,,,,,0,
1768446846205,Sunny,Day,0.06302083333333333,100.0,-32.0,21.660122000014326,auto,,,,,,0,
1768446846237,Sunny,Day,0.06422526041666667,100.0,-33.0,24.19241700002317,auto,,,,,,0,
1768446846268,Sunny,Day,0.06686197916666667,100.0,-31.0,23.276879000007966,auto,,,,,,0,
1768446846300,Sunny,Day,0.06744791666666666,100.0,-29.0,23.704722000019274,auto,,,,,,0,
1768446846331,Sunny,Day,0.07369791666666667,100.0,-30.0,24.155261999993627,auto,,,,,,0,
1768446846362,Sunny,Day,0.07109375,100.0,-30.0,22.988916000002746,auto,,,,,,0,
1768446846394,Sunny,Day,0.0755859375,100.0,-29.0,22.2759979999978,auto,,,,,,0,
1768446846425,Sunny,Day,0.07919921875,100.0,-28.0,25.621770000014976,auto,,,,,,0,
1768446846458,Sunny,Day,0.0828125,100.0,-28.0,25.162381000001233,auto,,,,,,0,
1768446846488,Sunny,Day,0.08489583333333334,100.0,-29.0,22.029688999992914,auto,,,,,,0,
1768446846520,Sunny,Day,0.08515625,100.0,-30.0,23.521872999992866,auto,,,,,,0,
1768446846551,Sunny,Day,0.084375,100.0,-30.0,22.71172800001864,auto,,,,,,0,
1768446846584,Sunny,Day,0.08020833333333334,100.0,-30.0,22.058957000012924,auto,,,,,,0,
1768446846614,Sunny,Day,0.0791015625,100.0,-31.0,22.114254000001665,auto,,,,,,0,
1768446846647,Sunny,Day,0.07952473958333334,100.0,-31.0,25.40648799998735,auto,,,,,,0,
1768446846676,Sunny,Day,0.08395182291666667,100.0,-30.0,22.104941999998573,auto,,,,,,0,
1768446846708,Sunny,Day,0.08411458333333334,100.0,-28.0,23.911136999998917,auto,,,,,,0,
1768446846739,Sunny,Day,0.08850911458333334,100.0,-29.0,23.632078999980877,auto,,,,,,0,
1768446846772,Sunny,Day,0.090234375,100.0,-26.0,22.191080999988344,auto,,,,,,0,
1768446846802,Sunny,Day,0.09752604166666666,100.0,-25.0,21.553638999989744,auto,,,,,,0,
1768446846834,Sunny,Day,0.10322265625,100.0,-24.0,24.164944000006017,auto,,,,,,0,
1768446846866,Sunny,Day,0.10237630208333333,100.0,-23.0,23.908693000009862,auto,,,,,,0,
1768446846898,Sunny,Day,0.10166015625,100.0,-21.0,24.54678399999466,auto,,,,,,0,
1768446846928,Sunny,Day,0.10709635416666667,100.0,-20.0,22.185952999990377,auto,,,,,,0,
1768446846959,Sunny,Day,0.10888671875,100.0,-19.0,23.272380999998177,auto,,,,,,0,
1768446846990,Sunny,Day,0.11178385416666667,100.0,-18.0,23.383048999988887,auto,,,,,,0,
1768446847022,Sunny,Day,0.10908203125,100.0,-17.0,23.777922999983048,auto,,,,,,0,
1768446847055,Sunny,Day,0.11155598958333333,100.0,-16.0,20.426965000012842,auto,,,,,,0,
1768446847085,Sunny,Day,0.11204427083333333,100.0,-15.0,22.56828200000882,auto,,,,,,0,
1768446847116,Sunny,Day,0.11416015625,100.0,-14.0,22.99761500000841,auto,,,,,,0,
1768446847147,Sunny,Day,0.11494140625,100.0,-15.0,24.142269000009264,auto,,,,,,0,
1768446847179,Sunny,Day,0.11487630208333334,100.0,-14.0,23.064779999998564,auto,,,,,,0,
1768446847210,Sunny,Day,0.11585286458333334,100.0,-14.0,23.89880600000538,auto,,,,,,0,
1768446847242,Sunny,Day,0.11673177083333333,100.0,-14.0,24.304832000012766,auto,,,,,,0,
1768446847275,Sunny,Day,0.115234375,100.0,-14.0,25.979807999988225,auto,,,,,,0,
1768446847304,Sunny,Day,0.1162109375,100.0,-15.0,21.237979999995105,auto,,,,,,0,
1768446847336,Sunny,Day,0.11614583333333334,100.0,-14.0,23.152253999995764,auto,,,,,,0,
1768446847367,Sunny,Day,0.11705729166666666,100.0,-14.0,22.901144000002205,auto,,,,,,0,
1768446847399,Sunny,Day,0.11731770833333334,100.0,-15.0,22.80511799997953,auto,,,,,,0,
1768446847430,Sunny,Day,0.1171875,100.0,-16.0,23.827771999975766,auto,,,,,,0,
1768446847461,Sunny,Day,0.11796875,100.0,-15.0,23.865963999980977,auto,,,,,,0,
1768446847493,Sunny,Day,0.11998697916666666,100.0,-16.0,24.206732000010334,auto,,,,,,0,
1768446847526,Sunny,Day,0.12060546875,100.0,-16.0,25.162888000011208,auto,,,,,,0,
1768446847556,Sunny,Day,0.1203125,100.0,-16.0,22.27640699999256,auto,,,,,,0,
1768446847589,Sunny,Day,0.11930338541666667,100.0,-16.0,21.608385999996926,auto,,,,,,0,
1768446847618,Sunny,Day,0.12057291666666667,100.0,-16.0,21.967833000019255,auto,,,,,,0,
1768446847650,Sunny,Day,0.12034505208333333,100.0,-16.0,24.430960000017876,auto,,,,,,0,
1768446847683,Sunny,Day,0.12093098958333333,100.0,-16.0,26.421563000013748,auto,,,,,,0,
1768446847712,Sunny,Day,0.11979166666666667,100.0,-16.0,22.509650999978703,auto,,,,,,0,
1768446847746,Sunny,Day,0.1203125,100.0,-16.0,25.962442999997393,auto,,,,,,0,
1768446847776,Sunny,Day,0.12044270833333333,100.0,-16.0,22.18317599999864,auto,,,,,,0,
1768446847806,Sunny,Day,0.11979166666666667,100.0,-15.0,22.83953300002395,auto,,,,,,0,
1768446847838,Sunny,Day,0.12272135416666667,100.0,-15.0,24.115297000008695,auto,,,,,,0,
1768446847870,Sunny,Day,0.11995442708333333,100.0,-15.0,24.034338999996407,auto,,,,,,0,
1768446847901,Sunny,Day,0.12093098958333333,100.0,-15.0,24.132809999997562,auto,,,,,,0,
1768446847932,Sunny,Day,0.12431640625,100.0,-15.0,23.512681999989127,auto,,,,,,0,
1768446847965,Sunny,Day,0.12457682291666666,100.0,-15.0,23.784822999999733,auto,,,,,,0,
1768446847997,Sunny,Day,0.12288411458333333,100.0,-16.0,22.878113999979632,auto,,,,,,0,
1768446848026,Sunny,Day,0.125,100.0,-16.0,21.402750999982345,auto,,,,,,0,
1768446848058,Sunny,Day,0.12513020833333333,100.0,-16.0,23.862872999984575,auto,,,,,,0,
1768446848090,Sunny,Day,0.12600911458333333,100.0,-16.0,24.213034000013067,auto,,,,,,0,
1768446848122,Sunny,Day,0.12522786458333332,100.0,-16.0,23.984764000005043,auto,,,,,,0,
1768446848153,Sunny,Day,0.12620442708333332,100.0,-16.0,22.283354999984795,auto,,,,,,0,
1768446848183,Sunny,Day,0.126953125,100.0,-16.0,23.42649600001323,auto,,,,,,0,
1768446848215,Sunny,Day,0.12623697916666668,100.0,-16.0,25.307411000000002,auto,,,,,,0,
1768446848246,Sunny,Day,0.126171875,100.0,-15.0,23.964177999999947,auto,,,,,,0,
1768446848278,Sunny,Day,0.12535807291666667,100.0,-15.0,22.441347000011547,auto,,,,,,0,
1768446848311,Sunny,Day,0.12877604166666667,100.0,-15.0,23.753849000001992,auto,,,,,,0,
1768446848340,Sunny,Day,0.12630208333333334,100.0,-16.0,21.417951000017865,auto,,,,,,0,
1768446848375,Sunny,Day,0.12607421875,100.0,-16.0,26.796305999994274,auto,,,,,,0,
1768446848403,Sunny,Day,0.12688802083333334,100.0,-16.0,20.77592800000616,auto,,,,,,0,
1768446848435,Sunny,Day,0.12880859375,100.0,-16.0,23.933056999993596,auto,,,,,,0,
1768446848466,Sunny,Day,0.12815755208333332,100.0,-16.0,22.187844999990602,auto,,,,,,0,
1768446848499,Sunny,Day,0.12962239583333332,100.0,-16.0,25.794200000007095,auto,,,,,,0,
1768446848528,Sunny,Day,0.1294921875,100.0,-16.0,20.866884000014352,auto,,,,,,0,
1768446848560,Sunny,Day,0.12919921875,100.0,-16.0,23.80899999999997,auto,,,,,,0,
1768446848593,Sunny,Day,0.13004557291666666,100.0,-16.0,20.820488999987674,auto,,,,,,0,
1768446848623,Sunny,Day,0.13098958333333333,100.0,-16.0,23.040234000006876,auto,,,,,,0,
1768446848656,Sunny,Day,0.13082682291666667,100.0,-16.0,24.528610999993816,auto,,,,,,0,
1768446848686,Sunny,Day,0.13014322916666668,100.0,-16.0,22.531915000001845,auto,,,,,,0,
1768446848717,Sunny,Day,0.13245442708333333,100.0,-16.0,23.328839000015478,auto,,,,,,0,
1768446848748,Sunny,Day,0.13111979166666668,100.0,-16.0,23.66294800000901,auto,,,,,,0,
1768446848783,Sunny,Day,0.13199869791666666,100.0,-16.0,27.18269799999007,auto,,,,,,0,
1768446848814,Sunny,Day,0.1322265625,100.0,-17.0,23.351849999983187,auto,,,,,,0,
1768446848843,Sunny,Day,0.13271484375,100.0,-17.0,20.671050000004243,auto,,,,,,0,
1768446848874,Sunny,Day,0.1337890625,100.0,-17.0,23.87255600001481,auto,,,,,,0,
1768446848909,Sunny,Day,0.13271484375,100.0,-17.0,22.804763999999977,auto,,,,,,0,
1768446848937,Sunny,Day,0.13131510416666667,100.0,-17.0,19.863017999995236,auto,,,,,,0,
1768446848969,Sunny,Day,0.13157552083333332,100.0,-16.0,24.70645100001434,auto,,,,,,0,
1768446848999,Sunny,Day,0.13082682291666667,100.0,-16.0,22.846270999991702,auto,,,,,,0,
1768446849031,Sunny,Day,0.13173828125,100.0,-16.0,23.757478999982595,auto,,,,,,0,
1768446849062,Sunny,Day,0.13180338541666667,100.0,-16.0,23.92136200001005,auto,,,,,,0,
1768446849094,Sunny,Day,0.1361328125,100.0,-16.0,24.037886999991542,auto,,,,,,0,
1768446849127,Sunny,Day,0.13440755208333333,100.0,-16.0,25.170774999992318,auto,,,,,,0,
1768446849156,Sunny,Day,0.13580729166666666,100.0,-16.0,22.074067999994895,auto,,,,,,0,
1768446849188,Sunny,Day,0.13486328125,100.0,-16.0,23.703289999986055,auto,,,,,,0,
1768446849219,Sunny,Day,0.13434244791666666,100.0,-16.0,22.79876700001182,auto,,,,,,0,
1768446849250,Sunny,Day,0.13470052083333334,100.0,-16.0,24.997598999988213,auto,,,,,,0,
1768446849282,Sunny,Day,0.13570963541666667,100.0,-16.0,23.8420119999887,auto,,,,,,0,
1768446849319,Sunny,Day,0.13707682291666667,100.0,-16.0,26.7238309999982,auto,,,,,,0,
1768446849348,Sunny,Day,0.135546875,100.0,-17.0,15.955560000008973,auto,,,,,,0,
1768446849380,Sunny,Day,0.13489583333333333,100.0,-17.0,19.971952999981113,auto,,,,,,0,
1768446849410,Sunny,Day,0.13720703125,100.0,-17.0,21.123224999996637,auto,,,,,,0,
1768446849441,Sunny,Day,0.1345703125,100.0,-16.0,20.61006299999235,auto,,,,,,0,
1768446849474,Sunny,Day,0.1353515625,100.0,-17.0,23.272013999985575,auto,,,,,,0,
1768446849505,Sunny,Day,0.13623046875,100.0,-17.0,20.911428000005117,auto,,,,,,0,
1768446849537,Sunny,Day,0.13662109375,100.0,-17.0,23.862248000000363,auto,,,,,,0,
1768446849567,Sunny,Day,0.13701171875,100.0,-17.0,20.207167999984676,auto,,,,,,0,
1768446849600,Sunny,Day,0.13577473958333333,100.0,-17.0,23.19331199998942,auto,,,,,,0,
1768446849631,Sunny,Day,0.13502604166666668,100.0,-16.0,19.877347000004875,auto,,,,,,0,
1768446849661,Sunny,Day,0.13512369791666667,100.0,-16.0,19.348449000005985,auto,,,,,,0,
1768446849694,Sunny,Day,0.13649088541666668,100.0,-17.0,22.52037700000642,auto,,,,,,0,
1768446849726,Sunny,Day,0.13463541666666667,100.0,-17.0,20.88317700000175,auto,,,,,,0,
1768446849755,Sunny,Day,0.13225911458333334,100.0,-17.0,19.49085600000444,auto,,,,,,0,
1768446849786,Sunny,Day,0.13238932291666666,100.0,-17.0,21.446343999997453,auto,,,,,,0,
1768446849818,Sunny,Day,0.13489583333333333,100.0,-17.0,22.709921000000577,auto,,,,,,0,
1768446849849,Sunny,Day,0.1337890625,100.0,-17.0,21.426163999990422,auto,,,,,,0,
1768446849882,Sunny,Day,0.13447265625,100.0,-17.0,23.038853000002746,auto,,,,,,0,
1768446849914,Sunny,Day,0.13453776041666668,100.0,-17.0,20.750969999994595,auto,,,,,,0,
1768446849944,Sunny,Day,0.13395182291666666,100.0,-17.0,19.33123099999534,auto,,,,,,0,
1768446849975,Sunny,Day,0.13307291666666668,100.0,-17.0,21.42995899998823,auto,,,,,,0,
1768446850006,Sunny,Day,0.13235677083333333,100.0,-17.0,20.608291000002055,auto,,,,,,0,
1768446850037,Sunny,Day,0.13343098958333333,100.0,-17.0,21.236135000009426,auto,,,,,,0,
1768446850069,Sunny,Day,0.13365885416666667,100.0,-16.0,21.951220999994803,auto,,,,,,0,
1768446850100,Sunny,Day,0.13473307291666667,100.0,-17.0,21.51845499997762,auto,,,,,,0,
1768446850133,Sunny,Day,0.13421223958333334,100.0,-17.0,23.350010000001475,auto,,,,,,0,
1768446850164,Sunny,Day,0.13470052083333334,100.0,-17.0,19.42776000001345,auto,,,,,,0,
1768446850195,Sunny,Day,0.13470052083333334,100.0,-16.0,20.988306999981887,auto,,,,,,0,
1768446850225,Sunny,Day,0.13499348958333332,100.0,-16.0,21.38028500002065,auto,,,,,,0,
1768446850257,Sunny,Day,0.13626302083333333,100.0,-17.0,22.442471999994495,auto,,,,,,0,
1768446850288,Sunny,Day,0.13577473958333333,100.0,-17.0,24.009497999998075,auto,,,,,,0,
1768446850320,Sunny,Day,0.13815104166666667,100.0,-17.0,22.984692000022733,auto,,,,,,0,
1768446850351,Sunny,Day,0.13876953125,100.0,-17.0,21.55457599999977,auto,,,,,,0,
1768446850383,Sunny,Day,0.13837890625,100.0,-18.0,21.619153000017377,auto,,,,,,0,
1768446850414,Sunny,Day,0.13922526041666666,100.0,-17.0,21.860908999997264,auto,,,,,,0,
1768446850446,Sunny,Day,0.14020182291666666,100.0,-18.0,21.589400999999953,auto,,,,,,0,
1768446850477,Sunny,Day,0.14124348958333333,100.0,-18.0,21.844394999988026,auto,,,,,,0,
1768446850509,Sunny,Day,0.14264322916666666,100.0,-18.0,22.070913999982622,auto,,,,,,0,
1768446850544,Sunny,Day,0.14114583333333333,100.0,-18.0,24.835649000010562,auto,,,,,,0,
1768446850572,Sunny,Day,0.14173177083333333,100.0,-18.0,17.830295999999635,auto,,,,,,0,
1768446850604,Sunny,Day,0.14332682291666668,100.0,-18.0,22.17646200000445,auto,,,,,,0,
1768446850634,Sunny,Day,0.14397786458333334,100.0,-18.0,15.88484299998072,auto,,,,,,0,
1768446850665,Sunny,Day,0.144921875,100.0,-18.0,21.04536699999926,auto,,,,,,0,
1768446850696,Sunny,Day,0.14371744791666666,100.0,-18.0,21.970677999973987,auto,,,,,,0,
1768446850729,Sunny,Day,0.14479166666666668,100.0,-17.0,23.000373000002128,auto,,,,,,0,
1768446850760,Sunny,Day,0.1451171875,100.0,-17.0,21.07928399999537,auto,,,,,,0,
1768446850791,Sunny,Day,0.14508463541666666,100.0,-17.0,21.481186000016805,auto,,,,,,0,
1768446850824,Sunny,Day,0.14427083333333332,100.0,-17.0,22.748749000015778,auto,,,,,,0,
1768446850854,Sunny,Day,0.14495442708333334,100.0,-17.0,20.25603999999248,auto,,,,,,0,
1768446850885,Sunny,Day,0.14622395833333332,100.0,-17.0,21.086689000014758,auto,,,,,,0,
1768446850918,Sunny,Day,0.14837239583333334,100.0,-17.0,23.068375000008245,auto,,,,,,0,
1768446850950,Sunny,Day,0.14820963541666668,100.0,-17.0,20.16571000001477,auto,,,,,,0,
1768446850981,Sunny,Day,0.148828125,100.0,-17.0,17.716397999976152,auto,,,,,,0,
1768446851010,Sunny,Day,0.14899088541666666,100.0,-17.0,17.80393800001434,auto,,,,,,0,
1768446851042,Sunny,Day,0.15009765625,100.0,-17.0,21.598944000004394,auto,,,,,,0,
1768446851074,Sunny,Day,0.15065104166666668,100.0,-17.0,20.79234699999688,auto,,,,,,0,
1768446851108,Sunny,Day,0.15074869791666667,100.0,-17.0,22.835479999997688,auto,,,,,,0,
1768446851137,Sunny,Day,0.15179036458333334,100.0,-17.0,19.189891999985775,auto,,,,,,0,
1768446851168,Sunny,Day,0.15198567708333333,100.0,-17.0,20.430039000018496,auto,,,,,,0,
1768446851199,Sunny,Day,0.15221354166666667,100.0,-18.0,21.060102000006964,auto,,,,,,0,
1768446851230,Sunny,Day,0.15266927083333334,100.0,-18.0,20.406970999999885,auto,,,,,,0,
1768446851263,Sunny,Day,0.15279947916666667,100.0,-18.0,20.509003000000803,auto,,,,,,0,
1768446851293,Sunny,Day,0.15348307291666666,100.0,-17.0,19.935983999999962,auto,,,,,,0,
1768446851325,Sunny,Day,0.15286458333333333,100.0,-18.0,22.39548700001137,auto,,,,,,0,
1768446851360,Sunny,Day,0.15348307291666666,100.0,-18.0,25.328865000005862,auto,,,,,,0,
1768446851389,Sunny,Day,0.15341796875,100.0,-18.0,17.82984600001214,auto,,,,,,0,
1768446851420,Sunny,Day,0.15423177083333334,100.0,-18.0,20.942812999976468,auto,,,,,,0,
1768446851453,Sunny,Day,0.15328776041666667,100.0,-17.0,22.546360999996296,auto,,,,,,0,
1768446851482,Sunny,Day,0.1533203125,100.0,-17.0,18.76730199998633,auto,,,,,,0,
1768446851513,Sunny,Day,0.15218098958333334,100.0,-17.0,21.161855999991985,auto,,,,,,0,
1768446851545,Sunny,Day,0.1525390625,100.0,-17.0,21.743226000012328,auto,,,,,,0,
1768446851577,Sunny,Day,0.15325520833333334,100.0,-17.0,21.375659999989693,auto,,,,,,0,
1768446851611,Sunny,Day,0.15455729166666668,100.0,-17.0,24.587475000004133,auto,,,,,,0,
1768446851641,Sunny,Day,0.15319010416666667,100.0,-17.0,19.00837799999522,auto,,,,,,0,
1768446851673,Sunny,Day,0.15286458333333333,100.0,-17.0,20.984730000009222,auto,,,,,,0,
1768446851702,Sunny,Day,0.15475260416666667,100.0,-17.0,17.204208999999082,auto,,,,,,0,
1768446851733,Sunny,Day,0.15572916666666667,100.0,-18.0,20.945848999986083,auto,,,,,,0,
1768446851766,Sunny,Day,0.1556640625,100.0,-18.0,21.573263999982828,auto,,,,,,0,
1768446851796,Sunny,Day,0.15478515625,100.0,-18.0,19.81025300000283,auto,,,,,,0,
1768446851828,Sunny,Day,0.1552734375,100.0,-17.0,19.408083999991277,auto,,,,,,0,
1768446851860,Sunny,Day,0.15504557291666668,100.0,-17.0,19.158140000001822,auto,,,,,,0,
1768446851891,Sunny,Day,0.15358072916666668,100.0,-18.0,20.561361999995142,auto,,,,,,0,
1768446851921,Sunny,Day,0.15296223958333333,100.0,-17.0,17.73170100000243,auto,,,,,,0,
1768446851952,Sunny,Day,0.15250651041666666,100.0,-17.0,20.991524999999456,auto,,,,,,0,
1768446851984,Sunny,Day,0.15416666666666667,100.0,-17.0,20.517056999977967,auto,,,,,,0,
1768446852015,Sunny,Day,0.15182291666666667,100.0,-17.0,18.89941199999612,auto,,,,,,0,
1768446852047,Sunny,Day,0.15338541666666666,100.0,-17.0,21.234311000000616,auto,,,,,,0,
1768446852078,Sunny,Day,0.15257161458333332,100.0,-17.0,20.67285299997934,auto,,,,,,0,
1768446852111,Sunny,Day,0.15384114583333333,100.0,-17.0,23.08483500002012,auto,,,,,,0,
1768446852142,Sunny,Day,0.15413411458333334,100.0,-17.0,21.13803400001757,auto,,,,,,0,
1768446852175,Sunny,Day,0.15305989583333332,100.0,-17.0,22.154731999989963,auto,,,,,,0,
1768446852204,Sunny,Day,0.153125,100.0,-17.0,18.103069999995114,auto,,,,,,0,
1768446852236,Sunny,Day,0.15380859375,100.0,-17.0,22.778342999998813,auto,,,,,,0,
1768446852267,Sunny,Day,0.15305989583333332,100.0,-17.0,20.045351999982586,auto,,,,,,0,
1768446852298,Sunny,Day,0.15406901041666668,100.0,-17.0,20.804400000002943,auto,,,,,,0,
1768446852329,Sunny,Day,0.15413411458333334,100.0,-17.0,21.043295000026774,auto,,,,,,0,
1768446852361,Sunny,Day,0.1541015625,100.0,-17.0,22.49325400001112,auto,,,,,,0,
1768446852392,Sunny,Day,0.15579427083333333,100.0,-17.0,17.008648000000903,auto,,,,,,0,
1768446852424,Sunny,Day,0.15611979166666667,100.0,-17.0,17.718556000005492,auto,,,,,,0,
1768446852455,Sunny,Day,0.15553385416666668,100.0,-17.0,21.76734899998678,auto,,,,,,0,
1768446852488,Sunny,Day,0.15533854166666666,100.0,-17.0,22.42428700000687,auto,,,,,,0,
1768446852518,Sunny,Day,0.15690104166666666,100.0,-17.0,19.459714999982225,auto,,,,,,0,
1768446852553,Sunny,Day,0.15729166666666666,100.0,-17.0,25.091215999992755,auto,,,,,,0,
1768446852582,Sunny,Day,0.15579427083333333,100.0,-17.0,19.421130000012,auto,,,,,,0,
1768446852615,Sunny,Day,0.15696614583333332,100.0,-17.0,22.362336999975696,auto,,,,,,0,
1768446852644,Sunny,Day,0.15745442708333332,100.0,-17.0,18.602409999999736,auto,,,,,,0,
1768446852675,Sunny,Day,0.15804036458333334,100.0,-17.0,20.839058999996496,auto,,,,,,0,
1768446852707,Sunny,Day,0.15764973958333334,100.0,-18.0,20.864665000004834,auto,,,,,,0,
1768446852738,Sunny,Day,0.15810546875,100.0,-18.0,20.984602999988056,auto,,,,,,0,
1768446852769,Sunny,Day,0.15973307291666666,100.0,-18.0,20.477188999990403,auto,,,,,,0,
1768446852801,Sunny,Day,0.16070963541666666,100.0,-18.0,22.02761000000919,auto,,,,,,0,
1768446852832,Sunny,Day,0.16142578125,100.0,-18.0,20.783367000007047,auto,,,,,,0,
1768446852863,Sunny,Day,0.16240234375,100.0,-18.0,21.292114000004858,auto,,,,,,0,
1768446852895,Sunny,Day,0.16246744791666667,100.0,-18.0,21.324458999998797,auto,,,,,,0,
1768446852926,Sunny,Day,0.16354166666666667,100.0,-18.0,20.901935000011918,auto,,,,,,0,
1768446852957,Sunny,Day,0.16236979166666668,100.0,-18.0,21.545708999980206,auto,,,,,,0,
1768446852991,Sunny,Day,0.16357421875,100.0,-19.0,22.23806599999989,auto,,,,,,0,
1768446853021,Sunny,Day,0.16380208333333332,100.0,-19.0,20.392337999993515,auto,,,,,,0,
1768446853051,Sunny,Day,0.16477864583333332,100.0,-19.0,19.92083300001468,auto,,,,,,0,
1768446853083,Sunny,Day,0.16529947916666668,100.0,-19.0,21.527083999984598,auto,,,,,,0,
1768446853117,Sunny,Day,0.16572265625,100.0,-19.0,23.96819500000902,auto,,,,,,0,
1768446853146,Sunny,Day,0.16546223958333334,100.0,-19.0,18.756627999977127,auto,,,,,,0,
1768446853179,Sunny,Day,0.16585286458333334,100.0,-20.0,22.3589640000057,auto,,,,,,0,
1768446853210,Sunny,Day,0.16484375,100.0,-19.0,19.752550999982077,auto,,,,,,0,
1768446853240,Sunny,Day,0.16458333333333333,100.0,-19.0,18.81513600000062,auto,,,,,,0,
1768446853271,Sunny,Day,0.16311848958333333,100.0,-20.0,21.77505599999563,auto,,,,,,0,
1768446853304,Sunny,Day,0.16383463541666668,100.0,-20.0,22.99558300001081,auto,,,,,,0,
1768446853334,Sunny,Day,0.16373697916666666,100.0,-20.0,19.720704000008027,auto,,,,,,0,
1768446853365,Sunny,Day,0.16223958333333333,100.0,-20.0,20.674522999996725,auto,,,,,,0,
1768446853399,Sunny,Day,0.16233723958333332,100.0,-20.0,23.537499000013895,auto,,,,,,0,
1768446853428,Sunny,Day,0.16263020833333333,100.0,-20.0,19.02142999998091,auto,,,,,,0,
1768446853461,Sunny,Day,0.16276041666666666,100.0,-20.0,23.0988969999828,auto,,,,,,0,
1768446853493,Sunny,Day,0.16201171875,100.0,-20.0,21.60440200000835,auto,,,,,,0,
1768446853524,Sunny,Day,0.16149088541666667,100.0,-20.0,21.126826999989134,auto,,,,,,0,
1768446853554,Sunny,Day,0.16087239583333332,100.0,-20.0,19.231501000007256,auto,,,,,,0,
1768446853585,Sunny,Day,0.16025390625,100.0,-20.0,20.74715800000604,auto,,,,,,0,
1768446853617,Sunny,Day,0.16067708333333333,100.0,-21.0,21.68631399999299,auto,,,,,,0,
1768446853648,Sunny,Day,0.15960286458333334,100.0,-21.0,19.012468999989096,auto,,,,,,0,
1768446853680,Sunny,Day,0.15830078125,100.0,-20.0,22.698899000005213,auto,,,,,,0,
1768446853714,Sunny,Day,0.15608723958333334,100.0,-20.0,24.092985999999428,auto,,,,,,0,
1768446853743,Sunny,Day,0.15706380208333334,100.0,-20.0,17.44098899999358,auto,,,,,,0,
1768446853775,Sunny,Day,0.15478515625,100.0,-20.0,21.289869999975508,auto,,,,,,0,
1768446853808,Sunny,Day,0.15387369791666666,100.0,-19.0,21.570780000018885,auto,,,,,,0,
1768446853837,Sunny,Day,0.1517578125,100.0,-19.0,19.015987000017276,auto,,,,,,0,
1768446853867,Sunny,Day,0.1513671875,100.0,-19.0,20.17846999999051,auto,,,,,,0,
1768446853899,Sunny,Day,0.14973958333333334,100.0,-18.0,20.70638800000779,auto,,,,,,0,
1768446853930,Sunny,Day,0.14954427083333333,100.0,-18.0,19.08702799997286,auto,,,,,,0,
1768446853962,Sunny,Day,0.14765625,100.0,-18.0,21.286444999986998,auto,,,,,,0,
1768446853993,Sunny,Day,0.1484375,100.0,-18.0,22.101123999988204,auto,,,,,,0,
1768446854024,Sunny,Day,0.14700520833333333,100.0,-18.0,20.822163999980603,auto,,,,,,0,
1768446854057,Sunny,Day,0.1455078125,100.0,-17.0,20.190322999980026,auto,,,,,,0,
1768446854087,Sunny,Day,0.14544270833333334,100.0,-17.0,19.64452900000424,auto,,,,,,0,
1768446854119,Sunny,Day,0.14368489583333333,100.0,-16.0,21.699025000003758,auto,,,,,,0,
1768446854150,Sunny,Day,0.14345703125,100.0,-16.0,20.439482999989877,auto,,,,,,0,
1768446854181,Sunny,Day,0.14358723958333333,100.0,-15.0,21.580231000001504,auto,,,,,,0,
1768446854216,Sunny,Day,0.14254557291666667,100.0,-14.0,20.74604100002375,auto,,,,,,0,
1768446854246,Sunny,Day,0.14215494791666666,100.0,-14.0,18.967885999984446,auto,,,,,,0,
1768446854276,Sunny,Day,0.14111328125,100.0,-14.0,18.480063999987806,auto,,,,,,0,
1768446854307,Sunny,Day,0.14195963541666667,100.0,-13.0,21.49550499999009,auto,,,,,,0,
1768446854340,Sunny,Day,0.14182942708333332,100.0,-14.0,22.847010999981876,auto,,,,,,0,
1768446854370,Sunny,Day,0.14332682291666668,100.0,-15.0,18.927226000016617,auto,,,,,,0,
1768446854401,Sunny,Day,0.14251302083333334,100.0,-14.0,21.074189000017896,auto,,,,,,0,
1768446854433,Sunny,Day,0.14456380208333333,100.0,-16.0,21.63735100000963,auto,,,,,,0,
1768446854465,Sunny,Day,0.14729817708333334,100.0,-17.0,22.655489000015905,auto,,,,,,0,
1768446854497,Sunny,Day,0.14713541666666666,100.0,-17.0,21.542162999992343,auto,,,,,,0,
1768446854528,Sunny,Day,0.14794921875,100.0,-18.0,21.048840999981167,auto,,,,,,0,
1768446854559,Sunny,Day,0.14762369791666666,100.0,-18.0,20.374865000007958,auto,,,,,,0,
1768446854596,Sunny,Day,0.145703125,100.0,-18.0,26.5804950000188,auto,,,,,,0,
1768446854624,Sunny,Day,0.14768880208333332,100.0,-19.0,17.486067999982424,auto,,,,,,0,
1768446854652,Sunny,Day,0.14664713541666666,100.0,-19.0,18.947296999982655,auto,,,,,,0,
1768446854683,Sunny,Day,0.1482421875,100.0,-20.0,20.96306000001391,auto,,,,,,0,
1768446854717,Sunny,Day,0.14690755208333334,100.0,-19.0,19.32330599998977,auto,,,,,,0,
1768446854748,Sunny,Day,0.14814453125,100.0,-19.0,20.793977000010955,auto,,,,,,0,
1768446854778,Sunny,Day,0.14837239583333334,100.0,-20.0,18.985197999995762,auto,,,,,,0,
1768446854811,Sunny,Day,0.14947916666666666,100.0,-20.0,22.10887999999045,auto,,,,,,0,
1768446854840,Sunny,Day,0.150390625,100.0,-20.0,19.9773599999844,auto,,,,,,0,
1768446854872,Sunny,Day,0.15146484375,100.0,-20.0,16.46876299997757,auto,,,,,,0,
1768446854904,Sunny,Day,0.14986979166666667,100.0,-20.0,22.979988000003004,auto,,,,,,0,
1768446854935,Sunny,Day,0.15218098958333334,100.0,-20.0,21.03675099999691,auto,,,,,,0,
1768446854966,Sunny,Day,0.15289713541666666,100.0,-20.0,22.19736400002148,auto,,,,,,0,
1768446854999,Sunny,Day,0.15533854166666666,100.0,-20.0,22.77435800002081,auto,,,,,,0,
1768446855032,Sunny,Day,0.15436197916666666,100.0,-20.0,23.180532999987236,auto,,,,,,0,
1768446855061,Sunny,Day,0.15618489583333334,100.0,-19.0,19.531383000014557,auto,,,,,,0,
1768446855092,Sunny,Day,0.15709635416666667,100.0,-19.0,21.224617000001444,auto,,,,,,0,
1768446855123,Sunny,Day,0.15862630208333334,100.0,-19.0,21.808359000004884,auto,,,,,,0,
1768446855155,Sunny,Day,0.16009114583333334,100.0,-19.0,21.257816000002094,auto,,,,,,0,
1768446855186,Sunny,Day,0.16220703125,100.0,-19.0,21.647199000000228,auto,,,,,,0,
1768446855218,Sunny,Day,0.16097005208333334,100.0,-19.0,21.481539999996357,auto,,,,,,0,
1768446855249,Sunny,Day,0.165234375,100.0,-19.0,21.56484099998579,auto,,,,,,0,
1768446855280,Sunny,Day,0.16468098958333333,100.0,-19.0,21.748645999991822,auto,,,,,,0,
1768446855312,Sunny,Day,0.16526692708333332,100.0,-19.0,22.50260200000298,auto,,,,,,0,
1768446855345,Sunny,Day,0.16588541666666667,100.0,-19.0,22.782928999987462,auto,,,,,,0,
1768446855380,Sunny,Day,0.16653645833333333,100.0,-20.0,27.009765000002517,auto,,,,,,0,
1768446855407,Sunny,Day,0.16712239583333333,100.0,-20.0,17.887158999997155,auto,,,,,,0,
1768446855439,Sunny,Day,0.16529947916666668,100.0,-21.0,21.383628999984694,auto,,,,,,0,
1768446855470,Sunny,Day,0.16575520833333332,100.0,-21.0,20.18605800000728,auto,,,,,,0,
1768446855500,Sunny,Day,0.16735026041666667,100.0,-21.0,23.23152499999992,auto,,,,,,0,
1768446855532,Sunny,Day,0.16695963541666667,100.0,-22.0,21.807858999977725,auto,,,,,,0,
1768446855565,Sunny,Day,0.16832682291666667,100.0,-22.0,22.74417500001391,auto,,,,,,0,
1768446855594,Sunny,Day,0.16741536458333334,100.0,-22.0,19.429897999998502,auto,,,,,,0,
1768446855626,Sunny,Day,0.16901041666666666,100.0,-22.0,23.312734999990425,auto,,,,,,0,
1768446855657,Sunny,Day,0.16940104166666667,100.0,-22.0,20.971193999997695,auto,,,,,,0,
1768446855689,Sunny,Day,0.16673177083333332,100.0,-20.0,21.74696099999096,auto,,,,,,0,
1768446855720,Sunny,Day,0.16695963541666667,100.0,-21.0,21.200862000000598,auto,,,,,,0,
1768446855753,Sunny,Day,0.165625,100.0,-21.0,22.887670999978127,auto,,,,,,0,
1768446855784,Sunny,Day,0.16536458333333334,100.0,-20.0,19.672877999994398,auto,,,,,,0,
1768446855815,Sunny,Day,0.16630859375,100.0,-20.0,19.873939999996537,auto,,,,,,0,
1768446855846,Sunny,Day,0.16520182291666666,100.0,-19.0,22.461829999997462,auto,,,,,,0,
1768446855877,Sunny,Day,0.16520182291666666,100.0,-19.0,15.470074999996086,auto,,,,,,0,
1768446855908,Sunny,Day,0.16656901041666666,100.0,-19.0,21.3655760000222,auto,,,,,,0,
1768446855941,Sunny,Day,0.16630859375,100.0,-19.0,18.677220000000716,auto,,,,,,0,
1768446855973,Sunny,Day,0.16725260416666668,100.0,-18.0,20.203592000001436,auto,,,,,,0,
1768446856002,Sunny,Day,0.16861979166666666,100.0,-18.0,19.636254999994662,auto,,,,,,0,
1768446856036,Sunny,Day,0.16793619791666667,100.0,-18.0,24.040773999985277,auto,,,,,,0,
1768446856066,Sunny,Day,0.16878255208333334,100.0,-18.0,20.512865000000602,auto,,,,,,0,
1768446856096,Sunny,Day,0.169140625,100.0,-18.0,20.562025000003814,auto,,,,,,0,
1768446856132,Sunny,Day,0.17063802083333332,100.0,-18.0,26.7282469999941,auto,,,,,,0,
1768446856160,Sunny,Day,0.16966145833333332,100.0,-18.0,17.106974999990143,auto,,,,,,0,
1768446856191,Sunny,Day,0.170703125,100.0,-19.0,20.231941000020015,auto,,,,,,0,
1768446856222,Sunny,Day,0.16884765625,100.0,-19.0,21.243743000013637,auto,,,,,,0,
1768446856255,Sunny,Day,0.17197265625,100.0,-19.0,23.824286999996502,auto,,,,,,0,
1768446856285,Sunny,Day,0.17102864583333333,100.0,-19.0,18.984506999998985,auto,,,,,,0,
1768446856316,Sunny,Day,0.17347005208333333,100.0,-19.0,21.37870599997882,auto,,,,,,0,
1768446856349,Sunny,Day,0.17535807291666666,100.0,-19.0,17.83881600002246,auto,,,,,,0,
1768446856381,Sunny,Day,0.17425130208333334,100.0,-20.0,21.71973099999036,auto,,,,,,0,
1768446856411,Sunny,Day,0.17330729166666667,100.0,-19.0,18.619188000002396,auto,,,,,,0,
1768446856444,Sunny,Day,0.17672526041666667,100.0,-20.0,22.898491000006516,auto,,,,,,0,
1768446856474,Sunny,Day,0.18040364583333332,100.0,-22.0,20.744683999993185,auto,,,,,,0,
1768446856505,Sunny,Day,0.18662109375,100.0,-23.0,20.17624600000545,auto,,,,,,0,
1768446856538,Sunny,Day,0.18981119791666667,100.0,-23.0,22.726514999988012,auto,,,,,,0,
1768446856569,Sunny,Day,0.190625,100.0,-24.0,18.905498999998827,auto,,,,,,0,
1768446856601,Sunny,Day,0.19254557291666666,100.0,-24.0,23.019863000001806,auto,,,,,,0,
1768446856630,Sunny,Day,0.19680989583333333,100.0,-24.0,19.02833299999429,auto,,,,,,0,
1768446856662,Sunny,Day,0.20335286458333332,100.0,-24.0,21.65350100000296,auto,,,,,,0,
1768446856693,Sunny,Day,0.2021484375,100.0,-24.0,20.78512299999602,auto,,,,,,0,
1768446856725,Sunny,Day,0.19970703125,100.0,-24.0,22.41168999998422,auto,,,,,,0,
1768446856756,Sunny,Day,0.20133463541666666,100.0,-23.0,19.14616900000965,auto,,,,,,0,
1768446856788,Sunny,Day,0.19583333333333333,100.0,-22.0,22.267357999993465,auto,,,,,,0,
1768446856819,Sunny,Day,0.19270833333333334,100.0,-21.0,20.01615699998638,auto,,,,,,0,
1768446856852,Sunny,Day,0.19319661458333334,100.0,-21.0,23.146307999979854,auto,,,,,,0,
1768446856882,Sunny,Day,0.190234375,100.0,-20.0,19.621545999996215,auto,,,,,,0,
1768446856914,Sunny,Day,0.18668619791666666,100.0,-19.0,21.773908999989544,auto,,,,,,0,
1768446856945,Sunny,Day,0.18206380208333334,100.0,-19.0,18.687251999978116,auto,,,,,,0,
1768446856976,Sunny,Day,0.17486979166666666,100.0,-17.0,20.79658399998152,auto,,,,,,0,
1768446857009,Sunny,Day,0.17236328125,100.0,-16.0,18.634626999983084,auto,,,,,,0,
1768446857038,Sunny,Day,0.16520182291666666,100.0,-15.0,19.712276999996448,auto,,,,,,0,
1768446857073,Sunny,Day,0.15485026041666666,100.0,-13.0,25.202382000003354,auto,,,,,,0,
1768446857102,Sunny,Day,0.14625651041666668,100.0,-12.0,19.430459999995264,auto,,,,,,0,
1768446857132,Sunny,Day,0.14658203125,100.0,-12.0,20.36143600000173,auto,,,,,,0,
1768446857164,Sunny,Day,0.14524739583333332,100.0,-13.0,22.216536000001952,auto,,,,,,0,
1768446857195,Sunny,Day,0.15032552083333334,100.0,-13.0,22.301265999999487,auto,,,,,,0,
1768446857227,Sunny,Day,0.15016276041666668,100.0,-14.0,21.424523999996836,auto,,,,,,0,
1768446857258,Sunny,Day,0.14983723958333334,100.0,-14.0,21.198627000018178,auto,,,,,,0,
1768446857290,Sunny,Day,0.14977213541666667,100.0,-15.0,21.13617200001272,auto,,,,,,0,
1768446857323,Sunny,Day,0.14983723958333334,100.0,-15.0,20.052233999990676,auto,,,,,,0,
1768446857352,Sunny,Day,0.14856770833333333,100.0,-15.0,19.374207999987902,auto,,,,,,0,
1768446857385,Sunny,Day,0.14947916666666666,100.0,-15.0,23.067095000016025,auto,,,,,,0,
1768446857415,Sunny,Day,0.14895833333333333,100.0,-15.0,19.947543999990103,auto,,,,,,0,
1768446857447,Sunny,Day,0.14983723958333334,100.0,-15.0,20.96410100000412,auto,,,,,,0,
1768446857479,Sunny,Day,0.14918619791666668,100.0,-16.0,22.41897300001483,auto,,,,,,0,
1768446857510,Sunny,Day,0.15244140625,100.0,-16.0,20.109208999997463,auto,,,,,,0,
1768446857541,Sunny,Day,0.15152994791666666,100.0,-17.0,18.445769999999584,auto,,,,,,0,
1768446857573,Sunny,Day,0.15322265625,100.0,-17.0,22.073960999989595,auto,,,,,,0,
1768446857605,Sunny,Day,0.15029296875,100.0,-17.0,22.260086000017054,auto,,,,,,0,
1768446857635,Sunny,Day,0.15152994791666666,100.0,-17.0,18.919654000001174,auto,,,,,,0,
1768446857666,Sunny,Day,0.151171875,100.0,-17.0,21.70335999997519,auto,,,,,,0,
1768446857700,Sunny,Day,0.15244140625,100.0,-17.0,23.11008999998876,auto,,,,,,0,
1768446857731,Sunny,Day,0.15107421875,100.0,-17.0,20.238210000002255,auto,,,,,,0,
1768446857761,Sunny,Day,0.15188802083333333,100.0,-17.0,19.058545000007143,auto,,,,,,0,
1768446857792,Sunny,Day,0.151953125,100.0,-18.0,21.74296499998718,auto,,,,,,0,
1768446857823,Sunny,Day,0.15139973958333333,100.0,-18.0,19.918121000017663,auto,,,,,,0,
1768446857855,Sunny,Day,0.15061848958333332,100.0,-18.0,20.957934999984218,auto,,,,,,0,
1768446857887,Sunny,Day,0.14778645833333334,100.0,-18.0,22.915578000009873,auto,,,,,,0,
1768446857919,Sunny,Day,0.14612630208333333,100.0,-18.0,18.310435000017833,auto,,,,,,0,
1768446857949,Sunny,Day,0.14143880208333334,100.0,-18.0,20.162312999985943,auto,,,,,,0,
1768446857981,Sunny,Day,0.14261067708333333,100.0,-18.0,22.317079000004014,auto,,,,,,0,
1768446858013,Sunny,Day,0.14251302083333334,100.0,-18.0,20.564984000003506,auto,,,,,,0,
1768446858043,Sunny,Day,0.14202473958333334,100.0,-18.0,18.23184299999525,auto,,,,,,0,
1768446858074,Sunny,Day,0.14436848958333334,100.0,-18.0,21.698753000009674,auto,,,,,,0,
1768446858106,Sunny,Day,0.14501953125,100.0,-18.0,22.77435599998512,auto,,,,,,0,
1768446858137,Sunny,Day,0.14453125,100.0,-18.0,21.712325999999393,auto,,,,,,0,
1768446858169,Sunny,Day,0.14342447916666667,100.0,-19.0,21.758486999999604,auto,,,,,,0,
1768446858201,Sunny,Day,0.14287109375,100.0,-19.0,22.74047100002008,auto,,,,,,0,
1768446858232,Sunny,Day,0.14388020833333334,100.0,-19.0,19.145369999989725,auto,,,,,,0,
1768446858263,Sunny,Day,0.14365234375,100.0,-19.0,21.29578000000265,auto,,,,,,0,
1768446858295,Sunny,Day,0.14313151041666666,100.0,-19.0,21.68540299999222,auto,,,,,,0,
1768446858329,Sunny,Day,0.14274088541666666,100.0,-19.0,21.62798399999133,auto,,,,,,0,
1768446858357,Sunny,Day,0.14319661458333333,100.0,-20.0,18.04127099998709,auto,,,,,,0,
1768446858388,Sunny,Day,0.1419921875,100.0,-20.0,21.88365899999667,auto,,,,,,0,
1768446858420,Sunny,Day,0.14417317708333333,100.0,-20.0,20.944725999981983,auto,,,,,,0,
1768446858451,Sunny,Day,0.1462890625,100.0,-20.0,20.76322799999275,auto,,,,,,0,
1768446858482,Sunny,Day,0.14905598958333333,100.0,-20.0,21.474741000020003,auto,,,,,,0,
1768446858517,Sunny,Day,0.15003255208333333,100.0,-21.0,24.393416000009438,auto,,,,,,0,
1768446858547,Sunny,Day,0.15055338541666666,100.0,-21.0,19.23871200000349,auto,,,,,,0,
1768446858577,Sunny,Day,0.15240885416666666,100.0,-21.0,19.701308999998446,auto,,,,,,0,
1768446858608,Sunny,Day,0.15192057291666666,100.0,-21.0,16.625335999975732,auto,,,,,,0,
1768446858640,Sunny,Day,0.15100911458333333,100.0,-21.0,19.935134000007793,auto,,,,,,0,
1768446858671,Sunny,Day,0.15120442708333334,100.0,-21.0,21.805537999995295,auto,,,,,,0,
1768446858703,Sunny,Day,0.15162760416666668,100.0,-21.0,21.758210000001554,auto,,,,,,0,
1768446858734,Sunny,Day,0.14729817708333334,100.0,-20.0,19.966778999986445,auto,,,,,,0,
1768446858765,Sunny,Day,0.14794921875,100.0,-20.0,21.154425000020183,auto,,,,,,0,
1768446858798,Sunny,Day,0.14814453125,100.0,-20.0,23.005662999992182,auto,,,,,,0,
1768446858829,Sunny,Day,0.14899088541666666,100.0,-19.0,21.290371999981517,auto,,,,,,0,
1768446858860,Sunny,Day,0.14778645833333334,100.0,-19.0,19.933078999997633,auto,,,,,,0,
1768446858892,Sunny,Day,0.14791666666666667,100.0,-19.0,20.547529999987546,auto,,,,,,0,
1768446858922,Sunny,Day,0.14736328125,100.0,-19.0,18.608040999993136,auto,,,,,,0,
1768446858951,Sunny,Day,0.14742838541666667,100.0,-19.0,20.4837590000011,auto,,,,,,0,
1768446858983,Sunny,Day,0.14794921875,100.0,-19.0,22.726416000011795,auto,,,,,,0,
1768446859014,Sunny,Day,0.14749348958333333,100.0,-19.0,22.947200000004386,auto,,,,,,0,
1768446859047,Sunny,Day,0.14755859375,100.0,-19.0,22.20206900000221,auto,,,,,,0,
1768446859077,Sunny,Day,0.14801432291666666,100.0,-20.0,22.284893999994893,auto,,,,,,0,
1768446859110,Sunny,Day,0.14788411458333334,100.0,-20.0,25.71334000001002,auto,,,,,,0,
1768446859140,Sunny,Day,0.14700520833333333,100.0,-19.0,22.273636999983637,auto,,,,,,0,
1768446859171,Sunny,Day,0.14749348958333333,100.0,-19.0,23.780786000003218,auto,,,,,,0,
1768446859203,Sunny,Day,0.14720052083333332,100.0,-19.0,24.024225999994542,auto,,,,,,0,
1768446859234,Sunny,Day,0.14638671875,100.0,-19.0,23.88584999999921,auto,,,,,,0,
1768446859266,Sunny,Day,0.1462890625,100.0,-19.0,22.74705300001756,auto,,,,,,0,
1768446859297,Sunny,Day,0.14837239583333334,100.0,-20.0,23.77376900000172,auto,,,,,,0,
1768446859329,Sunny,Day,0.14755859375,100.0,-20.0,24.9901130000012,auto,,,,,,0,
1768446859359,Sunny,Day,0.14723307291666668,100.0,-20.0,24.37280300000566,auto,,,,,,0,
1768446859391,Sunny,Day,0.14733072916666667,100.0,-20.0,23.99485800000889,auto,,,,,,0,
1768446859422,Sunny,Day,0.14599609375,100.0,-19.0,24.06735100001356,auto,,,,,,0,
1768446859454,Sunny,Day,0.14586588541666667,100.0,-19.0,24.1387879999877,auto,,,,,,0,
1768446859485,Sunny,Day,0.14524739583333332,100.0,-19.0,23.631504000007908,auto,,,,,,0,
1768446859516,Sunny,Day,0.14420572916666666,100.0,-18.0,23.95682499999907,auto,,,,,,0,
1768446859548,Sunny,Day,0.14443359375,100.0,-19.0,24.622759999999744,auto,,,,,,0,
1768446859581,Sunny,Day,0.14541015625,100.0,-19.0,23.73917900001743,auto,,,,,,0,
1768446859613,Sunny,Day,0.14459635416666666,100.0,-19.0,24.43027900000061,auto,,,,,,0,
1768446859643,Sunny,Day,0.14514973958333333,100.0,-19.0,22.144814999990103,auto,,,,,,0,
1768446859674,Sunny,Day,0.14420572916666666,100.0,-19.0,23.167419999992944,auto,,,,,,0,
1768446859705,Sunny,Day,0.1447265625,100.0,-19.0,23.24622699998713,auto,,,,,,0,
1768446859736,Sunny,Day,0.14488932291666667,100.0,-19.0,22.93703500001243,auto,,,,,,0,
1768446859768,Sunny,Day,0.14482421875,100.0,-19.0,23.57543599998735,auto,,,,,,0,
1768446859799,Sunny,Day,0.14475911458333332,100.0,-19.0,23.460983999996188,auto,,,,,,0,
1768446859830,Sunny,Day,0.14573567708333332,100.0,-19.0,23.50001700000348,auto,,,,,,0,
1768446859863,Sunny,Day,0.14716796875,100.0,-19.0,25.243181999996978,auto,,,,,,0,
1768446859895,Sunny,Day,0.1462890625,100.0,-19.0,23.663575000000492,auto,,,,,,0,
1768446859924,Sunny,Day,0.14612630208333333,100.0,-19.0,22.12759500000061,auto,,,,,,0,
1768446859956,Sunny,Day,0.14573567708333332,100.0,-19.0,24.22500299999797,auto,,,,,,0,
1768446859987,Sunny,Day,0.14632161458333334,100.0,-19.0,23.658538999995926,auto,,,,,,0,
1768446860019,Sunny,Day,0.14632161458333334,100.0,-19.0,23.802431000007118,auto,,,,,,0,
1768446860050,Sunny,Day,0.14651692708333333,100.0,-19.0,23.92280600000163,auto,,,,,,0,
1768446860082,Sunny,Day,0.1470703125,100.0,-20.0,24.118920000006483,auto,,,,,,0,
1768446860114,Sunny,Day,0.14723307291666668,100.0,-21.0,25.14779700001668,auto,,,,,,0,
1768446860144,Sunny,Day,0.14850260416666666,100.0,-21.0,22.28514700001938,auto,,,,,,0,
1768446860177,Sunny,Day,0.14742838541666667,100.0,-22.0,24.286369000009245,auto,,,,,,0,
1768446860207,Sunny,Day,0.14742838541666667,100.0,-22.0,22.193598000001202,auto,,,,,,0,
1768446860239,Sunny,Day,0.14713541666666666,100.0,-22.0,23.88243900000475,auto,,,,,,0,
1768446860272,Sunny,Day,0.14664713541666666,100.0,-22.0,24.909206000018003,auto,,,,,,0,
1768446860301,Sunny,Day,0.14651692708333333,100.0,-22.0,21.345002999993312,auto,,,,,,0,
1768446860335,Sunny,Day,0.14674479166666668,100.0,-23.0,25.705880000003845,auto,,,,,,0,
1768446860364,Sunny,Day,0.14609375,100.0,-22.0,21.090800999985504,auto,,,,,,0,
1768446860395,Sunny,Day,0.14609375,100.0,-23.0,23.50767400000109,auto,,,,,,0,
1768446860428,Sunny,Day,0.14586588541666667,100.0,-23.0,25.221087000005582,auto,,,,,,0,
1768446860459,Sunny,Day,0.14488932291666667,100.0,-23.0,22.41487599999914,auto,,,,,,0,
1768446860490,Sunny,Day,0.14423828125,100.0,-23.0,23.77255999999761,auto,,,,,,0,
1768446860523,Sunny,Day,0.14518229166666666,100.0,-24.0,24.501721000007137,auto,,,,,,0,
1768446860555,Sunny,Day,0.14459635416666666,100.0,-23.0,22.333013000007895,auto,,,,,,0,
1768446860584,Sunny,Day,0.14423828125,100.0,-23.0,23.538191000000097,auto,,,,,,0,
1768446860615,Sunny,Day,0.14072265625,100.0,-23.0,23.50930399998674,auto,,,,,,0,
1768446860647,Sunny,Day,0.14208984375,100.0,-23.0,23.804686000005404,auto,,,,,,0,
1768446860681,Sunny,Day,0.14143880208333334,100.0,-23.0,27.21940199998585,auto,,,,,,0,
1768446860710,Sunny,Day,0.14163411458333333,100.0,-24.0,21.068802999991476,auto,,,,,,0,
1768446860744,Sunny,Day,0.14033203125,100.0,-23.0,26.4752230000056,auto,,,,,,0,
1768446860773,Sunny,Day,0.14007161458333334,100.0,-23.0,21.33031799999685,auto,,,,,,0,
1768446860804,Sunny,Day,0.14055989583333334,100.0,-24.0,23.38118500000519,auto,,,,,,0,
1768446860835,Sunny,Day,0.14036458333333332,100.0,-24.0,23.890734999980623,auto,,,,,,0,
1768446860867,Sunny,Day,0.14072265625,100.0,-24.0,23.43206999998415,auto,,,,,,0,
1768446860898,Sunny,Day,0.13948567708333334,100.0,-24.0,22.999994000002744,auto,,,,,,0,
1768446860931,Sunny,Day,0.13850911458333334,100.0,-24.0,22.256111999979566,auto,,,,,,0,
1768446860961,Sunny,Day,0.13909505208333334,100.0,-24.0,22.48714799998197,auto,,,,,,0,
1768446860992,Sunny,Day,0.13815104166666667,100.0,-25.0,23.565613999977586,auto,,,,,,0,
1768446861024,Sunny,Day,0.13850911458333334,100.0,-25.0,22.878135000013344,auto,,,,,,0,
1768446861055,Sunny,Day,0.1369140625,100.0,-25.0,23.83929799998441,auto,,,,,,0,
1768446861086,Sunny,Day,0.13684895833333333,100.0,-25.0,23.845428000015545,auto,,,,,,0,
1768446861118,Sunny,Day,0.13352864583333332,100.0,-25.0,23.04142899998851,auto,,,,,,0,
1768446861152,Sunny,Day,0.13447265625,100.0,-25.0,26.725152000011576,auto,,,,,,0,
1768446861181,Sunny,Day,0.13463541666666667,100.0,-24.0,21.62956399999416,auto,,,,,,0,
1768446861212,Sunny,Day,0.13408203125,100.0,-24.0,23.546634000013,auto,,,,,,0,
1768446861244,Sunny,Day,0.13128255208333334,100.0,-24.0,24.08050400001116,auto,,,,,,0,
1768446861276,Sunny,Day,0.13151041666666666,100.0,-24.0,24.096336000013707,auto,,,,,,0,
1768446861307,Sunny,Day,0.13046875,100.0,-24.0,20.914021999999477,auto,,,,,,0,
1768446861337,Sunny,Day,0.130078125,100.0,-24.0,22.297628999979224,auto,,,,,,0,
1768446861370,Sunny,Day,0.12874348958333334,100.0,-24.0,25.506718999992017,auto,,,,,,0,
1768446861400,Sunny,Day,0.12805989583333333,100.0,-24.0,20.907762000007324,auto,,,,,,0,
1768446861432,Sunny,Day,0.12757161458333333,100.0,-24.0,23.82933699999512,auto,,,,,,0,
1768446861463,Sunny,Day,0.12587890625,100.0,-24.0,23.148421000001917,auto,,,,,,0,
1768446861495,Sunny,Day,0.12652994791666666,100.0,-24.0,23.774006999985886,auto,,,,,,0,
1768446861526,Sunny,Day,0.12418619791666667,100.0,-24.0,23.73465799999508,auto,,,,,,0,
1768446861561,Sunny,Day,0.12376302083333333,100.0,-23.0,27.169659000009005,auto,,,,,,0,
1768446861590,Sunny,Day,0.12268880208333334,100.0,-24.0,20.509661000005508,auto,,,,,,0,
1768446861621,Sunny,Day,0.12220052083333334,100.0,-24.0,23.19615799999042,auto,,,,,,0,
1768446861651,Sunny,Day,0.12102864583333334,100.0,-24.0,23.075648000002502,auto,,,,,,0,
1768446861683,Sunny,Day,0.11936848958333333,100.0,-23.0,19.053595999992012,auto,,,,,,0,
1768446861715,Sunny,Day,0.11953125,100.0,-24.0,23.417679999994334,auto,,,,,,0,
1768446861746,Sunny,Day,0.11858723958333334,100.0,-24.0,21.459020000008877,auto,,,,,,0,
1768446861777,Sunny,Day,0.11871744791666666,100.0,-24.0,24.11631600000419,auto,,,,,,0,
1768446861809,Sunny,Day,0.11767578125,100.0,-7.0,24.20667999999182,auto,,,,,,0,
1768446861840,Sunny,Day,0.11663411458333334,100.0,-7.0,23.195583999978453,auto,,,,,,0,
1768446861871,Sunny,Day,0.11591796875,100.0,-6.0,23.897368999996615,auto,,,,,,0,
1768446861903,Sunny,Day,0.11673177083333333,100.0,-7.0,23.007003999993003,auto,,,,,,0,
1768446861934,Sunny,Day,0.11868489583333333,100.0,-9.0,23.041817000006404,auto,,,,,,0,
1768446861965,Sunny,Day,0.12278645833333333,100.0,-13.0,24.133945000016865,auto,,,,,,0,
1768446861997,Sunny,Day,0.12542317708333334,100.0,-17.0,23.86761100001422,auto,,,,,,0,
1768446862029,Sunny,Day,0.13209635416666668,100.0,-21.0,24.37974400001508,auto,,,,,,0,
1768446862060,Sunny,Day,0.13798828125,100.0,-24.0,23.655488000002833,auto,,,,,,0,
1768446862091,Sunny,Day,0.13854166666666667,100.0,-26.0,23.072651000006772,auto,,,,,,0,
1768446862123,Sunny,Day,0.1400390625,100.0,-25.0,22.954269000024397,auto,,,,,,0,
1768446862154,Sunny,Day,0.14244791666666667,100.0,-26.0,20.85290599998757,auto,,,,,,0,
1768446862185,Sunny,Day,0.14264322916666666,100.0,-26.0,23.98398799999768,auto,,,,,,0,
1768446862217,Sunny,Day,0.14156901041666667,100.0,-26.0,22.97089700002175,auto,,,,,,0,
1768446862250,Sunny,Day,0.14147135416666667,100.0,-25.0,25.691686999977037,auto,,,,,,0,
1768446862282,Sunny,Day,0.14241536458333334,100.0,-26.0,24.537344999998822,auto,,,,,,0,
1768446862311,Sunny,Day,0.14303385416666667,100.0,-26.0,21.1749999999995,auto,,,,,,0,
1768446862342,Sunny,Day,0.14309895833333333,100.0,-26.0,23.65952499999935,auto,,,,,,0,
1768446862374,Sunny,Day,0.14189453125,100.0,-25.0,23.75350100001583,auto,,,,,,0,
1768446862407,Sunny,Day,0.14052734375,100.0,-25.0,24.77188699998578,auto,,,,,,0,
1768446862437,Sunny,Day,0.14095052083333334,100.0,-26.0,23.68326399999887,auto,,,,,,0,
1768446862468,Sunny,Day,0.14192708333333334,100.0,-26.0,23.091816000004428,auto,,,,,,0,
1768446862499,Sunny,Day,0.14140625,100.0,-26.0,22.708875999995826,auto,,,,,,0,
1768446862531,Sunny,Day,0.1423828125,100.0,-26.0,23.601528999989796,auto,,,,,,0,
1768446862562,Sunny,Day,0.14251302083333334,100.0,-27.0,22.973620000016126,auto,,,,,,0,
1768446862594,Sunny,Day,0.14397786458333334,100.0,-27.0,24.4787929999859,auto,,,,,,0,
1768446862625,Sunny,Day,0.14261067708333333,100.0,-27.0,23.637175000004618,auto,,,,,,0,
1768446862656,Sunny,Day,0.14280598958333332,100.0,-27.0,23.891474999999218,auto,,,,,,0,
1768446862689,Sunny,Day,0.14059244791666667,100.0,-26.0,25.459181999991642,auto,,,,,,0,
1768446862721,Sunny,Day,0.14212239583333333,100.0,-27.0,24.233603999988418,auto,,,,,,0,
1768446862750,Sunny,Day,0.140625,100.0,-27.0,21.467594000000645,auto,,,,,,0,
1768446862783,Sunny,Day,0.14010416666666667,100.0,-26.0,25.558824999990293,auto,,,,,,0,
1768446862813,Sunny,Day,0.13990885416666668,100.0,-26.0,21.242940000007593,auto,,,,,,0,
1768446862846,Sunny,Day,0.13951822916666667,100.0,-26.0,20.704951999988452,auto,,,,,,0,
1768446862876,Sunny,Day,0.13831380208333333,100.0,-26.0,21.25214399998754,auto,,,,,,0,
1768446862907,Sunny,Day,0.1384765625,100.0,-26.0,23.499719999989566,auto,,,,,,0,
1768446862939,Sunny,Day,0.1373046875,100.0,-26.0,23.009951000005913,auto,,,,,,0,
1768446862970,Sunny,Day,0.13694661458333332,100.0,-25.0,22.59162299998252,auto,,,,,,0,
1768446863002,Sunny,Day,0.13671875,100.0,-26.0,24.69459499999971,auto,,,,,,0,
1768446863035,Sunny,Day,0.13502604166666668,100.0,-26.0,21.06725100000517,auto,,,,,,0,
1768446863065,Sunny,Day,0.134375,100.0,-26.0,20.866297999987182,auto,,,,,,0,
1768446863097,Sunny,Day,0.13307291666666668,100.0,-25.0,25.223068000002513,auto,,,,,,0,
1768446863127,Sunny,Day,0.13307291666666668,100.0,-25.0,22.59825699999851,auto,,,,,,0,
1768446863159,Sunny,Day,0.13076171875,100.0,-25.0,23.595120999999608,auto,,,,,,0,
1768446863190,Sunny,Day,0.12770182291666668,100.0,-24.0,23.852701999999226,auto,,,,,,0,
1768446863221,Sunny,Day,0.12776692708333334,100.0,-23.0,23.88953299998775,auto,,,,,,0,
1768446863253,Sunny,Day,0.12763671875,100.0,-23.0,23.695782999993753,auto,,,,,,0,
1768446863285,Sunny,Day,0.12760416666666666,100.0,-23.0,25.37952399998744,auto,,,,,,0,
1768446863315,Sunny,Day,0.12724609375,100.0,-24.0,20.21786299999917,auto,,,,,,0,
1768446863348,Sunny,Day,0.12626953125,100.0,-23.0,24.16472499999145,auto,,,,,,0,
1768446863378,Sunny,Day,0.12623697916666668,100.0,-24.0,22.928224999986924,auto,,,,,,0,
1768446863410,Sunny,Day,0.12652994791666666,100.0,-24.0,24.091172999987975,auto,,,,,,0,
1768446863441,Sunny,Day,0.12620442708333332,100.0,-24.0,23.82531400002108,auto,,,,,,0,
1768446863473,Sunny,Day,0.12734375,100.0,-25.0,24.51019100001872,auto,,,,,,0,
1768446863505,Sunny,Day,0.12526041666666668,100.0,-25.0,24.984058999990566,auto,,,,,,0,
1768446863536,Sunny,Day,0.12607421875,100.0,-26.0,23.02003599999125,auto,,,,,,0,
1768446863567,Sunny,Day,0.12578125,100.0,-26.0,23.32235500000479,auto,,,,,,0,
1768446863598,Sunny,Day,0.12529296875,100.0,-26.0,23.344094999998788,auto,,,,,,0,
1768446863630,Sunny,Day,0.12532552083333334,100.0,-26.0,24.48523000001046,auto,,,,,,0,
1768446863661,Sunny,Day,0.12360026041666666,100.0,-27.0,23.60117599999967,auto,,,,,,0,
1768446863692,Sunny,Day,0.121875,100.0,-27.0,23.7430589999974,auto,,,,,,0,
1768446863725,Sunny,Day,0.12083333333333333,100.0,-28.0,24.4419169999901,auto,,,,,,0,
1768446863757,Sunny,Day,0.12037760416666667,100.0,-29.0,23.86821999999711,auto,,,,,,0,
1768446863786,Sunny,Day,0.117578125,100.0,-29.0,21.83153300001095,auto,,,,,,0,
1768446863818,Sunny,Day,0.1146484375,100.0,-30.0,25.489851999992652,auto,,,,,,0,
1768446863849,Sunny,Day,0.10944010416666666,100.0,-29.0,23.332836999998108,auto,,,,,,0,
1768446863881,Sunny,Day,0.10517578125,100.0,-29.0,23.163824999983262,auto,,,,,,0,
1768446863914,Sunny,Day,0.10364583333333334,100.0,-31.0,25.443612999993093,auto,,,,,,0,
1768446863947,Sunny,Day,0.10169270833333334,100.0,-33.0,23.167639999996936,auto,,,,,,0,
1768446863978,Sunny,Day,0.09856770833333334,100.0,-36.0,19.62339000002089,auto,,,,,,0,
1768446864010,Sunny,Day,0.09169921875,100.0,-36.0,19.342450999999983,auto,,,,,,0,
1768446864040,Sunny,Day,0.08837890625,100.0,-39.0,17.78592799999501,auto,,,,,,0,
1768446864071,Sunny,Day,0.0826171875,100.0,-39.0,20.100186000007625,auto,,,,,,0,
1768446864103,Sunny,Day,0.07874348958333334,100.0,-42.0,18.784285000009504,auto,,,,,,0,
1768446864134,Sunny,Day,0.07418619791666667,100.0,-44.0,21.95823800002472,auto,,,,,,0,
1768446864166,Sunny,Day,0.06891276041666666,100.0,-42.0,21.905035999992606,auto,,,,,,0,
1768446864197,Sunny,Day,0.06455078125,100.0,-40.0,17.67267200000333,auto,,,,,,0,
1768446864228,Sunny,Day,0.05768229166666667,100.0,-35.0,21.471235000007027,auto,,,,,,0,
1768446864261,Sunny,Day,0.056868489583333334,100.0,-34.0,22.5575890000016,auto,,,,,,0,
1768446864292,Sunny,Day,0.05263671875,100.0,-34.0,18.932705999986865,auto,,,,,,0,
1768446864323,Sunny,Day,0.04925130208333333,98.50260416666666,-31.0,21.098117000008187,auto,,,,,,0,
1768446864354,Sunny,Day,0.04986979166666667,99.73958333333334,-32.0,21.10250699999483,auto,,,,,,0,
1768446864386,Sunny,Day,0.04840494791666667,96.80989583333334,-32.0,21.9813120000083,auto,,,,,,0,
1768446864417,Sunny,Day,0.048046875,96.09375,-31.0,20.645817999991323,auto,,,,,,0,
1768446864449,Sunny,Day,0.048111979166666666,96.22395833333333,-30.0,20.324142999982087,auto,,,,,,0,
1768446864481,Sunny,Day,0.04889322916666667,97.78645833333334,-30.0,17.08274699998924,auto,,,,,,0,
1768446864512,Sunny,Day,0.04729817708333333,94.59635416666666,-29.0,20.845699999995304,auto,,,,,,0,
1768446864543,Sunny,Day,0.049088541666666666,98.17708333333333,-29.0,20.846219000020483,auto,,,,,,0,
1768446864574,Sunny,Day,0.04736328125,94.7265625,-27.0,21.845870999982253,auto,,,,,,0,
1768446864606,Sunny,Day,0.04892578125,97.8515625,-27.0,18.028697000005423,auto,,,,,,0,
1768446864637,Sunny,Day,0.04742838541666667,94.85677083333334,-26.0,21.430718000004845,auto,,,,,,0,
1768446864669,Sunny,Day,0.04755859375,95.1171875,-25.0,22.74215799999979,auto,,,,,,0,
1768446864700,Sunny,Day,0.04635416666666667,92.70833333333334,-24.0,19.70827400000985,auto,,,,,,0,
1768446864732,Sunny,Day,0.0462890625,92.578125,-22.0,22.833765999990874,auto,,,,,,0,
1768446864764,Sunny,Day,0.04674479166666667,93.48958333333333,-24.0,20.952195999996093,auto,,,,,,0,
1768446864795,Sunny,Day,0.04840494791666667,96.80989583333334,-24.0,20.998399000006884,auto,,,,,,0,
1768446864825,Sunny,Day,0.048111979166666666,96.22395833333333,-24.0,19.784919000017,auto,,,,,,0,
1768446864856,Sunny,Day,0.049153645833333336,98.30729166666667,-25.0,18.26354199999969,auto,,,,,,0,
1768446864888,Sunny,Day,0.0490234375,98.046875,-25.0,21.74980099999857,auto,,,,,,0,
1768446864920,Sunny,Day,0.049641927083333336,99.28385416666667,-25.0,17.668116999999484,auto,,,,,,0,
1768446864953,Sunny,Day,0.05162760416666667,100.0,-26.0,22.60238400000958,auto,,,,,,0,
1768446864982,Sunny,Day,0.05146484375,100.0,-25.0,17.700912999998764,auto,,,,,,0,
1768446865013,Sunny,Day,0.05231119791666667,100.0,-25.0,18.114915000012388,auto,,,,,,0,
1768446865047,Sunny,Day,0.0541015625,100.0,-26.0,23.756811999987804,auto,,,,,,0,
1768446865076,Sunny,Day,0.05341796875,100.0,-27.0,20.286827000006724,auto,,,,,,0,
1768446865108,Sunny,Day,0.05426432291666667,100.0,-27.0,22.643334999997933,auto,,,,,,0,
1768446865140,Sunny,Day,0.0552734375,100.0,-27.0,21.65150299998686,auto,,,,,,0,
1768446865173,Sunny,Day,0.05462239583333333,100.0,-27.0,23.040326999989702,auto,,,,,,0,
1768446865203,Sunny,Day,0.053971354166666666,100.0,-27.0,20.840464000002612,auto,,,,,,0,
1768446865233,Sunny,Day,0.0556640625,100.0,-28.0,19.34371699999815,auto,,,,,,0,
1768446865265,Sunny,Day,0.056412760416666666,100.0,-29.0,19.97527799997556,auto,,,,,,0,
1768446865297,Sunny,Day,0.05670572916666667,100.0,-28.0,21.42858199999864,auto,,,,,,0,
1768446865327,Sunny,Day,0.057389322916666666,100.0,-29.0,19.10794299999452,auto,,,,,,0,
1768446865360,Sunny,Day,0.05709635416666667,100.0,-29.0,21.67428000001337,auto,,,,,,0,
1768446865392,Sunny,Day,0.05628255208333333,100.0,-27.0,18.579805999991095,auto,,,,,,0,
1768446865422,Sunny,Day,0.057845052083333334,100.0,-28.0,19.126276999998026,auto,,,,,,0,
1768446865454,Sunny,Day,0.0544921875,100.0,-26.0,21.844332000000577,auto,,,,,,0,
1768446865484,Sunny,Day,0.05413411458333333,100.0,-26.0,19.823485000017627,auto,,,,,,0,
1768446865516,Sunny,Day,0.05748697916666667,100.0,-28.0,20.908184999996138,auto,,,,,,0,
1768446865549,Sunny,Day,0.05667317708333333,100.0,-26.0,23.16780500001414,auto,,,,,,0,
1768446865580,Sunny,Day,0.05569661458333333,100.0,-25.0,20.810575000012932,auto,,,,,,0,
1768446865613,Sunny,Day,0.05667317708333333,100.0,-26.0,22.58518799999365,auto,,,,,,0,
1768446865641,Sunny,Day,0.05628255208333333,100.0,-25.0,17.735952999998972,auto,,,,,,0,
1768446865673,Sunny,Day,0.05651041666666667,100.0,-24.0,22.973105999994914,auto,,,,,,0,
1768446865704,Sunny,Day,0.05634765625,100.0,-24.0,22.263915999985784,auto,,,,,,0,
1768446865736,Sunny,Day,0.0580078125,100.0,-26.0,21.364546000000928,auto,,,,,,0,
1768446865767,Sunny,Day,0.05895182291666667,100.0,-26.0,21.774260000000822,auto,,,,,,0,
1768446865799,Sunny,Day,0.05950520833333333,100.0,-26.0,22.05475400000978,auto,,,,,,0,
1768446865831,Sunny,Day,0.057877604166666666,100.0,-24.0,21.518450000002076,auto,,,,,,0,
1768446865864,Sunny,Day,0.059765625,100.0,-26.0,23.70703499997262,auto,,,,,,0,
1768446865894,Sunny,Day,0.05960286458333333,100.0,-24.0,19.29292200000532,auto,,,,,,0,
1768446865924,Sunny,Day,0.06041666666666667,100.0,-23.0,18.508937999996533,auto,,,,,,0,
1768446865957,Sunny,Day,0.06344401041666667,100.0,-26.0,24.007844000010437,auto,,,,,,0,
1768446865988,Sunny,Day,0.06429036458333333,100.0,-24.0,24.69379300001151,auto,,,,,,0,
1768446866019,Sunny,Day,0.065234375,100.0,-26.0,16.968155000000706,auto,,,,,,0,
1768446866049,Sunny,Day,0.06608072916666667,100.0,-25.0,20.853350000010096,auto,,,,,,0,
1768446866082,Sunny,Day,0.06510416666666667,100.0,-24.0,23.536788000001252,auto,,,,,,0,
1768446866113,Sunny,Day,0.06487630208333334,100.0,-24.0,20.820535000012796,auto,,,,,,0,
1768446866144,Sunny,Day,0.06647135416666666,100.0,-25.0,20.021523999986357,auto,,,,,,0,
1768446866176,Sunny,Day,0.06549479166666666,100.0,-24.0,19.581324000000677,auto,,,,,,0,
1768446866207,Sunny,Day,0.06578776041666666,100.0,-24.0,20.628203000001122,auto,,,,,,0,
1768446866238,Sunny,Day,0.06715494791666667,100.0,-23.0,17.980763999986493,auto,,,,,,0,
1768446866270,Sunny,Day,0.06728515625,100.0,-22.0,22.83794299998476,auto,,,,,,0,
1768446866301,Sunny,Day,0.06735026041666667,100.0,-24.0,18.96084800000608,auto,,,,,,0,
1768446866335,Sunny,Day,0.06800130208333334,100.0,-33.0,20.330725000007988,auto,,,,,,0,
1768446866364,Sunny,Day,0.0666015625,100.0,-23.0,18.20928099999719,auto,,,,,,0,
1768446866395,Sunny,Day,0.06761067708333333,100.0,-33.0,19.11745699999301,auto,,,,,,0,
1768446866427,Sunny,Day,0.06845703125,100.0,-33.0,20.395204999999805,auto,,,,,,0,
1768446866459,Sunny,Day,0.06787109375,100.0,-32.0,22.776536000009173,auto,,,,,,0,
1768446866491,Sunny,Day,0.0673828125,100.0,-32.0,21.41497400000958,auto,,,,,,0,
1768446866523,Sunny,Day,0.06689453125,100.0,-32.0,21.431159000002253,auto,,,,,,0,
1768446866552,Sunny,Day,0.06637369791666667,100.0,-32.0,18.288686999994752,auto,,,,,,0,
1768446866585,Sunny,Day,0.06634114583333334,100.0,-31.0,23.41280800001755,auto,,,,,,0,
1768446866615,Sunny,Day,0.06712239583333333,100.0,-31.0,20.07193100001814,auto,,,,,,0,
1768446866646,Sunny,Day,0.059244791666666664,100.0,-29.0,21.850618000001987,auto,,,,,,0,
1768446866679,Sunny,Day,0.059309895833333334,100.0,-28.0,22.389003000000685,auto,,,,,,0,
1768446866709,Sunny,Day,0.05699869791666667,100.0,-27.0,20.76457200001869,auto,,,,,,0,
1768446866740,Sunny,Day,0.05947265625,100.0,-25.0,20.17376300000251,auto,,,,,,0,
1768446866772,Sunny,Day,0.06471354166666667,100.0,-24.0,21.97408000000678,auto,,,,,,0,
1768446866803,Sunny,Day,0.06376953125,100.0,-22.0,19.785266999974738,auto,,,,,,0,
1768446866836,Sunny,Day,0.06243489583333333,100.0,-21.0,23.52077000000463,auto,,,,,,0,
1768446866866,Sunny,Day,0.061783854166666666,100.0,-20.0,20.49514899999849,auto,,,,,,0,
1768446866898,Sunny,Day,0.06201171875,100.0,-19.0,21.146383999990803,auto,,,,,,0,
1768446866930,Sunny,Day,0.06412760416666667,100.0,-19.0,19.121662000003425,auto,,,,,,0,
1768446866961,Sunny,Day,0.06416015625,100.0,-18.0,19.995486999988543,auto,,,,,,0,
1768446866993,Sunny,Day,0.06471354166666667,100.0,-19.0,22.304299000012406,auto,,,,,,0,
1768446867024,Sunny,Day,0.06298828125,100.0,-18.0,21.414327999991656,auto,,,,,,0,
1768446867054,Sunny,Day,0.06311848958333334,100.0,-17.0,20.236764000003404,auto,,,,,,0,
1768446867087,Sunny,Day,0.06507161458333334,100.0,-17.0,22.97784399999614,auto,,,,,,0,
1768446867121,Sunny,Day,0.06419270833333333,100.0,-17.0,23.284491999987722,auto,,,,,,0,
1768446867150,Sunny,Day,0.06344401041666667,100.0,-17.0,19.731613999994124,auto,,,,,,0,
1768446867180,Sunny,Day,0.06363932291666667,100.0,-17.0,19.25781700001039,auto,,,,,,0,
1768446867211,Sunny,Day,0.06331380208333333,100.0,-17.0,22.439953000002788,auto,,,,,,0,
1768446867244,Sunny,Day,0.06438802083333334,100.0,-17.0,22.771769000001996,auto,,,,,,0,
1768446867275,Sunny,Day,0.0625,100.0,-17.0,21.080635999993547,auto,,,,,,0,
1768446867306,Sunny,Day,0.06328125,100.0,-17.0,21.02894999998739,auto,,,,,,0,
1768446867338,Sunny,Day,0.06279296875,100.0,-17.0,18.79559400001085,auto,,,,,,0,
1768446867368,Sunny,Day,0.06298828125,100.0,-17.0,17.309127999993734,auto,,,,,,0,
1768446867401,Sunny,Day,0.0630859375,100.0,-18.0,22.450620000000754,auto,,,,,,0,
1768446867431,Sunny,Day,0.06311848958333334,100.0,-17.0,20.14098600000125,auto,,,,,,0,
1768446867463,Sunny,Day,0.06393229166666667,100.0,-18.0,20.730283999995436,auto,,,,,,0,
1768446867494,Sunny,Day,0.06416015625,100.0,-18.0,21.187451000002966,auto,,,,,,0,
1768446867526,Sunny,Day,0.06376953125,100.0,-18.0,20.105707999988454,auto,,,,,,0,
1768446867558,Sunny,Day,0.06350911458333333,100.0,-18.0,22.26595300001577,auto,,,,,,0,
1768446867589,Sunny,Day,0.06461588541666667,100.0,-18.0,20.595764999995936,auto,,,,,,0,
1768446867620,Sunny,Day,0.06468098958333333,100.0,-18.0,18.358038000002352,auto,,,,,,0,
1768446867651,Sunny,Day,0.06461588541666667,100.0,-18.0,21.84569299998884,auto,,,,,,0,
1768446867683,Sunny,Day,0.06373697916666667,100.0,-18.0,21.367303999994647,auto,,,,,,0,
1768446867715,Sunny,Day,0.06529947916666666,100.0,-18.0,22.31963799999903,auto,,,,,,0,
1768446867746,Sunny,Day,0.06526692708333333,100.0,-18.0,19.81252199999517,auto,,,,,,0,
1768446867777,Sunny,Day,0.06409505208333334,100.0,-18.0,20.506023999985246,auto,,,,,,0,
1768446867808,Sunny,Day,0.06481119791666666,100.0,-18.0,21.49469299999396,auto,,,,,,0,
1768446867839,Sunny,Day,0.06484375,100.0,-18.0,20.144041000008883,auto,,,,,,0,
1768446867870,Sunny,Day,0.06360677083333334,100.0,-17.0,26.90961100000777,manual,,,,,,0,
1768446867902,Sunny,Day,0.06416015625,100.0,-18.0,20.385024000006524,manual,,,,,,0,
1768446867934,Sunny,Day,0.06474609375,100.0,-18.0,24.77914299998929,manual,,,,,,0,
1768446867965,Sunny,Day,0.06474609375,100.0,-18.0,18.262851999992336,manual,,,,,,0,
1768446867996,Sunny,Day,0.065234375,100.0,-18.0,23.52621500000396,manual,,,,,,0,
1768446868027,Sunny,Day,0.06468098958333333,100.0,-18.0,23.471962000002122,manual,,,,,,0,
